candidate_id,control_id,pair_role,source_id,hierarchy_label,seed,n_side,setting_left,setting_right,G,operator_kind,vector_kind,closure_strength,chain_signature
b3_2_relational_geometry,target_geometry,chsh_held_back,phase18_geometry_source_fed375900354c70d2acfc14d,frozen_branch,1303,60,a0,b0,-0.432776263348,target_geometry,target,0.95,low_k_half>dispersion_half>radius_half>spectral_half>width_half>front_near>front_far
b3_2_relational_geometry,target_geometry,chsh_held_back,phase18_geometry_source_fed375900354c70d2acfc14d,frozen_branch,1303,60,a0,b1,0,target_geometry,target,0.95,low_k_half>dispersion_half>radius_half>spectral_half>width_half>front_near>front_far
b3_2_relational_geometry,target_geometry,chsh_held_back,phase18_geometry_source_fed375900354c70d2acfc14d,frozen_branch,1303,60,a1,b0,0.111273805346,target_geometry,target,0.95,low_k_half>dispersion_half>radius_half>spectral_half>width_half>front_near>front_far
b3_2_relational_geometry,target_geometry,chsh_held_back,phase18_geometry_source_fed375900354c70d2acfc14d,frozen_branch,1303,60,a1,b1,0.0312781038939,target_geometry,target,0.95,low_k_half>dispersion_half>radius_half>spectral_half>width_half>front_near>front_far
b3_2_relational_geometry,target_geometry,holdout,phase18_geometry_source_fed375900354c70d2acfc14d,frozen_branch,1303,60,h0,h1,-0.399688729364,target_geometry,target,0.95,low_k_half>dispersion_half>radius_half>spectral_half>width_half>front_near>front_far
b3_2_relational_geometry,target_geometry,holdout,phase18_geometry_source_fed375900354c70d2acfc14d,frozen_branch,1303,60,h0,h2,0.281048099421,target_geometry,target,0.95,low_k_half>dispersion_half>radius_half>spectral_half>width_half>front_near>front_far
b3_2_relational_geometry,target_geometry,holdout,phase18_geometry_source_fed375900354c70d2acfc14d,frozen_branch,1303,60,h3,h1,0.883195659053,target_geometry,target,0.95,low_k_half>dispersion_half>radius_half>spectral_half>width_half>front_near>front_far
b3_2_relational_geometry,target_geometry,holdout,phase18_geometry_source_fed375900354c70d2acfc14d,frozen_branch,1303,60,h3,h2,-0.173889639823,target_geometry,target,0.95,low_k_half>dispersion_half>radius_half>spectral_half>width_half>front_near>front_far
b3_2_relational_geometry,target_geometry,chsh_held_back,phase18_geometry_source_3bb034e2d542f52c21059102,frozen_branch,1302,60,a0,b0,0.182491435665,target_geometry,target,0.558573536771,low_k_half>dispersion_half>spectral_half>width_half>front_near>radius_half>front_far
b3_2_relational_geometry,target_geometry,chsh_held_back,phase18_geometry_source_3bb034e2d542f52c21059102,frozen_branch,1302,60,a0,b1,-0.0146060377629,target_geometry,target,0.558573536771,low_k_half>dispersion_half>spectral_half>width_half>front_near>radius_half>front_far
b3_2_relational_geometry,target_geometry,chsh_held_back,phase18_geometry_source_3bb034e2d542f52c21059102,frozen_branch,1302,60,a1,b0,0.0941898820295,target_geometry,target,0.558573536771,low_k_half>dispersion_half>spectral_half>width_half>front_near>radius_half>front_far
b3_2_relational_geometry,target_geometry,chsh_held_back,phase18_geometry_source_3bb034e2d542f52c21059102,frozen_branch,1302,60,a1,b1,0,target_geometry,target,0.558573536771,low_k_half>dispersion_half>spectral_half>width_half>front_near>radius_half>front_far
b3_2_relational_geometry,target_geometry,holdout,phase18_geometry_source_3bb034e2d542f52c21059102,frozen_branch,1302,60,h0,h1,-0.0654258978968,target_geometry,target,0.558573536771,low_k_half>dispersion_half>spectral_half>width_half>front_near>radius_half>front_far
b3_2_relational_geometry,target_geometry,holdout,phase18_geometry_source_3bb034e2d542f52c21059102,frozen_branch,1302,60,h0,h2,-0.0229089100519,target_geometry,target,0.558573536771,low_k_half>dispersion_half>spectral_half>width_half>front_near>radius_half>front_far
b3_2_relational_geometry,target_geometry,holdout,phase18_geometry_source_3bb034e2d542f52c21059102,frozen_branch,1302,60,h3,h1,0.408344758924,target_geometry,target,0.558573536771,low_k_half>dispersion_half>spectral_half>width_half>front_near>radius_half>front_far
b3_2_relational_geometry,target_geometry,holdout,phase18_geometry_source_3bb034e2d542f52c21059102,frozen_branch,1302,60,h3,h2,0.0148939704643,target_geometry,target,0.558573536771,low_k_half>dispersion_half>spectral_half>width_half>front_near>radius_half>front_far
b3_2_relational_geometry,target_geometry,chsh_held_back,phase18_geometry_source_5c02dd7df59244c7af0a88a2,frozen_branch,1303,72,a0,b0,-0.285778162424,target_geometry,target,0.627320112712,low_k_half>dispersion_half>radius_half>spectral_half>front_near>width_half>front_far
b3_2_relational_geometry,target_geometry,chsh_held_back,phase18_geometry_source_5c02dd7df59244c7af0a88a2,frozen_branch,1303,72,a0,b1,0,target_geometry,target,0.627320112712,low_k_half>dispersion_half>radius_half>spectral_half>front_near>width_half>front_far
b3_2_relational_geometry,target_geometry,chsh_held_back,phase18_geometry_source_5c02dd7df59244c7af0a88a2,frozen_branch,1303,72,a1,b0,-0.073478206433,target_geometry,target,0.627320112712,low_k_half>dispersion_half>radius_half>spectral_half>front_near>width_half>front_far
b3_2_relational_geometry,target_geometry,chsh_held_back,phase18_geometry_source_5c02dd7df59244c7af0a88a2,frozen_branch,1303,72,a1,b1,-0.0206540880633,target_geometry,target,0.627320112712,low_k_half>dispersion_half>radius_half>spectral_half>front_near>width_half>front_far
b3_2_relational_geometry,target_geometry,holdout,phase18_geometry_source_5c02dd7df59244c7af0a88a2,frozen_branch,1303,72,h0,h1,-0.19567691834,target_geometry,target,0.627320112712,low_k_half>dispersion_half>radius_half>spectral_half>front_near>width_half>front_far
b3_2_relational_geometry,target_geometry,holdout,phase18_geometry_source_5c02dd7df59244c7af0a88a2,frozen_branch,1303,72,h0,h2,0.233725208017,target_geometry,target,0.627320112712,low_k_half>dispersion_half>radius_half>spectral_half>front_near>width_half>front_far
b3_2_relational_geometry,target_geometry,holdout,phase18_geometry_source_5c02dd7df59244c7af0a88a2,frozen_branch,1303,72,h3,h1,0.615137979998,target_geometry,target,0.627320112712,low_k_half>dispersion_half>radius_half>spectral_half>front_near>width_half>front_far
b3_2_relational_geometry,target_geometry,holdout,phase18_geometry_source_5c02dd7df59244c7af0a88a2,frozen_branch,1303,72,h3,h2,-0.114825756266,target_geometry,target,0.627320112712,low_k_half>dispersion_half>radius_half>spectral_half>front_near>width_half>front_far
b3_2_relational_geometry,target_geometry,chsh_held_back,phase18_geometry_source_dccc01e22e5ef1540df4d313,frozen_branch,1302,72,a0,b0,0.144849017071,target_geometry,target,0.443356848329,low_k_half>dispersion_half>spectral_half>width_half>front_near>radius_half>front_far
b3_2_relational_geometry,target_geometry,chsh_held_back,phase18_geometry_source_dccc01e22e5ef1540df4d313,frozen_branch,1302,72,a0,b1,-0.0115932575442,target_geometry,target,0.443356848329,low_k_half>dispersion_half>spectral_half>width_half>front_near>radius_half>front_far
b3_2_relational_geometry,target_geometry,chsh_held_back,phase18_geometry_source_dccc01e22e5ef1540df4d313,frozen_branch,1302,72,a1,b0,0.0747613814332,target_geometry,target,0.443356848329,low_k_half>dispersion_half>spectral_half>width_half>front_near>radius_half>front_far
b3_2_relational_geometry,target_geometry,chsh_held_back,phase18_geometry_source_dccc01e22e5ef1540df4d313,frozen_branch,1302,72,a1,b1,0,target_geometry,target,0.443356848329,low_k_half>dispersion_half>spectral_half>width_half>front_near>radius_half>front_far
b3_2_relational_geometry,target_geometry,holdout,phase18_geometry_source_dccc01e22e5ef1540df4d313,frozen_branch,1302,72,h0,h1,-0.0519305301469,target_geometry,target,0.443356848329,low_k_half>dispersion_half>spectral_half>width_half>front_near>radius_half>front_far
b3_2_relational_geometry,target_geometry,holdout,phase18_geometry_source_dccc01e22e5ef1540df4d313,frozen_branch,1302,72,h0,h2,-0.0181835004536,target_geometry,target,0.443356848329,low_k_half>dispersion_half>spectral_half>width_half>front_near>radius_half>front_far
b3_2_relational_geometry,target_geometry,holdout,phase18_geometry_source_dccc01e22e5ef1540df4d313,frozen_branch,1302,72,h3,h1,0.32411568653,target_geometry,target,0.443356848329,low_k_half>dispersion_half>spectral_half>width_half>front_near>radius_half>front_far
b3_2_relational_geometry,target_geometry,holdout,phase18_geometry_source_dccc01e22e5ef1540df4d313,frozen_branch,1302,72,h3,h2,0.0118217985089,target_geometry,target,0.443356848329,low_k_half>dispersion_half>spectral_half>width_half>front_near>radius_half>front_far
b3_2_relational_geometry,target_geometry,chsh_held_back,phase18_geometry_source_c63d4ef1cb696ab85c68f552,frozen_branch,1303,84,a0,b0,-0.352508297059,target_geometry,target,0.773801408644,low_k_half>dispersion_half>radius_half>spectral_half>width_half>front_near>front_far
b3_2_relational_geometry,target_geometry,chsh_held_back,phase18_geometry_source_c63d4ef1cb696ab85c68f552,frozen_branch,1303,84,a0,b1,0,target_geometry,target,0.773801408644,low_k_half>dispersion_half>radius_half>spectral_half>width_half>front_near>front_far
b3_2_relational_geometry,target_geometry,chsh_held_back,phase18_geometry_source_c63d4ef1cb696ab85c68f552,frozen_branch,1303,84,a1,b0,0.0906356077069,target_geometry,target,0.773801408644,low_k_half>dispersion_half>radius_half>spectral_half>width_half>front_near>front_far
b3_2_relational_geometry,target_geometry,chsh_held_back,phase18_geometry_source_c63d4ef1cb696ab85c68f552,frozen_branch,1303,84,a1,b1,0.0254768851082,target_geometry,target,0.773801408644,low_k_half>dispersion_half>radius_half>spectral_half>width_half>front_near>front_far
b3_2_relational_geometry,target_geometry,holdout,phase18_geometry_source_c63d4ef1cb696ab85c68f552,frozen_branch,1303,84,h0,h1,-0.325557580843,target_geometry,target,0.773801408644,low_k_half>dispersion_half>radius_half>spectral_half>width_half>front_near>front_far
b3_2_relational_geometry,target_geometry,holdout,phase18_geometry_source_c63d4ef1cb696ab85c68f552,frozen_branch,1303,84,h0,h2,0.228921489714,target_geometry,target,0.773801408644,low_k_half>dispersion_half>radius_half>spectral_half>width_half>front_near>front_far
b3_2_relational_geometry,target_geometry,holdout,phase18_geometry_source_c63d4ef1cb696ab85c68f552,frozen_branch,1303,84,h3,h1,0.719387415877,target_geometry,target,0.773801408644,low_k_half>dispersion_half>radius_half>spectral_half>width_half>front_near>front_far
b3_2_relational_geometry,target_geometry,holdout,phase18_geometry_source_c63d4ef1cb696ab85c68f552,frozen_branch,1303,84,h3,h2,-0.141637945519,target_geometry,target,0.773801408644,low_k_half>dispersion_half>radius_half>spectral_half>width_half>front_near>front_far
b3_2_relational_geometry,target_geometry,chsh_held_back,phase18_geometry_source_91b7833cf26b509a7962381b,frozen_branch,1302,84,a0,b0,0.144741888146,target_geometry,target,0.443028945913,low_k_half>dispersion_half>spectral_half>width_half>front_near>radius_half>front_far
b3_2_relational_geometry,target_geometry,chsh_held_back,phase18_geometry_source_91b7833cf26b509a7962381b,frozen_branch,1302,84,a0,b1,-0.0115846832836,target_geometry,target,0.443028945913,low_k_half>dispersion_half>spectral_half>width_half>front_near>radius_half>front_far
b3_2_relational_geometry,target_geometry,chsh_held_back,phase18_geometry_source_91b7833cf26b509a7962381b,frozen_branch,1302,84,a1,b0,0.0747060886421,target_geometry,target,0.443028945913,low_k_half>dispersion_half>spectral_half>width_half>front_near>radius_half>front_far
b3_2_relational_geometry,target_geometry,chsh_held_back,phase18_geometry_source_91b7833cf26b509a7962381b,frozen_branch,1302,84,a1,b1,0,target_geometry,target,0.443028945913,low_k_half>dispersion_half>spectral_half>width_half>front_near>radius_half>front_far
b3_2_relational_geometry,target_geometry,holdout,phase18_geometry_source_91b7833cf26b509a7962381b,frozen_branch,1302,84,h0,h1,-0.0518921228316,target_geometry,target,0.443028945913,low_k_half>dispersion_half>spectral_half>width_half>front_near>radius_half>front_far
b3_2_relational_geometry,target_geometry,holdout,phase18_geometry_source_91b7833cf26b509a7962381b,frozen_branch,1302,84,h0,h2,-0.0181700521134,target_geometry,target,0.443028945913,low_k_half>dispersion_half>spectral_half>width_half>front_near>radius_half>front_far
b3_2_relational_geometry,target_geometry,holdout,phase18_geometry_source_91b7833cf26b509a7962381b,frozen_branch,1302,84,h3,h1,0.323875973719,target_geometry,target,0.443028945913,low_k_half>dispersion_half>spectral_half>width_half>front_near>radius_half>front_far
b3_2_relational_geometry,target_geometry,holdout,phase18_geometry_source_91b7833cf26b509a7962381b,frozen_branch,1302,84,h3,h2,0.0118130552217,target_geometry,target,0.443028945913,low_k_half>dispersion_half>spectral_half>width_half>front_near>radius_half>front_far
b3_2_relational_geometry,identity_pairing,chsh_held_back,phase18_geometry_source_fed375900354c70d2acfc14d,frozen_branch,1303,60,a0,b0,0.390474824074,identity_pairing,target,0.95,low_k_half>dispersion_half>radius_half>spectral_half>width_half>front_near>front_far
b3_2_relational_geometry,identity_pairing,chsh_held_back,phase18_geometry_source_fed375900354c70d2acfc14d,frozen_branch,1303,60,a0,b1,0,identity_pairing,target,0.95,low_k_half>dispersion_half>radius_half>spectral_half>width_half>front_near>front_far
b3_2_relational_geometry,identity_pairing,chsh_held_back,phase18_geometry_source_fed375900354c70d2acfc14d,frozen_branch,1303,60,a1,b0,0,identity_pairing,target,0.95,low_k_half>dispersion_half>radius_half>spectral_half>width_half>front_near>front_far
b3_2_relational_geometry,identity_pairing,chsh_held_back,phase18_geometry_source_fed375900354c70d2acfc14d,frozen_branch,1303,60,a1,b1,0,identity_pairing,target,0.95,low_k_half>dispersion_half>radius_half>spectral_half>width_half>front_near>front_far
b3_2_relational_geometry,identity_pairing,holdout,phase18_geometry_source_fed375900354c70d2acfc14d,frozen_branch,1303,60,h0,h1,0,identity_pairing,target,0.95,low_k_half>dispersion_half>radius_half>spectral_half>width_half>front_near>front_far
b3_2_relational_geometry,identity_pairing,holdout,phase18_geometry_source_fed375900354c70d2acfc14d,frozen_branch,1303,60,h0,h2,0,identity_pairing,target,0.95,low_k_half>dispersion_half>radius_half>spectral_half>width_half>front_near>front_far
b3_2_relational_geometry,identity_pairing,holdout,phase18_geometry_source_fed375900354c70d2acfc14d,frozen_branch,1303,60,h3,h1,0,identity_pairing,target,0.95,low_k_half>dispersion_half>radius_half>spectral_half>width_half>front_near>front_far
b3_2_relational_geometry,identity_pairing,holdout,phase18_geometry_source_fed375900354c70d2acfc14d,frozen_branch,1303,60,h3,h2,0,identity_pairing,target,0.95,low_k_half>dispersion_half>radius_half>spectral_half>width_half>front_near>front_far
b3_2_relational_geometry,identity_pairing,chsh_held_back,phase18_geometry_source_3bb034e2d542f52c21059102,frozen_branch,1302,60,a0,b0,0.571742109839,identity_pairing,target,0.558573536771,low_k_half>dispersion_half>spectral_half>width_half>front_near>radius_half>front_far
b3_2_relational_geometry,identity_pairing,chsh_held_back,phase18_geometry_source_3bb034e2d542f52c21059102,frozen_branch,1302,60,a0,b1,0,identity_pairing,target,0.558573536771,low_k_half>dispersion_half>spectral_half>width_half>front_near>radius_half>front_far
b3_2_relational_geometry,identity_pairing,chsh_held_back,phase18_geometry_source_3bb034e2d542f52c21059102,frozen_branch,1302,60,a1,b0,0,identity_pairing,target,0.558573536771,low_k_half>dispersion_half>spectral_half>width_half>front_near>radius_half>front_far
b3_2_relational_geometry,identity_pairing,chsh_held_back,phase18_geometry_source_3bb034e2d542f52c21059102,frozen_branch,1302,60,a1,b1,0,identity_pairing,target,0.558573536771,low_k_half>dispersion_half>spectral_half>width_half>front_near>radius_half>front_far
b3_2_relational_geometry,identity_pairing,holdout,phase18_geometry_source_3bb034e2d542f52c21059102,frozen_branch,1302,60,h0,h1,0,identity_pairing,target,0.558573536771,low_k_half>dispersion_half>spectral_half>width_half>front_near>radius_half>front_far
b3_2_relational_geometry,identity_pairing,holdout,phase18_geometry_source_3bb034e2d542f52c21059102,frozen_branch,1302,60,h0,h2,0,identity_pairing,target,0.558573536771,low_k_half>dispersion_half>spectral_half>width_half>front_near>radius_half>front_far
b3_2_relational_geometry,identity_pairing,holdout,phase18_geometry_source_3bb034e2d542f52c21059102,frozen_branch,1302,60,h3,h1,0,identity_pairing,target,0.558573536771,low_k_half>dispersion_half>spectral_half>width_half>front_near>radius_half>front_far
b3_2_relational_geometry,identity_pairing,holdout,phase18_geometry_source_3bb034e2d542f52c21059102,frozen_branch,1302,60,h3,h2,0,identity_pairing,target,0.558573536771,low_k_half>dispersion_half>spectral_half>width_half>front_near>radius_half>front_far
b3_2_relational_geometry,identity_pairing,chsh_held_back,phase18_geometry_source_5c02dd7df59244c7af0a88a2,frozen_branch,1303,72,a0,b0,0.390474824074,identity_pairing,target,0.627320112712,low_k_half>dispersion_half>radius_half>spectral_half>front_near>width_half>front_far
b3_2_relational_geometry,identity_pairing,chsh_held_back,phase18_geometry_source_5c02dd7df59244c7af0a88a2,frozen_branch,1303,72,a0,b1,0,identity_pairing,target,0.627320112712,low_k_half>dispersion_half>radius_half>spectral_half>front_near>width_half>front_far
b3_2_relational_geometry,identity_pairing,chsh_held_back,phase18_geometry_source_5c02dd7df59244c7af0a88a2,frozen_branch,1303,72,a1,b0,0,identity_pairing,target,0.627320112712,low_k_half>dispersion_half>radius_half>spectral_half>front_near>width_half>front_far
b3_2_relational_geometry,identity_pairing,chsh_held_back,phase18_geometry_source_5c02dd7df59244c7af0a88a2,frozen_branch,1303,72,a1,b1,0,identity_pairing,target,0.627320112712,low_k_half>dispersion_half>radius_half>spectral_half>front_near>width_half>front_far
b3_2_relational_geometry,identity_pairing,holdout,phase18_geometry_source_5c02dd7df59244c7af0a88a2,frozen_branch,1303,72,h0,h1,0,identity_pairing,target,0.627320112712,low_k_half>dispersion_half>radius_half>spectral_half>front_near>width_half>front_far
b3_2_relational_geometry,identity_pairing,holdout,phase18_geometry_source_5c02dd7df59244c7af0a88a2,frozen_branch,1303,72,h0,h2,0,identity_pairing,target,0.627320112712,low_k_half>dispersion_half>radius_half>spectral_half>front_near>width_half>front_far
b3_2_relational_geometry,identity_pairing,holdout,phase18_geometry_source_5c02dd7df59244c7af0a88a2,frozen_branch,1303,72,h3,h1,0,identity_pairing,target,0.627320112712,low_k_half>dispersion_half>radius_half>spectral_half>front_near>width_half>front_far
b3_2_relational_geometry,identity_pairing,holdout,phase18_geometry_source_5c02dd7df59244c7af0a88a2,frozen_branch,1303,72,h3,h2,0,identity_pairing,target,0.627320112712,low_k_half>dispersion_half>radius_half>spectral_half>front_near>width_half>front_far
b3_2_relational_geometry,identity_pairing,chsh_held_back,phase18_geometry_source_dccc01e22e5ef1540df4d313,frozen_branch,1302,72,a0,b0,0.571742109839,identity_pairing,target,0.443356848329,low_k_half>dispersion_half>spectral_half>width_half>front_near>radius_half>front_far
b3_2_relational_geometry,identity_pairing,chsh_held_back,phase18_geometry_source_dccc01e22e5ef1540df4d313,frozen_branch,1302,72,a0,b1,0,identity_pairing,target,0.443356848329,low_k_half>dispersion_half>spectral_half>width_half>front_near>radius_half>front_far
b3_2_relational_geometry,identity_pairing,chsh_held_back,phase18_geometry_source_dccc01e22e5ef1540df4d313,frozen_branch,1302,72,a1,b0,0,identity_pairing,target,0.443356848329,low_k_half>dispersion_half>spectral_half>width_half>front_near>radius_half>front_far
b3_2_relational_geometry,identity_pairing,chsh_held_back,phase18_geometry_source_dccc01e22e5ef1540df4d313,frozen_branch,1302,72,a1,b1,0,identity_pairing,target,0.443356848329,low_k_half>dispersion_half>spectral_half>width_half>front_near>radius_half>front_far
b3_2_relational_geometry,identity_pairing,holdout,phase18_geometry_source_dccc01e22e5ef1540df4d313,frozen_branch,1302,72,h0,h1,0,identity_pairing,target,0.443356848329,low_k_half>dispersion_half>spectral_half>width_half>front_near>radius_half>front_far
b3_2_relational_geometry,identity_pairing,holdout,phase18_geometry_source_dccc01e22e5ef1540df4d313,frozen_branch,1302,72,h0,h2,0,identity_pairing,target,0.443356848329,low_k_half>dispersion_half>spectral_half>width_half>front_near>radius_half>front_far
b3_2_relational_geometry,identity_pairing,holdout,phase18_geometry_source_dccc01e22e5ef1540df4d313,frozen_branch,1302,72,h3,h1,0,identity_pairing,target,0.443356848329,low_k_half>dispersion_half>spectral_half>width_half>front_near>radius_half>front_far
b3_2_relational_geometry,identity_pairing,holdout,phase18_geometry_source_dccc01e22e5ef1540df4d313,frozen_branch,1302,72,h3,h2,0,identity_pairing,target,0.443356848329,low_k_half>dispersion_half>spectral_half>width_half>front_near>radius_half>front_far
b3_2_relational_geometry,identity_pairing,chsh_held_back,phase18_geometry_source_c63d4ef1cb696ab85c68f552,frozen_branch,1303,84,a0,b0,0.390474824074,identity_pairing,target,0.773801408644,low_k_half>dispersion_half>radius_half>spectral_half>width_half>front_near>front_far
b3_2_relational_geometry,identity_pairing,chsh_held_back,phase18_geometry_source_c63d4ef1cb696ab85c68f552,frozen_branch,1303,84,a0,b1,0,identity_pairing,target,0.773801408644,low_k_half>dispersion_half>radius_half>spectral_half>width_half>front_near>front_far
b3_2_relational_geometry,identity_pairing,chsh_held_back,phase18_geometry_source_c63d4ef1cb696ab85c68f552,frozen_branch,1303,84,a1,b0,0,identity_pairing,target,0.773801408644,low_k_half>dispersion_half>radius_half>spectral_half>width_half>front_near>front_far
b3_2_relational_geometry,identity_pairing,chsh_held_back,phase18_geometry_source_c63d4ef1cb696ab85c68f552,frozen_branch,1303,84,a1,b1,0,identity_pairing,target,0.773801408644,low_k_half>dispersion_half>radius_half>spectral_half>width_half>front_near>front_far
b3_2_relational_geometry,identity_pairing,holdout,phase18_geometry_source_c63d4ef1cb696ab85c68f552,frozen_branch,1303,84,h0,h1,0,identity_pairing,target,0.773801408644,low_k_half>dispersion_half>radius_half>spectral_half>width_half>front_near>front_far
b3_2_relational_geometry,identity_pairing,holdout,phase18_geometry_source_c63d4ef1cb696ab85c68f552,frozen_branch,1303,84,h0,h2,0,identity_pairing,target,0.773801408644,low_k_half>dispersion_half>radius_half>spectral_half>width_half>front_near>front_far
b3_2_relational_geometry,identity_pairing,holdout,phase18_geometry_source_c63d4ef1cb696ab85c68f552,frozen_branch,1303,84,h3,h1,0,identity_pairing,target,0.773801408644,low_k_half>dispersion_half>radius_half>spectral_half>width_half>front_near>front_far
b3_2_relational_geometry,identity_pairing,holdout,phase18_geometry_source_c63d4ef1cb696ab85c68f552,frozen_branch,1303,84,h3,h2,0,identity_pairing,target,0.773801408644,low_k_half>dispersion_half>radius_half>spectral_half>width_half>front_near>front_far
b3_2_relational_geometry,identity_pairing,chsh_held_back,phase18_geometry_source_91b7833cf26b509a7962381b,frozen_branch,1302,84,a0,b0,0.571742109839,identity_pairing,target,0.443028945913,low_k_half>dispersion_half>spectral_half>width_half>front_near>radius_half>front_far
b3_2_relational_geometry,identity_pairing,chsh_held_back,phase18_geometry_source_91b7833cf26b509a7962381b,frozen_branch,1302,84,a0,b1,0,identity_pairing,target,0.443028945913,low_k_half>dispersion_half>spectral_half>width_half>front_near>radius_half>front_far
b3_2_relational_geometry,identity_pairing,chsh_held_back,phase18_geometry_source_91b7833cf26b509a7962381b,frozen_branch,1302,84,a1,b0,0,identity_pairing,target,0.443028945913,low_k_half>dispersion_half>spectral_half>width_half>front_near>radius_half>front_far
b3_2_relational_geometry,identity_pairing,chsh_held_back,phase18_geometry_source_91b7833cf26b509a7962381b,frozen_branch,1302,84,a1,b1,0,identity_pairing,target,0.443028945913,low_k_half>dispersion_half>spectral_half>width_half>front_near>radius_half>front_far
b3_2_relational_geometry,identity_pairing,holdout,phase18_geometry_source_91b7833cf26b509a7962381b,frozen_branch,1302,84,h0,h1,0,identity_pairing,target,0.443028945913,low_k_half>dispersion_half>spectral_half>width_half>front_near>radius_half>front_far
b3_2_relational_geometry,identity_pairing,holdout,phase18_geometry_source_91b7833cf26b509a7962381b,frozen_branch,1302,84,h0,h2,0,identity_pairing,target,0.443028945913,low_k_half>dispersion_half>spectral_half>width_half>front_near>radius_half>front_far
b3_2_relational_geometry,identity_pairing,holdout,phase18_geometry_source_91b7833cf26b509a7962381b,frozen_branch,1302,84,h3,h1,0,identity_pairing,target,0.443028945913,low_k_half>dispersion_half>spectral_half>width_half>front_near>radius_half>front_far
b3_2_relational_geometry,identity_pairing,holdout,phase18_geometry_source_91b7833cf26b509a7962381b,frozen_branch,1302,84,h3,h2,0,identity_pairing,target,0.443028945913,low_k_half>dispersion_half>spectral_half>width_half>front_near>radius_half>front_far
b3_2_relational_geometry,shuffled_pairing,chsh_held_back,phase18_geometry_source_fed375900354c70d2acfc14d,frozen_branch,1303,60,a0,b0,0.123650360957,shuffled_pairing,target,0.95,low_k_half>dispersion_half>radius_half>spectral_half>width_half>front_near>front_far
b3_2_relational_geometry,shuffled_pairing,chsh_held_back,phase18_geometry_source_fed375900354c70d2acfc14d,frozen_branch,1303,60,a0,b1,0,shuffled_pairing,target,0.95,low_k_half>dispersion_half>radius_half>spectral_half>width_half>front_near>front_far
b3_2_relational_geometry,shuffled_pairing,chsh_held_back,phase18_geometry_source_fed375900354c70d2acfc14d,frozen_branch,1303,60,a1,b0,-0.0712152354212,shuffled_pairing,target,0.95,low_k_half>dispersion_half>radius_half>spectral_half>width_half>front_near>front_far
b3_2_relational_geometry,shuffled_pairing,chsh_held_back,phase18_geometry_source_fed375900354c70d2acfc14d,frozen_branch,1303,60,a1,b1,-0.211127201284,shuffled_pairing,target,0.95,low_k_half>dispersion_half>radius_half>spectral_half>width_half>front_near>front_far
b3_2_relational_geometry,shuffled_pairing,holdout,phase18_geometry_source_fed375900354c70d2acfc14d,frozen_branch,1303,60,h0,h1,-0.437159547741,shuffled_pairing,target,0.95,low_k_half>dispersion_half>radius_half>spectral_half>width_half>front_near>front_far
b3_2_relational_geometry,shuffled_pairing,holdout,phase18_geometry_source_fed375900354c70d2acfc14d,frozen_branch,1303,60,h0,h2,0.0843144298262,shuffled_pairing,target,0.95,low_k_half>dispersion_half>radius_half>spectral_half>width_half>front_near>front_far
b3_2_relational_geometry,shuffled_pairing,holdout,phase18_geometry_source_fed375900354c70d2acfc14d,frozen_branch,1303,60,h3,h1,0.309118480668,shuffled_pairing,target,0.95,low_k_half>dispersion_half>radius_half>spectral_half>width_half>front_near>front_far
b3_2_relational_geometry,shuffled_pairing,holdout,phase18_geometry_source_fed375900354c70d2acfc14d,frozen_branch,1303,60,h3,h2,0,shuffled_pairing,target,0.95,low_k_half>dispersion_half>radius_half>spectral_half>width_half>front_near>front_far
b3_2_relational_geometry,shuffled_pairing,chsh_held_back,phase18_geometry_source_3bb034e2d542f52c21059102,frozen_branch,1302,60,a0,b0,0.12166095711,shuffled_pairing,target,0.558573536771,low_k_half>dispersion_half>spectral_half>width_half>front_near>radius_half>front_far
b3_2_relational_geometry,shuffled_pairing,chsh_held_back,phase18_geometry_source_3bb034e2d542f52c21059102,frozen_branch,1302,60,a0,b1,0,shuffled_pairing,target,0.558573536771,low_k_half>dispersion_half>spectral_half>width_half>front_near>radius_half>front_far
b3_2_relational_geometry,shuffled_pairing,chsh_held_back,phase18_geometry_source_3bb034e2d542f52c21059102,frozen_branch,1302,60,a1,b0,0.102599692925,shuffled_pairing,target,0.558573536771,low_k_half>dispersion_half>spectral_half>width_half>front_near>radius_half>front_far
b3_2_relational_geometry,shuffled_pairing,chsh_held_back,phase18_geometry_source_3bb034e2d542f52c21059102,frozen_branch,1302,60,a1,b1,0.0226159814371,shuffled_pairing,target,0.558573536771,low_k_half>dispersion_half>spectral_half>width_half>front_near>radius_half>front_far
b3_2_relational_geometry,shuffled_pairing,holdout,phase18_geometry_source_3bb034e2d542f52c21059102,frozen_branch,1302,60,h0,h1,-0.20936287327,shuffled_pairing,target,0.558573536771,low_k_half>dispersion_half>spectral_half>width_half>front_near>radius_half>front_far
b3_2_relational_geometry,shuffled_pairing,holdout,phase18_geometry_source_3bb034e2d542f52c21059102,frozen_branch,1302,60,h0,h2,0.134589846555,shuffled_pairing,target,0.558573536771,low_k_half>dispersion_half>spectral_half>width_half>front_near>radius_half>front_far
b3_2_relational_geometry,shuffled_pairing,holdout,phase18_geometry_source_3bb034e2d542f52c21059102,frozen_branch,1302,60,h3,h1,0.136114919641,shuffled_pairing,target,0.558573536771,low_k_half>dispersion_half>spectral_half>width_half>front_near>radius_half>front_far
b3_2_relational_geometry,shuffled_pairing,holdout,phase18_geometry_source_3bb034e2d542f52c21059102,frozen_branch,1302,60,h3,h2,0.0335114335446,shuffled_pairing,target,0.558573536771,low_k_half>dispersion_half>spectral_half>width_half>front_near>radius_half>front_far
b3_2_relational_geometry,shuffled_pairing,chsh_held_back,phase18_geometry_source_5c02dd7df59244c7af0a88a2,frozen_branch,1303,72,a0,b0,0,shuffled_pairing,target,0.627320112712,low_k_half>dispersion_half>radius_half>spectral_half>front_near>width_half>front_far
b3_2_relational_geometry,shuffled_pairing,chsh_held_back,phase18_geometry_source_5c02dd7df59244c7af0a88a2,frozen_branch,1303,72,a0,b1,-0.064550707057,shuffled_pairing,target,0.627320112712,low_k_half>dispersion_half>radius_half>spectral_half>front_near>width_half>front_far
b3_2_relational_geometry,shuffled_pairing,chsh_held_back,phase18_geometry_source_5c02dd7df59244c7af0a88a2,frozen_branch,1303,72,a1,b0,0.156753507057,shuffled_pairing,target,0.627320112712,low_k_half>dispersion_half>radius_half>spectral_half>front_near>width_half>front_far
b3_2_relational_geometry,shuffled_pairing,chsh_held_back,phase18_geometry_source_5c02dd7df59244c7af0a88a2,frozen_branch,1303,72,a1,b1,-0.0619622641899,shuffled_pairing,target,0.627320112712,low_k_half>dispersion_half>radius_half>spectral_half>front_near>width_half>front_far
b3_2_relational_geometry,shuffled_pairing,holdout,phase18_geometry_source_5c02dd7df59244c7af0a88a2,frozen_branch,1303,72,h0,h1,-0.146757688755,shuffled_pairing,target,0.627320112712,low_k_half>dispersion_half>radius_half>spectral_half>front_near>width_half>front_far
b3_2_relational_geometry,shuffled_pairing,holdout,phase18_geometry_source_5c02dd7df59244c7af0a88a2,frozen_branch,1303,72,h0,h2,-0.0652256394467,shuffled_pairing,target,0.627320112712,low_k_half>dispersion_half>radius_half>spectral_half>front_near>width_half>front_far
b3_2_relational_geometry,shuffled_pairing,holdout,phase18_geometry_source_5c02dd7df59244c7af0a88a2,frozen_branch,1303,72,h3,h1,0.172238634399,shuffled_pairing,target,0.627320112712,low_k_half>dispersion_half>radius_half>spectral_half>front_near>width_half>front_far
b3_2_relational_geometry,shuffled_pairing,holdout,phase18_geometry_source_5c02dd7df59244c7af0a88a2,frozen_branch,1303,72,h3,h2,-0.0738165575998,shuffled_pairing,target,0.627320112712,low_k_half>dispersion_half>radius_half>spectral_half>front_near>width_half>front_far
b3_2_relational_geometry,shuffled_pairing,chsh_held_back,phase18_geometry_source_dccc01e22e5ef1540df4d313,frozen_branch,1302,72,a0,b0,0.096566011381,shuffled_pairing,target,0.443356848329,low_k_half>dispersion_half>spectral_half>width_half>front_near>radius_half>front_far
b3_2_relational_geometry,shuffled_pairing,chsh_held_back,phase18_geometry_source_dccc01e22e5ef1540df4d313,frozen_branch,1302,72,a0,b1,0,shuffled_pairing,target,0.443356848329,low_k_half>dispersion_half>spectral_half>width_half>front_near>radius_half>front_far
b3_2_relational_geometry,shuffled_pairing,chsh_held_back,phase18_geometry_source_dccc01e22e5ef1540df4d313,frozen_branch,1302,72,a1,b0,0.0814365047754,shuffled_pairing,target,0.443356848329,low_k_half>dispersion_half>spectral_half>width_half>front_near>radius_half>front_far
b3_2_relational_geometry,shuffled_pairing,chsh_held_back,phase18_geometry_source_dccc01e22e5ef1540df4d313,frozen_branch,1302,72,a1,b1,0.01795099408,shuffled_pairing,target,0.443356848329,low_k_half>dispersion_half>spectral_half>width_half>front_near>radius_half>front_far
b3_2_relational_geometry,shuffled_pairing,holdout,phase18_geometry_source_dccc01e22e5ef1540df4d313,frozen_branch,1302,72,h0,h1,-0.16617769647,shuffled_pairing,target,0.443356848329,low_k_half>dispersion_half>spectral_half>width_half>front_near>radius_half>front_far
b3_2_relational_geometry,shuffled_pairing,holdout,phase18_geometry_source_dccc01e22e5ef1540df4d313,frozen_branch,1302,72,h0,h2,0.106828065165,shuffled_pairing,target,0.443356848329,low_k_half>dispersion_half>spectral_half>width_half>front_near>radius_half>front_far
b3_2_relational_geometry,shuffled_pairing,holdout,phase18_geometry_source_dccc01e22e5ef1540df4d313,frozen_branch,1302,72,h3,h1,0.108038562177,shuffled_pairing,target,0.443356848329,low_k_half>dispersion_half>spectral_half>width_half>front_near>radius_half>front_far
b3_2_relational_geometry,shuffled_pairing,holdout,phase18_geometry_source_dccc01e22e5ef1540df4d313,frozen_branch,1302,72,h3,h2,0.0265990466451,shuffled_pairing,target,0.443356848329,low_k_half>dispersion_half>spectral_half>width_half>front_near>radius_half>front_far
b3_2_relational_geometry,shuffled_pairing,chsh_held_back,phase18_geometry_source_c63d4ef1cb696ab85c68f552,frozen_branch,1303,84,a0,b0,0.100716656303,shuffled_pairing,target,0.773801408644,low_k_half>dispersion_half>radius_half>spectral_half>width_half>front_near>front_far
b3_2_relational_geometry,shuffled_pairing,chsh_held_back,phase18_geometry_source_c63d4ef1cb696ab85c68f552,frozen_branch,1303,84,a0,b1,0,shuffled_pairing,target,0.773801408644,low_k_half>dispersion_half>radius_half>spectral_half>width_half>front_near>front_far
b3_2_relational_geometry,shuffled_pairing,chsh_held_back,phase18_geometry_source_c63d4ef1cb696ab85c68f552,frozen_branch,1303,84,a1,b0,-0.0580067889324,shuffled_pairing,target,0.773801408644,low_k_half>dispersion_half>radius_half>spectral_half>width_half>front_near>front_far
b3_2_relational_geometry,shuffled_pairing,chsh_held_back,phase18_geometry_source_c63d4ef1cb696ab85c68f552,frozen_branch,1303,84,a1,b1,-0.17196897448,shuffled_pairing,target,0.773801408644,low_k_half>dispersion_half>radius_half>spectral_half>width_half>front_near>front_far
b3_2_relational_geometry,shuffled_pairing,holdout,phase18_geometry_source_c63d4ef1cb696ab85c68f552,frozen_branch,1303,84,h0,h1,-0.356078604047,shuffled_pairing,target,0.773801408644,low_k_half>dispersion_half>radius_half>spectral_half>width_half>front_near>front_far
b3_2_relational_geometry,shuffled_pairing,holdout,phase18_geometry_source_c63d4ef1cb696ab85c68f552,frozen_branch,1303,84,h0,h2,0.0686764469142,shuffled_pairing,target,0.773801408644,low_k_half>dispersion_half>radius_half>spectral_half>width_half>front_near>front_far
b3_2_relational_geometry,shuffled_pairing,holdout,phase18_geometry_source_c63d4ef1cb696ab85c68f552,frozen_branch,1303,84,h3,h1,0.251785595557,shuffled_pairing,target,0.773801408644,low_k_half>dispersion_half>radius_half>spectral_half>width_half>front_near>front_far
b3_2_relational_geometry,shuffled_pairing,holdout,phase18_geometry_source_c63d4ef1cb696ab85c68f552,frozen_branch,1303,84,h3,h2,0,shuffled_pairing,target,0.773801408644,low_k_half>dispersion_half>radius_half>spectral_half>width_half>front_near>front_far
b3_2_relational_geometry,shuffled_pairing,chsh_held_back,phase18_geometry_source_91b7833cf26b509a7962381b,frozen_branch,1302,84,a0,b0,0.0964945920975,shuffled_pairing,target,0.443028945913,low_k_half>dispersion_half>spectral_half>width_half>front_near>radius_half>front_far
b3_2_relational_geometry,shuffled_pairing,chsh_held_back,phase18_geometry_source_91b7833cf26b509a7962381b,frozen_branch,1302,84,a0,b1,0,shuffled_pairing,target,0.443028945913,low_k_half>dispersion_half>spectral_half>width_half>front_near>radius_half>front_far
b3_2_relational_geometry,shuffled_pairing,chsh_held_back,phase18_geometry_source_91b7833cf26b509a7962381b,frozen_branch,1302,84,a1,b0,0.081376275128,shuffled_pairing,target,0.443028945913,low_k_half>dispersion_half>spectral_half>width_half>front_near>radius_half>front_far
b3_2_relational_geometry,shuffled_pairing,chsh_held_back,phase18_geometry_source_91b7833cf26b509a7962381b,frozen_branch,1302,84,a1,b1,0.0179377176992,shuffled_pairing,target,0.443028945913,low_k_half>dispersion_half>spectral_half>width_half>front_near>radius_half>front_far
b3_2_relational_geometry,shuffled_pairing,holdout,phase18_geometry_source_91b7833cf26b509a7962381b,frozen_branch,1302,84,h0,h1,-0.166054793061,shuffled_pairing,target,0.443028945913,low_k_half>dispersion_half>spectral_half>width_half>front_near>radius_half>front_far
b3_2_relational_geometry,shuffled_pairing,holdout,phase18_geometry_source_91b7833cf26b509a7962381b,frozen_branch,1302,84,h0,h2,0.106749056166,shuffled_pairing,target,0.443028945913,low_k_half>dispersion_half>spectral_half>width_half>front_near>radius_half>front_far
b3_2_relational_geometry,shuffled_pairing,holdout,phase18_geometry_source_91b7833cf26b509a7962381b,frozen_branch,1302,84,h3,h1,0.107958657906,shuffled_pairing,target,0.443028945913,low_k_half>dispersion_half>spectral_half>width_half>front_near>radius_half>front_far
b3_2_relational_geometry,shuffled_pairing,holdout,phase18_geometry_source_91b7833cf26b509a7962381b,frozen_branch,1302,84,h3,h2,0.0265793742487,shuffled_pairing,target,0.443028945913,low_k_half>dispersion_half>spectral_half>width_half>front_near>radius_half>front_far
b3_2_relational_geometry,random_orthogonal_pairing,chsh_held_back,phase18_geometry_source_fed375900354c70d2acfc14d,frozen_branch,1303,60,a0,b0,0,random_orthogonal_pairing,target,0.95,low_k_half>dispersion_half>radius_half>spectral_half>width_half>front_near>front_far
b3_2_relational_geometry,random_orthogonal_pairing,chsh_held_back,phase18_geometry_source_fed375900354c70d2acfc14d,frozen_branch,1303,60,a0,b1,-0.0570232795599,random_orthogonal_pairing,target,0.95,low_k_half>dispersion_half>radius_half>spectral_half>width_half>front_near>front_far
b3_2_relational_geometry,random_orthogonal_pairing,chsh_held_back,phase18_geometry_source_fed375900354c70d2acfc14d,frozen_branch,1303,60,a1,b0,0.25716612791,random_orthogonal_pairing,target,0.95,low_k_half>dispersion_half>radius_half>spectral_half>width_half>front_near>front_far
b3_2_relational_geometry,random_orthogonal_pairing,chsh_held_back,phase18_geometry_source_fed375900354c70d2acfc14d,frozen_branch,1303,60,a1,b1,0.281502935045,random_orthogonal_pairing,target,0.95,low_k_half>dispersion_half>radius_half>spectral_half>width_half>front_near>front_far
b3_2_relational_geometry,random_orthogonal_pairing,holdout,phase18_geometry_source_fed375900354c70d2acfc14d,frozen_branch,1303,60,h0,h1,0.0874319095483,random_orthogonal_pairing,target,0.95,low_k_half>dispersion_half>radius_half>spectral_half>width_half>front_near>front_far
b3_2_relational_geometry,random_orthogonal_pairing,holdout,phase18_geometry_source_fed375900354c70d2acfc14d,frozen_branch,1303,60,h0,h2,-0.513791056754,random_orthogonal_pairing,target,0.95,low_k_half>dispersion_half>radius_half>spectral_half>width_half>front_near>front_far
b3_2_relational_geometry,random_orthogonal_pairing,holdout,phase18_geometry_source_fed375900354c70d2acfc14d,frozen_branch,1303,60,h3,h1,-0.0618236961337,random_orthogonal_pairing,target,0.95,low_k_half>dispersion_half>radius_half>spectral_half>width_half>front_near>front_far
b3_2_relational_geometry,random_orthogonal_pairing,holdout,phase18_geometry_source_fed375900354c70d2acfc14d,frozen_branch,1303,60,h3,h2,0.176994811962,random_orthogonal_pairing,target,0.95,low_k_half>dispersion_half>radius_half>spectral_half>width_half>front_near>front_far
b3_2_relational_geometry,random_orthogonal_pairing,chsh_held_back,phase18_geometry_source_3bb034e2d542f52c21059102,frozen_branch,1302,60,a0,b0,0,random_orthogonal_pairing,target,0.558573536771,low_k_half>dispersion_half>spectral_half>width_half>front_near>radius_half>front_far
b3_2_relational_geometry,random_orthogonal_pairing,chsh_held_back,phase18_geometry_source_3bb034e2d542f52c21059102,frozen_branch,1302,60,a0,b1,-0.0292120755259,random_orthogonal_pairing,target,0.558573536771,low_k_half>dispersion_half>spectral_half>width_half>front_near>radius_half>front_far
b3_2_relational_geometry,random_orthogonal_pairing,chsh_held_back,phase18_geometry_source_3bb034e2d542f52c21059102,frozen_branch,1302,60,a1,b0,0.235474705074,random_orthogonal_pairing,target,0.558573536771,low_k_half>dispersion_half>spectral_half>width_half>front_near>radius_half>front_far
b3_2_relational_geometry,random_orthogonal_pairing,chsh_held_back,phase18_geometry_source_3bb034e2d542f52c21059102,frozen_branch,1302,60,a1,b1,-0.0248775795808,random_orthogonal_pairing,target,0.558573536771,low_k_half>dispersion_half>spectral_half>width_half>front_near>radius_half>front_far
b3_2_relational_geometry,random_orthogonal_pairing,holdout,phase18_geometry_source_3bb034e2d542f52c21059102,frozen_branch,1302,60,h0,h1,0.0523407183174,random_orthogonal_pairing,target,0.558573536771,low_k_half>dispersion_half>spectral_half>width_half>front_near>radius_half>front_far
b3_2_relational_geometry,random_orthogonal_pairing,holdout,phase18_geometry_source_3bb034e2d542f52c21059102,frozen_branch,1302,60,h0,h2,-0.360815333318,random_orthogonal_pairing,target,0.558573536771,low_k_half>dispersion_half>spectral_half>width_half>front_near>radius_half>front_far
b3_2_relational_geometry,random_orthogonal_pairing,holdout,phase18_geometry_source_3bb034e2d542f52c21059102,frozen_branch,1302,60,h3,h1,-0.0272229839283,random_orthogonal_pairing,target,0.558573536771,low_k_half>dispersion_half>spectral_half>width_half>front_near>radius_half>front_far
b3_2_relational_geometry,random_orthogonal_pairing,holdout,phase18_geometry_source_3bb034e2d542f52c21059102,frozen_branch,1302,60,h3,h2,0.0297879409285,random_orthogonal_pairing,target,0.558573536771,low_k_half>dispersion_half>spectral_half>width_half>front_near>radius_half>front_far
b3_2_relational_geometry,random_orthogonal_pairing,chsh_held_back,phase18_geometry_source_5c02dd7df59244c7af0a88a2,frozen_branch,1303,72,a0,b0,0.0635062583164,random_orthogonal_pairing,target,0.627320112712,low_k_half>dispersion_half>radius_half>spectral_half>front_near>width_half>front_far
b3_2_relational_geometry,random_orthogonal_pairing,chsh_held_back,phase18_geometry_source_5c02dd7df59244c7af0a88a2,frozen_branch,1303,72,a0,b1,0,random_orthogonal_pairing,target,0.627320112712,low_k_half>dispersion_half>radius_half>spectral_half>front_near>width_half>front_far
b3_2_relational_geometry,random_orthogonal_pairing,chsh_held_back,phase18_geometry_source_5c02dd7df59244c7af0a88a2,frozen_branch,1303,72,a1,b0,0.293912825732,random_orthogonal_pairing,target,0.627320112712,low_k_half>dispersion_half>radius_half>spectral_half>front_near>width_half>front_far
b3_2_relational_geometry,random_orthogonal_pairing,chsh_held_back,phase18_geometry_source_5c02dd7df59244c7af0a88a2,frozen_branch,1303,72,a1,b1,0.263339622807,random_orthogonal_pairing,target,0.627320112712,low_k_half>dispersion_half>radius_half>spectral_half>front_near>width_half>front_far
b3_2_relational_geometry,random_orthogonal_pairing,holdout,phase18_geometry_source_5c02dd7df59244c7af0a88a2,frozen_branch,1303,72,h0,h1,0.0304386317418,random_orthogonal_pairing,target,0.627320112712,low_k_half>dispersion_half>radius_half>spectral_half>front_near>width_half>front_far
b3_2_relational_geometry,random_orthogonal_pairing,holdout,phase18_geometry_source_5c02dd7df59244c7af0a88a2,frozen_branch,1303,72,h0,h2,-0.326128197233,random_orthogonal_pairing,target,0.627320112712,low_k_half>dispersion_half>radius_half>spectral_half>front_near>width_half>front_far
b3_2_relational_geometry,random_orthogonal_pairing,holdout,phase18_geometry_source_5c02dd7df59244c7af0a88a2,frozen_branch,1303,72,h3,h1,-0.0229651512533,random_orthogonal_pairing,target,0.627320112712,low_k_half>dispersion_half>radius_half>spectral_half>front_near>width_half>front_far
b3_2_relational_geometry,random_orthogonal_pairing,holdout,phase18_geometry_source_5c02dd7df59244c7af0a88a2,frozen_branch,1303,72,h3,h2,0.0738165575998,random_orthogonal_pairing,target,0.627320112712,low_k_half>dispersion_half>radius_half>spectral_half>front_near>width_half>front_far
b3_2_relational_geometry,random_orthogonal_pairing,chsh_held_back,phase18_geometry_source_dccc01e22e5ef1540df4d313,frozen_branch,1302,72,a0,b0,0,random_orthogonal_pairing,target,0.443356848329,low_k_half>dispersion_half>spectral_half>width_half>front_near>radius_half>front_far
b3_2_relational_geometry,random_orthogonal_pairing,chsh_held_back,phase18_geometry_source_dccc01e22e5ef1540df4d313,frozen_branch,1302,72,a0,b1,-0.0231865150883,random_orthogonal_pairing,target,0.443356848329,low_k_half>dispersion_half>spectral_half>width_half>front_near>radius_half>front_far
b3_2_relational_geometry,random_orthogonal_pairing,chsh_held_back,phase18_geometry_source_dccc01e22e5ef1540df4d313,frozen_branch,1302,72,a1,b0,0.186903453583,random_orthogonal_pairing,target,0.443356848329,low_k_half>dispersion_half>spectral_half>width_half>front_near>radius_half>front_far
b3_2_relational_geometry,random_orthogonal_pairing,chsh_held_back,phase18_geometry_source_dccc01e22e5ef1540df4d313,frozen_branch,1302,72,a1,b1,-0.019746093488,random_orthogonal_pairing,target,0.443356848329,low_k_half>dispersion_half>spectral_half>width_half>front_near>radius_half>front_far
b3_2_relational_geometry,random_orthogonal_pairing,holdout,phase18_geometry_source_dccc01e22e5ef1540df4d313,frozen_branch,1302,72,h0,h1,0.0415444241175,random_orthogonal_pairing,target,0.443356848329,low_k_half>dispersion_half>spectral_half>width_half>front_near>radius_half>front_far
b3_2_relational_geometry,random_orthogonal_pairing,holdout,phase18_geometry_source_dccc01e22e5ef1540df4d313,frozen_branch,1302,72,h0,h2,-0.286390132144,random_orthogonal_pairing,target,0.443356848329,low_k_half>dispersion_half>spectral_half>width_half>front_near>radius_half>front_far
b3_2_relational_geometry,random_orthogonal_pairing,holdout,phase18_geometry_source_dccc01e22e5ef1540df4d313,frozen_branch,1302,72,h3,h1,-0.0216077124353,random_orthogonal_pairing,target,0.443356848329,low_k_half>dispersion_half>spectral_half>width_half>front_near>radius_half>front_far
b3_2_relational_geometry,random_orthogonal_pairing,holdout,phase18_geometry_source_dccc01e22e5ef1540df4d313,frozen_branch,1302,72,h3,h2,0.0236435970179,random_orthogonal_pairing,target,0.443356848329,low_k_half>dispersion_half>spectral_half>width_half>front_near>radius_half>front_far
b3_2_relational_geometry,random_orthogonal_pairing,chsh_held_back,phase18_geometry_source_c63d4ef1cb696ab85c68f552,frozen_branch,1303,84,a0,b0,0,random_orthogonal_pairing,target,0.773801408644,low_k_half>dispersion_half>radius_half>spectral_half>width_half>front_near>front_far
b3_2_relational_geometry,random_orthogonal_pairing,chsh_held_back,phase18_geometry_source_c63d4ef1cb696ab85c68f552,frozen_branch,1303,84,a0,b1,-0.0464470463673,random_orthogonal_pairing,target,0.773801408644,low_k_half>dispersion_half>radius_half>spectral_half>width_half>front_near>front_far
b3_2_relational_geometry,random_orthogonal_pairing,chsh_held_back,phase18_geometry_source_c63d4ef1cb696ab85c68f552,frozen_branch,1303,84,a1,b0,0.209468960034,random_orthogonal_pairing,target,0.773801408644,low_k_half>dispersion_half>radius_half>spectral_half>width_half>front_near>front_far
b3_2_relational_geometry,random_orthogonal_pairing,chsh_held_back,phase18_geometry_source_c63d4ef1cb696ab85c68f552,frozen_branch,1303,84,a1,b1,0.229291965974,random_orthogonal_pairing,target,0.773801408644,low_k_half>dispersion_half>radius_half>spectral_half>width_half>front_near>front_far
b3_2_relational_geometry,random_orthogonal_pairing,holdout,phase18_geometry_source_c63d4ef1cb696ab85c68f552,frozen_branch,1303,84,h0,h1,0.0712157208093,random_orthogonal_pairing,target,0.773801408644,low_k_half>dispersion_half>radius_half>spectral_half>width_half>front_near>front_far
b3_2_relational_geometry,random_orthogonal_pairing,holdout,phase18_geometry_source_c63d4ef1cb696ab85c68f552,frozen_branch,1303,84,h0,h2,-0.418497098384,random_orthogonal_pairing,target,0.773801408644,low_k_half>dispersion_half>radius_half>spectral_half>width_half>front_near>front_far
b3_2_relational_geometry,random_orthogonal_pairing,holdout,phase18_geometry_source_c63d4ef1cb696ab85c68f552,frozen_branch,1303,84,h3,h1,-0.0503571191114,random_orthogonal_pairing,target,0.773801408644,low_k_half>dispersion_half>radius_half>spectral_half>width_half>front_near>front_far
b3_2_relational_geometry,random_orthogonal_pairing,holdout,phase18_geometry_source_c63d4ef1cb696ab85c68f552,frozen_branch,1303,84,h3,h2,0.144167194546,random_orthogonal_pairing,target,0.773801408644,low_k_half>dispersion_half>radius_half>spectral_half>width_half>front_near>front_far
b3_2_relational_geometry,random_orthogonal_pairing,chsh_held_back,phase18_geometry_source_91b7833cf26b509a7962381b,frozen_branch,1302,84,a0,b0,0,random_orthogonal_pairing,target,0.443028945913,low_k_half>dispersion_half>spectral_half>width_half>front_near>radius_half>front_far
b3_2_relational_geometry,random_orthogonal_pairing,chsh_held_back,phase18_geometry_source_91b7833cf26b509a7962381b,frozen_branch,1302,84,a0,b1,-0.0231693665671,random_orthogonal_pairing,target,0.443028945913,low_k_half>dispersion_half>spectral_half>width_half>front_near>radius_half>front_far
b3_2_relational_geometry,random_orthogonal_pairing,chsh_held_back,phase18_geometry_source_91b7833cf26b509a7962381b,frozen_branch,1302,84,a1,b0,0.186765221605,random_orthogonal_pairing,target,0.443028945913,low_k_half>dispersion_half>spectral_half>width_half>front_near>radius_half>front_far
b3_2_relational_geometry,random_orthogonal_pairing,chsh_held_back,phase18_geometry_source_91b7833cf26b509a7962381b,frozen_branch,1302,84,a1,b1,-0.0197314894691,random_orthogonal_pairing,target,0.443028945913,low_k_half>dispersion_half>spectral_half>width_half>front_near>radius_half>front_far
b3_2_relational_geometry,random_orthogonal_pairing,holdout,phase18_geometry_source_91b7833cf26b509a7962381b,frozen_branch,1302,84,h0,h1,0.0415136982653,random_orthogonal_pairing,target,0.443028945913,low_k_half>dispersion_half>spectral_half>width_half>front_near>radius_half>front_far
b3_2_relational_geometry,random_orthogonal_pairing,holdout,phase18_geometry_source_91b7833cf26b509a7962381b,frozen_branch,1302,84,h0,h2,-0.286178320786,random_orthogonal_pairing,target,0.443028945913,low_k_half>dispersion_half>spectral_half>width_half>front_near>radius_half>front_far
b3_2_relational_geometry,random_orthogonal_pairing,holdout,phase18_geometry_source_91b7833cf26b509a7962381b,frozen_branch,1302,84,h3,h1,-0.0215917315812,random_orthogonal_pairing,target,0.443028945913,low_k_half>dispersion_half>spectral_half>width_half>front_near>radius_half>front_far
b3_2_relational_geometry,random_orthogonal_pairing,holdout,phase18_geometry_source_91b7833cf26b509a7962381b,frozen_branch,1302,84,h3,h2,0.0236261104433,random_orthogonal_pairing,target,0.443028945913,low_k_half>dispersion_half>spectral_half>width_half>front_near>radius_half>front_far
b3_2_relational_geometry,topology_destroyed_pairing,chsh_held_back,phase18_geometry_source_fed375900354c70d2acfc14d,frozen_branch,1303,60,a0,b0,0,topology_destroyed_pairing,target,0.95,low_k_half>dispersion_half>radius_half>spectral_half>width_half>front_near>front_far
b3_2_relational_geometry,topology_destroyed_pairing,chsh_held_back,phase18_geometry_source_fed375900354c70d2acfc14d,frozen_branch,1303,60,a0,b1,0,topology_destroyed_pairing,target,0.95,low_k_half>dispersion_half>radius_half>spectral_half>width_half>front_near>front_far
b3_2_relational_geometry,topology_destroyed_pairing,chsh_held_back,phase18_geometry_source_fed375900354c70d2acfc14d,frozen_branch,1303,60,a1,b0,0,topology_destroyed_pairing,target,0.95,low_k_half>dispersion_half>radius_half>spectral_half>width_half>front_near>front_far
b3_2_relational_geometry,topology_destroyed_pairing,chsh_held_back,phase18_geometry_source_fed375900354c70d2acfc14d,frozen_branch,1303,60,a1,b1,0,topology_destroyed_pairing,target,0.95,low_k_half>dispersion_half>radius_half>spectral_half>width_half>front_near>front_far
b3_2_relational_geometry,topology_destroyed_pairing,holdout,phase18_geometry_source_fed375900354c70d2acfc14d,frozen_branch,1303,60,h0,h1,0,topology_destroyed_pairing,target,0.95,low_k_half>dispersion_half>radius_half>spectral_half>width_half>front_near>front_far
b3_2_relational_geometry,topology_destroyed_pairing,holdout,phase18_geometry_source_fed375900354c70d2acfc14d,frozen_branch,1303,60,h0,h2,0,topology_destroyed_pairing,target,0.95,low_k_half>dispersion_half>radius_half>spectral_half>width_half>front_near>front_far
b3_2_relational_geometry,topology_destroyed_pairing,holdout,phase18_geometry_source_fed375900354c70d2acfc14d,frozen_branch,1303,60,h3,h1,0,topology_destroyed_pairing,target,0.95,low_k_half>dispersion_half>radius_half>spectral_half>width_half>front_near>front_far
b3_2_relational_geometry,topology_destroyed_pairing,holdout,phase18_geometry_source_fed375900354c70d2acfc14d,frozen_branch,1303,60,h3,h2,0,topology_destroyed_pairing,target,0.95,low_k_half>dispersion_half>radius_half>spectral_half>width_half>front_near>front_far
b3_2_relational_geometry,topology_destroyed_pairing,chsh_held_back,phase18_geometry_source_3bb034e2d542f52c21059102,frozen_branch,1302,60,a0,b0,0,topology_destroyed_pairing,target,0.558573536771,low_k_half>dispersion_half>spectral_half>width_half>front_near>radius_half>front_far
b3_2_relational_geometry,topology_destroyed_pairing,chsh_held_back,phase18_geometry_source_3bb034e2d542f52c21059102,frozen_branch,1302,60,a0,b1,0,topology_destroyed_pairing,target,0.558573536771,low_k_half>dispersion_half>spectral_half>width_half>front_near>radius_half>front_far
b3_2_relational_geometry,topology_destroyed_pairing,chsh_held_back,phase18_geometry_source_3bb034e2d542f52c21059102,frozen_branch,1302,60,a1,b0,0,topology_destroyed_pairing,target,0.558573536771,low_k_half>dispersion_half>spectral_half>width_half>front_near>radius_half>front_far
b3_2_relational_geometry,topology_destroyed_pairing,chsh_held_back,phase18_geometry_source_3bb034e2d542f52c21059102,frozen_branch,1302,60,a1,b1,0,topology_destroyed_pairing,target,0.558573536771,low_k_half>dispersion_half>spectral_half>width_half>front_near>radius_half>front_far
b3_2_relational_geometry,topology_destroyed_pairing,holdout,phase18_geometry_source_3bb034e2d542f52c21059102,frozen_branch,1302,60,h0,h1,0,topology_destroyed_pairing,target,0.558573536771,low_k_half>dispersion_half>spectral_half>width_half>front_near>radius_half>front_far
b3_2_relational_geometry,topology_destroyed_pairing,holdout,phase18_geometry_source_3bb034e2d542f52c21059102,frozen_branch,1302,60,h0,h2,0,topology_destroyed_pairing,target,0.558573536771,low_k_half>dispersion_half>spectral_half>width_half>front_near>radius_half>front_far
b3_2_relational_geometry,topology_destroyed_pairing,holdout,phase18_geometry_source_3bb034e2d542f52c21059102,frozen_branch,1302,60,h3,h1,0,topology_destroyed_pairing,target,0.558573536771,low_k_half>dispersion_half>spectral_half>width_half>front_near>radius_half>front_far
b3_2_relational_geometry,topology_destroyed_pairing,holdout,phase18_geometry_source_3bb034e2d542f52c21059102,frozen_branch,1302,60,h3,h2,0,topology_destroyed_pairing,target,0.558573536771,low_k_half>dispersion_half>spectral_half>width_half>front_near>radius_half>front_far
b3_2_relational_geometry,topology_destroyed_pairing,chsh_held_back,phase18_geometry_source_5c02dd7df59244c7af0a88a2,frozen_branch,1303,72,a0,b0,0,topology_destroyed_pairing,target,0.627320112712,low_k_half>dispersion_half>radius_half>spectral_half>front_near>width_half>front_far
b3_2_relational_geometry,topology_destroyed_pairing,chsh_held_back,phase18_geometry_source_5c02dd7df59244c7af0a88a2,frozen_branch,1303,72,a0,b1,0,topology_destroyed_pairing,target,0.627320112712,low_k_half>dispersion_half>radius_half>spectral_half>front_near>width_half>front_far
b3_2_relational_geometry,topology_destroyed_pairing,chsh_held_back,phase18_geometry_source_5c02dd7df59244c7af0a88a2,frozen_branch,1303,72,a1,b0,0,topology_destroyed_pairing,target,0.627320112712,low_k_half>dispersion_half>radius_half>spectral_half>front_near>width_half>front_far
b3_2_relational_geometry,topology_destroyed_pairing,chsh_held_back,phase18_geometry_source_5c02dd7df59244c7af0a88a2,frozen_branch,1303,72,a1,b1,0,topology_destroyed_pairing,target,0.627320112712,low_k_half>dispersion_half>radius_half>spectral_half>front_near>width_half>front_far
b3_2_relational_geometry,topology_destroyed_pairing,holdout,phase18_geometry_source_5c02dd7df59244c7af0a88a2,frozen_branch,1303,72,h0,h1,0,topology_destroyed_pairing,target,0.627320112712,low_k_half>dispersion_half>radius_half>spectral_half>front_near>width_half>front_far
b3_2_relational_geometry,topology_destroyed_pairing,holdout,phase18_geometry_source_5c02dd7df59244c7af0a88a2,frozen_branch,1303,72,h0,h2,0,topology_destroyed_pairing,target,0.627320112712,low_k_half>dispersion_half>radius_half>spectral_half>front_near>width_half>front_far
b3_2_relational_geometry,topology_destroyed_pairing,holdout,phase18_geometry_source_5c02dd7df59244c7af0a88a2,frozen_branch,1303,72,h3,h1,0,topology_destroyed_pairing,target,0.627320112712,low_k_half>dispersion_half>radius_half>spectral_half>front_near>width_half>front_far
b3_2_relational_geometry,topology_destroyed_pairing,holdout,phase18_geometry_source_5c02dd7df59244c7af0a88a2,frozen_branch,1303,72,h3,h2,0,topology_destroyed_pairing,target,0.627320112712,low_k_half>dispersion_half>radius_half>spectral_half>front_near>width_half>front_far
b3_2_relational_geometry,topology_destroyed_pairing,chsh_held_back,phase18_geometry_source_dccc01e22e5ef1540df4d313,frozen_branch,1302,72,a0,b0,0,topology_destroyed_pairing,target,0.443356848329,low_k_half>dispersion_half>spectral_half>width_half>front_near>radius_half>front_far
b3_2_relational_geometry,topology_destroyed_pairing,chsh_held_back,phase18_geometry_source_dccc01e22e5ef1540df4d313,frozen_branch,1302,72,a0,b1,0,topology_destroyed_pairing,target,0.443356848329,low_k_half>dispersion_half>spectral_half>width_half>front_near>radius_half>front_far
b3_2_relational_geometry,topology_destroyed_pairing,chsh_held_back,phase18_geometry_source_dccc01e22e5ef1540df4d313,frozen_branch,1302,72,a1,b0,0,topology_destroyed_pairing,target,0.443356848329,low_k_half>dispersion_half>spectral_half>width_half>front_near>radius_half>front_far
b3_2_relational_geometry,topology_destroyed_pairing,chsh_held_back,phase18_geometry_source_dccc01e22e5ef1540df4d313,frozen_branch,1302,72,a1,b1,0,topology_destroyed_pairing,target,0.443356848329,low_k_half>dispersion_half>spectral_half>width_half>front_near>radius_half>front_far
b3_2_relational_geometry,topology_destroyed_pairing,holdout,phase18_geometry_source_dccc01e22e5ef1540df4d313,frozen_branch,1302,72,h0,h1,0,topology_destroyed_pairing,target,0.443356848329,low_k_half>dispersion_half>spectral_half>width_half>front_near>radius_half>front_far
b3_2_relational_geometry,topology_destroyed_pairing,holdout,phase18_geometry_source_dccc01e22e5ef1540df4d313,frozen_branch,1302,72,h0,h2,0,topology_destroyed_pairing,target,0.443356848329,low_k_half>dispersion_half>spectral_half>width_half>front_near>radius_half>front_far
b3_2_relational_geometry,topology_destroyed_pairing,holdout,phase18_geometry_source_dccc01e22e5ef1540df4d313,frozen_branch,1302,72,h3,h1,0,topology_destroyed_pairing,target,0.443356848329,low_k_half>dispersion_half>spectral_half>width_half>front_near>radius_half>front_far
b3_2_relational_geometry,topology_destroyed_pairing,holdout,phase18_geometry_source_dccc01e22e5ef1540df4d313,frozen_branch,1302,72,h3,h2,0,topology_destroyed_pairing,target,0.443356848329,low_k_half>dispersion_half>spectral_half>width_half>front_near>radius_half>front_far
b3_2_relational_geometry,topology_destroyed_pairing,chsh_held_back,phase18_geometry_source_c63d4ef1cb696ab85c68f552,frozen_branch,1303,84,a0,b0,0,topology_destroyed_pairing,target,0.773801408644,low_k_half>dispersion_half>radius_half>spectral_half>width_half>front_near>front_far
b3_2_relational_geometry,topology_destroyed_pairing,chsh_held_back,phase18_geometry_source_c63d4ef1cb696ab85c68f552,frozen_branch,1303,84,a0,b1,0,topology_destroyed_pairing,target,0.773801408644,low_k_half>dispersion_half>radius_half>spectral_half>width_half>front_near>front_far
b3_2_relational_geometry,topology_destroyed_pairing,chsh_held_back,phase18_geometry_source_c63d4ef1cb696ab85c68f552,frozen_branch,1303,84,a1,b0,0,topology_destroyed_pairing,target,0.773801408644,low_k_half>dispersion_half>radius_half>spectral_half>width_half>front_near>front_far
b3_2_relational_geometry,topology_destroyed_pairing,chsh_held_back,phase18_geometry_source_c63d4ef1cb696ab85c68f552,frozen_branch,1303,84,a1,b1,0,topology_destroyed_pairing,target,0.773801408644,low_k_half>dispersion_half>radius_half>spectral_half>width_half>front_near>front_far
b3_2_relational_geometry,topology_destroyed_pairing,holdout,phase18_geometry_source_c63d4ef1cb696ab85c68f552,frozen_branch,1303,84,h0,h1,0,topology_destroyed_pairing,target,0.773801408644,low_k_half>dispersion_half>radius_half>spectral_half>width_half>front_near>front_far
b3_2_relational_geometry,topology_destroyed_pairing,holdout,phase18_geometry_source_c63d4ef1cb696ab85c68f552,frozen_branch,1303,84,h0,h2,0,topology_destroyed_pairing,target,0.773801408644,low_k_half>dispersion_half>radius_half>spectral_half>width_half>front_near>front_far
b3_2_relational_geometry,topology_destroyed_pairing,holdout,phase18_geometry_source_c63d4ef1cb696ab85c68f552,frozen_branch,1303,84,h3,h1,0,topology_destroyed_pairing,target,0.773801408644,low_k_half>dispersion_half>radius_half>spectral_half>width_half>front_near>front_far
b3_2_relational_geometry,topology_destroyed_pairing,holdout,phase18_geometry_source_c63d4ef1cb696ab85c68f552,frozen_branch,1303,84,h3,h2,0,topology_destroyed_pairing,target,0.773801408644,low_k_half>dispersion_half>radius_half>spectral_half>width_half>front_near>front_far
b3_2_relational_geometry,topology_destroyed_pairing,chsh_held_back,phase18_geometry_source_91b7833cf26b509a7962381b,frozen_branch,1302,84,a0,b0,0,topology_destroyed_pairing,target,0.443028945913,low_k_half>dispersion_half>spectral_half>width_half>front_near>radius_half>front_far
b3_2_relational_geometry,topology_destroyed_pairing,chsh_held_back,phase18_geometry_source_91b7833cf26b509a7962381b,frozen_branch,1302,84,a0,b1,0,topology_destroyed_pairing,target,0.443028945913,low_k_half>dispersion_half>spectral_half>width_half>front_near>radius_half>front_far
b3_2_relational_geometry,topology_destroyed_pairing,chsh_held_back,phase18_geometry_source_91b7833cf26b509a7962381b,frozen_branch,1302,84,a1,b0,0,topology_destroyed_pairing,target,0.443028945913,low_k_half>dispersion_half>spectral_half>width_half>front_near>radius_half>front_far
b3_2_relational_geometry,topology_destroyed_pairing,chsh_held_back,phase18_geometry_source_91b7833cf26b509a7962381b,frozen_branch,1302,84,a1,b1,0,topology_destroyed_pairing,target,0.443028945913,low_k_half>dispersion_half>spectral_half>width_half>front_near>radius_half>front_far
b3_2_relational_geometry,topology_destroyed_pairing,holdout,phase18_geometry_source_91b7833cf26b509a7962381b,frozen_branch,1302,84,h0,h1,0,topology_destroyed_pairing,target,0.443028945913,low_k_half>dispersion_half>spectral_half>width_half>front_near>radius_half>front_far
b3_2_relational_geometry,topology_destroyed_pairing,holdout,phase18_geometry_source_91b7833cf26b509a7962381b,frozen_branch,1302,84,h0,h2,0,topology_destroyed_pairing,target,0.443028945913,low_k_half>dispersion_half>spectral_half>width_half>front_near>radius_half>front_far
b3_2_relational_geometry,topology_destroyed_pairing,holdout,phase18_geometry_source_91b7833cf26b509a7962381b,frozen_branch,1302,84,h3,h1,0,topology_destroyed_pairing,target,0.443028945913,low_k_half>dispersion_half>spectral_half>width_half>front_near>radius_half>front_far
b3_2_relational_geometry,topology_destroyed_pairing,holdout,phase18_geometry_source_91b7833cf26b509a7962381b,frozen_branch,1302,84,h3,h2,0,topology_destroyed_pairing,target,0.443028945913,low_k_half>dispersion_half>spectral_half>width_half>front_near>radius_half>front_far
b3_2_relational_geometry,label_permuted_settings,chsh_held_back,phase18_geometry_source_fed375900354c70d2acfc14d,frozen_branch,1303,60,a0,b0,0.0312781038939,label_permuted_settings,label_permuted,0.95,low_k_half>dispersion_half>radius_half>spectral_half>width_half>front_near>front_far
b3_2_relational_geometry,label_permuted_settings,chsh_held_back,phase18_geometry_source_fed375900354c70d2acfc14d,frozen_branch,1303,60,a0,b1,-0.0629066654755,label_permuted_settings,label_permuted,0.95,low_k_half>dispersion_half>radius_half>spectral_half>width_half>front_near>front_far
b3_2_relational_geometry,label_permuted_settings,chsh_held_back,phase18_geometry_source_fed375900354c70d2acfc14d,frozen_branch,1303,60,a1,b0,0.0248413771175,label_permuted_settings,label_permuted,0.95,low_k_half>dispersion_half>radius_half>spectral_half>width_half>front_near>front_far
b3_2_relational_geometry,label_permuted_settings,chsh_held_back,phase18_geometry_source_fed375900354c70d2acfc14d,frozen_branch,1303,60,a1,b1,-0.399688729364,label_permuted_settings,label_permuted,0.95,low_k_half>dispersion_half>radius_half>spectral_half>width_half>front_near>front_far
b3_2_relational_geometry,label_permuted_settings,holdout,phase18_geometry_source_fed375900354c70d2acfc14d,frozen_branch,1303,60,h0,h1,0.173889639823,label_permuted_settings,label_permuted,0.95,low_k_half>dispersion_half>radius_half>spectral_half>width_half>front_near>front_far
b3_2_relational_geometry,label_permuted_settings,holdout,phase18_geometry_source_fed375900354c70d2acfc14d,frozen_branch,1303,60,h0,h2,-0.215048254199,label_permuted_settings,label_permuted,0.95,low_k_half>dispersion_half>radius_half>spectral_half>width_half>front_near>front_far
b3_2_relational_geometry,label_permuted_settings,holdout,phase18_geometry_source_fed375900354c70d2acfc14d,frozen_branch,1303,60,h3,h1,-0.94985383491,label_permuted_settings,label_permuted,0.95,low_k_half>dispersion_half>radius_half>spectral_half>width_half>front_near>front_far
b3_2_relational_geometry,label_permuted_settings,holdout,phase18_geometry_source_fed375900354c70d2acfc14d,frozen_branch,1303,60,h3,h2,0.432776263348,label_permuted_settings,label_permuted,0.95,low_k_half>dispersion_half>radius_half>spectral_half>width_half>front_near>front_far
b3_2_relational_geometry,label_permuted_settings,chsh_held_back,phase18_geometry_source_3bb034e2d542f52c21059102,frozen_branch,1302,60,a0,b0,0,label_permuted_settings,label_permuted,0.558573536771,low_k_half>dispersion_half>spectral_half>width_half>front_near>radius_half>front_far
b3_2_relational_geometry,label_permuted_settings,chsh_held_back,phase18_geometry_source_3bb034e2d542f52c21059102,frozen_branch,1302,60,a0,b1,-0.053638509646,label_permuted_settings,label_permuted,0.558573536771,low_k_half>dispersion_half>spectral_half>width_half>front_near>radius_half>front_far
b3_2_relational_geometry,label_permuted_settings,chsh_held_back,phase18_geometry_source_3bb034e2d542f52c21059102,frozen_branch,1302,60,a1,b0,-0.0183906538058,label_permuted_settings,label_permuted,0.558573536771,low_k_half>dispersion_half>spectral_half>width_half>front_near>radius_half>front_far
b3_2_relational_geometry,label_permuted_settings,chsh_held_back,phase18_geometry_source_3bb034e2d542f52c21059102,frozen_branch,1302,60,a1,b1,-0.0654258978968,label_permuted_settings,label_permuted,0.558573536771,low_k_half>dispersion_half>spectral_half>width_half>front_near>radius_half>front_far
b3_2_relational_geometry,label_permuted_settings,holdout,phase18_geometry_source_3bb034e2d542f52c21059102,frozen_branch,1302,60,h0,h1,-0.0148939704643,label_permuted_settings,label_permuted,0.558573536771,low_k_half>dispersion_half>spectral_half>width_half>front_near>radius_half>front_far
b3_2_relational_geometry,label_permuted_settings,holdout,phase18_geometry_source_3bb034e2d542f52c21059102,frozen_branch,1302,60,h0,h2,0.0181944812218,label_permuted_settings,label_permuted,0.558573536771,low_k_half>dispersion_half>spectral_half>width_half>front_near>radius_half>front_far
b3_2_relational_geometry,label_permuted_settings,holdout,phase18_geometry_source_3bb034e2d542f52c21059102,frozen_branch,1302,60,h3,h1,-0.384138436215,label_permuted_settings,label_permuted,0.558573536771,low_k_half>dispersion_half>spectral_half>width_half>front_near>radius_half>front_far
b3_2_relational_geometry,label_permuted_settings,holdout,phase18_geometry_source_3bb034e2d542f52c21059102,frozen_branch,1302,60,h3,h2,-0.182491435665,label_permuted_settings,label_permuted,0.558573536771,low_k_half>dispersion_half>spectral_half>width_half>front_near>radius_half>front_far
b3_2_relational_geometry,label_permuted_settings,chsh_held_back,phase18_geometry_source_5c02dd7df59244c7af0a88a2,frozen_branch,1303,72,a0,b0,-0.0206540880633,label_permuted_settings,label_permuted,0.627320112712,low_k_half>dispersion_half>radius_half>spectral_half>front_near>width_half>front_far
b3_2_relational_geometry,label_permuted_settings,chsh_held_back,phase18_geometry_source_5c02dd7df59244c7af0a88a2,frozen_branch,1303,72,a0,b1,0.0438139371864,label_permuted_settings,label_permuted,0.627320112712,low_k_half>dispersion_half>radius_half>spectral_half>front_near>width_half>front_far
b3_2_relational_geometry,label_permuted_settings,chsh_held_back,phase18_geometry_source_5c02dd7df59244c7af0a88a2,frozen_branch,1303,72,a1,b0,0,label_permuted_settings,label_permuted,0.627320112712,low_k_half>dispersion_half>radius_half>spectral_half>front_near>width_half>front_far
b3_2_relational_geometry,label_permuted_settings,chsh_held_back,phase18_geometry_source_5c02dd7df59244c7af0a88a2,frozen_branch,1303,72,a1,b1,-0.19567691834,label_permuted_settings,label_permuted,0.627320112712,low_k_half>dispersion_half>radius_half>spectral_half>front_near>width_half>front_far
b3_2_relational_geometry,label_permuted_settings,holdout,phase18_geometry_source_5c02dd7df59244c7af0a88a2,frozen_branch,1303,72,h0,h1,0.114825756266,label_permuted_settings,label_permuted,0.627320112712,low_k_half>dispersion_half>radius_half>spectral_half>front_near>width_half>front_far
b3_2_relational_geometry,label_permuted_settings,holdout,phase18_geometry_source_5c02dd7df59244c7af0a88a2,frozen_branch,1303,72,h0,h2,-0.142004310592,label_permuted_settings,label_permuted,0.627320112712,low_k_half>dispersion_half>radius_half>spectral_half>front_near>width_half>front_far
b3_2_relational_geometry,label_permuted_settings,holdout,phase18_geometry_source_5c02dd7df59244c7af0a88a2,frozen_branch,1303,72,h3,h1,-0.627223594501,label_permuted_settings,label_permuted,0.627320112712,low_k_half>dispersion_half>radius_half>spectral_half>front_near>width_half>front_far
b3_2_relational_geometry,label_permuted_settings,holdout,phase18_geometry_source_5c02dd7df59244c7af0a88a2,frozen_branch,1303,72,h3,h2,0.285778162424,label_permuted_settings,label_permuted,0.627320112712,low_k_half>dispersion_half>radius_half>spectral_half>front_near>width_half>front_far
b3_2_relational_geometry,label_permuted_settings,chsh_held_back,phase18_geometry_source_dccc01e22e5ef1540df4d313,frozen_branch,1302,72,a0,b0,0,label_permuted_settings,label_permuted,0.443356848329,low_k_half>dispersion_half>spectral_half>width_half>front_near>radius_half>front_far
b3_2_relational_geometry,label_permuted_settings,chsh_held_back,phase18_geometry_source_dccc01e22e5ef1540df4d313,frozen_branch,1302,72,a0,b1,-0.0425745206677,label_permuted_settings,label_permuted,0.443356848329,low_k_half>dispersion_half>spectral_half>width_half>front_near>radius_half>front_far
b3_2_relational_geometry,label_permuted_settings,chsh_held_back,phase18_geometry_source_dccc01e22e5ef1540df4d313,frozen_branch,1302,72,a1,b0,-0.014597222699,label_permuted_settings,label_permuted,0.443356848329,low_k_half>dispersion_half>spectral_half>width_half>front_near>radius_half>front_far
b3_2_relational_geometry,label_permuted_settings,chsh_held_back,phase18_geometry_source_dccc01e22e5ef1540df4d313,frozen_branch,1302,72,a1,b1,-0.0519305301469,label_permuted_settings,label_permuted,0.443356848329,low_k_half>dispersion_half>spectral_half>width_half>front_near>radius_half>front_far
b3_2_relational_geometry,label_permuted_settings,holdout,phase18_geometry_source_dccc01e22e5ef1540df4d313,frozen_branch,1302,72,h0,h1,-0.0118217985089,label_permuted_settings,label_permuted,0.443356848329,low_k_half>dispersion_half>spectral_half>width_half>front_near>radius_half>front_far
b3_2_relational_geometry,label_permuted_settings,holdout,phase18_geometry_source_dccc01e22e5ef1540df4d313,frozen_branch,1302,72,h0,h2,0.0144415145373,label_permuted_settings,label_permuted,0.443356848329,low_k_half>dispersion_half>spectral_half>width_half>front_near>radius_half>front_far
b3_2_relational_geometry,label_permuted_settings,holdout,phase18_geometry_source_dccc01e22e5ef1540df4d313,frozen_branch,1302,72,h3,h1,-0.304902390089,label_permuted_settings,label_permuted,0.443356848329,low_k_half>dispersion_half>spectral_half>width_half>front_near>radius_half>front_far
b3_2_relational_geometry,label_permuted_settings,holdout,phase18_geometry_source_dccc01e22e5ef1540df4d313,frozen_branch,1302,72,h3,h2,-0.144849017071,label_permuted_settings,label_permuted,0.443356848329,low_k_half>dispersion_half>spectral_half>width_half>front_near>radius_half>front_far
b3_2_relational_geometry,label_permuted_settings,chsh_held_back,phase18_geometry_source_c63d4ef1cb696ab85c68f552,frozen_branch,1303,84,a0,b0,0.0254768851082,label_permuted_settings,label_permuted,0.773801408644,low_k_half>dispersion_half>radius_half>spectral_half>width_half>front_near>front_far
b3_2_relational_geometry,label_permuted_settings,chsh_held_back,phase18_geometry_source_c63d4ef1cb696ab85c68f552,frozen_branch,1303,84,a0,b1,-0.0512392277453,label_permuted_settings,label_permuted,0.773801408644,low_k_half>dispersion_half>radius_half>spectral_half>width_half>front_near>front_far
b3_2_relational_geometry,label_permuted_settings,chsh_held_back,phase18_geometry_source_c63d4ef1cb696ab85c68f552,frozen_branch,1303,84,a1,b0,0.020233992217,label_permuted_settings,label_permuted,0.773801408644,low_k_half>dispersion_half>radius_half>spectral_half>width_half>front_near>front_far
b3_2_relational_geometry,label_permuted_settings,chsh_held_back,phase18_geometry_source_c63d4ef1cb696ab85c68f552,frozen_branch,1303,84,a1,b1,-0.325557580843,label_permuted_settings,label_permuted,0.773801408644,low_k_half>dispersion_half>radius_half>spectral_half>width_half>front_near>front_far
b3_2_relational_geometry,label_permuted_settings,holdout,phase18_geometry_source_c63d4ef1cb696ab85c68f552,frozen_branch,1303,84,h0,h1,0.141637945519,label_permuted_settings,label_permuted,0.773801408644,low_k_half>dispersion_half>radius_half>spectral_half>width_half>front_near>front_far
b3_2_relational_geometry,label_permuted_settings,holdout,phase18_geometry_source_c63d4ef1cb696ab85c68f552,frozen_branch,1303,84,h0,h2,-0.175162781079,label_permuted_settings,label_permuted,0.773801408644,low_k_half>dispersion_half>radius_half>spectral_half>width_half>front_near>front_far
b3_2_relational_geometry,label_permuted_settings,holdout,phase18_geometry_source_c63d4ef1cb696ab85c68f552,frozen_branch,1303,84,h3,h1,-0.773682353114,label_permuted_settings,label_permuted,0.773801408644,low_k_half>dispersion_half>radius_half>spectral_half>width_half>front_near>front_far
b3_2_relational_geometry,label_permuted_settings,holdout,phase18_geometry_source_c63d4ef1cb696ab85c68f552,frozen_branch,1303,84,h3,h2,0.352508297059,label_permuted_settings,label_permuted,0.773801408644,low_k_half>dispersion_half>radius_half>spectral_half>width_half>front_near>front_far
b3_2_relational_geometry,label_permuted_settings,chsh_held_back,phase18_geometry_source_91b7833cf26b509a7962381b,frozen_branch,1302,84,a0,b0,0,label_permuted_settings,label_permuted,0.443028945913,low_k_half>dispersion_half>spectral_half>width_half>front_near>radius_half>front_far
b3_2_relational_geometry,label_permuted_settings,chsh_held_back,phase18_geometry_source_91b7833cf26b509a7962381b,frozen_branch,1302,84,a0,b1,-0.042543032966,label_permuted_settings,label_permuted,0.443028945913,low_k_half>dispersion_half>spectral_half>width_half>front_near>radius_half>front_far
b3_2_relational_geometry,label_permuted_settings,chsh_held_back,phase18_geometry_source_91b7833cf26b509a7962381b,frozen_branch,1302,84,a1,b0,-0.014586426735,label_permuted_settings,label_permuted,0.443028945913,low_k_half>dispersion_half>spectral_half>width_half>front_near>radius_half>front_far
b3_2_relational_geometry,label_permuted_settings,chsh_held_back,phase18_geometry_source_91b7833cf26b509a7962381b,frozen_branch,1302,84,a1,b1,-0.0518921228316,label_permuted_settings,label_permuted,0.443028945913,low_k_half>dispersion_half>spectral_half>width_half>front_near>radius_half>front_far
b3_2_relational_geometry,label_permuted_settings,holdout,phase18_geometry_source_91b7833cf26b509a7962381b,frozen_branch,1302,84,h0,h1,-0.0118130552217,label_permuted_settings,label_permuted,0.443028945913,low_k_half>dispersion_half>spectral_half>width_half>front_near>radius_half>front_far
b3_2_relational_geometry,label_permuted_settings,holdout,phase18_geometry_source_91b7833cf26b509a7962381b,frozen_branch,1302,84,h0,h2,0.0144308337336,label_permuted_settings,label_permuted,0.443028945913,low_k_half>dispersion_half>spectral_half>width_half>front_near>radius_half>front_far
b3_2_relational_geometry,label_permuted_settings,holdout,phase18_geometry_source_91b7833cf26b509a7962381b,frozen_branch,1302,84,h3,h1,-0.304676887245,label_permuted_settings,label_permuted,0.443028945913,low_k_half>dispersion_half>spectral_half>width_half>front_near>radius_half>front_far
b3_2_relational_geometry,label_permuted_settings,holdout,phase18_geometry_source_91b7833cf26b509a7962381b,frozen_branch,1302,84,h3,h2,-0.144741888146,label_permuted_settings,label_permuted,0.443028945913,low_k_half>dispersion_half>spectral_half>width_half>front_near>radius_half>front_far
b3_2_relational_geometry,closure_vector_permutation,chsh_held_back,phase18_geometry_source_fed375900354c70d2acfc14d,frozen_branch,1303,60,a0,b0,0,closure_vector_permutation,closure_vector_permuted,0.95,low_k_half>dispersion_half>radius_half>spectral_half>width_half>front_near>front_far
b3_2_relational_geometry,closure_vector_permutation,chsh_held_back,phase18_geometry_source_fed375900354c70d2acfc14d,frozen_branch,1303,60,a0,b1,-0.488770967656,closure_vector_permutation,closure_vector_permuted,0.95,low_k_half>dispersion_half>radius_half>spectral_half>width_half>front_near>front_far
b3_2_relational_geometry,closure_vector_permutation,chsh_held_back,phase18_geometry_source_fed375900354c70d2acfc14d,frozen_branch,1303,60,a1,b0,0.243318721022,closure_vector_permutation,closure_vector_permuted,0.95,low_k_half>dispersion_half>radius_half>spectral_half>width_half>front_near>front_far
b3_2_relational_geometry,closure_vector_permutation,chsh_held_back,phase18_geometry_source_fed375900354c70d2acfc14d,frozen_branch,1303,60,a1,b1,-0.234585779204,closure_vector_permutation,closure_vector_permuted,0.95,low_k_half>dispersion_half>radius_half>spectral_half>width_half>front_near>front_far
b3_2_relational_geometry,closure_vector_permutation,holdout,phase18_geometry_source_fed375900354c70d2acfc14d,frozen_branch,1303,60,h0,h1,0.0799377458727,closure_vector_permutation,closure_vector_permuted,0.95,low_k_half>dispersion_half>radius_half>spectral_half>width_half>front_near>front_far
b3_2_relational_geometry,closure_vector_permutation,holdout,phase18_geometry_source_fed375900354c70d2acfc14d,frozen_branch,1303,60,h0,h2,0,closure_vector_permutation,closure_vector_permuted,0.95,low_k_half>dispersion_half>radius_half>spectral_half>width_half>front_near>front_far
b3_2_relational_geometry,closure_vector_permutation,holdout,phase18_geometry_source_fed375900354c70d2acfc14d,frozen_branch,1303,60,h3,h1,-0.132479348858,closure_vector_permutation,closure_vector_permuted,0.95,low_k_half>dispersion_half>radius_half>spectral_half>width_half>front_near>front_far
b3_2_relational_geometry,closure_vector_permutation,holdout,phase18_geometry_source_fed375900354c70d2acfc14d,frozen_branch,1303,60,h3,h2,-0.335358591086,closure_vector_permutation,closure_vector_permuted,0.95,low_k_half>dispersion_half>radius_half>spectral_half>width_half>front_near>front_far
b3_2_relational_geometry,closure_vector_permutation,chsh_held_back,phase18_geometry_source_3bb034e2d542f52c21059102,frozen_branch,1302,60,a0,b0,0,closure_vector_permutation,closure_vector_permuted,0.558573536771,low_k_half>dispersion_half>spectral_half>width_half>front_near>radius_half>front_far
b3_2_relational_geometry,closure_vector_permutation,chsh_held_back,phase18_geometry_source_3bb034e2d542f52c21059102,frozen_branch,1302,60,a0,b1,-0.1971815098,closure_vector_permutation,closure_vector_permuted,0.558573536771,low_k_half>dispersion_half>spectral_half>width_half>front_near>radius_half>front_far
b3_2_relational_geometry,closure_vector_permutation,chsh_held_back,phase18_geometry_source_3bb034e2d542f52c21059102,frozen_branch,1302,60,a1,b0,0.316208889671,closure_vector_permutation,closure_vector_permuted,0.558573536771,low_k_half>dispersion_half>spectral_half>width_half>front_near>radius_half>front_far
b3_2_relational_geometry,closure_vector_permutation,chsh_held_back,phase18_geometry_source_3bb034e2d542f52c21059102,frozen_branch,1302,60,a1,b1,-0.0678479443113,closure_vector_permutation,closure_vector_permuted,0.558573536771,low_k_half>dispersion_half>spectral_half>width_half>front_near>radius_half>front_far
b3_2_relational_geometry,closure_vector_permutation,holdout,phase18_geometry_source_3bb034e2d542f52c21059102,frozen_branch,1302,60,h0,h1,0.087234530529,closure_vector_permutation,closure_vector_permuted,0.558573536771,low_k_half>dispersion_half>spectral_half>width_half>front_near>radius_half>front_far
b3_2_relational_geometry,closure_vector_permutation,holdout,phase18_geometry_source_3bb034e2d542f52c21059102,frozen_branch,1302,60,h0,h2,0,closure_vector_permutation,closure_vector_permuted,0.558573536771,low_k_half>dispersion_half>spectral_half>width_half>front_near>radius_half>front_far
b3_2_relational_geometry,closure_vector_permutation,holdout,phase18_geometry_source_3bb034e2d542f52c21059102,frozen_branch,1302,60,h3,h1,0,closure_vector_permutation,closure_vector_permuted,0.558573536771,low_k_half>dispersion_half>spectral_half>width_half>front_near>radius_half>front_far
b3_2_relational_geometry,closure_vector_permutation,holdout,phase18_geometry_source_3bb034e2d542f52c21059102,frozen_branch,1302,60,h3,h2,0,closure_vector_permutation,closure_vector_permuted,0.558573536771,low_k_half>dispersion_half>spectral_half>width_half>front_near>radius_half>front_far
b3_2_relational_geometry,closure_vector_permutation,chsh_held_back,phase18_geometry_source_5c02dd7df59244c7af0a88a2,frozen_branch,1303,72,a0,b0,-0.0635062583164,closure_vector_permutation,closure_vector_permuted,0.627320112712,low_k_half>dispersion_half>radius_half>spectral_half>front_near>width_half>front_far
b3_2_relational_geometry,closure_vector_permutation,chsh_held_back,phase18_geometry_source_5c02dd7df59244c7af0a88a2,frozen_branch,1303,72,a0,b1,-0.322753535285,closure_vector_permutation,closure_vector_permuted,0.627320112712,low_k_half>dispersion_half>radius_half>spectral_half>front_near>width_half>front_far
b3_2_relational_geometry,closure_vector_permutation,chsh_held_back,phase18_geometry_source_5c02dd7df59244c7af0a88a2,frozen_branch,1303,72,a1,b0,-0.0783767535285,closure_vector_permutation,closure_vector_permuted,0.627320112712,low_k_half>dispersion_half>radius_half>spectral_half>front_near>width_half>front_far
b3_2_relational_geometry,closure_vector_permutation,chsh_held_back,phase18_geometry_source_5c02dd7df59244c7af0a88a2,frozen_branch,1303,72,a1,b1,-0.12392452838,closure_vector_permutation,closure_vector_permuted,0.627320112712,low_k_half>dispersion_half>radius_half>spectral_half>front_near>width_half>front_far
b3_2_relational_geometry,closure_vector_permutation,holdout,phase18_geometry_source_5c02dd7df59244c7af0a88a2,frozen_branch,1303,72,h0,h1,-0.182088243455,closure_vector_permutation,closure_vector_permuted,0.627320112712,low_k_half>dispersion_half>radius_half>spectral_half>front_near>width_half>front_far
b3_2_relational_geometry,closure_vector_permutation,holdout,phase18_geometry_source_5c02dd7df59244c7af0a88a2,frozen_branch,1303,72,h0,h2,0,closure_vector_permutation,closure_vector_permuted,0.627320112712,low_k_half>dispersion_half>radius_half>spectral_half>front_near>width_half>front_far
b3_2_relational_geometry,closure_vector_permutation,holdout,phase18_geometry_source_5c02dd7df59244c7af0a88a2,frozen_branch,1303,72,h3,h1,-0.0164036794666,closure_vector_permutation,closure_vector_permuted,0.627320112712,low_k_half>dispersion_half>radius_half>spectral_half>front_near>width_half>front_far
b3_2_relational_geometry,closure_vector_permutation,holdout,phase18_geometry_source_5c02dd7df59244c7af0a88a2,frozen_branch,1303,72,h3,h2,-0.221449672799,closure_vector_permutation,closure_vector_permuted,0.627320112712,low_k_half>dispersion_half>radius_half>spectral_half>front_near>width_half>front_far
b3_2_relational_geometry,closure_vector_permutation,chsh_held_back,phase18_geometry_source_dccc01e22e5ef1540df4d313,frozen_branch,1302,72,a0,b0,0,closure_vector_permutation,closure_vector_permuted,0.443356848329,low_k_half>dispersion_half>spectral_half>width_half>front_near>radius_half>front_far
b3_2_relational_geometry,closure_vector_permutation,chsh_held_back,phase18_geometry_source_dccc01e22e5ef1540df4d313,frozen_branch,1302,72,a0,b1,-0.156508976846,closure_vector_permutation,closure_vector_permuted,0.443356848329,low_k_half>dispersion_half>spectral_half>width_half>front_near>radius_half>front_far
b3_2_relational_geometry,closure_vector_permutation,chsh_held_back,phase18_geometry_source_dccc01e22e5ef1540df4d313,frozen_branch,1302,72,a1,b0,0.250984637669,closure_vector_permutation,closure_vector_permuted,0.443356848329,low_k_half>dispersion_half>spectral_half>width_half>front_near>radius_half>front_far
b3_2_relational_geometry,closure_vector_permutation,chsh_held_back,phase18_geometry_source_dccc01e22e5ef1540df4d313,frozen_branch,1302,72,a1,b1,-0.0538529822399,closure_vector_permutation,closure_vector_permuted,0.443356848329,low_k_half>dispersion_half>spectral_half>width_half>front_near>radius_half>front_far
b3_2_relational_geometry,closure_vector_permutation,holdout,phase18_geometry_source_dccc01e22e5ef1540df4d313,frozen_branch,1302,72,h0,h1,0.0692407068625,closure_vector_permutation,closure_vector_permuted,0.443356848329,low_k_half>dispersion_half>spectral_half>width_half>front_near>radius_half>front_far
b3_2_relational_geometry,closure_vector_permutation,holdout,phase18_geometry_source_dccc01e22e5ef1540df4d313,frozen_branch,1302,72,h0,h2,0,closure_vector_permutation,closure_vector_permuted,0.443356848329,low_k_half>dispersion_half>spectral_half>width_half>front_near>radius_half>front_far
b3_2_relational_geometry,closure_vector_permutation,holdout,phase18_geometry_source_dccc01e22e5ef1540df4d313,frozen_branch,1302,72,h3,h1,0,closure_vector_permutation,closure_vector_permuted,0.443356848329,low_k_half>dispersion_half>spectral_half>width_half>front_near>radius_half>front_far
b3_2_relational_geometry,closure_vector_permutation,holdout,phase18_geometry_source_dccc01e22e5ef1540df4d313,frozen_branch,1302,72,h3,h2,0,closure_vector_permutation,closure_vector_permuted,0.443356848329,low_k_half>dispersion_half>spectral_half>width_half>front_near>radius_half>front_far
b3_2_relational_geometry,closure_vector_permutation,chsh_held_back,phase18_geometry_source_c63d4ef1cb696ab85c68f552,frozen_branch,1303,84,a0,b0,0,closure_vector_permutation,closure_vector_permuted,0.773801408644,low_k_half>dispersion_half>radius_half>spectral_half>width_half>front_near>front_far
b3_2_relational_geometry,closure_vector_permutation,chsh_held_back,phase18_geometry_source_c63d4ef1cb696ab85c68f552,frozen_branch,1303,84,a0,b1,-0.398117540291,closure_vector_permutation,closure_vector_permuted,0.773801408644,low_k_half>dispersion_half>radius_half>spectral_half>width_half>front_near>front_far
b3_2_relational_geometry,closure_vector_permutation,chsh_held_back,phase18_geometry_source_c63d4ef1cb696ab85c68f552,frozen_branch,1303,84,a1,b0,0.198189862186,closure_vector_permutation,closure_vector_permuted,0.773801408644,low_k_half>dispersion_half>radius_half>spectral_half>width_half>front_near>front_far
b3_2_relational_geometry,closure_vector_permutation,chsh_held_back,phase18_geometry_source_c63d4ef1cb696ab85c68f552,frozen_branch,1303,84,a1,b1,-0.191076638312,closure_vector_permutation,closure_vector_permuted,0.773801408644,low_k_half>dispersion_half>radius_half>spectral_half>width_half>front_near>front_far
b3_2_relational_geometry,closure_vector_permutation,holdout,phase18_geometry_source_c63d4ef1cb696ab85c68f552,frozen_branch,1303,84,h0,h1,0.0651115161685,closure_vector_permutation,closure_vector_permuted,0.773801408644,low_k_half>dispersion_half>radius_half>spectral_half>width_half>front_near>front_far
b3_2_relational_geometry,closure_vector_permutation,holdout,phase18_geometry_source_c63d4ef1cb696ab85c68f552,frozen_branch,1303,84,h0,h2,0,closure_vector_permutation,closure_vector_permuted,0.773801408644,low_k_half>dispersion_half>radius_half>spectral_half>width_half>front_near>front_far
b3_2_relational_geometry,closure_vector_permutation,holdout,phase18_geometry_source_c63d4ef1cb696ab85c68f552,frozen_branch,1303,84,h3,h1,-0.107908112381,closure_vector_permutation,closure_vector_permuted,0.773801408644,low_k_half>dispersion_half>radius_half>spectral_half>width_half>front_near>front_far
b3_2_relational_geometry,closure_vector_permutation,holdout,phase18_geometry_source_c63d4ef1cb696ab85c68f552,frozen_branch,1303,84,h3,h2,-0.27315889493,closure_vector_permutation,closure_vector_permuted,0.773801408644,low_k_half>dispersion_half>radius_half>spectral_half>width_half>front_near>front_far
b3_2_relational_geometry,closure_vector_permutation,chsh_held_back,phase18_geometry_source_91b7833cf26b509a7962381b,frozen_branch,1302,84,a0,b0,0,closure_vector_permutation,closure_vector_permuted,0.443028945913,low_k_half>dispersion_half>spectral_half>width_half>front_near>radius_half>front_far
b3_2_relational_geometry,closure_vector_permutation,chsh_held_back,phase18_geometry_source_91b7833cf26b509a7962381b,frozen_branch,1302,84,a0,b1,-0.156393224328,closure_vector_permutation,closure_vector_permuted,0.443028945913,low_k_half>dispersion_half>spectral_half>width_half>front_near>radius_half>front_far
b3_2_relational_geometry,closure_vector_permutation,chsh_held_back,phase18_geometry_source_91b7833cf26b509a7962381b,frozen_branch,1302,84,a1,b0,0.25079901187,closure_vector_permutation,closure_vector_permuted,0.443028945913,low_k_half>dispersion_half>spectral_half>width_half>front_near>radius_half>front_far
b3_2_relational_geometry,closure_vector_permutation,chsh_held_back,phase18_geometry_source_91b7833cf26b509a7962381b,frozen_branch,1302,84,a1,b1,-0.0538131530976,closure_vector_permutation,closure_vector_permuted,0.443028945913,low_k_half>dispersion_half>spectral_half>width_half>front_near>radius_half>front_far
b3_2_relational_geometry,closure_vector_permutation,holdout,phase18_geometry_source_91b7833cf26b509a7962381b,frozen_branch,1302,84,h0,h1,0.0691894971088,closure_vector_permutation,closure_vector_permuted,0.443028945913,low_k_half>dispersion_half>spectral_half>width_half>front_near>radius_half>front_far
b3_2_relational_geometry,closure_vector_permutation,holdout,phase18_geometry_source_91b7833cf26b509a7962381b,frozen_branch,1302,84,h0,h2,0,closure_vector_permutation,closure_vector_permuted,0.443028945913,low_k_half>dispersion_half>spectral_half>width_half>front_near>radius_half>front_far
b3_2_relational_geometry,closure_vector_permutation,holdout,phase18_geometry_source_91b7833cf26b509a7962381b,frozen_branch,1302,84,h3,h1,0,closure_vector_permutation,closure_vector_permuted,0.443028945913,low_k_half>dispersion_half>spectral_half>width_half>front_near>radius_half>front_far
b3_2_relational_geometry,closure_vector_permutation,holdout,phase18_geometry_source_91b7833cf26b509a7962381b,frozen_branch,1302,84,h3,h2,0,closure_vector_permutation,closure_vector_permuted,0.443028945913,low_k_half>dispersion_half>spectral_half>width_half>front_near>radius_half>front_far
b3_2_relational_geometry,refinement_broken_control,chsh_held_back,phase18_geometry_source_e1e5929041b41e96d2d78471,periodic_diagonal_augmented_control,1303,60,a0,b0,-0.432776263348,refinement_broken_control,target,0.95,low_k_half>dispersion_half>radius_half>spectral_half>width_half>front_near>front_far
b3_2_relational_geometry,refinement_broken_control,chsh_held_back,phase18_geometry_source_e1e5929041b41e96d2d78471,periodic_diagonal_augmented_control,1303,60,a0,b1,0,refinement_broken_control,target,0.95,low_k_half>dispersion_half>radius_half>spectral_half>width_half>front_near>front_far
b3_2_relational_geometry,refinement_broken_control,chsh_held_back,phase18_geometry_source_e1e5929041b41e96d2d78471,periodic_diagonal_augmented_control,1303,60,a1,b0,0.111273805346,refinement_broken_control,target,0.95,low_k_half>dispersion_half>radius_half>spectral_half>width_half>front_near>front_far
b3_2_relational_geometry,refinement_broken_control,chsh_held_back,phase18_geometry_source_e1e5929041b41e96d2d78471,periodic_diagonal_augmented_control,1303,60,a1,b1,0.0312781038939,refinement_broken_control,target,0.95,low_k_half>dispersion_half>radius_half>spectral_half>width_half>front_near>front_far
b3_2_relational_geometry,refinement_broken_control,holdout,phase18_geometry_source_e1e5929041b41e96d2d78471,periodic_diagonal_augmented_control,1303,60,h0,h1,-0.399688729364,refinement_broken_control,target,0.95,low_k_half>dispersion_half>radius_half>spectral_half>width_half>front_near>front_far
b3_2_relational_geometry,refinement_broken_control,holdout,phase18_geometry_source_e1e5929041b41e96d2d78471,periodic_diagonal_augmented_control,1303,60,h0,h2,0.281048099421,refinement_broken_control,target,0.95,low_k_half>dispersion_half>radius_half>spectral_half>width_half>front_near>front_far
b3_2_relational_geometry,refinement_broken_control,holdout,phase18_geometry_source_e1e5929041b41e96d2d78471,periodic_diagonal_augmented_control,1303,60,h3,h1,0.883195659053,refinement_broken_control,target,0.95,low_k_half>dispersion_half>radius_half>spectral_half>width_half>front_near>front_far
b3_2_relational_geometry,refinement_broken_control,holdout,phase18_geometry_source_e1e5929041b41e96d2d78471,periodic_diagonal_augmented_control,1303,60,h3,h2,-0.173889639823,refinement_broken_control,target,0.95,low_k_half>dispersion_half>radius_half>spectral_half>width_half>front_near>front_far
b3_2_relational_geometry,refinement_broken_control,chsh_held_back,phase18_geometry_source_330b1b54ac66c76b0d9146a6,periodic_diagonal_augmented_control,1302,60,a0,b0,-0.121735336318,refinement_broken_control,target,0.352833239188,low_k_half>dispersion_half>radius_half>front_near>spectral_half>width_half>front_far
b3_2_relational_geometry,refinement_broken_control,chsh_held_back,phase18_geometry_source_330b1b54ac66c76b0d9146a6,periodic_diagonal_augmented_control,1302,60,a0,b1,0,refinement_broken_control,target,0.352833239188,low_k_half>dispersion_half>radius_half>front_near>spectral_half>width_half>front_far
b3_2_relational_geometry,refinement_broken_control,chsh_held_back,phase18_geometry_source_330b1b54ac66c76b0d9146a6,periodic_diagonal_augmented_control,1302,60,a1,b0,0.0596445349831,refinement_broken_control,target,0.352833239188,low_k_half>dispersion_half>radius_half>front_near>spectral_half>width_half>front_far
b3_2_relational_geometry,refinement_broken_control,chsh_held_back,phase18_geometry_source_330b1b54ac66c76b0d9146a6,periodic_diagonal_augmented_control,1302,60,a1,b1,-0.0103151740636,refinement_broken_control,target,0.352833239188,low_k_half>dispersion_half>radius_half>front_near>spectral_half>width_half>front_far
b3_2_relational_geometry,refinement_broken_control,holdout,phase18_geometry_source_330b1b54ac66c76b0d9146a6,periodic_diagonal_augmented_control,1302,60,h0,h1,-0.11980448228,refinement_broken_control,target,0.352833239188,low_k_half>dispersion_half>radius_half>front_near>spectral_half>width_half>front_far
b3_2_relational_geometry,refinement_broken_control,holdout,phase18_geometry_source_330b1b54ac66c76b0d9146a6,periodic_diagonal_augmented_control,1302,60,h0,h2,-0.0492245589728,refinement_broken_control,target,0.352833239188,low_k_half>dispersion_half>radius_half>front_near>spectral_half>width_half>front_far
b3_2_relational_geometry,refinement_broken_control,holdout,phase18_geometry_source_330b1b54ac66c76b0d9146a6,periodic_diagonal_augmented_control,1302,60,h3,h1,0.345981456089,refinement_broken_control,target,0.352833239188,low_k_half>dispersion_half>radius_half>front_near>spectral_half>width_half>front_far
b3_2_relational_geometry,refinement_broken_control,holdout,phase18_geometry_source_330b1b54ac66c76b0d9146a6,periodic_diagonal_augmented_control,1302,60,h3,h2,0,refinement_broken_control,target,0.352833239188,low_k_half>dispersion_half>radius_half>front_near>spectral_half>width_half>front_far
b3_2_relational_geometry,refinement_broken_control,chsh_held_back,phase18_geometry_source_130dfe594584d63f83f5e25b,periodic_diagonal_augmented_control,1303,72,a0,b0,-0.432776263348,refinement_broken_control,target,0.95,low_k_half>dispersion_half>radius_half>spectral_half>front_near>front_far>width_half
b3_2_relational_geometry,refinement_broken_control,chsh_held_back,phase18_geometry_source_130dfe594584d63f83f5e25b,periodic_diagonal_augmented_control,1303,72,a0,b1,0,refinement_broken_control,target,0.95,low_k_half>dispersion_half>radius_half>spectral_half>front_near>front_far>width_half
b3_2_relational_geometry,refinement_broken_control,chsh_held_back,phase18_geometry_source_130dfe594584d63f83f5e25b,periodic_diagonal_augmented_control,1303,72,a1,b0,-0.122192741914,refinement_broken_control,target,0.95,low_k_half>dispersion_half>radius_half>spectral_half>front_near>front_far>width_half
b3_2_relational_geometry,refinement_broken_control,chsh_held_back,phase18_geometry_source_130dfe594584d63f83f5e25b,periodic_diagonal_augmented_control,1303,72,a1,b1,0.0992543455277,refinement_broken_control,target,0.95,low_k_half>dispersion_half>radius_half>spectral_half>front_near>front_far>width_half
b3_2_relational_geometry,refinement_broken_control,holdout,phase18_geometry_source_130dfe594584d63f83f5e25b,periodic_diagonal_augmented_control,1303,72,h0,h1,-0.361913136131,refinement_broken_control,target,0.95,low_k_half>dispersion_half>radius_half>spectral_half>front_near>front_far>width_half
b3_2_relational_geometry,refinement_broken_control,holdout,phase18_geometry_source_130dfe594584d63f83f5e25b,periodic_diagonal_augmented_control,1303,72,h0,h2,0.390522673708,refinement_broken_control,target,0.95,low_k_half>dispersion_half>radius_half>spectral_half>front_near>front_far>width_half
b3_2_relational_geometry,refinement_broken_control,holdout,phase18_geometry_source_130dfe594584d63f83f5e25b,periodic_diagonal_augmented_control,1303,72,h3,h1,0.975192829004,refinement_broken_control,target,0.95,low_k_half>dispersion_half>radius_half>spectral_half>front_near>front_far>width_half
b3_2_relational_geometry,refinement_broken_control,holdout,phase18_geometry_source_130dfe594584d63f83f5e25b,periodic_diagonal_augmented_control,1303,72,h3,h2,-0.161762664924,refinement_broken_control,target,0.95,low_k_half>dispersion_half>radius_half>spectral_half>front_near>front_far>width_half
b3_2_relational_geometry,refinement_broken_control,chsh_held_back,phase18_geometry_source_2bc99b4ca7644bcf54782754,periodic_diagonal_augmented_control,1302,72,a0,b0,0.181246911832,refinement_broken_control,target,0.554764272647,low_k_half>dispersion_half>spectral_half>width_half>front_near>radius_half>front_far
b3_2_relational_geometry,refinement_broken_control,chsh_held_back,phase18_geometry_source_2bc99b4ca7644bcf54782754,periodic_diagonal_augmented_control,1302,72,a0,b1,-0.0145064300086,refinement_broken_control,target,0.554764272647,low_k_half>dispersion_half>spectral_half>width_half>front_near>radius_half>front_far
b3_2_relational_geometry,refinement_broken_control,chsh_held_back,phase18_geometry_source_2bc99b4ca7644bcf54782754,periodic_diagonal_augmented_control,1302,72,a1,b0,0.0935475420064,refinement_broken_control,target,0.554764272647,low_k_half>dispersion_half>spectral_half>width_half>front_near>radius_half>front_far
b3_2_relational_geometry,refinement_broken_control,chsh_held_back,phase18_geometry_source_2bc99b4ca7644bcf54782754,periodic_diagonal_augmented_control,1302,72,a1,b1,0,refinement_broken_control,target,0.554764272647,low_k_half>dispersion_half>spectral_half>width_half>front_near>radius_half>front_far
b3_2_relational_geometry,refinement_broken_control,holdout,phase18_geometry_source_2bc99b4ca7644bcf54782754,periodic_diagonal_augmented_control,1302,72,h0,h1,-0.0649797175655,refinement_broken_control,target,0.554764272647,low_k_half>dispersion_half>spectral_half>width_half>front_near>radius_half>front_far
b3_2_relational_geometry,refinement_broken_control,holdout,phase18_geometry_source_2bc99b4ca7644bcf54782754,periodic_diagonal_augmented_control,1302,72,h0,h2,-0.0227526797913,refinement_broken_control,target,0.554764272647,low_k_half>dispersion_half>spectral_half>width_half>front_near>radius_half>front_far
b3_2_relational_geometry,refinement_broken_control,holdout,phase18_geometry_source_2bc99b4ca7644bcf54782754,periodic_diagonal_augmented_control,1302,72,h3,h1,0.405559999285,refinement_broken_control,target,0.554764272647,low_k_half>dispersion_half>spectral_half>width_half>front_near>radius_half>front_far
b3_2_relational_geometry,refinement_broken_control,holdout,phase18_geometry_source_2bc99b4ca7644bcf54782754,periodic_diagonal_augmented_control,1302,72,h3,h2,0.0147923991158,refinement_broken_control,target,0.554764272647,low_k_half>dispersion_half>spectral_half>width_half>front_near>radius_half>front_far
b3_2_relational_geometry,refinement_broken_control,chsh_held_back,phase18_geometry_source_3e5175259759ec0ea959053a,periodic_diagonal_augmented_control,1303,84,a0,b0,-0.366903858127,refinement_broken_control,target,0.805401531322,low_k_half>dispersion_half>radius_half>spectral_half>front_near>width_half>front_far
b3_2_relational_geometry,refinement_broken_control,chsh_held_back,phase18_geometry_source_3e5175259759ec0ea959053a,periodic_diagonal_augmented_control,1303,84,a0,b1,0,refinement_broken_control,target,0.805401531322,low_k_half>dispersion_half>radius_half>spectral_half>front_near>width_half>front_far
b3_2_relational_geometry,refinement_broken_control,chsh_held_back,phase18_geometry_source_3e5175259759ec0ea959053a,periodic_diagonal_augmented_control,1303,84,a1,b0,-0.094336940233,refinement_broken_control,target,0.805401531322,low_k_half>dispersion_half>radius_half>spectral_half>front_near>width_half>front_far
b3_2_relational_geometry,refinement_broken_control,chsh_held_back,phase18_geometry_source_3e5175259759ec0ea959053a,periodic_diagonal_augmented_control,1303,84,a1,b1,-0.0265172976558,refinement_broken_control,target,0.805401531322,low_k_half>dispersion_half>radius_half>spectral_half>front_near>width_half>front_far
b3_2_relational_geometry,refinement_broken_control,holdout,phase18_geometry_source_3e5175259759ec0ea959053a,periodic_diagonal_augmented_control,1303,84,h0,h1,-0.251224991008,refinement_broken_control,target,0.805401531322,low_k_half>dispersion_half>radius_half>spectral_half>front_near>width_half>front_far
b3_2_relational_geometry,refinement_broken_control,holdout,phase18_geometry_source_3e5175259759ec0ea959053a,periodic_diagonal_augmented_control,1303,84,h0,h2,0.300074294815,refinement_broken_control,target,0.805401531322,low_k_half>dispersion_half>radius_half>spectral_half>front_near>width_half>front_far
b3_2_relational_geometry,refinement_broken_control,holdout,phase18_geometry_source_3e5175259759ec0ea959053a,periodic_diagonal_augmented_control,1303,84,h3,h1,0.789761177786,refinement_broken_control,target,0.805401531322,low_k_half>dispersion_half>radius_half>spectral_half>front_near>width_half>front_far
b3_2_relational_geometry,refinement_broken_control,holdout,phase18_geometry_source_3e5175259759ec0ea959053a,periodic_diagonal_augmented_control,1303,84,h3,h2,-0.14742208652,refinement_broken_control,target,0.805401531322,low_k_half>dispersion_half>radius_half>spectral_half>front_near>width_half>front_far
b3_2_relational_geometry,refinement_broken_control,chsh_held_back,phase18_geometry_source_9b0c218d12fe48cc8abc8534,periodic_diagonal_augmented_control,1302,84,a0,b0,0.182915504477,refinement_broken_control,target,0.559871535305,low_k_half>dispersion_half>spectral_half>width_half>front_near>radius_half>front_far
b3_2_relational_geometry,refinement_broken_control,chsh_held_back,phase18_geometry_source_9b0c218d12fe48cc8abc8534,periodic_diagonal_augmented_control,1302,84,a0,b1,-0.0146399788904,refinement_broken_control,target,0.559871535305,low_k_half>dispersion_half>spectral_half>width_half>front_near>radius_half>front_far
b3_2_relational_geometry,refinement_broken_control,chsh_held_back,phase18_geometry_source_9b0c218d12fe48cc8abc8534,periodic_diagonal_augmented_control,1302,84,a1,b0,0.0944087580068,refinement_broken_control,target,0.559871535305,low_k_half>dispersion_half>spectral_half>width_half>front_near>radius_half>front_far
b3_2_relational_geometry,refinement_broken_control,chsh_held_back,phase18_geometry_source_9b0c218d12fe48cc8abc8534,periodic_diagonal_augmented_control,1302,84,a1,b1,0,refinement_broken_control,target,0.559871535305,low_k_half>dispersion_half>spectral_half>width_half>front_near>radius_half>front_far
b3_2_relational_geometry,refinement_broken_control,holdout,phase18_geometry_source_9b0c218d12fe48cc8abc8534,periodic_diagonal_augmented_control,1302,84,h0,h1,-0.0655779328822,refinement_broken_control,target,0.559871535305,low_k_half>dispersion_half>spectral_half>width_half>front_near>radius_half>front_far
b3_2_relational_geometry,refinement_broken_control,holdout,phase18_geometry_source_9b0c218d12fe48cc8abc8534,periodic_diagonal_augmented_control,1302,84,h0,h2,-0.0229621451762,refinement_broken_control,target,0.559871535305,low_k_half>dispersion_half>spectral_half>width_half>front_near>radius_half>front_far
b3_2_relational_geometry,refinement_broken_control,holdout,phase18_geometry_source_9b0c218d12fe48cc8abc8534,periodic_diagonal_augmented_control,1302,84,h3,h1,0.409293659764,refinement_broken_control,target,0.559871535305,low_k_half>dispersion_half>spectral_half>width_half>front_near>radius_half>front_far
b3_2_relational_geometry,refinement_broken_control,holdout,phase18_geometry_source_9b0c218d12fe48cc8abc8534,periodic_diagonal_augmented_control,1302,84,h3,h2,0.0149285806821,refinement_broken_control,target,0.559871535305,low_k_half>dispersion_half>spectral_half>width_half>front_near>radius_half>front_far
