left_observation_id,right_observation_id,left_kind,right_kind,left_control_group,right_control_group,left_signature_id,right_signature_id,scalar_distance,scalar_enabled,disabled_components,warnings
obs_c21d789f14a613fc6b0083e2,obs_c21d789f14a613fc6b0083e2,target,target,target,target,bsig_53d374d66c9dffe0861a6d49,bsig_53d374d66c9dffe0861a6d49,0.0,True,,
obs_c21d789f14a613fc6b0083e2,obs_afd8912a0e32fb71b5407b81,target,frozen_control,target,periodic_diagonal_augmented_control,bsig_53d374d66c9dffe0861a6d49,bsig_c70af5951ff4d9712678a20b,0.169659056021604,True,,
obs_c21d789f14a613fc6b0083e2,obs_ed1f0ceddbbf708b259ea1a6,target,target,target,target,bsig_53d374d66c9dffe0861a6d49,bsig_53d374d66c9dffe0861a6d49,0.22764144967890304,True,,
obs_c21d789f14a613fc6b0083e2,obs_46ade388243f3a4581ba4489,target,frozen_control,target,periodic_diagonal_augmented_control,bsig_53d374d66c9dffe0861a6d49,bsig_c70af5951ff4d9712678a20b,0.27762270090051955,True,,
obs_c21d789f14a613fc6b0083e2,obs_8de73c59341ac382087fba03,target,target,target,target,bsig_53d374d66c9dffe0861a6d49,bsig_53d374d66c9dffe0861a6d49,0.163224348280706,True,,
obs_c21d789f14a613fc6b0083e2,obs_4b958084812d6435763f9a05,target,frozen_control,target,periodic_diagonal_augmented_control,bsig_53d374d66c9dffe0861a6d49,bsig_1364358a857deba241e04538,0.2896793542495495,True,,
obs_c21d789f14a613fc6b0083e2,obs_ea0aca853f3046642f451b7d,target,target,target,target,bsig_53d374d66c9dffe0861a6d49,bsig_53d374d66c9dffe0861a6d49,0.27554929689085833,True,,
obs_c21d789f14a613fc6b0083e2,obs_1163ec91dc845e4ed94d462a,target,frozen_control,target,periodic_diagonal_augmented_control,bsig_53d374d66c9dffe0861a6d49,bsig_1364358a857deba241e04538,0.32921559803175654,True,,
obs_c21d789f14a613fc6b0083e2,obs_d6eeaa59b08b0f1c4897f8db,target,target,target,target,bsig_53d374d66c9dffe0861a6d49,bsig_53d374d66c9dffe0861a6d49,0.12830277170135795,True,,
obs_c21d789f14a613fc6b0083e2,obs_86701919f4db014d1d236f54,target,frozen_control,target,periodic_diagonal_augmented_control,bsig_53d374d66c9dffe0861a6d49,bsig_53d374d66c9dffe0861a6d49,0.1769147182943826,True,,
obs_c21d789f14a613fc6b0083e2,obs_8c347ec96417e5677cdb8ad0,target,target,target,target,bsig_53d374d66c9dffe0861a6d49,bsig_53d374d66c9dffe0861a6d49,0.2463587841691698,True,,
obs_c21d789f14a613fc6b0083e2,obs_624a249c44d428f10aa73463,target,frozen_control,target,periodic_diagonal_augmented_control,bsig_53d374d66c9dffe0861a6d49,bsig_53d374d66c9dffe0861a6d49,0.27607780688709616,True,,
obs_c21d789f14a613fc6b0083e2,obs_e43b79a2ef68469ae989ae1e,target,derived_control,target,shuffled_structure_control,bsig_53d374d66c9dffe0861a6d49,bsig_bb01a7c1d0ca9b191d52310d,0.15793650793650793,True,,
obs_c21d789f14a613fc6b0083e2,obs_c887eb3bf0ab4011d4084e3a,target,derived_control,target,shuffled_structure_control,bsig_53d374d66c9dffe0861a6d49,bsig_bb01a7c1d0ca9b191d52310d,0.31811764015509353,True,,
obs_c21d789f14a613fc6b0083e2,obs_57e35110e54898bdbe032c98,target,derived_control,target,shuffled_structure_control,bsig_53d374d66c9dffe0861a6d49,bsig_bb01a7c1d0ca9b191d52310d,0.26163704669340443,True,,
obs_c21d789f14a613fc6b0083e2,obs_2d439625692f7d83d54dd8c5,target,derived_control,target,shuffled_structure_control,bsig_53d374d66c9dffe0861a6d49,bsig_bb01a7c1d0ca9b191d52310d,0.3660254873670488,True,,
obs_c21d789f14a613fc6b0083e2,obs_ee93d740f305035b42ac22c5,target,derived_control,target,shuffled_structure_control,bsig_53d374d66c9dffe0861a6d49,bsig_bb01a7c1d0ca9b191d52310d,0.2862392796378659,True,,
obs_c21d789f14a613fc6b0083e2,obs_590502ed80ee4f9526a00243,target,derived_control,target,shuffled_structure_control,bsig_53d374d66c9dffe0861a6d49,bsig_bb01a7c1d0ca9b191d52310d,0.3368349746453603,True,,
obs_c21d789f14a613fc6b0083e2,obs_cd8cd88cb9618af0705bbf06,target,derived_control,target,randomized_edge_control,bsig_53d374d66c9dffe0861a6d49,bsig_3b1c1a5f56bb03b20611587b,0.17182539682539683,True,,
obs_c21d789f14a613fc6b0083e2,obs_448f4e11eb5a27dd4f60b644,target,derived_control,target,randomized_edge_control,bsig_53d374d66c9dffe0861a6d49,bsig_3b1c1a5f56bb03b20611587b,0.3320065290439824,True,,
obs_c21d789f14a613fc6b0083e2,obs_fa7bd1db2d6a1d5f66733a16,target,derived_control,target,randomized_edge_control,bsig_53d374d66c9dffe0861a6d49,bsig_3b1c1a5f56bb03b20611587b,0.27552593558229327,True,,
obs_c21d789f14a613fc6b0083e2,obs_3f3cbf5fee77e89478120a3b,target,derived_control,target,randomized_edge_control,bsig_53d374d66c9dffe0861a6d49,bsig_3b1c1a5f56bb03b20611587b,0.3799143762559377,True,,
obs_c21d789f14a613fc6b0083e2,obs_ddbc298f7c4df1aede53d5d6,target,derived_control,target,randomized_edge_control,bsig_53d374d66c9dffe0861a6d49,bsig_3b1c1a5f56bb03b20611587b,0.3001281685267547,True,,
obs_c21d789f14a613fc6b0083e2,obs_3f2760e857afefe81bf772fe,target,derived_control,target,randomized_edge_control,bsig_53d374d66c9dffe0861a6d49,bsig_3b1c1a5f56bb03b20611587b,0.3507238635342491,True,,
obs_c21d789f14a613fc6b0083e2,obs_1aa1fc186c905e7ffa16d2d4,target,derived_control,target,degraded_signal_control,bsig_53d374d66c9dffe0861a6d49,bsig_8527b27b7d47cca4b9594df9,0.3119372450535912,True,,
obs_c21d789f14a613fc6b0083e2,obs_e9c8066d01dd67e1f9d375ef,target,derived_control,target,degraded_signal_control,bsig_53d374d66c9dffe0861a6d49,bsig_1095c101d561009a130e1133,0.36238568296470997,True,,
obs_c21d789f14a613fc6b0083e2,obs_aabd161899dc613ecf88b1d9,target,derived_control,target,degraded_signal_control,bsig_53d374d66c9dffe0861a6d49,bsig_5fc2cc8106fba2b64bc8c905,0.3295644401014004,True,,
obs_c21d789f14a613fc6b0083e2,obs_322c862d474a379bd8df7674,target,derived_control,target,degraded_signal_control,bsig_53d374d66c9dffe0861a6d49,bsig_1095c101d561009a130e1133,0.40057886479257454,True,,
obs_c21d789f14a613fc6b0083e2,obs_4ef6a9c1a3b2d0659064e20b,target,derived_control,target,degraded_signal_control,bsig_53d374d66c9dffe0861a6d49,bsig_8527b27b7d47cca4b9594df9,0.3376259582326916,True,,
obs_c21d789f14a613fc6b0083e2,obs_7d8b6ee929f2a0a0cf7af8f5,target,derived_control,target,degraded_signal_control,bsig_53d374d66c9dffe0861a6d49,bsig_1095c101d561009a130e1133,0.36679202870147115,True,,
obs_c21d789f14a613fc6b0083e2,obs_b41d2dded4b9ccd5ecd128d5,target,derived_control,target,label_permutation_control,bsig_53d374d66c9dffe0861a6d49,bsig_8e7a52f1a727043c61e5d5c2,0.21688034188034186,True,,
obs_c21d789f14a613fc6b0083e2,obs_a3582497f15ead2a2fc1280f,target,derived_control,target,label_permutation_control,bsig_53d374d66c9dffe0861a6d49,bsig_8e7a52f1a727043c61e5d5c2,0.37706147409892743,True,,
obs_c21d789f14a613fc6b0083e2,obs_f855844ba74f991c9ab0ba6d,target,derived_control,target,label_permutation_control,bsig_53d374d66c9dffe0861a6d49,bsig_8e7a52f1a727043c61e5d5c2,0.32058088063723833,True,,
obs_c21d789f14a613fc6b0083e2,obs_20877377330b5094380e86df,target,derived_control,target,label_permutation_control,bsig_53d374d66c9dffe0861a6d49,bsig_8e7a52f1a727043c61e5d5c2,0.4249693213108828,True,,
obs_c21d789f14a613fc6b0083e2,obs_8d92e32fec459dd0746ec799,target,derived_control,target,label_permutation_control,bsig_53d374d66c9dffe0861a6d49,bsig_8e7a52f1a727043c61e5d5c2,0.3451831135816998,True,,
obs_c21d789f14a613fc6b0083e2,obs_11180e544727ce850ebf3a6a,target,derived_control,target,label_permutation_control,bsig_53d374d66c9dffe0861a6d49,bsig_8e7a52f1a727043c61e5d5c2,0.3957788085891942,True,,
obs_c21d789f14a613fc6b0083e2,obs_979ad629051487c82499339e,target,derived_control,target,generic_graph_operator_control,bsig_53d374d66c9dffe0861a6d49,bsig_793bb0a29a9abfe233b6d670,0.3504629629629629,True,,
obs_c21d789f14a613fc6b0083e2,obs_2c0e6630085a94e0f0b4dd07,target,derived_control,target,generic_graph_operator_control,bsig_53d374d66c9dffe0861a6d49,bsig_793bb0a29a9abfe233b6d670,0.5106440951815485,True,,
obs_c21d789f14a613fc6b0083e2,obs_0033e7ce631563262f7b0bbe,target,derived_control,target,generic_graph_operator_control,bsig_53d374d66c9dffe0861a6d49,bsig_793bb0a29a9abfe233b6d670,0.41880996636632406,True,,
obs_c21d789f14a613fc6b0083e2,obs_118430be7d682f480e3902ea,target,derived_control,target,generic_graph_operator_control,bsig_53d374d66c9dffe0861a6d49,bsig_793bb0a29a9abfe233b6d670,0.5231984070399684,True,,
obs_c21d789f14a613fc6b0083e2,obs_8f4c211fcf3841317e300fd0,target,derived_control,target,generic_graph_operator_control,bsig_53d374d66c9dffe0861a6d49,bsig_793bb0a29a9abfe233b6d670,0.4787657346643209,True,,
obs_c21d789f14a613fc6b0083e2,obs_ae30906415b62baef858fb35,target,derived_control,target,generic_graph_operator_control,bsig_53d374d66c9dffe0861a6d49,bsig_793bb0a29a9abfe233b6d670,0.5293614296718152,True,,
obs_c21d789f14a613fc6b0083e2,obs_2b1c4b4fddba864cb9f9f25f,target,derived_control,target,seed_repeat_control,bsig_53d374d66c9dffe0861a6d49,bsig_53d374d66c9dffe0861a6d49,0.0,True,,
obs_c21d789f14a613fc6b0083e2,obs_65dfe5e65cb70d7cb499d482,target,derived_control,target,seed_repeat_control,bsig_53d374d66c9dffe0861a6d49,bsig_53d374d66c9dffe0861a6d49,0.22764144967890304,True,,
obs_c21d789f14a613fc6b0083e2,obs_f622bfcc3394ff0a255f9f83,target,derived_control,target,seed_repeat_control,bsig_53d374d66c9dffe0861a6d49,bsig_53d374d66c9dffe0861a6d49,0.163224348280706,True,,
obs_c21d789f14a613fc6b0083e2,obs_57728f48826a986fe1ea83d9,target,derived_control,target,seed_repeat_control,bsig_53d374d66c9dffe0861a6d49,bsig_53d374d66c9dffe0861a6d49,0.27554929689085833,True,,
obs_c21d789f14a613fc6b0083e2,obs_c740a30388dc20122927f42a,target,derived_control,target,seed_repeat_control,bsig_53d374d66c9dffe0861a6d49,bsig_53d374d66c9dffe0861a6d49,0.12830277170135795,True,,
obs_c21d789f14a613fc6b0083e2,obs_04fbf535deaa3a11fe4345ca,target,derived_control,target,seed_repeat_control,bsig_53d374d66c9dffe0861a6d49,bsig_53d374d66c9dffe0861a6d49,0.2463587841691698,True,,
obs_c21d789f14a613fc6b0083e2,obs_d36d9fb3b1f089bbbf821e5c,target,derived_control,target,parameter_matched_null_control,bsig_53d374d66c9dffe0861a6d49,bsig_f61a89a0172a79f5d96cd71c,0.6057495906130023,True,,
obs_c21d789f14a613fc6b0083e2,obs_93659ee4b3b5fdadf510315f,target,derived_control,target,parameter_matched_null_control,bsig_53d374d66c9dffe0861a6d49,bsig_f61a89a0172a79f5d96cd71c,0.6235437516107347,True,,
obs_c21d789f14a613fc6b0083e2,obs_5a7521167226bbafcd5c6ba8,target,derived_control,target,parameter_matched_null_control,bsig_53d374d66c9dffe0861a6d49,bsig_f61a89a0172a79f5d96cd71c,0.6437334506800252,True,,
obs_c21d789f14a613fc6b0083e2,obs_9b1c5f0213d9d0fc1a3fff27,target,derived_control,target,parameter_matched_null_control,bsig_53d374d66c9dffe0861a6d49,bsig_f61a89a0172a79f5d96cd71c,0.6573073990927236,True,,
obs_c21d789f14a613fc6b0083e2,obs_062eb3c1dd90468a63227d7f,target,derived_control,target,parameter_matched_null_control,bsig_53d374d66c9dffe0861a6d49,bsig_f61a89a0172a79f5d96cd71c,0.6076731519209801,True,,
obs_c21d789f14a613fc6b0083e2,obs_e93f92e26db8b9c29005cc9e,target,derived_control,target,parameter_matched_null_control,bsig_53d374d66c9dffe0861a6d49,bsig_f61a89a0172a79f5d96cd71c,0.6219714654130436,True,,
obs_afd8912a0e32fb71b5407b81,obs_c21d789f14a613fc6b0083e2,frozen_control,target,periodic_diagonal_augmented_control,target,bsig_c70af5951ff4d9712678a20b,bsig_53d374d66c9dffe0861a6d49,0.169659056021604,True,,
obs_afd8912a0e32fb71b5407b81,obs_afd8912a0e32fb71b5407b81,frozen_control,frozen_control,periodic_diagonal_augmented_control,periodic_diagonal_augmented_control,bsig_c70af5951ff4d9712678a20b,bsig_c70af5951ff4d9712678a20b,0.0,True,,
obs_afd8912a0e32fb71b5407b81,obs_ed1f0ceddbbf708b259ea1a6,frozen_control,target,periodic_diagonal_augmented_control,target,bsig_c70af5951ff4d9712678a20b,bsig_53d374d66c9dffe0861a6d49,0.291269281008296,True,,
obs_afd8912a0e32fb71b5407b81,obs_46ade388243f3a4581ba4489,frozen_control,frozen_control,periodic_diagonal_augmented_control,periodic_diagonal_augmented_control,bsig_c70af5951ff4d9712678a20b,bsig_c70af5951ff4d9712678a20b,0.21087305994165395,True,,
obs_afd8912a0e32fb71b5407b81,obs_8de73c59341ac382087fba03,frozen_control,target,periodic_diagonal_augmented_control,target,bsig_c70af5951ff4d9712678a20b,bsig_53d374d66c9dffe0861a6d49,0.27287488490225387,True,,
obs_afd8912a0e32fb71b5407b81,obs_4b958084812d6435763f9a05,frozen_control,frozen_control,periodic_diagonal_augmented_control,periodic_diagonal_augmented_control,bsig_c70af5951ff4d9712678a20b,bsig_1364358a857deba241e04538,0.3061134967792848,True,,
obs_afd8912a0e32fb71b5407b81,obs_ea0aca853f3046642f451b7d,frozen_control,target,periodic_diagonal_augmented_control,target,bsig_c70af5951ff4d9712678a20b,bsig_53d374d66c9dffe0861a6d49,0.3289572450152436,True,,
obs_afd8912a0e32fb71b5407b81,obs_1163ec91dc845e4ed94d462a,frozen_control,frozen_control,periodic_diagonal_augmented_control,periodic_diagonal_augmented_control,bsig_c70af5951ff4d9712678a20b,bsig_1364358a857deba241e04538,0.350470922740798,True,,
obs_afd8912a0e32fb71b5407b81,obs_d6eeaa59b08b0f1c4897f8db,frozen_control,target,periodic_diagonal_augmented_control,target,bsig_c70af5951ff4d9712678a20b,bsig_53d374d66c9dffe0861a6d49,0.202989748428518,True,,
obs_afd8912a0e32fb71b5407b81,obs_86701919f4db014d1d236f54,frozen_control,frozen_control,periodic_diagonal_augmented_control,periodic_diagonal_augmented_control,bsig_c70af5951ff4d9712678a20b,bsig_53d374d66c9dffe0861a6d49,0.31145920129085647,True,,
obs_afd8912a0e32fb71b5407b81,obs_8c347ec96417e5677cdb8ad0,frozen_control,target,periodic_diagonal_augmented_control,target,bsig_c70af5951ff4d9712678a20b,bsig_53d374d66c9dffe0861a6d49,0.29347777140567605,True,,
obs_afd8912a0e32fb71b5407b81,obs_624a249c44d428f10aa73463,frozen_control,frozen_control,periodic_diagonal_augmented_control,periodic_diagonal_augmented_control,bsig_c70af5951ff4d9712678a20b,bsig_53d374d66c9dffe0861a6d49,0.33327374085148326,True,,
obs_afd8912a0e32fb71b5407b81,obs_e43b79a2ef68469ae989ae1e,frozen_control,derived_control,periodic_diagonal_augmented_control,shuffled_structure_control,bsig_c70af5951ff4d9712678a20b,bsig_bb01a7c1d0ca9b191d52310d,0.3067622306247786,True,,
obs_afd8912a0e32fb71b5407b81,obs_c887eb3bf0ab4011d4084e3a,frozen_control,derived_control,periodic_diagonal_augmented_control,shuffled_structure_control,bsig_c70af5951ff4d9712678a20b,bsig_bb01a7c1d0ca9b191d52310d,0.3609121381511532,True,,
obs_afd8912a0e32fb71b5407b81,obs_57e35110e54898bdbe032c98,frozen_control,derived_control,periodic_diagonal_augmented_control,shuffled_structure_control,bsig_c70af5951ff4d9712678a20b,bsig_bb01a7c1d0ca9b191d52310d,0.35045424998161895,True,,
obs_afd8912a0e32fb71b5407b81,obs_2d439625692f7d83d54dd8c5,frozen_control,derived_control,periodic_diagonal_augmented_control,shuffled_structure_control,bsig_c70af5951ff4d9712678a20b,bsig_bb01a7c1d0ca9b191d52310d,0.3986001021581007,True,,
obs_afd8912a0e32fb71b5407b81,obs_ee93d740f305035b42ac22c5,frozen_control,derived_control,periodic_diagonal_augmented_control,shuffled_structure_control,bsig_c70af5951ff4d9712678a20b,bsig_bb01a7c1d0ca9b191d52310d,0.3400929230316926,True,,
obs_afd8912a0e32fb71b5407b81,obs_590502ed80ee4f9526a00243,frozen_control,derived_control,periodic_diagonal_augmented_control,shuffled_structure_control,bsig_c70af5951ff4d9712678a20b,bsig_bb01a7c1d0ca9b191d52310d,0.3631206285485332,True,,
obs_afd8912a0e32fb71b5407b81,obs_cd8cd88cb9618af0705bbf06,frozen_control,derived_control,periodic_diagonal_augmented_control,randomized_edge_control,bsig_c70af5951ff4d9712678a20b,bsig_3b1c1a5f56bb03b20611587b,0.3206511195136675,True,,
obs_afd8912a0e32fb71b5407b81,obs_448f4e11eb5a27dd4f60b644,frozen_control,derived_control,periodic_diagonal_augmented_control,randomized_edge_control,bsig_c70af5951ff4d9712678a20b,bsig_3b1c1a5f56bb03b20611587b,0.37480102704004203,True,,
obs_afd8912a0e32fb71b5407b81,obs_fa7bd1db2d6a1d5f66733a16,frozen_control,derived_control,periodic_diagonal_augmented_control,randomized_edge_control,bsig_c70af5951ff4d9712678a20b,bsig_3b1c1a5f56bb03b20611587b,0.36434313887050784,True,,
obs_afd8912a0e32fb71b5407b81,obs_3f3cbf5fee77e89478120a3b,frozen_control,derived_control,periodic_diagonal_augmented_control,randomized_edge_control,bsig_c70af5951ff4d9712678a20b,bsig_3b1c1a5f56bb03b20611587b,0.4124889910469896,True,,
obs_afd8912a0e32fb71b5407b81,obs_ddbc298f7c4df1aede53d5d6,frozen_control,derived_control,periodic_diagonal_augmented_control,randomized_edge_control,bsig_c70af5951ff4d9712678a20b,bsig_3b1c1a5f56bb03b20611587b,0.3539818119205815,True,,
obs_afd8912a0e32fb71b5407b81,obs_3f2760e857afefe81bf772fe,frozen_control,derived_control,periodic_diagonal_augmented_control,randomized_edge_control,bsig_c70af5951ff4d9712678a20b,bsig_3b1c1a5f56bb03b20611587b,0.37700951743742206,True,,
obs_afd8912a0e32fb71b5407b81,obs_1aa1fc186c905e7ffa16d2d4,frozen_control,derived_control,periodic_diagonal_augmented_control,degraded_signal_control,bsig_c70af5951ff4d9712678a20b,bsig_8527b27b7d47cca4b9594df9,0.42986903225935175,True,,
obs_afd8912a0e32fb71b5407b81,obs_e9c8066d01dd67e1f9d375ef,frozen_control,derived_control,periodic_diagonal_augmented_control,degraded_signal_control,bsig_c70af5951ff4d9712678a20b,bsig_1095c101d561009a130e1133,0.48415177809295884,True,,
obs_afd8912a0e32fb71b5407b81,obs_aabd161899dc613ecf88b1d9,frozen_control,derived_control,periodic_diagonal_augmented_control,degraded_signal_control,bsig_c70af5951ff4d9712678a20b,bsig_5fc2cc8106fba2b64bc8c905,0.4477807244061035,True,,
obs_afd8912a0e32fb71b5407b81,obs_322c862d474a379bd8df7674,frozen_control,derived_control,periodic_diagonal_augmented_control,degraded_signal_control,bsig_c70af5951ff4d9712678a20b,bsig_1095c101d561009a130e1133,0.5233734473618284,True,,
obs_afd8912a0e32fb71b5407b81,obs_4ef6a9c1a3b2d0659064e20b,frozen_control,derived_control,periodic_diagonal_augmented_control,degraded_signal_control,bsig_c70af5951ff4d9712678a20b,bsig_8527b27b7d47cca4b9594df9,0.4318851527054457,True,,
obs_afd8912a0e32fb71b5407b81,obs_7d8b6ee929f2a0a0cf7af8f5,frozen_control,derived_control,periodic_diagonal_augmented_control,degraded_signal_control,bsig_c70af5951ff4d9712678a20b,bsig_1095c101d561009a130e1133,0.4908861621796392,True,,
obs_afd8912a0e32fb71b5407b81,obs_b41d2dded4b9ccd5ecd128d5,frozen_control,derived_control,periodic_diagonal_augmented_control,label_permutation_control,bsig_c70af5951ff4d9712678a20b,bsig_8e7a52f1a727043c61e5d5c2,0.36570606456861254,True,,
obs_afd8912a0e32fb71b5407b81,obs_a3582497f15ead2a2fc1280f,frozen_control,derived_control,periodic_diagonal_augmented_control,label_permutation_control,bsig_c70af5951ff4d9712678a20b,bsig_8e7a52f1a727043c61e5d5c2,0.4198559720949871,True,,
obs_afd8912a0e32fb71b5407b81,obs_f855844ba74f991c9ab0ba6d,frozen_control,derived_control,periodic_diagonal_augmented_control,label_permutation_control,bsig_c70af5951ff4d9712678a20b,bsig_8e7a52f1a727043c61e5d5c2,0.4093980839254529,True,,
obs_afd8912a0e32fb71b5407b81,obs_20877377330b5094380e86df,frozen_control,derived_control,periodic_diagonal_augmented_control,label_permutation_control,bsig_c70af5951ff4d9712678a20b,bsig_8e7a52f1a727043c61e5d5c2,0.45754393610193467,True,,
obs_afd8912a0e32fb71b5407b81,obs_8d92e32fec459dd0746ec799,frozen_control,derived_control,periodic_diagonal_augmented_control,label_permutation_control,bsig_c70af5951ff4d9712678a20b,bsig_8e7a52f1a727043c61e5d5c2,0.39903675697552654,True,,
obs_afd8912a0e32fb71b5407b81,obs_11180e544727ce850ebf3a6a,frozen_control,derived_control,periodic_diagonal_augmented_control,label_permutation_control,bsig_c70af5951ff4d9712678a20b,bsig_8e7a52f1a727043c61e5d5c2,0.4220644624923671,True,,
obs_afd8912a0e32fb71b5407b81,obs_979ad629051487c82499339e,frozen_control,derived_control,periodic_diagonal_augmented_control,generic_graph_operator_control,bsig_c70af5951ff4d9712678a20b,bsig_793bb0a29a9abfe233b6d670,0.4992886856512336,True,,
obs_afd8912a0e32fb71b5407b81,obs_2c0e6630085a94e0f0b4dd07,frozen_control,derived_control,periodic_diagonal_augmented_control,generic_graph_operator_control,bsig_c70af5951ff4d9712678a20b,bsig_793bb0a29a9abfe233b6d670,0.5534385931776081,True,,
obs_afd8912a0e32fb71b5407b81,obs_0033e7ce631563262f7b0bbe,frozen_control,derived_control,periodic_diagonal_augmented_control,generic_graph_operator_control,bsig_c70af5951ff4d9712678a20b,bsig_793bb0a29a9abfe233b6d670,0.5076271696545386,True,,
obs_afd8912a0e32fb71b5407b81,obs_118430be7d682f480e3902ea,frozen_control,derived_control,periodic_diagonal_augmented_control,generic_graph_operator_control,bsig_c70af5951ff4d9712678a20b,bsig_793bb0a29a9abfe233b6d670,0.5557730218310204,True,,
obs_afd8912a0e32fb71b5407b81,obs_8f4c211fcf3841317e300fd0,frozen_control,derived_control,periodic_diagonal_augmented_control,generic_graph_operator_control,bsig_c70af5951ff4d9712678a20b,bsig_793bb0a29a9abfe233b6d670,0.5326193780581476,True,,
obs_afd8912a0e32fb71b5407b81,obs_ae30906415b62baef858fb35,frozen_control,derived_control,periodic_diagonal_augmented_control,generic_graph_operator_control,bsig_c70af5951ff4d9712678a20b,bsig_793bb0a29a9abfe233b6d670,0.5556470835749882,True,,
obs_afd8912a0e32fb71b5407b81,obs_2b1c4b4fddba864cb9f9f25f,frozen_control,derived_control,periodic_diagonal_augmented_control,seed_repeat_control,bsig_c70af5951ff4d9712678a20b,bsig_53d374d66c9dffe0861a6d49,0.169659056021604,True,,
obs_afd8912a0e32fb71b5407b81,obs_65dfe5e65cb70d7cb499d482,frozen_control,derived_control,periodic_diagonal_augmented_control,seed_repeat_control,bsig_c70af5951ff4d9712678a20b,bsig_53d374d66c9dffe0861a6d49,0.291269281008296,True,,
obs_afd8912a0e32fb71b5407b81,obs_f622bfcc3394ff0a255f9f83,frozen_control,derived_control,periodic_diagonal_augmented_control,seed_repeat_control,bsig_c70af5951ff4d9712678a20b,bsig_53d374d66c9dffe0861a6d49,0.27287488490225387,True,,
obs_afd8912a0e32fb71b5407b81,obs_57728f48826a986fe1ea83d9,frozen_control,derived_control,periodic_diagonal_augmented_control,seed_repeat_control,bsig_c70af5951ff4d9712678a20b,bsig_53d374d66c9dffe0861a6d49,0.3289572450152436,True,,
obs_afd8912a0e32fb71b5407b81,obs_c740a30388dc20122927f42a,frozen_control,derived_control,periodic_diagonal_augmented_control,seed_repeat_control,bsig_c70af5951ff4d9712678a20b,bsig_53d374d66c9dffe0861a6d49,0.202989748428518,True,,
obs_afd8912a0e32fb71b5407b81,obs_04fbf535deaa3a11fe4345ca,frozen_control,derived_control,periodic_diagonal_augmented_control,seed_repeat_control,bsig_c70af5951ff4d9712678a20b,bsig_53d374d66c9dffe0861a6d49,0.29347777140567605,True,,
obs_afd8912a0e32fb71b5407b81,obs_d36d9fb3b1f089bbbf821e5c,frozen_control,derived_control,periodic_diagonal_augmented_control,parameter_matched_null_control,bsig_c70af5951ff4d9712678a20b,bsig_f61a89a0172a79f5d96cd71c,0.6504402496952663,True,,
obs_afd8912a0e32fb71b5407b81,obs_93659ee4b3b5fdadf510315f,frozen_control,derived_control,periodic_diagonal_augmented_control,parameter_matched_null_control,bsig_c70af5951ff4d9712678a20b,bsig_f61a89a0172a79f5d96cd71c,0.6682344106929987,True,,
obs_afd8912a0e32fb71b5407b81,obs_5a7521167226bbafcd5c6ba8,frozen_control,derived_control,periodic_diagonal_augmented_control,parameter_matched_null_control,bsig_c70af5951ff4d9712678a20b,bsig_f61a89a0172a79f5d96cd71c,0.6883919133662574,True,,
obs_afd8912a0e32fb71b5407b81,obs_9b1c5f0213d9d0fc1a3fff27,frozen_control,derived_control,periodic_diagonal_augmented_control,parameter_matched_null_control,bsig_c70af5951ff4d9712678a20b,bsig_f61a89a0172a79f5d96cd71c,0.7019658617789558,True,,
obs_afd8912a0e32fb71b5407b81,obs_062eb3c1dd90468a63227d7f,frozen_control,derived_control,periodic_diagonal_augmented_control,parameter_matched_null_control,bsig_c70af5951ff4d9712678a20b,bsig_f61a89a0172a79f5d96cd71c,0.6523316282188508,True,,
obs_afd8912a0e32fb71b5407b81,obs_e93f92e26db8b9c29005cc9e,frozen_control,derived_control,periodic_diagonal_augmented_control,parameter_matched_null_control,bsig_c70af5951ff4d9712678a20b,bsig_f61a89a0172a79f5d96cd71c,0.6666299417109143,True,,
obs_ed1f0ceddbbf708b259ea1a6,obs_c21d789f14a613fc6b0083e2,target,target,target,target,bsig_53d374d66c9dffe0861a6d49,bsig_53d374d66c9dffe0861a6d49,0.22764144967890304,True,,
obs_ed1f0ceddbbf708b259ea1a6,obs_afd8912a0e32fb71b5407b81,target,frozen_control,target,periodic_diagonal_augmented_control,bsig_53d374d66c9dffe0861a6d49,bsig_c70af5951ff4d9712678a20b,0.291269281008296,True,,
obs_ed1f0ceddbbf708b259ea1a6,obs_ed1f0ceddbbf708b259ea1a6,target,target,target,target,bsig_53d374d66c9dffe0861a6d49,bsig_53d374d66c9dffe0861a6d49,0.0,True,,
obs_ed1f0ceddbbf708b259ea1a6,obs_46ade388243f3a4581ba4489,target,frozen_control,target,periodic_diagonal_augmented_control,bsig_53d374d66c9dffe0861a6d49,bsig_c70af5951ff4d9712678a20b,0.2025893559245991,True,,
obs_ed1f0ceddbbf708b259ea1a6,obs_8de73c59341ac382087fba03,target,target,target,target,bsig_53d374d66c9dffe0861a6d49,bsig_53d374d66c9dffe0861a6d49,0.24211523312765015,True,,
obs_ed1f0ceddbbf708b259ea1a6,obs_4b958084812d6435763f9a05,target,frozen_control,target,periodic_diagonal_augmented_control,bsig_53d374d66c9dffe0861a6d49,bsig_1364358a857deba241e04538,0.3868826570390054,True,,
obs_ed1f0ceddbbf708b259ea1a6,obs_ea0aca853f3046642f451b7d,target,target,target,target,bsig_53d374d66c9dffe0861a6d49,bsig_53d374d66c9dffe0861a6d49,0.07458395846755046,True,,
obs_ed1f0ceddbbf708b259ea1a6,obs_1163ec91dc845e4ed94d462a,target,frozen_control,target,periodic_diagonal_augmented_control,bsig_53d374d66c9dffe0861a6d49,bsig_1364358a857deba241e04538,0.10940322564780473,True,,
obs_ed1f0ceddbbf708b259ea1a6,obs_d6eeaa59b08b0f1c4897f8db,target,target,target,target,bsig_53d374d66c9dffe0861a6d49,bsig_53d374d66c9dffe0861a6d49,0.14077201770901243,True,,
obs_ed1f0ceddbbf708b259ea1a6,obs_86701919f4db014d1d236f54,target,frozen_control,target,periodic_diagonal_augmented_control,bsig_53d374d66c9dffe0861a6d49,bsig_53d374d66c9dffe0861a6d49,0.2943216060870483,True,,
obs_ed1f0ceddbbf708b259ea1a6,obs_8c347ec96417e5677cdb8ad0,target,target,target,target,bsig_53d374d66c9dffe0861a6d49,bsig_53d374d66c9dffe0861a6d49,0.06050525601227224,True,,
obs_ed1f0ceddbbf708b259ea1a6,obs_624a249c44d428f10aa73463,target,frozen_control,target,periodic_diagonal_augmented_control,bsig_53d374d66c9dffe0861a6d49,bsig_53d374d66c9dffe0861a6d49,0.06280155484432685,True,,
obs_ed1f0ceddbbf708b259ea1a6,obs_e43b79a2ef68469ae989ae1e,target,derived_control,target,shuffled_structure_control,bsig_53d374d66c9dffe0861a6d49,bsig_bb01a7c1d0ca9b191d52310d,0.3272085492460026,True,,
obs_ed1f0ceddbbf708b259ea1a6,obs_c887eb3bf0ab4011d4084e3a,target,derived_control,target,shuffled_structure_control,bsig_53d374d66c9dffe0861a6d49,bsig_bb01a7c1d0ca9b191d52310d,0.16702741702741702,True,,
obs_ed1f0ceddbbf708b259ea1a6,obs_57e35110e54898bdbe032c98,target,derived_control,target,shuffled_structure_control,bsig_53d374d66c9dffe0861a6d49,bsig_bb01a7c1d0ca9b191d52310d,0.3214803124927295,True,,
obs_ed1f0ceddbbf708b259ea1a6,obs_2d439625692f7d83d54dd8c5,target,derived_control,target,shuffled_structure_control,bsig_53d374d66c9dffe0861a6d49,bsig_bb01a7c1d0ca9b191d52310d,0.24161137549496747,True,,
obs_ed1f0ceddbbf708b259ea1a6,obs_ee93d740f305035b42ac22c5,target,derived_control,target,shuffled_structure_control,bsig_53d374d66c9dffe0861a6d49,bsig_bb01a7c1d0ca9b191d52310d,0.24033911727611199,True,,
obs_ed1f0ceddbbf708b259ea1a6,obs_590502ed80ee4f9526a00243,target,derived_control,target,shuffled_structure_control,bsig_53d374d66c9dffe0861a6d49,bsig_bb01a7c1d0ca9b191d52310d,0.22753267303968924,True,,
obs_ed1f0ceddbbf708b259ea1a6,obs_cd8cd88cb9618af0705bbf06,target,derived_control,target,randomized_edge_control,bsig_53d374d66c9dffe0861a6d49,bsig_3b1c1a5f56bb03b20611587b,0.33316093019838355,True,,
obs_ed1f0ceddbbf708b259ea1a6,obs_448f4e11eb5a27dd4f60b644,target,derived_control,target,randomized_edge_control,bsig_53d374d66c9dffe0861a6d49,bsig_3b1c1a5f56bb03b20611587b,0.17297979797979796,True,,
obs_ed1f0ceddbbf708b259ea1a6,obs_fa7bd1db2d6a1d5f66733a16,target,derived_control,target,randomized_edge_control,bsig_53d374d66c9dffe0861a6d49,bsig_3b1c1a5f56bb03b20611587b,0.32743269344511045,True,,
obs_ed1f0ceddbbf708b259ea1a6,obs_3f3cbf5fee77e89478120a3b,target,derived_control,target,randomized_edge_control,bsig_53d374d66c9dffe0861a6d49,bsig_3b1c1a5f56bb03b20611587b,0.24756375644734843,True,,
obs_ed1f0ceddbbf708b259ea1a6,obs_ddbc298f7c4df1aede53d5d6,target,derived_control,target,randomized_edge_control,bsig_53d374d66c9dffe0861a6d49,bsig_3b1c1a5f56bb03b20611587b,0.24629149822849292,True,,
obs_ed1f0ceddbbf708b259ea1a6,obs_3f2760e857afefe81bf772fe,target,derived_control,target,randomized_edge_control,bsig_53d374d66c9dffe0861a6d49,bsig_3b1c1a5f56bb03b20611587b,0.2334850539920702,True,,
obs_ed1f0ceddbbf708b259ea1a6,obs_1aa1fc186c905e7ffa16d2d4,target,derived_control,target,degraded_signal_control,bsig_53d374d66c9dffe0861a6d49,bsig_8527b27b7d47cca4b9594df9,0.43877113251544736,True,,
obs_ed1f0ceddbbf708b259ea1a6,obs_e9c8066d01dd67e1f9d375ef,target,derived_control,target,degraded_signal_control,bsig_53d374d66c9dffe0861a6d49,bsig_1095c101d561009a130e1133,0.3119372450535912,True,,
obs_ed1f0ceddbbf708b259ea1a6,obs_aabd161899dc613ecf88b1d9,target,derived_control,target,degraded_signal_control,bsig_53d374d66c9dffe0861a6d49,bsig_5fc2cc8106fba2b64bc8c905,0.42993048627190034,True,,
obs_ed1f0ceddbbf708b259ea1a6,obs_322c862d474a379bd8df7674,target,derived_control,target,degraded_signal_control,bsig_53d374d66c9dffe0861a6d49,bsig_1095c101d561009a130e1133,0.3762079189407807,True,,
obs_ed1f0ceddbbf708b259ea1a6,obs_4ef6a9c1a3b2d0659064e20b,target,derived_control,target,degraded_signal_control,bsig_53d374d66c9dffe0861a6d49,bsig_8527b27b7d47cca4b9594df9,0.33990779756424977,True,,
obs_ed1f0ceddbbf708b259ea1a6,obs_7d8b6ee929f2a0a0cf7af8f5,target,derived_control,target,degraded_signal_control,bsig_53d374d66c9dffe0861a6d49,bsig_1095c101d561009a130e1133,0.35752779445829946,True,,
obs_ed1f0ceddbbf708b259ea1a6,obs_b41d2dded4b9ccd5ecd128d5,target,derived_control,target,label_permutation_control,bsig_53d374d66c9dffe0861a6d49,bsig_8e7a52f1a727043c61e5d5c2,0.37706147409892743,True,,
obs_ed1f0ceddbbf708b259ea1a6,obs_a3582497f15ead2a2fc1280f,target,derived_control,target,label_permutation_control,bsig_53d374d66c9dffe0861a6d49,bsig_8e7a52f1a727043c61e5d5c2,0.21688034188034186,True,,
obs_ed1f0ceddbbf708b259ea1a6,obs_f855844ba74f991c9ab0ba6d,target,derived_control,target,label_permutation_control,bsig_53d374d66c9dffe0861a6d49,bsig_8e7a52f1a727043c61e5d5c2,0.3713332373456544,True,,
obs_ed1f0ceddbbf708b259ea1a6,obs_20877377330b5094380e86df,target,derived_control,target,label_permutation_control,bsig_53d374d66c9dffe0861a6d49,bsig_8e7a52f1a727043c61e5d5c2,0.29146430034789234,True,,
obs_ed1f0ceddbbf708b259ea1a6,obs_8d92e32fec459dd0746ec799,target,derived_control,target,label_permutation_control,bsig_53d374d66c9dffe0861a6d49,bsig_8e7a52f1a727043c61e5d5c2,0.2901920421290368,True,,
obs_ed1f0ceddbbf708b259ea1a6,obs_11180e544727ce850ebf3a6a,target,derived_control,target,label_permutation_control,bsig_53d374d66c9dffe0861a6d49,bsig_8e7a52f1a727043c61e5d5c2,0.2773855978926141,True,,
obs_ed1f0ceddbbf708b259ea1a6,obs_979ad629051487c82499339e,target,derived_control,target,generic_graph_operator_control,bsig_53d374d66c9dffe0861a6d49,bsig_793bb0a29a9abfe233b6d670,0.5106440951815485,True,,
obs_ed1f0ceddbbf708b259ea1a6,obs_2c0e6630085a94e0f0b4dd07,target,derived_control,target,generic_graph_operator_control,bsig_53d374d66c9dffe0861a6d49,bsig_793bb0a29a9abfe233b6d670,0.3504629629629629,True,,
obs_ed1f0ceddbbf708b259ea1a6,obs_0033e7ce631563262f7b0bbe,target,derived_control,target,generic_graph_operator_control,bsig_53d374d66c9dffe0861a6d49,bsig_793bb0a29a9abfe233b6d670,0.46956232307474005,True,,
obs_ed1f0ceddbbf708b259ea1a6,obs_118430be7d682f480e3902ea,target,derived_control,target,generic_graph_operator_control,bsig_53d374d66c9dffe0861a6d49,bsig_793bb0a29a9abfe233b6d670,0.38969338607697807,True,,
obs_ed1f0ceddbbf708b259ea1a6,obs_8f4c211fcf3841317e300fd0,target,derived_control,target,generic_graph_operator_control,bsig_53d374d66c9dffe0861a6d49,bsig_793bb0a29a9abfe233b6d670,0.42377466321165785,True,,
obs_ed1f0ceddbbf708b259ea1a6,obs_ae30906415b62baef858fb35,target,derived_control,target,generic_graph_operator_control,bsig_53d374d66c9dffe0861a6d49,bsig_793bb0a29a9abfe233b6d670,0.41096821897523517,True,,
obs_ed1f0ceddbbf708b259ea1a6,obs_2b1c4b4fddba864cb9f9f25f,target,derived_control,target,seed_repeat_control,bsig_53d374d66c9dffe0861a6d49,bsig_53d374d66c9dffe0861a6d49,0.22764144967890304,True,,
obs_ed1f0ceddbbf708b259ea1a6,obs_65dfe5e65cb70d7cb499d482,target,derived_control,target,seed_repeat_control,bsig_53d374d66c9dffe0861a6d49,bsig_53d374d66c9dffe0861a6d49,0.0,True,,
obs_ed1f0ceddbbf708b259ea1a6,obs_f622bfcc3394ff0a255f9f83,target,derived_control,target,seed_repeat_control,bsig_53d374d66c9dffe0861a6d49,bsig_53d374d66c9dffe0861a6d49,0.24211523312765015,True,,
obs_ed1f0ceddbbf708b259ea1a6,obs_57728f48826a986fe1ea83d9,target,derived_control,target,seed_repeat_control,bsig_53d374d66c9dffe0861a6d49,bsig_53d374d66c9dffe0861a6d49,0.07458395846755046,True,,
obs_ed1f0ceddbbf708b259ea1a6,obs_c740a30388dc20122927f42a,target,derived_control,target,seed_repeat_control,bsig_53d374d66c9dffe0861a6d49,bsig_53d374d66c9dffe0861a6d49,0.14077201770901243,True,,
obs_ed1f0ceddbbf708b259ea1a6,obs_04fbf535deaa3a11fe4345ca,target,derived_control,target,seed_repeat_control,bsig_53d374d66c9dffe0861a6d49,bsig_53d374d66c9dffe0861a6d49,0.06050525601227224,True,,
obs_ed1f0ceddbbf708b259ea1a6,obs_d36d9fb3b1f089bbbf821e5c,target,derived_control,target,parameter_matched_null_control,bsig_53d374d66c9dffe0861a6d49,bsig_f61a89a0172a79f5d96cd71c,0.6235437516107347,True,,
obs_ed1f0ceddbbf708b259ea1a6,obs_93659ee4b3b5fdadf510315f,target,derived_control,target,parameter_matched_null_control,bsig_53d374d66c9dffe0861a6d49,bsig_f61a89a0172a79f5d96cd71c,0.6057495906130023,True,,
obs_ed1f0ceddbbf708b259ea1a6,obs_5a7521167226bbafcd5c6ba8,target,derived_control,target,parameter_matched_null_control,bsig_53d374d66c9dffe0861a6d49,bsig_f61a89a0172a79f5d96cd71c,0.656551534580252,True,,
obs_ed1f0ceddbbf708b259ea1a6,obs_9b1c5f0213d9d0fc1a3fff27,target,derived_control,target,parameter_matched_null_control,bsig_53d374d66c9dffe0861a6d49,bsig_f61a89a0172a79f5d96cd71c,0.6427256360541749,True,,
obs_ed1f0ceddbbf708b259ea1a6,obs_062eb3c1dd90468a63227d7f,target,derived_control,target,parameter_matched_null_control,bsig_53d374d66c9dffe0861a6d49,bsig_f61a89a0172a79f5d96cd71c,0.6216880158665583,True,,
obs_ed1f0ceddbbf708b259ea1a6,obs_e93f92e26db8b9c29005cc9e,target,derived_control,target,parameter_matched_null_control,bsig_53d374d66c9dffe0861a6d49,bsig_f61a89a0172a79f5d96cd71c,0.6073897023744949,True,,
obs_46ade388243f3a4581ba4489,obs_c21d789f14a613fc6b0083e2,frozen_control,target,periodic_diagonal_augmented_control,target,bsig_c70af5951ff4d9712678a20b,bsig_53d374d66c9dffe0861a6d49,0.27762270090051955,True,,
obs_46ade388243f3a4581ba4489,obs_afd8912a0e32fb71b5407b81,frozen_control,frozen_control,periodic_diagonal_augmented_control,periodic_diagonal_augmented_control,bsig_c70af5951ff4d9712678a20b,bsig_c70af5951ff4d9712678a20b,0.21087305994165395,True,,
obs_46ade388243f3a4581ba4489,obs_ed1f0ceddbbf708b259ea1a6,frozen_control,target,periodic_diagonal_augmented_control,target,bsig_c70af5951ff4d9712678a20b,bsig_53d374d66c9dffe0861a6d49,0.2025893559245991,True,,
obs_46ade388243f3a4581ba4489,obs_46ade388243f3a4581ba4489,frozen_control,frozen_control,periodic_diagonal_augmented_control,periodic_diagonal_augmented_control,bsig_c70af5951ff4d9712678a20b,bsig_c70af5951ff4d9712678a20b,0.0,True,,
obs_46ade388243f3a4581ba4489,obs_8de73c59341ac382087fba03,frozen_control,target,periodic_diagonal_augmented_control,target,bsig_c70af5951ff4d9712678a20b,bsig_53d374d66c9dffe0861a6d49,0.26310523734520946,True,,
obs_46ade388243f3a4581ba4489,obs_4b958084812d6435763f9a05,frozen_control,frozen_control,periodic_diagonal_augmented_control,periodic_diagonal_augmented_control,bsig_c70af5951ff4d9712678a20b,bsig_1364358a857deba241e04538,0.39841294913875214,True,,
obs_46ade388243f3a4581ba4489,obs_ea0aca853f3046642f451b7d,frozen_control,target,periodic_diagonal_augmented_control,target,bsig_c70af5951ff4d9712678a20b,bsig_53d374d66c9dffe0861a6d49,0.25784932108967484,True,,
obs_46ade388243f3a4581ba4489,obs_1163ec91dc845e4ed94d462a,frozen_control,frozen_control,periodic_diagonal_augmented_control,periodic_diagonal_augmented_control,bsig_c70af5951ff4d9712678a20b,bsig_1364358a857deba241e04538,0.25685042308576334,True,,
obs_46ade388243f3a4581ba4489,obs_d6eeaa59b08b0f1c4897f8db,frozen_control,target,periodic_diagonal_augmented_control,target,bsig_c70af5951ff4d9712678a20b,bsig_53d374d66c9dffe0861a6d49,0.22421938439812295,True,,
obs_46ade388243f3a4581ba4489,obs_86701919f4db014d1d236f54,frozen_control,frozen_control,periodic_diagonal_augmented_control,periodic_diagonal_augmented_control,bsig_c70af5951ff4d9712678a20b,bsig_53d374d66c9dffe0861a6d49,0.32460185031401323,True,,
obs_46ade388243f3a4581ba4489,obs_8c347ec96417e5677cdb8ad0,frozen_control,target,periodic_diagonal_augmented_control,target,bsig_c70af5951ff4d9712678a20b,bsig_53d374d66c9dffe0861a6d49,0.2372041588956989,True,,
obs_46ade388243f3a4581ba4489,obs_624a249c44d428f10aa73463,frozen_control,frozen_control,periodic_diagonal_augmented_control,periodic_diagonal_augmented_control,bsig_c70af5951ff4d9712678a20b,bsig_53d374d66c9dffe0861a6d49,0.2561947513468408,True,,
obs_46ade388243f3a4581ba4489,obs_e43b79a2ef68469ae989ae1e,frozen_control,derived_control,periodic_diagonal_augmented_control,shuffled_structure_control,bsig_c70af5951ff4d9712678a20b,bsig_bb01a7c1d0ca9b191d52310d,0.3523882131660318,True,,
obs_46ade388243f3a4581ba4489,obs_c887eb3bf0ab4011d4084e3a,frozen_control,derived_control,periodic_diagonal_augmented_control,shuffled_structure_control,bsig_c70af5951ff4d9712678a20b,bsig_bb01a7c1d0ca9b191d52310d,0.2583072491424923,True,,
obs_46ade388243f3a4581ba4489,obs_57e35110e54898bdbe032c98,frozen_control,derived_control,periodic_diagonal_augmented_control,shuffled_structure_control,bsig_c70af5951ff4d9712678a20b,bsig_bb01a7c1d0ca9b191d52310d,0.3418390035789757,True,,
obs_46ade388243f3a4581ba4489,obs_2d439625692f7d83d54dd8c5,frozen_control,derived_control,periodic_diagonal_augmented_control,shuffled_structure_control,bsig_c70af5951ff4d9712678a20b,bsig_bb01a7c1d0ca9b191d52310d,0.31356721430756807,True,,
obs_46ade388243f3a4581ba4489,obs_ee93d740f305035b42ac22c5,frozen_control,derived_control,periodic_diagonal_augmented_control,shuffled_structure_control,bsig_c70af5951ff4d9712678a20b,bsig_bb01a7c1d0ca9b191d52310d,0.2989848966636352,True,,
obs_46ade388243f3a4581ba4489,obs_590502ed80ee4f9526a00243,frozen_control,derived_control,periodic_diagonal_augmented_control,shuffled_structure_control,bsig_c70af5951ff4d9712678a20b,bsig_bb01a7c1d0ca9b191d52310d,0.2929220521135921,True,,
obs_46ade388243f3a4581ba4489,obs_cd8cd88cb9618af0705bbf06,frozen_control,derived_control,periodic_diagonal_augmented_control,randomized_edge_control,bsig_c70af5951ff4d9712678a20b,bsig_3b1c1a5f56bb03b20611587b,0.3619480977259164,True,,
obs_46ade388243f3a4581ba4489,obs_448f4e11eb5a27dd4f60b644,frozen_control,derived_control,periodic_diagonal_augmented_control,randomized_edge_control,bsig_c70af5951ff4d9712678a20b,bsig_3b1c1a5f56bb03b20611587b,0.26786713370237686,True,,
obs_46ade388243f3a4581ba4489,obs_fa7bd1db2d6a1d5f66733a16,frozen_control,derived_control,periodic_diagonal_augmented_control,randomized_edge_control,bsig_c70af5951ff4d9712678a20b,bsig_3b1c1a5f56bb03b20611587b,0.3513988881388602,True,,
obs_46ade388243f3a4581ba4489,obs_3f3cbf5fee77e89478120a3b,frozen_control,derived_control,periodic_diagonal_augmented_control,randomized_edge_control,bsig_c70af5951ff4d9712678a20b,bsig_3b1c1a5f56bb03b20611587b,0.3231270988674526,True,,
obs_46ade388243f3a4581ba4489,obs_ddbc298f7c4df1aede53d5d6,frozen_control,derived_control,periodic_diagonal_augmented_control,randomized_edge_control,bsig_c70af5951ff4d9712678a20b,bsig_3b1c1a5f56bb03b20611587b,0.3085447812235198,True,,
obs_46ade388243f3a4581ba4489,obs_3f2760e857afefe81bf772fe,frozen_control,derived_control,periodic_diagonal_augmented_control,randomized_edge_control,bsig_c70af5951ff4d9712678a20b,bsig_3b1c1a5f56bb03b20611587b,0.30248193667347667,True,,
obs_46ade388243f3a4581ba4489,obs_1aa1fc186c905e7ffa16d2d4,frozen_control,derived_control,periodic_diagonal_augmented_control,degraded_signal_control,bsig_c70af5951ff4d9712678a20b,bsig_8527b27b7d47cca4b9594df9,0.47598095585167766,True,,
obs_46ade388243f3a4581ba4489,obs_e9c8066d01dd67e1f9d375ef,frozen_control,derived_control,periodic_diagonal_augmented_control,degraded_signal_control,bsig_c70af5951ff4d9712678a20b,bsig_1095c101d561009a130e1133,0.38200101892401844,True,,
obs_46ade388243f3a4581ba4489,obs_aabd161899dc613ecf88b1d9,frozen_control,derived_control,periodic_diagonal_augmented_control,degraded_signal_control,bsig_c70af5951ff4d9712678a20b,bsig_5fc2cc8106fba2b64bc8c905,0.4656679262452124,True,,
obs_46ade388243f3a4581ba4489,obs_322c862d474a379bd8df7674,frozen_control,derived_control,periodic_diagonal_augmented_control,degraded_signal_control,bsig_c70af5951ff4d9712678a20b,bsig_1095c101d561009a130e1133,0.42827764500693816,True,,
obs_46ade388243f3a4581ba4489,obs_4ef6a9c1a3b2d0659064e20b,frozen_control,derived_control,periodic_diagonal_augmented_control,degraded_signal_control,bsig_c70af5951ff4d9712678a20b,bsig_8527b27b7d47cca4b9594df9,0.40303133981013506,True,,
obs_46ade388243f3a4581ba4489,obs_7d8b6ee929f2a0a0cf7af8f5,frozen_control,derived_control,periodic_diagonal_augmented_control,degraded_signal_control,bsig_c70af5951ff4d9712678a20b,bsig_1095c101d561009a130e1133,0.40284871856773236,True,,
obs_46ade388243f3a4581ba4489,obs_b41d2dded4b9ccd5ecd128d5,frozen_control,derived_control,periodic_diagonal_augmented_control,label_permutation_control,bsig_c70af5951ff4d9712678a20b,bsig_8e7a52f1a727043c61e5d5c2,0.4101776459554646,True,,
obs_46ade388243f3a4581ba4489,obs_a3582497f15ead2a2fc1280f,frozen_control,derived_control,periodic_diagonal_augmented_control,label_permutation_control,bsig_c70af5951ff4d9712678a20b,bsig_8e7a52f1a727043c61e5d5c2,0.3160966819319251,True,,
obs_46ade388243f3a4581ba4489,obs_f855844ba74f991c9ab0ba6d,frozen_control,derived_control,periodic_diagonal_augmented_control,label_permutation_control,bsig_c70af5951ff4d9712678a20b,bsig_8e7a52f1a727043c61e5d5c2,0.39962843636840845,True,,
obs_46ade388243f3a4581ba4489,obs_20877377330b5094380e86df,frozen_control,derived_control,periodic_diagonal_augmented_control,label_permutation_control,bsig_c70af5951ff4d9712678a20b,bsig_8e7a52f1a727043c61e5d5c2,0.37135664709700084,True,,
obs_46ade388243f3a4581ba4489,obs_8d92e32fec459dd0746ec799,frozen_control,derived_control,periodic_diagonal_augmented_control,label_permutation_control,bsig_c70af5951ff4d9712678a20b,bsig_8e7a52f1a727043c61e5d5c2,0.356774329453068,True,,
obs_46ade388243f3a4581ba4489,obs_11180e544727ce850ebf3a6a,frozen_control,derived_control,periodic_diagonal_augmented_control,label_permutation_control,bsig_c70af5951ff4d9712678a20b,bsig_8e7a52f1a727043c61e5d5c2,0.3507114849030249,True,,
obs_46ade388243f3a4581ba4489,obs_979ad629051487c82499339e,frozen_control,derived_control,periodic_diagonal_augmented_control,generic_graph_operator_control,bsig_c70af5951ff4d9712678a20b,bsig_793bb0a29a9abfe233b6d670,0.5437602670380857,True,,
obs_46ade388243f3a4581ba4489,obs_2c0e6630085a94e0f0b4dd07,frozen_control,derived_control,periodic_diagonal_augmented_control,generic_graph_operator_control,bsig_c70af5951ff4d9712678a20b,bsig_793bb0a29a9abfe233b6d670,0.4496793030145461,True,,
obs_46ade388243f3a4581ba4489,obs_0033e7ce631563262f7b0bbe,frozen_control,derived_control,periodic_diagonal_augmented_control,generic_graph_operator_control,bsig_c70af5951ff4d9712678a20b,bsig_793bb0a29a9abfe233b6d670,0.4978575220974942,True,,
obs_46ade388243f3a4581ba4489,obs_118430be7d682f480e3902ea,frozen_control,derived_control,periodic_diagonal_augmented_control,generic_graph_operator_control,bsig_c70af5951ff4d9712678a20b,bsig_793bb0a29a9abfe233b6d670,0.46958573282608657,True,,
obs_46ade388243f3a4581ba4489,obs_8f4c211fcf3841317e300fd0,frozen_control,derived_control,periodic_diagonal_augmented_control,generic_graph_operator_control,bsig_c70af5951ff4d9712678a20b,bsig_793bb0a29a9abfe233b6d670,0.49035695053568906,True,,
obs_46ade388243f3a4581ba4489,obs_ae30906415b62baef858fb35,frozen_control,derived_control,periodic_diagonal_augmented_control,generic_graph_operator_control,bsig_c70af5951ff4d9712678a20b,bsig_793bb0a29a9abfe233b6d670,0.48429410598564593,True,,
obs_46ade388243f3a4581ba4489,obs_2b1c4b4fddba864cb9f9f25f,frozen_control,derived_control,periodic_diagonal_augmented_control,seed_repeat_control,bsig_c70af5951ff4d9712678a20b,bsig_53d374d66c9dffe0861a6d49,0.27762270090051955,True,,
obs_46ade388243f3a4581ba4489,obs_65dfe5e65cb70d7cb499d482,frozen_control,derived_control,periodic_diagonal_augmented_control,seed_repeat_control,bsig_c70af5951ff4d9712678a20b,bsig_53d374d66c9dffe0861a6d49,0.2025893559245991,True,,
obs_46ade388243f3a4581ba4489,obs_f622bfcc3394ff0a255f9f83,frozen_control,derived_control,periodic_diagonal_augmented_control,seed_repeat_control,bsig_c70af5951ff4d9712678a20b,bsig_53d374d66c9dffe0861a6d49,0.26310523734520946,True,,
obs_46ade388243f3a4581ba4489,obs_57728f48826a986fe1ea83d9,frozen_control,derived_control,periodic_diagonal_augmented_control,seed_repeat_control,bsig_c70af5951ff4d9712678a20b,bsig_53d374d66c9dffe0861a6d49,0.25784932108967484,True,,
obs_46ade388243f3a4581ba4489,obs_c740a30388dc20122927f42a,frozen_control,derived_control,periodic_diagonal_augmented_control,seed_repeat_control,bsig_c70af5951ff4d9712678a20b,bsig_53d374d66c9dffe0861a6d49,0.22421938439812295,True,,
obs_46ade388243f3a4581ba4489,obs_04fbf535deaa3a11fe4345ca,frozen_control,derived_control,periodic_diagonal_augmented_control,seed_repeat_control,bsig_c70af5951ff4d9712678a20b,bsig_53d374d66c9dffe0861a6d49,0.2372041588956989,True,,
obs_46ade388243f3a4581ba4489,obs_d36d9fb3b1f089bbbf821e5c,frozen_control,derived_control,periodic_diagonal_augmented_control,parameter_matched_null_control,bsig_c70af5951ff4d9712678a20b,bsig_f61a89a0172a79f5d96cd71c,0.6653054651147674,True,,
obs_46ade388243f3a4581ba4489,obs_93659ee4b3b5fdadf510315f,frozen_control,derived_control,periodic_diagonal_augmented_control,parameter_matched_null_control,bsig_c70af5951ff4d9712678a20b,bsig_f61a89a0172a79f5d96cd71c,0.6599829594458332,True,,
obs_46ade388243f3a4581ba4489,obs_5a7521167226bbafcd5c6ba8,frozen_control,derived_control,periodic_diagonal_augmented_control,parameter_matched_null_control,bsig_c70af5951ff4d9712678a20b,bsig_f61a89a0172a79f5d96cd71c,0.6980291015748742,True,,
obs_46ade388243f3a4581ba4489,obs_9b1c5f0213d9d0fc1a3fff27,frozen_control,derived_control,periodic_diagonal_augmented_control,parameter_matched_null_control,bsig_c70af5951ff4d9712678a20b,bsig_f61a89a0172a79f5d96cd71c,0.6946592347948288,True,,
obs_46ade388243f3a4581ba4489,obs_062eb3c1dd90468a63227d7f,frozen_control,derived_control,periodic_diagonal_augmented_control,parameter_matched_null_control,bsig_c70af5951ff4d9712678a20b,bsig_f61a89a0172a79f5d96cd71c,0.6634175465861978,True,,
obs_46ade388243f3a4581ba4489,obs_e93f92e26db8b9c29005cc9e,frozen_control,derived_control,periodic_diagonal_augmented_control,parameter_matched_null_control,bsig_c70af5951ff4d9712678a20b,bsig_f61a89a0172a79f5d96cd71c,0.6593233147267874,True,,
obs_8de73c59341ac382087fba03,obs_c21d789f14a613fc6b0083e2,target,target,target,target,bsig_53d374d66c9dffe0861a6d49,bsig_53d374d66c9dffe0861a6d49,0.163224348280706,True,,
obs_8de73c59341ac382087fba03,obs_afd8912a0e32fb71b5407b81,target,frozen_control,target,periodic_diagonal_augmented_control,bsig_53d374d66c9dffe0861a6d49,bsig_c70af5951ff4d9712678a20b,0.27287488490225387,True,,
obs_8de73c59341ac382087fba03,obs_ed1f0ceddbbf708b259ea1a6,target,target,target,target,bsig_53d374d66c9dffe0861a6d49,bsig_53d374d66c9dffe0861a6d49,0.24211523312765015,True,,
obs_8de73c59341ac382087fba03,obs_46ade388243f3a4581ba4489,target,frozen_control,target,periodic_diagonal_augmented_control,bsig_53d374d66c9dffe0861a6d49,bsig_c70af5951ff4d9712678a20b,0.26310523734520946,True,,
obs_8de73c59341ac382087fba03,obs_8de73c59341ac382087fba03,target,target,target,target,bsig_53d374d66c9dffe0861a6d49,bsig_53d374d66c9dffe0861a6d49,0.0,True,,
obs_8de73c59341ac382087fba03,obs_4b958084812d6435763f9a05,target,frozen_control,target,periodic_diagonal_augmented_control,bsig_53d374d66c9dffe0861a6d49,bsig_1364358a857deba241e04538,0.2797172465318439,True,,
obs_8de73c59341ac382087fba03,obs_ea0aca853f3046642f451b7d,target,target,target,target,bsig_53d374d66c9dffe0861a6d49,bsig_53d374d66c9dffe0861a6d49,0.21224255885929078,True,,
obs_8de73c59341ac382087fba03,obs_1163ec91dc845e4ed94d462a,target,frozen_control,target,periodic_diagonal_augmented_control,bsig_53d374d66c9dffe0861a6d49,bsig_1364358a857deba241e04538,0.26512164228406226,True,,
obs_8de73c59341ac382087fba03,obs_d6eeaa59b08b0f1c4897f8db,target,target,target,target,bsig_53d374d66c9dffe0861a6d49,bsig_53d374d66c9dffe0861a6d49,0.17771423106436673,True,,
obs_8de73c59341ac382087fba03,obs_86701919f4db014d1d236f54,target,frozen_control,target,periodic_diagonal_augmented_control,bsig_53d374d66c9dffe0861a6d49,bsig_53d374d66c9dffe0861a6d49,0.09248744738531721,True,,
obs_8de73c59341ac382087fba03,obs_8c347ec96417e5677cdb8ad0,target,target,target,target,bsig_53d374d66c9dffe0861a6d49,bsig_53d374d66c9dffe0861a6d49,0.26183026165991585,True,,
obs_8de73c59341ac382087fba03,obs_624a249c44d428f10aa73463,target,frozen_control,target,periodic_diagonal_augmented_control,bsig_53d374d66c9dffe0861a6d49,bsig_53d374d66c9dffe0861a6d49,0.2123711113758213,True,,
obs_8de73c59341ac382087fba03,obs_e43b79a2ef68469ae989ae1e,target,derived_control,target,shuffled_structure_control,bsig_53d374d66c9dffe0861a6d49,bsig_bb01a7c1d0ca9b191d52310d,0.2667597018160595,True,,
obs_8de73c59341ac382087fba03,obs_c887eb3bf0ab4011d4084e3a,target,derived_control,target,shuffled_structure_control,bsig_53d374d66c9dffe0861a6d49,bsig_bb01a7c1d0ca9b191d52310d,0.31751205852447556,True,,
obs_8de73c59341ac382087fba03,obs_57e35110e54898bdbe032c98,target,derived_control,target,shuffled_structure_control,bsig_53d374d66c9dffe0861a6d49,bsig_bb01a7c1d0ca9b191d52310d,0.16305916305916304,True,,
obs_8de73c59341ac382087fba03,obs_2d439625692f7d83d54dd8c5,target,derived_control,target,shuffled_structure_control,bsig_53d374d66c9dffe0861a6d49,bsig_bb01a7c1d0ca9b191d52310d,0.2876393842561161,True,,
obs_8de73c59341ac382087fba03,obs_ee93d740f305035b42ac22c5,target,derived_control,target,shuffled_structure_control,bsig_53d374d66c9dffe0861a6d49,bsig_bb01a7c1d0ca9b191d52310d,0.28124958459972027,True,,
obs_8de73c59341ac382087fba03,obs_590502ed80ee4f9526a00243,target,derived_control,target,shuffled_structure_control,bsig_53d374d66c9dffe0861a6d49,bsig_bb01a7c1d0ca9b191d52310d,0.33722708705674126,True,,
obs_8de73c59341ac382087fba03,obs_cd8cd88cb9618af0705bbf06,target,derived_control,target,randomized_edge_control,bsig_53d374d66c9dffe0861a6d49,bsig_3b1c1a5f56bb03b20611587b,0.2885850986414564,True,,
obs_8de73c59341ac382087fba03,obs_448f4e11eb5a27dd4f60b644,target,derived_control,target,randomized_edge_control,bsig_53d374d66c9dffe0861a6d49,bsig_3b1c1a5f56bb03b20611587b,0.33933745534987236,True,,
obs_8de73c59341ac382087fba03,obs_fa7bd1db2d6a1d5f66733a16,target,derived_control,target,randomized_edge_control,bsig_53d374d66c9dffe0861a6d49,bsig_3b1c1a5f56bb03b20611587b,0.18488455988455987,True,,
obs_8de73c59341ac382087fba03,obs_3f3cbf5fee77e89478120a3b,target,derived_control,target,randomized_edge_control,bsig_53d374d66c9dffe0861a6d49,bsig_3b1c1a5f56bb03b20611587b,0.309464781081513,True,,
obs_8de73c59341ac382087fba03,obs_ddbc298f7c4df1aede53d5d6,target,derived_control,target,randomized_edge_control,bsig_53d374d66c9dffe0861a6d49,bsig_3b1c1a5f56bb03b20611587b,0.3030749814251171,True,,
obs_8de73c59341ac382087fba03,obs_3f2760e857afefe81bf772fe,target,derived_control,target,randomized_edge_control,bsig_53d374d66c9dffe0861a6d49,bsig_3b1c1a5f56bb03b20611587b,0.35905248388213806,True,,
obs_8de73c59341ac382087fba03,obs_1aa1fc186c905e7ffa16d2d4,target,derived_control,target,degraded_signal_control,bsig_53d374d66c9dffe0861a6d49,bsig_8527b27b7d47cca4b9594df9,0.37999860422034054,True,,
obs_8de73c59341ac382087fba03,obs_e9c8066d01dd67e1f9d375ef,target,derived_control,target,degraded_signal_control,bsig_53d374d66c9dffe0861a6d49,bsig_1095c101d561009a130e1133,0.4078229493114726,True,,
obs_8de73c59341ac382087fba03,obs_aabd161899dc613ecf88b1d9,target,derived_control,target,degraded_signal_control,bsig_53d374d66c9dffe0861a6d49,bsig_5fc2cc8106fba2b64bc8c905,0.31191037822281653,True,,
obs_8de73c59341ac382087fba03,obs_322c862d474a379bd8df7674,target,derived_control,target,degraded_signal_control,bsig_53d374d66c9dffe0861a6d49,bsig_1095c101d561009a130e1133,0.3768813169769628,True,,
obs_8de73c59341ac382087fba03,obs_4ef6a9c1a3b2d0659064e20b,target,derived_control,target,degraded_signal_control,bsig_53d374d66c9dffe0861a6d49,bsig_8527b27b7d47cca4b9594df9,0.3528159931333234,True,,
obs_8de73c59341ac382087fba03,obs_7d8b6ee929f2a0a0cf7af8f5,target,derived_control,target,degraded_signal_control,bsig_53d374d66c9dffe0861a6d49,bsig_1095c101d561009a130e1133,0.414123579120686,True,,
obs_8de73c59341ac382087fba03,obs_b41d2dded4b9ccd5ecd128d5,target,derived_control,target,label_permutation_control,bsig_53d374d66c9dffe0861a6d49,bsig_8e7a52f1a727043c61e5d5c2,0.32058088063723833,True,,
obs_8de73c59341ac382087fba03,obs_a3582497f15ead2a2fc1280f,target,derived_control,target,label_permutation_control,bsig_53d374d66c9dffe0861a6d49,bsig_8e7a52f1a727043c61e5d5c2,0.3713332373456544,True,,
obs_8de73c59341ac382087fba03,obs_f855844ba74f991c9ab0ba6d,target,derived_control,target,label_permutation_control,bsig_53d374d66c9dffe0861a6d49,bsig_8e7a52f1a727043c61e5d5c2,0.21688034188034186,True,,
obs_8de73c59341ac382087fba03,obs_20877377330b5094380e86df,target,derived_control,target,label_permutation_control,bsig_53d374d66c9dffe0861a6d49,bsig_8e7a52f1a727043c61e5d5c2,0.341460563077295,True,,
obs_8de73c59341ac382087fba03,obs_8d92e32fec459dd0746ec799,target,derived_control,target,label_permutation_control,bsig_53d374d66c9dffe0861a6d49,bsig_8e7a52f1a727043c61e5d5c2,0.3350707634208991,True,,
obs_8de73c59341ac382087fba03,obs_11180e544727ce850ebf3a6a,target,derived_control,target,label_permutation_control,bsig_53d374d66c9dffe0861a6d49,bsig_8e7a52f1a727043c61e5d5c2,0.3910482658779201,True,,
obs_8de73c59341ac382087fba03,obs_979ad629051487c82499339e,target,derived_control,target,generic_graph_operator_control,bsig_53d374d66c9dffe0861a6d49,bsig_793bb0a29a9abfe233b6d670,0.42049346804982574,True,,
obs_8de73c59341ac382087fba03,obs_2c0e6630085a94e0f0b4dd07,target,derived_control,target,generic_graph_operator_control,bsig_53d374d66c9dffe0861a6d49,bsig_793bb0a29a9abfe233b6d670,0.4712458247582418,True,,
obs_8de73c59341ac382087fba03,obs_0033e7ce631563262f7b0bbe,target,derived_control,target,generic_graph_operator_control,bsig_53d374d66c9dffe0861a6d49,bsig_793bb0a29a9abfe233b6d670,0.3521464646464646,True,,
obs_8de73c59341ac382087fba03,obs_118430be7d682f480e3902ea,target,derived_control,target,generic_graph_operator_control,bsig_53d374d66c9dffe0861a6d49,bsig_793bb0a29a9abfe233b6d670,0.4767266858434177,True,,
obs_8de73c59341ac382087fba03,obs_8f4c211fcf3841317e300fd0,target,derived_control,target,generic_graph_operator_control,bsig_53d374d66c9dffe0861a6d49,bsig_793bb0a29a9abfe233b6d670,0.4349833508334865,True,,
obs_8de73c59341ac382087fba03,obs_ae30906415b62baef858fb35,target,derived_control,target,generic_graph_operator_control,bsig_53d374d66c9dffe0861a6d49,bsig_793bb0a29a9abfe233b6d670,0.4909608532905075,True,,
obs_8de73c59341ac382087fba03,obs_2b1c4b4fddba864cb9f9f25f,target,derived_control,target,seed_repeat_control,bsig_53d374d66c9dffe0861a6d49,bsig_53d374d66c9dffe0861a6d49,0.163224348280706,True,,
obs_8de73c59341ac382087fba03,obs_65dfe5e65cb70d7cb499d482,target,derived_control,target,seed_repeat_control,bsig_53d374d66c9dffe0861a6d49,bsig_53d374d66c9dffe0861a6d49,0.24211523312765015,True,,
obs_8de73c59341ac382087fba03,obs_f622bfcc3394ff0a255f9f83,target,derived_control,target,seed_repeat_control,bsig_53d374d66c9dffe0861a6d49,bsig_53d374d66c9dffe0861a6d49,0.0,True,,
obs_8de73c59341ac382087fba03,obs_57728f48826a986fe1ea83d9,target,derived_control,target,seed_repeat_control,bsig_53d374d66c9dffe0861a6d49,bsig_53d374d66c9dffe0861a6d49,0.21224255885929078,True,,
obs_8de73c59341ac382087fba03,obs_c740a30388dc20122927f42a,target,derived_control,target,seed_repeat_control,bsig_53d374d66c9dffe0861a6d49,bsig_53d374d66c9dffe0861a6d49,0.17771423106436673,True,,
obs_8de73c59341ac382087fba03,obs_04fbf535deaa3a11fe4345ca,target,derived_control,target,seed_repeat_control,bsig_53d374d66c9dffe0861a6d49,bsig_53d374d66c9dffe0861a6d49,0.26183026165991585,True,,
obs_8de73c59341ac382087fba03,obs_d36d9fb3b1f089bbbf821e5c,target,derived_control,target,parameter_matched_null_control,bsig_53d374d66c9dffe0861a6d49,bsig_f61a89a0172a79f5d96cd71c,0.6437177125936294,True,,
obs_8de73c59341ac382087fba03,obs_93659ee4b3b5fdadf510315f,target,derived_control,target,parameter_matched_null_control,bsig_53d374d66c9dffe0861a6d49,bsig_f61a89a0172a79f5d96cd71c,0.6565357964938562,True,,
obs_8de73c59341ac382087fba03,obs_5a7521167226bbafcd5c6ba8,target,derived_control,target,parameter_matched_null_control,bsig_53d374d66c9dffe0861a6d49,bsig_f61a89a0172a79f5d96cd71c,0.6057338525266064,True,,
obs_8de73c59341ac382087fba03,obs_9b1c5f0213d9d0fc1a3fff27,target,derived_control,target,parameter_matched_null_control,bsig_53d374d66c9dffe0861a6d49,bsig_f61a89a0172a79f5d96cd71c,0.6201266444767198,True,,
obs_8de73c59341ac382087fba03,obs_062eb3c1dd90468a63227d7f,target,derived_control,target,parameter_matched_null_control,bsig_53d374d66c9dffe0861a6d49,bsig_f61a89a0172a79f5d96cd71c,0.6425852244341651,True,,
obs_8de73c59341ac382087fba03,obs_e93f92e26db8b9c29005cc9e,target,derived_control,target,parameter_matched_null_control,bsig_53d374d66c9dffe0861a6d49,bsig_f61a89a0172a79f5d96cd71c,0.6554977952958431,True,,
obs_4b958084812d6435763f9a05,obs_c21d789f14a613fc6b0083e2,frozen_control,target,periodic_diagonal_augmented_control,target,bsig_1364358a857deba241e04538,bsig_53d374d66c9dffe0861a6d49,0.2896793542495495,True,,
obs_4b958084812d6435763f9a05,obs_afd8912a0e32fb71b5407b81,frozen_control,frozen_control,periodic_diagonal_augmented_control,periodic_diagonal_augmented_control,bsig_1364358a857deba241e04538,bsig_c70af5951ff4d9712678a20b,0.3061134967792848,True,,
obs_4b958084812d6435763f9a05,obs_ed1f0ceddbbf708b259ea1a6,frozen_control,target,periodic_diagonal_augmented_control,target,bsig_1364358a857deba241e04538,bsig_53d374d66c9dffe0861a6d49,0.3868826570390054,True,,
obs_4b958084812d6435763f9a05,obs_46ade388243f3a4581ba4489,frozen_control,frozen_control,periodic_diagonal_augmented_control,periodic_diagonal_augmented_control,bsig_1364358a857deba241e04538,bsig_c70af5951ff4d9712678a20b,0.39841294913875214,True,,
obs_4b958084812d6435763f9a05,obs_8de73c59341ac382087fba03,frozen_control,target,periodic_diagonal_augmented_control,target,bsig_1364358a857deba241e04538,bsig_53d374d66c9dffe0861a6d49,0.2797172465318439,True,,
obs_4b958084812d6435763f9a05,obs_4b958084812d6435763f9a05,frozen_control,frozen_control,periodic_diagonal_augmented_control,periodic_diagonal_augmented_control,bsig_1364358a857deba241e04538,bsig_1364358a857deba241e04538,0.0,True,,
obs_4b958084812d6435763f9a05,obs_ea0aca853f3046642f451b7d,frozen_control,target,periodic_diagonal_augmented_control,target,bsig_1364358a857deba241e04538,bsig_53d374d66c9dffe0861a6d49,0.3425166642893833,True,,
obs_4b958084812d6435763f9a05,obs_1163ec91dc845e4ed94d462a,frozen_control,frozen_control,periodic_diagonal_augmented_control,periodic_diagonal_augmented_control,bsig_1364358a857deba241e04538,bsig_1364358a857deba241e04538,0.28451073664109117,True,,
obs_4b958084812d6435763f9a05,obs_d6eeaa59b08b0f1c4897f8db,frozen_control,target,periodic_diagonal_augmented_control,target,bsig_1364358a857deba241e04538,bsig_53d374d66c9dffe0861a6d49,0.3165058491590823,True,,
obs_4b958084812d6435763f9a05,obs_86701919f4db014d1d236f54,frozen_control,frozen_control,periodic_diagonal_augmented_control,periodic_diagonal_augmented_control,bsig_1364358a857deba241e04538,bsig_53d374d66c9dffe0861a6d49,0.28048870586309976,True,,
obs_4b958084812d6435763f9a05,obs_8c347ec96417e5677cdb8ad0,frozen_control,target,periodic_diagonal_augmented_control,target,bsig_1364358a857deba241e04538,bsig_53d374d66c9dffe0861a6d49,0.37665777764455927,True,,
obs_4b958084812d6435763f9a05,obs_624a249c44d428f10aa73463,frozen_control,frozen_control,periodic_diagonal_augmented_control,periodic_diagonal_augmented_control,bsig_1364358a857deba241e04538,bsig_53d374d66c9dffe0861a6d49,0.3477683491072429,True,,
obs_4b958084812d6435763f9a05,obs_e43b79a2ef68469ae989ae1e,frozen_control,derived_control,periodic_diagonal_augmented_control,shuffled_structure_control,bsig_1364358a857deba241e04538,bsig_bb01a7c1d0ca9b191d52310d,0.36791708873728396,True,,
obs_4b958084812d6435763f9a05,obs_c887eb3bf0ab4011d4084e3a,frozen_control,derived_control,periodic_diagonal_augmented_control,shuffled_structure_control,bsig_1364358a857deba241e04538,bsig_bb01a7c1d0ca9b191d52310d,0.42309297449932287,True,,
obs_4b958084812d6435763f9a05,obs_57e35110e54898bdbe032c98,frozen_control,derived_control,periodic_diagonal_augmented_control,shuffled_structure_control,bsig_1364358a857deba241e04538,bsig_bb01a7c1d0ca9b191d52310d,0.3619232349878323,True,,
obs_4b958084812d6435763f9a05,obs_2d439625692f7d83d54dd8c5,frozen_control,derived_control,periodic_diagonal_augmented_control,shuffled_structure_control,bsig_1364358a857deba241e04538,bsig_bb01a7c1d0ca9b191d52310d,0.37872698174970076,True,,
obs_4b958084812d6435763f9a05,obs_ee93d740f305035b42ac22c5,frozen_control,derived_control,periodic_diagonal_augmented_control,shuffled_structure_control,bsig_1364358a857deba241e04538,bsig_bb01a7c1d0ca9b191d52310d,0.3947435836468168,True,,
obs_4b958084812d6435763f9a05,obs_590502ed80ee4f9526a00243,frozen_control,derived_control,periodic_diagonal_augmented_control,shuffled_structure_control,bsig_1364358a857deba241e04538,bsig_bb01a7c1d0ca9b191d52310d,0.4128680951048767,True,,
obs_4b958084812d6435763f9a05,obs_cd8cd88cb9618af0705bbf06,frozen_control,derived_control,periodic_diagonal_augmented_control,randomized_edge_control,bsig_1364358a857deba241e04538,bsig_3b1c1a5f56bb03b20611587b,0.3937107395309348,True,,
obs_4b958084812d6435763f9a05,obs_448f4e11eb5a27dd4f60b644,frozen_control,derived_control,periodic_diagonal_augmented_control,randomized_edge_control,bsig_1364358a857deba241e04538,bsig_3b1c1a5f56bb03b20611587b,0.44888662529297363,True,,
obs_4b958084812d6435763f9a05,obs_fa7bd1db2d6a1d5f66733a16,frozen_control,derived_control,periodic_diagonal_augmented_control,randomized_edge_control,bsig_1364358a857deba241e04538,bsig_3b1c1a5f56bb03b20611587b,0.3877168857814831,True,,
obs_4b958084812d6435763f9a05,obs_3f3cbf5fee77e89478120a3b,frozen_control,derived_control,periodic_diagonal_augmented_control,randomized_edge_control,bsig_1364358a857deba241e04538,bsig_3b1c1a5f56bb03b20611587b,0.4045206325433516,True,,
obs_4b958084812d6435763f9a05,obs_ddbc298f7c4df1aede53d5d6,frozen_control,derived_control,periodic_diagonal_augmented_control,randomized_edge_control,bsig_1364358a857deba241e04538,bsig_3b1c1a5f56bb03b20611587b,0.4205372344404676,True,,
obs_4b958084812d6435763f9a05,obs_3f2760e857afefe81bf772fe,frozen_control,derived_control,periodic_diagonal_augmented_control,randomized_edge_control,bsig_1364358a857deba241e04538,bsig_3b1c1a5f56bb03b20611587b,0.4386617458985275,True,,
obs_4b958084812d6435763f9a05,obs_1aa1fc186c905e7ffa16d2d4,frozen_control,derived_control,periodic_diagonal_augmented_control,degraded_signal_control,bsig_1364358a857deba241e04538,bsig_8527b27b7d47cca4b9594df9,0.46162239354967205,True,,
obs_4b958084812d6435763f9a05,obs_e9c8066d01dd67e1f9d375ef,frozen_control,derived_control,periodic_diagonal_augmented_control,degraded_signal_control,bsig_1364358a857deba241e04538,bsig_1095c101d561009a130e1133,0.4769016532180395,True,,
obs_4b958084812d6435763f9a05,obs_aabd161899dc613ecf88b1d9,frozen_control,derived_control,periodic_diagonal_augmented_control,degraded_signal_control,bsig_1364358a857deba241e04538,bsig_5fc2cc8106fba2b64bc8c905,0.4112722763934484,True,,
obs_4b958084812d6435763f9a05,obs_322c862d474a379bd8df7674,frozen_control,derived_control,periodic_diagonal_augmented_control,degraded_signal_control,bsig_1364358a857deba241e04538,bsig_1095c101d561009a130e1133,0.44041162895127,True,,
obs_4b958084812d6435763f9a05,obs_4ef6a9c1a3b2d0659064e20b,frozen_control,derived_control,periodic_diagonal_augmented_control,degraded_signal_control,bsig_1364358a857deba241e04538,bsig_8527b27b7d47cca4b9594df9,0.4615996146876554,True,,
obs_4b958084812d6435763f9a05,obs_7d8b6ee929f2a0a0cf7af8f5,frozen_control,derived_control,periodic_diagonal_augmented_control,degraded_signal_control,bsig_1364358a857deba241e04538,bsig_1095c101d561009a130e1133,0.47100846999310025,True,,
obs_4b958084812d6435763f9a05,obs_b41d2dded4b9ccd5ecd128d5,frozen_control,derived_control,periodic_diagonal_augmented_control,label_permutation_control,bsig_1364358a857deba241e04538,bsig_8e7a52f1a727043c61e5d5c2,0.42570652152671673,True,,
obs_4b958084812d6435763f9a05,obs_a3582497f15ead2a2fc1280f,frozen_control,derived_control,periodic_diagonal_augmented_control,label_permutation_control,bsig_1364358a857deba241e04538,bsig_8e7a52f1a727043c61e5d5c2,0.48088240728875564,True,,
obs_4b958084812d6435763f9a05,obs_f855844ba74f991c9ab0ba6d,frozen_control,derived_control,periodic_diagonal_augmented_control,label_permutation_control,bsig_1364358a857deba241e04538,bsig_8e7a52f1a727043c61e5d5c2,0.4197126677772651,True,,
obs_4b958084812d6435763f9a05,obs_20877377330b5094380e86df,frozen_control,derived_control,periodic_diagonal_augmented_control,label_permutation_control,bsig_1364358a857deba241e04538,bsig_8e7a52f1a727043c61e5d5c2,0.4365164145391336,True,,
obs_4b958084812d6435763f9a05,obs_8d92e32fec459dd0746ec799,frozen_control,derived_control,periodic_diagonal_augmented_control,label_permutation_control,bsig_1364358a857deba241e04538,bsig_8e7a52f1a727043c61e5d5c2,0.4525330164362496,True,,
obs_4b958084812d6435763f9a05,obs_11180e544727ce850ebf3a6a,frozen_control,derived_control,periodic_diagonal_augmented_control,label_permutation_control,bsig_1364358a857deba241e04538,bsig_8e7a52f1a727043c61e5d5c2,0.47065752789430954,True,,
obs_4b958084812d6435763f9a05,obs_979ad629051487c82499339e,frozen_control,derived_control,periodic_diagonal_augmented_control,generic_graph_operator_control,bsig_1364358a857deba241e04538,bsig_793bb0a29a9abfe233b6d670,0.48395244227263745,True,,
obs_4b958084812d6435763f9a05,obs_2c0e6630085a94e0f0b4dd07,frozen_control,derived_control,periodic_diagonal_augmented_control,generic_graph_operator_control,bsig_1364358a857deba241e04538,bsig_793bb0a29a9abfe233b6d670,0.5391283280346764,True,,
obs_4b958084812d6435763f9a05,obs_0033e7ce631563262f7b0bbe,frozen_control,derived_control,periodic_diagonal_augmented_control,generic_graph_operator_control,bsig_1364358a857deba241e04538,bsig_793bb0a29a9abfe233b6d670,0.5133121238767212,True,,
obs_4b958084812d6435763f9a05,obs_118430be7d682f480e3902ea,frozen_control,derived_control,periodic_diagonal_augmented_control,generic_graph_operator_control,bsig_1364358a857deba241e04538,bsig_793bb0a29a9abfe233b6d670,0.5301158706385897,True,,
obs_4b958084812d6435763f9a05,obs_8f4c211fcf3841317e300fd0,frozen_control,derived_control,periodic_diagonal_augmented_control,generic_graph_operator_control,bsig_1364358a857deba241e04538,bsig_793bb0a29a9abfe233b6d670,0.5107789371821703,True,,
obs_4b958084812d6435763f9a05,obs_ae30906415b62baef858fb35,frozen_control,derived_control,periodic_diagonal_augmented_control,generic_graph_operator_control,bsig_1364358a857deba241e04538,bsig_793bb0a29a9abfe233b6d670,0.5289034486402303,True,,
obs_4b958084812d6435763f9a05,obs_2b1c4b4fddba864cb9f9f25f,frozen_control,derived_control,periodic_diagonal_augmented_control,seed_repeat_control,bsig_1364358a857deba241e04538,bsig_53d374d66c9dffe0861a6d49,0.2896793542495495,True,,
obs_4b958084812d6435763f9a05,obs_65dfe5e65cb70d7cb499d482,frozen_control,derived_control,periodic_diagonal_augmented_control,seed_repeat_control,bsig_1364358a857deba241e04538,bsig_53d374d66c9dffe0861a6d49,0.3868826570390054,True,,
obs_4b958084812d6435763f9a05,obs_f622bfcc3394ff0a255f9f83,frozen_control,derived_control,periodic_diagonal_augmented_control,seed_repeat_control,bsig_1364358a857deba241e04538,bsig_53d374d66c9dffe0861a6d49,0.2797172465318439,True,,
obs_4b958084812d6435763f9a05,obs_57728f48826a986fe1ea83d9,frozen_control,derived_control,periodic_diagonal_augmented_control,seed_repeat_control,bsig_1364358a857deba241e04538,bsig_53d374d66c9dffe0861a6d49,0.3425166642893833,True,,
obs_4b958084812d6435763f9a05,obs_c740a30388dc20122927f42a,frozen_control,derived_control,periodic_diagonal_augmented_control,seed_repeat_control,bsig_1364358a857deba241e04538,bsig_53d374d66c9dffe0861a6d49,0.3165058491590823,True,,
obs_4b958084812d6435763f9a05,obs_04fbf535deaa3a11fe4345ca,frozen_control,derived_control,periodic_diagonal_augmented_control,seed_repeat_control,bsig_1364358a857deba241e04538,bsig_53d374d66c9dffe0861a6d49,0.37665777764455927,True,,
obs_4b958084812d6435763f9a05,obs_d36d9fb3b1f089bbbf821e5c,frozen_control,derived_control,periodic_diagonal_augmented_control,parameter_matched_null_control,bsig_1364358a857deba241e04538,bsig_f61a89a0172a79f5d96cd71c,0.6645246310529552,True,,
obs_4b958084812d6435763f9a05,obs_93659ee4b3b5fdadf510315f,frozen_control,derived_control,periodic_diagonal_augmented_control,parameter_matched_null_control,bsig_1364358a857deba241e04538,bsig_f61a89a0172a79f5d96cd71c,0.6796102999871956,True,,
obs_4b958084812d6435763f9a05,obs_5a7521167226bbafcd5c6ba8,frozen_control,derived_control,periodic_diagonal_augmented_control,parameter_matched_null_control,bsig_1364358a857deba241e04538,bsig_f61a89a0172a79f5d96cd71c,0.62887145695287,True,,
obs_4b958084812d6435763f9a05,obs_9b1c5f0213d9d0fc1a3fff27,frozen_control,derived_control,periodic_diagonal_augmented_control,parameter_matched_null_control,bsig_1364358a857deba241e04538,bsig_f61a89a0172a79f5d96cd71c,0.6432012613746387,True,,
obs_4b958084812d6435763f9a05,obs_062eb3c1dd90468a63227d7f,frozen_control,derived_control,periodic_diagonal_augmented_control,parameter_matched_null_control,bsig_1364358a857deba241e04538,bsig_f61a89a0172a79f5d96cd71c,0.6656247180705784,True,,
obs_4b958084812d6435763f9a05,obs_e93f92e26db8b9c29005cc9e,frozen_control,derived_control,periodic_diagonal_augmented_control,parameter_matched_null_control,bsig_1364358a857deba241e04538,bsig_f61a89a0172a79f5d96cd71c,0.6785372889322565,True,,
obs_ea0aca853f3046642f451b7d,obs_c21d789f14a613fc6b0083e2,target,target,target,target,bsig_53d374d66c9dffe0861a6d49,bsig_53d374d66c9dffe0861a6d49,0.27554929689085833,True,,
obs_ea0aca853f3046642f451b7d,obs_afd8912a0e32fb71b5407b81,target,frozen_control,target,periodic_diagonal_augmented_control,bsig_53d374d66c9dffe0861a6d49,bsig_c70af5951ff4d9712678a20b,0.3289572450152436,True,,
obs_ea0aca853f3046642f451b7d,obs_ed1f0ceddbbf708b259ea1a6,target,target,target,target,bsig_53d374d66c9dffe0861a6d49,bsig_53d374d66c9dffe0861a6d49,0.07458395846755046,True,,
obs_ea0aca853f3046642f451b7d,obs_46ade388243f3a4581ba4489,target,frozen_control,target,periodic_diagonal_augmented_control,bsig_53d374d66c9dffe0861a6d49,bsig_c70af5951ff4d9712678a20b,0.25784932108967484,True,,
obs_ea0aca853f3046642f451b7d,obs_8de73c59341ac382087fba03,target,target,target,target,bsig_53d374d66c9dffe0861a6d49,bsig_53d374d66c9dffe0861a6d49,0.21224255885929078,True,,
obs_ea0aca853f3046642f451b7d,obs_4b958084812d6435763f9a05,target,frozen_control,target,periodic_diagonal_augmented_control,bsig_53d374d66c9dffe0861a6d49,bsig_1364358a857deba241e04538,0.3425166642893833,True,,
obs_ea0aca853f3046642f451b7d,obs_ea0aca853f3046642f451b7d,target,target,target,target,bsig_53d374d66c9dffe0861a6d49,bsig_53d374d66c9dffe0861a6d49,0.0,True,,
obs_ea0aca853f3046642f451b7d,obs_1163ec91dc845e4ed94d462a,target,frozen_control,target,periodic_diagonal_augmented_control,bsig_53d374d66c9dffe0861a6d49,bsig_1364358a857deba241e04538,0.10459044008985814,True,,
obs_ea0aca853f3046642f451b7d,obs_d6eeaa59b08b0f1c4897f8db,target,target,target,target,bsig_53d374d66c9dffe0861a6d49,bsig_53d374d66c9dffe0861a6d49,0.20401360581138914,True,,
obs_ea0aca853f3046642f451b7d,obs_86701919f4db014d1d236f54,target,frozen_control,target,periodic_diagonal_augmented_control,bsig_53d374d66c9dffe0861a6d49,bsig_53d374d66c9dffe0861a6d49,0.2598509585898132,True,,
obs_ea0aca853f3046642f451b7d,obs_8c347ec96417e5677cdb8ad0,target,target,target,target,bsig_53d374d66c9dffe0861a6d49,bsig_53d374d66c9dffe0861a6d49,0.08077856101034808,True,,
obs_ea0aca853f3046642f451b7d,obs_624a249c44d428f10aa73463,target,frozen_control,target,periodic_diagonal_augmented_control,bsig_53d374d66c9dffe0861a6d49,bsig_53d374d66c9dffe0861a6d49,0.01872860887619924,True,,
obs_ea0aca853f3046642f451b7d,obs_e43b79a2ef68469ae989ae1e,target,derived_control,target,shuffled_structure_control,bsig_53d374d66c9dffe0861a6d49,bsig_bb01a7c1d0ca9b191d52310d,0.3751163964579579,True,,
obs_ea0aca853f3046642f451b7d,obs_c887eb3bf0ab4011d4084e3a,target,derived_control,target,shuffled_structure_control,bsig_53d374d66c9dffe0861a6d49,bsig_bb01a7c1d0ca9b191d52310d,0.24161137549496747,True,,
obs_ea0aca853f3046642f451b7d,obs_57e35110e54898bdbe032c98,target,derived_control,target,shuffled_structure_control,bsig_53d374d66c9dffe0861a6d49,bsig_bb01a7c1d0ca9b191d52310d,0.29160763822437014,True,,
obs_ea0aca853f3046642f451b7d,obs_2d439625692f7d83d54dd8c5,target,derived_control,target,shuffled_structure_control,bsig_53d374d66c9dffe0861a6d49,bsig_bb01a7c1d0ca9b191d52310d,0.16702741702741702,True,,
obs_ea0aca853f3046642f451b7d,obs_ee93d740f305035b42ac22c5,target,derived_control,target,shuffled_structure_control,bsig_53d374d66c9dffe0861a6d49,bsig_bb01a7c1d0ca9b191d52310d,0.3035807053784887,True,,
obs_ea0aca853f3046642f451b7d,obs_590502ed80ee4f9526a00243,target,derived_control,target,shuffled_structure_control,bsig_53d374d66c9dffe0861a6d49,bsig_bb01a7c1d0ca9b191d52310d,0.2478059780377651,True,,
obs_ea0aca853f3046642f451b7d,obs_cd8cd88cb9618af0705bbf06,target,derived_control,target,randomized_edge_control,bsig_53d374d66c9dffe0861a6d49,bsig_3b1c1a5f56bb03b20611587b,0.38106877741033884,True,,
obs_ea0aca853f3046642f451b7d,obs_448f4e11eb5a27dd4f60b644,target,derived_control,target,randomized_edge_control,bsig_53d374d66c9dffe0861a6d49,bsig_3b1c1a5f56bb03b20611587b,0.24756375644734843,True,,
obs_ea0aca853f3046642f451b7d,obs_fa7bd1db2d6a1d5f66733a16,target,derived_control,target,randomized_edge_control,bsig_53d374d66c9dffe0861a6d49,bsig_3b1c1a5f56bb03b20611587b,0.29756001917675107,True,,
obs_ea0aca853f3046642f451b7d,obs_3f3cbf5fee77e89478120a3b,target,derived_control,target,randomized_edge_control,bsig_53d374d66c9dffe0861a6d49,bsig_3b1c1a5f56bb03b20611587b,0.17297979797979796,True,,
obs_ea0aca853f3046642f451b7d,obs_ddbc298f7c4df1aede53d5d6,target,derived_control,target,randomized_edge_control,bsig_53d374d66c9dffe0861a6d49,bsig_3b1c1a5f56bb03b20611587b,0.3095330863308697,True,,
obs_ea0aca853f3046642f451b7d,obs_3f2760e857afefe81bf772fe,target,derived_control,target,randomized_edge_control,bsig_53d374d66c9dffe0861a6d49,bsig_3b1c1a5f56bb03b20611587b,0.25375835899014604,True,,
obs_ea0aca853f3046642f451b7d,obs_1aa1fc186c905e7ffa16d2d4,target,derived_control,target,degraded_signal_control,bsig_53d374d66c9dffe0861a6d49,bsig_8527b27b7d47cca4b9594df9,0.47828150902389066,True,,
obs_ea0aca853f3046642f451b7d,obs_e9c8066d01dd67e1f9d375ef,target,derived_control,target,degraded_signal_control,bsig_53d374d66c9dffe0861a6d49,bsig_1095c101d561009a130e1133,0.37714352894918557,True,,
obs_ea0aca853f3046642f451b7d,obs_aabd161899dc613ecf88b1d9,target,derived_control,target,degraded_signal_control,bsig_53d374d66c9dffe0861a6d49,bsig_5fc2cc8106fba2b64bc8c905,0.40009234762275847,True,,
obs_ea0aca853f3046642f451b7d,obs_322c862d474a379bd8df7674,target,derived_control,target,degraded_signal_control,bsig_53d374d66c9dffe0861a6d49,bsig_1095c101d561009a130e1133,0.31191037822281653,True,,
obs_ea0aca853f3046642f451b7d,obs_4ef6a9c1a3b2d0659064e20b,target,derived_control,target,degraded_signal_control,bsig_53d374d66c9dffe0861a6d49,bsig_8527b27b7d47cca4b9594df9,0.394687782216265,True,,
obs_ea0aca853f3046642f451b7d,obs_7d8b6ee929f2a0a0cf7af8f5,target,derived_control,target,degraded_signal_control,bsig_53d374d66c9dffe0861a6d49,bsig_1095c101d561009a130e1133,0.3797831957876603,True,,
obs_ea0aca853f3046642f451b7d,obs_b41d2dded4b9ccd5ecd128d5,target,derived_control,target,label_permutation_control,bsig_53d374d66c9dffe0861a6d49,bsig_8e7a52f1a727043c61e5d5c2,0.4249693213108828,True,,
obs_ea0aca853f3046642f451b7d,obs_a3582497f15ead2a2fc1280f,target,derived_control,target,label_permutation_control,bsig_53d374d66c9dffe0861a6d49,bsig_8e7a52f1a727043c61e5d5c2,0.29146430034789234,True,,
obs_ea0aca853f3046642f451b7d,obs_f855844ba74f991c9ab0ba6d,target,derived_control,target,label_permutation_control,bsig_53d374d66c9dffe0861a6d49,bsig_8e7a52f1a727043c61e5d5c2,0.341460563077295,True,,
obs_ea0aca853f3046642f451b7d,obs_20877377330b5094380e86df,target,derived_control,target,label_permutation_control,bsig_53d374d66c9dffe0861a6d49,bsig_8e7a52f1a727043c61e5d5c2,0.21688034188034186,True,,
obs_ea0aca853f3046642f451b7d,obs_8d92e32fec459dd0746ec799,target,derived_control,target,label_permutation_control,bsig_53d374d66c9dffe0861a6d49,bsig_8e7a52f1a727043c61e5d5c2,0.35343363023141355,True,,
obs_ea0aca853f3046642f451b7d,obs_11180e544727ce850ebf3a6a,target,derived_control,target,label_permutation_control,bsig_53d374d66c9dffe0861a6d49,bsig_8e7a52f1a727043c61e5d5c2,0.29765890289068997,True,,
obs_ea0aca853f3046642f451b7d,obs_979ad629051487c82499339e,target,derived_control,target,generic_graph_operator_control,bsig_53d374d66c9dffe0861a6d49,bsig_793bb0a29a9abfe233b6d670,0.5248819087234702,True,,
obs_ea0aca853f3046642f451b7d,obs_2c0e6630085a94e0f0b4dd07,target,derived_control,target,generic_graph_operator_control,bsig_53d374d66c9dffe0861a6d49,bsig_793bb0a29a9abfe233b6d670,0.39137688776047974,True,,
obs_ea0aca853f3046642f451b7d,obs_0033e7ce631563262f7b0bbe,target,derived_control,target,generic_graph_operator_control,bsig_53d374d66c9dffe0861a6d49,bsig_793bb0a29a9abfe233b6d670,0.4767266858434177,True,,
obs_ea0aca853f3046642f451b7d,obs_118430be7d682f480e3902ea,target,derived_control,target,generic_graph_operator_control,bsig_53d374d66c9dffe0861a6d49,bsig_793bb0a29a9abfe233b6d670,0.3521464646464646,True,,
obs_ea0aca853f3046642f451b7d,obs_8f4c211fcf3841317e300fd0,target,derived_control,target,generic_graph_operator_control,bsig_53d374d66c9dffe0861a6d49,bsig_793bb0a29a9abfe233b6d670,0.45334621764400096,True,,
obs_ea0aca853f3046642f451b7d,obs_ae30906415b62baef858fb35,target,derived_control,target,generic_graph_operator_control,bsig_53d374d66c9dffe0861a6d49,bsig_793bb0a29a9abfe233b6d670,0.3975714903032774,True,,
obs_ea0aca853f3046642f451b7d,obs_2b1c4b4fddba864cb9f9f25f,target,derived_control,target,seed_repeat_control,bsig_53d374d66c9dffe0861a6d49,bsig_53d374d66c9dffe0861a6d49,0.27554929689085833,True,,
obs_ea0aca853f3046642f451b7d,obs_65dfe5e65cb70d7cb499d482,target,derived_control,target,seed_repeat_control,bsig_53d374d66c9dffe0861a6d49,bsig_53d374d66c9dffe0861a6d49,0.07458395846755046,True,,
obs_ea0aca853f3046642f451b7d,obs_f622bfcc3394ff0a255f9f83,target,derived_control,target,seed_repeat_control,bsig_53d374d66c9dffe0861a6d49,bsig_53d374d66c9dffe0861a6d49,0.21224255885929078,True,,
obs_ea0aca853f3046642f451b7d,obs_57728f48826a986fe1ea83d9,target,derived_control,target,seed_repeat_control,bsig_53d374d66c9dffe0861a6d49,bsig_53d374d66c9dffe0861a6d49,0.0,True,,
obs_ea0aca853f3046642f451b7d,obs_c740a30388dc20122927f42a,target,derived_control,target,seed_repeat_control,bsig_53d374d66c9dffe0861a6d49,bsig_53d374d66c9dffe0861a6d49,0.20401360581138914,True,,
obs_ea0aca853f3046642f451b7d,obs_04fbf535deaa3a11fe4345ca,target,derived_control,target,seed_repeat_control,bsig_53d374d66c9dffe0861a6d49,bsig_53d374d66c9dffe0861a6d49,0.08077856101034808,True,,
obs_ea0aca853f3046642f451b7d,obs_d36d9fb3b1f089bbbf821e5c,target,derived_control,target,parameter_matched_null_control,bsig_53d374d66c9dffe0861a6d49,bsig_f61a89a0172a79f5d96cd71c,0.6572916610063279,True,,
obs_ea0aca853f3046642f451b7d,obs_93659ee4b3b5fdadf510315f,target,derived_control,target,parameter_matched_null_control,bsig_53d374d66c9dffe0861a6d49,bsig_f61a89a0172a79f5d96cd71c,0.6427098979677791,True,,
obs_ea0aca853f3046642f451b7d,obs_5a7521167226bbafcd5c6ba8,target,derived_control,target,parameter_matched_null_control,bsig_53d374d66c9dffe0861a6d49,bsig_f61a89a0172a79f5d96cd71c,0.6201266444767198,True,,
obs_ea0aca853f3046642f451b7d,obs_9b1c5f0213d9d0fc1a3fff27,target,derived_control,target,parameter_matched_null_control,bsig_53d374d66c9dffe0861a6d49,bsig_f61a89a0172a79f5d96cd71c,0.6057338525266064,True,,
obs_ea0aca853f3046642f451b7d,obs_062eb3c1dd90468a63227d7f,target,derived_control,target,parameter_matched_null_control,bsig_53d374d66c9dffe0861a6d49,bsig_f61a89a0172a79f5d96cd71c,0.6554033168377932,True,,
obs_ea0aca853f3046642f451b7d,obs_e93f92e26db8b9c29005cc9e,target,derived_control,target,parameter_matched_null_control,bsig_53d374d66c9dffe0861a6d49,bsig_f61a89a0172a79f5d96cd71c,0.6411050033457297,True,,
obs_1163ec91dc845e4ed94d462a,obs_c21d789f14a613fc6b0083e2,frozen_control,target,periodic_diagonal_augmented_control,target,bsig_1364358a857deba241e04538,bsig_53d374d66c9dffe0861a6d49,0.32921559803175654,True,,
obs_1163ec91dc845e4ed94d462a,obs_afd8912a0e32fb71b5407b81,frozen_control,frozen_control,periodic_diagonal_augmented_control,periodic_diagonal_augmented_control,bsig_1364358a857deba241e04538,bsig_c70af5951ff4d9712678a20b,0.350470922740798,True,,
obs_1163ec91dc845e4ed94d462a,obs_ed1f0ceddbbf708b259ea1a6,frozen_control,target,periodic_diagonal_augmented_control,target,bsig_1364358a857deba241e04538,bsig_53d374d66c9dffe0861a6d49,0.10940322564780473,True,,
obs_1163ec91dc845e4ed94d462a,obs_46ade388243f3a4581ba4489,frozen_control,frozen_control,periodic_diagonal_augmented_control,periodic_diagonal_augmented_control,bsig_1364358a857deba241e04538,bsig_c70af5951ff4d9712678a20b,0.25685042308576334,True,,
obs_1163ec91dc845e4ed94d462a,obs_8de73c59341ac382087fba03,frozen_control,target,periodic_diagonal_augmented_control,target,bsig_1364358a857deba241e04538,bsig_53d374d66c9dffe0861a6d49,0.26512164228406226,True,,
obs_1163ec91dc845e4ed94d462a,obs_4b958084812d6435763f9a05,frozen_control,frozen_control,periodic_diagonal_augmented_control,periodic_diagonal_augmented_control,bsig_1364358a857deba241e04538,bsig_1364358a857deba241e04538,0.28451073664109117,True,,
obs_1163ec91dc845e4ed94d462a,obs_ea0aca853f3046642f451b7d,frozen_control,target,periodic_diagonal_augmented_control,target,bsig_1364358a857deba241e04538,bsig_53d374d66c9dffe0861a6d49,0.10459044008985814,True,,
obs_1163ec91dc845e4ed94d462a,obs_1163ec91dc845e4ed94d462a,frozen_control,frozen_control,periodic_diagonal_augmented_control,periodic_diagonal_augmented_control,bsig_1364358a857deba241e04538,bsig_1364358a857deba241e04538,0.0,True,,
obs_1163ec91dc845e4ed94d462a,obs_d6eeaa59b08b0f1c4897f8db,frozen_control,target,periodic_diagonal_augmented_control,target,bsig_1364358a857deba241e04538,bsig_53d374d66c9dffe0861a6d49,0.24484352866956538,True,,
obs_1163ec91dc845e4ed94d462a,obs_86701919f4db014d1d236f54,frozen_control,frozen_control,periodic_diagonal_augmented_control,periodic_diagonal_augmented_control,bsig_1364358a857deba241e04538,bsig_53d374d66c9dffe0861a6d49,0.3197855266529545,True,,
obs_1163ec91dc845e4ed94d462a,obs_8c347ec96417e5677cdb8ad0,frozen_control,target,periodic_diagonal_augmented_control,target,bsig_1364358a857deba241e04538,bsig_53d374d66c9dffe0861a6d49,0.16482448088842416,True,,
obs_1163ec91dc845e4ed94d462a,obs_624a249c44d428f10aa73463,frozen_control,frozen_control,periodic_diagonal_augmented_control,periodic_diagonal_augmented_control,bsig_1364358a857deba241e04538,bsig_53d374d66c9dffe0861a6d49,0.0933401590578439,True,,
obs_1163ec91dc845e4ed94d462a,obs_e43b79a2ef68469ae989ae1e,frozen_control,derived_control,periodic_diagonal_augmented_control,shuffled_structure_control,bsig_1364358a857deba241e04538,bsig_bb01a7c1d0ca9b191d52310d,0.3975326975988561,True,,
obs_1163ec91dc845e4ed94d462a,obs_c887eb3bf0ab4011d4084e3a,frozen_control,derived_control,periodic_diagonal_augmented_control,shuffled_structure_control,bsig_1364358a857deba241e04538,bsig_bb01a7c1d0ca9b191d52310d,0.24518064267522174,True,,
obs_1163ec91dc845e4ed94d462a,obs_57e35110e54898bdbe032c98,frozen_control,derived_control,periodic_diagonal_augmented_control,shuffled_structure_control,bsig_1364358a857deba241e04538,bsig_bb01a7c1d0ca9b191d52310d,0.31323672164914157,True,,
obs_1163ec91dc845e4ed94d462a,obs_2d439625692f7d83d54dd8c5,frozen_control,derived_control,periodic_diagonal_augmented_control,shuffled_structure_control,bsig_1364358a857deba241e04538,bsig_bb01a7c1d0ca9b191d52310d,0.24036785711727515,True,,
obs_1163ec91dc845e4ed94d462a,obs_ee93d740f305035b42ac22c5,frozen_control,derived_control,periodic_diagonal_augmented_control,shuffled_structure_control,bsig_1364358a857deba241e04538,bsig_bb01a7c1d0ca9b191d52310d,0.31316062823666496,True,,
obs_1163ec91dc845e4ed94d462a,obs_590502ed80ee4f9526a00243,frozen_control,derived_control,periodic_diagonal_augmented_control,shuffled_structure_control,bsig_1364358a857deba241e04538,bsig_bb01a7c1d0ca9b191d52310d,0.3006018979158412,True,,
obs_1163ec91dc845e4ed94d462a,obs_cd8cd88cb9618af0705bbf06,frozen_control,derived_control,periodic_diagonal_augmented_control,randomized_edge_control,bsig_1364358a857deba241e04538,bsig_3b1c1a5f56bb03b20611587b,0.40348507855123705,True,,
obs_1163ec91dc845e4ed94d462a,obs_448f4e11eb5a27dd4f60b644,frozen_control,derived_control,periodic_diagonal_augmented_control,randomized_edge_control,bsig_1364358a857deba241e04538,bsig_3b1c1a5f56bb03b20611587b,0.2511330236276027,True,,
obs_1163ec91dc845e4ed94d462a,obs_fa7bd1db2d6a1d5f66733a16,frozen_control,derived_control,periodic_diagonal_augmented_control,randomized_edge_control,bsig_1364358a857deba241e04538,bsig_3b1c1a5f56bb03b20611587b,0.31918910260152256,True,,
obs_1163ec91dc845e4ed94d462a,obs_3f3cbf5fee77e89478120a3b,frozen_control,derived_control,periodic_diagonal_augmented_control,randomized_edge_control,bsig_1364358a857deba241e04538,bsig_3b1c1a5f56bb03b20611587b,0.2463202380696561,True,,
obs_1163ec91dc845e4ed94d462a,obs_ddbc298f7c4df1aede53d5d6,frozen_control,derived_control,periodic_diagonal_augmented_control,randomized_edge_control,bsig_1364358a857deba241e04538,bsig_3b1c1a5f56bb03b20611587b,0.3191130091890459,True,,
obs_1163ec91dc845e4ed94d462a,obs_3f2760e857afefe81bf772fe,frozen_control,derived_control,periodic_diagonal_augmented_control,randomized_edge_control,bsig_1364358a857deba241e04538,bsig_3b1c1a5f56bb03b20611587b,0.3065542788682221,True,,
obs_1163ec91dc845e4ed94d462a,obs_1aa1fc186c905e7ffa16d2d4,frozen_control,derived_control,periodic_diagonal_augmented_control,degraded_signal_control,bsig_1364358a857deba241e04538,bsig_8527b27b7d47cca4b9594df9,0.4844795837370007,True,,
obs_1163ec91dc845e4ed94d462a,obs_e9c8066d01dd67e1f9d375ef,frozen_control,derived_control,periodic_diagonal_augmented_control,degraded_signal_control,bsig_1364358a857deba241e04538,bsig_1095c101d561009a130e1133,0.3628747154805816,True,,
obs_1163ec91dc845e4ed94d462a,obs_aabd161899dc613ecf88b1d9,frozen_control,derived_control,periodic_diagonal_augmented_control,degraded_signal_control,bsig_1364358a857deba241e04538,bsig_5fc2cc8106fba2b64bc8c905,0.40614303572965216,True,,
obs_1163ec91dc845e4ed94d462a,obs_322c862d474a379bd8df7674,frozen_control,derived_control,periodic_diagonal_augmented_control,degraded_signal_control,bsig_1364358a857deba241e04538,bsig_1095c101d561009a130e1133,0.3558547697117616,True,,
obs_1163ec91dc845e4ed94d462a,obs_4ef6a9c1a3b2d0659064e20b,frozen_control,derived_control,periodic_diagonal_augmented_control,degraded_signal_control,bsig_1364358a857deba241e04538,bsig_8527b27b7d47cca4b9594df9,0.3909035287440084,True,,
obs_1163ec91dc845e4ed94d462a,obs_7d8b6ee929f2a0a0cf7af8f5,frozen_control,derived_control,periodic_diagonal_augmented_control,degraded_signal_control,bsig_1364358a857deba241e04538,bsig_1095c101d561009a130e1133,0.40515318986624244,True,,
obs_1163ec91dc845e4ed94d462a,obs_b41d2dded4b9ccd5ecd128d5,frozen_control,derived_control,periodic_diagonal_augmented_control,label_permutation_control,bsig_1364358a857deba241e04538,bsig_8e7a52f1a727043c61e5d5c2,0.447385622451781,True,,
obs_1163ec91dc845e4ed94d462a,obs_a3582497f15ead2a2fc1280f,frozen_control,derived_control,periodic_diagonal_augmented_control,label_permutation_control,bsig_1364358a857deba241e04538,bsig_8e7a52f1a727043c61e5d5c2,0.29503356752814663,True,,
obs_1163ec91dc845e4ed94d462a,obs_f855844ba74f991c9ab0ba6d,frozen_control,derived_control,periodic_diagonal_augmented_control,label_permutation_control,bsig_1364358a857deba241e04538,bsig_8e7a52f1a727043c61e5d5c2,0.36308964650206643,True,,
obs_1163ec91dc845e4ed94d462a,obs_20877377330b5094380e86df,frozen_control,derived_control,periodic_diagonal_augmented_control,label_permutation_control,bsig_1364358a857deba241e04538,bsig_8e7a52f1a727043c61e5d5c2,0.2902207819702,True,,
obs_1163ec91dc845e4ed94d462a,obs_8d92e32fec459dd0746ec799,frozen_control,derived_control,periodic_diagonal_augmented_control,label_permutation_control,bsig_1364358a857deba241e04538,bsig_8e7a52f1a727043c61e5d5c2,0.3630135530895898,True,,
obs_1163ec91dc845e4ed94d462a,obs_11180e544727ce850ebf3a6a,frozen_control,derived_control,periodic_diagonal_augmented_control,label_permutation_control,bsig_1364358a857deba241e04538,bsig_8e7a52f1a727043c61e5d5c2,0.35045482276876605,True,,
obs_1163ec91dc845e4ed94d462a,obs_979ad629051487c82499339e,frozen_control,derived_control,periodic_diagonal_augmented_control,generic_graph_operator_control,bsig_1364358a857deba241e04538,bsig_793bb0a29a9abfe233b6d670,0.5056315431977018,True,,
obs_1163ec91dc845e4ed94d462a,obs_2c0e6630085a94e0f0b4dd07,frozen_control,derived_control,periodic_diagonal_augmented_control,generic_graph_operator_control,bsig_1364358a857deba241e04538,bsig_793bb0a29a9abfe233b6d670,0.35327948827406735,True,,
obs_1163ec91dc845e4ed94d462a,obs_0033e7ce631563262f7b0bbe,frozen_control,derived_control,periodic_diagonal_augmented_control,generic_graph_operator_control,bsig_1364358a857deba241e04538,bsig_793bb0a29a9abfe233b6d670,0.45668910260152257,True,,
obs_1163ec91dc845e4ed94d462a,obs_118430be7d682f480e3902ea,frozen_control,derived_control,periodic_diagonal_augmented_control,generic_graph_operator_control,bsig_1364358a857deba241e04538,bsig_793bb0a29a9abfe233b6d670,0.3838202380696561,True,,
obs_1163ec91dc845e4ed94d462a,obs_8f4c211fcf3841317e300fd0,frozen_control,derived_control,periodic_diagonal_augmented_control,generic_graph_operator_control,bsig_1364358a857deba241e04538,bsig_793bb0a29a9abfe233b6d670,0.42125947383551055,True,,
obs_1163ec91dc845e4ed94d462a,obs_ae30906415b62baef858fb35,frozen_control,derived_control,periodic_diagonal_augmented_control,generic_graph_operator_control,bsig_1364358a857deba241e04538,bsig_793bb0a29a9abfe233b6d670,0.40870074351468677,True,,
obs_1163ec91dc845e4ed94d462a,obs_2b1c4b4fddba864cb9f9f25f,frozen_control,derived_control,periodic_diagonal_augmented_control,seed_repeat_control,bsig_1364358a857deba241e04538,bsig_53d374d66c9dffe0861a6d49,0.32921559803175654,True,,
obs_1163ec91dc845e4ed94d462a,obs_65dfe5e65cb70d7cb499d482,frozen_control,derived_control,periodic_diagonal_augmented_control,seed_repeat_control,bsig_1364358a857deba241e04538,bsig_53d374d66c9dffe0861a6d49,0.10940322564780473,True,,
obs_1163ec91dc845e4ed94d462a,obs_f622bfcc3394ff0a255f9f83,frozen_control,derived_control,periodic_diagonal_augmented_control,seed_repeat_control,bsig_1364358a857deba241e04538,bsig_53d374d66c9dffe0861a6d49,0.26512164228406226,True,,
obs_1163ec91dc845e4ed94d462a,obs_57728f48826a986fe1ea83d9,frozen_control,derived_control,periodic_diagonal_augmented_control,seed_repeat_control,bsig_1364358a857deba241e04538,bsig_53d374d66c9dffe0861a6d49,0.10459044008985814,True,,
obs_1163ec91dc845e4ed94d462a,obs_c740a30388dc20122927f42a,frozen_control,derived_control,periodic_diagonal_augmented_control,seed_repeat_control,bsig_1364358a857deba241e04538,bsig_53d374d66c9dffe0861a6d49,0.24484352866956538,True,,
obs_1163ec91dc845e4ed94d462a,obs_04fbf535deaa3a11fe4345ca,frozen_control,derived_control,periodic_diagonal_augmented_control,seed_repeat_control,bsig_1364358a857deba241e04538,bsig_53d374d66c9dffe0861a6d49,0.16482448088842416,True,,
obs_1163ec91dc845e4ed94d462a,obs_d36d9fb3b1f089bbbf821e5c,frozen_control,derived_control,periodic_diagonal_augmented_control,parameter_matched_null_control,bsig_1364358a857deba241e04538,bsig_f61a89a0172a79f5d96cd71c,0.6797362778783521,True,,
obs_1163ec91dc845e4ed94d462a,obs_93659ee4b3b5fdadf510315f,frozen_control,derived_control,periodic_diagonal_augmented_control,parameter_matched_null_control,bsig_1364358a857deba241e04538,bsig_f61a89a0172a79f5d96cd71c,0.6619421168806197,True,,
obs_1163ec91dc845e4ed94d462a,obs_5a7521167226bbafcd5c6ba8,frozen_control,derived_control,periodic_diagonal_augmented_control,parameter_matched_null_control,bsig_1364358a857deba241e04538,bsig_f61a89a0172a79f5d96cd71c,0.6420044813292872,True,,
obs_1163ec91dc845e4ed94d462a,obs_9b1c5f0213d9d0fc1a3fff27,frozen_control,derived_control,periodic_diagonal_augmented_control,parameter_matched_null_control,bsig_1364358a857deba241e04538,bsig_f61a89a0172a79f5d96cd71c,0.6281785828032102,True,,
obs_1163ec91dc845e4ed94d462a,obs_062eb3c1dd90468a63227d7f,frozen_control,derived_control,periodic_diagonal_augmented_control,parameter_matched_null_control,bsig_1364358a857deba241e04538,bsig_f61a89a0172a79f5d96cd71c,0.6778129238528914,True,,
obs_1163ec91dc845e4ed94d462a,obs_e93f92e26db8b9c29005cc9e,frozen_control,derived_control,periodic_diagonal_augmented_control,parameter_matched_null_control,bsig_1364358a857deba241e04538,bsig_f61a89a0172a79f5d96cd71c,0.6635146103608279,True,,
obs_d6eeaa59b08b0f1c4897f8db,obs_c21d789f14a613fc6b0083e2,target,target,target,target,bsig_53d374d66c9dffe0861a6d49,bsig_53d374d66c9dffe0861a6d49,0.12830277170135795,True,,
obs_d6eeaa59b08b0f1c4897f8db,obs_afd8912a0e32fb71b5407b81,target,frozen_control,target,periodic_diagonal_augmented_control,bsig_53d374d66c9dffe0861a6d49,bsig_c70af5951ff4d9712678a20b,0.202989748428518,True,,
obs_d6eeaa59b08b0f1c4897f8db,obs_ed1f0ceddbbf708b259ea1a6,target,target,target,target,bsig_53d374d66c9dffe0861a6d49,bsig_53d374d66c9dffe0861a6d49,0.14077201770901243,True,,
obs_d6eeaa59b08b0f1c4897f8db,obs_46ade388243f3a4581ba4489,target,frozen_control,target,periodic_diagonal_augmented_control,bsig_53d374d66c9dffe0861a6d49,bsig_c70af5951ff4d9712678a20b,0.22421938439812295,True,,
obs_d6eeaa59b08b0f1c4897f8db,obs_8de73c59341ac382087fba03,target,target,target,target,bsig_53d374d66c9dffe0861a6d49,bsig_53d374d66c9dffe0861a6d49,0.17771423106436673,True,,
obs_d6eeaa59b08b0f1c4897f8db,obs_4b958084812d6435763f9a05,target,frozen_control,target,periodic_diagonal_augmented_control,bsig_53d374d66c9dffe0861a6d49,bsig_1364358a857deba241e04538,0.3165058491590823,True,,
obs_d6eeaa59b08b0f1c4897f8db,obs_ea0aca853f3046642f451b7d,target,target,target,target,bsig_53d374d66c9dffe0861a6d49,bsig_53d374d66c9dffe0861a6d49,0.20401360581138914,True,,
obs_d6eeaa59b08b0f1c4897f8db,obs_1163ec91dc845e4ed94d462a,target,frozen_control,target,periodic_diagonal_augmented_control,bsig_53d374d66c9dffe0861a6d49,bsig_1364358a857deba241e04538,0.24484352866956538,True,,
obs_d6eeaa59b08b0f1c4897f8db,obs_d6eeaa59b08b0f1c4897f8db,target,target,target,target,bsig_53d374d66c9dffe0861a6d49,bsig_53d374d66c9dffe0861a6d49,0.0,True,,
obs_d6eeaa59b08b0f1c4897f8db,obs_86701919f4db014d1d236f54,target,frozen_control,target,periodic_diagonal_augmented_control,bsig_53d374d66c9dffe0861a6d49,bsig_53d374d66c9dffe0861a6d49,0.23748935681290387,True,,
obs_d6eeaa59b08b0f1c4897f8db,obs_8c347ec96417e5677cdb8ad0,target,target,target,target,bsig_53d374d66c9dffe0861a6d49,bsig_53d374d66c9dffe0861a6d49,0.18932738134652308,True,,
obs_d6eeaa59b08b0f1c4897f8db,obs_624a249c44d428f10aa73463,target,frozen_control,target,periodic_diagonal_augmented_control,bsig_53d374d66c9dffe0861a6d49,bsig_53d374d66c9dffe0861a6d49,0.19965777960446363,True,,
obs_d6eeaa59b08b0f1c4897f8db,obs_e43b79a2ef68469ae989ae1e,target,derived_control,target,shuffled_structure_control,bsig_53d374d66c9dffe0861a6d49,bsig_bb01a7c1d0ca9b191d52310d,0.2862392796378659,True,,
obs_d6eeaa59b08b0f1c4897f8db,obs_c887eb3bf0ab4011d4084e3a,target,derived_control,target,shuffled_structure_control,bsig_53d374d66c9dffe0861a6d49,bsig_bb01a7c1d0ca9b191d52310d,0.2312482081852029,True,,
obs_d6eeaa59b08b0f1c4897f8db,obs_57e35110e54898bdbe032c98,target,derived_control,target,shuffled_structure_control,bsig_53d374d66c9dffe0861a6d49,bsig_bb01a7c1d0ca9b191d52310d,0.27612692947706513,True,,
obs_d6eeaa59b08b0f1c4897f8db,obs_2d439625692f7d83d54dd8c5,target,derived_control,target,shuffled_structure_control,bsig_53d374d66c9dffe0861a6d49,bsig_bb01a7c1d0ca9b191d52310d,0.2944897962875796,True,,
obs_d6eeaa59b08b0f1c4897f8db,obs_ee93d740f305035b42ac22c5,target,derived_control,target,shuffled_structure_control,bsig_53d374d66c9dffe0861a6d49,bsig_bb01a7c1d0ca9b191d52310d,0.15793650793650793,True,,
obs_d6eeaa59b08b0f1c4897f8db,obs_590502ed80ee4f9526a00243,target,derived_control,target,shuffled_structure_control,bsig_53d374d66c9dffe0861a6d49,bsig_bb01a7c1d0ca9b191d52310d,0.27980357182271354,True,,
obs_d6eeaa59b08b0f1c4897f8db,obs_cd8cd88cb9618af0705bbf06,target,derived_control,target,randomized_edge_control,bsig_53d374d66c9dffe0861a6d49,bsig_3b1c1a5f56bb03b20611587b,0.3001281685267547,True,,
obs_d6eeaa59b08b0f1c4897f8db,obs_448f4e11eb5a27dd4f60b644,target,derived_control,target,randomized_edge_control,bsig_53d374d66c9dffe0861a6d49,bsig_3b1c1a5f56bb03b20611587b,0.2451370970740918,True,,
obs_d6eeaa59b08b0f1c4897f8db,obs_fa7bd1db2d6a1d5f66733a16,target,derived_control,target,randomized_edge_control,bsig_53d374d66c9dffe0861a6d49,bsig_3b1c1a5f56bb03b20611587b,0.290015818365954,True,,
obs_d6eeaa59b08b0f1c4897f8db,obs_3f3cbf5fee77e89478120a3b,target,derived_control,target,randomized_edge_control,bsig_53d374d66c9dffe0861a6d49,bsig_3b1c1a5f56bb03b20611587b,0.3083786851764685,True,,
obs_d6eeaa59b08b0f1c4897f8db,obs_ddbc298f7c4df1aede53d5d6,target,derived_control,target,randomized_edge_control,bsig_53d374d66c9dffe0861a6d49,bsig_3b1c1a5f56bb03b20611587b,0.17182539682539683,True,,
obs_d6eeaa59b08b0f1c4897f8db,obs_3f2760e857afefe81bf772fe,target,derived_control,target,randomized_edge_control,bsig_53d374d66c9dffe0861a6d49,bsig_3b1c1a5f56bb03b20611587b,0.29369246071160243,True,,
obs_d6eeaa59b08b0f1c4897f8db,obs_1aa1fc186c905e7ffa16d2d4,target,derived_control,target,degraded_signal_control,bsig_53d374d66c9dffe0861a6d49,bsig_8527b27b7d47cca4b9594df9,0.40445006583146575,True,,
obs_d6eeaa59b08b0f1c4897f8db,obs_e9c8066d01dd67e1f9d375ef,target,derived_control,target,degraded_signal_control,bsig_53d374d66c9dffe0861a6d49,bsig_1095c101d561009a130e1133,0.36680978046357493,True,,
obs_d6eeaa59b08b0f1c4897f8db,obs_aabd161899dc613ecf88b1d9,target,derived_control,target,degraded_signal_control,bsig_53d374d66c9dffe0861a6d49,bsig_5fc2cc8106fba2b64bc8c905,0.4010843409573158,True,,
obs_d6eeaa59b08b0f1c4897f8db,obs_322c862d474a379bd8df7674,target,derived_control,target,degraded_signal_control,bsig_53d374d66c9dffe0861a6d49,bsig_1095c101d561009a130e1133,0.4206650195433513,True,,
obs_d6eeaa59b08b0f1c4897f8db,obs_4ef6a9c1a3b2d0659064e20b,target,derived_control,target,degraded_signal_control,bsig_53d374d66c9dffe0861a6d49,bsig_8527b27b7d47cca4b9594df9,0.31188212365230833,True,,
obs_d6eeaa59b08b0f1c4897f8db,obs_7d8b6ee929f2a0a0cf7af8f5,target,derived_control,target,degraded_signal_control,bsig_53d374d66c9dffe0861a6d49,bsig_1095c101d561009a130e1133,0.40234104418091104,True,,
obs_d6eeaa59b08b0f1c4897f8db,obs_b41d2dded4b9ccd5ecd128d5,target,derived_control,target,label_permutation_control,bsig_53d374d66c9dffe0861a6d49,bsig_8e7a52f1a727043c61e5d5c2,0.3451831135816998,True,,
obs_d6eeaa59b08b0f1c4897f8db,obs_a3582497f15ead2a2fc1280f,target,derived_control,target,label_permutation_control,bsig_53d374d66c9dffe0861a6d49,bsig_8e7a52f1a727043c61e5d5c2,0.2901920421290368,True,,
obs_d6eeaa59b08b0f1c4897f8db,obs_f855844ba74f991c9ab0ba6d,target,derived_control,target,label_permutation_control,bsig_53d374d66c9dffe0861a6d49,bsig_8e7a52f1a727043c61e5d5c2,0.3350707634208991,True,,
obs_d6eeaa59b08b0f1c4897f8db,obs_20877377330b5094380e86df,target,derived_control,target,label_permutation_control,bsig_53d374d66c9dffe0861a6d49,bsig_8e7a52f1a727043c61e5d5c2,0.35343363023141355,True,,
obs_d6eeaa59b08b0f1c4897f8db,obs_8d92e32fec459dd0746ec799,target,derived_control,target,label_permutation_control,bsig_53d374d66c9dffe0861a6d49,bsig_8e7a52f1a727043c61e5d5c2,0.21688034188034186,True,,
obs_d6eeaa59b08b0f1c4897f8db,obs_11180e544727ce850ebf3a6a,target,derived_control,target,label_permutation_control,bsig_53d374d66c9dffe0861a6d49,bsig_8e7a52f1a727043c61e5d5c2,0.3387474057665475,True,,
obs_d6eeaa59b08b0f1c4897f8db,obs_979ad629051487c82499339e,target,derived_control,target,generic_graph_operator_control,bsig_53d374d66c9dffe0861a6d49,bsig_793bb0a29a9abfe233b6d670,0.4787657346643209,True,,
obs_d6eeaa59b08b0f1c4897f8db,obs_2c0e6630085a94e0f0b4dd07,target,derived_control,target,generic_graph_operator_control,bsig_53d374d66c9dffe0861a6d49,bsig_793bb0a29a9abfe233b6d670,0.42377466321165785,True,,
obs_d6eeaa59b08b0f1c4897f8db,obs_0033e7ce631563262f7b0bbe,target,derived_control,target,generic_graph_operator_control,bsig_53d374d66c9dffe0861a6d49,bsig_793bb0a29a9abfe233b6d670,0.4332998491499848,True,,
obs_d6eeaa59b08b0f1c4897f8db,obs_118430be7d682f480e3902ea,target,derived_control,target,generic_graph_operator_control,bsig_53d374d66c9dffe0861a6d49,bsig_793bb0a29a9abfe233b6d670,0.45166271596049923,True,,
obs_d6eeaa59b08b0f1c4897f8db,obs_8f4c211fcf3841317e300fd0,target,derived_control,target,generic_graph_operator_control,bsig_53d374d66c9dffe0861a6d49,bsig_793bb0a29a9abfe233b6d670,0.3504629629629629,True,,
obs_d6eeaa59b08b0f1c4897f8db,obs_ae30906415b62baef858fb35,target,derived_control,target,generic_graph_operator_control,bsig_53d374d66c9dffe0861a6d49,bsig_793bb0a29a9abfe233b6d670,0.4723300268491685,True,,
obs_d6eeaa59b08b0f1c4897f8db,obs_2b1c4b4fddba864cb9f9f25f,target,derived_control,target,seed_repeat_control,bsig_53d374d66c9dffe0861a6d49,bsig_53d374d66c9dffe0861a6d49,0.12830277170135795,True,,
obs_d6eeaa59b08b0f1c4897f8db,obs_65dfe5e65cb70d7cb499d482,target,derived_control,target,seed_repeat_control,bsig_53d374d66c9dffe0861a6d49,bsig_53d374d66c9dffe0861a6d49,0.14077201770901243,True,,
obs_d6eeaa59b08b0f1c4897f8db,obs_f622bfcc3394ff0a255f9f83,target,derived_control,target,seed_repeat_control,bsig_53d374d66c9dffe0861a6d49,bsig_53d374d66c9dffe0861a6d49,0.17771423106436673,True,,
obs_d6eeaa59b08b0f1c4897f8db,obs_57728f48826a986fe1ea83d9,target,derived_control,target,seed_repeat_control,bsig_53d374d66c9dffe0861a6d49,bsig_53d374d66c9dffe0861a6d49,0.20401360581138914,True,,
obs_d6eeaa59b08b0f1c4897f8db,obs_c740a30388dc20122927f42a,target,derived_control,target,seed_repeat_control,bsig_53d374d66c9dffe0861a6d49,bsig_53d374d66c9dffe0861a6d49,0.0,True,,
obs_d6eeaa59b08b0f1c4897f8db,obs_04fbf535deaa3a11fe4345ca,target,derived_control,target,seed_repeat_control,bsig_53d374d66c9dffe0861a6d49,bsig_53d374d66c9dffe0861a6d49,0.18932738134652308,True,,
obs_d6eeaa59b08b0f1c4897f8db,obs_d36d9fb3b1f089bbbf821e5c,target,derived_control,target,parameter_matched_null_control,bsig_53d374d66c9dffe0861a6d49,bsig_f61a89a0172a79f5d96cd71c,0.6076404305209385,True,,
obs_d6eeaa59b08b0f1c4897f8db,obs_93659ee4b3b5fdadf510315f,target,derived_control,target,parameter_matched_null_control,bsig_53d374d66c9dffe0861a6d49,bsig_f61a89a0172a79f5d96cd71c,0.6216552944665167,True,,
obs_d6eeaa59b08b0f1c4897f8db,obs_5a7521167226bbafcd5c6ba8,target,derived_control,target,parameter_matched_null_control,bsig_53d374d66c9dffe0861a6d49,bsig_f61a89a0172a79f5d96cd71c,0.6425682411205192,True,,
obs_d6eeaa59b08b0f1c4897f8db,obs_9b1c5f0213d9d0fc1a3fff27,target,derived_control,target,parameter_matched_null_control,bsig_53d374d66c9dffe0861a6d49,bsig_f61a89a0172a79f5d96cd71c,0.6553863335241474,True,,
obs_d6eeaa59b08b0f1c4897f8db,obs_062eb3c1dd90468a63227d7f,target,derived_control,target,parameter_matched_null_control,bsig_53d374d66c9dffe0861a6d49,bsig_f61a89a0172a79f5d96cd71c,0.6057168692129606,True,,
obs_d6eeaa59b08b0f1c4897f8db,obs_e93f92e26db8b9c29005cc9e,target,derived_control,target,parameter_matched_null_control,bsig_53d374d66c9dffe0861a6d49,bsig_f61a89a0172a79f5d96cd71c,0.6200151827050241,True,,
obs_86701919f4db014d1d236f54,obs_c21d789f14a613fc6b0083e2,frozen_control,target,periodic_diagonal_augmented_control,target,bsig_53d374d66c9dffe0861a6d49,bsig_53d374d66c9dffe0861a6d49,0.1769147182943826,True,,
obs_86701919f4db014d1d236f54,obs_afd8912a0e32fb71b5407b81,frozen_control,frozen_control,periodic_diagonal_augmented_control,periodic_diagonal_augmented_control,bsig_53d374d66c9dffe0861a6d49,bsig_c70af5951ff4d9712678a20b,0.31145920129085647,True,,
obs_86701919f4db014d1d236f54,obs_ed1f0ceddbbf708b259ea1a6,frozen_control,target,periodic_diagonal_augmented_control,target,bsig_53d374d66c9dffe0861a6d49,bsig_53d374d66c9dffe0861a6d49,0.2943216060870483,True,,
obs_86701919f4db014d1d236f54,obs_46ade388243f3a4581ba4489,frozen_control,frozen_control,periodic_diagonal_augmented_control,periodic_diagonal_augmented_control,bsig_53d374d66c9dffe0861a6d49,bsig_c70af5951ff4d9712678a20b,0.32460185031401323,True,,
obs_86701919f4db014d1d236f54,obs_8de73c59341ac382087fba03,frozen_control,target,periodic_diagonal_augmented_control,target,bsig_53d374d66c9dffe0861a6d49,bsig_53d374d66c9dffe0861a6d49,0.09248744738531721,True,,
obs_86701919f4db014d1d236f54,obs_4b958084812d6435763f9a05,frozen_control,frozen_control,periodic_diagonal_augmented_control,periodic_diagonal_augmented_control,bsig_53d374d66c9dffe0861a6d49,bsig_1364358a857deba241e04538,0.28048870586309976,True,,
obs_86701919f4db014d1d236f54,obs_ea0aca853f3046642f451b7d,frozen_control,target,periodic_diagonal_augmented_control,target,bsig_53d374d66c9dffe0861a6d49,bsig_53d374d66c9dffe0861a6d49,0.2598509585898132,True,,
obs_86701919f4db014d1d236f54,obs_1163ec91dc845e4ed94d462a,frozen_control,frozen_control,periodic_diagonal_augmented_control,periodic_diagonal_augmented_control,bsig_53d374d66c9dffe0861a6d49,bsig_1364358a857deba241e04538,0.3197855266529545,True,,
obs_86701919f4db014d1d236f54,obs_d6eeaa59b08b0f1c4897f8db,frozen_control,target,periodic_diagonal_augmented_control,target,bsig_53d374d66c9dffe0861a6d49,bsig_53d374d66c9dffe0861a6d49,0.23748935681290387,True,,
obs_86701919f4db014d1d236f54,obs_86701919f4db014d1d236f54,frozen_control,frozen_control,periodic_diagonal_augmented_control,periodic_diagonal_augmented_control,bsig_53d374d66c9dffe0861a6d49,bsig_53d374d66c9dffe0861a6d49,0.0,True,,
obs_86701919f4db014d1d236f54,obs_8c347ec96417e5677cdb8ad0,frozen_control,target,periodic_diagonal_augmented_control,target,bsig_53d374d66c9dffe0861a6d49,bsig_53d374d66c9dffe0861a6d49,0.3051155915988773,True,,
obs_86701919f4db014d1d236f54,obs_624a249c44d428f10aa73463,frozen_control,frozen_control,periodic_diagonal_augmented_control,periodic_diagonal_augmented_control,bsig_53d374d66c9dffe0861a6d49,bsig_53d374d66c9dffe0861a6d49,0.2581657206354037,True,,
obs_86701919f4db014d1d236f54,obs_e43b79a2ef68469ae989ae1e,frozen_control,derived_control,periodic_diagonal_augmented_control,shuffled_structure_control,bsig_53d374d66c9dffe0861a6d49,bsig_bb01a7c1d0ca9b191d52310d,0.28045007182973614,True,,
obs_86701919f4db014d1d236f54,obs_c887eb3bf0ab4011d4084e3a,frozen_control,derived_control,periodic_diagonal_augmented_control,shuffled_structure_control,bsig_53d374d66c9dffe0861a6d49,bsig_bb01a7c1d0ca9b191d52310d,0.3697184314838737,True,,
obs_86701919f4db014d1d236f54,obs_57e35110e54898bdbe032c98,frozen_control,derived_control,periodic_diagonal_augmented_control,shuffled_structure_control,bsig_53d374d66c9dffe0861a6d49,bsig_bb01a7c1d0ca9b191d52310d,0.25554661044448024,True,,
obs_86701919f4db014d1d236f54,obs_2d439625692f7d83d54dd8c5,frozen_control,derived_control,periodic_diagonal_augmented_control,shuffled_structure_control,bsig_53d374d66c9dffe0861a6d49,bsig_bb01a7c1d0ca9b191d52310d,0.3352477839866386,True,,
obs_86701919f4db014d1d236f54,obs_ee93d740f305035b42ac22c5,frozen_control,derived_control,periodic_diagonal_augmented_control,shuffled_structure_control,bsig_53d374d66c9dffe0861a6d49,bsig_bb01a7c1d0ca9b191d52310d,0.34102471034825743,True,,
obs_86701919f4db014d1d236f54,obs_590502ed80ee4f9526a00243,frozen_control,derived_control,periodic_diagonal_augmented_control,shuffled_structure_control,bsig_53d374d66c9dffe0861a6d49,bsig_bb01a7c1d0ca9b191d52310d,0.38051241699570265,True,,
obs_86701919f4db014d1d236f54,obs_cd8cd88cb9618af0705bbf06,frozen_control,derived_control,periodic_diagonal_augmented_control,randomized_edge_control,bsig_53d374d66c9dffe0861a6d49,bsig_3b1c1a5f56bb03b20611587b,0.30227546865513294,True,,
obs_86701919f4db014d1d236f54,obs_448f4e11eb5a27dd4f60b644,frozen_control,derived_control,periodic_diagonal_augmented_control,randomized_edge_control,bsig_53d374d66c9dffe0861a6d49,bsig_3b1c1a5f56bb03b20611587b,0.39154382830927054,True,,
obs_86701919f4db014d1d236f54,obs_fa7bd1db2d6a1d5f66733a16,frozen_control,derived_control,periodic_diagonal_augmented_control,randomized_edge_control,bsig_53d374d66c9dffe0861a6d49,bsig_3b1c1a5f56bb03b20611587b,0.2773720072698771,True,,
obs_86701919f4db014d1d236f54,obs_3f3cbf5fee77e89478120a3b,frozen_control,derived_control,periodic_diagonal_augmented_control,randomized_edge_control,bsig_53d374d66c9dffe0861a6d49,bsig_3b1c1a5f56bb03b20611587b,0.35707318081203543,True,,
obs_86701919f4db014d1d236f54,obs_ddbc298f7c4df1aede53d5d6,frozen_control,derived_control,periodic_diagonal_augmented_control,randomized_edge_control,bsig_53d374d66c9dffe0861a6d49,bsig_3b1c1a5f56bb03b20611587b,0.36285010717365423,True,,
obs_86701919f4db014d1d236f54,obs_3f2760e857afefe81bf772fe,frozen_control,derived_control,periodic_diagonal_augmented_control,randomized_edge_control,bsig_53d374d66c9dffe0861a6d49,bsig_3b1c1a5f56bb03b20611587b,0.4023378138210995,True,,
obs_86701919f4db014d1d236f54,obs_1aa1fc186c905e7ffa16d2d4,frozen_control,derived_control,periodic_diagonal_augmented_control,degraded_signal_control,bsig_53d374d66c9dffe0861a6d49,bsig_8527b27b7d47cca4b9594df9,0.3693295894495551,True,,
obs_86701919f4db014d1d236f54,obs_e9c8066d01dd67e1f9d375ef,frozen_control,derived_control,periodic_diagonal_augmented_control,degraded_signal_control,bsig_53d374d66c9dffe0861a6d49,bsig_1095c101d561009a130e1133,0.36835195085837047,True,,
obs_86701919f4db014d1d236f54,obs_aabd161899dc613ecf88b1d9,frozen_control,derived_control,periodic_diagonal_augmented_control,degraded_signal_control,bsig_53d374d66c9dffe0861a6d49,bsig_5fc2cc8106fba2b64bc8c905,0.2967180787102906,True,,
obs_86701919f4db014d1d236f54,obs_322c862d474a379bd8df7674,frozen_control,derived_control,periodic_diagonal_augmented_control,degraded_signal_control,bsig_53d374d66c9dffe0861a6d49,bsig_1095c101d561009a130e1133,0.33187396419688975,True,,
obs_86701919f4db014d1d236f54,obs_4ef6a9c1a3b2d0659064e20b,frozen_control,derived_control,periodic_diagonal_augmented_control,degraded_signal_control,bsig_53d374d66c9dffe0861a6d49,bsig_8527b27b7d47cca4b9594df9,0.32893070166607574,True,,
obs_86701919f4db014d1d236f54,obs_7d8b6ee929f2a0a0cf7af8f5,frozen_control,derived_control,periodic_diagonal_augmented_control,degraded_signal_control,bsig_53d374d66c9dffe0861a6d49,bsig_1095c101d561009a130e1133,0.36526766052315107,True,,
obs_86701919f4db014d1d236f54,obs_b41d2dded4b9ccd5ecd128d5,frozen_control,derived_control,periodic_diagonal_augmented_control,label_permutation_control,bsig_53d374d66c9dffe0861a6d49,bsig_8e7a52f1a727043c61e5d5c2,0.33427125065091495,True,,
obs_86701919f4db014d1d236f54,obs_a3582497f15ead2a2fc1280f,frozen_control,derived_control,periodic_diagonal_augmented_control,label_permutation_control,bsig_53d374d66c9dffe0861a6d49,bsig_8e7a52f1a727043c61e5d5c2,0.4235396103050525,True,,
obs_86701919f4db014d1d236f54,obs_f855844ba74f991c9ab0ba6d,frozen_control,derived_control,periodic_diagonal_augmented_control,label_permutation_control,bsig_53d374d66c9dffe0861a6d49,bsig_8e7a52f1a727043c61e5d5c2,0.30936778926565905,True,,
obs_86701919f4db014d1d236f54,obs_20877377330b5094380e86df,frozen_control,derived_control,periodic_diagonal_augmented_control,label_permutation_control,bsig_53d374d66c9dffe0861a6d49,bsig_8e7a52f1a727043c61e5d5c2,0.38906896280781744,True,,
obs_86701919f4db014d1d236f54,obs_8d92e32fec459dd0746ec799,frozen_control,derived_control,periodic_diagonal_augmented_control,label_permutation_control,bsig_53d374d66c9dffe0861a6d49,bsig_8e7a52f1a727043c61e5d5c2,0.39484588916943625,True,,
obs_86701919f4db014d1d236f54,obs_11180e544727ce850ebf3a6a,frozen_control,derived_control,periodic_diagonal_augmented_control,label_permutation_control,bsig_53d374d66c9dffe0861a6d49,bsig_8e7a52f1a727043c61e5d5c2,0.43433359581688147,True,,
obs_86701919f4db014d1d236f54,obs_979ad629051487c82499339e,frozen_control,derived_control,periodic_diagonal_augmented_control,generic_graph_operator_control,bsig_53d374d66c9dffe0861a6d49,bsig_793bb0a29a9abfe233b6d670,0.43418383806350236,True,,
obs_86701919f4db014d1d236f54,obs_2c0e6630085a94e0f0b4dd07,frozen_control,derived_control,periodic_diagonal_augmented_control,generic_graph_operator_control,bsig_53d374d66c9dffe0861a6d49,bsig_793bb0a29a9abfe233b6d670,0.52345219771764,True,,
obs_86701919f4db014d1d236f54,obs_0033e7ce631563262f7b0bbe,frozen_control,derived_control,periodic_diagonal_augmented_control,generic_graph_operator_control,bsig_53d374d66c9dffe0861a6d49,bsig_793bb0a29a9abfe233b6d670,0.4446339120317818,True,,
obs_86701919f4db014d1d236f54,obs_118430be7d682f480e3902ea,frozen_control,derived_control,periodic_diagonal_augmented_control,generic_graph_operator_control,bsig_53d374d66c9dffe0861a6d49,bsig_793bb0a29a9abfe233b6d670,0.5243350855739402,True,,
obs_86701919f4db014d1d236f54,obs_8f4c211fcf3841317e300fd0,frozen_control,derived_control,periodic_diagonal_augmented_control,generic_graph_operator_control,bsig_53d374d66c9dffe0861a6d49,bsig_793bb0a29a9abfe233b6d670,0.49475847658202365,True,,
obs_86701919f4db014d1d236f54,obs_ae30906415b62baef858fb35,frozen_control,derived_control,periodic_diagonal_augmented_control,generic_graph_operator_control,bsig_53d374d66c9dffe0861a6d49,bsig_793bb0a29a9abfe233b6d670,0.5342461832294689,True,,
obs_86701919f4db014d1d236f54,obs_2b1c4b4fddba864cb9f9f25f,frozen_control,derived_control,periodic_diagonal_augmented_control,seed_repeat_control,bsig_53d374d66c9dffe0861a6d49,bsig_53d374d66c9dffe0861a6d49,0.1769147182943826,True,,
obs_86701919f4db014d1d236f54,obs_65dfe5e65cb70d7cb499d482,frozen_control,derived_control,periodic_diagonal_augmented_control,seed_repeat_control,bsig_53d374d66c9dffe0861a6d49,bsig_53d374d66c9dffe0861a6d49,0.2943216060870483,True,,
obs_86701919f4db014d1d236f54,obs_f622bfcc3394ff0a255f9f83,frozen_control,derived_control,periodic_diagonal_augmented_control,seed_repeat_control,bsig_53d374d66c9dffe0861a6d49,bsig_53d374d66c9dffe0861a6d49,0.09248744738531721,True,,
obs_86701919f4db014d1d236f54,obs_57728f48826a986fe1ea83d9,frozen_control,derived_control,periodic_diagonal_augmented_control,seed_repeat_control,bsig_53d374d66c9dffe0861a6d49,bsig_53d374d66c9dffe0861a6d49,0.2598509585898132,True,,
obs_86701919f4db014d1d236f54,obs_c740a30388dc20122927f42a,frozen_control,derived_control,periodic_diagonal_augmented_control,seed_repeat_control,bsig_53d374d66c9dffe0861a6d49,bsig_53d374d66c9dffe0861a6d49,0.23748935681290387,True,,
obs_86701919f4db014d1d236f54,obs_04fbf535deaa3a11fe4345ca,frozen_control,derived_control,periodic_diagonal_augmented_control,seed_repeat_control,bsig_53d374d66c9dffe0861a6d49,bsig_53d374d66c9dffe0861a6d49,0.3051155915988773,True,,
obs_86701919f4db014d1d236f54,obs_d36d9fb3b1f089bbbf821e5c,frozen_control,derived_control,periodic_diagonal_augmented_control,parameter_matched_null_control,bsig_53d374d66c9dffe0861a6d49,bsig_f61a89a0172a79f5d96cd71c,0.6442027460549511,True,,
obs_86701919f4db014d1d236f54,obs_93659ee4b3b5fdadf510315f,frozen_control,derived_control,periodic_diagonal_augmented_control,parameter_matched_null_control,bsig_53d374d66c9dffe0861a6d49,bsig_f61a89a0172a79f5d96cd71c,0.6570208299551779,True,,
obs_86701919f4db014d1d236f54,obs_5a7521167226bbafcd5c6ba8,frozen_control,derived_control,periodic_diagonal_augmented_control,parameter_matched_null_control,bsig_53d374d66c9dffe0861a6d49,bsig_f61a89a0172a79f5d96cd71c,0.6062514653532539,True,,
obs_86701919f4db014d1d236f54,obs_9b1c5f0213d9d0fc1a3fff27,frozen_control,derived_control,periodic_diagonal_augmented_control,parameter_matched_null_control,bsig_53d374d66c9dffe0861a6d49,bsig_f61a89a0172a79f5d96cd71c,0.6206442573033674,True,,
obs_86701919f4db014d1d236f54,obs_062eb3c1dd90468a63227d7f,frozen_control,derived_control,periodic_diagonal_augmented_control,parameter_matched_null_control,bsig_53d374d66c9dffe0861a6d49,bsig_f61a89a0172a79f5d96cd71c,0.6431027772278812,True,,
obs_86701919f4db014d1d236f54,obs_e93f92e26db8b9c29005cc9e,frozen_control,derived_control,periodic_diagonal_augmented_control,parameter_matched_null_control,bsig_53d374d66c9dffe0861a6d49,bsig_f61a89a0172a79f5d96cd71c,0.6560153480895592,True,,
obs_8c347ec96417e5677cdb8ad0,obs_c21d789f14a613fc6b0083e2,target,target,target,target,bsig_53d374d66c9dffe0861a6d49,bsig_53d374d66c9dffe0861a6d49,0.2463587841691698,True,,
obs_8c347ec96417e5677cdb8ad0,obs_afd8912a0e32fb71b5407b81,target,frozen_control,target,periodic_diagonal_augmented_control,bsig_53d374d66c9dffe0861a6d49,bsig_c70af5951ff4d9712678a20b,0.29347777140567605,True,,
obs_8c347ec96417e5677cdb8ad0,obs_ed1f0ceddbbf708b259ea1a6,target,target,target,target,bsig_53d374d66c9dffe0861a6d49,bsig_53d374d66c9dffe0861a6d49,0.06050525601227224,True,,
obs_8c347ec96417e5677cdb8ad0,obs_46ade388243f3a4581ba4489,target,frozen_control,target,periodic_diagonal_augmented_control,bsig_53d374d66c9dffe0861a6d49,bsig_c70af5951ff4d9712678a20b,0.2372041588956989,True,,
obs_8c347ec96417e5677cdb8ad0,obs_8de73c59341ac382087fba03,target,target,target,target,bsig_53d374d66c9dffe0861a6d49,bsig_53d374d66c9dffe0861a6d49,0.26183026165991585,True,,
obs_8c347ec96417e5677cdb8ad0,obs_4b958084812d6435763f9a05,target,frozen_control,target,periodic_diagonal_augmented_control,bsig_53d374d66c9dffe0861a6d49,bsig_1364358a857deba241e04538,0.37665777764455927,True,,
obs_8c347ec96417e5677cdb8ad0,obs_ea0aca853f3046642f451b7d,target,target,target,target,bsig_53d374d66c9dffe0861a6d49,bsig_53d374d66c9dffe0861a6d49,0.08077856101034808,True,,
obs_8c347ec96417e5677cdb8ad0,obs_1163ec91dc845e4ed94d462a,target,frozen_control,target,periodic_diagonal_augmented_control,bsig_53d374d66c9dffe0861a6d49,bsig_1364358a857deba241e04538,0.16482448088842416,True,,
obs_8c347ec96417e5677cdb8ad0,obs_d6eeaa59b08b0f1c4897f8db,target,target,target,target,bsig_53d374d66c9dffe0861a6d49,bsig_53d374d66c9dffe0861a6d49,0.18932738134652308,True,,
obs_8c347ec96417e5677cdb8ad0,obs_86701919f4db014d1d236f54,target,frozen_control,target,periodic_diagonal_augmented_control,bsig_53d374d66c9dffe0861a6d49,bsig_53d374d66c9dffe0861a6d49,0.3051155915988773,True,,
obs_8c347ec96417e5677cdb8ad0,obs_8c347ec96417e5677cdb8ad0,target,target,target,target,bsig_53d374d66c9dffe0861a6d49,bsig_53d374d66c9dffe0861a6d49,0.0,True,,
obs_8c347ec96417e5677cdb8ad0,obs_624a249c44d428f10aa73463,target,frozen_control,target,periodic_diagonal_augmented_control,bsig_53d374d66c9dffe0861a6d49,bsig_53d374d66c9dffe0861a6d49,0.09232935876881923,True,,
obs_8c347ec96417e5677cdb8ad0,obs_e43b79a2ef68469ae989ae1e,target,derived_control,target,shuffled_structure_control,bsig_53d374d66c9dffe0861a6d49,bsig_bb01a7c1d0ca9b191d52310d,0.3459258837362693,True,,
obs_8c347ec96417e5677cdb8ad0,obs_c887eb3bf0ab4011d4084e3a,target,derived_control,target,shuffled_structure_control,bsig_53d374d66c9dffe0861a6d49,bsig_bb01a7c1d0ca9b191d52310d,0.22753267303968924,True,,
obs_8c347ec96417e5677cdb8ad0,obs_57e35110e54898bdbe032c98,target,derived_control,target,shuffled_structure_control,bsig_53d374d66c9dffe0861a6d49,bsig_bb01a7c1d0ca9b191d52310d,0.3411953410249952,True,,
obs_8c347ec96417e5677cdb8ad0,obs_2d439625692f7d83d54dd8c5,target,derived_control,target,shuffled_structure_control,bsig_53d374d66c9dffe0861a6d49,bsig_bb01a7c1d0ca9b191d52310d,0.2478059780377651,True,,
obs_8c347ec96417e5677cdb8ad0,obs_ee93d740f305035b42ac22c5,target,derived_control,target,shuffled_structure_control,bsig_53d374d66c9dffe0861a6d49,bsig_bb01a7c1d0ca9b191d52310d,0.28889448091362263,True,,
obs_8c347ec96417e5677cdb8ad0,obs_590502ed80ee4f9526a00243,target,derived_control,target,shuffled_structure_control,bsig_53d374d66c9dffe0861a6d49,bsig_bb01a7c1d0ca9b191d52310d,0.16702741702741702,True,,
obs_8c347ec96417e5677cdb8ad0,obs_cd8cd88cb9618af0705bbf06,target,derived_control,target,randomized_edge_control,bsig_53d374d66c9dffe0861a6d49,bsig_3b1c1a5f56bb03b20611587b,0.3518782646886503,True,,
obs_8c347ec96417e5677cdb8ad0,obs_448f4e11eb5a27dd4f60b644,target,derived_control,target,randomized_edge_control,bsig_53d374d66c9dffe0861a6d49,bsig_3b1c1a5f56bb03b20611587b,0.2334850539920702,True,,
obs_8c347ec96417e5677cdb8ad0,obs_fa7bd1db2d6a1d5f66733a16,target,derived_control,target,randomized_edge_control,bsig_53d374d66c9dffe0861a6d49,bsig_3b1c1a5f56bb03b20611587b,0.34714772197737614,True,,
obs_8c347ec96417e5677cdb8ad0,obs_3f3cbf5fee77e89478120a3b,target,derived_control,target,randomized_edge_control,bsig_53d374d66c9dffe0861a6d49,bsig_3b1c1a5f56bb03b20611587b,0.25375835899014604,True,,
obs_8c347ec96417e5677cdb8ad0,obs_ddbc298f7c4df1aede53d5d6,target,derived_control,target,randomized_edge_control,bsig_53d374d66c9dffe0861a6d49,bsig_3b1c1a5f56bb03b20611587b,0.29484686186600356,True,,
obs_8c347ec96417e5677cdb8ad0,obs_3f2760e857afefe81bf772fe,target,derived_control,target,randomized_edge_control,bsig_53d374d66c9dffe0861a6d49,bsig_3b1c1a5f56bb03b20611587b,0.17297979797979796,True,,
obs_8c347ec96417e5677cdb8ad0,obs_1aa1fc186c905e7ffa16d2d4,target,derived_control,target,degraded_signal_control,bsig_53d374d66c9dffe0861a6d49,bsig_8527b27b7d47cca4b9594df9,0.4532825010631565,True,,
obs_8c347ec96417e5677cdb8ad0,obs_e9c8066d01dd67e1f9d375ef,target,derived_control,target,degraded_signal_control,bsig_53d374d66c9dffe0861a6d49,bsig_1095c101d561009a130e1133,0.36685018511777234,True,,
obs_8c347ec96417e5677cdb8ad0,obs_aabd161899dc613ecf88b1d9,target,derived_control,target,degraded_signal_control,bsig_53d374d66c9dffe0861a6d49,bsig_5fc2cc8106fba2b64bc8c905,0.44589463987021194,True,,
obs_8c347ec96417e5677cdb8ad0,obs_322c862d474a379bd8df7674,target,derived_control,target,degraded_signal_control,bsig_53d374d66c9dffe0861a6d49,bsig_1095c101d561009a130e1133,0.3881614502107237,True,,
obs_8c347ec96417e5677cdb8ad0,obs_4ef6a9c1a3b2d0659064e20b,target,derived_control,target,degraded_signal_control,bsig_53d374d66c9dffe0861a6d49,bsig_8527b27b7d47cca4b9594df9,0.384771752921979,True,,
obs_8c347ec96417e5677cdb8ad0,obs_7d8b6ee929f2a0a0cf7af8f5,target,derived_control,target,degraded_signal_control,bsig_53d374d66c9dffe0861a6d49,bsig_1095c101d561009a130e1133,0.31188212365230833,True,,
obs_8c347ec96417e5677cdb8ad0,obs_b41d2dded4b9ccd5ecd128d5,target,derived_control,target,label_permutation_control,bsig_53d374d66c9dffe0861a6d49,bsig_8e7a52f1a727043c61e5d5c2,0.3957788085891942,True,,
obs_8c347ec96417e5677cdb8ad0,obs_a3582497f15ead2a2fc1280f,target,derived_control,target,label_permutation_control,bsig_53d374d66c9dffe0861a6d49,bsig_8e7a52f1a727043c61e5d5c2,0.2773855978926141,True,,
obs_8c347ec96417e5677cdb8ad0,obs_f855844ba74f991c9ab0ba6d,target,derived_control,target,label_permutation_control,bsig_53d374d66c9dffe0861a6d49,bsig_8e7a52f1a727043c61e5d5c2,0.3910482658779201,True,,
obs_8c347ec96417e5677cdb8ad0,obs_20877377330b5094380e86df,target,derived_control,target,label_permutation_control,bsig_53d374d66c9dffe0861a6d49,bsig_8e7a52f1a727043c61e5d5c2,0.29765890289068997,True,,
obs_8c347ec96417e5677cdb8ad0,obs_8d92e32fec459dd0746ec799,target,derived_control,target,label_permutation_control,bsig_53d374d66c9dffe0861a6d49,bsig_8e7a52f1a727043c61e5d5c2,0.3387474057665475,True,,
obs_8c347ec96417e5677cdb8ad0,obs_11180e544727ce850ebf3a6a,target,derived_control,target,label_permutation_control,bsig_53d374d66c9dffe0861a6d49,bsig_8e7a52f1a727043c61e5d5c2,0.21688034188034186,True,,
obs_8c347ec96417e5677cdb8ad0,obs_979ad629051487c82499339e,target,derived_control,target,generic_graph_operator_control,bsig_53d374d66c9dffe0861a6d49,bsig_793bb0a29a9abfe233b6d670,0.5293614296718152,True,,
obs_8c347ec96417e5677cdb8ad0,obs_2c0e6630085a94e0f0b4dd07,target,derived_control,target,generic_graph_operator_control,bsig_53d374d66c9dffe0861a6d49,bsig_793bb0a29a9abfe233b6d670,0.41096821897523517,True,,
obs_8c347ec96417e5677cdb8ad0,obs_0033e7ce631563262f7b0bbe,target,derived_control,target,generic_graph_operator_control,bsig_53d374d66c9dffe0861a6d49,bsig_793bb0a29a9abfe233b6d670,0.48927735160700575,True,,
obs_8c347ec96417e5677cdb8ad0,obs_118430be7d682f480e3902ea,target,derived_control,target,generic_graph_operator_control,bsig_53d374d66c9dffe0861a6d49,bsig_793bb0a29a9abfe233b6d670,0.39588798861977564,True,,
obs_8c347ec96417e5677cdb8ad0,obs_8f4c211fcf3841317e300fd0,target,derived_control,target,generic_graph_operator_control,bsig_53d374d66c9dffe0861a6d49,bsig_793bb0a29a9abfe233b6d670,0.4723300268491685,True,,
obs_8c347ec96417e5677cdb8ad0,obs_ae30906415b62baef858fb35,target,derived_control,target,generic_graph_operator_control,bsig_53d374d66c9dffe0861a6d49,bsig_793bb0a29a9abfe233b6d670,0.3504629629629629,True,,
obs_8c347ec96417e5677cdb8ad0,obs_2b1c4b4fddba864cb9f9f25f,target,derived_control,target,seed_repeat_control,bsig_53d374d66c9dffe0861a6d49,bsig_53d374d66c9dffe0861a6d49,0.2463587841691698,True,,
obs_8c347ec96417e5677cdb8ad0,obs_65dfe5e65cb70d7cb499d482,target,derived_control,target,seed_repeat_control,bsig_53d374d66c9dffe0861a6d49,bsig_53d374d66c9dffe0861a6d49,0.06050525601227224,True,,
obs_8c347ec96417e5677cdb8ad0,obs_f622bfcc3394ff0a255f9f83,target,derived_control,target,seed_repeat_control,bsig_53d374d66c9dffe0861a6d49,bsig_53d374d66c9dffe0861a6d49,0.26183026165991585,True,,
obs_8c347ec96417e5677cdb8ad0,obs_57728f48826a986fe1ea83d9,target,derived_control,target,seed_repeat_control,bsig_53d374d66c9dffe0861a6d49,bsig_53d374d66c9dffe0861a6d49,0.08077856101034808,True,,
obs_8c347ec96417e5677cdb8ad0,obs_c740a30388dc20122927f42a,target,derived_control,target,seed_repeat_control,bsig_53d374d66c9dffe0861a6d49,bsig_53d374d66c9dffe0861a6d49,0.18932738134652308,True,,
obs_8c347ec96417e5677cdb8ad0,obs_04fbf535deaa3a11fe4345ca,target,derived_control,target,seed_repeat_control,bsig_53d374d66c9dffe0861a6d49,bsig_53d374d66c9dffe0861a6d49,0.0,True,,
obs_8c347ec96417e5677cdb8ad0,obs_d36d9fb3b1f089bbbf821e5c,target,derived_control,target,parameter_matched_null_control,bsig_53d374d66c9dffe0861a6d49,bsig_f61a89a0172a79f5d96cd71c,0.621938744013002,True,,
obs_8c347ec96417e5677cdb8ad0,obs_93659ee4b3b5fdadf510315f,target,derived_control,target,parameter_matched_null_control,bsig_53d374d66c9dffe0861a6d49,bsig_f61a89a0172a79f5d96cd71c,0.6073569809744532,True,,
obs_8c347ec96417e5677cdb8ad0,obs_5a7521167226bbafcd5c6ba8,target,derived_control,target,parameter_matched_null_control,bsig_53d374d66c9dffe0861a6d49,bsig_f61a89a0172a79f5d96cd71c,0.6554808119821973,True,,
obs_8c347ec96417e5677cdb8ad0,obs_9b1c5f0213d9d0fc1a3fff27,target,derived_control,target,parameter_matched_null_control,bsig_53d374d66c9dffe0861a6d49,bsig_f61a89a0172a79f5d96cd71c,0.6410880200320839,True,,
obs_8c347ec96417e5677cdb8ad0,obs_062eb3c1dd90468a63227d7f,target,derived_control,target,parameter_matched_null_control,bsig_53d374d66c9dffe0861a6d49,bsig_f61a89a0172a79f5d96cd71c,0.6200151827050241,True,,
obs_8c347ec96417e5677cdb8ad0,obs_e93f92e26db8b9c29005cc9e,target,derived_control,target,parameter_matched_null_control,bsig_53d374d66c9dffe0861a6d49,bsig_f61a89a0172a79f5d96cd71c,0.6057168692129606,True,,
obs_624a249c44d428f10aa73463,obs_c21d789f14a613fc6b0083e2,frozen_control,target,periodic_diagonal_augmented_control,target,bsig_53d374d66c9dffe0861a6d49,bsig_53d374d66c9dffe0861a6d49,0.27607780688709616,True,,
obs_624a249c44d428f10aa73463,obs_afd8912a0e32fb71b5407b81,frozen_control,frozen_control,periodic_diagonal_augmented_control,periodic_diagonal_augmented_control,bsig_53d374d66c9dffe0861a6d49,bsig_c70af5951ff4d9712678a20b,0.33327374085148326,True,,
obs_624a249c44d428f10aa73463,obs_ed1f0ceddbbf708b259ea1a6,frozen_control,target,periodic_diagonal_augmented_control,target,bsig_53d374d66c9dffe0861a6d49,bsig_53d374d66c9dffe0861a6d49,0.06280155484432685,True,,
obs_624a249c44d428f10aa73463,obs_46ade388243f3a4581ba4489,frozen_control,frozen_control,periodic_diagonal_augmented_control,periodic_diagonal_augmented_control,bsig_53d374d66c9dffe0861a6d49,bsig_c70af5951ff4d9712678a20b,0.2561947513468408,True,,
obs_624a249c44d428f10aa73463,obs_8de73c59341ac382087fba03,frozen_control,target,periodic_diagonal_augmented_control,target,bsig_53d374d66c9dffe0861a6d49,bsig_53d374d66c9dffe0861a6d49,0.2123711113758213,True,,
obs_624a249c44d428f10aa73463,obs_4b958084812d6435763f9a05,frozen_control,frozen_control,periodic_diagonal_augmented_control,periodic_diagonal_augmented_control,bsig_53d374d66c9dffe0861a6d49,bsig_1364358a857deba241e04538,0.3477683491072429,True,,
obs_624a249c44d428f10aa73463,obs_ea0aca853f3046642f451b7d,frozen_control,target,periodic_diagonal_augmented_control,target,bsig_53d374d66c9dffe0861a6d49,bsig_53d374d66c9dffe0861a6d49,0.01872860887619924,True,,
obs_624a249c44d428f10aa73463,obs_1163ec91dc845e4ed94d462a,frozen_control,frozen_control,periodic_diagonal_augmented_control,periodic_diagonal_augmented_control,bsig_53d374d66c9dffe0861a6d49,bsig_1364358a857deba241e04538,0.0933401590578439,True,,
obs_624a249c44d428f10aa73463,obs_d6eeaa59b08b0f1c4897f8db,frozen_control,target,periodic_diagonal_augmented_control,target,bsig_53d374d66c9dffe0861a6d49,bsig_53d374d66c9dffe0861a6d49,0.19965777960446363,True,,
obs_624a249c44d428f10aa73463,obs_86701919f4db014d1d236f54,frozen_control,frozen_control,periodic_diagonal_augmented_control,periodic_diagonal_augmented_control,bsig_53d374d66c9dffe0861a6d49,bsig_53d374d66c9dffe0861a6d49,0.2581657206354037,True,,
obs_624a249c44d428f10aa73463,obs_8c347ec96417e5677cdb8ad0,frozen_control,target,periodic_diagonal_augmented_control,target,bsig_53d374d66c9dffe0861a6d49,bsig_53d374d66c9dffe0861a6d49,0.09232935876881923,True,,
obs_624a249c44d428f10aa73463,obs_624a249c44d428f10aa73463,frozen_control,frozen_control,periodic_diagonal_augmented_control,periodic_diagonal_augmented_control,bsig_53d374d66c9dffe0861a6d49,bsig_53d374d66c9dffe0861a6d49,0.0,True,,
obs_624a249c44d428f10aa73463,obs_e43b79a2ef68469ae989ae1e,frozen_control,derived_control,periodic_diagonal_augmented_control,shuffled_structure_control,bsig_53d374d66c9dffe0861a6d49,bsig_bb01a7c1d0ca9b191d52310d,0.37564490645419574,True,,
obs_624a249c44d428f10aa73463,obs_c887eb3bf0ab4011d4084e3a,frozen_control,derived_control,periodic_diagonal_augmented_control,shuffled_structure_control,bsig_53d374d66c9dffe0861a6d49,bsig_bb01a7c1d0ca9b191d52310d,0.22982897187174386,True,,
obs_624a249c44d428f10aa73463,obs_57e35110e54898bdbe032c98,frozen_control,derived_control,periodic_diagonal_augmented_control,shuffled_structure_control,bsig_53d374d66c9dffe0861a6d49,bsig_bb01a7c1d0ca9b191d52310d,0.2917361907409007,True,,
obs_624a249c44d428f10aa73463,obs_2d439625692f7d83d54dd8c5,frozen_control,derived_control,periodic_diagonal_augmented_control,shuffled_structure_control,bsig_53d374d66c9dffe0861a6d49,bsig_bb01a7c1d0ca9b191d52310d,0.18575602590361626,True,,
obs_624a249c44d428f10aa73463,obs_ee93d740f305035b42ac22c5,frozen_control,derived_control,periodic_diagonal_augmented_control,shuffled_structure_control,bsig_53d374d66c9dffe0861a6d49,bsig_bb01a7c1d0ca9b191d52310d,0.2992248791715632,True,,
obs_624a249c44d428f10aa73463,obs_590502ed80ee4f9526a00243,frozen_control,derived_control,periodic_diagonal_augmented_control,shuffled_structure_control,bsig_53d374d66c9dffe0861a6d49,bsig_bb01a7c1d0ca9b191d52310d,0.2593567757962363,True,,
obs_624a249c44d428f10aa73463,obs_cd8cd88cb9618af0705bbf06,frozen_control,derived_control,periodic_diagonal_augmented_control,randomized_edge_control,bsig_53d374d66c9dffe0861a6d49,bsig_3b1c1a5f56bb03b20611587b,0.38159728740657667,True,,
obs_624a249c44d428f10aa73463,obs_448f4e11eb5a27dd4f60b644,frozen_control,derived_control,periodic_diagonal_augmented_control,randomized_edge_control,bsig_53d374d66c9dffe0861a6d49,bsig_3b1c1a5f56bb03b20611587b,0.23578135282412482,True,,
obs_624a249c44d428f10aa73463,obs_fa7bd1db2d6a1d5f66733a16,frozen_control,derived_control,periodic_diagonal_augmented_control,randomized_edge_control,bsig_53d374d66c9dffe0861a6d49,bsig_3b1c1a5f56bb03b20611587b,0.2976885716932816,True,,
obs_624a249c44d428f10aa73463,obs_3f3cbf5fee77e89478120a3b,frozen_control,derived_control,periodic_diagonal_augmented_control,randomized_edge_control,bsig_53d374d66c9dffe0861a6d49,bsig_3b1c1a5f56bb03b20611587b,0.1917084068559972,True,,
obs_624a249c44d428f10aa73463,obs_ddbc298f7c4df1aede53d5d6,frozen_control,derived_control,periodic_diagonal_augmented_control,randomized_edge_control,bsig_53d374d66c9dffe0861a6d49,bsig_3b1c1a5f56bb03b20611587b,0.30517726012394414,True,,
obs_624a249c44d428f10aa73463,obs_3f2760e857afefe81bf772fe,frozen_control,derived_control,periodic_diagonal_augmented_control,randomized_edge_control,bsig_53d374d66c9dffe0861a6d49,bsig_3b1c1a5f56bb03b20611587b,0.2653091567486172,True,,
obs_624a249c44d428f10aa73463,obs_1aa1fc186c905e7ffa16d2d4,frozen_control,derived_control,periodic_diagonal_augmented_control,degraded_signal_control,bsig_53d374d66c9dffe0861a6d49,bsig_8527b27b7d47cca4b9594df9,0.47852298458580295,True,,
obs_624a249c44d428f10aa73463,obs_e9c8066d01dd67e1f9d375ef,frozen_control,derived_control,periodic_diagonal_augmented_control,degraded_signal_control,bsig_53d374d66c9dffe0861a6d49,bsig_1095c101d561009a130e1133,0.36546040327539464,True,,
obs_624a249c44d428f10aa73463,obs_aabd161899dc613ecf88b1d9,frozen_control,derived_control,periodic_diagonal_augmented_control,degraded_signal_control,bsig_53d374d66c9dffe0861a6d49,bsig_5fc2cc8106fba2b64bc8c905,0.39984350288902865,True,,
obs_624a249c44d428f10aa73463,obs_322c862d474a379bd8df7674,frozen_control,derived_control,periodic_diagonal_augmented_control,degraded_signal_control,bsig_53d374d66c9dffe0861a6d49,bsig_1095c101d561009a130e1133,0.3261160804574547,True,,
obs_624a249c44d428f10aa73463,obs_4ef6a9c1a3b2d0659064e20b,frozen_control,derived_control,periodic_diagonal_augmented_control,degraded_signal_control,bsig_53d374d66c9dffe0861a6d49,bsig_8527b27b7d47cca4b9594df9,0.390150444145081,True,,
obs_624a249c44d428f10aa73463,obs_7d8b6ee929f2a0a0cf7af8f5,frozen_control,derived_control,periodic_diagonal_augmented_control,degraded_signal_control,bsig_53d374d66c9dffe0861a6d49,bsig_1095c101d561009a130e1133,0.38713878098636173,True,,
obs_624a249c44d428f10aa73463,obs_b41d2dded4b9ccd5ecd128d5,frozen_control,derived_control,periodic_diagonal_augmented_control,label_permutation_control,bsig_53d374d66c9dffe0861a6d49,bsig_8e7a52f1a727043c61e5d5c2,0.4254978313071206,True,,
obs_624a249c44d428f10aa73463,obs_a3582497f15ead2a2fc1280f,frozen_control,derived_control,periodic_diagonal_augmented_control,label_permutation_control,bsig_53d374d66c9dffe0861a6d49,bsig_8e7a52f1a727043c61e5d5c2,0.2796818967246687,True,,
obs_624a249c44d428f10aa73463,obs_f855844ba74f991c9ab0ba6d,frozen_control,derived_control,periodic_diagonal_augmented_control,label_permutation_control,bsig_53d374d66c9dffe0861a6d49,bsig_8e7a52f1a727043c61e5d5c2,0.3415891155938255,True,,
obs_624a249c44d428f10aa73463,obs_20877377330b5094380e86df,frozen_control,derived_control,periodic_diagonal_augmented_control,label_permutation_control,bsig_53d374d66c9dffe0861a6d49,bsig_8e7a52f1a727043c61e5d5c2,0.2356089507565411,True,,
obs_624a249c44d428f10aa73463,obs_8d92e32fec459dd0746ec799,frozen_control,derived_control,periodic_diagonal_augmented_control,label_permutation_control,bsig_53d374d66c9dffe0861a6d49,bsig_8e7a52f1a727043c61e5d5c2,0.34907780402448807,True,,
obs_624a249c44d428f10aa73463,obs_11180e544727ce850ebf3a6a,frozen_control,derived_control,periodic_diagonal_augmented_control,label_permutation_control,bsig_53d374d66c9dffe0861a6d49,bsig_8e7a52f1a727043c61e5d5c2,0.3092097006491611,True,,
obs_624a249c44d428f10aa73463,obs_979ad629051487c82499339e,frozen_control,derived_control,periodic_diagonal_augmented_control,generic_graph_operator_control,bsig_53d374d66c9dffe0861a6d49,bsig_793bb0a29a9abfe233b6d670,0.525410418719708,True,,
obs_624a249c44d428f10aa73463,obs_2c0e6630085a94e0f0b4dd07,frozen_control,derived_control,periodic_diagonal_augmented_control,generic_graph_operator_control,bsig_53d374d66c9dffe0861a6d49,bsig_793bb0a29a9abfe233b6d670,0.3795944841372561,True,,
obs_624a249c44d428f10aa73463,obs_0033e7ce631563262f7b0bbe,frozen_control,derived_control,periodic_diagonal_augmented_control,generic_graph_operator_control,bsig_53d374d66c9dffe0861a6d49,bsig_793bb0a29a9abfe233b6d670,0.47685523835994825,True,,
obs_624a249c44d428f10aa73463,obs_118430be7d682f480e3902ea,frozen_control,derived_control,periodic_diagonal_augmented_control,generic_graph_operator_control,bsig_53d374d66c9dffe0861a6d49,bsig_793bb0a29a9abfe233b6d670,0.37087507352266386,True,,
obs_624a249c44d428f10aa73463,obs_8f4c211fcf3841317e300fd0,frozen_control,derived_control,periodic_diagonal_augmented_control,generic_graph_operator_control,bsig_53d374d66c9dffe0861a6d49,bsig_793bb0a29a9abfe233b6d670,0.4489903914370754,True,,
obs_624a249c44d428f10aa73463,obs_ae30906415b62baef858fb35,frozen_control,derived_control,periodic_diagonal_augmented_control,generic_graph_operator_control,bsig_53d374d66c9dffe0861a6d49,bsig_793bb0a29a9abfe233b6d670,0.4091222880617485,True,,
obs_624a249c44d428f10aa73463,obs_2b1c4b4fddba864cb9f9f25f,frozen_control,derived_control,periodic_diagonal_augmented_control,seed_repeat_control,bsig_53d374d66c9dffe0861a6d49,bsig_53d374d66c9dffe0861a6d49,0.27607780688709616,True,,
obs_624a249c44d428f10aa73463,obs_65dfe5e65cb70d7cb499d482,frozen_control,derived_control,periodic_diagonal_augmented_control,seed_repeat_control,bsig_53d374d66c9dffe0861a6d49,bsig_53d374d66c9dffe0861a6d49,0.06280155484432685,True,,
obs_624a249c44d428f10aa73463,obs_f622bfcc3394ff0a255f9f83,frozen_control,derived_control,periodic_diagonal_augmented_control,seed_repeat_control,bsig_53d374d66c9dffe0861a6d49,bsig_53d374d66c9dffe0861a6d49,0.2123711113758213,True,,
obs_624a249c44d428f10aa73463,obs_57728f48826a986fe1ea83d9,frozen_control,derived_control,periodic_diagonal_augmented_control,seed_repeat_control,bsig_53d374d66c9dffe0861a6d49,bsig_53d374d66c9dffe0861a6d49,0.01872860887619924,True,,
obs_624a249c44d428f10aa73463,obs_c740a30388dc20122927f42a,frozen_control,derived_control,periodic_diagonal_augmented_control,seed_repeat_control,bsig_53d374d66c9dffe0861a6d49,bsig_53d374d66c9dffe0861a6d49,0.19965777960446363,True,,
obs_624a249c44d428f10aa73463,obs_04fbf535deaa3a11fe4345ca,frozen_control,derived_control,periodic_diagonal_augmented_control,seed_repeat_control,bsig_53d374d66c9dffe0861a6d49,bsig_53d374d66c9dffe0861a6d49,0.09232935876881923,True,,
obs_624a249c44d428f10aa73463,obs_d36d9fb3b1f089bbbf821e5c,frozen_control,derived_control,periodic_diagonal_augmented_control,parameter_matched_null_control,bsig_53d374d66c9dffe0861a6d49,bsig_f61a89a0172a79f5d96cd71c,0.6590049654427061,True,,
obs_624a249c44d428f10aa73463,obs_93659ee4b3b5fdadf510315f,frozen_control,derived_control,periodic_diagonal_augmented_control,parameter_matched_null_control,bsig_53d374d66c9dffe0861a6d49,bsig_f61a89a0172a79f5d96cd71c,0.6412108044449737,True,,
obs_624a249c44d428f10aa73463,obs_5a7521167226bbafcd5c6ba8,frozen_control,derived_control,periodic_diagonal_augmented_control,parameter_matched_null_control,bsig_53d374d66c9dffe0861a6d49,bsig_f61a89a0172a79f5d96cd71c,0.6213056348543877,True,,
obs_624a249c44d428f10aa73463,obs_9b1c5f0213d9d0fc1a3fff27,frozen_control,derived_control,periodic_diagonal_augmented_control,parameter_matched_null_control,bsig_53d374d66c9dffe0861a6d49,bsig_f61a89a0172a79f5d96cd71c,0.6074797363283106,True,,
obs_624a249c44d428f10aa73463,obs_062eb3c1dd90468a63227d7f,frozen_control,derived_control,periodic_diagonal_augmented_control,parameter_matched_null_control,bsig_53d374d66c9dffe0861a6d49,bsig_f61a89a0172a79f5d96cd71c,0.6571491406065659,True,,
obs_624a249c44d428f10aa73463,obs_e93f92e26db8b9c29005cc9e,frozen_control,derived_control,periodic_diagonal_augmented_control,parameter_matched_null_control,bsig_53d374d66c9dffe0861a6d49,bsig_f61a89a0172a79f5d96cd71c,0.6428508271145025,True,,
obs_e43b79a2ef68469ae989ae1e,obs_c21d789f14a613fc6b0083e2,derived_control,target,shuffled_structure_control,target,bsig_bb01a7c1d0ca9b191d52310d,bsig_53d374d66c9dffe0861a6d49,0.15793650793650793,True,,
obs_e43b79a2ef68469ae989ae1e,obs_afd8912a0e32fb71b5407b81,derived_control,frozen_control,shuffled_structure_control,periodic_diagonal_augmented_control,bsig_bb01a7c1d0ca9b191d52310d,bsig_c70af5951ff4d9712678a20b,0.3067622306247786,True,,
obs_e43b79a2ef68469ae989ae1e,obs_ed1f0ceddbbf708b259ea1a6,derived_control,target,shuffled_structure_control,target,bsig_bb01a7c1d0ca9b191d52310d,bsig_53d374d66c9dffe0861a6d49,0.3272085492460026,True,,
obs_e43b79a2ef68469ae989ae1e,obs_46ade388243f3a4581ba4489,derived_control,frozen_control,shuffled_structure_control,periodic_diagonal_augmented_control,bsig_bb01a7c1d0ca9b191d52310d,bsig_c70af5951ff4d9712678a20b,0.3523882131660318,True,,
obs_e43b79a2ef68469ae989ae1e,obs_8de73c59341ac382087fba03,derived_control,target,shuffled_structure_control,target,bsig_bb01a7c1d0ca9b191d52310d,bsig_53d374d66c9dffe0861a6d49,0.2667597018160595,True,,
obs_e43b79a2ef68469ae989ae1e,obs_4b958084812d6435763f9a05,derived_control,frozen_control,shuffled_structure_control,periodic_diagonal_augmented_control,bsig_bb01a7c1d0ca9b191d52310d,bsig_1364358a857deba241e04538,0.36791708873728396,True,,
obs_e43b79a2ef68469ae989ae1e,obs_ea0aca853f3046642f451b7d,derived_control,target,shuffled_structure_control,target,bsig_bb01a7c1d0ca9b191d52310d,bsig_53d374d66c9dffe0861a6d49,0.3751163964579579,True,,
obs_e43b79a2ef68469ae989ae1e,obs_1163ec91dc845e4ed94d462a,derived_control,frozen_control,shuffled_structure_control,periodic_diagonal_augmented_control,bsig_bb01a7c1d0ca9b191d52310d,bsig_1364358a857deba241e04538,0.3975326975988561,True,,
obs_e43b79a2ef68469ae989ae1e,obs_d6eeaa59b08b0f1c4897f8db,derived_control,target,shuffled_structure_control,target,bsig_bb01a7c1d0ca9b191d52310d,bsig_53d374d66c9dffe0861a6d49,0.2862392796378659,True,,
obs_e43b79a2ef68469ae989ae1e,obs_86701919f4db014d1d236f54,derived_control,frozen_control,shuffled_structure_control,periodic_diagonal_augmented_control,bsig_bb01a7c1d0ca9b191d52310d,bsig_53d374d66c9dffe0861a6d49,0.28045007182973614,True,,
obs_e43b79a2ef68469ae989ae1e,obs_8c347ec96417e5677cdb8ad0,derived_control,target,shuffled_structure_control,target,bsig_bb01a7c1d0ca9b191d52310d,bsig_53d374d66c9dffe0861a6d49,0.3459258837362693,True,,
obs_e43b79a2ef68469ae989ae1e,obs_624a249c44d428f10aa73463,derived_control,frozen_control,shuffled_structure_control,periodic_diagonal_augmented_control,bsig_bb01a7c1d0ca9b191d52310d,bsig_53d374d66c9dffe0861a6d49,0.37564490645419574,True,,
obs_e43b79a2ef68469ae989ae1e,obs_e43b79a2ef68469ae989ae1e,derived_control,derived_control,shuffled_structure_control,shuffled_structure_control,bsig_bb01a7c1d0ca9b191d52310d,bsig_bb01a7c1d0ca9b191d52310d,0.0,True,,
obs_e43b79a2ef68469ae989ae1e,obs_c887eb3bf0ab4011d4084e3a,derived_control,derived_control,shuffled_structure_control,shuffled_structure_control,bsig_bb01a7c1d0ca9b191d52310d,bsig_bb01a7c1d0ca9b191d52310d,0.1601811322185856,True,,
obs_e43b79a2ef68469ae989ae1e,obs_57e35110e54898bdbe032c98,derived_control,derived_control,shuffled_structure_control,shuffled_structure_control,bsig_bb01a7c1d0ca9b191d52310d,bsig_bb01a7c1d0ca9b191d52310d,0.10370053875689647,True,,
obs_e43b79a2ef68469ae989ae1e,obs_2d439625692f7d83d54dd8c5,derived_control,derived_control,shuffled_structure_control,shuffled_structure_control,bsig_bb01a7c1d0ca9b191d52310d,bsig_bb01a7c1d0ca9b191d52310d,0.2080889794305409,True,,
obs_e43b79a2ef68469ae989ae1e,obs_ee93d740f305035b42ac22c5,derived_control,derived_control,shuffled_structure_control,shuffled_structure_control,bsig_bb01a7c1d0ca9b191d52310d,bsig_bb01a7c1d0ca9b191d52310d,0.12830277170135795,True,,
obs_e43b79a2ef68469ae989ae1e,obs_590502ed80ee4f9526a00243,derived_control,derived_control,shuffled_structure_control,shuffled_structure_control,bsig_bb01a7c1d0ca9b191d52310d,bsig_bb01a7c1d0ca9b191d52310d,0.17889846670885232,True,,
obs_e43b79a2ef68469ae989ae1e,obs_cd8cd88cb9618af0705bbf06,derived_control,derived_control,shuffled_structure_control,randomized_edge_control,bsig_bb01a7c1d0ca9b191d52310d,bsig_3b1c1a5f56bb03b20611587b,0.18885281385281383,True,,
obs_e43b79a2ef68469ae989ae1e,obs_448f4e11eb5a27dd4f60b644,derived_control,derived_control,shuffled_structure_control,randomized_edge_control,bsig_bb01a7c1d0ca9b191d52310d,bsig_3b1c1a5f56bb03b20611587b,0.3490339460713994,True,,
obs_e43b79a2ef68469ae989ae1e,obs_fa7bd1db2d6a1d5f66733a16,derived_control,derived_control,shuffled_structure_control,randomized_edge_control,bsig_bb01a7c1d0ca9b191d52310d,bsig_3b1c1a5f56bb03b20611587b,0.2925533526097103,True,,
obs_e43b79a2ef68469ae989ae1e,obs_3f3cbf5fee77e89478120a3b,derived_control,derived_control,shuffled_structure_control,randomized_edge_control,bsig_bb01a7c1d0ca9b191d52310d,bsig_3b1c1a5f56bb03b20611587b,0.3969417932833547,True,,
obs_e43b79a2ef68469ae989ae1e,obs_ddbc298f7c4df1aede53d5d6,derived_control,derived_control,shuffled_structure_control,randomized_edge_control,bsig_bb01a7c1d0ca9b191d52310d,bsig_3b1c1a5f56bb03b20611587b,0.3171555855541718,True,,
obs_e43b79a2ef68469ae989ae1e,obs_3f2760e857afefe81bf772fe,derived_control,derived_control,shuffled_structure_control,randomized_edge_control,bsig_bb01a7c1d0ca9b191d52310d,bsig_3b1c1a5f56bb03b20611587b,0.36775128056166617,True,,
obs_e43b79a2ef68469ae989ae1e,obs_1aa1fc186c905e7ffa16d2d4,derived_control,derived_control,shuffled_structure_control,degraded_signal_control,bsig_bb01a7c1d0ca9b191d52310d,bsig_8527b27b7d47cca4b9594df9,0.2745995827159289,True,,
obs_e43b79a2ef68469ae989ae1e,obs_e9c8066d01dd67e1f9d375ef,derived_control,derived_control,shuffled_structure_control,degraded_signal_control,bsig_bb01a7c1d0ca9b191d52310d,bsig_1095c101d561009a130e1133,0.33659203217105915,True,,
obs_e43b79a2ef68469ae989ae1e,obs_aabd161899dc613ecf88b1d9,derived_control,derived_control,shuffled_structure_control,degraded_signal_control,bsig_bb01a7c1d0ca9b191d52310d,bsig_5fc2cc8106fba2b64bc8c905,0.30737829291525326,True,,
obs_e43b79a2ef68469ae989ae1e,obs_322c862d474a379bd8df7674,derived_control,derived_control,shuffled_structure_control,degraded_signal_control,bsig_bb01a7c1d0ca9b191d52310d,bsig_1095c101d561009a130e1133,0.3747852139989238,True,,
obs_e43b79a2ef68469ae989ae1e,obs_4ef6a9c1a3b2d0659064e20b,derived_control,derived_control,shuffled_structure_control,degraded_signal_control,bsig_bb01a7c1d0ca9b191d52310d,bsig_8527b27b7d47cca4b9594df9,0.30028829589502926,True,,
obs_e43b79a2ef68469ae989ae1e,obs_7d8b6ee929f2a0a0cf7af8f5,derived_control,derived_control,shuffled_structure_control,degraded_signal_control,bsig_bb01a7c1d0ca9b191d52310d,bsig_1095c101d561009a130e1133,0.34099837790782034,True,,
obs_e43b79a2ef68469ae989ae1e,obs_b41d2dded4b9ccd5ecd128d5,derived_control,derived_control,shuffled_structure_control,label_permutation_control,bsig_bb01a7c1d0ca9b191d52310d,bsig_8e7a52f1a727043c61e5d5c2,0.21688034188034186,True,,
obs_e43b79a2ef68469ae989ae1e,obs_a3582497f15ead2a2fc1280f,derived_control,derived_control,shuffled_structure_control,label_permutation_control,bsig_bb01a7c1d0ca9b191d52310d,bsig_8e7a52f1a727043c61e5d5c2,0.37706147409892743,True,,
obs_e43b79a2ef68469ae989ae1e,obs_f855844ba74f991c9ab0ba6d,derived_control,derived_control,shuffled_structure_control,label_permutation_control,bsig_bb01a7c1d0ca9b191d52310d,bsig_8e7a52f1a727043c61e5d5c2,0.32058088063723833,True,,
obs_e43b79a2ef68469ae989ae1e,obs_20877377330b5094380e86df,derived_control,derived_control,shuffled_structure_control,label_permutation_control,bsig_bb01a7c1d0ca9b191d52310d,bsig_8e7a52f1a727043c61e5d5c2,0.4249693213108828,True,,
obs_e43b79a2ef68469ae989ae1e,obs_8d92e32fec459dd0746ec799,derived_control,derived_control,shuffled_structure_control,label_permutation_control,bsig_bb01a7c1d0ca9b191d52310d,bsig_8e7a52f1a727043c61e5d5c2,0.3451831135816998,True,,
obs_e43b79a2ef68469ae989ae1e,obs_11180e544727ce850ebf3a6a,derived_control,derived_control,shuffled_structure_control,label_permutation_control,bsig_bb01a7c1d0ca9b191d52310d,bsig_8e7a52f1a727043c61e5d5c2,0.3957788085891942,True,,
obs_e43b79a2ef68469ae989ae1e,obs_979ad629051487c82499339e,derived_control,derived_control,shuffled_structure_control,generic_graph_operator_control,bsig_bb01a7c1d0ca9b191d52310d,bsig_793bb0a29a9abfe233b6d670,0.3504629629629629,True,,
obs_e43b79a2ef68469ae989ae1e,obs_2c0e6630085a94e0f0b4dd07,derived_control,derived_control,shuffled_structure_control,generic_graph_operator_control,bsig_bb01a7c1d0ca9b191d52310d,bsig_793bb0a29a9abfe233b6d670,0.5106440951815485,True,,
obs_e43b79a2ef68469ae989ae1e,obs_0033e7ce631563262f7b0bbe,derived_control,derived_control,shuffled_structure_control,generic_graph_operator_control,bsig_bb01a7c1d0ca9b191d52310d,bsig_793bb0a29a9abfe233b6d670,0.41880996636632406,True,,
obs_e43b79a2ef68469ae989ae1e,obs_118430be7d682f480e3902ea,derived_control,derived_control,shuffled_structure_control,generic_graph_operator_control,bsig_bb01a7c1d0ca9b191d52310d,bsig_793bb0a29a9abfe233b6d670,0.5231984070399684,True,,
obs_e43b79a2ef68469ae989ae1e,obs_8f4c211fcf3841317e300fd0,derived_control,derived_control,shuffled_structure_control,generic_graph_operator_control,bsig_bb01a7c1d0ca9b191d52310d,bsig_793bb0a29a9abfe233b6d670,0.4787657346643209,True,,
obs_e43b79a2ef68469ae989ae1e,obs_ae30906415b62baef858fb35,derived_control,derived_control,shuffled_structure_control,generic_graph_operator_control,bsig_bb01a7c1d0ca9b191d52310d,bsig_793bb0a29a9abfe233b6d670,0.5293614296718152,True,,
obs_e43b79a2ef68469ae989ae1e,obs_2b1c4b4fddba864cb9f9f25f,derived_control,derived_control,shuffled_structure_control,seed_repeat_control,bsig_bb01a7c1d0ca9b191d52310d,bsig_53d374d66c9dffe0861a6d49,0.15793650793650793,True,,
obs_e43b79a2ef68469ae989ae1e,obs_65dfe5e65cb70d7cb499d482,derived_control,derived_control,shuffled_structure_control,seed_repeat_control,bsig_bb01a7c1d0ca9b191d52310d,bsig_53d374d66c9dffe0861a6d49,0.3272085492460026,True,,
obs_e43b79a2ef68469ae989ae1e,obs_f622bfcc3394ff0a255f9f83,derived_control,derived_control,shuffled_structure_control,seed_repeat_control,bsig_bb01a7c1d0ca9b191d52310d,bsig_53d374d66c9dffe0861a6d49,0.2667597018160595,True,,
obs_e43b79a2ef68469ae989ae1e,obs_57728f48826a986fe1ea83d9,derived_control,derived_control,shuffled_structure_control,seed_repeat_control,bsig_bb01a7c1d0ca9b191d52310d,bsig_53d374d66c9dffe0861a6d49,0.3751163964579579,True,,
obs_e43b79a2ef68469ae989ae1e,obs_c740a30388dc20122927f42a,derived_control,derived_control,shuffled_structure_control,seed_repeat_control,bsig_bb01a7c1d0ca9b191d52310d,bsig_53d374d66c9dffe0861a6d49,0.2862392796378659,True,,
obs_e43b79a2ef68469ae989ae1e,obs_04fbf535deaa3a11fe4345ca,derived_control,derived_control,shuffled_structure_control,seed_repeat_control,bsig_bb01a7c1d0ca9b191d52310d,bsig_53d374d66c9dffe0861a6d49,0.3459258837362693,True,,
obs_e43b79a2ef68469ae989ae1e,obs_d36d9fb3b1f089bbbf821e5c,derived_control,derived_control,shuffled_structure_control,parameter_matched_null_control,bsig_bb01a7c1d0ca9b191d52310d,bsig_f61a89a0172a79f5d96cd71c,0.6057495906130023,True,,
obs_e43b79a2ef68469ae989ae1e,obs_93659ee4b3b5fdadf510315f,derived_control,derived_control,shuffled_structure_control,parameter_matched_null_control,bsig_bb01a7c1d0ca9b191d52310d,bsig_f61a89a0172a79f5d96cd71c,0.6235437516107347,True,,
obs_e43b79a2ef68469ae989ae1e,obs_5a7521167226bbafcd5c6ba8,derived_control,derived_control,shuffled_structure_control,parameter_matched_null_control,bsig_bb01a7c1d0ca9b191d52310d,bsig_f61a89a0172a79f5d96cd71c,0.6437334506800252,True,,
obs_e43b79a2ef68469ae989ae1e,obs_9b1c5f0213d9d0fc1a3fff27,derived_control,derived_control,shuffled_structure_control,parameter_matched_null_control,bsig_bb01a7c1d0ca9b191d52310d,bsig_f61a89a0172a79f5d96cd71c,0.6573073990927236,True,,
obs_e43b79a2ef68469ae989ae1e,obs_062eb3c1dd90468a63227d7f,derived_control,derived_control,shuffled_structure_control,parameter_matched_null_control,bsig_bb01a7c1d0ca9b191d52310d,bsig_f61a89a0172a79f5d96cd71c,0.6076731519209801,True,,
obs_e43b79a2ef68469ae989ae1e,obs_e93f92e26db8b9c29005cc9e,derived_control,derived_control,shuffled_structure_control,parameter_matched_null_control,bsig_bb01a7c1d0ca9b191d52310d,bsig_f61a89a0172a79f5d96cd71c,0.6219714654130436,True,,
obs_c887eb3bf0ab4011d4084e3a,obs_c21d789f14a613fc6b0083e2,derived_control,target,shuffled_structure_control,target,bsig_bb01a7c1d0ca9b191d52310d,bsig_53d374d66c9dffe0861a6d49,0.31811764015509353,True,,
obs_c887eb3bf0ab4011d4084e3a,obs_afd8912a0e32fb71b5407b81,derived_control,frozen_control,shuffled_structure_control,periodic_diagonal_augmented_control,bsig_bb01a7c1d0ca9b191d52310d,bsig_c70af5951ff4d9712678a20b,0.3609121381511532,True,,
obs_c887eb3bf0ab4011d4084e3a,obs_ed1f0ceddbbf708b259ea1a6,derived_control,target,shuffled_structure_control,target,bsig_bb01a7c1d0ca9b191d52310d,bsig_53d374d66c9dffe0861a6d49,0.16702741702741702,True,,
obs_c887eb3bf0ab4011d4084e3a,obs_46ade388243f3a4581ba4489,derived_control,frozen_control,shuffled_structure_control,periodic_diagonal_augmented_control,bsig_bb01a7c1d0ca9b191d52310d,bsig_c70af5951ff4d9712678a20b,0.2583072491424923,True,,
obs_c887eb3bf0ab4011d4084e3a,obs_8de73c59341ac382087fba03,derived_control,target,shuffled_structure_control,target,bsig_bb01a7c1d0ca9b191d52310d,bsig_53d374d66c9dffe0861a6d49,0.31751205852447556,True,,
obs_c887eb3bf0ab4011d4084e3a,obs_4b958084812d6435763f9a05,derived_control,frozen_control,shuffled_structure_control,periodic_diagonal_augmented_control,bsig_bb01a7c1d0ca9b191d52310d,bsig_1364358a857deba241e04538,0.42309297449932287,True,,
obs_c887eb3bf0ab4011d4084e3a,obs_ea0aca853f3046642f451b7d,derived_control,target,shuffled_structure_control,target,bsig_bb01a7c1d0ca9b191d52310d,bsig_53d374d66c9dffe0861a6d49,0.24161137549496747,True,,
obs_c887eb3bf0ab4011d4084e3a,obs_1163ec91dc845e4ed94d462a,derived_control,frozen_control,shuffled_structure_control,periodic_diagonal_augmented_control,bsig_bb01a7c1d0ca9b191d52310d,bsig_1364358a857deba241e04538,0.24518064267522174,True,,
obs_c887eb3bf0ab4011d4084e3a,obs_d6eeaa59b08b0f1c4897f8db,derived_control,target,shuffled_structure_control,target,bsig_bb01a7c1d0ca9b191d52310d,bsig_53d374d66c9dffe0861a6d49,0.2312482081852029,True,,
obs_c887eb3bf0ab4011d4084e3a,obs_86701919f4db014d1d236f54,derived_control,frozen_control,shuffled_structure_control,periodic_diagonal_augmented_control,bsig_bb01a7c1d0ca9b191d52310d,bsig_53d374d66c9dffe0861a6d49,0.3697184314838737,True,,
obs_c887eb3bf0ab4011d4084e3a,obs_8c347ec96417e5677cdb8ad0,derived_control,target,shuffled_structure_control,target,bsig_bb01a7c1d0ca9b191d52310d,bsig_53d374d66c9dffe0861a6d49,0.22753267303968924,True,,
obs_c887eb3bf0ab4011d4084e3a,obs_624a249c44d428f10aa73463,derived_control,frozen_control,shuffled_structure_control,periodic_diagonal_augmented_control,bsig_bb01a7c1d0ca9b191d52310d,bsig_53d374d66c9dffe0861a6d49,0.22982897187174386,True,,
obs_c887eb3bf0ab4011d4084e3a,obs_e43b79a2ef68469ae989ae1e,derived_control,derived_control,shuffled_structure_control,shuffled_structure_control,bsig_bb01a7c1d0ca9b191d52310d,bsig_bb01a7c1d0ca9b191d52310d,0.1601811322185856,True,,
obs_c887eb3bf0ab4011d4084e3a,obs_c887eb3bf0ab4011d4084e3a,derived_control,derived_control,shuffled_structure_control,shuffled_structure_control,bsig_bb01a7c1d0ca9b191d52310d,bsig_bb01a7c1d0ca9b191d52310d,0.0,True,,
obs_c887eb3bf0ab4011d4084e3a,obs_57e35110e54898bdbe032c98,derived_control,derived_control,shuffled_structure_control,shuffled_structure_control,bsig_bb01a7c1d0ca9b191d52310d,bsig_bb01a7c1d0ca9b191d52310d,0.1544528954653125,True,,
obs_c887eb3bf0ab4011d4084e3a,obs_2d439625692f7d83d54dd8c5,derived_control,derived_control,shuffled_structure_control,shuffled_structure_control,bsig_bb01a7c1d0ca9b191d52310d,bsig_bb01a7c1d0ca9b191d52310d,0.07458395846755046,True,,
obs_c887eb3bf0ab4011d4084e3a,obs_ee93d740f305035b42ac22c5,derived_control,derived_control,shuffled_structure_control,shuffled_structure_control,bsig_bb01a7c1d0ca9b191d52310d,bsig_bb01a7c1d0ca9b191d52310d,0.07331170024869496,True,,
obs_c887eb3bf0ab4011d4084e3a,obs_590502ed80ee4f9526a00243,derived_control,derived_control,shuffled_structure_control,shuffled_structure_control,bsig_bb01a7c1d0ca9b191d52310d,bsig_bb01a7c1d0ca9b191d52310d,0.06050525601227224,True,,
obs_c887eb3bf0ab4011d4084e3a,obs_cd8cd88cb9618af0705bbf06,derived_control,derived_control,shuffled_structure_control,randomized_edge_control,bsig_bb01a7c1d0ca9b191d52310d,bsig_3b1c1a5f56bb03b20611587b,0.3490339460713994,True,,
obs_c887eb3bf0ab4011d4084e3a,obs_448f4e11eb5a27dd4f60b644,derived_control,derived_control,shuffled_structure_control,randomized_edge_control,bsig_bb01a7c1d0ca9b191d52310d,bsig_3b1c1a5f56bb03b20611587b,0.18885281385281383,True,,
obs_c887eb3bf0ab4011d4084e3a,obs_fa7bd1db2d6a1d5f66733a16,derived_control,derived_control,shuffled_structure_control,randomized_edge_control,bsig_bb01a7c1d0ca9b191d52310d,bsig_3b1c1a5f56bb03b20611587b,0.3433057093181263,True,,
obs_c887eb3bf0ab4011d4084e3a,obs_3f3cbf5fee77e89478120a3b,derived_control,derived_control,shuffled_structure_control,randomized_edge_control,bsig_bb01a7c1d0ca9b191d52310d,bsig_3b1c1a5f56bb03b20611587b,0.26343677232036433,True,,
obs_c887eb3bf0ab4011d4084e3a,obs_ddbc298f7c4df1aede53d5d6,derived_control,derived_control,shuffled_structure_control,randomized_edge_control,bsig_bb01a7c1d0ca9b191d52310d,bsig_3b1c1a5f56bb03b20611587b,0.2621645141015088,True,,
obs_c887eb3bf0ab4011d4084e3a,obs_3f2760e857afefe81bf772fe,derived_control,derived_control,shuffled_structure_control,randomized_edge_control,bsig_bb01a7c1d0ca9b191d52310d,bsig_3b1c1a5f56bb03b20611587b,0.24935806986508607,True,,
obs_c887eb3bf0ab4011d4084e3a,obs_1aa1fc186c905e7ffa16d2d4,derived_control,derived_control,shuffled_structure_control,degraded_signal_control,bsig_bb01a7c1d0ca9b191d52310d,bsig_8527b27b7d47cca4b9594df9,0.405401724146039,True,,
obs_c887eb3bf0ab4011d4084e3a,obs_e9c8066d01dd67e1f9d375ef,derived_control,derived_control,shuffled_structure_control,degraded_signal_control,bsig_bb01a7c1d0ca9b191d52310d,bsig_1095c101d561009a130e1133,0.2821753402916865,True,,
obs_c887eb3bf0ab4011d4084e3a,obs_aabd161899dc613ecf88b1d9,derived_control,derived_control,shuffled_structure_control,degraded_signal_control,bsig_bb01a7c1d0ca9b191d52310d,bsig_5fc2cc8106fba2b64bc8c905,0.41171259305400715,True,,
obs_c887eb3bf0ab4011d4084e3a,obs_322c862d474a379bd8df7674,derived_control,derived_control,shuffled_structure_control,degraded_signal_control,bsig_bb01a7c1d0ca9b191d52310d,bsig_1095c101d561009a130e1133,0.346446014178876,True,,
obs_c887eb3bf0ab4011d4084e3a,obs_4ef6a9c1a3b2d0659064e20b,derived_control,derived_control,shuffled_structure_control,degraded_signal_control,bsig_bb01a7c1d0ca9b191d52310d,bsig_8527b27b7d47cca4b9594df9,0.3065383891948414,True,,
obs_c887eb3bf0ab4011d4084e3a,obs_7d8b6ee929f2a0a0cf7af8f5,derived_control,derived_control,shuffled_structure_control,degraded_signal_control,bsig_bb01a7c1d0ca9b191d52310d,bsig_1095c101d561009a130e1133,0.32776588969639475,True,,
obs_c887eb3bf0ab4011d4084e3a,obs_b41d2dded4b9ccd5ecd128d5,derived_control,derived_control,shuffled_structure_control,label_permutation_control,bsig_bb01a7c1d0ca9b191d52310d,bsig_8e7a52f1a727043c61e5d5c2,0.37706147409892743,True,,
obs_c887eb3bf0ab4011d4084e3a,obs_a3582497f15ead2a2fc1280f,derived_control,derived_control,shuffled_structure_control,label_permutation_control,bsig_bb01a7c1d0ca9b191d52310d,bsig_8e7a52f1a727043c61e5d5c2,0.21688034188034186,True,,
obs_c887eb3bf0ab4011d4084e3a,obs_f855844ba74f991c9ab0ba6d,derived_control,derived_control,shuffled_structure_control,label_permutation_control,bsig_bb01a7c1d0ca9b191d52310d,bsig_8e7a52f1a727043c61e5d5c2,0.3713332373456544,True,,
obs_c887eb3bf0ab4011d4084e3a,obs_20877377330b5094380e86df,derived_control,derived_control,shuffled_structure_control,label_permutation_control,bsig_bb01a7c1d0ca9b191d52310d,bsig_8e7a52f1a727043c61e5d5c2,0.29146430034789234,True,,
obs_c887eb3bf0ab4011d4084e3a,obs_8d92e32fec459dd0746ec799,derived_control,derived_control,shuffled_structure_control,label_permutation_control,bsig_bb01a7c1d0ca9b191d52310d,bsig_8e7a52f1a727043c61e5d5c2,0.2901920421290368,True,,
obs_c887eb3bf0ab4011d4084e3a,obs_11180e544727ce850ebf3a6a,derived_control,derived_control,shuffled_structure_control,label_permutation_control,bsig_bb01a7c1d0ca9b191d52310d,bsig_8e7a52f1a727043c61e5d5c2,0.2773855978926141,True,,
obs_c887eb3bf0ab4011d4084e3a,obs_979ad629051487c82499339e,derived_control,derived_control,shuffled_structure_control,generic_graph_operator_control,bsig_bb01a7c1d0ca9b191d52310d,bsig_793bb0a29a9abfe233b6d670,0.5106440951815485,True,,
obs_c887eb3bf0ab4011d4084e3a,obs_2c0e6630085a94e0f0b4dd07,derived_control,derived_control,shuffled_structure_control,generic_graph_operator_control,bsig_bb01a7c1d0ca9b191d52310d,bsig_793bb0a29a9abfe233b6d670,0.3504629629629629,True,,
obs_c887eb3bf0ab4011d4084e3a,obs_0033e7ce631563262f7b0bbe,derived_control,derived_control,shuffled_structure_control,generic_graph_operator_control,bsig_bb01a7c1d0ca9b191d52310d,bsig_793bb0a29a9abfe233b6d670,0.46956232307474005,True,,
obs_c887eb3bf0ab4011d4084e3a,obs_118430be7d682f480e3902ea,derived_control,derived_control,shuffled_structure_control,generic_graph_operator_control,bsig_bb01a7c1d0ca9b191d52310d,bsig_793bb0a29a9abfe233b6d670,0.38969338607697807,True,,
obs_c887eb3bf0ab4011d4084e3a,obs_8f4c211fcf3841317e300fd0,derived_control,derived_control,shuffled_structure_control,generic_graph_operator_control,bsig_bb01a7c1d0ca9b191d52310d,bsig_793bb0a29a9abfe233b6d670,0.42377466321165785,True,,
obs_c887eb3bf0ab4011d4084e3a,obs_ae30906415b62baef858fb35,derived_control,derived_control,shuffled_structure_control,generic_graph_operator_control,bsig_bb01a7c1d0ca9b191d52310d,bsig_793bb0a29a9abfe233b6d670,0.41096821897523517,True,,
obs_c887eb3bf0ab4011d4084e3a,obs_2b1c4b4fddba864cb9f9f25f,derived_control,derived_control,shuffled_structure_control,seed_repeat_control,bsig_bb01a7c1d0ca9b191d52310d,bsig_53d374d66c9dffe0861a6d49,0.31811764015509353,True,,
obs_c887eb3bf0ab4011d4084e3a,obs_65dfe5e65cb70d7cb499d482,derived_control,derived_control,shuffled_structure_control,seed_repeat_control,bsig_bb01a7c1d0ca9b191d52310d,bsig_53d374d66c9dffe0861a6d49,0.16702741702741702,True,,
obs_c887eb3bf0ab4011d4084e3a,obs_f622bfcc3394ff0a255f9f83,derived_control,derived_control,shuffled_structure_control,seed_repeat_control,bsig_bb01a7c1d0ca9b191d52310d,bsig_53d374d66c9dffe0861a6d49,0.31751205852447556,True,,
obs_c887eb3bf0ab4011d4084e3a,obs_57728f48826a986fe1ea83d9,derived_control,derived_control,shuffled_structure_control,seed_repeat_control,bsig_bb01a7c1d0ca9b191d52310d,bsig_53d374d66c9dffe0861a6d49,0.24161137549496747,True,,
obs_c887eb3bf0ab4011d4084e3a,obs_c740a30388dc20122927f42a,derived_control,derived_control,shuffled_structure_control,seed_repeat_control,bsig_bb01a7c1d0ca9b191d52310d,bsig_53d374d66c9dffe0861a6d49,0.2312482081852029,True,,
obs_c887eb3bf0ab4011d4084e3a,obs_04fbf535deaa3a11fe4345ca,derived_control,derived_control,shuffled_structure_control,seed_repeat_control,bsig_bb01a7c1d0ca9b191d52310d,bsig_53d374d66c9dffe0861a6d49,0.22753267303968924,True,,
obs_c887eb3bf0ab4011d4084e3a,obs_d36d9fb3b1f089bbbf821e5c,derived_control,derived_control,shuffled_structure_control,parameter_matched_null_control,bsig_bb01a7c1d0ca9b191d52310d,bsig_f61a89a0172a79f5d96cd71c,0.6235437516107347,True,,
obs_c887eb3bf0ab4011d4084e3a,obs_93659ee4b3b5fdadf510315f,derived_control,derived_control,shuffled_structure_control,parameter_matched_null_control,bsig_bb01a7c1d0ca9b191d52310d,bsig_f61a89a0172a79f5d96cd71c,0.6057495906130023,True,,
obs_c887eb3bf0ab4011d4084e3a,obs_5a7521167226bbafcd5c6ba8,derived_control,derived_control,shuffled_structure_control,parameter_matched_null_control,bsig_bb01a7c1d0ca9b191d52310d,bsig_f61a89a0172a79f5d96cd71c,0.656551534580252,True,,
obs_c887eb3bf0ab4011d4084e3a,obs_9b1c5f0213d9d0fc1a3fff27,derived_control,derived_control,shuffled_structure_control,parameter_matched_null_control,bsig_bb01a7c1d0ca9b191d52310d,bsig_f61a89a0172a79f5d96cd71c,0.6427256360541749,True,,
obs_c887eb3bf0ab4011d4084e3a,obs_062eb3c1dd90468a63227d7f,derived_control,derived_control,shuffled_structure_control,parameter_matched_null_control,bsig_bb01a7c1d0ca9b191d52310d,bsig_f61a89a0172a79f5d96cd71c,0.6216880158665583,True,,
obs_c887eb3bf0ab4011d4084e3a,obs_e93f92e26db8b9c29005cc9e,derived_control,derived_control,shuffled_structure_control,parameter_matched_null_control,bsig_bb01a7c1d0ca9b191d52310d,bsig_f61a89a0172a79f5d96cd71c,0.6073897023744949,True,,
obs_57e35110e54898bdbe032c98,obs_c21d789f14a613fc6b0083e2,derived_control,target,shuffled_structure_control,target,bsig_bb01a7c1d0ca9b191d52310d,bsig_53d374d66c9dffe0861a6d49,0.26163704669340443,True,,
obs_57e35110e54898bdbe032c98,obs_afd8912a0e32fb71b5407b81,derived_control,frozen_control,shuffled_structure_control,periodic_diagonal_augmented_control,bsig_bb01a7c1d0ca9b191d52310d,bsig_c70af5951ff4d9712678a20b,0.35045424998161895,True,,
obs_57e35110e54898bdbe032c98,obs_ed1f0ceddbbf708b259ea1a6,derived_control,target,shuffled_structure_control,target,bsig_bb01a7c1d0ca9b191d52310d,bsig_53d374d66c9dffe0861a6d49,0.3214803124927295,True,,
obs_57e35110e54898bdbe032c98,obs_46ade388243f3a4581ba4489,derived_control,frozen_control,shuffled_structure_control,periodic_diagonal_augmented_control,bsig_bb01a7c1d0ca9b191d52310d,bsig_c70af5951ff4d9712678a20b,0.3418390035789757,True,,
obs_57e35110e54898bdbe032c98,obs_8de73c59341ac382087fba03,derived_control,target,shuffled_structure_control,target,bsig_bb01a7c1d0ca9b191d52310d,bsig_53d374d66c9dffe0861a6d49,0.16305916305916304,True,,
obs_57e35110e54898bdbe032c98,obs_4b958084812d6435763f9a05,derived_control,frozen_control,shuffled_structure_control,periodic_diagonal_augmented_control,bsig_bb01a7c1d0ca9b191d52310d,bsig_1364358a857deba241e04538,0.3619232349878323,True,,
obs_57e35110e54898bdbe032c98,obs_ea0aca853f3046642f451b7d,derived_control,target,shuffled_structure_control,target,bsig_bb01a7c1d0ca9b191d52310d,bsig_53d374d66c9dffe0861a6d49,0.29160763822437014,True,,
obs_57e35110e54898bdbe032c98,obs_1163ec91dc845e4ed94d462a,derived_control,frozen_control,shuffled_structure_control,periodic_diagonal_augmented_control,bsig_bb01a7c1d0ca9b191d52310d,bsig_1364358a857deba241e04538,0.31323672164914157,True,,
obs_57e35110e54898bdbe032c98,obs_d6eeaa59b08b0f1c4897f8db,derived_control,target,shuffled_structure_control,target,bsig_bb01a7c1d0ca9b191d52310d,bsig_53d374d66c9dffe0861a6d49,0.27612692947706513,True,,
obs_57e35110e54898bdbe032c98,obs_86701919f4db014d1d236f54,derived_control,frozen_control,shuffled_structure_control,periodic_diagonal_augmented_control,bsig_bb01a7c1d0ca9b191d52310d,bsig_53d374d66c9dffe0861a6d49,0.25554661044448024,True,,
obs_57e35110e54898bdbe032c98,obs_8c347ec96417e5677cdb8ad0,derived_control,target,shuffled_structure_control,target,bsig_bb01a7c1d0ca9b191d52310d,bsig_53d374d66c9dffe0861a6d49,0.3411953410249952,True,,
obs_57e35110e54898bdbe032c98,obs_624a249c44d428f10aa73463,derived_control,frozen_control,shuffled_structure_control,periodic_diagonal_augmented_control,bsig_bb01a7c1d0ca9b191d52310d,bsig_53d374d66c9dffe0861a6d49,0.2917361907409007,True,,
obs_57e35110e54898bdbe032c98,obs_e43b79a2ef68469ae989ae1e,derived_control,derived_control,shuffled_structure_control,shuffled_structure_control,bsig_bb01a7c1d0ca9b191d52310d,bsig_bb01a7c1d0ca9b191d52310d,0.10370053875689647,True,,
obs_57e35110e54898bdbe032c98,obs_c887eb3bf0ab4011d4084e3a,derived_control,derived_control,shuffled_structure_control,shuffled_structure_control,bsig_bb01a7c1d0ca9b191d52310d,bsig_bb01a7c1d0ca9b191d52310d,0.1544528954653125,True,,
obs_57e35110e54898bdbe032c98,obs_57e35110e54898bdbe032c98,derived_control,derived_control,shuffled_structure_control,shuffled_structure_control,bsig_bb01a7c1d0ca9b191d52310d,bsig_bb01a7c1d0ca9b191d52310d,0.0,True,,
obs_57e35110e54898bdbe032c98,obs_2d439625692f7d83d54dd8c5,derived_control,derived_control,shuffled_structure_control,shuffled_structure_control,bsig_bb01a7c1d0ca9b191d52310d,bsig_bb01a7c1d0ca9b191d52310d,0.12458022119695311,True,,
obs_57e35110e54898bdbe032c98,obs_ee93d740f305035b42ac22c5,derived_control,derived_control,shuffled_structure_control,shuffled_structure_control,bsig_bb01a7c1d0ca9b191d52310d,bsig_bb01a7c1d0ca9b191d52310d,0.11819042154055721,True,,
obs_57e35110e54898bdbe032c98,obs_590502ed80ee4f9526a00243,derived_control,derived_control,shuffled_structure_control,shuffled_structure_control,bsig_bb01a7c1d0ca9b191d52310d,bsig_bb01a7c1d0ca9b191d52310d,0.1741679239975782,True,,
obs_57e35110e54898bdbe032c98,obs_cd8cd88cb9618af0705bbf06,derived_control,derived_control,shuffled_structure_control,randomized_edge_control,bsig_bb01a7c1d0ca9b191d52310d,bsig_3b1c1a5f56bb03b20611587b,0.2925533526097103,True,,
obs_57e35110e54898bdbe032c98,obs_448f4e11eb5a27dd4f60b644,derived_control,derived_control,shuffled_structure_control,randomized_edge_control,bsig_bb01a7c1d0ca9b191d52310d,bsig_3b1c1a5f56bb03b20611587b,0.3433057093181263,True,,
obs_57e35110e54898bdbe032c98,obs_fa7bd1db2d6a1d5f66733a16,derived_control,derived_control,shuffled_structure_control,randomized_edge_control,bsig_bb01a7c1d0ca9b191d52310d,bsig_3b1c1a5f56bb03b20611587b,0.18885281385281383,True,,
obs_57e35110e54898bdbe032c98,obs_3f3cbf5fee77e89478120a3b,derived_control,derived_control,shuffled_structure_control,randomized_edge_control,bsig_bb01a7c1d0ca9b191d52310d,bsig_3b1c1a5f56bb03b20611587b,0.31343303504976694,True,,
obs_57e35110e54898bdbe032c98,obs_ddbc298f7c4df1aede53d5d6,derived_control,derived_control,shuffled_structure_control,randomized_edge_control,bsig_bb01a7c1d0ca9b191d52310d,bsig_3b1c1a5f56bb03b20611587b,0.3070432353933711,True,,
obs_57e35110e54898bdbe032c98,obs_3f2760e857afefe81bf772fe,derived_control,derived_control,shuffled_structure_control,randomized_edge_control,bsig_bb01a7c1d0ca9b191d52310d,bsig_3b1c1a5f56bb03b20611587b,0.363020737850392,True,,
obs_57e35110e54898bdbe032c98,obs_1aa1fc186c905e7ffa16d2d4,derived_control,derived_control,shuffled_structure_control,degraded_signal_control,bsig_bb01a7c1d0ca9b191d52310d,bsig_8527b27b7d47cca4b9594df9,0.35023669945843583,True,,
obs_57e35110e54898bdbe032c98,obs_e9c8066d01dd67e1f9d375ef,derived_control,derived_control,shuffled_structure_control,degraded_signal_control,bsig_bb01a7c1d0ca9b191d52310d,bsig_1095c101d561009a130e1133,0.3896050560935794,True,,
obs_57e35110e54898bdbe032c98,obs_aabd161899dc613ecf88b1d9,derived_control,derived_control,shuffled_structure_control,degraded_signal_control,bsig_bb01a7c1d0ca9b191d52310d,bsig_5fc2cc8106fba2b64bc8c905,0.28214847346091176,True,,
obs_57e35110e54898bdbe032c98,obs_322c862d474a379bd8df7674,derived_control,derived_control,shuffled_structure_control,degraded_signal_control,bsig_bb01a7c1d0ca9b191d52310d,bsig_1095c101d561009a130e1133,0.3586634237590696,True,,
obs_57e35110e54898bdbe032c98,obs_4ef6a9c1a3b2d0659064e20b,derived_control,derived_control,shuffled_structure_control,degraded_signal_control,bsig_bb01a7c1d0ca9b191d52310d,bsig_8527b27b7d47cca4b9594df9,0.32305408837141864,True,,
obs_57e35110e54898bdbe032c98,obs_7d8b6ee929f2a0a0cf7af8f5,derived_control,derived_control,shuffled_structure_control,degraded_signal_control,bsig_bb01a7c1d0ca9b191d52310d,bsig_1095c101d561009a130e1133,0.39590568590279274,True,,
obs_57e35110e54898bdbe032c98,obs_b41d2dded4b9ccd5ecd128d5,derived_control,derived_control,shuffled_structure_control,label_permutation_control,bsig_bb01a7c1d0ca9b191d52310d,bsig_8e7a52f1a727043c61e5d5c2,0.32058088063723833,True,,
obs_57e35110e54898bdbe032c98,obs_a3582497f15ead2a2fc1280f,derived_control,derived_control,shuffled_structure_control,label_permutation_control,bsig_bb01a7c1d0ca9b191d52310d,bsig_8e7a52f1a727043c61e5d5c2,0.3713332373456544,True,,
obs_57e35110e54898bdbe032c98,obs_f855844ba74f991c9ab0ba6d,derived_control,derived_control,shuffled_structure_control,label_permutation_control,bsig_bb01a7c1d0ca9b191d52310d,bsig_8e7a52f1a727043c61e5d5c2,0.21688034188034186,True,,
obs_57e35110e54898bdbe032c98,obs_20877377330b5094380e86df,derived_control,derived_control,shuffled_structure_control,label_permutation_control,bsig_bb01a7c1d0ca9b191d52310d,bsig_8e7a52f1a727043c61e5d5c2,0.341460563077295,True,,
obs_57e35110e54898bdbe032c98,obs_8d92e32fec459dd0746ec799,derived_control,derived_control,shuffled_structure_control,label_permutation_control,bsig_bb01a7c1d0ca9b191d52310d,bsig_8e7a52f1a727043c61e5d5c2,0.3350707634208991,True,,
obs_57e35110e54898bdbe032c98,obs_11180e544727ce850ebf3a6a,derived_control,derived_control,shuffled_structure_control,label_permutation_control,bsig_bb01a7c1d0ca9b191d52310d,bsig_8e7a52f1a727043c61e5d5c2,0.3910482658779201,True,,
obs_57e35110e54898bdbe032c98,obs_979ad629051487c82499339e,derived_control,derived_control,shuffled_structure_control,generic_graph_operator_control,bsig_bb01a7c1d0ca9b191d52310d,bsig_793bb0a29a9abfe233b6d670,0.42049346804982574,True,,
obs_57e35110e54898bdbe032c98,obs_2c0e6630085a94e0f0b4dd07,derived_control,derived_control,shuffled_structure_control,generic_graph_operator_control,bsig_bb01a7c1d0ca9b191d52310d,bsig_793bb0a29a9abfe233b6d670,0.4712458247582418,True,,
obs_57e35110e54898bdbe032c98,obs_0033e7ce631563262f7b0bbe,derived_control,derived_control,shuffled_structure_control,generic_graph_operator_control,bsig_bb01a7c1d0ca9b191d52310d,bsig_793bb0a29a9abfe233b6d670,0.3521464646464646,True,,
obs_57e35110e54898bdbe032c98,obs_118430be7d682f480e3902ea,derived_control,derived_control,shuffled_structure_control,generic_graph_operator_control,bsig_bb01a7c1d0ca9b191d52310d,bsig_793bb0a29a9abfe233b6d670,0.4767266858434177,True,,
obs_57e35110e54898bdbe032c98,obs_8f4c211fcf3841317e300fd0,derived_control,derived_control,shuffled_structure_control,generic_graph_operator_control,bsig_bb01a7c1d0ca9b191d52310d,bsig_793bb0a29a9abfe233b6d670,0.4349833508334865,True,,
obs_57e35110e54898bdbe032c98,obs_ae30906415b62baef858fb35,derived_control,derived_control,shuffled_structure_control,generic_graph_operator_control,bsig_bb01a7c1d0ca9b191d52310d,bsig_793bb0a29a9abfe233b6d670,0.4909608532905075,True,,
obs_57e35110e54898bdbe032c98,obs_2b1c4b4fddba864cb9f9f25f,derived_control,derived_control,shuffled_structure_control,seed_repeat_control,bsig_bb01a7c1d0ca9b191d52310d,bsig_53d374d66c9dffe0861a6d49,0.26163704669340443,True,,
obs_57e35110e54898bdbe032c98,obs_65dfe5e65cb70d7cb499d482,derived_control,derived_control,shuffled_structure_control,seed_repeat_control,bsig_bb01a7c1d0ca9b191d52310d,bsig_53d374d66c9dffe0861a6d49,0.3214803124927295,True,,
obs_57e35110e54898bdbe032c98,obs_f622bfcc3394ff0a255f9f83,derived_control,derived_control,shuffled_structure_control,seed_repeat_control,bsig_bb01a7c1d0ca9b191d52310d,bsig_53d374d66c9dffe0861a6d49,0.16305916305916304,True,,
obs_57e35110e54898bdbe032c98,obs_57728f48826a986fe1ea83d9,derived_control,derived_control,shuffled_structure_control,seed_repeat_control,bsig_bb01a7c1d0ca9b191d52310d,bsig_53d374d66c9dffe0861a6d49,0.29160763822437014,True,,
obs_57e35110e54898bdbe032c98,obs_c740a30388dc20122927f42a,derived_control,derived_control,shuffled_structure_control,seed_repeat_control,bsig_bb01a7c1d0ca9b191d52310d,bsig_53d374d66c9dffe0861a6d49,0.27612692947706513,True,,
obs_57e35110e54898bdbe032c98,obs_04fbf535deaa3a11fe4345ca,derived_control,derived_control,shuffled_structure_control,seed_repeat_control,bsig_bb01a7c1d0ca9b191d52310d,bsig_53d374d66c9dffe0861a6d49,0.3411953410249952,True,,
obs_57e35110e54898bdbe032c98,obs_d36d9fb3b1f089bbbf821e5c,derived_control,derived_control,shuffled_structure_control,parameter_matched_null_control,bsig_bb01a7c1d0ca9b191d52310d,bsig_f61a89a0172a79f5d96cd71c,0.6437177125936294,True,,
obs_57e35110e54898bdbe032c98,obs_93659ee4b3b5fdadf510315f,derived_control,derived_control,shuffled_structure_control,parameter_matched_null_control,bsig_bb01a7c1d0ca9b191d52310d,bsig_f61a89a0172a79f5d96cd71c,0.6565357964938562,True,,
obs_57e35110e54898bdbe032c98,obs_5a7521167226bbafcd5c6ba8,derived_control,derived_control,shuffled_structure_control,parameter_matched_null_control,bsig_bb01a7c1d0ca9b191d52310d,bsig_f61a89a0172a79f5d96cd71c,0.6057338525266064,True,,
obs_57e35110e54898bdbe032c98,obs_9b1c5f0213d9d0fc1a3fff27,derived_control,derived_control,shuffled_structure_control,parameter_matched_null_control,bsig_bb01a7c1d0ca9b191d52310d,bsig_f61a89a0172a79f5d96cd71c,0.6201266444767198,True,,
obs_57e35110e54898bdbe032c98,obs_062eb3c1dd90468a63227d7f,derived_control,derived_control,shuffled_structure_control,parameter_matched_null_control,bsig_bb01a7c1d0ca9b191d52310d,bsig_f61a89a0172a79f5d96cd71c,0.6425852244341651,True,,
obs_57e35110e54898bdbe032c98,obs_e93f92e26db8b9c29005cc9e,derived_control,derived_control,shuffled_structure_control,parameter_matched_null_control,bsig_bb01a7c1d0ca9b191d52310d,bsig_f61a89a0172a79f5d96cd71c,0.6554977952958431,True,,
obs_2d439625692f7d83d54dd8c5,obs_c21d789f14a613fc6b0083e2,derived_control,target,shuffled_structure_control,target,bsig_bb01a7c1d0ca9b191d52310d,bsig_53d374d66c9dffe0861a6d49,0.3660254873670488,True,,
obs_2d439625692f7d83d54dd8c5,obs_afd8912a0e32fb71b5407b81,derived_control,frozen_control,shuffled_structure_control,periodic_diagonal_augmented_control,bsig_bb01a7c1d0ca9b191d52310d,bsig_c70af5951ff4d9712678a20b,0.3986001021581007,True,,
obs_2d439625692f7d83d54dd8c5,obs_ed1f0ceddbbf708b259ea1a6,derived_control,target,shuffled_structure_control,target,bsig_bb01a7c1d0ca9b191d52310d,bsig_53d374d66c9dffe0861a6d49,0.24161137549496747,True,,
obs_2d439625692f7d83d54dd8c5,obs_46ade388243f3a4581ba4489,derived_control,frozen_control,shuffled_structure_control,periodic_diagonal_augmented_control,bsig_bb01a7c1d0ca9b191d52310d,bsig_c70af5951ff4d9712678a20b,0.31356721430756807,True,,
obs_2d439625692f7d83d54dd8c5,obs_8de73c59341ac382087fba03,derived_control,target,shuffled_structure_control,target,bsig_bb01a7c1d0ca9b191d52310d,bsig_53d374d66c9dffe0861a6d49,0.2876393842561161,True,,
obs_2d439625692f7d83d54dd8c5,obs_4b958084812d6435763f9a05,derived_control,frozen_control,shuffled_structure_control,periodic_diagonal_augmented_control,bsig_bb01a7c1d0ca9b191d52310d,bsig_1364358a857deba241e04538,0.37872698174970076,True,,
obs_2d439625692f7d83d54dd8c5,obs_ea0aca853f3046642f451b7d,derived_control,target,shuffled_structure_control,target,bsig_bb01a7c1d0ca9b191d52310d,bsig_53d374d66c9dffe0861a6d49,0.16702741702741702,True,,
obs_2d439625692f7d83d54dd8c5,obs_1163ec91dc845e4ed94d462a,derived_control,frozen_control,shuffled_structure_control,periodic_diagonal_augmented_control,bsig_bb01a7c1d0ca9b191d52310d,bsig_1364358a857deba241e04538,0.24036785711727515,True,,
obs_2d439625692f7d83d54dd8c5,obs_d6eeaa59b08b0f1c4897f8db,derived_control,target,shuffled_structure_control,target,bsig_bb01a7c1d0ca9b191d52310d,bsig_53d374d66c9dffe0861a6d49,0.2944897962875796,True,,
obs_2d439625692f7d83d54dd8c5,obs_86701919f4db014d1d236f54,derived_control,frozen_control,shuffled_structure_control,periodic_diagonal_augmented_control,bsig_bb01a7c1d0ca9b191d52310d,bsig_53d374d66c9dffe0861a6d49,0.3352477839866386,True,,
obs_2d439625692f7d83d54dd8c5,obs_8c347ec96417e5677cdb8ad0,derived_control,target,shuffled_structure_control,target,bsig_bb01a7c1d0ca9b191d52310d,bsig_53d374d66c9dffe0861a6d49,0.2478059780377651,True,,
obs_2d439625692f7d83d54dd8c5,obs_624a249c44d428f10aa73463,derived_control,frozen_control,shuffled_structure_control,periodic_diagonal_augmented_control,bsig_bb01a7c1d0ca9b191d52310d,bsig_53d374d66c9dffe0861a6d49,0.18575602590361626,True,,
obs_2d439625692f7d83d54dd8c5,obs_e43b79a2ef68469ae989ae1e,derived_control,derived_control,shuffled_structure_control,shuffled_structure_control,bsig_bb01a7c1d0ca9b191d52310d,bsig_bb01a7c1d0ca9b191d52310d,0.2080889794305409,True,,
obs_2d439625692f7d83d54dd8c5,obs_c887eb3bf0ab4011d4084e3a,derived_control,derived_control,shuffled_structure_control,shuffled_structure_control,bsig_bb01a7c1d0ca9b191d52310d,bsig_bb01a7c1d0ca9b191d52310d,0.07458395846755046,True,,
obs_2d439625692f7d83d54dd8c5,obs_57e35110e54898bdbe032c98,derived_control,derived_control,shuffled_structure_control,shuffled_structure_control,bsig_bb01a7c1d0ca9b191d52310d,bsig_bb01a7c1d0ca9b191d52310d,0.12458022119695311,True,,
obs_2d439625692f7d83d54dd8c5,obs_2d439625692f7d83d54dd8c5,derived_control,derived_control,shuffled_structure_control,shuffled_structure_control,bsig_bb01a7c1d0ca9b191d52310d,bsig_bb01a7c1d0ca9b191d52310d,0.0,True,,
obs_2d439625692f7d83d54dd8c5,obs_ee93d740f305035b42ac22c5,derived_control,derived_control,shuffled_structure_control,shuffled_structure_control,bsig_bb01a7c1d0ca9b191d52310d,bsig_bb01a7c1d0ca9b191d52310d,0.13655328835107167,True,,
obs_2d439625692f7d83d54dd8c5,obs_590502ed80ee4f9526a00243,derived_control,derived_control,shuffled_structure_control,shuffled_structure_control,bsig_bb01a7c1d0ca9b191d52310d,bsig_bb01a7c1d0ca9b191d52310d,0.08077856101034808,True,,
obs_2d439625692f7d83d54dd8c5,obs_cd8cd88cb9618af0705bbf06,derived_control,derived_control,shuffled_structure_control,randomized_edge_control,bsig_bb01a7c1d0ca9b191d52310d,bsig_3b1c1a5f56bb03b20611587b,0.3969417932833547,True,,
obs_2d439625692f7d83d54dd8c5,obs_448f4e11eb5a27dd4f60b644,derived_control,derived_control,shuffled_structure_control,randomized_edge_control,bsig_bb01a7c1d0ca9b191d52310d,bsig_3b1c1a5f56bb03b20611587b,0.26343677232036433,True,,
obs_2d439625692f7d83d54dd8c5,obs_fa7bd1db2d6a1d5f66733a16,derived_control,derived_control,shuffled_structure_control,randomized_edge_control,bsig_bb01a7c1d0ca9b191d52310d,bsig_3b1c1a5f56bb03b20611587b,0.31343303504976694,True,,
obs_2d439625692f7d83d54dd8c5,obs_3f3cbf5fee77e89478120a3b,derived_control,derived_control,shuffled_structure_control,randomized_edge_control,bsig_bb01a7c1d0ca9b191d52310d,bsig_3b1c1a5f56bb03b20611587b,0.18885281385281383,True,,
obs_2d439625692f7d83d54dd8c5,obs_ddbc298f7c4df1aede53d5d6,derived_control,derived_control,shuffled_structure_control,randomized_edge_control,bsig_bb01a7c1d0ca9b191d52310d,bsig_3b1c1a5f56bb03b20611587b,0.32540610220388555,True,,
obs_2d439625692f7d83d54dd8c5,obs_3f2760e857afefe81bf772fe,derived_control,derived_control,shuffled_structure_control,randomized_edge_control,bsig_bb01a7c1d0ca9b191d52310d,bsig_3b1c1a5f56bb03b20611587b,0.2696313748631619,True,,
obs_2d439625692f7d83d54dd8c5,obs_1aa1fc186c905e7ffa16d2d4,derived_control,derived_control,shuffled_structure_control,degraded_signal_control,bsig_bb01a7c1d0ca9b191d52310d,bsig_8527b27b7d47cca4b9594df9,0.4449121006544823,True,,
obs_2d439625692f7d83d54dd8c5,obs_e9c8066d01dd67e1f9d375ef,derived_control,derived_control,shuffled_structure_control,degraded_signal_control,bsig_bb01a7c1d0ca9b191d52310d,bsig_1095c101d561009a130e1133,0.3473816241872808,True,,
obs_2d439625692f7d83d54dd8c5,obs_aabd161899dc613ecf88b1d9,derived_control,derived_control,shuffled_structure_control,degraded_signal_control,bsig_bb01a7c1d0ca9b191d52310d,bsig_5fc2cc8106fba2b64bc8c905,0.3818744544048653,True,,
obs_2d439625692f7d83d54dd8c5,obs_322c862d474a379bd8df7674,derived_control,derived_control,shuffled_structure_control,degraded_signal_control,bsig_bb01a7c1d0ca9b191d52310d,bsig_1095c101d561009a130e1133,0.28214847346091176,True,,
obs_2d439625692f7d83d54dd8c5,obs_4ef6a9c1a3b2d0659064e20b,derived_control,derived_control,shuffled_structure_control,degraded_signal_control,bsig_bb01a7c1d0ca9b191d52310d,bsig_8527b27b7d47cca4b9594df9,0.3613183738468566,True,,
obs_2d439625692f7d83d54dd8c5,obs_7d8b6ee929f2a0a0cf7af8f5,derived_control,derived_control,shuffled_structure_control,degraded_signal_control,bsig_bb01a7c1d0ca9b191d52310d,bsig_1095c101d561009a130e1133,0.3500212910257556,True,,
obs_2d439625692f7d83d54dd8c5,obs_b41d2dded4b9ccd5ecd128d5,derived_control,derived_control,shuffled_structure_control,label_permutation_control,bsig_bb01a7c1d0ca9b191d52310d,bsig_8e7a52f1a727043c61e5d5c2,0.4249693213108828,True,,
obs_2d439625692f7d83d54dd8c5,obs_a3582497f15ead2a2fc1280f,derived_control,derived_control,shuffled_structure_control,label_permutation_control,bsig_bb01a7c1d0ca9b191d52310d,bsig_8e7a52f1a727043c61e5d5c2,0.29146430034789234,True,,
obs_2d439625692f7d83d54dd8c5,obs_f855844ba74f991c9ab0ba6d,derived_control,derived_control,shuffled_structure_control,label_permutation_control,bsig_bb01a7c1d0ca9b191d52310d,bsig_8e7a52f1a727043c61e5d5c2,0.341460563077295,True,,
obs_2d439625692f7d83d54dd8c5,obs_20877377330b5094380e86df,derived_control,derived_control,shuffled_structure_control,label_permutation_control,bsig_bb01a7c1d0ca9b191d52310d,bsig_8e7a52f1a727043c61e5d5c2,0.21688034188034186,True,,
obs_2d439625692f7d83d54dd8c5,obs_8d92e32fec459dd0746ec799,derived_control,derived_control,shuffled_structure_control,label_permutation_control,bsig_bb01a7c1d0ca9b191d52310d,bsig_8e7a52f1a727043c61e5d5c2,0.35343363023141355,True,,
obs_2d439625692f7d83d54dd8c5,obs_11180e544727ce850ebf3a6a,derived_control,derived_control,shuffled_structure_control,label_permutation_control,bsig_bb01a7c1d0ca9b191d52310d,bsig_8e7a52f1a727043c61e5d5c2,0.29765890289068997,True,,
obs_2d439625692f7d83d54dd8c5,obs_979ad629051487c82499339e,derived_control,derived_control,shuffled_structure_control,generic_graph_operator_control,bsig_bb01a7c1d0ca9b191d52310d,bsig_793bb0a29a9abfe233b6d670,0.5248819087234702,True,,
obs_2d439625692f7d83d54dd8c5,obs_2c0e6630085a94e0f0b4dd07,derived_control,derived_control,shuffled_structure_control,generic_graph_operator_control,bsig_bb01a7c1d0ca9b191d52310d,bsig_793bb0a29a9abfe233b6d670,0.39137688776047974,True,,
obs_2d439625692f7d83d54dd8c5,obs_0033e7ce631563262f7b0bbe,derived_control,derived_control,shuffled_structure_control,generic_graph_operator_control,bsig_bb01a7c1d0ca9b191d52310d,bsig_793bb0a29a9abfe233b6d670,0.4767266858434177,True,,
obs_2d439625692f7d83d54dd8c5,obs_118430be7d682f480e3902ea,derived_control,derived_control,shuffled_structure_control,generic_graph_operator_control,bsig_bb01a7c1d0ca9b191d52310d,bsig_793bb0a29a9abfe233b6d670,0.3521464646464646,True,,
obs_2d439625692f7d83d54dd8c5,obs_8f4c211fcf3841317e300fd0,derived_control,derived_control,shuffled_structure_control,generic_graph_operator_control,bsig_bb01a7c1d0ca9b191d52310d,bsig_793bb0a29a9abfe233b6d670,0.45334621764400096,True,,
obs_2d439625692f7d83d54dd8c5,obs_ae30906415b62baef858fb35,derived_control,derived_control,shuffled_structure_control,generic_graph_operator_control,bsig_bb01a7c1d0ca9b191d52310d,bsig_793bb0a29a9abfe233b6d670,0.3975714903032774,True,,
obs_2d439625692f7d83d54dd8c5,obs_2b1c4b4fddba864cb9f9f25f,derived_control,derived_control,shuffled_structure_control,seed_repeat_control,bsig_bb01a7c1d0ca9b191d52310d,bsig_53d374d66c9dffe0861a6d49,0.3660254873670488,True,,
obs_2d439625692f7d83d54dd8c5,obs_65dfe5e65cb70d7cb499d482,derived_control,derived_control,shuffled_structure_control,seed_repeat_control,bsig_bb01a7c1d0ca9b191d52310d,bsig_53d374d66c9dffe0861a6d49,0.24161137549496747,True,,
obs_2d439625692f7d83d54dd8c5,obs_f622bfcc3394ff0a255f9f83,derived_control,derived_control,shuffled_structure_control,seed_repeat_control,bsig_bb01a7c1d0ca9b191d52310d,bsig_53d374d66c9dffe0861a6d49,0.2876393842561161,True,,
obs_2d439625692f7d83d54dd8c5,obs_57728f48826a986fe1ea83d9,derived_control,derived_control,shuffled_structure_control,seed_repeat_control,bsig_bb01a7c1d0ca9b191d52310d,bsig_53d374d66c9dffe0861a6d49,0.16702741702741702,True,,
obs_2d439625692f7d83d54dd8c5,obs_c740a30388dc20122927f42a,derived_control,derived_control,shuffled_structure_control,seed_repeat_control,bsig_bb01a7c1d0ca9b191d52310d,bsig_53d374d66c9dffe0861a6d49,0.2944897962875796,True,,
obs_2d439625692f7d83d54dd8c5,obs_04fbf535deaa3a11fe4345ca,derived_control,derived_control,shuffled_structure_control,seed_repeat_control,bsig_bb01a7c1d0ca9b191d52310d,bsig_53d374d66c9dffe0861a6d49,0.2478059780377651,True,,
obs_2d439625692f7d83d54dd8c5,obs_d36d9fb3b1f089bbbf821e5c,derived_control,derived_control,shuffled_structure_control,parameter_matched_null_control,bsig_bb01a7c1d0ca9b191d52310d,bsig_f61a89a0172a79f5d96cd71c,0.6572916610063279,True,,
obs_2d439625692f7d83d54dd8c5,obs_93659ee4b3b5fdadf510315f,derived_control,derived_control,shuffled_structure_control,parameter_matched_null_control,bsig_bb01a7c1d0ca9b191d52310d,bsig_f61a89a0172a79f5d96cd71c,0.6427098979677791,True,,
obs_2d439625692f7d83d54dd8c5,obs_5a7521167226bbafcd5c6ba8,derived_control,derived_control,shuffled_structure_control,parameter_matched_null_control,bsig_bb01a7c1d0ca9b191d52310d,bsig_f61a89a0172a79f5d96cd71c,0.6201266444767198,True,,
obs_2d439625692f7d83d54dd8c5,obs_9b1c5f0213d9d0fc1a3fff27,derived_control,derived_control,shuffled_structure_control,parameter_matched_null_control,bsig_bb01a7c1d0ca9b191d52310d,bsig_f61a89a0172a79f5d96cd71c,0.6057338525266064,True,,
obs_2d439625692f7d83d54dd8c5,obs_062eb3c1dd90468a63227d7f,derived_control,derived_control,shuffled_structure_control,parameter_matched_null_control,bsig_bb01a7c1d0ca9b191d52310d,bsig_f61a89a0172a79f5d96cd71c,0.6554033168377932,True,,
obs_2d439625692f7d83d54dd8c5,obs_e93f92e26db8b9c29005cc9e,derived_control,derived_control,shuffled_structure_control,parameter_matched_null_control,bsig_bb01a7c1d0ca9b191d52310d,bsig_f61a89a0172a79f5d96cd71c,0.6411050033457297,True,,
obs_ee93d740f305035b42ac22c5,obs_c21d789f14a613fc6b0083e2,derived_control,target,shuffled_structure_control,target,bsig_bb01a7c1d0ca9b191d52310d,bsig_53d374d66c9dffe0861a6d49,0.2862392796378659,True,,
obs_ee93d740f305035b42ac22c5,obs_afd8912a0e32fb71b5407b81,derived_control,frozen_control,shuffled_structure_control,periodic_diagonal_augmented_control,bsig_bb01a7c1d0ca9b191d52310d,bsig_c70af5951ff4d9712678a20b,0.3400929230316926,True,,
obs_ee93d740f305035b42ac22c5,obs_ed1f0ceddbbf708b259ea1a6,derived_control,target,shuffled_structure_control,target,bsig_bb01a7c1d0ca9b191d52310d,bsig_53d374d66c9dffe0861a6d49,0.24033911727611199,True,,
obs_ee93d740f305035b42ac22c5,obs_46ade388243f3a4581ba4489,derived_control,frozen_control,shuffled_structure_control,periodic_diagonal_augmented_control,bsig_bb01a7c1d0ca9b191d52310d,bsig_c70af5951ff4d9712678a20b,0.2989848966636352,True,,
obs_ee93d740f305035b42ac22c5,obs_8de73c59341ac382087fba03,derived_control,target,shuffled_structure_control,target,bsig_bb01a7c1d0ca9b191d52310d,bsig_53d374d66c9dffe0861a6d49,0.28124958459972027,True,,
obs_ee93d740f305035b42ac22c5,obs_4b958084812d6435763f9a05,derived_control,frozen_control,shuffled_structure_control,periodic_diagonal_augmented_control,bsig_bb01a7c1d0ca9b191d52310d,bsig_1364358a857deba241e04538,0.3947435836468168,True,,
obs_ee93d740f305035b42ac22c5,obs_ea0aca853f3046642f451b7d,derived_control,target,shuffled_structure_control,target,bsig_bb01a7c1d0ca9b191d52310d,bsig_53d374d66c9dffe0861a6d49,0.3035807053784887,True,,
obs_ee93d740f305035b42ac22c5,obs_1163ec91dc845e4ed94d462a,derived_control,frozen_control,shuffled_structure_control,periodic_diagonal_augmented_control,bsig_bb01a7c1d0ca9b191d52310d,bsig_1364358a857deba241e04538,0.31316062823666496,True,,
obs_ee93d740f305035b42ac22c5,obs_d6eeaa59b08b0f1c4897f8db,derived_control,target,shuffled_structure_control,target,bsig_bb01a7c1d0ca9b191d52310d,bsig_53d374d66c9dffe0861a6d49,0.15793650793650793,True,,
obs_ee93d740f305035b42ac22c5,obs_86701919f4db014d1d236f54,derived_control,frozen_control,shuffled_structure_control,periodic_diagonal_augmented_control,bsig_bb01a7c1d0ca9b191d52310d,bsig_53d374d66c9dffe0861a6d49,0.34102471034825743,True,,
obs_ee93d740f305035b42ac22c5,obs_8c347ec96417e5677cdb8ad0,derived_control,target,shuffled_structure_control,target,bsig_bb01a7c1d0ca9b191d52310d,bsig_53d374d66c9dffe0861a6d49,0.28889448091362263,True,,
obs_ee93d740f305035b42ac22c5,obs_624a249c44d428f10aa73463,derived_control,frozen_control,shuffled_structure_control,periodic_diagonal_augmented_control,bsig_bb01a7c1d0ca9b191d52310d,bsig_53d374d66c9dffe0861a6d49,0.2992248791715632,True,,
obs_ee93d740f305035b42ac22c5,obs_e43b79a2ef68469ae989ae1e,derived_control,derived_control,shuffled_structure_control,shuffled_structure_control,bsig_bb01a7c1d0ca9b191d52310d,bsig_bb01a7c1d0ca9b191d52310d,0.12830277170135795,True,,
obs_ee93d740f305035b42ac22c5,obs_c887eb3bf0ab4011d4084e3a,derived_control,derived_control,shuffled_structure_control,shuffled_structure_control,bsig_bb01a7c1d0ca9b191d52310d,bsig_bb01a7c1d0ca9b191d52310d,0.07331170024869496,True,,
obs_ee93d740f305035b42ac22c5,obs_57e35110e54898bdbe032c98,derived_control,derived_control,shuffled_structure_control,shuffled_structure_control,bsig_bb01a7c1d0ca9b191d52310d,bsig_bb01a7c1d0ca9b191d52310d,0.11819042154055721,True,,
obs_ee93d740f305035b42ac22c5,obs_2d439625692f7d83d54dd8c5,derived_control,derived_control,shuffled_structure_control,shuffled_structure_control,bsig_bb01a7c1d0ca9b191d52310d,bsig_bb01a7c1d0ca9b191d52310d,0.13655328835107167,True,,
obs_ee93d740f305035b42ac22c5,obs_ee93d740f305035b42ac22c5,derived_control,derived_control,shuffled_structure_control,shuffled_structure_control,bsig_bb01a7c1d0ca9b191d52310d,bsig_bb01a7c1d0ca9b191d52310d,0.0,True,,
obs_ee93d740f305035b42ac22c5,obs_590502ed80ee4f9526a00243,derived_control,derived_control,shuffled_structure_control,shuffled_structure_control,bsig_bb01a7c1d0ca9b191d52310d,bsig_bb01a7c1d0ca9b191d52310d,0.1218670638862056,True,,
obs_ee93d740f305035b42ac22c5,obs_cd8cd88cb9618af0705bbf06,derived_control,derived_control,shuffled_structure_control,randomized_edge_control,bsig_bb01a7c1d0ca9b191d52310d,bsig_3b1c1a5f56bb03b20611587b,0.3171555855541718,True,,
obs_ee93d740f305035b42ac22c5,obs_448f4e11eb5a27dd4f60b644,derived_control,derived_control,shuffled_structure_control,randomized_edge_control,bsig_bb01a7c1d0ca9b191d52310d,bsig_3b1c1a5f56bb03b20611587b,0.2621645141015088,True,,
obs_ee93d740f305035b42ac22c5,obs_fa7bd1db2d6a1d5f66733a16,derived_control,derived_control,shuffled_structure_control,randomized_edge_control,bsig_bb01a7c1d0ca9b191d52310d,bsig_3b1c1a5f56bb03b20611587b,0.3070432353933711,True,,
obs_ee93d740f305035b42ac22c5,obs_3f3cbf5fee77e89478120a3b,derived_control,derived_control,shuffled_structure_control,randomized_edge_control,bsig_bb01a7c1d0ca9b191d52310d,bsig_3b1c1a5f56bb03b20611587b,0.32540610220388555,True,,
obs_ee93d740f305035b42ac22c5,obs_ddbc298f7c4df1aede53d5d6,derived_control,derived_control,shuffled_structure_control,randomized_edge_control,bsig_bb01a7c1d0ca9b191d52310d,bsig_3b1c1a5f56bb03b20611587b,0.18885281385281383,True,,
obs_ee93d740f305035b42ac22c5,obs_3f2760e857afefe81bf772fe,derived_control,derived_control,shuffled_structure_control,randomized_edge_control,bsig_bb01a7c1d0ca9b191d52310d,bsig_3b1c1a5f56bb03b20611587b,0.31071987773901943,True,,
obs_ee93d740f305035b42ac22c5,obs_1aa1fc186c905e7ffa16d2d4,derived_control,derived_control,shuffled_structure_control,degraded_signal_control,bsig_bb01a7c1d0ca9b191d52310d,bsig_8527b27b7d47cca4b9594df9,0.3671124034938034,True,,
obs_ee93d740f305035b42ac22c5,obs_e9c8066d01dd67e1f9d375ef,derived_control,derived_control,shuffled_structure_control,degraded_signal_control,bsig_bb01a7c1d0ca9b191d52310d,bsig_1095c101d561009a130e1133,0.3410161296699242,True,,
obs_ee93d740f305035b42ac22c5,obs_aabd161899dc613ecf88b1d9,derived_control,derived_control,shuffled_structure_control,degraded_signal_control,bsig_bb01a7c1d0ca9b191d52310d,bsig_5fc2cc8106fba2b64bc8c905,0.3788981937711686,True,,
obs_ee93d740f305035b42ac22c5,obs_322c862d474a379bd8df7674,derived_control,derived_control,shuffled_structure_control,degraded_signal_control,bsig_bb01a7c1d0ca9b191d52310d,bsig_1095c101d561009a130e1133,0.3948713687497005,True,,
obs_ee93d740f305035b42ac22c5,obs_4ef6a9c1a3b2d0659064e20b,derived_control,derived_control,shuffled_structure_control,degraded_signal_control,bsig_bb01a7c1d0ca9b191d52310d,bsig_8527b27b7d47cca4b9594df9,0.274544461314646,True,,
obs_ee93d740f305035b42ac22c5,obs_7d8b6ee929f2a0a0cf7af8f5,derived_control,derived_control,shuffled_structure_control,degraded_signal_control,bsig_bb01a7c1d0ca9b191d52310d,bsig_1095c101d561009a130e1133,0.37654739338726023,True,,
obs_ee93d740f305035b42ac22c5,obs_b41d2dded4b9ccd5ecd128d5,derived_control,derived_control,shuffled_structure_control,label_permutation_control,bsig_bb01a7c1d0ca9b191d52310d,bsig_8e7a52f1a727043c61e5d5c2,0.3451831135816998,True,,
obs_ee93d740f305035b42ac22c5,obs_a3582497f15ead2a2fc1280f,derived_control,derived_control,shuffled_structure_control,label_permutation_control,bsig_bb01a7c1d0ca9b191d52310d,bsig_8e7a52f1a727043c61e5d5c2,0.2901920421290368,True,,
obs_ee93d740f305035b42ac22c5,obs_f855844ba74f991c9ab0ba6d,derived_control,derived_control,shuffled_structure_control,label_permutation_control,bsig_bb01a7c1d0ca9b191d52310d,bsig_8e7a52f1a727043c61e5d5c2,0.3350707634208991,True,,
obs_ee93d740f305035b42ac22c5,obs_20877377330b5094380e86df,derived_control,derived_control,shuffled_structure_control,label_permutation_control,bsig_bb01a7c1d0ca9b191d52310d,bsig_8e7a52f1a727043c61e5d5c2,0.35343363023141355,True,,
obs_ee93d740f305035b42ac22c5,obs_8d92e32fec459dd0746ec799,derived_control,derived_control,shuffled_structure_control,label_permutation_control,bsig_bb01a7c1d0ca9b191d52310d,bsig_8e7a52f1a727043c61e5d5c2,0.21688034188034186,True,,
obs_ee93d740f305035b42ac22c5,obs_11180e544727ce850ebf3a6a,derived_control,derived_control,shuffled_structure_control,label_permutation_control,bsig_bb01a7c1d0ca9b191d52310d,bsig_8e7a52f1a727043c61e5d5c2,0.3387474057665475,True,,
obs_ee93d740f305035b42ac22c5,obs_979ad629051487c82499339e,derived_control,derived_control,shuffled_structure_control,generic_graph_operator_control,bsig_bb01a7c1d0ca9b191d52310d,bsig_793bb0a29a9abfe233b6d670,0.4787657346643209,True,,
obs_ee93d740f305035b42ac22c5,obs_2c0e6630085a94e0f0b4dd07,derived_control,derived_control,shuffled_structure_control,generic_graph_operator_control,bsig_bb01a7c1d0ca9b191d52310d,bsig_793bb0a29a9abfe233b6d670,0.42377466321165785,True,,
obs_ee93d740f305035b42ac22c5,obs_0033e7ce631563262f7b0bbe,derived_control,derived_control,shuffled_structure_control,generic_graph_operator_control,bsig_bb01a7c1d0ca9b191d52310d,bsig_793bb0a29a9abfe233b6d670,0.4332998491499848,True,,
obs_ee93d740f305035b42ac22c5,obs_118430be7d682f480e3902ea,derived_control,derived_control,shuffled_structure_control,generic_graph_operator_control,bsig_bb01a7c1d0ca9b191d52310d,bsig_793bb0a29a9abfe233b6d670,0.45166271596049923,True,,
obs_ee93d740f305035b42ac22c5,obs_8f4c211fcf3841317e300fd0,derived_control,derived_control,shuffled_structure_control,generic_graph_operator_control,bsig_bb01a7c1d0ca9b191d52310d,bsig_793bb0a29a9abfe233b6d670,0.3504629629629629,True,,
obs_ee93d740f305035b42ac22c5,obs_ae30906415b62baef858fb35,derived_control,derived_control,shuffled_structure_control,generic_graph_operator_control,bsig_bb01a7c1d0ca9b191d52310d,bsig_793bb0a29a9abfe233b6d670,0.4723300268491685,True,,
obs_ee93d740f305035b42ac22c5,obs_2b1c4b4fddba864cb9f9f25f,derived_control,derived_control,shuffled_structure_control,seed_repeat_control,bsig_bb01a7c1d0ca9b191d52310d,bsig_53d374d66c9dffe0861a6d49,0.2862392796378659,True,,
obs_ee93d740f305035b42ac22c5,obs_65dfe5e65cb70d7cb499d482,derived_control,derived_control,shuffled_structure_control,seed_repeat_control,bsig_bb01a7c1d0ca9b191d52310d,bsig_53d374d66c9dffe0861a6d49,0.24033911727611199,True,,
obs_ee93d740f305035b42ac22c5,obs_f622bfcc3394ff0a255f9f83,derived_control,derived_control,shuffled_structure_control,seed_repeat_control,bsig_bb01a7c1d0ca9b191d52310d,bsig_53d374d66c9dffe0861a6d49,0.28124958459972027,True,,
obs_ee93d740f305035b42ac22c5,obs_57728f48826a986fe1ea83d9,derived_control,derived_control,shuffled_structure_control,seed_repeat_control,bsig_bb01a7c1d0ca9b191d52310d,bsig_53d374d66c9dffe0861a6d49,0.3035807053784887,True,,
obs_ee93d740f305035b42ac22c5,obs_c740a30388dc20122927f42a,derived_control,derived_control,shuffled_structure_control,seed_repeat_control,bsig_bb01a7c1d0ca9b191d52310d,bsig_53d374d66c9dffe0861a6d49,0.15793650793650793,True,,
obs_ee93d740f305035b42ac22c5,obs_04fbf535deaa3a11fe4345ca,derived_control,derived_control,shuffled_structure_control,seed_repeat_control,bsig_bb01a7c1d0ca9b191d52310d,bsig_53d374d66c9dffe0861a6d49,0.28889448091362263,True,,
obs_ee93d740f305035b42ac22c5,obs_d36d9fb3b1f089bbbf821e5c,derived_control,derived_control,shuffled_structure_control,parameter_matched_null_control,bsig_bb01a7c1d0ca9b191d52310d,bsig_f61a89a0172a79f5d96cd71c,0.6076404305209385,True,,
obs_ee93d740f305035b42ac22c5,obs_93659ee4b3b5fdadf510315f,derived_control,derived_control,shuffled_structure_control,parameter_matched_null_control,bsig_bb01a7c1d0ca9b191d52310d,bsig_f61a89a0172a79f5d96cd71c,0.6216552944665167,True,,
obs_ee93d740f305035b42ac22c5,obs_5a7521167226bbafcd5c6ba8,derived_control,derived_control,shuffled_structure_control,parameter_matched_null_control,bsig_bb01a7c1d0ca9b191d52310d,bsig_f61a89a0172a79f5d96cd71c,0.6425682411205192,True,,
obs_ee93d740f305035b42ac22c5,obs_9b1c5f0213d9d0fc1a3fff27,derived_control,derived_control,shuffled_structure_control,parameter_matched_null_control,bsig_bb01a7c1d0ca9b191d52310d,bsig_f61a89a0172a79f5d96cd71c,0.6553863335241474,True,,
obs_ee93d740f305035b42ac22c5,obs_062eb3c1dd90468a63227d7f,derived_control,derived_control,shuffled_structure_control,parameter_matched_null_control,bsig_bb01a7c1d0ca9b191d52310d,bsig_f61a89a0172a79f5d96cd71c,0.6057168692129606,True,,
obs_ee93d740f305035b42ac22c5,obs_e93f92e26db8b9c29005cc9e,derived_control,derived_control,shuffled_structure_control,parameter_matched_null_control,bsig_bb01a7c1d0ca9b191d52310d,bsig_f61a89a0172a79f5d96cd71c,0.6200151827050241,True,,
obs_590502ed80ee4f9526a00243,obs_c21d789f14a613fc6b0083e2,derived_control,target,shuffled_structure_control,target,bsig_bb01a7c1d0ca9b191d52310d,bsig_53d374d66c9dffe0861a6d49,0.3368349746453603,True,,
obs_590502ed80ee4f9526a00243,obs_afd8912a0e32fb71b5407b81,derived_control,frozen_control,shuffled_structure_control,periodic_diagonal_augmented_control,bsig_bb01a7c1d0ca9b191d52310d,bsig_c70af5951ff4d9712678a20b,0.3631206285485332,True,,
obs_590502ed80ee4f9526a00243,obs_ed1f0ceddbbf708b259ea1a6,derived_control,target,shuffled_structure_control,target,bsig_bb01a7c1d0ca9b191d52310d,bsig_53d374d66c9dffe0861a6d49,0.22753267303968924,True,,
obs_590502ed80ee4f9526a00243,obs_46ade388243f3a4581ba4489,derived_control,frozen_control,shuffled_structure_control,periodic_diagonal_augmented_control,bsig_bb01a7c1d0ca9b191d52310d,bsig_c70af5951ff4d9712678a20b,0.2929220521135921,True,,
obs_590502ed80ee4f9526a00243,obs_8de73c59341ac382087fba03,derived_control,target,shuffled_structure_control,target,bsig_bb01a7c1d0ca9b191d52310d,bsig_53d374d66c9dffe0861a6d49,0.33722708705674126,True,,
obs_590502ed80ee4f9526a00243,obs_4b958084812d6435763f9a05,derived_control,frozen_control,shuffled_structure_control,periodic_diagonal_augmented_control,bsig_bb01a7c1d0ca9b191d52310d,bsig_1364358a857deba241e04538,0.4128680951048767,True,,
obs_590502ed80ee4f9526a00243,obs_ea0aca853f3046642f451b7d,derived_control,target,shuffled_structure_control,target,bsig_bb01a7c1d0ca9b191d52310d,bsig_53d374d66c9dffe0861a6d49,0.2478059780377651,True,,
obs_590502ed80ee4f9526a00243,obs_1163ec91dc845e4ed94d462a,derived_control,frozen_control,shuffled_structure_control,periodic_diagonal_augmented_control,bsig_bb01a7c1d0ca9b191d52310d,bsig_1364358a857deba241e04538,0.3006018979158412,True,,
obs_590502ed80ee4f9526a00243,obs_d6eeaa59b08b0f1c4897f8db,derived_control,target,shuffled_structure_control,target,bsig_bb01a7c1d0ca9b191d52310d,bsig_53d374d66c9dffe0861a6d49,0.27980357182271354,True,,
obs_590502ed80ee4f9526a00243,obs_86701919f4db014d1d236f54,derived_control,frozen_control,shuffled_structure_control,periodic_diagonal_augmented_control,bsig_bb01a7c1d0ca9b191d52310d,bsig_53d374d66c9dffe0861a6d49,0.38051241699570265,True,,
obs_590502ed80ee4f9526a00243,obs_8c347ec96417e5677cdb8ad0,derived_control,target,shuffled_structure_control,target,bsig_bb01a7c1d0ca9b191d52310d,bsig_53d374d66c9dffe0861a6d49,0.16702741702741702,True,,
obs_590502ed80ee4f9526a00243,obs_624a249c44d428f10aa73463,derived_control,frozen_control,shuffled_structure_control,periodic_diagonal_augmented_control,bsig_bb01a7c1d0ca9b191d52310d,bsig_53d374d66c9dffe0861a6d49,0.2593567757962363,True,,
obs_590502ed80ee4f9526a00243,obs_e43b79a2ef68469ae989ae1e,derived_control,derived_control,shuffled_structure_control,shuffled_structure_control,bsig_bb01a7c1d0ca9b191d52310d,bsig_bb01a7c1d0ca9b191d52310d,0.17889846670885232,True,,
obs_590502ed80ee4f9526a00243,obs_c887eb3bf0ab4011d4084e3a,derived_control,derived_control,shuffled_structure_control,shuffled_structure_control,bsig_bb01a7c1d0ca9b191d52310d,bsig_bb01a7c1d0ca9b191d52310d,0.06050525601227224,True,,
obs_590502ed80ee4f9526a00243,obs_57e35110e54898bdbe032c98,derived_control,derived_control,shuffled_structure_control,shuffled_structure_control,bsig_bb01a7c1d0ca9b191d52310d,bsig_bb01a7c1d0ca9b191d52310d,0.1741679239975782,True,,
obs_590502ed80ee4f9526a00243,obs_2d439625692f7d83d54dd8c5,derived_control,derived_control,shuffled_structure_control,shuffled_structure_control,bsig_bb01a7c1d0ca9b191d52310d,bsig_bb01a7c1d0ca9b191d52310d,0.08077856101034808,True,,
obs_590502ed80ee4f9526a00243,obs_ee93d740f305035b42ac22c5,derived_control,derived_control,shuffled_structure_control,shuffled_structure_control,bsig_bb01a7c1d0ca9b191d52310d,bsig_bb01a7c1d0ca9b191d52310d,0.1218670638862056,True,,
obs_590502ed80ee4f9526a00243,obs_590502ed80ee4f9526a00243,derived_control,derived_control,shuffled_structure_control,shuffled_structure_control,bsig_bb01a7c1d0ca9b191d52310d,bsig_bb01a7c1d0ca9b191d52310d,0.0,True,,
obs_590502ed80ee4f9526a00243,obs_cd8cd88cb9618af0705bbf06,derived_control,derived_control,shuffled_structure_control,randomized_edge_control,bsig_bb01a7c1d0ca9b191d52310d,bsig_3b1c1a5f56bb03b20611587b,0.36775128056166617,True,,
obs_590502ed80ee4f9526a00243,obs_448f4e11eb5a27dd4f60b644,derived_control,derived_control,shuffled_structure_control,randomized_edge_control,bsig_bb01a7c1d0ca9b191d52310d,bsig_3b1c1a5f56bb03b20611587b,0.24935806986508607,True,,
obs_590502ed80ee4f9526a00243,obs_fa7bd1db2d6a1d5f66733a16,derived_control,derived_control,shuffled_structure_control,randomized_edge_control,bsig_bb01a7c1d0ca9b191d52310d,bsig_3b1c1a5f56bb03b20611587b,0.363020737850392,True,,
obs_590502ed80ee4f9526a00243,obs_3f3cbf5fee77e89478120a3b,derived_control,derived_control,shuffled_structure_control,randomized_edge_control,bsig_bb01a7c1d0ca9b191d52310d,bsig_3b1c1a5f56bb03b20611587b,0.2696313748631619,True,,
obs_590502ed80ee4f9526a00243,obs_ddbc298f7c4df1aede53d5d6,derived_control,derived_control,shuffled_structure_control,randomized_edge_control,bsig_bb01a7c1d0ca9b191d52310d,bsig_3b1c1a5f56bb03b20611587b,0.31071987773901943,True,,
obs_590502ed80ee4f9526a00243,obs_3f2760e857afefe81bf772fe,derived_control,derived_control,shuffled_structure_control,randomized_edge_control,bsig_bb01a7c1d0ca9b191d52310d,bsig_3b1c1a5f56bb03b20611587b,0.18885281385281383,True,,
obs_590502ed80ee4f9526a00243,obs_1aa1fc186c905e7ffa16d2d4,derived_control,derived_control,shuffled_structure_control,degraded_signal_control,bsig_bb01a7c1d0ca9b191d52310d,bsig_8527b27b7d47cca4b9594df9,0.4199130926937481,True,,
obs_590502ed80ee4f9526a00243,obs_e9c8066d01dd67e1f9d375ef,derived_control,derived_control,shuffled_structure_control,degraded_signal_control,bsig_bb01a7c1d0ca9b191d52310d,bsig_1095c101d561009a130e1133,0.3370882803558676,True,,
obs_590502ed80ee4f9526a00243,obs_aabd161899dc613ecf88b1d9,derived_control,derived_control,shuffled_structure_control,degraded_signal_control,bsig_bb01a7c1d0ca9b191d52310d,bsig_5fc2cc8106fba2b64bc8c905,0.4276767466523187,True,,
obs_590502ed80ee4f9526a00243,obs_322c862d474a379bd8df7674,derived_control,derived_control,shuffled_structure_control,degraded_signal_control,bsig_bb01a7c1d0ca9b191d52310d,bsig_1095c101d561009a130e1133,0.3583995454488189,True,,
obs_590502ed80ee4f9526a00243,obs_4ef6a9c1a3b2d0659064e20b,derived_control,derived_control,shuffled_structure_control,degraded_signal_control,bsig_bb01a7c1d0ca9b191d52310d,bsig_8527b27b7d47cca4b9594df9,0.35140234455257063,True,,
obs_590502ed80ee4f9526a00243,obs_7d8b6ee929f2a0a0cf7af8f5,derived_control,derived_control,shuffled_structure_control,degraded_signal_control,bsig_bb01a7c1d0ca9b191d52310d,bsig_1095c101d561009a130e1133,0.2821202188904036,True,,
obs_590502ed80ee4f9526a00243,obs_b41d2dded4b9ccd5ecd128d5,derived_control,derived_control,shuffled_structure_control,label_permutation_control,bsig_bb01a7c1d0ca9b191d52310d,bsig_8e7a52f1a727043c61e5d5c2,0.3957788085891942,True,,
obs_590502ed80ee4f9526a00243,obs_a3582497f15ead2a2fc1280f,derived_control,derived_control,shuffled_structure_control,label_permutation_control,bsig_bb01a7c1d0ca9b191d52310d,bsig_8e7a52f1a727043c61e5d5c2,0.2773855978926141,True,,
obs_590502ed80ee4f9526a00243,obs_f855844ba74f991c9ab0ba6d,derived_control,derived_control,shuffled_structure_control,label_permutation_control,bsig_bb01a7c1d0ca9b191d52310d,bsig_8e7a52f1a727043c61e5d5c2,0.3910482658779201,True,,
obs_590502ed80ee4f9526a00243,obs_20877377330b5094380e86df,derived_control,derived_control,shuffled_structure_control,label_permutation_control,bsig_bb01a7c1d0ca9b191d52310d,bsig_8e7a52f1a727043c61e5d5c2,0.29765890289068997,True,,
obs_590502ed80ee4f9526a00243,obs_8d92e32fec459dd0746ec799,derived_control,derived_control,shuffled_structure_control,label_permutation_control,bsig_bb01a7c1d0ca9b191d52310d,bsig_8e7a52f1a727043c61e5d5c2,0.3387474057665475,True,,
obs_590502ed80ee4f9526a00243,obs_11180e544727ce850ebf3a6a,derived_control,derived_control,shuffled_structure_control,label_permutation_control,bsig_bb01a7c1d0ca9b191d52310d,bsig_8e7a52f1a727043c61e5d5c2,0.21688034188034186,True,,
obs_590502ed80ee4f9526a00243,obs_979ad629051487c82499339e,derived_control,derived_control,shuffled_structure_control,generic_graph_operator_control,bsig_bb01a7c1d0ca9b191d52310d,bsig_793bb0a29a9abfe233b6d670,0.5293614296718152,True,,
obs_590502ed80ee4f9526a00243,obs_2c0e6630085a94e0f0b4dd07,derived_control,derived_control,shuffled_structure_control,generic_graph_operator_control,bsig_bb01a7c1d0ca9b191d52310d,bsig_793bb0a29a9abfe233b6d670,0.41096821897523517,True,,
obs_590502ed80ee4f9526a00243,obs_0033e7ce631563262f7b0bbe,derived_control,derived_control,shuffled_structure_control,generic_graph_operator_control,bsig_bb01a7c1d0ca9b191d52310d,bsig_793bb0a29a9abfe233b6d670,0.48927735160700575,True,,
obs_590502ed80ee4f9526a00243,obs_118430be7d682f480e3902ea,derived_control,derived_control,shuffled_structure_control,generic_graph_operator_control,bsig_bb01a7c1d0ca9b191d52310d,bsig_793bb0a29a9abfe233b6d670,0.39588798861977564,True,,
obs_590502ed80ee4f9526a00243,obs_8f4c211fcf3841317e300fd0,derived_control,derived_control,shuffled_structure_control,generic_graph_operator_control,bsig_bb01a7c1d0ca9b191d52310d,bsig_793bb0a29a9abfe233b6d670,0.4723300268491685,True,,
obs_590502ed80ee4f9526a00243,obs_ae30906415b62baef858fb35,derived_control,derived_control,shuffled_structure_control,generic_graph_operator_control,bsig_bb01a7c1d0ca9b191d52310d,bsig_793bb0a29a9abfe233b6d670,0.3504629629629629,True,,
obs_590502ed80ee4f9526a00243,obs_2b1c4b4fddba864cb9f9f25f,derived_control,derived_control,shuffled_structure_control,seed_repeat_control,bsig_bb01a7c1d0ca9b191d52310d,bsig_53d374d66c9dffe0861a6d49,0.3368349746453603,True,,
obs_590502ed80ee4f9526a00243,obs_65dfe5e65cb70d7cb499d482,derived_control,derived_control,shuffled_structure_control,seed_repeat_control,bsig_bb01a7c1d0ca9b191d52310d,bsig_53d374d66c9dffe0861a6d49,0.22753267303968924,True,,
obs_590502ed80ee4f9526a00243,obs_f622bfcc3394ff0a255f9f83,derived_control,derived_control,shuffled_structure_control,seed_repeat_control,bsig_bb01a7c1d0ca9b191d52310d,bsig_53d374d66c9dffe0861a6d49,0.33722708705674126,True,,
obs_590502ed80ee4f9526a00243,obs_57728f48826a986fe1ea83d9,derived_control,derived_control,shuffled_structure_control,seed_repeat_control,bsig_bb01a7c1d0ca9b191d52310d,bsig_53d374d66c9dffe0861a6d49,0.2478059780377651,True,,
obs_590502ed80ee4f9526a00243,obs_c740a30388dc20122927f42a,derived_control,derived_control,shuffled_structure_control,seed_repeat_control,bsig_bb01a7c1d0ca9b191d52310d,bsig_53d374d66c9dffe0861a6d49,0.27980357182271354,True,,
obs_590502ed80ee4f9526a00243,obs_04fbf535deaa3a11fe4345ca,derived_control,derived_control,shuffled_structure_control,seed_repeat_control,bsig_bb01a7c1d0ca9b191d52310d,bsig_53d374d66c9dffe0861a6d49,0.16702741702741702,True,,
obs_590502ed80ee4f9526a00243,obs_d36d9fb3b1f089bbbf821e5c,derived_control,derived_control,shuffled_structure_control,parameter_matched_null_control,bsig_bb01a7c1d0ca9b191d52310d,bsig_f61a89a0172a79f5d96cd71c,0.621938744013002,True,,
obs_590502ed80ee4f9526a00243,obs_93659ee4b3b5fdadf510315f,derived_control,derived_control,shuffled_structure_control,parameter_matched_null_control,bsig_bb01a7c1d0ca9b191d52310d,bsig_f61a89a0172a79f5d96cd71c,0.6073569809744532,True,,
obs_590502ed80ee4f9526a00243,obs_5a7521167226bbafcd5c6ba8,derived_control,derived_control,shuffled_structure_control,parameter_matched_null_control,bsig_bb01a7c1d0ca9b191d52310d,bsig_f61a89a0172a79f5d96cd71c,0.6554808119821973,True,,
obs_590502ed80ee4f9526a00243,obs_9b1c5f0213d9d0fc1a3fff27,derived_control,derived_control,shuffled_structure_control,parameter_matched_null_control,bsig_bb01a7c1d0ca9b191d52310d,bsig_f61a89a0172a79f5d96cd71c,0.6410880200320839,True,,
obs_590502ed80ee4f9526a00243,obs_062eb3c1dd90468a63227d7f,derived_control,derived_control,shuffled_structure_control,parameter_matched_null_control,bsig_bb01a7c1d0ca9b191d52310d,bsig_f61a89a0172a79f5d96cd71c,0.6200151827050241,True,,
obs_590502ed80ee4f9526a00243,obs_e93f92e26db8b9c29005cc9e,derived_control,derived_control,shuffled_structure_control,parameter_matched_null_control,bsig_bb01a7c1d0ca9b191d52310d,bsig_f61a89a0172a79f5d96cd71c,0.6057168692129606,True,,
obs_cd8cd88cb9618af0705bbf06,obs_c21d789f14a613fc6b0083e2,derived_control,target,randomized_edge_control,target,bsig_3b1c1a5f56bb03b20611587b,bsig_53d374d66c9dffe0861a6d49,0.17182539682539683,True,,
obs_cd8cd88cb9618af0705bbf06,obs_afd8912a0e32fb71b5407b81,derived_control,frozen_control,randomized_edge_control,periodic_diagonal_augmented_control,bsig_3b1c1a5f56bb03b20611587b,bsig_c70af5951ff4d9712678a20b,0.3206511195136675,True,,
obs_cd8cd88cb9618af0705bbf06,obs_ed1f0ceddbbf708b259ea1a6,derived_control,target,randomized_edge_control,target,bsig_3b1c1a5f56bb03b20611587b,bsig_53d374d66c9dffe0861a6d49,0.33316093019838355,True,,
obs_cd8cd88cb9618af0705bbf06,obs_46ade388243f3a4581ba4489,derived_control,frozen_control,randomized_edge_control,periodic_diagonal_augmented_control,bsig_3b1c1a5f56bb03b20611587b,bsig_c70af5951ff4d9712678a20b,0.3619480977259164,True,,
obs_cd8cd88cb9618af0705bbf06,obs_8de73c59341ac382087fba03,derived_control,target,randomized_edge_control,target,bsig_3b1c1a5f56bb03b20611587b,bsig_53d374d66c9dffe0861a6d49,0.2885850986414564,True,,
obs_cd8cd88cb9618af0705bbf06,obs_4b958084812d6435763f9a05,derived_control,frozen_control,randomized_edge_control,periodic_diagonal_augmented_control,bsig_3b1c1a5f56bb03b20611587b,bsig_1364358a857deba241e04538,0.3937107395309348,True,,
obs_cd8cd88cb9618af0705bbf06,obs_ea0aca853f3046642f451b7d,derived_control,target,randomized_edge_control,target,bsig_3b1c1a5f56bb03b20611587b,bsig_53d374d66c9dffe0861a6d49,0.38106877741033884,True,,
obs_cd8cd88cb9618af0705bbf06,obs_1163ec91dc845e4ed94d462a,derived_control,frozen_control,randomized_edge_control,periodic_diagonal_augmented_control,bsig_3b1c1a5f56bb03b20611587b,bsig_1364358a857deba241e04538,0.40348507855123705,True,,
obs_cd8cd88cb9618af0705bbf06,obs_d6eeaa59b08b0f1c4897f8db,derived_control,target,randomized_edge_control,target,bsig_3b1c1a5f56bb03b20611587b,bsig_53d374d66c9dffe0861a6d49,0.3001281685267547,True,,
obs_cd8cd88cb9618af0705bbf06,obs_86701919f4db014d1d236f54,derived_control,frozen_control,randomized_edge_control,periodic_diagonal_augmented_control,bsig_3b1c1a5f56bb03b20611587b,bsig_53d374d66c9dffe0861a6d49,0.30227546865513294,True,,
obs_cd8cd88cb9618af0705bbf06,obs_8c347ec96417e5677cdb8ad0,derived_control,target,randomized_edge_control,target,bsig_3b1c1a5f56bb03b20611587b,bsig_53d374d66c9dffe0861a6d49,0.3518782646886503,True,,
obs_cd8cd88cb9618af0705bbf06,obs_624a249c44d428f10aa73463,derived_control,frozen_control,randomized_edge_control,periodic_diagonal_augmented_control,bsig_3b1c1a5f56bb03b20611587b,bsig_53d374d66c9dffe0861a6d49,0.38159728740657667,True,,
obs_cd8cd88cb9618af0705bbf06,obs_e43b79a2ef68469ae989ae1e,derived_control,derived_control,randomized_edge_control,shuffled_structure_control,bsig_3b1c1a5f56bb03b20611587b,bsig_bb01a7c1d0ca9b191d52310d,0.18885281385281383,True,,
obs_cd8cd88cb9618af0705bbf06,obs_c887eb3bf0ab4011d4084e3a,derived_control,derived_control,randomized_edge_control,shuffled_structure_control,bsig_3b1c1a5f56bb03b20611587b,bsig_bb01a7c1d0ca9b191d52310d,0.3490339460713994,True,,
obs_cd8cd88cb9618af0705bbf06,obs_57e35110e54898bdbe032c98,derived_control,derived_control,randomized_edge_control,shuffled_structure_control,bsig_3b1c1a5f56bb03b20611587b,bsig_bb01a7c1d0ca9b191d52310d,0.2925533526097103,True,,
obs_cd8cd88cb9618af0705bbf06,obs_2d439625692f7d83d54dd8c5,derived_control,derived_control,randomized_edge_control,shuffled_structure_control,bsig_3b1c1a5f56bb03b20611587b,bsig_bb01a7c1d0ca9b191d52310d,0.3969417932833547,True,,
obs_cd8cd88cb9618af0705bbf06,obs_ee93d740f305035b42ac22c5,derived_control,derived_control,randomized_edge_control,shuffled_structure_control,bsig_3b1c1a5f56bb03b20611587b,bsig_bb01a7c1d0ca9b191d52310d,0.3171555855541718,True,,
obs_cd8cd88cb9618af0705bbf06,obs_590502ed80ee4f9526a00243,derived_control,derived_control,randomized_edge_control,shuffled_structure_control,bsig_3b1c1a5f56bb03b20611587b,bsig_bb01a7c1d0ca9b191d52310d,0.36775128056166617,True,,
obs_cd8cd88cb9618af0705bbf06,obs_cd8cd88cb9618af0705bbf06,derived_control,derived_control,randomized_edge_control,randomized_edge_control,bsig_3b1c1a5f56bb03b20611587b,bsig_3b1c1a5f56bb03b20611587b,0.0,True,,
obs_cd8cd88cb9618af0705bbf06,obs_448f4e11eb5a27dd4f60b644,derived_control,derived_control,randomized_edge_control,randomized_edge_control,bsig_3b1c1a5f56bb03b20611587b,bsig_3b1c1a5f56bb03b20611587b,0.1601811322185856,True,,
obs_cd8cd88cb9618af0705bbf06,obs_fa7bd1db2d6a1d5f66733a16,derived_control,derived_control,randomized_edge_control,randomized_edge_control,bsig_3b1c1a5f56bb03b20611587b,bsig_3b1c1a5f56bb03b20611587b,0.10370053875689647,True,,
obs_cd8cd88cb9618af0705bbf06,obs_3f3cbf5fee77e89478120a3b,derived_control,derived_control,randomized_edge_control,randomized_edge_control,bsig_3b1c1a5f56bb03b20611587b,bsig_3b1c1a5f56bb03b20611587b,0.2080889794305409,True,,
obs_cd8cd88cb9618af0705bbf06,obs_ddbc298f7c4df1aede53d5d6,derived_control,derived_control,randomized_edge_control,randomized_edge_control,bsig_3b1c1a5f56bb03b20611587b,bsig_3b1c1a5f56bb03b20611587b,0.12830277170135795,True,,
obs_cd8cd88cb9618af0705bbf06,obs_3f2760e857afefe81bf772fe,derived_control,derived_control,randomized_edge_control,randomized_edge_control,bsig_3b1c1a5f56bb03b20611587b,bsig_3b1c1a5f56bb03b20611587b,0.17889846670885232,True,,
obs_cd8cd88cb9618af0705bbf06,obs_1aa1fc186c905e7ffa16d2d4,derived_control,derived_control,randomized_edge_control,degraded_signal_control,bsig_3b1c1a5f56bb03b20611587b,bsig_8527b27b7d47cca4b9594df9,0.30003248314882935,True,,
obs_cd8cd88cb9618af0705bbf06,obs_e9c8066d01dd67e1f9d375ef,derived_control,derived_control,randomized_edge_control,degraded_signal_control,bsig_3b1c1a5f56bb03b20611587b,bsig_1095c101d561009a130e1133,0.3548099253889524,True,,
obs_cd8cd88cb9618af0705bbf06,obs_aabd161899dc613ecf88b1d9,derived_control,derived_control,randomized_edge_control,degraded_signal_control,bsig_3b1c1a5f56bb03b20611587b,bsig_5fc2cc8106fba2b64bc8c905,0.30737829291525326,True,,
obs_cd8cd88cb9618af0705bbf06,obs_322c862d474a379bd8df7674,derived_control,derived_control,randomized_edge_control,degraded_signal_control,bsig_3b1c1a5f56bb03b20611587b,bsig_1095c101d561009a130e1133,0.39300310721681697,True,,
obs_cd8cd88cb9618af0705bbf06,obs_4ef6a9c1a3b2d0659064e20b,derived_control,derived_control,randomized_edge_control,degraded_signal_control,bsig_3b1c1a5f56bb03b20611587b,bsig_8527b27b7d47cca4b9594df9,0.3257211963279297,True,,
obs_cd8cd88cb9618af0705bbf06,obs_7d8b6ee929f2a0a0cf7af8f5,derived_control,derived_control,randomized_edge_control,degraded_signal_control,bsig_3b1c1a5f56bb03b20611587b,bsig_1095c101d561009a130e1133,0.3592162711257136,True,,
obs_cd8cd88cb9618af0705bbf06,obs_b41d2dded4b9ccd5ecd128d5,derived_control,derived_control,randomized_edge_control,label_permutation_control,bsig_3b1c1a5f56bb03b20611587b,bsig_8e7a52f1a727043c61e5d5c2,0.21688034188034186,True,,
obs_cd8cd88cb9618af0705bbf06,obs_a3582497f15ead2a2fc1280f,derived_control,derived_control,randomized_edge_control,label_permutation_control,bsig_3b1c1a5f56bb03b20611587b,bsig_8e7a52f1a727043c61e5d5c2,0.37706147409892743,True,,
obs_cd8cd88cb9618af0705bbf06,obs_f855844ba74f991c9ab0ba6d,derived_control,derived_control,randomized_edge_control,label_permutation_control,bsig_3b1c1a5f56bb03b20611587b,bsig_8e7a52f1a727043c61e5d5c2,0.32058088063723833,True,,
obs_cd8cd88cb9618af0705bbf06,obs_20877377330b5094380e86df,derived_control,derived_control,randomized_edge_control,label_permutation_control,bsig_3b1c1a5f56bb03b20611587b,bsig_8e7a52f1a727043c61e5d5c2,0.4249693213108828,True,,
obs_cd8cd88cb9618af0705bbf06,obs_8d92e32fec459dd0746ec799,derived_control,derived_control,randomized_edge_control,label_permutation_control,bsig_3b1c1a5f56bb03b20611587b,bsig_8e7a52f1a727043c61e5d5c2,0.3451831135816998,True,,
obs_cd8cd88cb9618af0705bbf06,obs_11180e544727ce850ebf3a6a,derived_control,derived_control,randomized_edge_control,label_permutation_control,bsig_3b1c1a5f56bb03b20611587b,bsig_8e7a52f1a727043c61e5d5c2,0.3957788085891942,True,,
obs_cd8cd88cb9618af0705bbf06,obs_979ad629051487c82499339e,derived_control,derived_control,randomized_edge_control,generic_graph_operator_control,bsig_3b1c1a5f56bb03b20611587b,bsig_793bb0a29a9abfe233b6d670,0.3504629629629629,True,,
obs_cd8cd88cb9618af0705bbf06,obs_2c0e6630085a94e0f0b4dd07,derived_control,derived_control,randomized_edge_control,generic_graph_operator_control,bsig_3b1c1a5f56bb03b20611587b,bsig_793bb0a29a9abfe233b6d670,0.5106440951815485,True,,
obs_cd8cd88cb9618af0705bbf06,obs_0033e7ce631563262f7b0bbe,derived_control,derived_control,randomized_edge_control,generic_graph_operator_control,bsig_3b1c1a5f56bb03b20611587b,bsig_793bb0a29a9abfe233b6d670,0.41880996636632406,True,,
obs_cd8cd88cb9618af0705bbf06,obs_118430be7d682f480e3902ea,derived_control,derived_control,randomized_edge_control,generic_graph_operator_control,bsig_3b1c1a5f56bb03b20611587b,bsig_793bb0a29a9abfe233b6d670,0.5231984070399684,True,,
obs_cd8cd88cb9618af0705bbf06,obs_8f4c211fcf3841317e300fd0,derived_control,derived_control,randomized_edge_control,generic_graph_operator_control,bsig_3b1c1a5f56bb03b20611587b,bsig_793bb0a29a9abfe233b6d670,0.4787657346643209,True,,
obs_cd8cd88cb9618af0705bbf06,obs_ae30906415b62baef858fb35,derived_control,derived_control,randomized_edge_control,generic_graph_operator_control,bsig_3b1c1a5f56bb03b20611587b,bsig_793bb0a29a9abfe233b6d670,0.5293614296718152,True,,
obs_cd8cd88cb9618af0705bbf06,obs_2b1c4b4fddba864cb9f9f25f,derived_control,derived_control,randomized_edge_control,seed_repeat_control,bsig_3b1c1a5f56bb03b20611587b,bsig_53d374d66c9dffe0861a6d49,0.17182539682539683,True,,
obs_cd8cd88cb9618af0705bbf06,obs_65dfe5e65cb70d7cb499d482,derived_control,derived_control,randomized_edge_control,seed_repeat_control,bsig_3b1c1a5f56bb03b20611587b,bsig_53d374d66c9dffe0861a6d49,0.33316093019838355,True,,
obs_cd8cd88cb9618af0705bbf06,obs_f622bfcc3394ff0a255f9f83,derived_control,derived_control,randomized_edge_control,seed_repeat_control,bsig_3b1c1a5f56bb03b20611587b,bsig_53d374d66c9dffe0861a6d49,0.2885850986414564,True,,
obs_cd8cd88cb9618af0705bbf06,obs_57728f48826a986fe1ea83d9,derived_control,derived_control,randomized_edge_control,seed_repeat_control,bsig_3b1c1a5f56bb03b20611587b,bsig_53d374d66c9dffe0861a6d49,0.38106877741033884,True,,
obs_cd8cd88cb9618af0705bbf06,obs_c740a30388dc20122927f42a,derived_control,derived_control,randomized_edge_control,seed_repeat_control,bsig_3b1c1a5f56bb03b20611587b,bsig_53d374d66c9dffe0861a6d49,0.3001281685267547,True,,
obs_cd8cd88cb9618af0705bbf06,obs_04fbf535deaa3a11fe4345ca,derived_control,derived_control,randomized_edge_control,seed_repeat_control,bsig_3b1c1a5f56bb03b20611587b,bsig_53d374d66c9dffe0861a6d49,0.3518782646886503,True,,
obs_cd8cd88cb9618af0705bbf06,obs_d36d9fb3b1f089bbbf821e5c,derived_control,derived_control,randomized_edge_control,parameter_matched_null_control,bsig_3b1c1a5f56bb03b20611587b,bsig_f61a89a0172a79f5d96cd71c,0.6057495906130023,True,,
obs_cd8cd88cb9618af0705bbf06,obs_93659ee4b3b5fdadf510315f,derived_control,derived_control,randomized_edge_control,parameter_matched_null_control,bsig_3b1c1a5f56bb03b20611587b,bsig_f61a89a0172a79f5d96cd71c,0.6235437516107347,True,,
obs_cd8cd88cb9618af0705bbf06,obs_5a7521167226bbafcd5c6ba8,derived_control,derived_control,randomized_edge_control,parameter_matched_null_control,bsig_3b1c1a5f56bb03b20611587b,bsig_f61a89a0172a79f5d96cd71c,0.6437334506800252,True,,
obs_cd8cd88cb9618af0705bbf06,obs_9b1c5f0213d9d0fc1a3fff27,derived_control,derived_control,randomized_edge_control,parameter_matched_null_control,bsig_3b1c1a5f56bb03b20611587b,bsig_f61a89a0172a79f5d96cd71c,0.6573073990927236,True,,
obs_cd8cd88cb9618af0705bbf06,obs_062eb3c1dd90468a63227d7f,derived_control,derived_control,randomized_edge_control,parameter_matched_null_control,bsig_3b1c1a5f56bb03b20611587b,bsig_f61a89a0172a79f5d96cd71c,0.6076731519209801,True,,
obs_cd8cd88cb9618af0705bbf06,obs_e93f92e26db8b9c29005cc9e,derived_control,derived_control,randomized_edge_control,parameter_matched_null_control,bsig_3b1c1a5f56bb03b20611587b,bsig_f61a89a0172a79f5d96cd71c,0.6219714654130436,True,,
obs_448f4e11eb5a27dd4f60b644,obs_c21d789f14a613fc6b0083e2,derived_control,target,randomized_edge_control,target,bsig_3b1c1a5f56bb03b20611587b,bsig_53d374d66c9dffe0861a6d49,0.3320065290439824,True,,
obs_448f4e11eb5a27dd4f60b644,obs_afd8912a0e32fb71b5407b81,derived_control,frozen_control,randomized_edge_control,periodic_diagonal_augmented_control,bsig_3b1c1a5f56bb03b20611587b,bsig_c70af5951ff4d9712678a20b,0.37480102704004203,True,,
obs_448f4e11eb5a27dd4f60b644,obs_ed1f0ceddbbf708b259ea1a6,derived_control,target,randomized_edge_control,target,bsig_3b1c1a5f56bb03b20611587b,bsig_53d374d66c9dffe0861a6d49,0.17297979797979796,True,,
obs_448f4e11eb5a27dd4f60b644,obs_46ade388243f3a4581ba4489,derived_control,frozen_control,randomized_edge_control,periodic_diagonal_augmented_control,bsig_3b1c1a5f56bb03b20611587b,bsig_c70af5951ff4d9712678a20b,0.26786713370237686,True,,
obs_448f4e11eb5a27dd4f60b644,obs_8de73c59341ac382087fba03,derived_control,target,randomized_edge_control,target,bsig_3b1c1a5f56bb03b20611587b,bsig_53d374d66c9dffe0861a6d49,0.33933745534987236,True,,
obs_448f4e11eb5a27dd4f60b644,obs_4b958084812d6435763f9a05,derived_control,frozen_control,randomized_edge_control,periodic_diagonal_augmented_control,bsig_3b1c1a5f56bb03b20611587b,bsig_1364358a857deba241e04538,0.44888662529297363,True,,
obs_448f4e11eb5a27dd4f60b644,obs_ea0aca853f3046642f451b7d,derived_control,target,randomized_edge_control,target,bsig_3b1c1a5f56bb03b20611587b,bsig_53d374d66c9dffe0861a6d49,0.24756375644734843,True,,
obs_448f4e11eb5a27dd4f60b644,obs_1163ec91dc845e4ed94d462a,derived_control,frozen_control,randomized_edge_control,periodic_diagonal_augmented_control,bsig_3b1c1a5f56bb03b20611587b,bsig_1364358a857deba241e04538,0.2511330236276027,True,,
obs_448f4e11eb5a27dd4f60b644,obs_d6eeaa59b08b0f1c4897f8db,derived_control,target,randomized_edge_control,target,bsig_3b1c1a5f56bb03b20611587b,bsig_53d374d66c9dffe0861a6d49,0.2451370970740918,True,,
obs_448f4e11eb5a27dd4f60b644,obs_86701919f4db014d1d236f54,derived_control,frozen_control,randomized_edge_control,periodic_diagonal_augmented_control,bsig_3b1c1a5f56bb03b20611587b,bsig_53d374d66c9dffe0861a6d49,0.39154382830927054,True,,
obs_448f4e11eb5a27dd4f60b644,obs_8c347ec96417e5677cdb8ad0,derived_control,target,randomized_edge_control,target,bsig_3b1c1a5f56bb03b20611587b,bsig_53d374d66c9dffe0861a6d49,0.2334850539920702,True,,
obs_448f4e11eb5a27dd4f60b644,obs_624a249c44d428f10aa73463,derived_control,frozen_control,randomized_edge_control,periodic_diagonal_augmented_control,bsig_3b1c1a5f56bb03b20611587b,bsig_53d374d66c9dffe0861a6d49,0.23578135282412482,True,,
obs_448f4e11eb5a27dd4f60b644,obs_e43b79a2ef68469ae989ae1e,derived_control,derived_control,randomized_edge_control,shuffled_structure_control,bsig_3b1c1a5f56bb03b20611587b,bsig_bb01a7c1d0ca9b191d52310d,0.3490339460713994,True,,
obs_448f4e11eb5a27dd4f60b644,obs_c887eb3bf0ab4011d4084e3a,derived_control,derived_control,randomized_edge_control,shuffled_structure_control,bsig_3b1c1a5f56bb03b20611587b,bsig_bb01a7c1d0ca9b191d52310d,0.18885281385281383,True,,
obs_448f4e11eb5a27dd4f60b644,obs_57e35110e54898bdbe032c98,derived_control,derived_control,randomized_edge_control,shuffled_structure_control,bsig_3b1c1a5f56bb03b20611587b,bsig_bb01a7c1d0ca9b191d52310d,0.3433057093181263,True,,
obs_448f4e11eb5a27dd4f60b644,obs_2d439625692f7d83d54dd8c5,derived_control,derived_control,randomized_edge_control,shuffled_structure_control,bsig_3b1c1a5f56bb03b20611587b,bsig_bb01a7c1d0ca9b191d52310d,0.26343677232036433,True,,
obs_448f4e11eb5a27dd4f60b644,obs_ee93d740f305035b42ac22c5,derived_control,derived_control,randomized_edge_control,shuffled_structure_control,bsig_3b1c1a5f56bb03b20611587b,bsig_bb01a7c1d0ca9b191d52310d,0.2621645141015088,True,,
obs_448f4e11eb5a27dd4f60b644,obs_590502ed80ee4f9526a00243,derived_control,derived_control,randomized_edge_control,shuffled_structure_control,bsig_3b1c1a5f56bb03b20611587b,bsig_bb01a7c1d0ca9b191d52310d,0.24935806986508607,True,,
obs_448f4e11eb5a27dd4f60b644,obs_cd8cd88cb9618af0705bbf06,derived_control,derived_control,randomized_edge_control,randomized_edge_control,bsig_3b1c1a5f56bb03b20611587b,bsig_3b1c1a5f56bb03b20611587b,0.1601811322185856,True,,
obs_448f4e11eb5a27dd4f60b644,obs_448f4e11eb5a27dd4f60b644,derived_control,derived_control,randomized_edge_control,randomized_edge_control,bsig_3b1c1a5f56bb03b20611587b,bsig_3b1c1a5f56bb03b20611587b,0.0,True,,
obs_448f4e11eb5a27dd4f60b644,obs_fa7bd1db2d6a1d5f66733a16,derived_control,derived_control,randomized_edge_control,randomized_edge_control,bsig_3b1c1a5f56bb03b20611587b,bsig_3b1c1a5f56bb03b20611587b,0.1544528954653125,True,,
obs_448f4e11eb5a27dd4f60b644,obs_3f3cbf5fee77e89478120a3b,derived_control,derived_control,randomized_edge_control,randomized_edge_control,bsig_3b1c1a5f56bb03b20611587b,bsig_3b1c1a5f56bb03b20611587b,0.07458395846755046,True,,
obs_448f4e11eb5a27dd4f60b644,obs_ddbc298f7c4df1aede53d5d6,derived_control,derived_control,randomized_edge_control,randomized_edge_control,bsig_3b1c1a5f56bb03b20611587b,bsig_3b1c1a5f56bb03b20611587b,0.07331170024869496,True,,
obs_448f4e11eb5a27dd4f60b644,obs_3f2760e857afefe81bf772fe,derived_control,derived_control,randomized_edge_control,randomized_edge_control,bsig_3b1c1a5f56bb03b20611587b,bsig_3b1c1a5f56bb03b20611587b,0.06050525601227224,True,,
obs_448f4e11eb5a27dd4f60b644,obs_1aa1fc186c905e7ffa16d2d4,derived_control,derived_control,randomized_edge_control,degraded_signal_control,bsig_3b1c1a5f56bb03b20611587b,bsig_8527b27b7d47cca4b9594df9,0.4308346245789394,True,,
obs_448f4e11eb5a27dd4f60b644,obs_e9c8066d01dd67e1f9d375ef,derived_control,derived_control,randomized_edge_control,degraded_signal_control,bsig_3b1c1a5f56bb03b20611587b,bsig_1095c101d561009a130e1133,0.3003932335095797,True,,
obs_448f4e11eb5a27dd4f60b644,obs_aabd161899dc613ecf88b1d9,derived_control,derived_control,randomized_edge_control,degraded_signal_control,bsig_3b1c1a5f56bb03b20611587b,bsig_5fc2cc8106fba2b64bc8c905,0.41171259305400715,True,,
obs_448f4e11eb5a27dd4f60b644,obs_322c862d474a379bd8df7674,derived_control,derived_control,randomized_edge_control,degraded_signal_control,bsig_3b1c1a5f56bb03b20611587b,bsig_1095c101d561009a130e1133,0.3646639073967692,True,,
obs_448f4e11eb5a27dd4f60b644,obs_4ef6a9c1a3b2d0659064e20b,derived_control,derived_control,randomized_edge_control,degraded_signal_control,bsig_3b1c1a5f56bb03b20611587b,bsig_8527b27b7d47cca4b9594df9,0.33197128962774186,True,,
obs_448f4e11eb5a27dd4f60b644,obs_7d8b6ee929f2a0a0cf7af8f5,derived_control,derived_control,randomized_edge_control,degraded_signal_control,bsig_3b1c1a5f56bb03b20611587b,bsig_1095c101d561009a130e1133,0.34598378291428794,True,,
obs_448f4e11eb5a27dd4f60b644,obs_b41d2dded4b9ccd5ecd128d5,derived_control,derived_control,randomized_edge_control,label_permutation_control,bsig_3b1c1a5f56bb03b20611587b,bsig_8e7a52f1a727043c61e5d5c2,0.37706147409892743,True,,
obs_448f4e11eb5a27dd4f60b644,obs_a3582497f15ead2a2fc1280f,derived_control,derived_control,randomized_edge_control,label_permutation_control,bsig_3b1c1a5f56bb03b20611587b,bsig_8e7a52f1a727043c61e5d5c2,0.21688034188034186,True,,
obs_448f4e11eb5a27dd4f60b644,obs_f855844ba74f991c9ab0ba6d,derived_control,derived_control,randomized_edge_control,label_permutation_control,bsig_3b1c1a5f56bb03b20611587b,bsig_8e7a52f1a727043c61e5d5c2,0.3713332373456544,True,,
obs_448f4e11eb5a27dd4f60b644,obs_20877377330b5094380e86df,derived_control,derived_control,randomized_edge_control,label_permutation_control,bsig_3b1c1a5f56bb03b20611587b,bsig_8e7a52f1a727043c61e5d5c2,0.29146430034789234,True,,
obs_448f4e11eb5a27dd4f60b644,obs_8d92e32fec459dd0746ec799,derived_control,derived_control,randomized_edge_control,label_permutation_control,bsig_3b1c1a5f56bb03b20611587b,bsig_8e7a52f1a727043c61e5d5c2,0.2901920421290368,True,,
obs_448f4e11eb5a27dd4f60b644,obs_11180e544727ce850ebf3a6a,derived_control,derived_control,randomized_edge_control,label_permutation_control,bsig_3b1c1a5f56bb03b20611587b,bsig_8e7a52f1a727043c61e5d5c2,0.2773855978926141,True,,
obs_448f4e11eb5a27dd4f60b644,obs_979ad629051487c82499339e,derived_control,derived_control,randomized_edge_control,generic_graph_operator_control,bsig_3b1c1a5f56bb03b20611587b,bsig_793bb0a29a9abfe233b6d670,0.5106440951815485,True,,
obs_448f4e11eb5a27dd4f60b644,obs_2c0e6630085a94e0f0b4dd07,derived_control,derived_control,randomized_edge_control,generic_graph_operator_control,bsig_3b1c1a5f56bb03b20611587b,bsig_793bb0a29a9abfe233b6d670,0.3504629629629629,True,,
obs_448f4e11eb5a27dd4f60b644,obs_0033e7ce631563262f7b0bbe,derived_control,derived_control,randomized_edge_control,generic_graph_operator_control,bsig_3b1c1a5f56bb03b20611587b,bsig_793bb0a29a9abfe233b6d670,0.46956232307474005,True,,
obs_448f4e11eb5a27dd4f60b644,obs_118430be7d682f480e3902ea,derived_control,derived_control,randomized_edge_control,generic_graph_operator_control,bsig_3b1c1a5f56bb03b20611587b,bsig_793bb0a29a9abfe233b6d670,0.38969338607697807,True,,
obs_448f4e11eb5a27dd4f60b644,obs_8f4c211fcf3841317e300fd0,derived_control,derived_control,randomized_edge_control,generic_graph_operator_control,bsig_3b1c1a5f56bb03b20611587b,bsig_793bb0a29a9abfe233b6d670,0.42377466321165785,True,,
obs_448f4e11eb5a27dd4f60b644,obs_ae30906415b62baef858fb35,derived_control,derived_control,randomized_edge_control,generic_graph_operator_control,bsig_3b1c1a5f56bb03b20611587b,bsig_793bb0a29a9abfe233b6d670,0.41096821897523517,True,,
obs_448f4e11eb5a27dd4f60b644,obs_2b1c4b4fddba864cb9f9f25f,derived_control,derived_control,randomized_edge_control,seed_repeat_control,bsig_3b1c1a5f56bb03b20611587b,bsig_53d374d66c9dffe0861a6d49,0.3320065290439824,True,,
obs_448f4e11eb5a27dd4f60b644,obs_65dfe5e65cb70d7cb499d482,derived_control,derived_control,randomized_edge_control,seed_repeat_control,bsig_3b1c1a5f56bb03b20611587b,bsig_53d374d66c9dffe0861a6d49,0.17297979797979796,True,,
obs_448f4e11eb5a27dd4f60b644,obs_f622bfcc3394ff0a255f9f83,derived_control,derived_control,randomized_edge_control,seed_repeat_control,bsig_3b1c1a5f56bb03b20611587b,bsig_53d374d66c9dffe0861a6d49,0.33933745534987236,True,,
obs_448f4e11eb5a27dd4f60b644,obs_57728f48826a986fe1ea83d9,derived_control,derived_control,randomized_edge_control,seed_repeat_control,bsig_3b1c1a5f56bb03b20611587b,bsig_53d374d66c9dffe0861a6d49,0.24756375644734843,True,,
obs_448f4e11eb5a27dd4f60b644,obs_c740a30388dc20122927f42a,derived_control,derived_control,randomized_edge_control,seed_repeat_control,bsig_3b1c1a5f56bb03b20611587b,bsig_53d374d66c9dffe0861a6d49,0.2451370970740918,True,,
obs_448f4e11eb5a27dd4f60b644,obs_04fbf535deaa3a11fe4345ca,derived_control,derived_control,randomized_edge_control,seed_repeat_control,bsig_3b1c1a5f56bb03b20611587b,bsig_53d374d66c9dffe0861a6d49,0.2334850539920702,True,,
obs_448f4e11eb5a27dd4f60b644,obs_d36d9fb3b1f089bbbf821e5c,derived_control,derived_control,randomized_edge_control,parameter_matched_null_control,bsig_3b1c1a5f56bb03b20611587b,bsig_f61a89a0172a79f5d96cd71c,0.6235437516107347,True,,
obs_448f4e11eb5a27dd4f60b644,obs_93659ee4b3b5fdadf510315f,derived_control,derived_control,randomized_edge_control,parameter_matched_null_control,bsig_3b1c1a5f56bb03b20611587b,bsig_f61a89a0172a79f5d96cd71c,0.6057495906130023,True,,
obs_448f4e11eb5a27dd4f60b644,obs_5a7521167226bbafcd5c6ba8,derived_control,derived_control,randomized_edge_control,parameter_matched_null_control,bsig_3b1c1a5f56bb03b20611587b,bsig_f61a89a0172a79f5d96cd71c,0.656551534580252,True,,
obs_448f4e11eb5a27dd4f60b644,obs_9b1c5f0213d9d0fc1a3fff27,derived_control,derived_control,randomized_edge_control,parameter_matched_null_control,bsig_3b1c1a5f56bb03b20611587b,bsig_f61a89a0172a79f5d96cd71c,0.6427256360541749,True,,
obs_448f4e11eb5a27dd4f60b644,obs_062eb3c1dd90468a63227d7f,derived_control,derived_control,randomized_edge_control,parameter_matched_null_control,bsig_3b1c1a5f56bb03b20611587b,bsig_f61a89a0172a79f5d96cd71c,0.6216880158665583,True,,
obs_448f4e11eb5a27dd4f60b644,obs_e93f92e26db8b9c29005cc9e,derived_control,derived_control,randomized_edge_control,parameter_matched_null_control,bsig_3b1c1a5f56bb03b20611587b,bsig_f61a89a0172a79f5d96cd71c,0.6073897023744949,True,,
obs_fa7bd1db2d6a1d5f66733a16,obs_c21d789f14a613fc6b0083e2,derived_control,target,randomized_edge_control,target,bsig_3b1c1a5f56bb03b20611587b,bsig_53d374d66c9dffe0861a6d49,0.27552593558229327,True,,
obs_fa7bd1db2d6a1d5f66733a16,obs_afd8912a0e32fb71b5407b81,derived_control,frozen_control,randomized_edge_control,periodic_diagonal_augmented_control,bsig_3b1c1a5f56bb03b20611587b,bsig_c70af5951ff4d9712678a20b,0.36434313887050784,True,,
obs_fa7bd1db2d6a1d5f66733a16,obs_ed1f0ceddbbf708b259ea1a6,derived_control,target,randomized_edge_control,target,bsig_3b1c1a5f56bb03b20611587b,bsig_53d374d66c9dffe0861a6d49,0.32743269344511045,True,,
obs_fa7bd1db2d6a1d5f66733a16,obs_46ade388243f3a4581ba4489,derived_control,frozen_control,randomized_edge_control,periodic_diagonal_augmented_control,bsig_3b1c1a5f56bb03b20611587b,bsig_c70af5951ff4d9712678a20b,0.3513988881388602,True,,
obs_fa7bd1db2d6a1d5f66733a16,obs_8de73c59341ac382087fba03,derived_control,target,randomized_edge_control,target,bsig_3b1c1a5f56bb03b20611587b,bsig_53d374d66c9dffe0861a6d49,0.18488455988455987,True,,
obs_fa7bd1db2d6a1d5f66733a16,obs_4b958084812d6435763f9a05,derived_control,frozen_control,randomized_edge_control,periodic_diagonal_augmented_control,bsig_3b1c1a5f56bb03b20611587b,bsig_1364358a857deba241e04538,0.3877168857814831,True,,
obs_fa7bd1db2d6a1d5f66733a16,obs_ea0aca853f3046642f451b7d,derived_control,target,randomized_edge_control,target,bsig_3b1c1a5f56bb03b20611587b,bsig_53d374d66c9dffe0861a6d49,0.29756001917675107,True,,
obs_fa7bd1db2d6a1d5f66733a16,obs_1163ec91dc845e4ed94d462a,derived_control,frozen_control,randomized_edge_control,periodic_diagonal_augmented_control,bsig_3b1c1a5f56bb03b20611587b,bsig_1364358a857deba241e04538,0.31918910260152256,True,,
obs_fa7bd1db2d6a1d5f66733a16,obs_d6eeaa59b08b0f1c4897f8db,derived_control,target,randomized_edge_control,target,bsig_3b1c1a5f56bb03b20611587b,bsig_53d374d66c9dffe0861a6d49,0.290015818365954,True,,
obs_fa7bd1db2d6a1d5f66733a16,obs_86701919f4db014d1d236f54,derived_control,frozen_control,randomized_edge_control,periodic_diagonal_augmented_control,bsig_3b1c1a5f56bb03b20611587b,bsig_53d374d66c9dffe0861a6d49,0.2773720072698771,True,,
obs_fa7bd1db2d6a1d5f66733a16,obs_8c347ec96417e5677cdb8ad0,derived_control,target,randomized_edge_control,target,bsig_3b1c1a5f56bb03b20611587b,bsig_53d374d66c9dffe0861a6d49,0.34714772197737614,True,,
obs_fa7bd1db2d6a1d5f66733a16,obs_624a249c44d428f10aa73463,derived_control,frozen_control,randomized_edge_control,periodic_diagonal_augmented_control,bsig_3b1c1a5f56bb03b20611587b,bsig_53d374d66c9dffe0861a6d49,0.2976885716932816,True,,
obs_fa7bd1db2d6a1d5f66733a16,obs_e43b79a2ef68469ae989ae1e,derived_control,derived_control,randomized_edge_control,shuffled_structure_control,bsig_3b1c1a5f56bb03b20611587b,bsig_bb01a7c1d0ca9b191d52310d,0.2925533526097103,True,,
obs_fa7bd1db2d6a1d5f66733a16,obs_c887eb3bf0ab4011d4084e3a,derived_control,derived_control,randomized_edge_control,shuffled_structure_control,bsig_3b1c1a5f56bb03b20611587b,bsig_bb01a7c1d0ca9b191d52310d,0.3433057093181263,True,,
obs_fa7bd1db2d6a1d5f66733a16,obs_57e35110e54898bdbe032c98,derived_control,derived_control,randomized_edge_control,shuffled_structure_control,bsig_3b1c1a5f56bb03b20611587b,bsig_bb01a7c1d0ca9b191d52310d,0.18885281385281383,True,,
obs_fa7bd1db2d6a1d5f66733a16,obs_2d439625692f7d83d54dd8c5,derived_control,derived_control,randomized_edge_control,shuffled_structure_control,bsig_3b1c1a5f56bb03b20611587b,bsig_bb01a7c1d0ca9b191d52310d,0.31343303504976694,True,,
obs_fa7bd1db2d6a1d5f66733a16,obs_ee93d740f305035b42ac22c5,derived_control,derived_control,randomized_edge_control,shuffled_structure_control,bsig_3b1c1a5f56bb03b20611587b,bsig_bb01a7c1d0ca9b191d52310d,0.3070432353933711,True,,
obs_fa7bd1db2d6a1d5f66733a16,obs_590502ed80ee4f9526a00243,derived_control,derived_control,randomized_edge_control,shuffled_structure_control,bsig_3b1c1a5f56bb03b20611587b,bsig_bb01a7c1d0ca9b191d52310d,0.363020737850392,True,,
obs_fa7bd1db2d6a1d5f66733a16,obs_cd8cd88cb9618af0705bbf06,derived_control,derived_control,randomized_edge_control,randomized_edge_control,bsig_3b1c1a5f56bb03b20611587b,bsig_3b1c1a5f56bb03b20611587b,0.10370053875689647,True,,
obs_fa7bd1db2d6a1d5f66733a16,obs_448f4e11eb5a27dd4f60b644,derived_control,derived_control,randomized_edge_control,randomized_edge_control,bsig_3b1c1a5f56bb03b20611587b,bsig_3b1c1a5f56bb03b20611587b,0.1544528954653125,True,,
obs_fa7bd1db2d6a1d5f66733a16,obs_fa7bd1db2d6a1d5f66733a16,derived_control,derived_control,randomized_edge_control,randomized_edge_control,bsig_3b1c1a5f56bb03b20611587b,bsig_3b1c1a5f56bb03b20611587b,0.0,True,,
obs_fa7bd1db2d6a1d5f66733a16,obs_3f3cbf5fee77e89478120a3b,derived_control,derived_control,randomized_edge_control,randomized_edge_control,bsig_3b1c1a5f56bb03b20611587b,bsig_3b1c1a5f56bb03b20611587b,0.12458022119695311,True,,
obs_fa7bd1db2d6a1d5f66733a16,obs_ddbc298f7c4df1aede53d5d6,derived_control,derived_control,randomized_edge_control,randomized_edge_control,bsig_3b1c1a5f56bb03b20611587b,bsig_3b1c1a5f56bb03b20611587b,0.11819042154055721,True,,
obs_fa7bd1db2d6a1d5f66733a16,obs_3f2760e857afefe81bf772fe,derived_control,derived_control,randomized_edge_control,randomized_edge_control,bsig_3b1c1a5f56bb03b20611587b,bsig_3b1c1a5f56bb03b20611587b,0.1741679239975782,True,,
obs_fa7bd1db2d6a1d5f66733a16,obs_1aa1fc186c905e7ffa16d2d4,derived_control,derived_control,randomized_edge_control,degraded_signal_control,bsig_3b1c1a5f56bb03b20611587b,bsig_8527b27b7d47cca4b9594df9,0.37566959989133625,True,,
obs_fa7bd1db2d6a1d5f66733a16,obs_e9c8066d01dd67e1f9d375ef,derived_control,derived_control,randomized_edge_control,degraded_signal_control,bsig_3b1c1a5f56bb03b20611587b,bsig_1095c101d561009a130e1133,0.4078229493114726,True,,
obs_fa7bd1db2d6a1d5f66733a16,obs_aabd161899dc613ecf88b1d9,derived_control,derived_control,randomized_edge_control,degraded_signal_control,bsig_3b1c1a5f56bb03b20611587b,bsig_5fc2cc8106fba2b64bc8c905,0.28214847346091176,True,,
obs_fa7bd1db2d6a1d5f66733a16,obs_322c862d474a379bd8df7674,derived_control,derived_control,randomized_edge_control,degraded_signal_control,bsig_3b1c1a5f56bb03b20611587b,bsig_1095c101d561009a130e1133,0.3768813169769628,True,,
obs_fa7bd1db2d6a1d5f66733a16,obs_4ef6a9c1a3b2d0659064e20b,derived_control,derived_control,randomized_edge_control,degraded_signal_control,bsig_3b1c1a5f56bb03b20611587b,bsig_8527b27b7d47cca4b9594df9,0.3484869888043191,True,,
obs_fa7bd1db2d6a1d5f66733a16,obs_7d8b6ee929f2a0a0cf7af8f5,derived_control,derived_control,randomized_edge_control,degraded_signal_control,bsig_3b1c1a5f56bb03b20611587b,bsig_1095c101d561009a130e1133,0.414123579120686,True,,
obs_fa7bd1db2d6a1d5f66733a16,obs_b41d2dded4b9ccd5ecd128d5,derived_control,derived_control,randomized_edge_control,label_permutation_control,bsig_3b1c1a5f56bb03b20611587b,bsig_8e7a52f1a727043c61e5d5c2,0.32058088063723833,True,,
obs_fa7bd1db2d6a1d5f66733a16,obs_a3582497f15ead2a2fc1280f,derived_control,derived_control,randomized_edge_control,label_permutation_control,bsig_3b1c1a5f56bb03b20611587b,bsig_8e7a52f1a727043c61e5d5c2,0.3713332373456544,True,,
obs_fa7bd1db2d6a1d5f66733a16,obs_f855844ba74f991c9ab0ba6d,derived_control,derived_control,randomized_edge_control,label_permutation_control,bsig_3b1c1a5f56bb03b20611587b,bsig_8e7a52f1a727043c61e5d5c2,0.21688034188034186,True,,
obs_fa7bd1db2d6a1d5f66733a16,obs_20877377330b5094380e86df,derived_control,derived_control,randomized_edge_control,label_permutation_control,bsig_3b1c1a5f56bb03b20611587b,bsig_8e7a52f1a727043c61e5d5c2,0.341460563077295,True,,
obs_fa7bd1db2d6a1d5f66733a16,obs_8d92e32fec459dd0746ec799,derived_control,derived_control,randomized_edge_control,label_permutation_control,bsig_3b1c1a5f56bb03b20611587b,bsig_8e7a52f1a727043c61e5d5c2,0.3350707634208991,True,,
obs_fa7bd1db2d6a1d5f66733a16,obs_11180e544727ce850ebf3a6a,derived_control,derived_control,randomized_edge_control,label_permutation_control,bsig_3b1c1a5f56bb03b20611587b,bsig_8e7a52f1a727043c61e5d5c2,0.3910482658779201,True,,
obs_fa7bd1db2d6a1d5f66733a16,obs_979ad629051487c82499339e,derived_control,derived_control,randomized_edge_control,generic_graph_operator_control,bsig_3b1c1a5f56bb03b20611587b,bsig_793bb0a29a9abfe233b6d670,0.42049346804982574,True,,
obs_fa7bd1db2d6a1d5f66733a16,obs_2c0e6630085a94e0f0b4dd07,derived_control,derived_control,randomized_edge_control,generic_graph_operator_control,bsig_3b1c1a5f56bb03b20611587b,bsig_793bb0a29a9abfe233b6d670,0.4712458247582418,True,,
obs_fa7bd1db2d6a1d5f66733a16,obs_0033e7ce631563262f7b0bbe,derived_control,derived_control,randomized_edge_control,generic_graph_operator_control,bsig_3b1c1a5f56bb03b20611587b,bsig_793bb0a29a9abfe233b6d670,0.3521464646464646,True,,
obs_fa7bd1db2d6a1d5f66733a16,obs_118430be7d682f480e3902ea,derived_control,derived_control,randomized_edge_control,generic_graph_operator_control,bsig_3b1c1a5f56bb03b20611587b,bsig_793bb0a29a9abfe233b6d670,0.4767266858434177,True,,
obs_fa7bd1db2d6a1d5f66733a16,obs_8f4c211fcf3841317e300fd0,derived_control,derived_control,randomized_edge_control,generic_graph_operator_control,bsig_3b1c1a5f56bb03b20611587b,bsig_793bb0a29a9abfe233b6d670,0.4349833508334865,True,,
obs_fa7bd1db2d6a1d5f66733a16,obs_ae30906415b62baef858fb35,derived_control,derived_control,randomized_edge_control,generic_graph_operator_control,bsig_3b1c1a5f56bb03b20611587b,bsig_793bb0a29a9abfe233b6d670,0.4909608532905075,True,,
obs_fa7bd1db2d6a1d5f66733a16,obs_2b1c4b4fddba864cb9f9f25f,derived_control,derived_control,randomized_edge_control,seed_repeat_control,bsig_3b1c1a5f56bb03b20611587b,bsig_53d374d66c9dffe0861a6d49,0.27552593558229327,True,,
obs_fa7bd1db2d6a1d5f66733a16,obs_65dfe5e65cb70d7cb499d482,derived_control,derived_control,randomized_edge_control,seed_repeat_control,bsig_3b1c1a5f56bb03b20611587b,bsig_53d374d66c9dffe0861a6d49,0.32743269344511045,True,,
obs_fa7bd1db2d6a1d5f66733a16,obs_f622bfcc3394ff0a255f9f83,derived_control,derived_control,randomized_edge_control,seed_repeat_control,bsig_3b1c1a5f56bb03b20611587b,bsig_53d374d66c9dffe0861a6d49,0.18488455988455987,True,,
obs_fa7bd1db2d6a1d5f66733a16,obs_57728f48826a986fe1ea83d9,derived_control,derived_control,randomized_edge_control,seed_repeat_control,bsig_3b1c1a5f56bb03b20611587b,bsig_53d374d66c9dffe0861a6d49,0.29756001917675107,True,,
obs_fa7bd1db2d6a1d5f66733a16,obs_c740a30388dc20122927f42a,derived_control,derived_control,randomized_edge_control,seed_repeat_control,bsig_3b1c1a5f56bb03b20611587b,bsig_53d374d66c9dffe0861a6d49,0.290015818365954,True,,
obs_fa7bd1db2d6a1d5f66733a16,obs_04fbf535deaa3a11fe4345ca,derived_control,derived_control,randomized_edge_control,seed_repeat_control,bsig_3b1c1a5f56bb03b20611587b,bsig_53d374d66c9dffe0861a6d49,0.34714772197737614,True,,
obs_fa7bd1db2d6a1d5f66733a16,obs_d36d9fb3b1f089bbbf821e5c,derived_control,derived_control,randomized_edge_control,parameter_matched_null_control,bsig_3b1c1a5f56bb03b20611587b,bsig_f61a89a0172a79f5d96cd71c,0.6437177125936294,True,,
obs_fa7bd1db2d6a1d5f66733a16,obs_93659ee4b3b5fdadf510315f,derived_control,derived_control,randomized_edge_control,parameter_matched_null_control,bsig_3b1c1a5f56bb03b20611587b,bsig_f61a89a0172a79f5d96cd71c,0.6565357964938562,True,,
obs_fa7bd1db2d6a1d5f66733a16,obs_5a7521167226bbafcd5c6ba8,derived_control,derived_control,randomized_edge_control,parameter_matched_null_control,bsig_3b1c1a5f56bb03b20611587b,bsig_f61a89a0172a79f5d96cd71c,0.6057338525266064,True,,
obs_fa7bd1db2d6a1d5f66733a16,obs_9b1c5f0213d9d0fc1a3fff27,derived_control,derived_control,randomized_edge_control,parameter_matched_null_control,bsig_3b1c1a5f56bb03b20611587b,bsig_f61a89a0172a79f5d96cd71c,0.6201266444767198,True,,
obs_fa7bd1db2d6a1d5f66733a16,obs_062eb3c1dd90468a63227d7f,derived_control,derived_control,randomized_edge_control,parameter_matched_null_control,bsig_3b1c1a5f56bb03b20611587b,bsig_f61a89a0172a79f5d96cd71c,0.6425852244341651,True,,
obs_fa7bd1db2d6a1d5f66733a16,obs_e93f92e26db8b9c29005cc9e,derived_control,derived_control,randomized_edge_control,parameter_matched_null_control,bsig_3b1c1a5f56bb03b20611587b,bsig_f61a89a0172a79f5d96cd71c,0.6554977952958431,True,,
obs_3f3cbf5fee77e89478120a3b,obs_c21d789f14a613fc6b0083e2,derived_control,target,randomized_edge_control,target,bsig_3b1c1a5f56bb03b20611587b,bsig_53d374d66c9dffe0861a6d49,0.3799143762559377,True,,
obs_3f3cbf5fee77e89478120a3b,obs_afd8912a0e32fb71b5407b81,derived_control,frozen_control,randomized_edge_control,periodic_diagonal_augmented_control,bsig_3b1c1a5f56bb03b20611587b,bsig_c70af5951ff4d9712678a20b,0.4124889910469896,True,,
obs_3f3cbf5fee77e89478120a3b,obs_ed1f0ceddbbf708b259ea1a6,derived_control,target,randomized_edge_control,target,bsig_3b1c1a5f56bb03b20611587b,bsig_53d374d66c9dffe0861a6d49,0.24756375644734843,True,,
obs_3f3cbf5fee77e89478120a3b,obs_46ade388243f3a4581ba4489,derived_control,frozen_control,randomized_edge_control,periodic_diagonal_augmented_control,bsig_3b1c1a5f56bb03b20611587b,bsig_c70af5951ff4d9712678a20b,0.3231270988674526,True,,
obs_3f3cbf5fee77e89478120a3b,obs_8de73c59341ac382087fba03,derived_control,target,randomized_edge_control,target,bsig_3b1c1a5f56bb03b20611587b,bsig_53d374d66c9dffe0861a6d49,0.309464781081513,True,,
obs_3f3cbf5fee77e89478120a3b,obs_4b958084812d6435763f9a05,derived_control,frozen_control,randomized_edge_control,periodic_diagonal_augmented_control,bsig_3b1c1a5f56bb03b20611587b,bsig_1364358a857deba241e04538,0.4045206325433516,True,,
obs_3f3cbf5fee77e89478120a3b,obs_ea0aca853f3046642f451b7d,derived_control,target,randomized_edge_control,target,bsig_3b1c1a5f56bb03b20611587b,bsig_53d374d66c9dffe0861a6d49,0.17297979797979796,True,,
obs_3f3cbf5fee77e89478120a3b,obs_1163ec91dc845e4ed94d462a,derived_control,frozen_control,randomized_edge_control,periodic_diagonal_augmented_control,bsig_3b1c1a5f56bb03b20611587b,bsig_1364358a857deba241e04538,0.2463202380696561,True,,
obs_3f3cbf5fee77e89478120a3b,obs_d6eeaa59b08b0f1c4897f8db,derived_control,target,randomized_edge_control,target,bsig_3b1c1a5f56bb03b20611587b,bsig_53d374d66c9dffe0861a6d49,0.3083786851764685,True,,
obs_3f3cbf5fee77e89478120a3b,obs_86701919f4db014d1d236f54,derived_control,frozen_control,randomized_edge_control,periodic_diagonal_augmented_control,bsig_3b1c1a5f56bb03b20611587b,bsig_53d374d66c9dffe0861a6d49,0.35707318081203543,True,,
obs_3f3cbf5fee77e89478120a3b,obs_8c347ec96417e5677cdb8ad0,derived_control,target,randomized_edge_control,target,bsig_3b1c1a5f56bb03b20611587b,bsig_53d374d66c9dffe0861a6d49,0.25375835899014604,True,,
obs_3f3cbf5fee77e89478120a3b,obs_624a249c44d428f10aa73463,derived_control,frozen_control,randomized_edge_control,periodic_diagonal_augmented_control,bsig_3b1c1a5f56bb03b20611587b,bsig_53d374d66c9dffe0861a6d49,0.1917084068559972,True,,
obs_3f3cbf5fee77e89478120a3b,obs_e43b79a2ef68469ae989ae1e,derived_control,derived_control,randomized_edge_control,shuffled_structure_control,bsig_3b1c1a5f56bb03b20611587b,bsig_bb01a7c1d0ca9b191d52310d,0.3969417932833547,True,,
obs_3f3cbf5fee77e89478120a3b,obs_c887eb3bf0ab4011d4084e3a,derived_control,derived_control,randomized_edge_control,shuffled_structure_control,bsig_3b1c1a5f56bb03b20611587b,bsig_bb01a7c1d0ca9b191d52310d,0.26343677232036433,True,,
obs_3f3cbf5fee77e89478120a3b,obs_57e35110e54898bdbe032c98,derived_control,derived_control,randomized_edge_control,shuffled_structure_control,bsig_3b1c1a5f56bb03b20611587b,bsig_bb01a7c1d0ca9b191d52310d,0.31343303504976694,True,,
obs_3f3cbf5fee77e89478120a3b,obs_2d439625692f7d83d54dd8c5,derived_control,derived_control,randomized_edge_control,shuffled_structure_control,bsig_3b1c1a5f56bb03b20611587b,bsig_bb01a7c1d0ca9b191d52310d,0.18885281385281383,True,,
obs_3f3cbf5fee77e89478120a3b,obs_ee93d740f305035b42ac22c5,derived_control,derived_control,randomized_edge_control,shuffled_structure_control,bsig_3b1c1a5f56bb03b20611587b,bsig_bb01a7c1d0ca9b191d52310d,0.32540610220388555,True,,
obs_3f3cbf5fee77e89478120a3b,obs_590502ed80ee4f9526a00243,derived_control,derived_control,randomized_edge_control,shuffled_structure_control,bsig_3b1c1a5f56bb03b20611587b,bsig_bb01a7c1d0ca9b191d52310d,0.2696313748631619,True,,
obs_3f3cbf5fee77e89478120a3b,obs_cd8cd88cb9618af0705bbf06,derived_control,derived_control,randomized_edge_control,randomized_edge_control,bsig_3b1c1a5f56bb03b20611587b,bsig_3b1c1a5f56bb03b20611587b,0.2080889794305409,True,,
obs_3f3cbf5fee77e89478120a3b,obs_448f4e11eb5a27dd4f60b644,derived_control,derived_control,randomized_edge_control,randomized_edge_control,bsig_3b1c1a5f56bb03b20611587b,bsig_3b1c1a5f56bb03b20611587b,0.07458395846755046,True,,
obs_3f3cbf5fee77e89478120a3b,obs_fa7bd1db2d6a1d5f66733a16,derived_control,derived_control,randomized_edge_control,randomized_edge_control,bsig_3b1c1a5f56bb03b20611587b,bsig_3b1c1a5f56bb03b20611587b,0.12458022119695311,True,,
obs_3f3cbf5fee77e89478120a3b,obs_3f3cbf5fee77e89478120a3b,derived_control,derived_control,randomized_edge_control,randomized_edge_control,bsig_3b1c1a5f56bb03b20611587b,bsig_3b1c1a5f56bb03b20611587b,0.0,True,,
obs_3f3cbf5fee77e89478120a3b,obs_ddbc298f7c4df1aede53d5d6,derived_control,derived_control,randomized_edge_control,randomized_edge_control,bsig_3b1c1a5f56bb03b20611587b,bsig_3b1c1a5f56bb03b20611587b,0.13655328835107167,True,,
obs_3f3cbf5fee77e89478120a3b,obs_3f2760e857afefe81bf772fe,derived_control,derived_control,randomized_edge_control,randomized_edge_control,bsig_3b1c1a5f56bb03b20611587b,bsig_3b1c1a5f56bb03b20611587b,0.08077856101034808,True,,
obs_3f3cbf5fee77e89478120a3b,obs_1aa1fc186c905e7ffa16d2d4,derived_control,derived_control,randomized_edge_control,degraded_signal_control,bsig_3b1c1a5f56bb03b20611587b,bsig_8527b27b7d47cca4b9594df9,0.4703450010873827,True,,
obs_3f3cbf5fee77e89478120a3b,obs_e9c8066d01dd67e1f9d375ef,derived_control,derived_control,randomized_edge_control,degraded_signal_control,bsig_3b1c1a5f56bb03b20611587b,bsig_1095c101d561009a130e1133,0.36559951740517405,True,,
obs_3f3cbf5fee77e89478120a3b,obs_aabd161899dc613ecf88b1d9,derived_control,derived_control,randomized_edge_control,degraded_signal_control,bsig_3b1c1a5f56bb03b20611587b,bsig_5fc2cc8106fba2b64bc8c905,0.3818744544048653,True,,
obs_3f3cbf5fee77e89478120a3b,obs_322c862d474a379bd8df7674,derived_control,derived_control,randomized_edge_control,degraded_signal_control,bsig_3b1c1a5f56bb03b20611587b,bsig_1095c101d561009a130e1133,0.30036636667880495,True,,
obs_3f3cbf5fee77e89478120a3b,obs_4ef6a9c1a3b2d0659064e20b,derived_control,derived_control,randomized_edge_control,degraded_signal_control,bsig_3b1c1a5f56bb03b20611587b,bsig_8527b27b7d47cca4b9594df9,0.3867512742797571,True,,
obs_3f3cbf5fee77e89478120a3b,obs_7d8b6ee929f2a0a0cf7af8f5,derived_control,derived_control,randomized_edge_control,degraded_signal_control,bsig_3b1c1a5f56bb03b20611587b,bsig_1095c101d561009a130e1133,0.36823918424364877,True,,
obs_3f3cbf5fee77e89478120a3b,obs_b41d2dded4b9ccd5ecd128d5,derived_control,derived_control,randomized_edge_control,label_permutation_control,bsig_3b1c1a5f56bb03b20611587b,bsig_8e7a52f1a727043c61e5d5c2,0.4249693213108828,True,,
obs_3f3cbf5fee77e89478120a3b,obs_a3582497f15ead2a2fc1280f,derived_control,derived_control,randomized_edge_control,label_permutation_control,bsig_3b1c1a5f56bb03b20611587b,bsig_8e7a52f1a727043c61e5d5c2,0.29146430034789234,True,,
obs_3f3cbf5fee77e89478120a3b,obs_f855844ba74f991c9ab0ba6d,derived_control,derived_control,randomized_edge_control,label_permutation_control,bsig_3b1c1a5f56bb03b20611587b,bsig_8e7a52f1a727043c61e5d5c2,0.341460563077295,True,,
obs_3f3cbf5fee77e89478120a3b,obs_20877377330b5094380e86df,derived_control,derived_control,randomized_edge_control,label_permutation_control,bsig_3b1c1a5f56bb03b20611587b,bsig_8e7a52f1a727043c61e5d5c2,0.21688034188034186,True,,
obs_3f3cbf5fee77e89478120a3b,obs_8d92e32fec459dd0746ec799,derived_control,derived_control,randomized_edge_control,label_permutation_control,bsig_3b1c1a5f56bb03b20611587b,bsig_8e7a52f1a727043c61e5d5c2,0.35343363023141355,True,,
obs_3f3cbf5fee77e89478120a3b,obs_11180e544727ce850ebf3a6a,derived_control,derived_control,randomized_edge_control,label_permutation_control,bsig_3b1c1a5f56bb03b20611587b,bsig_8e7a52f1a727043c61e5d5c2,0.29765890289068997,True,,
obs_3f3cbf5fee77e89478120a3b,obs_979ad629051487c82499339e,derived_control,derived_control,randomized_edge_control,generic_graph_operator_control,bsig_3b1c1a5f56bb03b20611587b,bsig_793bb0a29a9abfe233b6d670,0.5248819087234702,True,,
obs_3f3cbf5fee77e89478120a3b,obs_2c0e6630085a94e0f0b4dd07,derived_control,derived_control,randomized_edge_control,generic_graph_operator_control,bsig_3b1c1a5f56bb03b20611587b,bsig_793bb0a29a9abfe233b6d670,0.39137688776047974,True,,
obs_3f3cbf5fee77e89478120a3b,obs_0033e7ce631563262f7b0bbe,derived_control,derived_control,randomized_edge_control,generic_graph_operator_control,bsig_3b1c1a5f56bb03b20611587b,bsig_793bb0a29a9abfe233b6d670,0.4767266858434177,True,,
obs_3f3cbf5fee77e89478120a3b,obs_118430be7d682f480e3902ea,derived_control,derived_control,randomized_edge_control,generic_graph_operator_control,bsig_3b1c1a5f56bb03b20611587b,bsig_793bb0a29a9abfe233b6d670,0.3521464646464646,True,,
obs_3f3cbf5fee77e89478120a3b,obs_8f4c211fcf3841317e300fd0,derived_control,derived_control,randomized_edge_control,generic_graph_operator_control,bsig_3b1c1a5f56bb03b20611587b,bsig_793bb0a29a9abfe233b6d670,0.45334621764400096,True,,
obs_3f3cbf5fee77e89478120a3b,obs_ae30906415b62baef858fb35,derived_control,derived_control,randomized_edge_control,generic_graph_operator_control,bsig_3b1c1a5f56bb03b20611587b,bsig_793bb0a29a9abfe233b6d670,0.3975714903032774,True,,
obs_3f3cbf5fee77e89478120a3b,obs_2b1c4b4fddba864cb9f9f25f,derived_control,derived_control,randomized_edge_control,seed_repeat_control,bsig_3b1c1a5f56bb03b20611587b,bsig_53d374d66c9dffe0861a6d49,0.3799143762559377,True,,
obs_3f3cbf5fee77e89478120a3b,obs_65dfe5e65cb70d7cb499d482,derived_control,derived_control,randomized_edge_control,seed_repeat_control,bsig_3b1c1a5f56bb03b20611587b,bsig_53d374d66c9dffe0861a6d49,0.24756375644734843,True,,
obs_3f3cbf5fee77e89478120a3b,obs_f622bfcc3394ff0a255f9f83,derived_control,derived_control,randomized_edge_control,seed_repeat_control,bsig_3b1c1a5f56bb03b20611587b,bsig_53d374d66c9dffe0861a6d49,0.309464781081513,True,,
obs_3f3cbf5fee77e89478120a3b,obs_57728f48826a986fe1ea83d9,derived_control,derived_control,randomized_edge_control,seed_repeat_control,bsig_3b1c1a5f56bb03b20611587b,bsig_53d374d66c9dffe0861a6d49,0.17297979797979796,True,,
obs_3f3cbf5fee77e89478120a3b,obs_c740a30388dc20122927f42a,derived_control,derived_control,randomized_edge_control,seed_repeat_control,bsig_3b1c1a5f56bb03b20611587b,bsig_53d374d66c9dffe0861a6d49,0.3083786851764685,True,,
obs_3f3cbf5fee77e89478120a3b,obs_04fbf535deaa3a11fe4345ca,derived_control,derived_control,randomized_edge_control,seed_repeat_control,bsig_3b1c1a5f56bb03b20611587b,bsig_53d374d66c9dffe0861a6d49,0.25375835899014604,True,,
obs_3f3cbf5fee77e89478120a3b,obs_d36d9fb3b1f089bbbf821e5c,derived_control,derived_control,randomized_edge_control,parameter_matched_null_control,bsig_3b1c1a5f56bb03b20611587b,bsig_f61a89a0172a79f5d96cd71c,0.6572916610063279,True,,
obs_3f3cbf5fee77e89478120a3b,obs_93659ee4b3b5fdadf510315f,derived_control,derived_control,randomized_edge_control,parameter_matched_null_control,bsig_3b1c1a5f56bb03b20611587b,bsig_f61a89a0172a79f5d96cd71c,0.6427098979677791,True,,
obs_3f3cbf5fee77e89478120a3b,obs_5a7521167226bbafcd5c6ba8,derived_control,derived_control,randomized_edge_control,parameter_matched_null_control,bsig_3b1c1a5f56bb03b20611587b,bsig_f61a89a0172a79f5d96cd71c,0.6201266444767198,True,,
obs_3f3cbf5fee77e89478120a3b,obs_9b1c5f0213d9d0fc1a3fff27,derived_control,derived_control,randomized_edge_control,parameter_matched_null_control,bsig_3b1c1a5f56bb03b20611587b,bsig_f61a89a0172a79f5d96cd71c,0.6057338525266064,True,,
obs_3f3cbf5fee77e89478120a3b,obs_062eb3c1dd90468a63227d7f,derived_control,derived_control,randomized_edge_control,parameter_matched_null_control,bsig_3b1c1a5f56bb03b20611587b,bsig_f61a89a0172a79f5d96cd71c,0.6554033168377932,True,,
obs_3f3cbf5fee77e89478120a3b,obs_e93f92e26db8b9c29005cc9e,derived_control,derived_control,randomized_edge_control,parameter_matched_null_control,bsig_3b1c1a5f56bb03b20611587b,bsig_f61a89a0172a79f5d96cd71c,0.6411050033457297,True,,
obs_ddbc298f7c4df1aede53d5d6,obs_c21d789f14a613fc6b0083e2,derived_control,target,randomized_edge_control,target,bsig_3b1c1a5f56bb03b20611587b,bsig_53d374d66c9dffe0861a6d49,0.3001281685267547,True,,
obs_ddbc298f7c4df1aede53d5d6,obs_afd8912a0e32fb71b5407b81,derived_control,frozen_control,randomized_edge_control,periodic_diagonal_augmented_control,bsig_3b1c1a5f56bb03b20611587b,bsig_c70af5951ff4d9712678a20b,0.3539818119205815,True,,
obs_ddbc298f7c4df1aede53d5d6,obs_ed1f0ceddbbf708b259ea1a6,derived_control,target,randomized_edge_control,target,bsig_3b1c1a5f56bb03b20611587b,bsig_53d374d66c9dffe0861a6d49,0.24629149822849292,True,,
obs_ddbc298f7c4df1aede53d5d6,obs_46ade388243f3a4581ba4489,derived_control,frozen_control,randomized_edge_control,periodic_diagonal_augmented_control,bsig_3b1c1a5f56bb03b20611587b,bsig_c70af5951ff4d9712678a20b,0.3085447812235198,True,,
obs_ddbc298f7c4df1aede53d5d6,obs_8de73c59341ac382087fba03,derived_control,target,randomized_edge_control,target,bsig_3b1c1a5f56bb03b20611587b,bsig_53d374d66c9dffe0861a6d49,0.3030749814251171,True,,
obs_ddbc298f7c4df1aede53d5d6,obs_4b958084812d6435763f9a05,derived_control,frozen_control,randomized_edge_control,periodic_diagonal_augmented_control,bsig_3b1c1a5f56bb03b20611587b,bsig_1364358a857deba241e04538,0.4205372344404676,True,,
obs_ddbc298f7c4df1aede53d5d6,obs_ea0aca853f3046642f451b7d,derived_control,target,randomized_edge_control,target,bsig_3b1c1a5f56bb03b20611587b,bsig_53d374d66c9dffe0861a6d49,0.3095330863308697,True,,
obs_ddbc298f7c4df1aede53d5d6,obs_1163ec91dc845e4ed94d462a,derived_control,frozen_control,randomized_edge_control,periodic_diagonal_augmented_control,bsig_3b1c1a5f56bb03b20611587b,bsig_1364358a857deba241e04538,0.3191130091890459,True,,
obs_ddbc298f7c4df1aede53d5d6,obs_d6eeaa59b08b0f1c4897f8db,derived_control,target,randomized_edge_control,target,bsig_3b1c1a5f56bb03b20611587b,bsig_53d374d66c9dffe0861a6d49,0.17182539682539683,True,,
obs_ddbc298f7c4df1aede53d5d6,obs_86701919f4db014d1d236f54,derived_control,frozen_control,randomized_edge_control,periodic_diagonal_augmented_control,bsig_3b1c1a5f56bb03b20611587b,bsig_53d374d66c9dffe0861a6d49,0.36285010717365423,True,,
obs_ddbc298f7c4df1aede53d5d6,obs_8c347ec96417e5677cdb8ad0,derived_control,target,randomized_edge_control,target,bsig_3b1c1a5f56bb03b20611587b,bsig_53d374d66c9dffe0861a6d49,0.29484686186600356,True,,
obs_ddbc298f7c4df1aede53d5d6,obs_624a249c44d428f10aa73463,derived_control,frozen_control,randomized_edge_control,periodic_diagonal_augmented_control,bsig_3b1c1a5f56bb03b20611587b,bsig_53d374d66c9dffe0861a6d49,0.30517726012394414,True,,
obs_ddbc298f7c4df1aede53d5d6,obs_e43b79a2ef68469ae989ae1e,derived_control,derived_control,randomized_edge_control,shuffled_structure_control,bsig_3b1c1a5f56bb03b20611587b,bsig_bb01a7c1d0ca9b191d52310d,0.3171555855541718,True,,
obs_ddbc298f7c4df1aede53d5d6,obs_c887eb3bf0ab4011d4084e3a,derived_control,derived_control,randomized_edge_control,shuffled_structure_control,bsig_3b1c1a5f56bb03b20611587b,bsig_bb01a7c1d0ca9b191d52310d,0.2621645141015088,True,,
obs_ddbc298f7c4df1aede53d5d6,obs_57e35110e54898bdbe032c98,derived_control,derived_control,randomized_edge_control,shuffled_structure_control,bsig_3b1c1a5f56bb03b20611587b,bsig_bb01a7c1d0ca9b191d52310d,0.3070432353933711,True,,
obs_ddbc298f7c4df1aede53d5d6,obs_2d439625692f7d83d54dd8c5,derived_control,derived_control,randomized_edge_control,shuffled_structure_control,bsig_3b1c1a5f56bb03b20611587b,bsig_bb01a7c1d0ca9b191d52310d,0.32540610220388555,True,,
obs_ddbc298f7c4df1aede53d5d6,obs_ee93d740f305035b42ac22c5,derived_control,derived_control,randomized_edge_control,shuffled_structure_control,bsig_3b1c1a5f56bb03b20611587b,bsig_bb01a7c1d0ca9b191d52310d,0.18885281385281383,True,,
obs_ddbc298f7c4df1aede53d5d6,obs_590502ed80ee4f9526a00243,derived_control,derived_control,randomized_edge_control,shuffled_structure_control,bsig_3b1c1a5f56bb03b20611587b,bsig_bb01a7c1d0ca9b191d52310d,0.31071987773901943,True,,
obs_ddbc298f7c4df1aede53d5d6,obs_cd8cd88cb9618af0705bbf06,derived_control,derived_control,randomized_edge_control,randomized_edge_control,bsig_3b1c1a5f56bb03b20611587b,bsig_3b1c1a5f56bb03b20611587b,0.12830277170135795,True,,
obs_ddbc298f7c4df1aede53d5d6,obs_448f4e11eb5a27dd4f60b644,derived_control,derived_control,randomized_edge_control,randomized_edge_control,bsig_3b1c1a5f56bb03b20611587b,bsig_3b1c1a5f56bb03b20611587b,0.07331170024869496,True,,
obs_ddbc298f7c4df1aede53d5d6,obs_fa7bd1db2d6a1d5f66733a16,derived_control,derived_control,randomized_edge_control,randomized_edge_control,bsig_3b1c1a5f56bb03b20611587b,bsig_3b1c1a5f56bb03b20611587b,0.11819042154055721,True,,
obs_ddbc298f7c4df1aede53d5d6,obs_3f3cbf5fee77e89478120a3b,derived_control,derived_control,randomized_edge_control,randomized_edge_control,bsig_3b1c1a5f56bb03b20611587b,bsig_3b1c1a5f56bb03b20611587b,0.13655328835107167,True,,
obs_ddbc298f7c4df1aede53d5d6,obs_ddbc298f7c4df1aede53d5d6,derived_control,derived_control,randomized_edge_control,randomized_edge_control,bsig_3b1c1a5f56bb03b20611587b,bsig_3b1c1a5f56bb03b20611587b,0.0,True,,
obs_ddbc298f7c4df1aede53d5d6,obs_3f2760e857afefe81bf772fe,derived_control,derived_control,randomized_edge_control,randomized_edge_control,bsig_3b1c1a5f56bb03b20611587b,bsig_3b1c1a5f56bb03b20611587b,0.1218670638862056,True,,
obs_ddbc298f7c4df1aede53d5d6,obs_1aa1fc186c905e7ffa16d2d4,derived_control,derived_control,randomized_edge_control,degraded_signal_control,bsig_3b1c1a5f56bb03b20611587b,bsig_8527b27b7d47cca4b9594df9,0.39254530392670384,True,,
obs_ddbc298f7c4df1aede53d5d6,obs_e9c8066d01dd67e1f9d375ef,derived_control,derived_control,randomized_edge_control,degraded_signal_control,bsig_3b1c1a5f56bb03b20611587b,bsig_1095c101d561009a130e1133,0.35923402288781736,True,,
obs_ddbc298f7c4df1aede53d5d6,obs_aabd161899dc613ecf88b1d9,derived_control,derived_control,randomized_edge_control,degraded_signal_control,bsig_3b1c1a5f56bb03b20611587b,bsig_5fc2cc8106fba2b64bc8c905,0.3788981937711686,True,,
obs_ddbc298f7c4df1aede53d5d6,obs_322c862d474a379bd8df7674,derived_control,derived_control,randomized_edge_control,degraded_signal_control,bsig_3b1c1a5f56bb03b20611587b,bsig_1095c101d561009a130e1133,0.4130892619675937,True,,
obs_ddbc298f7c4df1aede53d5d6,obs_4ef6a9c1a3b2d0659064e20b,derived_control,derived_control,randomized_edge_control,degraded_signal_control,bsig_3b1c1a5f56bb03b20611587b,bsig_8527b27b7d47cca4b9594df9,0.29997736174754647,True,,
obs_ddbc298f7c4df1aede53d5d6,obs_7d8b6ee929f2a0a0cf7af8f5,derived_control,derived_control,randomized_edge_control,degraded_signal_control,bsig_3b1c1a5f56bb03b20611587b,bsig_1095c101d561009a130e1133,0.3947652866051535,True,,
obs_ddbc298f7c4df1aede53d5d6,obs_b41d2dded4b9ccd5ecd128d5,derived_control,derived_control,randomized_edge_control,label_permutation_control,bsig_3b1c1a5f56bb03b20611587b,bsig_8e7a52f1a727043c61e5d5c2,0.3451831135816998,True,,
obs_ddbc298f7c4df1aede53d5d6,obs_a3582497f15ead2a2fc1280f,derived_control,derived_control,randomized_edge_control,label_permutation_control,bsig_3b1c1a5f56bb03b20611587b,bsig_8e7a52f1a727043c61e5d5c2,0.2901920421290368,True,,
obs_ddbc298f7c4df1aede53d5d6,obs_f855844ba74f991c9ab0ba6d,derived_control,derived_control,randomized_edge_control,label_permutation_control,bsig_3b1c1a5f56bb03b20611587b,bsig_8e7a52f1a727043c61e5d5c2,0.3350707634208991,True,,
obs_ddbc298f7c4df1aede53d5d6,obs_20877377330b5094380e86df,derived_control,derived_control,randomized_edge_control,label_permutation_control,bsig_3b1c1a5f56bb03b20611587b,bsig_8e7a52f1a727043c61e5d5c2,0.35343363023141355,True,,
obs_ddbc298f7c4df1aede53d5d6,obs_8d92e32fec459dd0746ec799,derived_control,derived_control,randomized_edge_control,label_permutation_control,bsig_3b1c1a5f56bb03b20611587b,bsig_8e7a52f1a727043c61e5d5c2,0.21688034188034186,True,,
obs_ddbc298f7c4df1aede53d5d6,obs_11180e544727ce850ebf3a6a,derived_control,derived_control,randomized_edge_control,label_permutation_control,bsig_3b1c1a5f56bb03b20611587b,bsig_8e7a52f1a727043c61e5d5c2,0.3387474057665475,True,,
obs_ddbc298f7c4df1aede53d5d6,obs_979ad629051487c82499339e,derived_control,derived_control,randomized_edge_control,generic_graph_operator_control,bsig_3b1c1a5f56bb03b20611587b,bsig_793bb0a29a9abfe233b6d670,0.4787657346643209,True,,
obs_ddbc298f7c4df1aede53d5d6,obs_2c0e6630085a94e0f0b4dd07,derived_control,derived_control,randomized_edge_control,generic_graph_operator_control,bsig_3b1c1a5f56bb03b20611587b,bsig_793bb0a29a9abfe233b6d670,0.42377466321165785,True,,
obs_ddbc298f7c4df1aede53d5d6,obs_0033e7ce631563262f7b0bbe,derived_control,derived_control,randomized_edge_control,generic_graph_operator_control,bsig_3b1c1a5f56bb03b20611587b,bsig_793bb0a29a9abfe233b6d670,0.4332998491499848,True,,
obs_ddbc298f7c4df1aede53d5d6,obs_118430be7d682f480e3902ea,derived_control,derived_control,randomized_edge_control,generic_graph_operator_control,bsig_3b1c1a5f56bb03b20611587b,bsig_793bb0a29a9abfe233b6d670,0.45166271596049923,True,,
obs_ddbc298f7c4df1aede53d5d6,obs_8f4c211fcf3841317e300fd0,derived_control,derived_control,randomized_edge_control,generic_graph_operator_control,bsig_3b1c1a5f56bb03b20611587b,bsig_793bb0a29a9abfe233b6d670,0.3504629629629629,True,,
obs_ddbc298f7c4df1aede53d5d6,obs_ae30906415b62baef858fb35,derived_control,derived_control,randomized_edge_control,generic_graph_operator_control,bsig_3b1c1a5f56bb03b20611587b,bsig_793bb0a29a9abfe233b6d670,0.4723300268491685,True,,
obs_ddbc298f7c4df1aede53d5d6,obs_2b1c4b4fddba864cb9f9f25f,derived_control,derived_control,randomized_edge_control,seed_repeat_control,bsig_3b1c1a5f56bb03b20611587b,bsig_53d374d66c9dffe0861a6d49,0.3001281685267547,True,,
obs_ddbc298f7c4df1aede53d5d6,obs_65dfe5e65cb70d7cb499d482,derived_control,derived_control,randomized_edge_control,seed_repeat_control,bsig_3b1c1a5f56bb03b20611587b,bsig_53d374d66c9dffe0861a6d49,0.24629149822849292,True,,
obs_ddbc298f7c4df1aede53d5d6,obs_f622bfcc3394ff0a255f9f83,derived_control,derived_control,randomized_edge_control,seed_repeat_control,bsig_3b1c1a5f56bb03b20611587b,bsig_53d374d66c9dffe0861a6d49,0.3030749814251171,True,,
obs_ddbc298f7c4df1aede53d5d6,obs_57728f48826a986fe1ea83d9,derived_control,derived_control,randomized_edge_control,seed_repeat_control,bsig_3b1c1a5f56bb03b20611587b,bsig_53d374d66c9dffe0861a6d49,0.3095330863308697,True,,
obs_ddbc298f7c4df1aede53d5d6,obs_c740a30388dc20122927f42a,derived_control,derived_control,randomized_edge_control,seed_repeat_control,bsig_3b1c1a5f56bb03b20611587b,bsig_53d374d66c9dffe0861a6d49,0.17182539682539683,True,,
obs_ddbc298f7c4df1aede53d5d6,obs_04fbf535deaa3a11fe4345ca,derived_control,derived_control,randomized_edge_control,seed_repeat_control,bsig_3b1c1a5f56bb03b20611587b,bsig_53d374d66c9dffe0861a6d49,0.29484686186600356,True,,
obs_ddbc298f7c4df1aede53d5d6,obs_d36d9fb3b1f089bbbf821e5c,derived_control,derived_control,randomized_edge_control,parameter_matched_null_control,bsig_3b1c1a5f56bb03b20611587b,bsig_f61a89a0172a79f5d96cd71c,0.6076404305209385,True,,
obs_ddbc298f7c4df1aede53d5d6,obs_93659ee4b3b5fdadf510315f,derived_control,derived_control,randomized_edge_control,parameter_matched_null_control,bsig_3b1c1a5f56bb03b20611587b,bsig_f61a89a0172a79f5d96cd71c,0.6216552944665167,True,,
obs_ddbc298f7c4df1aede53d5d6,obs_5a7521167226bbafcd5c6ba8,derived_control,derived_control,randomized_edge_control,parameter_matched_null_control,bsig_3b1c1a5f56bb03b20611587b,bsig_f61a89a0172a79f5d96cd71c,0.6425682411205192,True,,
obs_ddbc298f7c4df1aede53d5d6,obs_9b1c5f0213d9d0fc1a3fff27,derived_control,derived_control,randomized_edge_control,parameter_matched_null_control,bsig_3b1c1a5f56bb03b20611587b,bsig_f61a89a0172a79f5d96cd71c,0.6553863335241474,True,,
obs_ddbc298f7c4df1aede53d5d6,obs_062eb3c1dd90468a63227d7f,derived_control,derived_control,randomized_edge_control,parameter_matched_null_control,bsig_3b1c1a5f56bb03b20611587b,bsig_f61a89a0172a79f5d96cd71c,0.6057168692129606,True,,
obs_ddbc298f7c4df1aede53d5d6,obs_e93f92e26db8b9c29005cc9e,derived_control,derived_control,randomized_edge_control,parameter_matched_null_control,bsig_3b1c1a5f56bb03b20611587b,bsig_f61a89a0172a79f5d96cd71c,0.6200151827050241,True,,
obs_3f2760e857afefe81bf772fe,obs_c21d789f14a613fc6b0083e2,derived_control,target,randomized_edge_control,target,bsig_3b1c1a5f56bb03b20611587b,bsig_53d374d66c9dffe0861a6d49,0.3507238635342491,True,,
obs_3f2760e857afefe81bf772fe,obs_afd8912a0e32fb71b5407b81,derived_control,frozen_control,randomized_edge_control,periodic_diagonal_augmented_control,bsig_3b1c1a5f56bb03b20611587b,bsig_c70af5951ff4d9712678a20b,0.37700951743742206,True,,
obs_3f2760e857afefe81bf772fe,obs_ed1f0ceddbbf708b259ea1a6,derived_control,target,randomized_edge_control,target,bsig_3b1c1a5f56bb03b20611587b,bsig_53d374d66c9dffe0861a6d49,0.2334850539920702,True,,
obs_3f2760e857afefe81bf772fe,obs_46ade388243f3a4581ba4489,derived_control,frozen_control,randomized_edge_control,periodic_diagonal_augmented_control,bsig_3b1c1a5f56bb03b20611587b,bsig_c70af5951ff4d9712678a20b,0.30248193667347667,True,,
obs_3f2760e857afefe81bf772fe,obs_8de73c59341ac382087fba03,derived_control,target,randomized_edge_control,target,bsig_3b1c1a5f56bb03b20611587b,bsig_53d374d66c9dffe0861a6d49,0.35905248388213806,True,,
obs_3f2760e857afefe81bf772fe,obs_4b958084812d6435763f9a05,derived_control,frozen_control,randomized_edge_control,periodic_diagonal_augmented_control,bsig_3b1c1a5f56bb03b20611587b,bsig_1364358a857deba241e04538,0.4386617458985275,True,,
obs_3f2760e857afefe81bf772fe,obs_ea0aca853f3046642f451b7d,derived_control,target,randomized_edge_control,target,bsig_3b1c1a5f56bb03b20611587b,bsig_53d374d66c9dffe0861a6d49,0.25375835899014604,True,,
obs_3f2760e857afefe81bf772fe,obs_1163ec91dc845e4ed94d462a,derived_control,frozen_control,randomized_edge_control,periodic_diagonal_augmented_control,bsig_3b1c1a5f56bb03b20611587b,bsig_1364358a857deba241e04538,0.3065542788682221,True,,
obs_3f2760e857afefe81bf772fe,obs_d6eeaa59b08b0f1c4897f8db,derived_control,target,randomized_edge_control,target,bsig_3b1c1a5f56bb03b20611587b,bsig_53d374d66c9dffe0861a6d49,0.29369246071160243,True,,
obs_3f2760e857afefe81bf772fe,obs_86701919f4db014d1d236f54,derived_control,frozen_control,randomized_edge_control,periodic_diagonal_augmented_control,bsig_3b1c1a5f56bb03b20611587b,bsig_53d374d66c9dffe0861a6d49,0.4023378138210995,True,,
obs_3f2760e857afefe81bf772fe,obs_8c347ec96417e5677cdb8ad0,derived_control,target,randomized_edge_control,target,bsig_3b1c1a5f56bb03b20611587b,bsig_53d374d66c9dffe0861a6d49,0.17297979797979796,True,,
obs_3f2760e857afefe81bf772fe,obs_624a249c44d428f10aa73463,derived_control,frozen_control,randomized_edge_control,periodic_diagonal_augmented_control,bsig_3b1c1a5f56bb03b20611587b,bsig_53d374d66c9dffe0861a6d49,0.2653091567486172,True,,
obs_3f2760e857afefe81bf772fe,obs_e43b79a2ef68469ae989ae1e,derived_control,derived_control,randomized_edge_control,shuffled_structure_control,bsig_3b1c1a5f56bb03b20611587b,bsig_bb01a7c1d0ca9b191d52310d,0.36775128056166617,True,,
obs_3f2760e857afefe81bf772fe,obs_c887eb3bf0ab4011d4084e3a,derived_control,derived_control,randomized_edge_control,shuffled_structure_control,bsig_3b1c1a5f56bb03b20611587b,bsig_bb01a7c1d0ca9b191d52310d,0.24935806986508607,True,,
obs_3f2760e857afefe81bf772fe,obs_57e35110e54898bdbe032c98,derived_control,derived_control,randomized_edge_control,shuffled_structure_control,bsig_3b1c1a5f56bb03b20611587b,bsig_bb01a7c1d0ca9b191d52310d,0.363020737850392,True,,
obs_3f2760e857afefe81bf772fe,obs_2d439625692f7d83d54dd8c5,derived_control,derived_control,randomized_edge_control,shuffled_structure_control,bsig_3b1c1a5f56bb03b20611587b,bsig_bb01a7c1d0ca9b191d52310d,0.2696313748631619,True,,
obs_3f2760e857afefe81bf772fe,obs_ee93d740f305035b42ac22c5,derived_control,derived_control,randomized_edge_control,shuffled_structure_control,bsig_3b1c1a5f56bb03b20611587b,bsig_bb01a7c1d0ca9b191d52310d,0.31071987773901943,True,,
obs_3f2760e857afefe81bf772fe,obs_590502ed80ee4f9526a00243,derived_control,derived_control,randomized_edge_control,shuffled_structure_control,bsig_3b1c1a5f56bb03b20611587b,bsig_bb01a7c1d0ca9b191d52310d,0.18885281385281383,True,,
obs_3f2760e857afefe81bf772fe,obs_cd8cd88cb9618af0705bbf06,derived_control,derived_control,randomized_edge_control,randomized_edge_control,bsig_3b1c1a5f56bb03b20611587b,bsig_3b1c1a5f56bb03b20611587b,0.17889846670885232,True,,
obs_3f2760e857afefe81bf772fe,obs_448f4e11eb5a27dd4f60b644,derived_control,derived_control,randomized_edge_control,randomized_edge_control,bsig_3b1c1a5f56bb03b20611587b,bsig_3b1c1a5f56bb03b20611587b,0.06050525601227224,True,,
obs_3f2760e857afefe81bf772fe,obs_fa7bd1db2d6a1d5f66733a16,derived_control,derived_control,randomized_edge_control,randomized_edge_control,bsig_3b1c1a5f56bb03b20611587b,bsig_3b1c1a5f56bb03b20611587b,0.1741679239975782,True,,
obs_3f2760e857afefe81bf772fe,obs_3f3cbf5fee77e89478120a3b,derived_control,derived_control,randomized_edge_control,randomized_edge_control,bsig_3b1c1a5f56bb03b20611587b,bsig_3b1c1a5f56bb03b20611587b,0.08077856101034808,True,,
obs_3f2760e857afefe81bf772fe,obs_ddbc298f7c4df1aede53d5d6,derived_control,derived_control,randomized_edge_control,randomized_edge_control,bsig_3b1c1a5f56bb03b20611587b,bsig_3b1c1a5f56bb03b20611587b,0.1218670638862056,True,,
obs_3f2760e857afefe81bf772fe,obs_3f2760e857afefe81bf772fe,derived_control,derived_control,randomized_edge_control,randomized_edge_control,bsig_3b1c1a5f56bb03b20611587b,bsig_3b1c1a5f56bb03b20611587b,0.0,True,,
obs_3f2760e857afefe81bf772fe,obs_1aa1fc186c905e7ffa16d2d4,derived_control,derived_control,randomized_edge_control,degraded_signal_control,bsig_3b1c1a5f56bb03b20611587b,bsig_8527b27b7d47cca4b9594df9,0.4453459931266486,True,,
obs_3f2760e857afefe81bf772fe,obs_e9c8066d01dd67e1f9d375ef,derived_control,derived_control,randomized_edge_control,degraded_signal_control,bsig_3b1c1a5f56bb03b20611587b,bsig_1095c101d561009a130e1133,0.3553061735737608,True,,
obs_3f2760e857afefe81bf772fe,obs_aabd161899dc613ecf88b1d9,derived_control,derived_control,randomized_edge_control,degraded_signal_control,bsig_3b1c1a5f56bb03b20611587b,bsig_5fc2cc8106fba2b64bc8c905,0.4276767466523187,True,,
obs_3f2760e857afefe81bf772fe,obs_322c862d474a379bd8df7674,derived_control,derived_control,randomized_edge_control,degraded_signal_control,bsig_3b1c1a5f56bb03b20611587b,bsig_1095c101d561009a130e1133,0.3766174386667121,True,,
obs_3f2760e857afefe81bf772fe,obs_4ef6a9c1a3b2d0659064e20b,derived_control,derived_control,randomized_edge_control,degraded_signal_control,bsig_3b1c1a5f56bb03b20611587b,bsig_8527b27b7d47cca4b9594df9,0.37683524498547105,True,,
obs_3f2760e857afefe81bf772fe,obs_7d8b6ee929f2a0a0cf7af8f5,derived_control,derived_control,randomized_edge_control,degraded_signal_control,bsig_3b1c1a5f56bb03b20611587b,bsig_1095c101d561009a130e1133,0.3003381121082968,True,,
obs_3f2760e857afefe81bf772fe,obs_b41d2dded4b9ccd5ecd128d5,derived_control,derived_control,randomized_edge_control,label_permutation_control,bsig_3b1c1a5f56bb03b20611587b,bsig_8e7a52f1a727043c61e5d5c2,0.3957788085891942,True,,
obs_3f2760e857afefe81bf772fe,obs_a3582497f15ead2a2fc1280f,derived_control,derived_control,randomized_edge_control,label_permutation_control,bsig_3b1c1a5f56bb03b20611587b,bsig_8e7a52f1a727043c61e5d5c2,0.2773855978926141,True,,
obs_3f2760e857afefe81bf772fe,obs_f855844ba74f991c9ab0ba6d,derived_control,derived_control,randomized_edge_control,label_permutation_control,bsig_3b1c1a5f56bb03b20611587b,bsig_8e7a52f1a727043c61e5d5c2,0.3910482658779201,True,,
obs_3f2760e857afefe81bf772fe,obs_20877377330b5094380e86df,derived_control,derived_control,randomized_edge_control,label_permutation_control,bsig_3b1c1a5f56bb03b20611587b,bsig_8e7a52f1a727043c61e5d5c2,0.29765890289068997,True,,
obs_3f2760e857afefe81bf772fe,obs_8d92e32fec459dd0746ec799,derived_control,derived_control,randomized_edge_control,label_permutation_control,bsig_3b1c1a5f56bb03b20611587b,bsig_8e7a52f1a727043c61e5d5c2,0.3387474057665475,True,,
obs_3f2760e857afefe81bf772fe,obs_11180e544727ce850ebf3a6a,derived_control,derived_control,randomized_edge_control,label_permutation_control,bsig_3b1c1a5f56bb03b20611587b,bsig_8e7a52f1a727043c61e5d5c2,0.21688034188034186,True,,
obs_3f2760e857afefe81bf772fe,obs_979ad629051487c82499339e,derived_control,derived_control,randomized_edge_control,generic_graph_operator_control,bsig_3b1c1a5f56bb03b20611587b,bsig_793bb0a29a9abfe233b6d670,0.5293614296718152,True,,
obs_3f2760e857afefe81bf772fe,obs_2c0e6630085a94e0f0b4dd07,derived_control,derived_control,randomized_edge_control,generic_graph_operator_control,bsig_3b1c1a5f56bb03b20611587b,bsig_793bb0a29a9abfe233b6d670,0.41096821897523517,True,,
obs_3f2760e857afefe81bf772fe,obs_0033e7ce631563262f7b0bbe,derived_control,derived_control,randomized_edge_control,generic_graph_operator_control,bsig_3b1c1a5f56bb03b20611587b,bsig_793bb0a29a9abfe233b6d670,0.48927735160700575,True,,
obs_3f2760e857afefe81bf772fe,obs_118430be7d682f480e3902ea,derived_control,derived_control,randomized_edge_control,generic_graph_operator_control,bsig_3b1c1a5f56bb03b20611587b,bsig_793bb0a29a9abfe233b6d670,0.39588798861977564,True,,
obs_3f2760e857afefe81bf772fe,obs_8f4c211fcf3841317e300fd0,derived_control,derived_control,randomized_edge_control,generic_graph_operator_control,bsig_3b1c1a5f56bb03b20611587b,bsig_793bb0a29a9abfe233b6d670,0.4723300268491685,True,,
obs_3f2760e857afefe81bf772fe,obs_ae30906415b62baef858fb35,derived_control,derived_control,randomized_edge_control,generic_graph_operator_control,bsig_3b1c1a5f56bb03b20611587b,bsig_793bb0a29a9abfe233b6d670,0.3504629629629629,True,,
obs_3f2760e857afefe81bf772fe,obs_2b1c4b4fddba864cb9f9f25f,derived_control,derived_control,randomized_edge_control,seed_repeat_control,bsig_3b1c1a5f56bb03b20611587b,bsig_53d374d66c9dffe0861a6d49,0.3507238635342491,True,,
obs_3f2760e857afefe81bf772fe,obs_65dfe5e65cb70d7cb499d482,derived_control,derived_control,randomized_edge_control,seed_repeat_control,bsig_3b1c1a5f56bb03b20611587b,bsig_53d374d66c9dffe0861a6d49,0.2334850539920702,True,,
obs_3f2760e857afefe81bf772fe,obs_f622bfcc3394ff0a255f9f83,derived_control,derived_control,randomized_edge_control,seed_repeat_control,bsig_3b1c1a5f56bb03b20611587b,bsig_53d374d66c9dffe0861a6d49,0.35905248388213806,True,,
obs_3f2760e857afefe81bf772fe,obs_57728f48826a986fe1ea83d9,derived_control,derived_control,randomized_edge_control,seed_repeat_control,bsig_3b1c1a5f56bb03b20611587b,bsig_53d374d66c9dffe0861a6d49,0.25375835899014604,True,,
obs_3f2760e857afefe81bf772fe,obs_c740a30388dc20122927f42a,derived_control,derived_control,randomized_edge_control,seed_repeat_control,bsig_3b1c1a5f56bb03b20611587b,bsig_53d374d66c9dffe0861a6d49,0.29369246071160243,True,,
obs_3f2760e857afefe81bf772fe,obs_04fbf535deaa3a11fe4345ca,derived_control,derived_control,randomized_edge_control,seed_repeat_control,bsig_3b1c1a5f56bb03b20611587b,bsig_53d374d66c9dffe0861a6d49,0.17297979797979796,True,,
obs_3f2760e857afefe81bf772fe,obs_d36d9fb3b1f089bbbf821e5c,derived_control,derived_control,randomized_edge_control,parameter_matched_null_control,bsig_3b1c1a5f56bb03b20611587b,bsig_f61a89a0172a79f5d96cd71c,0.621938744013002,True,,
obs_3f2760e857afefe81bf772fe,obs_93659ee4b3b5fdadf510315f,derived_control,derived_control,randomized_edge_control,parameter_matched_null_control,bsig_3b1c1a5f56bb03b20611587b,bsig_f61a89a0172a79f5d96cd71c,0.6073569809744532,True,,
obs_3f2760e857afefe81bf772fe,obs_5a7521167226bbafcd5c6ba8,derived_control,derived_control,randomized_edge_control,parameter_matched_null_control,bsig_3b1c1a5f56bb03b20611587b,bsig_f61a89a0172a79f5d96cd71c,0.6554808119821973,True,,
obs_3f2760e857afefe81bf772fe,obs_9b1c5f0213d9d0fc1a3fff27,derived_control,derived_control,randomized_edge_control,parameter_matched_null_control,bsig_3b1c1a5f56bb03b20611587b,bsig_f61a89a0172a79f5d96cd71c,0.6410880200320839,True,,
obs_3f2760e857afefe81bf772fe,obs_062eb3c1dd90468a63227d7f,derived_control,derived_control,randomized_edge_control,parameter_matched_null_control,bsig_3b1c1a5f56bb03b20611587b,bsig_f61a89a0172a79f5d96cd71c,0.6200151827050241,True,,
obs_3f2760e857afefe81bf772fe,obs_e93f92e26db8b9c29005cc9e,derived_control,derived_control,randomized_edge_control,parameter_matched_null_control,bsig_3b1c1a5f56bb03b20611587b,bsig_f61a89a0172a79f5d96cd71c,0.6057168692129606,True,,
obs_1aa1fc186c905e7ffa16d2d4,obs_c21d789f14a613fc6b0083e2,derived_control,target,degraded_signal_control,target,bsig_8527b27b7d47cca4b9594df9,bsig_53d374d66c9dffe0861a6d49,0.3119372450535912,True,,
obs_1aa1fc186c905e7ffa16d2d4,obs_afd8912a0e32fb71b5407b81,derived_control,frozen_control,degraded_signal_control,periodic_diagonal_augmented_control,bsig_8527b27b7d47cca4b9594df9,bsig_c70af5951ff4d9712678a20b,0.42986903225935175,True,,
obs_1aa1fc186c905e7ffa16d2d4,obs_ed1f0ceddbbf708b259ea1a6,derived_control,target,degraded_signal_control,target,bsig_8527b27b7d47cca4b9594df9,bsig_53d374d66c9dffe0861a6d49,0.43877113251544736,True,,
obs_1aa1fc186c905e7ffa16d2d4,obs_46ade388243f3a4581ba4489,derived_control,frozen_control,degraded_signal_control,periodic_diagonal_augmented_control,bsig_8527b27b7d47cca4b9594df9,bsig_c70af5951ff4d9712678a20b,0.47598095585167766,True,,
obs_1aa1fc186c905e7ffa16d2d4,obs_8de73c59341ac382087fba03,derived_control,target,degraded_signal_control,target,bsig_8527b27b7d47cca4b9594df9,bsig_53d374d66c9dffe0861a6d49,0.37999860422034054,True,,
obs_1aa1fc186c905e7ffa16d2d4,obs_4b958084812d6435763f9a05,derived_control,frozen_control,degraded_signal_control,periodic_diagonal_augmented_control,bsig_8527b27b7d47cca4b9594df9,bsig_1364358a857deba241e04538,0.46162239354967205,True,,
obs_1aa1fc186c905e7ffa16d2d4,obs_ea0aca853f3046642f451b7d,derived_control,target,degraded_signal_control,target,bsig_8527b27b7d47cca4b9594df9,bsig_53d374d66c9dffe0861a6d49,0.47828150902389066,True,,
obs_1aa1fc186c905e7ffa16d2d4,obs_1163ec91dc845e4ed94d462a,derived_control,frozen_control,degraded_signal_control,periodic_diagonal_augmented_control,bsig_8527b27b7d47cca4b9594df9,bsig_1364358a857deba241e04538,0.4844795837370007,True,,
obs_1aa1fc186c905e7ffa16d2d4,obs_d6eeaa59b08b0f1c4897f8db,derived_control,target,degraded_signal_control,target,bsig_8527b27b7d47cca4b9594df9,bsig_53d374d66c9dffe0861a6d49,0.40445006583146575,True,,
obs_1aa1fc186c905e7ffa16d2d4,obs_86701919f4db014d1d236f54,derived_control,frozen_control,degraded_signal_control,periodic_diagonal_augmented_control,bsig_8527b27b7d47cca4b9594df9,bsig_53d374d66c9dffe0861a6d49,0.3693295894495551,True,,
obs_1aa1fc186c905e7ffa16d2d4,obs_8c347ec96417e5677cdb8ad0,derived_control,target,degraded_signal_control,target,bsig_8527b27b7d47cca4b9594df9,bsig_53d374d66c9dffe0861a6d49,0.4532825010631565,True,,
obs_1aa1fc186c905e7ffa16d2d4,obs_624a249c44d428f10aa73463,derived_control,frozen_control,degraded_signal_control,periodic_diagonal_augmented_control,bsig_8527b27b7d47cca4b9594df9,bsig_53d374d66c9dffe0861a6d49,0.47852298458580295,True,,
obs_1aa1fc186c905e7ffa16d2d4,obs_e43b79a2ef68469ae989ae1e,derived_control,derived_control,degraded_signal_control,shuffled_structure_control,bsig_8527b27b7d47cca4b9594df9,bsig_bb01a7c1d0ca9b191d52310d,0.2745995827159289,True,,
obs_1aa1fc186c905e7ffa16d2d4,obs_c887eb3bf0ab4011d4084e3a,derived_control,derived_control,degraded_signal_control,shuffled_structure_control,bsig_8527b27b7d47cca4b9594df9,bsig_bb01a7c1d0ca9b191d52310d,0.405401724146039,True,,
obs_1aa1fc186c905e7ffa16d2d4,obs_57e35110e54898bdbe032c98,derived_control,derived_control,degraded_signal_control,shuffled_structure_control,bsig_8527b27b7d47cca4b9594df9,bsig_bb01a7c1d0ca9b191d52310d,0.35023669945843583,True,,
obs_1aa1fc186c905e7ffa16d2d4,obs_2d439625692f7d83d54dd8c5,derived_control,derived_control,degraded_signal_control,shuffled_structure_control,bsig_8527b27b7d47cca4b9594df9,bsig_bb01a7c1d0ca9b191d52310d,0.4449121006544823,True,,
obs_1aa1fc186c905e7ffa16d2d4,obs_ee93d740f305035b42ac22c5,derived_control,derived_control,degraded_signal_control,shuffled_structure_control,bsig_8527b27b7d47cca4b9594df9,bsig_bb01a7c1d0ca9b191d52310d,0.3671124034938034,True,,
obs_1aa1fc186c905e7ffa16d2d4,obs_590502ed80ee4f9526a00243,derived_control,derived_control,degraded_signal_control,shuffled_structure_control,bsig_8527b27b7d47cca4b9594df9,bsig_bb01a7c1d0ca9b191d52310d,0.4199130926937481,True,,
obs_1aa1fc186c905e7ffa16d2d4,obs_cd8cd88cb9618af0705bbf06,derived_control,derived_control,degraded_signal_control,randomized_edge_control,bsig_8527b27b7d47cca4b9594df9,bsig_3b1c1a5f56bb03b20611587b,0.30003248314882935,True,,
obs_1aa1fc186c905e7ffa16d2d4,obs_448f4e11eb5a27dd4f60b644,derived_control,derived_control,degraded_signal_control,randomized_edge_control,bsig_8527b27b7d47cca4b9594df9,bsig_3b1c1a5f56bb03b20611587b,0.4308346245789394,True,,
obs_1aa1fc186c905e7ffa16d2d4,obs_fa7bd1db2d6a1d5f66733a16,derived_control,derived_control,degraded_signal_control,randomized_edge_control,bsig_8527b27b7d47cca4b9594df9,bsig_3b1c1a5f56bb03b20611587b,0.37566959989133625,True,,
obs_1aa1fc186c905e7ffa16d2d4,obs_3f3cbf5fee77e89478120a3b,derived_control,derived_control,degraded_signal_control,randomized_edge_control,bsig_8527b27b7d47cca4b9594df9,bsig_3b1c1a5f56bb03b20611587b,0.4703450010873827,True,,
obs_1aa1fc186c905e7ffa16d2d4,obs_ddbc298f7c4df1aede53d5d6,derived_control,derived_control,degraded_signal_control,randomized_edge_control,bsig_8527b27b7d47cca4b9594df9,bsig_3b1c1a5f56bb03b20611587b,0.39254530392670384,True,,
obs_1aa1fc186c905e7ffa16d2d4,obs_3f2760e857afefe81bf772fe,derived_control,derived_control,degraded_signal_control,randomized_edge_control,bsig_8527b27b7d47cca4b9594df9,bsig_3b1c1a5f56bb03b20611587b,0.4453459931266486,True,,
obs_1aa1fc186c905e7ffa16d2d4,obs_1aa1fc186c905e7ffa16d2d4,derived_control,derived_control,degraded_signal_control,degraded_signal_control,bsig_8527b27b7d47cca4b9594df9,bsig_8527b27b7d47cca4b9594df9,0.0,True,,
obs_1aa1fc186c905e7ffa16d2d4,obs_e9c8066d01dd67e1f9d375ef,derived_control,derived_control,degraded_signal_control,degraded_signal_control,bsig_8527b27b7d47cca4b9594df9,bsig_1095c101d561009a130e1133,0.2693081163455697,True,,
obs_1aa1fc186c905e7ffa16d2d4,obs_aabd161899dc613ecf88b1d9,derived_control,derived_control,degraded_signal_control,degraded_signal_control,bsig_8527b27b7d47cca4b9594df9,bsig_5fc2cc8106fba2b64bc8c905,0.20471094311404925,True,,
obs_1aa1fc186c905e7ffa16d2d4,obs_322c862d474a379bd8df7674,derived_control,derived_control,degraded_signal_control,degraded_signal_control,bsig_8527b27b7d47cca4b9594df9,bsig_1095c101d561009a130e1133,0.3170358917242016,True,,
obs_1aa1fc186c905e7ffa16d2d4,obs_4ef6a9c1a3b2d0659064e20b,derived_control,derived_control,degraded_signal_control,degraded_signal_control,bsig_8527b27b7d47cca4b9594df9,bsig_8527b27b7d47cca4b9594df9,0.12794153285512036,True,,
obs_1aa1fc186c905e7ffa16d2d4,obs_7d8b6ee929f2a0a0cf7af8f5,derived_control,derived_control,degraded_signal_control,degraded_signal_control,bsig_8527b27b7d47cca4b9594df9,bsig_1095c101d561009a130e1133,0.28766421198959885,True,,
obs_1aa1fc186c905e7ffa16d2d4,obs_b41d2dded4b9ccd5ecd128d5,derived_control,derived_control,degraded_signal_control,label_permutation_control,bsig_8527b27b7d47cca4b9594df9,bsig_8e7a52f1a727043c61e5d5c2,0.3284207615371077,True,,
obs_1aa1fc186c905e7ffa16d2d4,obs_a3582497f15ead2a2fc1280f,derived_control,derived_control,degraded_signal_control,label_permutation_control,bsig_8527b27b7d47cca4b9594df9,bsig_8e7a52f1a727043c61e5d5c2,0.4592229029672178,True,,
obs_1aa1fc186c905e7ffa16d2d4,obs_f855844ba74f991c9ab0ba6d,derived_control,derived_control,degraded_signal_control,label_permutation_control,bsig_8527b27b7d47cca4b9594df9,bsig_8e7a52f1a727043c61e5d5c2,0.40405787827961465,True,,
obs_1aa1fc186c905e7ffa16d2d4,obs_20877377330b5094380e86df,derived_control,derived_control,degraded_signal_control,label_permutation_control,bsig_8527b27b7d47cca4b9594df9,bsig_8e7a52f1a727043c61e5d5c2,0.4987332794756611,True,,
obs_1aa1fc186c905e7ffa16d2d4,obs_8d92e32fec459dd0746ec799,derived_control,derived_control,degraded_signal_control,label_permutation_control,bsig_8527b27b7d47cca4b9594df9,bsig_8e7a52f1a727043c61e5d5c2,0.42093358231498224,True,,
obs_1aa1fc186c905e7ffa16d2d4,obs_11180e544727ce850ebf3a6a,derived_control,derived_control,degraded_signal_control,label_permutation_control,bsig_8527b27b7d47cca4b9594df9,bsig_8e7a52f1a727043c61e5d5c2,0.473734271514927,True,,
obs_1aa1fc186c905e7ffa16d2d4,obs_979ad629051487c82499339e,derived_control,derived_control,degraded_signal_control,generic_graph_operator_control,bsig_8527b27b7d47cca4b9594df9,bsig_793bb0a29a9abfe233b6d670,0.4620033826197288,True,,
obs_1aa1fc186c905e7ffa16d2d4,obs_2c0e6630085a94e0f0b4dd07,derived_control,derived_control,degraded_signal_control,generic_graph_operator_control,bsig_8527b27b7d47cca4b9594df9,bsig_793bb0a29a9abfe233b6d670,0.5928055240498389,True,,
obs_1aa1fc186c905e7ffa16d2d4,obs_0033e7ce631563262f7b0bbe,derived_control,derived_control,degraded_signal_control,generic_graph_operator_control,bsig_8527b27b7d47cca4b9594df9,bsig_793bb0a29a9abfe233b6d670,0.5022869640087003,True,,
obs_1aa1fc186c905e7ffa16d2d4,obs_118430be7d682f480e3902ea,derived_control,derived_control,degraded_signal_control,generic_graph_operator_control,bsig_8527b27b7d47cca4b9594df9,bsig_793bb0a29a9abfe233b6d670,0.5969623652047468,True,,
obs_1aa1fc186c905e7ffa16d2d4,obs_8f4c211fcf3841317e300fd0,derived_control,derived_control,degraded_signal_control,generic_graph_operator_control,bsig_8527b27b7d47cca4b9594df9,bsig_793bb0a29a9abfe233b6d670,0.5545162033976033,True,,
obs_1aa1fc186c905e7ffa16d2d4,obs_ae30906415b62baef858fb35,derived_control,derived_control,degraded_signal_control,generic_graph_operator_control,bsig_8527b27b7d47cca4b9594df9,bsig_793bb0a29a9abfe233b6d670,0.6073168925975481,True,,
obs_1aa1fc186c905e7ffa16d2d4,obs_2b1c4b4fddba864cb9f9f25f,derived_control,derived_control,degraded_signal_control,seed_repeat_control,bsig_8527b27b7d47cca4b9594df9,bsig_53d374d66c9dffe0861a6d49,0.3119372450535912,True,,
obs_1aa1fc186c905e7ffa16d2d4,obs_65dfe5e65cb70d7cb499d482,derived_control,derived_control,degraded_signal_control,seed_repeat_control,bsig_8527b27b7d47cca4b9594df9,bsig_53d374d66c9dffe0861a6d49,0.43877113251544736,True,,
obs_1aa1fc186c905e7ffa16d2d4,obs_f622bfcc3394ff0a255f9f83,derived_control,derived_control,degraded_signal_control,seed_repeat_control,bsig_8527b27b7d47cca4b9594df9,bsig_53d374d66c9dffe0861a6d49,0.37999860422034054,True,,
obs_1aa1fc186c905e7ffa16d2d4,obs_57728f48826a986fe1ea83d9,derived_control,derived_control,degraded_signal_control,seed_repeat_control,bsig_8527b27b7d47cca4b9594df9,bsig_53d374d66c9dffe0861a6d49,0.47828150902389066,True,,
obs_1aa1fc186c905e7ffa16d2d4,obs_c740a30388dc20122927f42a,derived_control,derived_control,degraded_signal_control,seed_repeat_control,bsig_8527b27b7d47cca4b9594df9,bsig_53d374d66c9dffe0861a6d49,0.40445006583146575,True,,
obs_1aa1fc186c905e7ffa16d2d4,obs_04fbf535deaa3a11fe4345ca,derived_control,derived_control,degraded_signal_control,seed_repeat_control,bsig_8527b27b7d47cca4b9594df9,bsig_53d374d66c9dffe0861a6d49,0.4532825010631565,True,,
obs_1aa1fc186c905e7ffa16d2d4,obs_d36d9fb3b1f089bbbf821e5c,derived_control,derived_control,degraded_signal_control,parameter_matched_null_control,bsig_8527b27b7d47cca4b9594df9,bsig_f61a89a0172a79f5d96cd71c,0.6014705846742314,True,,
obs_1aa1fc186c905e7ffa16d2d4,obs_93659ee4b3b5fdadf510315f,derived_control,derived_control,degraded_signal_control,parameter_matched_null_control,bsig_8527b27b7d47cca4b9594df9,bsig_f61a89a0172a79f5d96cd71c,0.6192647456719639,True,,
obs_1aa1fc186c905e7ffa16d2d4,obs_5a7521167226bbafcd5c6ba8,derived_control,derived_control,degraded_signal_control,parameter_matched_null_control,bsig_8527b27b7d47cca4b9594df9,bsig_f61a89a0172a79f5d96cd71c,0.6394544447412545,True,,
obs_1aa1fc186c905e7ffa16d2d4,obs_9b1c5f0213d9d0fc1a3fff27,derived_control,derived_control,degraded_signal_control,parameter_matched_null_control,bsig_8527b27b7d47cca4b9594df9,bsig_f61a89a0172a79f5d96cd71c,0.6530283931539528,True,,
obs_1aa1fc186c905e7ffa16d2d4,obs_062eb3c1dd90468a63227d7f,derived_control,derived_control,degraded_signal_control,parameter_matched_null_control,bsig_8527b27b7d47cca4b9594df9,bsig_f61a89a0172a79f5d96cd71c,0.6033941459822093,True,,
obs_1aa1fc186c905e7ffa16d2d4,obs_e93f92e26db8b9c29005cc9e,derived_control,derived_control,degraded_signal_control,parameter_matched_null_control,bsig_8527b27b7d47cca4b9594df9,bsig_f61a89a0172a79f5d96cd71c,0.6176924594742728,True,,
obs_e9c8066d01dd67e1f9d375ef,obs_c21d789f14a613fc6b0083e2,derived_control,target,degraded_signal_control,target,bsig_1095c101d561009a130e1133,bsig_53d374d66c9dffe0861a6d49,0.36238568296470997,True,,
obs_e9c8066d01dd67e1f9d375ef,obs_afd8912a0e32fb71b5407b81,derived_control,frozen_control,degraded_signal_control,periodic_diagonal_augmented_control,bsig_1095c101d561009a130e1133,bsig_c70af5951ff4d9712678a20b,0.48415177809295884,True,,
obs_e9c8066d01dd67e1f9d375ef,obs_ed1f0ceddbbf708b259ea1a6,derived_control,target,degraded_signal_control,target,bsig_1095c101d561009a130e1133,bsig_53d374d66c9dffe0861a6d49,0.3119372450535912,True,,
obs_e9c8066d01dd67e1f9d375ef,obs_46ade388243f3a4581ba4489,derived_control,frozen_control,degraded_signal_control,periodic_diagonal_augmented_control,bsig_1095c101d561009a130e1133,bsig_c70af5951ff4d9712678a20b,0.38200101892401844,True,,
obs_e9c8066d01dd67e1f9d375ef,obs_8de73c59341ac382087fba03,derived_control,target,degraded_signal_control,target,bsig_1095c101d561009a130e1133,bsig_53d374d66c9dffe0861a6d49,0.4078229493114726,True,,
obs_e9c8066d01dd67e1f9d375ef,obs_4b958084812d6435763f9a05,derived_control,frozen_control,degraded_signal_control,periodic_diagonal_augmented_control,bsig_1095c101d561009a130e1133,bsig_1364358a857deba241e04538,0.4769016532180395,True,,
obs_e9c8066d01dd67e1f9d375ef,obs_ea0aca853f3046642f451b7d,derived_control,target,degraded_signal_control,target,bsig_1095c101d561009a130e1133,bsig_53d374d66c9dffe0861a6d49,0.37714352894918557,True,,
obs_e9c8066d01dd67e1f9d375ef,obs_1163ec91dc845e4ed94d462a,derived_control,frozen_control,degraded_signal_control,periodic_diagonal_augmented_control,bsig_1095c101d561009a130e1133,bsig_1364358a857deba241e04538,0.3628747154805816,True,,
obs_e9c8066d01dd67e1f9d375ef,obs_d6eeaa59b08b0f1c4897f8db,derived_control,target,degraded_signal_control,target,bsig_1095c101d561009a130e1133,bsig_53d374d66c9dffe0861a6d49,0.36680978046357493,True,,
obs_e9c8066d01dd67e1f9d375ef,obs_86701919f4db014d1d236f54,derived_control,frozen_control,degraded_signal_control,periodic_diagonal_augmented_control,bsig_1095c101d561009a130e1133,bsig_53d374d66c9dffe0861a6d49,0.36835195085837047,True,,
obs_e9c8066d01dd67e1f9d375ef,obs_8c347ec96417e5677cdb8ad0,derived_control,target,degraded_signal_control,target,bsig_1095c101d561009a130e1133,bsig_53d374d66c9dffe0861a6d49,0.36685018511777234,True,,
obs_e9c8066d01dd67e1f9d375ef,obs_624a249c44d428f10aa73463,derived_control,frozen_control,degraded_signal_control,periodic_diagonal_augmented_control,bsig_1095c101d561009a130e1133,bsig_53d374d66c9dffe0861a6d49,0.36546040327539464,True,,
obs_e9c8066d01dd67e1f9d375ef,obs_e43b79a2ef68469ae989ae1e,derived_control,derived_control,degraded_signal_control,shuffled_structure_control,bsig_1095c101d561009a130e1133,bsig_bb01a7c1d0ca9b191d52310d,0.33659203217105915,True,,
obs_e9c8066d01dd67e1f9d375ef,obs_c887eb3bf0ab4011d4084e3a,derived_control,derived_control,degraded_signal_control,shuffled_structure_control,bsig_1095c101d561009a130e1133,bsig_bb01a7c1d0ca9b191d52310d,0.2821753402916865,True,,
obs_e9c8066d01dd67e1f9d375ef,obs_57e35110e54898bdbe032c98,derived_control,derived_control,degraded_signal_control,shuffled_structure_control,bsig_1095c101d561009a130e1133,bsig_bb01a7c1d0ca9b191d52310d,0.3896050560935794,True,,
obs_e9c8066d01dd67e1f9d375ef,obs_2d439625692f7d83d54dd8c5,derived_control,derived_control,degraded_signal_control,shuffled_structure_control,bsig_1095c101d561009a130e1133,bsig_bb01a7c1d0ca9b191d52310d,0.3473816241872808,True,,
obs_e9c8066d01dd67e1f9d375ef,obs_ee93d740f305035b42ac22c5,derived_control,derived_control,degraded_signal_control,shuffled_structure_control,bsig_1095c101d561009a130e1133,bsig_bb01a7c1d0ca9b191d52310d,0.3410161296699242,True,,
obs_e9c8066d01dd67e1f9d375ef,obs_590502ed80ee4f9526a00243,derived_control,derived_control,degraded_signal_control,shuffled_structure_control,bsig_1095c101d561009a130e1133,bsig_bb01a7c1d0ca9b191d52310d,0.3370882803558676,True,,
obs_e9c8066d01dd67e1f9d375ef,obs_cd8cd88cb9618af0705bbf06,derived_control,derived_control,degraded_signal_control,randomized_edge_control,bsig_1095c101d561009a130e1133,bsig_3b1c1a5f56bb03b20611587b,0.3548099253889524,True,,
obs_e9c8066d01dd67e1f9d375ef,obs_448f4e11eb5a27dd4f60b644,derived_control,derived_control,degraded_signal_control,randomized_edge_control,bsig_1095c101d561009a130e1133,bsig_3b1c1a5f56bb03b20611587b,0.3003932335095797,True,,
obs_e9c8066d01dd67e1f9d375ef,obs_fa7bd1db2d6a1d5f66733a16,derived_control,derived_control,degraded_signal_control,randomized_edge_control,bsig_1095c101d561009a130e1133,bsig_3b1c1a5f56bb03b20611587b,0.4078229493114726,True,,
obs_e9c8066d01dd67e1f9d375ef,obs_3f3cbf5fee77e89478120a3b,derived_control,derived_control,degraded_signal_control,randomized_edge_control,bsig_1095c101d561009a130e1133,bsig_3b1c1a5f56bb03b20611587b,0.36559951740517405,True,,
obs_e9c8066d01dd67e1f9d375ef,obs_ddbc298f7c4df1aede53d5d6,derived_control,derived_control,degraded_signal_control,randomized_edge_control,bsig_1095c101d561009a130e1133,bsig_3b1c1a5f56bb03b20611587b,0.35923402288781736,True,,
obs_e9c8066d01dd67e1f9d375ef,obs_3f2760e857afefe81bf772fe,derived_control,derived_control,degraded_signal_control,randomized_edge_control,bsig_1095c101d561009a130e1133,bsig_3b1c1a5f56bb03b20611587b,0.3553061735737608,True,,
obs_e9c8066d01dd67e1f9d375ef,obs_1aa1fc186c905e7ffa16d2d4,derived_control,derived_control,degraded_signal_control,degraded_signal_control,bsig_1095c101d561009a130e1133,bsig_8527b27b7d47cca4b9594df9,0.2693081163455697,True,,
obs_e9c8066d01dd67e1f9d375ef,obs_e9c8066d01dd67e1f9d375ef,derived_control,derived_control,degraded_signal_control,degraded_signal_control,bsig_1095c101d561009a130e1133,bsig_1095c101d561009a130e1133,0.0,True,,
obs_e9c8066d01dd67e1f9d375ef,obs_aabd161899dc613ecf88b1d9,derived_control,derived_control,degraded_signal_control,degraded_signal_control,bsig_1095c101d561009a130e1133,bsig_5fc2cc8106fba2b64bc8c905,0.2836018279609934,True,,
obs_e9c8066d01dd67e1f9d375ef,obs_322c862d474a379bd8df7674,derived_control,derived_control,degraded_signal_control,degraded_signal_control,bsig_1095c101d561009a130e1133,bsig_1095c101d561009a130e1133,0.07440388663422705,True,,
obs_e9c8066d01dd67e1f9d375ef,obs_4ef6a9c1a3b2d0659064e20b,derived_control,derived_control,degraded_signal_control,degraded_signal_control,bsig_1095c101d561009a130e1133,bsig_8527b27b7d47cca4b9594df9,0.18207744552944152,True,,
obs_e9c8066d01dd67e1f9d375ef,obs_7d8b6ee929f2a0a0cf7af8f5,derived_control,derived_control,degraded_signal_control,degraded_signal_control,bsig_1095c101d561009a130e1133,bsig_1095c101d561009a130e1133,0.060144017166034666,True,,
obs_e9c8066d01dd67e1f9d375ef,obs_b41d2dded4b9ccd5ecd128d5,derived_control,derived_control,degraded_signal_control,label_permutation_control,bsig_1095c101d561009a130e1133,bsig_8e7a52f1a727043c61e5d5c2,0.3828374534164804,True,,
obs_e9c8066d01dd67e1f9d375ef,obs_a3582497f15ead2a2fc1280f,derived_control,derived_control,degraded_signal_control,label_permutation_control,bsig_1095c101d561009a130e1133,bsig_8e7a52f1a727043c61e5d5c2,0.3284207615371077,True,,
obs_e9c8066d01dd67e1f9d375ef,obs_f855844ba74f991c9ab0ba6d,derived_control,derived_control,degraded_signal_control,label_permutation_control,bsig_1095c101d561009a130e1133,bsig_8e7a52f1a727043c61e5d5c2,0.4358504773390007,True,,
obs_e9c8066d01dd67e1f9d375ef,obs_20877377330b5094380e86df,derived_control,derived_control,degraded_signal_control,label_permutation_control,bsig_1095c101d561009a130e1133,bsig_8e7a52f1a727043c61e5d5c2,0.39362704543270205,True,,
obs_e9c8066d01dd67e1f9d375ef,obs_8d92e32fec459dd0746ec799,derived_control,derived_control,degraded_signal_control,label_permutation_control,bsig_1095c101d561009a130e1133,bsig_8e7a52f1a727043c61e5d5c2,0.3872615509153454,True,,
obs_e9c8066d01dd67e1f9d375ef,obs_11180e544727ce850ebf3a6a,derived_control,derived_control,degraded_signal_control,label_permutation_control,bsig_1095c101d561009a130e1133,bsig_8e7a52f1a727043c61e5d5c2,0.3833337016012888,True,,
obs_e9c8066d01dd67e1f9d375ef,obs_979ad629051487c82499339e,derived_control,derived_control,degraded_signal_control,generic_graph_operator_control,bsig_1095c101d561009a130e1133,bsig_793bb0a29a9abfe233b6d670,0.5164200744991014,True,,
obs_e9c8066d01dd67e1f9d375ef,obs_2c0e6630085a94e0f0b4dd07,derived_control,derived_control,degraded_signal_control,generic_graph_operator_control,bsig_1095c101d561009a130e1133,bsig_793bb0a29a9abfe233b6d670,0.4620033826197288,True,,
obs_e9c8066d01dd67e1f9d375ef,obs_0033e7ce631563262f7b0bbe,derived_control,derived_control,degraded_signal_control,generic_graph_operator_control,bsig_1095c101d561009a130e1133,bsig_793bb0a29a9abfe233b6d670,0.5340795630680863,True,,
obs_e9c8066d01dd67e1f9d375ef,obs_118430be7d682f480e3902ea,derived_control,derived_control,degraded_signal_control,generic_graph_operator_control,bsig_1095c101d561009a130e1133,bsig_793bb0a29a9abfe233b6d670,0.4918561311617878,True,,
obs_e9c8066d01dd67e1f9d375ef,obs_8f4c211fcf3841317e300fd0,derived_control,derived_control,degraded_signal_control,generic_graph_operator_control,bsig_1095c101d561009a130e1133,bsig_793bb0a29a9abfe233b6d670,0.5208441719979664,True,,
obs_e9c8066d01dd67e1f9d375ef,obs_ae30906415b62baef858fb35,derived_control,derived_control,degraded_signal_control,generic_graph_operator_control,bsig_1095c101d561009a130e1133,bsig_793bb0a29a9abfe233b6d670,0.5169163226839099,True,,
obs_e9c8066d01dd67e1f9d375ef,obs_2b1c4b4fddba864cb9f9f25f,derived_control,derived_control,degraded_signal_control,seed_repeat_control,bsig_1095c101d561009a130e1133,bsig_53d374d66c9dffe0861a6d49,0.36238568296470997,True,,
obs_e9c8066d01dd67e1f9d375ef,obs_65dfe5e65cb70d7cb499d482,derived_control,derived_control,degraded_signal_control,seed_repeat_control,bsig_1095c101d561009a130e1133,bsig_53d374d66c9dffe0861a6d49,0.3119372450535912,True,,
obs_e9c8066d01dd67e1f9d375ef,obs_f622bfcc3394ff0a255f9f83,derived_control,derived_control,degraded_signal_control,seed_repeat_control,bsig_1095c101d561009a130e1133,bsig_53d374d66c9dffe0861a6d49,0.4078229493114726,True,,
obs_e9c8066d01dd67e1f9d375ef,obs_57728f48826a986fe1ea83d9,derived_control,derived_control,degraded_signal_control,seed_repeat_control,bsig_1095c101d561009a130e1133,bsig_53d374d66c9dffe0861a6d49,0.37714352894918557,True,,
obs_e9c8066d01dd67e1f9d375ef,obs_c740a30388dc20122927f42a,derived_control,derived_control,degraded_signal_control,seed_repeat_control,bsig_1095c101d561009a130e1133,bsig_53d374d66c9dffe0861a6d49,0.36680978046357493,True,,
obs_e9c8066d01dd67e1f9d375ef,obs_04fbf535deaa3a11fe4345ca,derived_control,derived_control,degraded_signal_control,seed_repeat_control,bsig_1095c101d561009a130e1133,bsig_53d374d66c9dffe0861a6d49,0.36685018511777234,True,,
obs_e9c8066d01dd67e1f9d375ef,obs_d36d9fb3b1f089bbbf821e5c,derived_control,derived_control,degraded_signal_control,parameter_matched_null_control,bsig_1095c101d561009a130e1133,bsig_f61a89a0172a79f5d96cd71c,0.6192647456719639,True,,
obs_e9c8066d01dd67e1f9d375ef,obs_93659ee4b3b5fdadf510315f,derived_control,derived_control,degraded_signal_control,parameter_matched_null_control,bsig_1095c101d561009a130e1133,bsig_f61a89a0172a79f5d96cd71c,0.6014705846742314,True,,
obs_e9c8066d01dd67e1f9d375ef,obs_5a7521167226bbafcd5c6ba8,derived_control,derived_control,degraded_signal_control,parameter_matched_null_control,bsig_1095c101d561009a130e1133,bsig_f61a89a0172a79f5d96cd71c,0.6522725286414811,True,,
obs_e9c8066d01dd67e1f9d375ef,obs_9b1c5f0213d9d0fc1a3fff27,derived_control,derived_control,degraded_signal_control,parameter_matched_null_control,bsig_1095c101d561009a130e1133,bsig_f61a89a0172a79f5d96cd71c,0.638446630115404,True,,
obs_e9c8066d01dd67e1f9d375ef,obs_062eb3c1dd90468a63227d7f,derived_control,derived_control,degraded_signal_control,parameter_matched_null_control,bsig_1095c101d561009a130e1133,bsig_f61a89a0172a79f5d96cd71c,0.6174090099277876,True,,
obs_e9c8066d01dd67e1f9d375ef,obs_e93f92e26db8b9c29005cc9e,derived_control,derived_control,degraded_signal_control,parameter_matched_null_control,bsig_1095c101d561009a130e1133,bsig_f61a89a0172a79f5d96cd71c,0.603110696435724,True,,
obs_aabd161899dc613ecf88b1d9,obs_c21d789f14a613fc6b0083e2,derived_control,target,degraded_signal_control,target,bsig_5fc2cc8106fba2b64bc8c905,bsig_53d374d66c9dffe0861a6d49,0.3295644401014004,True,,
obs_aabd161899dc613ecf88b1d9,obs_afd8912a0e32fb71b5407b81,derived_control,frozen_control,degraded_signal_control,periodic_diagonal_augmented_control,bsig_5fc2cc8106fba2b64bc8c905,bsig_c70af5951ff4d9712678a20b,0.4477807244061035,True,,
obs_aabd161899dc613ecf88b1d9,obs_ed1f0ceddbbf708b259ea1a6,derived_control,target,degraded_signal_control,target,bsig_5fc2cc8106fba2b64bc8c905,bsig_53d374d66c9dffe0861a6d49,0.42993048627190034,True,,
obs_aabd161899dc613ecf88b1d9,obs_46ade388243f3a4581ba4489,derived_control,frozen_control,degraded_signal_control,periodic_diagonal_augmented_control,bsig_5fc2cc8106fba2b64bc8c905,bsig_c70af5951ff4d9712678a20b,0.4656679262452124,True,,
obs_aabd161899dc613ecf88b1d9,obs_8de73c59341ac382087fba03,derived_control,target,degraded_signal_control,target,bsig_5fc2cc8106fba2b64bc8c905,bsig_53d374d66c9dffe0861a6d49,0.31191037822281653,True,,
obs_aabd161899dc613ecf88b1d9,obs_4b958084812d6435763f9a05,derived_control,frozen_control,degraded_signal_control,periodic_diagonal_augmented_control,bsig_5fc2cc8106fba2b64bc8c905,bsig_1364358a857deba241e04538,0.4112722763934484,True,,
obs_aabd161899dc613ecf88b1d9,obs_ea0aca853f3046642f451b7d,derived_control,target,degraded_signal_control,target,bsig_5fc2cc8106fba2b64bc8c905,bsig_53d374d66c9dffe0861a6d49,0.40009234762275847,True,,
obs_aabd161899dc613ecf88b1d9,obs_1163ec91dc845e4ed94d462a,derived_control,frozen_control,degraded_signal_control,periodic_diagonal_augmented_control,bsig_5fc2cc8106fba2b64bc8c905,bsig_1364358a857deba241e04538,0.40614303572965216,True,,
obs_aabd161899dc613ecf88b1d9,obs_d6eeaa59b08b0f1c4897f8db,derived_control,target,degraded_signal_control,target,bsig_5fc2cc8106fba2b64bc8c905,bsig_53d374d66c9dffe0861a6d49,0.4010843409573158,True,,
obs_aabd161899dc613ecf88b1d9,obs_86701919f4db014d1d236f54,derived_control,frozen_control,degraded_signal_control,periodic_diagonal_augmented_control,bsig_5fc2cc8106fba2b64bc8c905,bsig_53d374d66c9dffe0861a6d49,0.2967180787102906,True,,
obs_aabd161899dc613ecf88b1d9,obs_8c347ec96417e5677cdb8ad0,derived_control,target,degraded_signal_control,target,bsig_5fc2cc8106fba2b64bc8c905,bsig_53d374d66c9dffe0861a6d49,0.44589463987021194,True,,
obs_aabd161899dc613ecf88b1d9,obs_624a249c44d428f10aa73463,derived_control,frozen_control,degraded_signal_control,periodic_diagonal_augmented_control,bsig_5fc2cc8106fba2b64bc8c905,bsig_53d374d66c9dffe0861a6d49,0.39984350288902865,True,,
obs_aabd161899dc613ecf88b1d9,obs_e43b79a2ef68469ae989ae1e,derived_control,derived_control,degraded_signal_control,shuffled_structure_control,bsig_5fc2cc8106fba2b64bc8c905,bsig_bb01a7c1d0ca9b191d52310d,0.30737829291525326,True,,
obs_aabd161899dc613ecf88b1d9,obs_c887eb3bf0ab4011d4084e3a,derived_control,derived_control,degraded_signal_control,shuffled_structure_control,bsig_5fc2cc8106fba2b64bc8c905,bsig_bb01a7c1d0ca9b191d52310d,0.41171259305400715,True,,
obs_aabd161899dc613ecf88b1d9,obs_57e35110e54898bdbe032c98,derived_control,derived_control,degraded_signal_control,shuffled_structure_control,bsig_5fc2cc8106fba2b64bc8c905,bsig_bb01a7c1d0ca9b191d52310d,0.28214847346091176,True,,
obs_aabd161899dc613ecf88b1d9,obs_2d439625692f7d83d54dd8c5,derived_control,derived_control,degraded_signal_control,shuffled_structure_control,bsig_5fc2cc8106fba2b64bc8c905,bsig_bb01a7c1d0ca9b191d52310d,0.3818744544048653,True,,
obs_aabd161899dc613ecf88b1d9,obs_ee93d740f305035b42ac22c5,derived_control,derived_control,degraded_signal_control,shuffled_structure_control,bsig_5fc2cc8106fba2b64bc8c905,bsig_bb01a7c1d0ca9b191d52310d,0.3788981937711686,True,,
obs_aabd161899dc613ecf88b1d9,obs_590502ed80ee4f9526a00243,derived_control,derived_control,degraded_signal_control,shuffled_structure_control,bsig_5fc2cc8106fba2b64bc8c905,bsig_bb01a7c1d0ca9b191d52310d,0.4276767466523187,True,,
obs_aabd161899dc613ecf88b1d9,obs_cd8cd88cb9618af0705bbf06,derived_control,derived_control,degraded_signal_control,randomized_edge_control,bsig_5fc2cc8106fba2b64bc8c905,bsig_3b1c1a5f56bb03b20611587b,0.30737829291525326,True,,
obs_aabd161899dc613ecf88b1d9,obs_448f4e11eb5a27dd4f60b644,derived_control,derived_control,degraded_signal_control,randomized_edge_control,bsig_5fc2cc8106fba2b64bc8c905,bsig_3b1c1a5f56bb03b20611587b,0.41171259305400715,True,,
obs_aabd161899dc613ecf88b1d9,obs_fa7bd1db2d6a1d5f66733a16,derived_control,derived_control,degraded_signal_control,randomized_edge_control,bsig_5fc2cc8106fba2b64bc8c905,bsig_3b1c1a5f56bb03b20611587b,0.28214847346091176,True,,
obs_aabd161899dc613ecf88b1d9,obs_3f3cbf5fee77e89478120a3b,derived_control,derived_control,degraded_signal_control,randomized_edge_control,bsig_5fc2cc8106fba2b64bc8c905,bsig_3b1c1a5f56bb03b20611587b,0.3818744544048653,True,,
obs_aabd161899dc613ecf88b1d9,obs_ddbc298f7c4df1aede53d5d6,derived_control,derived_control,degraded_signal_control,randomized_edge_control,bsig_5fc2cc8106fba2b64bc8c905,bsig_3b1c1a5f56bb03b20611587b,0.3788981937711686,True,,
obs_aabd161899dc613ecf88b1d9,obs_3f2760e857afefe81bf772fe,derived_control,derived_control,degraded_signal_control,randomized_edge_control,bsig_5fc2cc8106fba2b64bc8c905,bsig_3b1c1a5f56bb03b20611587b,0.4276767466523187,True,,
obs_aabd161899dc613ecf88b1d9,obs_1aa1fc186c905e7ffa16d2d4,derived_control,derived_control,degraded_signal_control,degraded_signal_control,bsig_5fc2cc8106fba2b64bc8c905,bsig_8527b27b7d47cca4b9594df9,0.20471094311404925,True,,
obs_aabd161899dc613ecf88b1d9,obs_e9c8066d01dd67e1f9d375ef,derived_control,derived_control,degraded_signal_control,degraded_signal_control,bsig_5fc2cc8106fba2b64bc8c905,bsig_1095c101d561009a130e1133,0.2836018279609934,True,,
obs_aabd161899dc613ecf88b1d9,obs_aabd161899dc613ecf88b1d9,derived_control,derived_control,degraded_signal_control,degraded_signal_control,bsig_5fc2cc8106fba2b64bc8c905,bsig_5fc2cc8106fba2b64bc8c905,0.0,True,,
obs_aabd161899dc613ecf88b1d9,obs_322c862d474a379bd8df7674,derived_control,derived_control,degraded_signal_control,degraded_signal_control,bsig_5fc2cc8106fba2b64bc8c905,bsig_1095c101d561009a130e1133,0.2539092255259574,True,,
obs_aabd161899dc613ecf88b1d9,obs_4ef6a9c1a3b2d0659064e20b,derived_control,derived_control,degraded_signal_control,degraded_signal_control,bsig_5fc2cc8106fba2b64bc8c905,bsig_8527b27b7d47cca4b9594df9,0.2191934047564388,True,,
obs_aabd161899dc613ecf88b1d9,obs_7d8b6ee929f2a0a0cf7af8f5,derived_control,derived_control,degraded_signal_control,degraded_signal_control,bsig_5fc2cc8106fba2b64bc8c905,bsig_1095c101d561009a130e1133,0.3033094353519879,True,,
obs_aabd161899dc613ecf88b1d9,obs_b41d2dded4b9ccd5ecd128d5,derived_control,derived_control,degraded_signal_control,label_permutation_control,bsig_5fc2cc8106fba2b64bc8c905,bsig_8e7a52f1a727043c61e5d5c2,0.3536237141606745,True,,
obs_aabd161899dc613ecf88b1d9,obs_a3582497f15ead2a2fc1280f,derived_control,derived_control,degraded_signal_control,label_permutation_control,bsig_5fc2cc8106fba2b64bc8c905,bsig_8e7a52f1a727043c61e5d5c2,0.4579580142994284,True,,
obs_aabd161899dc613ecf88b1d9,obs_f855844ba74f991c9ab0ba6d,derived_control,derived_control,degraded_signal_control,label_permutation_control,bsig_5fc2cc8106fba2b64bc8c905,bsig_8e7a52f1a727043c61e5d5c2,0.328393894706333,True,,
obs_aabd161899dc613ecf88b1d9,obs_20877377330b5094380e86df,derived_control,derived_control,degraded_signal_control,label_permutation_control,bsig_5fc2cc8106fba2b64bc8c905,bsig_8e7a52f1a727043c61e5d5c2,0.42811987565028653,True,,
obs_aabd161899dc613ecf88b1d9,obs_8d92e32fec459dd0746ec799,derived_control,derived_control,degraded_signal_control,label_permutation_control,bsig_5fc2cc8106fba2b64bc8c905,bsig_8e7a52f1a727043c61e5d5c2,0.42514361501658987,True,,
obs_aabd161899dc613ecf88b1d9,obs_11180e544727ce850ebf3a6a,derived_control,derived_control,degraded_signal_control,label_permutation_control,bsig_5fc2cc8106fba2b64bc8c905,bsig_8e7a52f1a727043c61e5d5c2,0.47392216789773994,True,,
obs_aabd161899dc613ecf88b1d9,obs_979ad629051487c82499339e,derived_control,derived_control,degraded_signal_control,generic_graph_operator_control,bsig_5fc2cc8106fba2b64bc8c905,bsig_793bb0a29a9abfe233b6d670,0.4535363015732619,True,,
obs_aabd161899dc613ecf88b1d9,obs_2c0e6630085a94e0f0b4dd07,derived_control,derived_control,degraded_signal_control,generic_graph_operator_control,bsig_5fc2cc8106fba2b64bc8c905,bsig_793bb0a29a9abfe233b6d670,0.5578706017120157,True,,
obs_aabd161899dc613ecf88b1d9,obs_0033e7ce631563262f7b0bbe,derived_control,derived_control,degraded_signal_control,generic_graph_operator_control,bsig_5fc2cc8106fba2b64bc8c905,bsig_793bb0a29a9abfe233b6d670,0.4636600174724558,True,,
obs_aabd161899dc613ecf88b1d9,obs_118430be7d682f480e3902ea,derived_control,derived_control,degraded_signal_control,generic_graph_operator_control,bsig_5fc2cc8106fba2b64bc8c905,bsig_793bb0a29a9abfe233b6d670,0.5633859984164092,True,,
obs_aabd161899dc613ecf88b1d9,obs_8f4c211fcf3841317e300fd0,derived_control,derived_control,degraded_signal_control,generic_graph_operator_control,bsig_5fc2cc8106fba2b64bc8c905,bsig_793bb0a29a9abfe233b6d670,0.5250562024291773,True,,
obs_aabd161899dc613ecf88b1d9,obs_ae30906415b62baef858fb35,derived_control,derived_control,degraded_signal_control,generic_graph_operator_control,bsig_5fc2cc8106fba2b64bc8c905,bsig_793bb0a29a9abfe233b6d670,0.5738347553103273,True,,
obs_aabd161899dc613ecf88b1d9,obs_2b1c4b4fddba864cb9f9f25f,derived_control,derived_control,degraded_signal_control,seed_repeat_control,bsig_5fc2cc8106fba2b64bc8c905,bsig_53d374d66c9dffe0861a6d49,0.3295644401014004,True,,
obs_aabd161899dc613ecf88b1d9,obs_65dfe5e65cb70d7cb499d482,derived_control,derived_control,degraded_signal_control,seed_repeat_control,bsig_5fc2cc8106fba2b64bc8c905,bsig_53d374d66c9dffe0861a6d49,0.42993048627190034,True,,
obs_aabd161899dc613ecf88b1d9,obs_f622bfcc3394ff0a255f9f83,derived_control,derived_control,degraded_signal_control,seed_repeat_control,bsig_5fc2cc8106fba2b64bc8c905,bsig_53d374d66c9dffe0861a6d49,0.31191037822281653,True,,
obs_aabd161899dc613ecf88b1d9,obs_57728f48826a986fe1ea83d9,derived_control,derived_control,degraded_signal_control,seed_repeat_control,bsig_5fc2cc8106fba2b64bc8c905,bsig_53d374d66c9dffe0861a6d49,0.40009234762275847,True,,
obs_aabd161899dc613ecf88b1d9,obs_c740a30388dc20122927f42a,derived_control,derived_control,degraded_signal_control,seed_repeat_control,bsig_5fc2cc8106fba2b64bc8c905,bsig_53d374d66c9dffe0861a6d49,0.4010843409573158,True,,
obs_aabd161899dc613ecf88b1d9,obs_04fbf535deaa3a11fe4345ca,derived_control,derived_control,degraded_signal_control,seed_repeat_control,bsig_5fc2cc8106fba2b64bc8c905,bsig_53d374d66c9dffe0861a6d49,0.44589463987021194,True,,
obs_aabd161899dc613ecf88b1d9,obs_d36d9fb3b1f089bbbf821e5c,derived_control,derived_control,degraded_signal_control,parameter_matched_null_control,bsig_5fc2cc8106fba2b64bc8c905,bsig_f61a89a0172a79f5d96cd71c,0.6393914923956711,True,,
obs_aabd161899dc613ecf88b1d9,obs_93659ee4b3b5fdadf510315f,derived_control,derived_control,degraded_signal_control,parameter_matched_null_control,bsig_5fc2cc8106fba2b64bc8c905,bsig_f61a89a0172a79f5d96cd71c,0.6522095762958978,True,,
obs_aabd161899dc613ecf88b1d9,obs_5a7521167226bbafcd5c6ba8,derived_control,derived_control,degraded_signal_control,parameter_matched_null_control,bsig_5fc2cc8106fba2b64bc8c905,bsig_f61a89a0172a79f5d96cd71c,0.6014076323286481,True,,
obs_aabd161899dc613ecf88b1d9,obs_9b1c5f0213d9d0fc1a3fff27,derived_control,derived_control,degraded_signal_control,parameter_matched_null_control,bsig_5fc2cc8106fba2b64bc8c905,bsig_f61a89a0172a79f5d96cd71c,0.6158004242787615,True,,
obs_aabd161899dc613ecf88b1d9,obs_062eb3c1dd90468a63227d7f,derived_control,derived_control,degraded_signal_control,parameter_matched_null_control,bsig_5fc2cc8106fba2b64bc8c905,bsig_f61a89a0172a79f5d96cd71c,0.6382590042362067,True,,
obs_aabd161899dc613ecf88b1d9,obs_e93f92e26db8b9c29005cc9e,derived_control,derived_control,degraded_signal_control,parameter_matched_null_control,bsig_5fc2cc8106fba2b64bc8c905,bsig_f61a89a0172a79f5d96cd71c,0.6511715750978848,True,,
obs_322c862d474a379bd8df7674,obs_c21d789f14a613fc6b0083e2,derived_control,target,degraded_signal_control,target,bsig_1095c101d561009a130e1133,bsig_53d374d66c9dffe0861a6d49,0.40057886479257454,True,,
obs_322c862d474a379bd8df7674,obs_afd8912a0e32fb71b5407b81,derived_control,frozen_control,degraded_signal_control,periodic_diagonal_augmented_control,bsig_1095c101d561009a130e1133,bsig_c70af5951ff4d9712678a20b,0.5233734473618284,True,,
obs_322c862d474a379bd8df7674,obs_ed1f0ceddbbf708b259ea1a6,derived_control,target,degraded_signal_control,target,bsig_1095c101d561009a130e1133,bsig_53d374d66c9dffe0861a6d49,0.3762079189407807,True,,
obs_322c862d474a379bd8df7674,obs_46ade388243f3a4581ba4489,derived_control,frozen_control,degraded_signal_control,periodic_diagonal_augmented_control,bsig_1095c101d561009a130e1133,bsig_c70af5951ff4d9712678a20b,0.42827764500693816,True,,
obs_322c862d474a379bd8df7674,obs_8de73c59341ac382087fba03,derived_control,target,degraded_signal_control,target,bsig_1095c101d561009a130e1133,bsig_53d374d66c9dffe0861a6d49,0.3768813169769628,True,,
obs_322c862d474a379bd8df7674,obs_4b958084812d6435763f9a05,derived_control,frozen_control,degraded_signal_control,periodic_diagonal_augmented_control,bsig_1095c101d561009a130e1133,bsig_1364358a857deba241e04538,0.44041162895127,True,,
obs_322c862d474a379bd8df7674,obs_ea0aca853f3046642f451b7d,derived_control,target,degraded_signal_control,target,bsig_1095c101d561009a130e1133,bsig_53d374d66c9dffe0861a6d49,0.31191037822281653,True,,
obs_322c862d474a379bd8df7674,obs_1163ec91dc845e4ed94d462a,derived_control,frozen_control,degraded_signal_control,periodic_diagonal_augmented_control,bsig_1095c101d561009a130e1133,bsig_1364358a857deba241e04538,0.3558547697117616,True,,
obs_322c862d474a379bd8df7674,obs_d6eeaa59b08b0f1c4897f8db,derived_control,target,degraded_signal_control,target,bsig_1095c101d561009a130e1133,bsig_53d374d66c9dffe0861a6d49,0.4206650195433513,True,,
obs_322c862d474a379bd8df7674,obs_86701919f4db014d1d236f54,derived_control,frozen_control,degraded_signal_control,periodic_diagonal_augmented_control,bsig_1095c101d561009a130e1133,bsig_53d374d66c9dffe0861a6d49,0.33187396419688975,True,,
obs_322c862d474a379bd8df7674,obs_8c347ec96417e5677cdb8ad0,derived_control,target,degraded_signal_control,target,bsig_1095c101d561009a130e1133,bsig_53d374d66c9dffe0861a6d49,0.3881614502107237,True,,
obs_322c862d474a379bd8df7674,obs_624a249c44d428f10aa73463,derived_control,frozen_control,degraded_signal_control,periodic_diagonal_augmented_control,bsig_1095c101d561009a130e1133,bsig_53d374d66c9dffe0861a6d49,0.3261160804574547,True,,
obs_322c862d474a379bd8df7674,obs_e43b79a2ef68469ae989ae1e,derived_control,derived_control,degraded_signal_control,shuffled_structure_control,bsig_1095c101d561009a130e1133,bsig_bb01a7c1d0ca9b191d52310d,0.3747852139989238,True,,
obs_322c862d474a379bd8df7674,obs_c887eb3bf0ab4011d4084e3a,derived_control,derived_control,degraded_signal_control,shuffled_structure_control,bsig_1095c101d561009a130e1133,bsig_bb01a7c1d0ca9b191d52310d,0.346446014178876,True,,
obs_322c862d474a379bd8df7674,obs_57e35110e54898bdbe032c98,derived_control,derived_control,degraded_signal_control,shuffled_structure_control,bsig_1095c101d561009a130e1133,bsig_bb01a7c1d0ca9b191d52310d,0.3586634237590696,True,,
obs_322c862d474a379bd8df7674,obs_2d439625692f7d83d54dd8c5,derived_control,derived_control,degraded_signal_control,shuffled_structure_control,bsig_1095c101d561009a130e1133,bsig_bb01a7c1d0ca9b191d52310d,0.28214847346091176,True,,
obs_322c862d474a379bd8df7674,obs_ee93d740f305035b42ac22c5,derived_control,derived_control,degraded_signal_control,shuffled_structure_control,bsig_1095c101d561009a130e1133,bsig_bb01a7c1d0ca9b191d52310d,0.3948713687497005,True,,
obs_322c862d474a379bd8df7674,obs_590502ed80ee4f9526a00243,derived_control,derived_control,degraded_signal_control,shuffled_structure_control,bsig_1095c101d561009a130e1133,bsig_bb01a7c1d0ca9b191d52310d,0.3583995454488189,True,,
obs_322c862d474a379bd8df7674,obs_cd8cd88cb9618af0705bbf06,derived_control,derived_control,degraded_signal_control,randomized_edge_control,bsig_1095c101d561009a130e1133,bsig_3b1c1a5f56bb03b20611587b,0.39300310721681697,True,,
obs_322c862d474a379bd8df7674,obs_448f4e11eb5a27dd4f60b644,derived_control,derived_control,degraded_signal_control,randomized_edge_control,bsig_1095c101d561009a130e1133,bsig_3b1c1a5f56bb03b20611587b,0.3646639073967692,True,,
obs_322c862d474a379bd8df7674,obs_fa7bd1db2d6a1d5f66733a16,derived_control,derived_control,degraded_signal_control,randomized_edge_control,bsig_1095c101d561009a130e1133,bsig_3b1c1a5f56bb03b20611587b,0.3768813169769628,True,,
obs_322c862d474a379bd8df7674,obs_3f3cbf5fee77e89478120a3b,derived_control,derived_control,degraded_signal_control,randomized_edge_control,bsig_1095c101d561009a130e1133,bsig_3b1c1a5f56bb03b20611587b,0.30036636667880495,True,,
obs_322c862d474a379bd8df7674,obs_ddbc298f7c4df1aede53d5d6,derived_control,derived_control,degraded_signal_control,randomized_edge_control,bsig_1095c101d561009a130e1133,bsig_3b1c1a5f56bb03b20611587b,0.4130892619675937,True,,
obs_322c862d474a379bd8df7674,obs_3f2760e857afefe81bf772fe,derived_control,derived_control,degraded_signal_control,randomized_edge_control,bsig_1095c101d561009a130e1133,bsig_3b1c1a5f56bb03b20611587b,0.3766174386667121,True,,
obs_322c862d474a379bd8df7674,obs_1aa1fc186c905e7ffa16d2d4,derived_control,derived_control,degraded_signal_control,degraded_signal_control,bsig_1095c101d561009a130e1133,bsig_8527b27b7d47cca4b9594df9,0.3170358917242016,True,,
obs_322c862d474a379bd8df7674,obs_e9c8066d01dd67e1f9d375ef,derived_control,derived_control,degraded_signal_control,degraded_signal_control,bsig_1095c101d561009a130e1133,bsig_1095c101d561009a130e1133,0.07440388663422705,True,,
obs_322c862d474a379bd8df7674,obs_aabd161899dc613ecf88b1d9,derived_control,derived_control,degraded_signal_control,degraded_signal_control,bsig_1095c101d561009a130e1133,bsig_5fc2cc8106fba2b64bc8c905,0.2539092255259574,True,,
obs_322c862d474a379bd8df7674,obs_322c862d474a379bd8df7674,derived_control,derived_control,degraded_signal_control,degraded_signal_control,bsig_1095c101d561009a130e1133,bsig_1095c101d561009a130e1133,0.0,True,,
obs_322c862d474a379bd8df7674,obs_4ef6a9c1a3b2d0659064e20b,derived_control,derived_control,degraded_signal_control,degraded_signal_control,bsig_1095c101d561009a130e1133,bsig_8527b27b7d47cca4b9594df9,0.2454927795034612,True,,
obs_322c862d474a379bd8df7674,obs_7d8b6ee929f2a0a0cf7af8f5,derived_control,derived_control,degraded_signal_control,degraded_signal_control,bsig_1095c101d561009a130e1133,bsig_1095c101d561009a130e1133,0.08059106803575349,True,,
obs_322c862d474a379bd8df7674,obs_b41d2dded4b9ccd5ecd128d5,derived_control,derived_control,degraded_signal_control,label_permutation_control,bsig_1095c101d561009a130e1133,bsig_8e7a52f1a727043c61e5d5c2,0.42103063524434503,True,,
obs_322c862d474a379bd8df7674,obs_a3582497f15ead2a2fc1280f,derived_control,derived_control,degraded_signal_control,label_permutation_control,bsig_1095c101d561009a130e1133,bsig_8e7a52f1a727043c61e5d5c2,0.3926914354242972,True,,
obs_322c862d474a379bd8df7674,obs_f855844ba74f991c9ab0ba6d,derived_control,derived_control,degraded_signal_control,label_permutation_control,bsig_1095c101d561009a130e1133,bsig_8e7a52f1a727043c61e5d5c2,0.4049088450044908,True,,
obs_322c862d474a379bd8df7674,obs_20877377330b5094380e86df,derived_control,derived_control,degraded_signal_control,label_permutation_control,bsig_1095c101d561009a130e1133,bsig_8e7a52f1a727043c61e5d5c2,0.328393894706333,True,,
obs_322c862d474a379bd8df7674,obs_8d92e32fec459dd0746ec799,derived_control,derived_control,degraded_signal_control,label_permutation_control,bsig_1095c101d561009a130e1133,bsig_8e7a52f1a727043c61e5d5c2,0.44111678999512177,True,,
obs_322c862d474a379bd8df7674,obs_11180e544727ce850ebf3a6a,derived_control,derived_control,degraded_signal_control,label_permutation_control,bsig_1095c101d561009a130e1133,bsig_8e7a52f1a727043c61e5d5c2,0.40464496669424016,True,,
obs_322c862d474a379bd8df7674,obs_979ad629051487c82499339e,derived_control,derived_control,degraded_signal_control,generic_graph_operator_control,bsig_1095c101d561009a130e1133,bsig_793bb0a29a9abfe233b6d670,0.5209432226569324,True,,
obs_322c862d474a379bd8df7674,obs_2c0e6630085a94e0f0b4dd07,derived_control,derived_control,degraded_signal_control,generic_graph_operator_control,bsig_1095c101d561009a130e1133,bsig_793bb0a29a9abfe233b6d670,0.4926040228368846,True,,
obs_322c862d474a379bd8df7674,obs_0033e7ce631563262f7b0bbe,derived_control,derived_control,degraded_signal_control,generic_graph_operator_control,bsig_1095c101d561009a130e1133,bsig_793bb0a29a9abfe233b6d670,0.5401749677706136,True,,
obs_322c862d474a379bd8df7674,obs_118430be7d682f480e3902ea,derived_control,derived_control,degraded_signal_control,generic_graph_operator_control,bsig_1095c101d561009a130e1133,bsig_793bb0a29a9abfe233b6d670,0.4636600174724558,True,,
obs_322c862d474a379bd8df7674,obs_8f4c211fcf3841317e300fd0,derived_control,derived_control,degraded_signal_control,generic_graph_operator_control,bsig_1095c101d561009a130e1133,bsig_793bb0a29a9abfe233b6d670,0.5410293774077092,True,,
obs_322c862d474a379bd8df7674,obs_ae30906415b62baef858fb35,derived_control,derived_control,degraded_signal_control,generic_graph_operator_control,bsig_1095c101d561009a130e1133,bsig_793bb0a29a9abfe233b6d670,0.5045575541068276,True,,
obs_322c862d474a379bd8df7674,obs_2b1c4b4fddba864cb9f9f25f,derived_control,derived_control,degraded_signal_control,seed_repeat_control,bsig_1095c101d561009a130e1133,bsig_53d374d66c9dffe0861a6d49,0.40057886479257454,True,,
obs_322c862d474a379bd8df7674,obs_65dfe5e65cb70d7cb499d482,derived_control,derived_control,degraded_signal_control,seed_repeat_control,bsig_1095c101d561009a130e1133,bsig_53d374d66c9dffe0861a6d49,0.3762079189407807,True,,
obs_322c862d474a379bd8df7674,obs_f622bfcc3394ff0a255f9f83,derived_control,derived_control,degraded_signal_control,seed_repeat_control,bsig_1095c101d561009a130e1133,bsig_53d374d66c9dffe0861a6d49,0.3768813169769628,True,,
obs_322c862d474a379bd8df7674,obs_57728f48826a986fe1ea83d9,derived_control,derived_control,degraded_signal_control,seed_repeat_control,bsig_1095c101d561009a130e1133,bsig_53d374d66c9dffe0861a6d49,0.31191037822281653,True,,
obs_322c862d474a379bd8df7674,obs_c740a30388dc20122927f42a,derived_control,derived_control,degraded_signal_control,seed_repeat_control,bsig_1095c101d561009a130e1133,bsig_53d374d66c9dffe0861a6d49,0.4206650195433513,True,,
obs_322c862d474a379bd8df7674,obs_04fbf535deaa3a11fe4345ca,derived_control,derived_control,degraded_signal_control,seed_repeat_control,bsig_1095c101d561009a130e1133,bsig_53d374d66c9dffe0861a6d49,0.3881614502107237,True,,
obs_322c862d474a379bd8df7674,obs_d36d9fb3b1f089bbbf821e5c,derived_control,derived_control,degraded_signal_control,parameter_matched_null_control,bsig_1095c101d561009a130e1133,bsig_f61a89a0172a79f5d96cd71c,0.6529654408083695,True,,
obs_322c862d474a379bd8df7674,obs_93659ee4b3b5fdadf510315f,derived_control,derived_control,degraded_signal_control,parameter_matched_null_control,bsig_1095c101d561009a130e1133,bsig_f61a89a0172a79f5d96cd71c,0.6383836777698207,True,,
obs_322c862d474a379bd8df7674,obs_5a7521167226bbafcd5c6ba8,derived_control,derived_control,degraded_signal_control,parameter_matched_null_control,bsig_1095c101d561009a130e1133,bsig_f61a89a0172a79f5d96cd71c,0.6158004242787615,True,,
obs_322c862d474a379bd8df7674,obs_9b1c5f0213d9d0fc1a3fff27,derived_control,derived_control,degraded_signal_control,parameter_matched_null_control,bsig_1095c101d561009a130e1133,bsig_f61a89a0172a79f5d96cd71c,0.6014076323286481,True,,
obs_322c862d474a379bd8df7674,obs_062eb3c1dd90468a63227d7f,derived_control,derived_control,degraded_signal_control,parameter_matched_null_control,bsig_1095c101d561009a130e1133,bsig_f61a89a0172a79f5d96cd71c,0.6510770966398349,True,,
obs_322c862d474a379bd8df7674,obs_e93f92e26db8b9c29005cc9e,derived_control,derived_control,degraded_signal_control,parameter_matched_null_control,bsig_1095c101d561009a130e1133,bsig_f61a89a0172a79f5d96cd71c,0.6367787831477714,True,,
obs_4ef6a9c1a3b2d0659064e20b,obs_c21d789f14a613fc6b0083e2,derived_control,target,degraded_signal_control,target,bsig_8527b27b7d47cca4b9594df9,bsig_53d374d66c9dffe0861a6d49,0.3376259582326916,True,,
obs_4ef6a9c1a3b2d0659064e20b,obs_afd8912a0e32fb71b5407b81,derived_control,frozen_control,degraded_signal_control,periodic_diagonal_augmented_control,bsig_8527b27b7d47cca4b9594df9,bsig_c70af5951ff4d9712678a20b,0.4318851527054457,True,,
obs_4ef6a9c1a3b2d0659064e20b,obs_ed1f0ceddbbf708b259ea1a6,derived_control,target,degraded_signal_control,target,bsig_8527b27b7d47cca4b9594df9,bsig_53d374d66c9dffe0861a6d49,0.33990779756424977,True,,
obs_4ef6a9c1a3b2d0659064e20b,obs_46ade388243f3a4581ba4489,derived_control,frozen_control,degraded_signal_control,periodic_diagonal_augmented_control,bsig_8527b27b7d47cca4b9594df9,bsig_c70af5951ff4d9712678a20b,0.40303133981013506,True,,
obs_4ef6a9c1a3b2d0659064e20b,obs_8de73c59341ac382087fba03,derived_control,target,degraded_signal_control,target,bsig_8527b27b7d47cca4b9594df9,bsig_53d374d66c9dffe0861a6d49,0.3528159931333234,True,,
obs_4ef6a9c1a3b2d0659064e20b,obs_4b958084812d6435763f9a05,derived_control,frozen_control,degraded_signal_control,periodic_diagonal_augmented_control,bsig_8527b27b7d47cca4b9594df9,bsig_1364358a857deba241e04538,0.4615996146876554,True,,
obs_4ef6a9c1a3b2d0659064e20b,obs_ea0aca853f3046642f451b7d,derived_control,target,degraded_signal_control,target,bsig_8527b27b7d47cca4b9594df9,bsig_53d374d66c9dffe0861a6d49,0.394687782216265,True,,
obs_4ef6a9c1a3b2d0659064e20b,obs_1163ec91dc845e4ed94d462a,derived_control,frozen_control,degraded_signal_control,periodic_diagonal_augmented_control,bsig_8527b27b7d47cca4b9594df9,bsig_1364358a857deba241e04538,0.3909035287440084,True,,
obs_4ef6a9c1a3b2d0659064e20b,obs_d6eeaa59b08b0f1c4897f8db,derived_control,target,degraded_signal_control,target,bsig_8527b27b7d47cca4b9594df9,bsig_53d374d66c9dffe0861a6d49,0.31188212365230833,True,,
obs_4ef6a9c1a3b2d0659064e20b,obs_86701919f4db014d1d236f54,derived_control,frozen_control,degraded_signal_control,periodic_diagonal_augmented_control,bsig_8527b27b7d47cca4b9594df9,bsig_53d374d66c9dffe0861a6d49,0.32893070166607574,True,,
obs_4ef6a9c1a3b2d0659064e20b,obs_8c347ec96417e5677cdb8ad0,derived_control,target,degraded_signal_control,target,bsig_8527b27b7d47cca4b9594df9,bsig_53d374d66c9dffe0861a6d49,0.384771752921979,True,,
obs_4ef6a9c1a3b2d0659064e20b,obs_624a249c44d428f10aa73463,derived_control,frozen_control,degraded_signal_control,periodic_diagonal_augmented_control,bsig_8527b27b7d47cca4b9594df9,bsig_53d374d66c9dffe0861a6d49,0.390150444145081,True,,
obs_4ef6a9c1a3b2d0659064e20b,obs_e43b79a2ef68469ae989ae1e,derived_control,derived_control,degraded_signal_control,shuffled_structure_control,bsig_8527b27b7d47cca4b9594df9,bsig_bb01a7c1d0ca9b191d52310d,0.30028829589502926,True,,
obs_4ef6a9c1a3b2d0659064e20b,obs_c887eb3bf0ab4011d4084e3a,derived_control,derived_control,degraded_signal_control,shuffled_structure_control,bsig_8527b27b7d47cca4b9594df9,bsig_bb01a7c1d0ca9b191d52310d,0.3065383891948414,True,,
obs_4ef6a9c1a3b2d0659064e20b,obs_57e35110e54898bdbe032c98,derived_control,derived_control,degraded_signal_control,shuffled_structure_control,bsig_8527b27b7d47cca4b9594df9,bsig_bb01a7c1d0ca9b191d52310d,0.32305408837141864,True,,
obs_4ef6a9c1a3b2d0659064e20b,obs_2d439625692f7d83d54dd8c5,derived_control,derived_control,degraded_signal_control,shuffled_structure_control,bsig_8527b27b7d47cca4b9594df9,bsig_bb01a7c1d0ca9b191d52310d,0.3613183738468566,True,,
obs_4ef6a9c1a3b2d0659064e20b,obs_ee93d740f305035b42ac22c5,derived_control,derived_control,degraded_signal_control,shuffled_structure_control,bsig_8527b27b7d47cca4b9594df9,bsig_bb01a7c1d0ca9b191d52310d,0.274544461314646,True,,
obs_4ef6a9c1a3b2d0659064e20b,obs_590502ed80ee4f9526a00243,derived_control,derived_control,degraded_signal_control,shuffled_structure_control,bsig_8527b27b7d47cca4b9594df9,bsig_bb01a7c1d0ca9b191d52310d,0.35140234455257063,True,,
obs_4ef6a9c1a3b2d0659064e20b,obs_cd8cd88cb9618af0705bbf06,derived_control,derived_control,degraded_signal_control,randomized_edge_control,bsig_8527b27b7d47cca4b9594df9,bsig_3b1c1a5f56bb03b20611587b,0.3257211963279297,True,,
obs_4ef6a9c1a3b2d0659064e20b,obs_448f4e11eb5a27dd4f60b644,derived_control,derived_control,degraded_signal_control,randomized_edge_control,bsig_8527b27b7d47cca4b9594df9,bsig_3b1c1a5f56bb03b20611587b,0.33197128962774186,True,,
obs_4ef6a9c1a3b2d0659064e20b,obs_fa7bd1db2d6a1d5f66733a16,derived_control,derived_control,degraded_signal_control,randomized_edge_control,bsig_8527b27b7d47cca4b9594df9,bsig_3b1c1a5f56bb03b20611587b,0.3484869888043191,True,,
obs_4ef6a9c1a3b2d0659064e20b,obs_3f3cbf5fee77e89478120a3b,derived_control,derived_control,degraded_signal_control,randomized_edge_control,bsig_8527b27b7d47cca4b9594df9,bsig_3b1c1a5f56bb03b20611587b,0.3867512742797571,True,,
obs_4ef6a9c1a3b2d0659064e20b,obs_ddbc298f7c4df1aede53d5d6,derived_control,derived_control,degraded_signal_control,randomized_edge_control,bsig_8527b27b7d47cca4b9594df9,bsig_3b1c1a5f56bb03b20611587b,0.29997736174754647,True,,
obs_4ef6a9c1a3b2d0659064e20b,obs_3f2760e857afefe81bf772fe,derived_control,derived_control,degraded_signal_control,randomized_edge_control,bsig_8527b27b7d47cca4b9594df9,bsig_3b1c1a5f56bb03b20611587b,0.37683524498547105,True,,
obs_4ef6a9c1a3b2d0659064e20b,obs_1aa1fc186c905e7ffa16d2d4,derived_control,derived_control,degraded_signal_control,degraded_signal_control,bsig_8527b27b7d47cca4b9594df9,bsig_8527b27b7d47cca4b9594df9,0.12794153285512036,True,,
obs_4ef6a9c1a3b2d0659064e20b,obs_e9c8066d01dd67e1f9d375ef,derived_control,derived_control,degraded_signal_control,degraded_signal_control,bsig_8527b27b7d47cca4b9594df9,bsig_1095c101d561009a130e1133,0.18207744552944152,True,,
obs_4ef6a9c1a3b2d0659064e20b,obs_aabd161899dc613ecf88b1d9,derived_control,derived_control,degraded_signal_control,degraded_signal_control,bsig_8527b27b7d47cca4b9594df9,bsig_5fc2cc8106fba2b64bc8c905,0.2191934047564388,True,,
obs_4ef6a9c1a3b2d0659064e20b,obs_322c862d474a379bd8df7674,derived_control,derived_control,degraded_signal_control,degraded_signal_control,bsig_8527b27b7d47cca4b9594df9,bsig_1095c101d561009a130e1133,0.2454927795034612,True,,
obs_4ef6a9c1a3b2d0659064e20b,obs_4ef6a9c1a3b2d0659064e20b,derived_control,derived_control,degraded_signal_control,degraded_signal_control,bsig_8527b27b7d47cca4b9594df9,bsig_8527b27b7d47cca4b9594df9,0.0,True,,
obs_4ef6a9c1a3b2d0659064e20b,obs_7d8b6ee929f2a0a0cf7af8f5,derived_control,derived_control,degraded_signal_control,degraded_signal_control,bsig_8527b27b7d47cca4b9594df9,bsig_1095c101d561009a130e1133,0.23099404801318973,True,,
obs_4ef6a9c1a3b2d0659064e20b,obs_b41d2dded4b9ccd5ecd128d5,derived_control,derived_control,degraded_signal_control,label_permutation_control,bsig_8527b27b7d47cca4b9594df9,bsig_8e7a52f1a727043c61e5d5c2,0.3541094747162081,True,,
obs_4ef6a9c1a3b2d0659064e20b,obs_a3582497f15ead2a2fc1280f,derived_control,derived_control,degraded_signal_control,label_permutation_control,bsig_8527b27b7d47cca4b9594df9,bsig_8e7a52f1a727043c61e5d5c2,0.3603595680160202,True,,
obs_4ef6a9c1a3b2d0659064e20b,obs_f855844ba74f991c9ab0ba6d,derived_control,derived_control,degraded_signal_control,label_permutation_control,bsig_8527b27b7d47cca4b9594df9,bsig_8e7a52f1a727043c61e5d5c2,0.37687526719259745,True,,
obs_4ef6a9c1a3b2d0659064e20b,obs_20877377330b5094380e86df,derived_control,derived_control,degraded_signal_control,label_permutation_control,bsig_8527b27b7d47cca4b9594df9,bsig_8e7a52f1a727043c61e5d5c2,0.4151395526680354,True,,
obs_4ef6a9c1a3b2d0659064e20b,obs_8d92e32fec459dd0746ec799,derived_control,derived_control,degraded_signal_control,label_permutation_control,bsig_8527b27b7d47cca4b9594df9,bsig_8e7a52f1a727043c61e5d5c2,0.3283656401358248,True,,
obs_4ef6a9c1a3b2d0659064e20b,obs_11180e544727ce850ebf3a6a,derived_control,derived_control,degraded_signal_control,label_permutation_control,bsig_8527b27b7d47cca4b9594df9,bsig_8e7a52f1a727043c61e5d5c2,0.40522352337374945,True,,
obs_4ef6a9c1a3b2d0659064e20b,obs_979ad629051487c82499339e,derived_control,derived_control,degraded_signal_control,generic_graph_operator_control,bsig_8527b27b7d47cca4b9594df9,bsig_793bb0a29a9abfe233b6d670,0.4876920957988291,True,,
obs_4ef6a9c1a3b2d0659064e20b,obs_2c0e6630085a94e0f0b4dd07,derived_control,derived_control,degraded_signal_control,generic_graph_operator_control,bsig_8527b27b7d47cca4b9594df9,bsig_793bb0a29a9abfe233b6d670,0.4939421890986413,True,,
obs_4ef6a9c1a3b2d0659064e20b,obs_0033e7ce631563262f7b0bbe,derived_control,derived_control,degraded_signal_control,generic_graph_operator_control,bsig_8527b27b7d47cca4b9594df9,bsig_793bb0a29a9abfe233b6d670,0.4751043529216832,True,,
obs_4ef6a9c1a3b2d0659064e20b,obs_118430be7d682f480e3902ea,derived_control,derived_control,degraded_signal_control,generic_graph_operator_control,bsig_8527b27b7d47cca4b9594df9,bsig_793bb0a29a9abfe233b6d670,0.5133686383971211,True,,
obs_4ef6a9c1a3b2d0659064e20b,obs_8f4c211fcf3841317e300fd0,derived_control,derived_control,degraded_signal_control,generic_graph_operator_control,bsig_8527b27b7d47cca4b9594df9,bsig_793bb0a29a9abfe233b6d670,0.4619482612184459,True,,
obs_4ef6a9c1a3b2d0659064e20b,obs_ae30906415b62baef858fb35,derived_control,derived_control,degraded_signal_control,generic_graph_operator_control,bsig_8527b27b7d47cca4b9594df9,bsig_793bb0a29a9abfe233b6d670,0.5388061444563705,True,,
obs_4ef6a9c1a3b2d0659064e20b,obs_2b1c4b4fddba864cb9f9f25f,derived_control,derived_control,degraded_signal_control,seed_repeat_control,bsig_8527b27b7d47cca4b9594df9,bsig_53d374d66c9dffe0861a6d49,0.3376259582326916,True,,
obs_4ef6a9c1a3b2d0659064e20b,obs_65dfe5e65cb70d7cb499d482,derived_control,derived_control,degraded_signal_control,seed_repeat_control,bsig_8527b27b7d47cca4b9594df9,bsig_53d374d66c9dffe0861a6d49,0.33990779756424977,True,,
obs_4ef6a9c1a3b2d0659064e20b,obs_f622bfcc3394ff0a255f9f83,derived_control,derived_control,degraded_signal_control,seed_repeat_control,bsig_8527b27b7d47cca4b9594df9,bsig_53d374d66c9dffe0861a6d49,0.3528159931333234,True,,
obs_4ef6a9c1a3b2d0659064e20b,obs_57728f48826a986fe1ea83d9,derived_control,derived_control,degraded_signal_control,seed_repeat_control,bsig_8527b27b7d47cca4b9594df9,bsig_53d374d66c9dffe0861a6d49,0.394687782216265,True,,
obs_4ef6a9c1a3b2d0659064e20b,obs_c740a30388dc20122927f42a,derived_control,derived_control,degraded_signal_control,seed_repeat_control,bsig_8527b27b7d47cca4b9594df9,bsig_53d374d66c9dffe0861a6d49,0.31188212365230833,True,,
obs_4ef6a9c1a3b2d0659064e20b,obs_04fbf535deaa3a11fe4345ca,derived_control,derived_control,degraded_signal_control,seed_repeat_control,bsig_8527b27b7d47cca4b9594df9,bsig_53d374d66c9dffe0861a6d49,0.384771752921979,True,,
obs_4ef6a9c1a3b2d0659064e20b,obs_d36d9fb3b1f089bbbf821e5c,derived_control,derived_control,degraded_signal_control,parameter_matched_null_control,bsig_8527b27b7d47cca4b9594df9,bsig_f61a89a0172a79f5d96cd71c,0.6032632603820427,True,,
obs_4ef6a9c1a3b2d0659064e20b,obs_93659ee4b3b5fdadf510315f,derived_control,derived_control,degraded_signal_control,parameter_matched_null_control,bsig_8527b27b7d47cca4b9594df9,bsig_f61a89a0172a79f5d96cd71c,0.6172781243276209,True,,
obs_4ef6a9c1a3b2d0659064e20b,obs_5a7521167226bbafcd5c6ba8,derived_control,derived_control,degraded_signal_control,parameter_matched_null_control,bsig_8527b27b7d47cca4b9594df9,bsig_f61a89a0172a79f5d96cd71c,0.6381910709816234,True,,
obs_4ef6a9c1a3b2d0659064e20b,obs_9b1c5f0213d9d0fc1a3fff27,derived_control,derived_control,degraded_signal_control,parameter_matched_null_control,bsig_8527b27b7d47cca4b9594df9,bsig_f61a89a0172a79f5d96cd71c,0.6510091633852516,True,,
obs_4ef6a9c1a3b2d0659064e20b,obs_062eb3c1dd90468a63227d7f,derived_control,derived_control,degraded_signal_control,parameter_matched_null_control,bsig_8527b27b7d47cca4b9594df9,bsig_f61a89a0172a79f5d96cd71c,0.6013396990740648,True,,
obs_4ef6a9c1a3b2d0659064e20b,obs_e93f92e26db8b9c29005cc9e,derived_control,derived_control,degraded_signal_control,parameter_matched_null_control,bsig_8527b27b7d47cca4b9594df9,bsig_f61a89a0172a79f5d96cd71c,0.6156380125661283,True,,
obs_7d8b6ee929f2a0a0cf7af8f5,obs_c21d789f14a613fc6b0083e2,derived_control,target,degraded_signal_control,target,bsig_1095c101d561009a130e1133,bsig_53d374d66c9dffe0861a6d49,0.36679202870147115,True,,
obs_7d8b6ee929f2a0a0cf7af8f5,obs_afd8912a0e32fb71b5407b81,derived_control,frozen_control,degraded_signal_control,periodic_diagonal_augmented_control,bsig_1095c101d561009a130e1133,bsig_c70af5951ff4d9712678a20b,0.4908861621796392,True,,
obs_7d8b6ee929f2a0a0cf7af8f5,obs_ed1f0ceddbbf708b259ea1a6,derived_control,target,degraded_signal_control,target,bsig_1095c101d561009a130e1133,bsig_53d374d66c9dffe0861a6d49,0.35752779445829946,True,,
obs_7d8b6ee929f2a0a0cf7af8f5,obs_46ade388243f3a4581ba4489,derived_control,frozen_control,degraded_signal_control,periodic_diagonal_augmented_control,bsig_1095c101d561009a130e1133,bsig_c70af5951ff4d9712678a20b,0.40284871856773236,True,,
obs_7d8b6ee929f2a0a0cf7af8f5,obs_8de73c59341ac382087fba03,derived_control,target,degraded_signal_control,target,bsig_1095c101d561009a130e1133,bsig_53d374d66c9dffe0861a6d49,0.414123579120686,True,,
obs_7d8b6ee929f2a0a0cf7af8f5,obs_4b958084812d6435763f9a05,derived_control,frozen_control,degraded_signal_control,periodic_diagonal_augmented_control,bsig_1095c101d561009a130e1133,bsig_1364358a857deba241e04538,0.47100846999310025,True,,
obs_7d8b6ee929f2a0a0cf7af8f5,obs_ea0aca853f3046642f451b7d,derived_control,target,degraded_signal_control,target,bsig_1095c101d561009a130e1133,bsig_53d374d66c9dffe0861a6d49,0.3797831957876603,True,,
obs_7d8b6ee929f2a0a0cf7af8f5,obs_1163ec91dc845e4ed94d462a,derived_control,frozen_control,degraded_signal_control,periodic_diagonal_augmented_control,bsig_1095c101d561009a130e1133,bsig_1364358a857deba241e04538,0.40515318986624244,True,,
obs_7d8b6ee929f2a0a0cf7af8f5,obs_d6eeaa59b08b0f1c4897f8db,derived_control,target,degraded_signal_control,target,bsig_1095c101d561009a130e1133,bsig_53d374d66c9dffe0861a6d49,0.40234104418091104,True,,
obs_7d8b6ee929f2a0a0cf7af8f5,obs_86701919f4db014d1d236f54,derived_control,frozen_control,degraded_signal_control,periodic_diagonal_augmented_control,bsig_1095c101d561009a130e1133,bsig_53d374d66c9dffe0861a6d49,0.36526766052315107,True,,
obs_7d8b6ee929f2a0a0cf7af8f5,obs_8c347ec96417e5677cdb8ad0,derived_control,target,degraded_signal_control,target,bsig_1095c101d561009a130e1133,bsig_53d374d66c9dffe0861a6d49,0.31188212365230833,True,,
obs_7d8b6ee929f2a0a0cf7af8f5,obs_624a249c44d428f10aa73463,derived_control,frozen_control,degraded_signal_control,periodic_diagonal_augmented_control,bsig_1095c101d561009a130e1133,bsig_53d374d66c9dffe0861a6d49,0.38713878098636173,True,,
obs_7d8b6ee929f2a0a0cf7af8f5,obs_e43b79a2ef68469ae989ae1e,derived_control,derived_control,degraded_signal_control,shuffled_structure_control,bsig_1095c101d561009a130e1133,bsig_bb01a7c1d0ca9b191d52310d,0.34099837790782034,True,,
obs_7d8b6ee929f2a0a0cf7af8f5,obs_c887eb3bf0ab4011d4084e3a,derived_control,derived_control,degraded_signal_control,shuffled_structure_control,bsig_1095c101d561009a130e1133,bsig_bb01a7c1d0ca9b191d52310d,0.32776588969639475,True,,
obs_7d8b6ee929f2a0a0cf7af8f5,obs_57e35110e54898bdbe032c98,derived_control,derived_control,degraded_signal_control,shuffled_structure_control,bsig_1095c101d561009a130e1133,bsig_bb01a7c1d0ca9b191d52310d,0.39590568590279274,True,,
obs_7d8b6ee929f2a0a0cf7af8f5,obs_2d439625692f7d83d54dd8c5,derived_control,derived_control,degraded_signal_control,shuffled_structure_control,bsig_1095c101d561009a130e1133,bsig_bb01a7c1d0ca9b191d52310d,0.3500212910257556,True,,
obs_7d8b6ee929f2a0a0cf7af8f5,obs_ee93d740f305035b42ac22c5,derived_control,derived_control,degraded_signal_control,shuffled_structure_control,bsig_1095c101d561009a130e1133,bsig_bb01a7c1d0ca9b191d52310d,0.37654739338726023,True,,
obs_7d8b6ee929f2a0a0cf7af8f5,obs_590502ed80ee4f9526a00243,derived_control,derived_control,degraded_signal_control,shuffled_structure_control,bsig_1095c101d561009a130e1133,bsig_bb01a7c1d0ca9b191d52310d,0.2821202188904036,True,,
obs_7d8b6ee929f2a0a0cf7af8f5,obs_cd8cd88cb9618af0705bbf06,derived_control,derived_control,degraded_signal_control,randomized_edge_control,bsig_1095c101d561009a130e1133,bsig_3b1c1a5f56bb03b20611587b,0.3592162711257136,True,,
obs_7d8b6ee929f2a0a0cf7af8f5,obs_448f4e11eb5a27dd4f60b644,derived_control,derived_control,degraded_signal_control,randomized_edge_control,bsig_1095c101d561009a130e1133,bsig_3b1c1a5f56bb03b20611587b,0.34598378291428794,True,,
obs_7d8b6ee929f2a0a0cf7af8f5,obs_fa7bd1db2d6a1d5f66733a16,derived_control,derived_control,degraded_signal_control,randomized_edge_control,bsig_1095c101d561009a130e1133,bsig_3b1c1a5f56bb03b20611587b,0.414123579120686,True,,
obs_7d8b6ee929f2a0a0cf7af8f5,obs_3f3cbf5fee77e89478120a3b,derived_control,derived_control,degraded_signal_control,randomized_edge_control,bsig_1095c101d561009a130e1133,bsig_3b1c1a5f56bb03b20611587b,0.36823918424364877,True,,
obs_7d8b6ee929f2a0a0cf7af8f5,obs_ddbc298f7c4df1aede53d5d6,derived_control,derived_control,degraded_signal_control,randomized_edge_control,bsig_1095c101d561009a130e1133,bsig_3b1c1a5f56bb03b20611587b,0.3947652866051535,True,,
obs_7d8b6ee929f2a0a0cf7af8f5,obs_3f2760e857afefe81bf772fe,derived_control,derived_control,degraded_signal_control,randomized_edge_control,bsig_1095c101d561009a130e1133,bsig_3b1c1a5f56bb03b20611587b,0.3003381121082968,True,,
obs_7d8b6ee929f2a0a0cf7af8f5,obs_1aa1fc186c905e7ffa16d2d4,derived_control,derived_control,degraded_signal_control,degraded_signal_control,bsig_1095c101d561009a130e1133,bsig_8527b27b7d47cca4b9594df9,0.28766421198959885,True,,
obs_7d8b6ee929f2a0a0cf7af8f5,obs_e9c8066d01dd67e1f9d375ef,derived_control,derived_control,degraded_signal_control,degraded_signal_control,bsig_1095c101d561009a130e1133,bsig_1095c101d561009a130e1133,0.060144017166034666,True,,
obs_7d8b6ee929f2a0a0cf7af8f5,obs_aabd161899dc613ecf88b1d9,derived_control,derived_control,degraded_signal_control,degraded_signal_control,bsig_1095c101d561009a130e1133,bsig_5fc2cc8106fba2b64bc8c905,0.3033094353519879,True,,
obs_7d8b6ee929f2a0a0cf7af8f5,obs_322c862d474a379bd8df7674,derived_control,derived_control,degraded_signal_control,degraded_signal_control,bsig_1095c101d561009a130e1133,bsig_1095c101d561009a130e1133,0.08059106803575349,True,,
obs_7d8b6ee929f2a0a0cf7af8f5,obs_4ef6a9c1a3b2d0659064e20b,derived_control,derived_control,degraded_signal_control,degraded_signal_control,bsig_1095c101d561009a130e1133,bsig_8527b27b7d47cca4b9594df9,0.23099404801318973,True,,
obs_7d8b6ee929f2a0a0cf7af8f5,obs_7d8b6ee929f2a0a0cf7af8f5,derived_control,derived_control,degraded_signal_control,degraded_signal_control,bsig_1095c101d561009a130e1133,bsig_1095c101d561009a130e1133,0.0,True,,
obs_7d8b6ee929f2a0a0cf7af8f5,obs_b41d2dded4b9ccd5ecd128d5,derived_control,derived_control,degraded_signal_control,label_permutation_control,bsig_1095c101d561009a130e1133,bsig_8e7a52f1a727043c61e5d5c2,0.3872437991532416,True,,
obs_7d8b6ee929f2a0a0cf7af8f5,obs_a3582497f15ead2a2fc1280f,derived_control,derived_control,degraded_signal_control,label_permutation_control,bsig_1095c101d561009a130e1133,bsig_8e7a52f1a727043c61e5d5c2,0.37401131094181594,True,,
obs_7d8b6ee929f2a0a0cf7af8f5,obs_f855844ba74f991c9ab0ba6d,derived_control,derived_control,degraded_signal_control,label_permutation_control,bsig_1095c101d561009a130e1133,bsig_8e7a52f1a727043c61e5d5c2,0.442151107148214,True,,
obs_7d8b6ee929f2a0a0cf7af8f5,obs_20877377330b5094380e86df,derived_control,derived_control,degraded_signal_control,label_permutation_control,bsig_1095c101d561009a130e1133,bsig_8e7a52f1a727043c61e5d5c2,0.3962667122711768,True,,
obs_7d8b6ee929f2a0a0cf7af8f5,obs_8d92e32fec459dd0746ec799,derived_control,derived_control,degraded_signal_control,label_permutation_control,bsig_1095c101d561009a130e1133,bsig_8e7a52f1a727043c61e5d5c2,0.4227928146326815,True,,
obs_7d8b6ee929f2a0a0cf7af8f5,obs_11180e544727ce850ebf3a6a,derived_control,derived_control,degraded_signal_control,label_permutation_control,bsig_1095c101d561009a130e1133,bsig_8e7a52f1a727043c61e5d5c2,0.3283656401358248,True,,
obs_7d8b6ee929f2a0a0cf7af8f5,obs_979ad629051487c82499339e,derived_control,derived_control,degraded_signal_control,generic_graph_operator_control,bsig_1095c101d561009a130e1133,bsig_793bb0a29a9abfe233b6d670,0.5208264202358627,True,,
obs_7d8b6ee929f2a0a0cf7af8f5,obs_2c0e6630085a94e0f0b4dd07,derived_control,derived_control,degraded_signal_control,generic_graph_operator_control,bsig_1095c101d561009a130e1133,bsig_793bb0a29a9abfe233b6d670,0.507593932024437,True,,
obs_7d8b6ee929f2a0a0cf7af8f5,obs_0033e7ce631563262f7b0bbe,derived_control,derived_control,degraded_signal_control,generic_graph_operator_control,bsig_1095c101d561009a130e1133,bsig_793bb0a29a9abfe233b6d670,0.5403801928772997,True,,
obs_7d8b6ee929f2a0a0cf7af8f5,obs_118430be7d682f480e3902ea,derived_control,derived_control,degraded_signal_control,generic_graph_operator_control,bsig_1095c101d561009a130e1133,bsig_793bb0a29a9abfe233b6d670,0.4944957980002625,True,,
obs_7d8b6ee929f2a0a0cf7af8f5,obs_8f4c211fcf3841317e300fd0,derived_control,derived_control,degraded_signal_control,generic_graph_operator_control,bsig_1095c101d561009a130e1133,bsig_793bb0a29a9abfe233b6d670,0.5563754357153026,True,,
obs_7d8b6ee929f2a0a0cf7af8f5,obs_ae30906415b62baef858fb35,derived_control,derived_control,degraded_signal_control,generic_graph_operator_control,bsig_1095c101d561009a130e1133,bsig_793bb0a29a9abfe233b6d670,0.4619482612184459,True,,
obs_7d8b6ee929f2a0a0cf7af8f5,obs_2b1c4b4fddba864cb9f9f25f,derived_control,derived_control,degraded_signal_control,seed_repeat_control,bsig_1095c101d561009a130e1133,bsig_53d374d66c9dffe0861a6d49,0.36679202870147115,True,,
obs_7d8b6ee929f2a0a0cf7af8f5,obs_65dfe5e65cb70d7cb499d482,derived_control,derived_control,degraded_signal_control,seed_repeat_control,bsig_1095c101d561009a130e1133,bsig_53d374d66c9dffe0861a6d49,0.35752779445829946,True,,
obs_7d8b6ee929f2a0a0cf7af8f5,obs_f622bfcc3394ff0a255f9f83,derived_control,derived_control,degraded_signal_control,seed_repeat_control,bsig_1095c101d561009a130e1133,bsig_53d374d66c9dffe0861a6d49,0.414123579120686,True,,
obs_7d8b6ee929f2a0a0cf7af8f5,obs_57728f48826a986fe1ea83d9,derived_control,derived_control,degraded_signal_control,seed_repeat_control,bsig_1095c101d561009a130e1133,bsig_53d374d66c9dffe0861a6d49,0.3797831957876603,True,,
obs_7d8b6ee929f2a0a0cf7af8f5,obs_c740a30388dc20122927f42a,derived_control,derived_control,degraded_signal_control,seed_repeat_control,bsig_1095c101d561009a130e1133,bsig_53d374d66c9dffe0861a6d49,0.40234104418091104,True,,
obs_7d8b6ee929f2a0a0cf7af8f5,obs_04fbf535deaa3a11fe4345ca,derived_control,derived_control,degraded_signal_control,seed_repeat_control,bsig_1095c101d561009a130e1133,bsig_53d374d66c9dffe0861a6d49,0.31188212365230833,True,,
obs_7d8b6ee929f2a0a0cf7af8f5,obs_d36d9fb3b1f089bbbf821e5c,derived_control,derived_control,degraded_signal_control,parameter_matched_null_control,bsig_1095c101d561009a130e1133,bsig_f61a89a0172a79f5d96cd71c,0.6175615738741062,True,,
obs_7d8b6ee929f2a0a0cf7af8f5,obs_93659ee4b3b5fdadf510315f,derived_control,derived_control,degraded_signal_control,parameter_matched_null_control,bsig_1095c101d561009a130e1133,bsig_f61a89a0172a79f5d96cd71c,0.6029798108355574,True,,
obs_7d8b6ee929f2a0a0cf7af8f5,obs_5a7521167226bbafcd5c6ba8,derived_control,derived_control,degraded_signal_control,parameter_matched_null_control,bsig_1095c101d561009a130e1133,bsig_f61a89a0172a79f5d96cd71c,0.6511036418433015,True,,
obs_7d8b6ee929f2a0a0cf7af8f5,obs_9b1c5f0213d9d0fc1a3fff27,derived_control,derived_control,degraded_signal_control,parameter_matched_null_control,bsig_1095c101d561009a130e1133,bsig_f61a89a0172a79f5d96cd71c,0.636710849893188,True,,
obs_7d8b6ee929f2a0a0cf7af8f5,obs_062eb3c1dd90468a63227d7f,derived_control,derived_control,degraded_signal_control,parameter_matched_null_control,bsig_1095c101d561009a130e1133,bsig_f61a89a0172a79f5d96cd71c,0.6156380125661283,True,,
obs_7d8b6ee929f2a0a0cf7af8f5,obs_e93f92e26db8b9c29005cc9e,derived_control,derived_control,degraded_signal_control,parameter_matched_null_control,bsig_1095c101d561009a130e1133,bsig_f61a89a0172a79f5d96cd71c,0.6013396990740648,True,,
obs_b41d2dded4b9ccd5ecd128d5,obs_c21d789f14a613fc6b0083e2,derived_control,target,label_permutation_control,target,bsig_8e7a52f1a727043c61e5d5c2,bsig_53d374d66c9dffe0861a6d49,0.21688034188034186,True,,
obs_b41d2dded4b9ccd5ecd128d5,obs_afd8912a0e32fb71b5407b81,derived_control,frozen_control,label_permutation_control,periodic_diagonal_augmented_control,bsig_8e7a52f1a727043c61e5d5c2,bsig_c70af5951ff4d9712678a20b,0.36570606456861254,True,,
obs_b41d2dded4b9ccd5ecd128d5,obs_ed1f0ceddbbf708b259ea1a6,derived_control,target,label_permutation_control,target,bsig_8e7a52f1a727043c61e5d5c2,bsig_53d374d66c9dffe0861a6d49,0.37706147409892743,True,,
obs_b41d2dded4b9ccd5ecd128d5,obs_46ade388243f3a4581ba4489,derived_control,frozen_control,label_permutation_control,periodic_diagonal_augmented_control,bsig_8e7a52f1a727043c61e5d5c2,bsig_c70af5951ff4d9712678a20b,0.4101776459554646,True,,
obs_b41d2dded4b9ccd5ecd128d5,obs_8de73c59341ac382087fba03,derived_control,target,label_permutation_control,target,bsig_8e7a52f1a727043c61e5d5c2,bsig_53d374d66c9dffe0861a6d49,0.32058088063723833,True,,
obs_b41d2dded4b9ccd5ecd128d5,obs_4b958084812d6435763f9a05,derived_control,frozen_control,label_permutation_control,periodic_diagonal_augmented_control,bsig_8e7a52f1a727043c61e5d5c2,bsig_1364358a857deba241e04538,0.42570652152671673,True,,
obs_b41d2dded4b9ccd5ecd128d5,obs_ea0aca853f3046642f451b7d,derived_control,target,label_permutation_control,target,bsig_8e7a52f1a727043c61e5d5c2,bsig_53d374d66c9dffe0861a6d49,0.4249693213108828,True,,
obs_b41d2dded4b9ccd5ecd128d5,obs_1163ec91dc845e4ed94d462a,derived_control,frozen_control,label_permutation_control,periodic_diagonal_augmented_control,bsig_8e7a52f1a727043c61e5d5c2,bsig_1364358a857deba241e04538,0.447385622451781,True,,
obs_b41d2dded4b9ccd5ecd128d5,obs_d6eeaa59b08b0f1c4897f8db,derived_control,target,label_permutation_control,target,bsig_8e7a52f1a727043c61e5d5c2,bsig_53d374d66c9dffe0861a6d49,0.3451831135816998,True,,
obs_b41d2dded4b9ccd5ecd128d5,obs_86701919f4db014d1d236f54,derived_control,frozen_control,label_permutation_control,periodic_diagonal_augmented_control,bsig_8e7a52f1a727043c61e5d5c2,bsig_53d374d66c9dffe0861a6d49,0.33427125065091495,True,,
obs_b41d2dded4b9ccd5ecd128d5,obs_8c347ec96417e5677cdb8ad0,derived_control,target,label_permutation_control,target,bsig_8e7a52f1a727043c61e5d5c2,bsig_53d374d66c9dffe0861a6d49,0.3957788085891942,True,,
obs_b41d2dded4b9ccd5ecd128d5,obs_624a249c44d428f10aa73463,derived_control,frozen_control,label_permutation_control,periodic_diagonal_augmented_control,bsig_8e7a52f1a727043c61e5d5c2,bsig_53d374d66c9dffe0861a6d49,0.4254978313071206,True,,
obs_b41d2dded4b9ccd5ecd128d5,obs_e43b79a2ef68469ae989ae1e,derived_control,derived_control,label_permutation_control,shuffled_structure_control,bsig_8e7a52f1a727043c61e5d5c2,bsig_bb01a7c1d0ca9b191d52310d,0.21688034188034186,True,,
obs_b41d2dded4b9ccd5ecd128d5,obs_c887eb3bf0ab4011d4084e3a,derived_control,derived_control,label_permutation_control,shuffled_structure_control,bsig_8e7a52f1a727043c61e5d5c2,bsig_bb01a7c1d0ca9b191d52310d,0.37706147409892743,True,,
obs_b41d2dded4b9ccd5ecd128d5,obs_57e35110e54898bdbe032c98,derived_control,derived_control,label_permutation_control,shuffled_structure_control,bsig_8e7a52f1a727043c61e5d5c2,bsig_bb01a7c1d0ca9b191d52310d,0.32058088063723833,True,,
obs_b41d2dded4b9ccd5ecd128d5,obs_2d439625692f7d83d54dd8c5,derived_control,derived_control,label_permutation_control,shuffled_structure_control,bsig_8e7a52f1a727043c61e5d5c2,bsig_bb01a7c1d0ca9b191d52310d,0.4249693213108828,True,,
obs_b41d2dded4b9ccd5ecd128d5,obs_ee93d740f305035b42ac22c5,derived_control,derived_control,label_permutation_control,shuffled_structure_control,bsig_8e7a52f1a727043c61e5d5c2,bsig_bb01a7c1d0ca9b191d52310d,0.3451831135816998,True,,
obs_b41d2dded4b9ccd5ecd128d5,obs_590502ed80ee4f9526a00243,derived_control,derived_control,label_permutation_control,shuffled_structure_control,bsig_8e7a52f1a727043c61e5d5c2,bsig_bb01a7c1d0ca9b191d52310d,0.3957788085891942,True,,
obs_b41d2dded4b9ccd5ecd128d5,obs_cd8cd88cb9618af0705bbf06,derived_control,derived_control,label_permutation_control,randomized_edge_control,bsig_8e7a52f1a727043c61e5d5c2,bsig_3b1c1a5f56bb03b20611587b,0.21688034188034186,True,,
obs_b41d2dded4b9ccd5ecd128d5,obs_448f4e11eb5a27dd4f60b644,derived_control,derived_control,label_permutation_control,randomized_edge_control,bsig_8e7a52f1a727043c61e5d5c2,bsig_3b1c1a5f56bb03b20611587b,0.37706147409892743,True,,
obs_b41d2dded4b9ccd5ecd128d5,obs_fa7bd1db2d6a1d5f66733a16,derived_control,derived_control,label_permutation_control,randomized_edge_control,bsig_8e7a52f1a727043c61e5d5c2,bsig_3b1c1a5f56bb03b20611587b,0.32058088063723833,True,,
obs_b41d2dded4b9ccd5ecd128d5,obs_3f3cbf5fee77e89478120a3b,derived_control,derived_control,label_permutation_control,randomized_edge_control,bsig_8e7a52f1a727043c61e5d5c2,bsig_3b1c1a5f56bb03b20611587b,0.4249693213108828,True,,
obs_b41d2dded4b9ccd5ecd128d5,obs_ddbc298f7c4df1aede53d5d6,derived_control,derived_control,label_permutation_control,randomized_edge_control,bsig_8e7a52f1a727043c61e5d5c2,bsig_3b1c1a5f56bb03b20611587b,0.3451831135816998,True,,
obs_b41d2dded4b9ccd5ecd128d5,obs_3f2760e857afefe81bf772fe,derived_control,derived_control,label_permutation_control,randomized_edge_control,bsig_8e7a52f1a727043c61e5d5c2,bsig_3b1c1a5f56bb03b20611587b,0.3957788085891942,True,,
obs_b41d2dded4b9ccd5ecd128d5,obs_1aa1fc186c905e7ffa16d2d4,derived_control,derived_control,label_permutation_control,degraded_signal_control,bsig_8e7a52f1a727043c61e5d5c2,bsig_8527b27b7d47cca4b9594df9,0.3284207615371077,True,,
obs_b41d2dded4b9ccd5ecd128d5,obs_e9c8066d01dd67e1f9d375ef,derived_control,derived_control,label_permutation_control,degraded_signal_control,bsig_8e7a52f1a727043c61e5d5c2,bsig_1095c101d561009a130e1133,0.3828374534164804,True,,
obs_b41d2dded4b9ccd5ecd128d5,obs_aabd161899dc613ecf88b1d9,derived_control,derived_control,label_permutation_control,degraded_signal_control,bsig_8e7a52f1a727043c61e5d5c2,bsig_5fc2cc8106fba2b64bc8c905,0.3536237141606745,True,,
obs_b41d2dded4b9ccd5ecd128d5,obs_322c862d474a379bd8df7674,derived_control,derived_control,label_permutation_control,degraded_signal_control,bsig_8e7a52f1a727043c61e5d5c2,bsig_1095c101d561009a130e1133,0.42103063524434503,True,,
obs_b41d2dded4b9ccd5ecd128d5,obs_4ef6a9c1a3b2d0659064e20b,derived_control,derived_control,label_permutation_control,degraded_signal_control,bsig_8e7a52f1a727043c61e5d5c2,bsig_8527b27b7d47cca4b9594df9,0.3541094747162081,True,,
obs_b41d2dded4b9ccd5ecd128d5,obs_7d8b6ee929f2a0a0cf7af8f5,derived_control,derived_control,label_permutation_control,degraded_signal_control,bsig_8e7a52f1a727043c61e5d5c2,bsig_1095c101d561009a130e1133,0.3872437991532416,True,,
obs_b41d2dded4b9ccd5ecd128d5,obs_b41d2dded4b9ccd5ecd128d5,derived_control,derived_control,label_permutation_control,label_permutation_control,bsig_8e7a52f1a727043c61e5d5c2,bsig_8e7a52f1a727043c61e5d5c2,0.0,True,,
obs_b41d2dded4b9ccd5ecd128d5,obs_a3582497f15ead2a2fc1280f,derived_control,derived_control,label_permutation_control,label_permutation_control,bsig_8e7a52f1a727043c61e5d5c2,bsig_8e7a52f1a727043c61e5d5c2,0.22764144967890304,True,,
obs_b41d2dded4b9ccd5ecd128d5,obs_f855844ba74f991c9ab0ba6d,derived_control,derived_control,label_permutation_control,label_permutation_control,bsig_8e7a52f1a727043c61e5d5c2,bsig_8e7a52f1a727043c61e5d5c2,0.163224348280706,True,,
obs_b41d2dded4b9ccd5ecd128d5,obs_20877377330b5094380e86df,derived_control,derived_control,label_permutation_control,label_permutation_control,bsig_8e7a52f1a727043c61e5d5c2,bsig_8e7a52f1a727043c61e5d5c2,0.27554929689085833,True,,
obs_b41d2dded4b9ccd5ecd128d5,obs_8d92e32fec459dd0746ec799,derived_control,derived_control,label_permutation_control,label_permutation_control,bsig_8e7a52f1a727043c61e5d5c2,bsig_8e7a52f1a727043c61e5d5c2,0.12830277170135795,True,,
obs_b41d2dded4b9ccd5ecd128d5,obs_11180e544727ce850ebf3a6a,derived_control,derived_control,label_permutation_control,label_permutation_control,bsig_8e7a52f1a727043c61e5d5c2,bsig_8e7a52f1a727043c61e5d5c2,0.2463587841691698,True,,
obs_b41d2dded4b9ccd5ecd128d5,obs_979ad629051487c82499339e,derived_control,derived_control,label_permutation_control,generic_graph_operator_control,bsig_8e7a52f1a727043c61e5d5c2,bsig_793bb0a29a9abfe233b6d670,0.3504629629629629,True,,
obs_b41d2dded4b9ccd5ecd128d5,obs_2c0e6630085a94e0f0b4dd07,derived_control,derived_control,label_permutation_control,generic_graph_operator_control,bsig_8e7a52f1a727043c61e5d5c2,bsig_793bb0a29a9abfe233b6d670,0.5106440951815485,True,,
obs_b41d2dded4b9ccd5ecd128d5,obs_0033e7ce631563262f7b0bbe,derived_control,derived_control,label_permutation_control,generic_graph_operator_control,bsig_8e7a52f1a727043c61e5d5c2,bsig_793bb0a29a9abfe233b6d670,0.41880996636632406,True,,
obs_b41d2dded4b9ccd5ecd128d5,obs_118430be7d682f480e3902ea,derived_control,derived_control,label_permutation_control,generic_graph_operator_control,bsig_8e7a52f1a727043c61e5d5c2,bsig_793bb0a29a9abfe233b6d670,0.5231984070399684,True,,
obs_b41d2dded4b9ccd5ecd128d5,obs_8f4c211fcf3841317e300fd0,derived_control,derived_control,label_permutation_control,generic_graph_operator_control,bsig_8e7a52f1a727043c61e5d5c2,bsig_793bb0a29a9abfe233b6d670,0.4787657346643209,True,,
obs_b41d2dded4b9ccd5ecd128d5,obs_ae30906415b62baef858fb35,derived_control,derived_control,label_permutation_control,generic_graph_operator_control,bsig_8e7a52f1a727043c61e5d5c2,bsig_793bb0a29a9abfe233b6d670,0.5293614296718152,True,,
obs_b41d2dded4b9ccd5ecd128d5,obs_2b1c4b4fddba864cb9f9f25f,derived_control,derived_control,label_permutation_control,seed_repeat_control,bsig_8e7a52f1a727043c61e5d5c2,bsig_53d374d66c9dffe0861a6d49,0.21688034188034186,True,,
obs_b41d2dded4b9ccd5ecd128d5,obs_65dfe5e65cb70d7cb499d482,derived_control,derived_control,label_permutation_control,seed_repeat_control,bsig_8e7a52f1a727043c61e5d5c2,bsig_53d374d66c9dffe0861a6d49,0.37706147409892743,True,,
obs_b41d2dded4b9ccd5ecd128d5,obs_f622bfcc3394ff0a255f9f83,derived_control,derived_control,label_permutation_control,seed_repeat_control,bsig_8e7a52f1a727043c61e5d5c2,bsig_53d374d66c9dffe0861a6d49,0.32058088063723833,True,,
obs_b41d2dded4b9ccd5ecd128d5,obs_57728f48826a986fe1ea83d9,derived_control,derived_control,label_permutation_control,seed_repeat_control,bsig_8e7a52f1a727043c61e5d5c2,bsig_53d374d66c9dffe0861a6d49,0.4249693213108828,True,,
obs_b41d2dded4b9ccd5ecd128d5,obs_c740a30388dc20122927f42a,derived_control,derived_control,label_permutation_control,seed_repeat_control,bsig_8e7a52f1a727043c61e5d5c2,bsig_53d374d66c9dffe0861a6d49,0.3451831135816998,True,,
obs_b41d2dded4b9ccd5ecd128d5,obs_04fbf535deaa3a11fe4345ca,derived_control,derived_control,label_permutation_control,seed_repeat_control,bsig_8e7a52f1a727043c61e5d5c2,bsig_53d374d66c9dffe0861a6d49,0.3957788085891942,True,,
obs_b41d2dded4b9ccd5ecd128d5,obs_d36d9fb3b1f089bbbf821e5c,derived_control,derived_control,label_permutation_control,parameter_matched_null_control,bsig_8e7a52f1a727043c61e5d5c2,bsig_f61a89a0172a79f5d96cd71c,0.6057495906130023,True,,
obs_b41d2dded4b9ccd5ecd128d5,obs_93659ee4b3b5fdadf510315f,derived_control,derived_control,label_permutation_control,parameter_matched_null_control,bsig_8e7a52f1a727043c61e5d5c2,bsig_f61a89a0172a79f5d96cd71c,0.6235437516107347,True,,
obs_b41d2dded4b9ccd5ecd128d5,obs_5a7521167226bbafcd5c6ba8,derived_control,derived_control,label_permutation_control,parameter_matched_null_control,bsig_8e7a52f1a727043c61e5d5c2,bsig_f61a89a0172a79f5d96cd71c,0.6437334506800252,True,,
obs_b41d2dded4b9ccd5ecd128d5,obs_9b1c5f0213d9d0fc1a3fff27,derived_control,derived_control,label_permutation_control,parameter_matched_null_control,bsig_8e7a52f1a727043c61e5d5c2,bsig_f61a89a0172a79f5d96cd71c,0.6573073990927236,True,,
obs_b41d2dded4b9ccd5ecd128d5,obs_062eb3c1dd90468a63227d7f,derived_control,derived_control,label_permutation_control,parameter_matched_null_control,bsig_8e7a52f1a727043c61e5d5c2,bsig_f61a89a0172a79f5d96cd71c,0.6076731519209801,True,,
obs_b41d2dded4b9ccd5ecd128d5,obs_e93f92e26db8b9c29005cc9e,derived_control,derived_control,label_permutation_control,parameter_matched_null_control,bsig_8e7a52f1a727043c61e5d5c2,bsig_f61a89a0172a79f5d96cd71c,0.6219714654130436,True,,
obs_a3582497f15ead2a2fc1280f,obs_c21d789f14a613fc6b0083e2,derived_control,target,label_permutation_control,target,bsig_8e7a52f1a727043c61e5d5c2,bsig_53d374d66c9dffe0861a6d49,0.37706147409892743,True,,
obs_a3582497f15ead2a2fc1280f,obs_afd8912a0e32fb71b5407b81,derived_control,frozen_control,label_permutation_control,periodic_diagonal_augmented_control,bsig_8e7a52f1a727043c61e5d5c2,bsig_c70af5951ff4d9712678a20b,0.4198559720949871,True,,
obs_a3582497f15ead2a2fc1280f,obs_ed1f0ceddbbf708b259ea1a6,derived_control,target,label_permutation_control,target,bsig_8e7a52f1a727043c61e5d5c2,bsig_53d374d66c9dffe0861a6d49,0.21688034188034186,True,,
obs_a3582497f15ead2a2fc1280f,obs_46ade388243f3a4581ba4489,derived_control,frozen_control,label_permutation_control,periodic_diagonal_augmented_control,bsig_8e7a52f1a727043c61e5d5c2,bsig_c70af5951ff4d9712678a20b,0.3160966819319251,True,,
obs_a3582497f15ead2a2fc1280f,obs_8de73c59341ac382087fba03,derived_control,target,label_permutation_control,target,bsig_8e7a52f1a727043c61e5d5c2,bsig_53d374d66c9dffe0861a6d49,0.3713332373456544,True,,
obs_a3582497f15ead2a2fc1280f,obs_4b958084812d6435763f9a05,derived_control,frozen_control,label_permutation_control,periodic_diagonal_augmented_control,bsig_8e7a52f1a727043c61e5d5c2,bsig_1364358a857deba241e04538,0.48088240728875564,True,,
obs_a3582497f15ead2a2fc1280f,obs_ea0aca853f3046642f451b7d,derived_control,target,label_permutation_control,target,bsig_8e7a52f1a727043c61e5d5c2,bsig_53d374d66c9dffe0861a6d49,0.29146430034789234,True,,
obs_a3582497f15ead2a2fc1280f,obs_1163ec91dc845e4ed94d462a,derived_control,frozen_control,label_permutation_control,periodic_diagonal_augmented_control,bsig_8e7a52f1a727043c61e5d5c2,bsig_1364358a857deba241e04538,0.29503356752814663,True,,
obs_a3582497f15ead2a2fc1280f,obs_d6eeaa59b08b0f1c4897f8db,derived_control,target,label_permutation_control,target,bsig_8e7a52f1a727043c61e5d5c2,bsig_53d374d66c9dffe0861a6d49,0.2901920421290368,True,,
obs_a3582497f15ead2a2fc1280f,obs_86701919f4db014d1d236f54,derived_control,frozen_control,label_permutation_control,periodic_diagonal_augmented_control,bsig_8e7a52f1a727043c61e5d5c2,bsig_53d374d66c9dffe0861a6d49,0.4235396103050525,True,,
obs_a3582497f15ead2a2fc1280f,obs_8c347ec96417e5677cdb8ad0,derived_control,target,label_permutation_control,target,bsig_8e7a52f1a727043c61e5d5c2,bsig_53d374d66c9dffe0861a6d49,0.2773855978926141,True,,
obs_a3582497f15ead2a2fc1280f,obs_624a249c44d428f10aa73463,derived_control,frozen_control,label_permutation_control,periodic_diagonal_augmented_control,bsig_8e7a52f1a727043c61e5d5c2,bsig_53d374d66c9dffe0861a6d49,0.2796818967246687,True,,
obs_a3582497f15ead2a2fc1280f,obs_e43b79a2ef68469ae989ae1e,derived_control,derived_control,label_permutation_control,shuffled_structure_control,bsig_8e7a52f1a727043c61e5d5c2,bsig_bb01a7c1d0ca9b191d52310d,0.37706147409892743,True,,
obs_a3582497f15ead2a2fc1280f,obs_c887eb3bf0ab4011d4084e3a,derived_control,derived_control,label_permutation_control,shuffled_structure_control,bsig_8e7a52f1a727043c61e5d5c2,bsig_bb01a7c1d0ca9b191d52310d,0.21688034188034186,True,,
obs_a3582497f15ead2a2fc1280f,obs_57e35110e54898bdbe032c98,derived_control,derived_control,label_permutation_control,shuffled_structure_control,bsig_8e7a52f1a727043c61e5d5c2,bsig_bb01a7c1d0ca9b191d52310d,0.3713332373456544,True,,
obs_a3582497f15ead2a2fc1280f,obs_2d439625692f7d83d54dd8c5,derived_control,derived_control,label_permutation_control,shuffled_structure_control,bsig_8e7a52f1a727043c61e5d5c2,bsig_bb01a7c1d0ca9b191d52310d,0.29146430034789234,True,,
obs_a3582497f15ead2a2fc1280f,obs_ee93d740f305035b42ac22c5,derived_control,derived_control,label_permutation_control,shuffled_structure_control,bsig_8e7a52f1a727043c61e5d5c2,bsig_bb01a7c1d0ca9b191d52310d,0.2901920421290368,True,,
obs_a3582497f15ead2a2fc1280f,obs_590502ed80ee4f9526a00243,derived_control,derived_control,label_permutation_control,shuffled_structure_control,bsig_8e7a52f1a727043c61e5d5c2,bsig_bb01a7c1d0ca9b191d52310d,0.2773855978926141,True,,
obs_a3582497f15ead2a2fc1280f,obs_cd8cd88cb9618af0705bbf06,derived_control,derived_control,label_permutation_control,randomized_edge_control,bsig_8e7a52f1a727043c61e5d5c2,bsig_3b1c1a5f56bb03b20611587b,0.37706147409892743,True,,
obs_a3582497f15ead2a2fc1280f,obs_448f4e11eb5a27dd4f60b644,derived_control,derived_control,label_permutation_control,randomized_edge_control,bsig_8e7a52f1a727043c61e5d5c2,bsig_3b1c1a5f56bb03b20611587b,0.21688034188034186,True,,
obs_a3582497f15ead2a2fc1280f,obs_fa7bd1db2d6a1d5f66733a16,derived_control,derived_control,label_permutation_control,randomized_edge_control,bsig_8e7a52f1a727043c61e5d5c2,bsig_3b1c1a5f56bb03b20611587b,0.3713332373456544,True,,
obs_a3582497f15ead2a2fc1280f,obs_3f3cbf5fee77e89478120a3b,derived_control,derived_control,label_permutation_control,randomized_edge_control,bsig_8e7a52f1a727043c61e5d5c2,bsig_3b1c1a5f56bb03b20611587b,0.29146430034789234,True,,
obs_a3582497f15ead2a2fc1280f,obs_ddbc298f7c4df1aede53d5d6,derived_control,derived_control,label_permutation_control,randomized_edge_control,bsig_8e7a52f1a727043c61e5d5c2,bsig_3b1c1a5f56bb03b20611587b,0.2901920421290368,True,,
obs_a3582497f15ead2a2fc1280f,obs_3f2760e857afefe81bf772fe,derived_control,derived_control,label_permutation_control,randomized_edge_control,bsig_8e7a52f1a727043c61e5d5c2,bsig_3b1c1a5f56bb03b20611587b,0.2773855978926141,True,,
obs_a3582497f15ead2a2fc1280f,obs_1aa1fc186c905e7ffa16d2d4,derived_control,derived_control,label_permutation_control,degraded_signal_control,bsig_8e7a52f1a727043c61e5d5c2,bsig_8527b27b7d47cca4b9594df9,0.4592229029672178,True,,
obs_a3582497f15ead2a2fc1280f,obs_e9c8066d01dd67e1f9d375ef,derived_control,derived_control,label_permutation_control,degraded_signal_control,bsig_8e7a52f1a727043c61e5d5c2,bsig_1095c101d561009a130e1133,0.3284207615371077,True,,
obs_a3582497f15ead2a2fc1280f,obs_aabd161899dc613ecf88b1d9,derived_control,derived_control,label_permutation_control,degraded_signal_control,bsig_8e7a52f1a727043c61e5d5c2,bsig_5fc2cc8106fba2b64bc8c905,0.4579580142994284,True,,
obs_a3582497f15ead2a2fc1280f,obs_322c862d474a379bd8df7674,derived_control,derived_control,label_permutation_control,degraded_signal_control,bsig_8e7a52f1a727043c61e5d5c2,bsig_1095c101d561009a130e1133,0.3926914354242972,True,,
obs_a3582497f15ead2a2fc1280f,obs_4ef6a9c1a3b2d0659064e20b,derived_control,derived_control,label_permutation_control,degraded_signal_control,bsig_8e7a52f1a727043c61e5d5c2,bsig_8527b27b7d47cca4b9594df9,0.3603595680160202,True,,
obs_a3582497f15ead2a2fc1280f,obs_7d8b6ee929f2a0a0cf7af8f5,derived_control,derived_control,label_permutation_control,degraded_signal_control,bsig_8e7a52f1a727043c61e5d5c2,bsig_1095c101d561009a130e1133,0.37401131094181594,True,,
obs_a3582497f15ead2a2fc1280f,obs_b41d2dded4b9ccd5ecd128d5,derived_control,derived_control,label_permutation_control,label_permutation_control,bsig_8e7a52f1a727043c61e5d5c2,bsig_8e7a52f1a727043c61e5d5c2,0.22764144967890304,True,,
obs_a3582497f15ead2a2fc1280f,obs_a3582497f15ead2a2fc1280f,derived_control,derived_control,label_permutation_control,label_permutation_control,bsig_8e7a52f1a727043c61e5d5c2,bsig_8e7a52f1a727043c61e5d5c2,0.0,True,,
obs_a3582497f15ead2a2fc1280f,obs_f855844ba74f991c9ab0ba6d,derived_control,derived_control,label_permutation_control,label_permutation_control,bsig_8e7a52f1a727043c61e5d5c2,bsig_8e7a52f1a727043c61e5d5c2,0.24211523312765015,True,,
obs_a3582497f15ead2a2fc1280f,obs_20877377330b5094380e86df,derived_control,derived_control,label_permutation_control,label_permutation_control,bsig_8e7a52f1a727043c61e5d5c2,bsig_8e7a52f1a727043c61e5d5c2,0.07458395846755046,True,,
obs_a3582497f15ead2a2fc1280f,obs_8d92e32fec459dd0746ec799,derived_control,derived_control,label_permutation_control,label_permutation_control,bsig_8e7a52f1a727043c61e5d5c2,bsig_8e7a52f1a727043c61e5d5c2,0.14077201770901243,True,,
obs_a3582497f15ead2a2fc1280f,obs_11180e544727ce850ebf3a6a,derived_control,derived_control,label_permutation_control,label_permutation_control,bsig_8e7a52f1a727043c61e5d5c2,bsig_8e7a52f1a727043c61e5d5c2,0.06050525601227224,True,,
obs_a3582497f15ead2a2fc1280f,obs_979ad629051487c82499339e,derived_control,derived_control,label_permutation_control,generic_graph_operator_control,bsig_8e7a52f1a727043c61e5d5c2,bsig_793bb0a29a9abfe233b6d670,0.5106440951815485,True,,
obs_a3582497f15ead2a2fc1280f,obs_2c0e6630085a94e0f0b4dd07,derived_control,derived_control,label_permutation_control,generic_graph_operator_control,bsig_8e7a52f1a727043c61e5d5c2,bsig_793bb0a29a9abfe233b6d670,0.3504629629629629,True,,
obs_a3582497f15ead2a2fc1280f,obs_0033e7ce631563262f7b0bbe,derived_control,derived_control,label_permutation_control,generic_graph_operator_control,bsig_8e7a52f1a727043c61e5d5c2,bsig_793bb0a29a9abfe233b6d670,0.46956232307474005,True,,
obs_a3582497f15ead2a2fc1280f,obs_118430be7d682f480e3902ea,derived_control,derived_control,label_permutation_control,generic_graph_operator_control,bsig_8e7a52f1a727043c61e5d5c2,bsig_793bb0a29a9abfe233b6d670,0.38969338607697807,True,,
obs_a3582497f15ead2a2fc1280f,obs_8f4c211fcf3841317e300fd0,derived_control,derived_control,label_permutation_control,generic_graph_operator_control,bsig_8e7a52f1a727043c61e5d5c2,bsig_793bb0a29a9abfe233b6d670,0.42377466321165785,True,,
obs_a3582497f15ead2a2fc1280f,obs_ae30906415b62baef858fb35,derived_control,derived_control,label_permutation_control,generic_graph_operator_control,bsig_8e7a52f1a727043c61e5d5c2,bsig_793bb0a29a9abfe233b6d670,0.41096821897523517,True,,
obs_a3582497f15ead2a2fc1280f,obs_2b1c4b4fddba864cb9f9f25f,derived_control,derived_control,label_permutation_control,seed_repeat_control,bsig_8e7a52f1a727043c61e5d5c2,bsig_53d374d66c9dffe0861a6d49,0.37706147409892743,True,,
obs_a3582497f15ead2a2fc1280f,obs_65dfe5e65cb70d7cb499d482,derived_control,derived_control,label_permutation_control,seed_repeat_control,bsig_8e7a52f1a727043c61e5d5c2,bsig_53d374d66c9dffe0861a6d49,0.21688034188034186,True,,
obs_a3582497f15ead2a2fc1280f,obs_f622bfcc3394ff0a255f9f83,derived_control,derived_control,label_permutation_control,seed_repeat_control,bsig_8e7a52f1a727043c61e5d5c2,bsig_53d374d66c9dffe0861a6d49,0.3713332373456544,True,,
obs_a3582497f15ead2a2fc1280f,obs_57728f48826a986fe1ea83d9,derived_control,derived_control,label_permutation_control,seed_repeat_control,bsig_8e7a52f1a727043c61e5d5c2,bsig_53d374d66c9dffe0861a6d49,0.29146430034789234,True,,
obs_a3582497f15ead2a2fc1280f,obs_c740a30388dc20122927f42a,derived_control,derived_control,label_permutation_control,seed_repeat_control,bsig_8e7a52f1a727043c61e5d5c2,bsig_53d374d66c9dffe0861a6d49,0.2901920421290368,True,,
obs_a3582497f15ead2a2fc1280f,obs_04fbf535deaa3a11fe4345ca,derived_control,derived_control,label_permutation_control,seed_repeat_control,bsig_8e7a52f1a727043c61e5d5c2,bsig_53d374d66c9dffe0861a6d49,0.2773855978926141,True,,
obs_a3582497f15ead2a2fc1280f,obs_d36d9fb3b1f089bbbf821e5c,derived_control,derived_control,label_permutation_control,parameter_matched_null_control,bsig_8e7a52f1a727043c61e5d5c2,bsig_f61a89a0172a79f5d96cd71c,0.6235437516107347,True,,
obs_a3582497f15ead2a2fc1280f,obs_93659ee4b3b5fdadf510315f,derived_control,derived_control,label_permutation_control,parameter_matched_null_control,bsig_8e7a52f1a727043c61e5d5c2,bsig_f61a89a0172a79f5d96cd71c,0.6057495906130023,True,,
obs_a3582497f15ead2a2fc1280f,obs_5a7521167226bbafcd5c6ba8,derived_control,derived_control,label_permutation_control,parameter_matched_null_control,bsig_8e7a52f1a727043c61e5d5c2,bsig_f61a89a0172a79f5d96cd71c,0.656551534580252,True,,
obs_a3582497f15ead2a2fc1280f,obs_9b1c5f0213d9d0fc1a3fff27,derived_control,derived_control,label_permutation_control,parameter_matched_null_control,bsig_8e7a52f1a727043c61e5d5c2,bsig_f61a89a0172a79f5d96cd71c,0.6427256360541749,True,,
obs_a3582497f15ead2a2fc1280f,obs_062eb3c1dd90468a63227d7f,derived_control,derived_control,label_permutation_control,parameter_matched_null_control,bsig_8e7a52f1a727043c61e5d5c2,bsig_f61a89a0172a79f5d96cd71c,0.6216880158665583,True,,
obs_a3582497f15ead2a2fc1280f,obs_e93f92e26db8b9c29005cc9e,derived_control,derived_control,label_permutation_control,parameter_matched_null_control,bsig_8e7a52f1a727043c61e5d5c2,bsig_f61a89a0172a79f5d96cd71c,0.6073897023744949,True,,
obs_f855844ba74f991c9ab0ba6d,obs_c21d789f14a613fc6b0083e2,derived_control,target,label_permutation_control,target,bsig_8e7a52f1a727043c61e5d5c2,bsig_53d374d66c9dffe0861a6d49,0.32058088063723833,True,,
obs_f855844ba74f991c9ab0ba6d,obs_afd8912a0e32fb71b5407b81,derived_control,frozen_control,label_permutation_control,periodic_diagonal_augmented_control,bsig_8e7a52f1a727043c61e5d5c2,bsig_c70af5951ff4d9712678a20b,0.4093980839254529,True,,
obs_f855844ba74f991c9ab0ba6d,obs_ed1f0ceddbbf708b259ea1a6,derived_control,target,label_permutation_control,target,bsig_8e7a52f1a727043c61e5d5c2,bsig_53d374d66c9dffe0861a6d49,0.3713332373456544,True,,
obs_f855844ba74f991c9ab0ba6d,obs_46ade388243f3a4581ba4489,derived_control,frozen_control,label_permutation_control,periodic_diagonal_augmented_control,bsig_8e7a52f1a727043c61e5d5c2,bsig_c70af5951ff4d9712678a20b,0.39962843636840845,True,,
obs_f855844ba74f991c9ab0ba6d,obs_8de73c59341ac382087fba03,derived_control,target,label_permutation_control,target,bsig_8e7a52f1a727043c61e5d5c2,bsig_53d374d66c9dffe0861a6d49,0.21688034188034186,True,,
obs_f855844ba74f991c9ab0ba6d,obs_4b958084812d6435763f9a05,derived_control,frozen_control,label_permutation_control,periodic_diagonal_augmented_control,bsig_8e7a52f1a727043c61e5d5c2,bsig_1364358a857deba241e04538,0.4197126677772651,True,,
obs_f855844ba74f991c9ab0ba6d,obs_ea0aca853f3046642f451b7d,derived_control,target,label_permutation_control,target,bsig_8e7a52f1a727043c61e5d5c2,bsig_53d374d66c9dffe0861a6d49,0.341460563077295,True,,
obs_f855844ba74f991c9ab0ba6d,obs_1163ec91dc845e4ed94d462a,derived_control,frozen_control,label_permutation_control,periodic_diagonal_augmented_control,bsig_8e7a52f1a727043c61e5d5c2,bsig_1364358a857deba241e04538,0.36308964650206643,True,,
obs_f855844ba74f991c9ab0ba6d,obs_d6eeaa59b08b0f1c4897f8db,derived_control,target,label_permutation_control,target,bsig_8e7a52f1a727043c61e5d5c2,bsig_53d374d66c9dffe0861a6d49,0.3350707634208991,True,,
obs_f855844ba74f991c9ab0ba6d,obs_86701919f4db014d1d236f54,derived_control,frozen_control,label_permutation_control,periodic_diagonal_augmented_control,bsig_8e7a52f1a727043c61e5d5c2,bsig_53d374d66c9dffe0861a6d49,0.30936778926565905,True,,
obs_f855844ba74f991c9ab0ba6d,obs_8c347ec96417e5677cdb8ad0,derived_control,target,label_permutation_control,target,bsig_8e7a52f1a727043c61e5d5c2,bsig_53d374d66c9dffe0861a6d49,0.3910482658779201,True,,
obs_f855844ba74f991c9ab0ba6d,obs_624a249c44d428f10aa73463,derived_control,frozen_control,label_permutation_control,periodic_diagonal_augmented_control,bsig_8e7a52f1a727043c61e5d5c2,bsig_53d374d66c9dffe0861a6d49,0.3415891155938255,True,,
obs_f855844ba74f991c9ab0ba6d,obs_e43b79a2ef68469ae989ae1e,derived_control,derived_control,label_permutation_control,shuffled_structure_control,bsig_8e7a52f1a727043c61e5d5c2,bsig_bb01a7c1d0ca9b191d52310d,0.32058088063723833,True,,
obs_f855844ba74f991c9ab0ba6d,obs_c887eb3bf0ab4011d4084e3a,derived_control,derived_control,label_permutation_control,shuffled_structure_control,bsig_8e7a52f1a727043c61e5d5c2,bsig_bb01a7c1d0ca9b191d52310d,0.3713332373456544,True,,
obs_f855844ba74f991c9ab0ba6d,obs_57e35110e54898bdbe032c98,derived_control,derived_control,label_permutation_control,shuffled_structure_control,bsig_8e7a52f1a727043c61e5d5c2,bsig_bb01a7c1d0ca9b191d52310d,0.21688034188034186,True,,
obs_f855844ba74f991c9ab0ba6d,obs_2d439625692f7d83d54dd8c5,derived_control,derived_control,label_permutation_control,shuffled_structure_control,bsig_8e7a52f1a727043c61e5d5c2,bsig_bb01a7c1d0ca9b191d52310d,0.341460563077295,True,,
obs_f855844ba74f991c9ab0ba6d,obs_ee93d740f305035b42ac22c5,derived_control,derived_control,label_permutation_control,shuffled_structure_control,bsig_8e7a52f1a727043c61e5d5c2,bsig_bb01a7c1d0ca9b191d52310d,0.3350707634208991,True,,
obs_f855844ba74f991c9ab0ba6d,obs_590502ed80ee4f9526a00243,derived_control,derived_control,label_permutation_control,shuffled_structure_control,bsig_8e7a52f1a727043c61e5d5c2,bsig_bb01a7c1d0ca9b191d52310d,0.3910482658779201,True,,
obs_f855844ba74f991c9ab0ba6d,obs_cd8cd88cb9618af0705bbf06,derived_control,derived_control,label_permutation_control,randomized_edge_control,bsig_8e7a52f1a727043c61e5d5c2,bsig_3b1c1a5f56bb03b20611587b,0.32058088063723833,True,,
obs_f855844ba74f991c9ab0ba6d,obs_448f4e11eb5a27dd4f60b644,derived_control,derived_control,label_permutation_control,randomized_edge_control,bsig_8e7a52f1a727043c61e5d5c2,bsig_3b1c1a5f56bb03b20611587b,0.3713332373456544,True,,
obs_f855844ba74f991c9ab0ba6d,obs_fa7bd1db2d6a1d5f66733a16,derived_control,derived_control,label_permutation_control,randomized_edge_control,bsig_8e7a52f1a727043c61e5d5c2,bsig_3b1c1a5f56bb03b20611587b,0.21688034188034186,True,,
obs_f855844ba74f991c9ab0ba6d,obs_3f3cbf5fee77e89478120a3b,derived_control,derived_control,label_permutation_control,randomized_edge_control,bsig_8e7a52f1a727043c61e5d5c2,bsig_3b1c1a5f56bb03b20611587b,0.341460563077295,True,,
obs_f855844ba74f991c9ab0ba6d,obs_ddbc298f7c4df1aede53d5d6,derived_control,derived_control,label_permutation_control,randomized_edge_control,bsig_8e7a52f1a727043c61e5d5c2,bsig_3b1c1a5f56bb03b20611587b,0.3350707634208991,True,,
obs_f855844ba74f991c9ab0ba6d,obs_3f2760e857afefe81bf772fe,derived_control,derived_control,label_permutation_control,randomized_edge_control,bsig_8e7a52f1a727043c61e5d5c2,bsig_3b1c1a5f56bb03b20611587b,0.3910482658779201,True,,
obs_f855844ba74f991c9ab0ba6d,obs_1aa1fc186c905e7ffa16d2d4,derived_control,derived_control,label_permutation_control,degraded_signal_control,bsig_8e7a52f1a727043c61e5d5c2,bsig_8527b27b7d47cca4b9594df9,0.40405787827961465,True,,
obs_f855844ba74f991c9ab0ba6d,obs_e9c8066d01dd67e1f9d375ef,derived_control,derived_control,label_permutation_control,degraded_signal_control,bsig_8e7a52f1a727043c61e5d5c2,bsig_1095c101d561009a130e1133,0.4358504773390007,True,,
obs_f855844ba74f991c9ab0ba6d,obs_aabd161899dc613ecf88b1d9,derived_control,derived_control,label_permutation_control,degraded_signal_control,bsig_8e7a52f1a727043c61e5d5c2,bsig_5fc2cc8106fba2b64bc8c905,0.328393894706333,True,,
obs_f855844ba74f991c9ab0ba6d,obs_322c862d474a379bd8df7674,derived_control,derived_control,label_permutation_control,degraded_signal_control,bsig_8e7a52f1a727043c61e5d5c2,bsig_1095c101d561009a130e1133,0.4049088450044908,True,,
obs_f855844ba74f991c9ab0ba6d,obs_4ef6a9c1a3b2d0659064e20b,derived_control,derived_control,label_permutation_control,degraded_signal_control,bsig_8e7a52f1a727043c61e5d5c2,bsig_8527b27b7d47cca4b9594df9,0.37687526719259745,True,,
obs_f855844ba74f991c9ab0ba6d,obs_7d8b6ee929f2a0a0cf7af8f5,derived_control,derived_control,label_permutation_control,degraded_signal_control,bsig_8e7a52f1a727043c61e5d5c2,bsig_1095c101d561009a130e1133,0.442151107148214,True,,
obs_f855844ba74f991c9ab0ba6d,obs_b41d2dded4b9ccd5ecd128d5,derived_control,derived_control,label_permutation_control,label_permutation_control,bsig_8e7a52f1a727043c61e5d5c2,bsig_8e7a52f1a727043c61e5d5c2,0.163224348280706,True,,
obs_f855844ba74f991c9ab0ba6d,obs_a3582497f15ead2a2fc1280f,derived_control,derived_control,label_permutation_control,label_permutation_control,bsig_8e7a52f1a727043c61e5d5c2,bsig_8e7a52f1a727043c61e5d5c2,0.24211523312765015,True,,
obs_f855844ba74f991c9ab0ba6d,obs_f855844ba74f991c9ab0ba6d,derived_control,derived_control,label_permutation_control,label_permutation_control,bsig_8e7a52f1a727043c61e5d5c2,bsig_8e7a52f1a727043c61e5d5c2,0.0,True,,
obs_f855844ba74f991c9ab0ba6d,obs_20877377330b5094380e86df,derived_control,derived_control,label_permutation_control,label_permutation_control,bsig_8e7a52f1a727043c61e5d5c2,bsig_8e7a52f1a727043c61e5d5c2,0.21224255885929078,True,,
obs_f855844ba74f991c9ab0ba6d,obs_8d92e32fec459dd0746ec799,derived_control,derived_control,label_permutation_control,label_permutation_control,bsig_8e7a52f1a727043c61e5d5c2,bsig_8e7a52f1a727043c61e5d5c2,0.17771423106436673,True,,
obs_f855844ba74f991c9ab0ba6d,obs_11180e544727ce850ebf3a6a,derived_control,derived_control,label_permutation_control,label_permutation_control,bsig_8e7a52f1a727043c61e5d5c2,bsig_8e7a52f1a727043c61e5d5c2,0.26183026165991585,True,,
obs_f855844ba74f991c9ab0ba6d,obs_979ad629051487c82499339e,derived_control,derived_control,label_permutation_control,generic_graph_operator_control,bsig_8e7a52f1a727043c61e5d5c2,bsig_793bb0a29a9abfe233b6d670,0.42049346804982574,True,,
obs_f855844ba74f991c9ab0ba6d,obs_2c0e6630085a94e0f0b4dd07,derived_control,derived_control,label_permutation_control,generic_graph_operator_control,bsig_8e7a52f1a727043c61e5d5c2,bsig_793bb0a29a9abfe233b6d670,0.4712458247582418,True,,
obs_f855844ba74f991c9ab0ba6d,obs_0033e7ce631563262f7b0bbe,derived_control,derived_control,label_permutation_control,generic_graph_operator_control,bsig_8e7a52f1a727043c61e5d5c2,bsig_793bb0a29a9abfe233b6d670,0.3521464646464646,True,,
obs_f855844ba74f991c9ab0ba6d,obs_118430be7d682f480e3902ea,derived_control,derived_control,label_permutation_control,generic_graph_operator_control,bsig_8e7a52f1a727043c61e5d5c2,bsig_793bb0a29a9abfe233b6d670,0.4767266858434177,True,,
obs_f855844ba74f991c9ab0ba6d,obs_8f4c211fcf3841317e300fd0,derived_control,derived_control,label_permutation_control,generic_graph_operator_control,bsig_8e7a52f1a727043c61e5d5c2,bsig_793bb0a29a9abfe233b6d670,0.4349833508334865,True,,
obs_f855844ba74f991c9ab0ba6d,obs_ae30906415b62baef858fb35,derived_control,derived_control,label_permutation_control,generic_graph_operator_control,bsig_8e7a52f1a727043c61e5d5c2,bsig_793bb0a29a9abfe233b6d670,0.4909608532905075,True,,
obs_f855844ba74f991c9ab0ba6d,obs_2b1c4b4fddba864cb9f9f25f,derived_control,derived_control,label_permutation_control,seed_repeat_control,bsig_8e7a52f1a727043c61e5d5c2,bsig_53d374d66c9dffe0861a6d49,0.32058088063723833,True,,
obs_f855844ba74f991c9ab0ba6d,obs_65dfe5e65cb70d7cb499d482,derived_control,derived_control,label_permutation_control,seed_repeat_control,bsig_8e7a52f1a727043c61e5d5c2,bsig_53d374d66c9dffe0861a6d49,0.3713332373456544,True,,
obs_f855844ba74f991c9ab0ba6d,obs_f622bfcc3394ff0a255f9f83,derived_control,derived_control,label_permutation_control,seed_repeat_control,bsig_8e7a52f1a727043c61e5d5c2,bsig_53d374d66c9dffe0861a6d49,0.21688034188034186,True,,
obs_f855844ba74f991c9ab0ba6d,obs_57728f48826a986fe1ea83d9,derived_control,derived_control,label_permutation_control,seed_repeat_control,bsig_8e7a52f1a727043c61e5d5c2,bsig_53d374d66c9dffe0861a6d49,0.341460563077295,True,,
obs_f855844ba74f991c9ab0ba6d,obs_c740a30388dc20122927f42a,derived_control,derived_control,label_permutation_control,seed_repeat_control,bsig_8e7a52f1a727043c61e5d5c2,bsig_53d374d66c9dffe0861a6d49,0.3350707634208991,True,,
obs_f855844ba74f991c9ab0ba6d,obs_04fbf535deaa3a11fe4345ca,derived_control,derived_control,label_permutation_control,seed_repeat_control,bsig_8e7a52f1a727043c61e5d5c2,bsig_53d374d66c9dffe0861a6d49,0.3910482658779201,True,,
obs_f855844ba74f991c9ab0ba6d,obs_d36d9fb3b1f089bbbf821e5c,derived_control,derived_control,label_permutation_control,parameter_matched_null_control,bsig_8e7a52f1a727043c61e5d5c2,bsig_f61a89a0172a79f5d96cd71c,0.6437177125936294,True,,
obs_f855844ba74f991c9ab0ba6d,obs_93659ee4b3b5fdadf510315f,derived_control,derived_control,label_permutation_control,parameter_matched_null_control,bsig_8e7a52f1a727043c61e5d5c2,bsig_f61a89a0172a79f5d96cd71c,0.6565357964938562,True,,
obs_f855844ba74f991c9ab0ba6d,obs_5a7521167226bbafcd5c6ba8,derived_control,derived_control,label_permutation_control,parameter_matched_null_control,bsig_8e7a52f1a727043c61e5d5c2,bsig_f61a89a0172a79f5d96cd71c,0.6057338525266064,True,,
obs_f855844ba74f991c9ab0ba6d,obs_9b1c5f0213d9d0fc1a3fff27,derived_control,derived_control,label_permutation_control,parameter_matched_null_control,bsig_8e7a52f1a727043c61e5d5c2,bsig_f61a89a0172a79f5d96cd71c,0.6201266444767198,True,,
obs_f855844ba74f991c9ab0ba6d,obs_062eb3c1dd90468a63227d7f,derived_control,derived_control,label_permutation_control,parameter_matched_null_control,bsig_8e7a52f1a727043c61e5d5c2,bsig_f61a89a0172a79f5d96cd71c,0.6425852244341651,True,,
obs_f855844ba74f991c9ab0ba6d,obs_e93f92e26db8b9c29005cc9e,derived_control,derived_control,label_permutation_control,parameter_matched_null_control,bsig_8e7a52f1a727043c61e5d5c2,bsig_f61a89a0172a79f5d96cd71c,0.6554977952958431,True,,
obs_20877377330b5094380e86df,obs_c21d789f14a613fc6b0083e2,derived_control,target,label_permutation_control,target,bsig_8e7a52f1a727043c61e5d5c2,bsig_53d374d66c9dffe0861a6d49,0.4249693213108828,True,,
obs_20877377330b5094380e86df,obs_afd8912a0e32fb71b5407b81,derived_control,frozen_control,label_permutation_control,periodic_diagonal_augmented_control,bsig_8e7a52f1a727043c61e5d5c2,bsig_c70af5951ff4d9712678a20b,0.45754393610193467,True,,
obs_20877377330b5094380e86df,obs_ed1f0ceddbbf708b259ea1a6,derived_control,target,label_permutation_control,target,bsig_8e7a52f1a727043c61e5d5c2,bsig_53d374d66c9dffe0861a6d49,0.29146430034789234,True,,
obs_20877377330b5094380e86df,obs_46ade388243f3a4581ba4489,derived_control,frozen_control,label_permutation_control,periodic_diagonal_augmented_control,bsig_8e7a52f1a727043c61e5d5c2,bsig_c70af5951ff4d9712678a20b,0.37135664709700084,True,,
obs_20877377330b5094380e86df,obs_8de73c59341ac382087fba03,derived_control,target,label_permutation_control,target,bsig_8e7a52f1a727043c61e5d5c2,bsig_53d374d66c9dffe0861a6d49,0.341460563077295,True,,
obs_20877377330b5094380e86df,obs_4b958084812d6435763f9a05,derived_control,frozen_control,label_permutation_control,periodic_diagonal_augmented_control,bsig_8e7a52f1a727043c61e5d5c2,bsig_1364358a857deba241e04538,0.4365164145391336,True,,
obs_20877377330b5094380e86df,obs_ea0aca853f3046642f451b7d,derived_control,target,label_permutation_control,target,bsig_8e7a52f1a727043c61e5d5c2,bsig_53d374d66c9dffe0861a6d49,0.21688034188034186,True,,
obs_20877377330b5094380e86df,obs_1163ec91dc845e4ed94d462a,derived_control,frozen_control,label_permutation_control,periodic_diagonal_augmented_control,bsig_8e7a52f1a727043c61e5d5c2,bsig_1364358a857deba241e04538,0.2902207819702,True,,
obs_20877377330b5094380e86df,obs_d6eeaa59b08b0f1c4897f8db,derived_control,target,label_permutation_control,target,bsig_8e7a52f1a727043c61e5d5c2,bsig_53d374d66c9dffe0861a6d49,0.35343363023141355,True,,
obs_20877377330b5094380e86df,obs_86701919f4db014d1d236f54,derived_control,frozen_control,label_permutation_control,periodic_diagonal_augmented_control,bsig_8e7a52f1a727043c61e5d5c2,bsig_53d374d66c9dffe0861a6d49,0.38906896280781744,True,,
obs_20877377330b5094380e86df,obs_8c347ec96417e5677cdb8ad0,derived_control,target,label_permutation_control,target,bsig_8e7a52f1a727043c61e5d5c2,bsig_53d374d66c9dffe0861a6d49,0.29765890289068997,True,,
obs_20877377330b5094380e86df,obs_624a249c44d428f10aa73463,derived_control,frozen_control,label_permutation_control,periodic_diagonal_augmented_control,bsig_8e7a52f1a727043c61e5d5c2,bsig_53d374d66c9dffe0861a6d49,0.2356089507565411,True,,
obs_20877377330b5094380e86df,obs_e43b79a2ef68469ae989ae1e,derived_control,derived_control,label_permutation_control,shuffled_structure_control,bsig_8e7a52f1a727043c61e5d5c2,bsig_bb01a7c1d0ca9b191d52310d,0.4249693213108828,True,,
obs_20877377330b5094380e86df,obs_c887eb3bf0ab4011d4084e3a,derived_control,derived_control,label_permutation_control,shuffled_structure_control,bsig_8e7a52f1a727043c61e5d5c2,bsig_bb01a7c1d0ca9b191d52310d,0.29146430034789234,True,,
obs_20877377330b5094380e86df,obs_57e35110e54898bdbe032c98,derived_control,derived_control,label_permutation_control,shuffled_structure_control,bsig_8e7a52f1a727043c61e5d5c2,bsig_bb01a7c1d0ca9b191d52310d,0.341460563077295,True,,
obs_20877377330b5094380e86df,obs_2d439625692f7d83d54dd8c5,derived_control,derived_control,label_permutation_control,shuffled_structure_control,bsig_8e7a52f1a727043c61e5d5c2,bsig_bb01a7c1d0ca9b191d52310d,0.21688034188034186,True,,
obs_20877377330b5094380e86df,obs_ee93d740f305035b42ac22c5,derived_control,derived_control,label_permutation_control,shuffled_structure_control,bsig_8e7a52f1a727043c61e5d5c2,bsig_bb01a7c1d0ca9b191d52310d,0.35343363023141355,True,,
obs_20877377330b5094380e86df,obs_590502ed80ee4f9526a00243,derived_control,derived_control,label_permutation_control,shuffled_structure_control,bsig_8e7a52f1a727043c61e5d5c2,bsig_bb01a7c1d0ca9b191d52310d,0.29765890289068997,True,,
obs_20877377330b5094380e86df,obs_cd8cd88cb9618af0705bbf06,derived_control,derived_control,label_permutation_control,randomized_edge_control,bsig_8e7a52f1a727043c61e5d5c2,bsig_3b1c1a5f56bb03b20611587b,0.4249693213108828,True,,
obs_20877377330b5094380e86df,obs_448f4e11eb5a27dd4f60b644,derived_control,derived_control,label_permutation_control,randomized_edge_control,bsig_8e7a52f1a727043c61e5d5c2,bsig_3b1c1a5f56bb03b20611587b,0.29146430034789234,True,,
obs_20877377330b5094380e86df,obs_fa7bd1db2d6a1d5f66733a16,derived_control,derived_control,label_permutation_control,randomized_edge_control,bsig_8e7a52f1a727043c61e5d5c2,bsig_3b1c1a5f56bb03b20611587b,0.341460563077295,True,,
obs_20877377330b5094380e86df,obs_3f3cbf5fee77e89478120a3b,derived_control,derived_control,label_permutation_control,randomized_edge_control,bsig_8e7a52f1a727043c61e5d5c2,bsig_3b1c1a5f56bb03b20611587b,0.21688034188034186,True,,
obs_20877377330b5094380e86df,obs_ddbc298f7c4df1aede53d5d6,derived_control,derived_control,label_permutation_control,randomized_edge_control,bsig_8e7a52f1a727043c61e5d5c2,bsig_3b1c1a5f56bb03b20611587b,0.35343363023141355,True,,
obs_20877377330b5094380e86df,obs_3f2760e857afefe81bf772fe,derived_control,derived_control,label_permutation_control,randomized_edge_control,bsig_8e7a52f1a727043c61e5d5c2,bsig_3b1c1a5f56bb03b20611587b,0.29765890289068997,True,,
obs_20877377330b5094380e86df,obs_1aa1fc186c905e7ffa16d2d4,derived_control,derived_control,label_permutation_control,degraded_signal_control,bsig_8e7a52f1a727043c61e5d5c2,bsig_8527b27b7d47cca4b9594df9,0.4987332794756611,True,,
obs_20877377330b5094380e86df,obs_e9c8066d01dd67e1f9d375ef,derived_control,derived_control,label_permutation_control,degraded_signal_control,bsig_8e7a52f1a727043c61e5d5c2,bsig_1095c101d561009a130e1133,0.39362704543270205,True,,
obs_20877377330b5094380e86df,obs_aabd161899dc613ecf88b1d9,derived_control,derived_control,label_permutation_control,degraded_signal_control,bsig_8e7a52f1a727043c61e5d5c2,bsig_5fc2cc8106fba2b64bc8c905,0.42811987565028653,True,,
obs_20877377330b5094380e86df,obs_322c862d474a379bd8df7674,derived_control,derived_control,label_permutation_control,degraded_signal_control,bsig_8e7a52f1a727043c61e5d5c2,bsig_1095c101d561009a130e1133,0.328393894706333,True,,
obs_20877377330b5094380e86df,obs_4ef6a9c1a3b2d0659064e20b,derived_control,derived_control,label_permutation_control,degraded_signal_control,bsig_8e7a52f1a727043c61e5d5c2,bsig_8527b27b7d47cca4b9594df9,0.4151395526680354,True,,
obs_20877377330b5094380e86df,obs_7d8b6ee929f2a0a0cf7af8f5,derived_control,derived_control,label_permutation_control,degraded_signal_control,bsig_8e7a52f1a727043c61e5d5c2,bsig_1095c101d561009a130e1133,0.3962667122711768,True,,
obs_20877377330b5094380e86df,obs_b41d2dded4b9ccd5ecd128d5,derived_control,derived_control,label_permutation_control,label_permutation_control,bsig_8e7a52f1a727043c61e5d5c2,bsig_8e7a52f1a727043c61e5d5c2,0.27554929689085833,True,,
obs_20877377330b5094380e86df,obs_a3582497f15ead2a2fc1280f,derived_control,derived_control,label_permutation_control,label_permutation_control,bsig_8e7a52f1a727043c61e5d5c2,bsig_8e7a52f1a727043c61e5d5c2,0.07458395846755046,True,,
obs_20877377330b5094380e86df,obs_f855844ba74f991c9ab0ba6d,derived_control,derived_control,label_permutation_control,label_permutation_control,bsig_8e7a52f1a727043c61e5d5c2,bsig_8e7a52f1a727043c61e5d5c2,0.21224255885929078,True,,
obs_20877377330b5094380e86df,obs_20877377330b5094380e86df,derived_control,derived_control,label_permutation_control,label_permutation_control,bsig_8e7a52f1a727043c61e5d5c2,bsig_8e7a52f1a727043c61e5d5c2,0.0,True,,
obs_20877377330b5094380e86df,obs_8d92e32fec459dd0746ec799,derived_control,derived_control,label_permutation_control,label_permutation_control,bsig_8e7a52f1a727043c61e5d5c2,bsig_8e7a52f1a727043c61e5d5c2,0.20401360581138914,True,,
obs_20877377330b5094380e86df,obs_11180e544727ce850ebf3a6a,derived_control,derived_control,label_permutation_control,label_permutation_control,bsig_8e7a52f1a727043c61e5d5c2,bsig_8e7a52f1a727043c61e5d5c2,0.08077856101034808,True,,
obs_20877377330b5094380e86df,obs_979ad629051487c82499339e,derived_control,derived_control,label_permutation_control,generic_graph_operator_control,bsig_8e7a52f1a727043c61e5d5c2,bsig_793bb0a29a9abfe233b6d670,0.5248819087234702,True,,
obs_20877377330b5094380e86df,obs_2c0e6630085a94e0f0b4dd07,derived_control,derived_control,label_permutation_control,generic_graph_operator_control,bsig_8e7a52f1a727043c61e5d5c2,bsig_793bb0a29a9abfe233b6d670,0.39137688776047974,True,,
obs_20877377330b5094380e86df,obs_0033e7ce631563262f7b0bbe,derived_control,derived_control,label_permutation_control,generic_graph_operator_control,bsig_8e7a52f1a727043c61e5d5c2,bsig_793bb0a29a9abfe233b6d670,0.4767266858434177,True,,
obs_20877377330b5094380e86df,obs_118430be7d682f480e3902ea,derived_control,derived_control,label_permutation_control,generic_graph_operator_control,bsig_8e7a52f1a727043c61e5d5c2,bsig_793bb0a29a9abfe233b6d670,0.3521464646464646,True,,
obs_20877377330b5094380e86df,obs_8f4c211fcf3841317e300fd0,derived_control,derived_control,label_permutation_control,generic_graph_operator_control,bsig_8e7a52f1a727043c61e5d5c2,bsig_793bb0a29a9abfe233b6d670,0.45334621764400096,True,,
obs_20877377330b5094380e86df,obs_ae30906415b62baef858fb35,derived_control,derived_control,label_permutation_control,generic_graph_operator_control,bsig_8e7a52f1a727043c61e5d5c2,bsig_793bb0a29a9abfe233b6d670,0.3975714903032774,True,,
obs_20877377330b5094380e86df,obs_2b1c4b4fddba864cb9f9f25f,derived_control,derived_control,label_permutation_control,seed_repeat_control,bsig_8e7a52f1a727043c61e5d5c2,bsig_53d374d66c9dffe0861a6d49,0.4249693213108828,True,,
obs_20877377330b5094380e86df,obs_65dfe5e65cb70d7cb499d482,derived_control,derived_control,label_permutation_control,seed_repeat_control,bsig_8e7a52f1a727043c61e5d5c2,bsig_53d374d66c9dffe0861a6d49,0.29146430034789234,True,,
obs_20877377330b5094380e86df,obs_f622bfcc3394ff0a255f9f83,derived_control,derived_control,label_permutation_control,seed_repeat_control,bsig_8e7a52f1a727043c61e5d5c2,bsig_53d374d66c9dffe0861a6d49,0.341460563077295,True,,
obs_20877377330b5094380e86df,obs_57728f48826a986fe1ea83d9,derived_control,derived_control,label_permutation_control,seed_repeat_control,bsig_8e7a52f1a727043c61e5d5c2,bsig_53d374d66c9dffe0861a6d49,0.21688034188034186,True,,
obs_20877377330b5094380e86df,obs_c740a30388dc20122927f42a,derived_control,derived_control,label_permutation_control,seed_repeat_control,bsig_8e7a52f1a727043c61e5d5c2,bsig_53d374d66c9dffe0861a6d49,0.35343363023141355,True,,
obs_20877377330b5094380e86df,obs_04fbf535deaa3a11fe4345ca,derived_control,derived_control,label_permutation_control,seed_repeat_control,bsig_8e7a52f1a727043c61e5d5c2,bsig_53d374d66c9dffe0861a6d49,0.29765890289068997,True,,
obs_20877377330b5094380e86df,obs_d36d9fb3b1f089bbbf821e5c,derived_control,derived_control,label_permutation_control,parameter_matched_null_control,bsig_8e7a52f1a727043c61e5d5c2,bsig_f61a89a0172a79f5d96cd71c,0.6572916610063279,True,,
obs_20877377330b5094380e86df,obs_93659ee4b3b5fdadf510315f,derived_control,derived_control,label_permutation_control,parameter_matched_null_control,bsig_8e7a52f1a727043c61e5d5c2,bsig_f61a89a0172a79f5d96cd71c,0.6427098979677791,True,,
obs_20877377330b5094380e86df,obs_5a7521167226bbafcd5c6ba8,derived_control,derived_control,label_permutation_control,parameter_matched_null_control,bsig_8e7a52f1a727043c61e5d5c2,bsig_f61a89a0172a79f5d96cd71c,0.6201266444767198,True,,
obs_20877377330b5094380e86df,obs_9b1c5f0213d9d0fc1a3fff27,derived_control,derived_control,label_permutation_control,parameter_matched_null_control,bsig_8e7a52f1a727043c61e5d5c2,bsig_f61a89a0172a79f5d96cd71c,0.6057338525266064,True,,
obs_20877377330b5094380e86df,obs_062eb3c1dd90468a63227d7f,derived_control,derived_control,label_permutation_control,parameter_matched_null_control,bsig_8e7a52f1a727043c61e5d5c2,bsig_f61a89a0172a79f5d96cd71c,0.6554033168377932,True,,
obs_20877377330b5094380e86df,obs_e93f92e26db8b9c29005cc9e,derived_control,derived_control,label_permutation_control,parameter_matched_null_control,bsig_8e7a52f1a727043c61e5d5c2,bsig_f61a89a0172a79f5d96cd71c,0.6411050033457297,True,,
obs_8d92e32fec459dd0746ec799,obs_c21d789f14a613fc6b0083e2,derived_control,target,label_permutation_control,target,bsig_8e7a52f1a727043c61e5d5c2,bsig_53d374d66c9dffe0861a6d49,0.3451831135816998,True,,
obs_8d92e32fec459dd0746ec799,obs_afd8912a0e32fb71b5407b81,derived_control,frozen_control,label_permutation_control,periodic_diagonal_augmented_control,bsig_8e7a52f1a727043c61e5d5c2,bsig_c70af5951ff4d9712678a20b,0.39903675697552654,True,,
obs_8d92e32fec459dd0746ec799,obs_ed1f0ceddbbf708b259ea1a6,derived_control,target,label_permutation_control,target,bsig_8e7a52f1a727043c61e5d5c2,bsig_53d374d66c9dffe0861a6d49,0.2901920421290368,True,,
obs_8d92e32fec459dd0746ec799,obs_46ade388243f3a4581ba4489,derived_control,frozen_control,label_permutation_control,periodic_diagonal_augmented_control,bsig_8e7a52f1a727043c61e5d5c2,bsig_c70af5951ff4d9712678a20b,0.356774329453068,True,,
obs_8d92e32fec459dd0746ec799,obs_8de73c59341ac382087fba03,derived_control,target,label_permutation_control,target,bsig_8e7a52f1a727043c61e5d5c2,bsig_53d374d66c9dffe0861a6d49,0.3350707634208991,True,,
obs_8d92e32fec459dd0746ec799,obs_4b958084812d6435763f9a05,derived_control,frozen_control,label_permutation_control,periodic_diagonal_augmented_control,bsig_8e7a52f1a727043c61e5d5c2,bsig_1364358a857deba241e04538,0.4525330164362496,True,,
obs_8d92e32fec459dd0746ec799,obs_ea0aca853f3046642f451b7d,derived_control,target,label_permutation_control,target,bsig_8e7a52f1a727043c61e5d5c2,bsig_53d374d66c9dffe0861a6d49,0.35343363023141355,True,,
obs_8d92e32fec459dd0746ec799,obs_1163ec91dc845e4ed94d462a,derived_control,frozen_control,label_permutation_control,periodic_diagonal_augmented_control,bsig_8e7a52f1a727043c61e5d5c2,bsig_1364358a857deba241e04538,0.3630135530895898,True,,
obs_8d92e32fec459dd0746ec799,obs_d6eeaa59b08b0f1c4897f8db,derived_control,target,label_permutation_control,target,bsig_8e7a52f1a727043c61e5d5c2,bsig_53d374d66c9dffe0861a6d49,0.21688034188034186,True,,
obs_8d92e32fec459dd0746ec799,obs_86701919f4db014d1d236f54,derived_control,frozen_control,label_permutation_control,periodic_diagonal_augmented_control,bsig_8e7a52f1a727043c61e5d5c2,bsig_53d374d66c9dffe0861a6d49,0.39484588916943625,True,,
obs_8d92e32fec459dd0746ec799,obs_8c347ec96417e5677cdb8ad0,derived_control,target,label_permutation_control,target,bsig_8e7a52f1a727043c61e5d5c2,bsig_53d374d66c9dffe0861a6d49,0.3387474057665475,True,,
obs_8d92e32fec459dd0746ec799,obs_624a249c44d428f10aa73463,derived_control,frozen_control,label_permutation_control,periodic_diagonal_augmented_control,bsig_8e7a52f1a727043c61e5d5c2,bsig_53d374d66c9dffe0861a6d49,0.34907780402448807,True,,
obs_8d92e32fec459dd0746ec799,obs_e43b79a2ef68469ae989ae1e,derived_control,derived_control,label_permutation_control,shuffled_structure_control,bsig_8e7a52f1a727043c61e5d5c2,bsig_bb01a7c1d0ca9b191d52310d,0.3451831135816998,True,,
obs_8d92e32fec459dd0746ec799,obs_c887eb3bf0ab4011d4084e3a,derived_control,derived_control,label_permutation_control,shuffled_structure_control,bsig_8e7a52f1a727043c61e5d5c2,bsig_bb01a7c1d0ca9b191d52310d,0.2901920421290368,True,,
obs_8d92e32fec459dd0746ec799,obs_57e35110e54898bdbe032c98,derived_control,derived_control,label_permutation_control,shuffled_structure_control,bsig_8e7a52f1a727043c61e5d5c2,bsig_bb01a7c1d0ca9b191d52310d,0.3350707634208991,True,,
obs_8d92e32fec459dd0746ec799,obs_2d439625692f7d83d54dd8c5,derived_control,derived_control,label_permutation_control,shuffled_structure_control,bsig_8e7a52f1a727043c61e5d5c2,bsig_bb01a7c1d0ca9b191d52310d,0.35343363023141355,True,,
obs_8d92e32fec459dd0746ec799,obs_ee93d740f305035b42ac22c5,derived_control,derived_control,label_permutation_control,shuffled_structure_control,bsig_8e7a52f1a727043c61e5d5c2,bsig_bb01a7c1d0ca9b191d52310d,0.21688034188034186,True,,
obs_8d92e32fec459dd0746ec799,obs_590502ed80ee4f9526a00243,derived_control,derived_control,label_permutation_control,shuffled_structure_control,bsig_8e7a52f1a727043c61e5d5c2,bsig_bb01a7c1d0ca9b191d52310d,0.3387474057665475,True,,
obs_8d92e32fec459dd0746ec799,obs_cd8cd88cb9618af0705bbf06,derived_control,derived_control,label_permutation_control,randomized_edge_control,bsig_8e7a52f1a727043c61e5d5c2,bsig_3b1c1a5f56bb03b20611587b,0.3451831135816998,True,,
obs_8d92e32fec459dd0746ec799,obs_448f4e11eb5a27dd4f60b644,derived_control,derived_control,label_permutation_control,randomized_edge_control,bsig_8e7a52f1a727043c61e5d5c2,bsig_3b1c1a5f56bb03b20611587b,0.2901920421290368,True,,
obs_8d92e32fec459dd0746ec799,obs_fa7bd1db2d6a1d5f66733a16,derived_control,derived_control,label_permutation_control,randomized_edge_control,bsig_8e7a52f1a727043c61e5d5c2,bsig_3b1c1a5f56bb03b20611587b,0.3350707634208991,True,,
obs_8d92e32fec459dd0746ec799,obs_3f3cbf5fee77e89478120a3b,derived_control,derived_control,label_permutation_control,randomized_edge_control,bsig_8e7a52f1a727043c61e5d5c2,bsig_3b1c1a5f56bb03b20611587b,0.35343363023141355,True,,
obs_8d92e32fec459dd0746ec799,obs_ddbc298f7c4df1aede53d5d6,derived_control,derived_control,label_permutation_control,randomized_edge_control,bsig_8e7a52f1a727043c61e5d5c2,bsig_3b1c1a5f56bb03b20611587b,0.21688034188034186,True,,
obs_8d92e32fec459dd0746ec799,obs_3f2760e857afefe81bf772fe,derived_control,derived_control,label_permutation_control,randomized_edge_control,bsig_8e7a52f1a727043c61e5d5c2,bsig_3b1c1a5f56bb03b20611587b,0.3387474057665475,True,,
obs_8d92e32fec459dd0746ec799,obs_1aa1fc186c905e7ffa16d2d4,derived_control,derived_control,label_permutation_control,degraded_signal_control,bsig_8e7a52f1a727043c61e5d5c2,bsig_8527b27b7d47cca4b9594df9,0.42093358231498224,True,,
obs_8d92e32fec459dd0746ec799,obs_e9c8066d01dd67e1f9d375ef,derived_control,derived_control,label_permutation_control,degraded_signal_control,bsig_8e7a52f1a727043c61e5d5c2,bsig_1095c101d561009a130e1133,0.3872615509153454,True,,
obs_8d92e32fec459dd0746ec799,obs_aabd161899dc613ecf88b1d9,derived_control,derived_control,label_permutation_control,degraded_signal_control,bsig_8e7a52f1a727043c61e5d5c2,bsig_5fc2cc8106fba2b64bc8c905,0.42514361501658987,True,,
obs_8d92e32fec459dd0746ec799,obs_322c862d474a379bd8df7674,derived_control,derived_control,label_permutation_control,degraded_signal_control,bsig_8e7a52f1a727043c61e5d5c2,bsig_1095c101d561009a130e1133,0.44111678999512177,True,,
obs_8d92e32fec459dd0746ec799,obs_4ef6a9c1a3b2d0659064e20b,derived_control,derived_control,label_permutation_control,degraded_signal_control,bsig_8e7a52f1a727043c61e5d5c2,bsig_8527b27b7d47cca4b9594df9,0.3283656401358248,True,,
obs_8d92e32fec459dd0746ec799,obs_7d8b6ee929f2a0a0cf7af8f5,derived_control,derived_control,label_permutation_control,degraded_signal_control,bsig_8e7a52f1a727043c61e5d5c2,bsig_1095c101d561009a130e1133,0.4227928146326815,True,,
obs_8d92e32fec459dd0746ec799,obs_b41d2dded4b9ccd5ecd128d5,derived_control,derived_control,label_permutation_control,label_permutation_control,bsig_8e7a52f1a727043c61e5d5c2,bsig_8e7a52f1a727043c61e5d5c2,0.12830277170135795,True,,
obs_8d92e32fec459dd0746ec799,obs_a3582497f15ead2a2fc1280f,derived_control,derived_control,label_permutation_control,label_permutation_control,bsig_8e7a52f1a727043c61e5d5c2,bsig_8e7a52f1a727043c61e5d5c2,0.14077201770901243,True,,
obs_8d92e32fec459dd0746ec799,obs_f855844ba74f991c9ab0ba6d,derived_control,derived_control,label_permutation_control,label_permutation_control,bsig_8e7a52f1a727043c61e5d5c2,bsig_8e7a52f1a727043c61e5d5c2,0.17771423106436673,True,,
obs_8d92e32fec459dd0746ec799,obs_20877377330b5094380e86df,derived_control,derived_control,label_permutation_control,label_permutation_control,bsig_8e7a52f1a727043c61e5d5c2,bsig_8e7a52f1a727043c61e5d5c2,0.20401360581138914,True,,
obs_8d92e32fec459dd0746ec799,obs_8d92e32fec459dd0746ec799,derived_control,derived_control,label_permutation_control,label_permutation_control,bsig_8e7a52f1a727043c61e5d5c2,bsig_8e7a52f1a727043c61e5d5c2,0.0,True,,
obs_8d92e32fec459dd0746ec799,obs_11180e544727ce850ebf3a6a,derived_control,derived_control,label_permutation_control,label_permutation_control,bsig_8e7a52f1a727043c61e5d5c2,bsig_8e7a52f1a727043c61e5d5c2,0.18932738134652308,True,,
obs_8d92e32fec459dd0746ec799,obs_979ad629051487c82499339e,derived_control,derived_control,label_permutation_control,generic_graph_operator_control,bsig_8e7a52f1a727043c61e5d5c2,bsig_793bb0a29a9abfe233b6d670,0.4787657346643209,True,,
obs_8d92e32fec459dd0746ec799,obs_2c0e6630085a94e0f0b4dd07,derived_control,derived_control,label_permutation_control,generic_graph_operator_control,bsig_8e7a52f1a727043c61e5d5c2,bsig_793bb0a29a9abfe233b6d670,0.42377466321165785,True,,
obs_8d92e32fec459dd0746ec799,obs_0033e7ce631563262f7b0bbe,derived_control,derived_control,label_permutation_control,generic_graph_operator_control,bsig_8e7a52f1a727043c61e5d5c2,bsig_793bb0a29a9abfe233b6d670,0.4332998491499848,True,,
obs_8d92e32fec459dd0746ec799,obs_118430be7d682f480e3902ea,derived_control,derived_control,label_permutation_control,generic_graph_operator_control,bsig_8e7a52f1a727043c61e5d5c2,bsig_793bb0a29a9abfe233b6d670,0.45166271596049923,True,,
obs_8d92e32fec459dd0746ec799,obs_8f4c211fcf3841317e300fd0,derived_control,derived_control,label_permutation_control,generic_graph_operator_control,bsig_8e7a52f1a727043c61e5d5c2,bsig_793bb0a29a9abfe233b6d670,0.3504629629629629,True,,
obs_8d92e32fec459dd0746ec799,obs_ae30906415b62baef858fb35,derived_control,derived_control,label_permutation_control,generic_graph_operator_control,bsig_8e7a52f1a727043c61e5d5c2,bsig_793bb0a29a9abfe233b6d670,0.4723300268491685,True,,
obs_8d92e32fec459dd0746ec799,obs_2b1c4b4fddba864cb9f9f25f,derived_control,derived_control,label_permutation_control,seed_repeat_control,bsig_8e7a52f1a727043c61e5d5c2,bsig_53d374d66c9dffe0861a6d49,0.3451831135816998,True,,
obs_8d92e32fec459dd0746ec799,obs_65dfe5e65cb70d7cb499d482,derived_control,derived_control,label_permutation_control,seed_repeat_control,bsig_8e7a52f1a727043c61e5d5c2,bsig_53d374d66c9dffe0861a6d49,0.2901920421290368,True,,
obs_8d92e32fec459dd0746ec799,obs_f622bfcc3394ff0a255f9f83,derived_control,derived_control,label_permutation_control,seed_repeat_control,bsig_8e7a52f1a727043c61e5d5c2,bsig_53d374d66c9dffe0861a6d49,0.3350707634208991,True,,
obs_8d92e32fec459dd0746ec799,obs_57728f48826a986fe1ea83d9,derived_control,derived_control,label_permutation_control,seed_repeat_control,bsig_8e7a52f1a727043c61e5d5c2,bsig_53d374d66c9dffe0861a6d49,0.35343363023141355,True,,
obs_8d92e32fec459dd0746ec799,obs_c740a30388dc20122927f42a,derived_control,derived_control,label_permutation_control,seed_repeat_control,bsig_8e7a52f1a727043c61e5d5c2,bsig_53d374d66c9dffe0861a6d49,0.21688034188034186,True,,
obs_8d92e32fec459dd0746ec799,obs_04fbf535deaa3a11fe4345ca,derived_control,derived_control,label_permutation_control,seed_repeat_control,bsig_8e7a52f1a727043c61e5d5c2,bsig_53d374d66c9dffe0861a6d49,0.3387474057665475,True,,
obs_8d92e32fec459dd0746ec799,obs_d36d9fb3b1f089bbbf821e5c,derived_control,derived_control,label_permutation_control,parameter_matched_null_control,bsig_8e7a52f1a727043c61e5d5c2,bsig_f61a89a0172a79f5d96cd71c,0.6076404305209385,True,,
obs_8d92e32fec459dd0746ec799,obs_93659ee4b3b5fdadf510315f,derived_control,derived_control,label_permutation_control,parameter_matched_null_control,bsig_8e7a52f1a727043c61e5d5c2,bsig_f61a89a0172a79f5d96cd71c,0.6216552944665167,True,,
obs_8d92e32fec459dd0746ec799,obs_5a7521167226bbafcd5c6ba8,derived_control,derived_control,label_permutation_control,parameter_matched_null_control,bsig_8e7a52f1a727043c61e5d5c2,bsig_f61a89a0172a79f5d96cd71c,0.6425682411205192,True,,
obs_8d92e32fec459dd0746ec799,obs_9b1c5f0213d9d0fc1a3fff27,derived_control,derived_control,label_permutation_control,parameter_matched_null_control,bsig_8e7a52f1a727043c61e5d5c2,bsig_f61a89a0172a79f5d96cd71c,0.6553863335241474,True,,
obs_8d92e32fec459dd0746ec799,obs_062eb3c1dd90468a63227d7f,derived_control,derived_control,label_permutation_control,parameter_matched_null_control,bsig_8e7a52f1a727043c61e5d5c2,bsig_f61a89a0172a79f5d96cd71c,0.6057168692129606,True,,
obs_8d92e32fec459dd0746ec799,obs_e93f92e26db8b9c29005cc9e,derived_control,derived_control,label_permutation_control,parameter_matched_null_control,bsig_8e7a52f1a727043c61e5d5c2,bsig_f61a89a0172a79f5d96cd71c,0.6200151827050241,True,,
obs_11180e544727ce850ebf3a6a,obs_c21d789f14a613fc6b0083e2,derived_control,target,label_permutation_control,target,bsig_8e7a52f1a727043c61e5d5c2,bsig_53d374d66c9dffe0861a6d49,0.3957788085891942,True,,
obs_11180e544727ce850ebf3a6a,obs_afd8912a0e32fb71b5407b81,derived_control,frozen_control,label_permutation_control,periodic_diagonal_augmented_control,bsig_8e7a52f1a727043c61e5d5c2,bsig_c70af5951ff4d9712678a20b,0.4220644624923671,True,,
obs_11180e544727ce850ebf3a6a,obs_ed1f0ceddbbf708b259ea1a6,derived_control,target,label_permutation_control,target,bsig_8e7a52f1a727043c61e5d5c2,bsig_53d374d66c9dffe0861a6d49,0.2773855978926141,True,,
obs_11180e544727ce850ebf3a6a,obs_46ade388243f3a4581ba4489,derived_control,frozen_control,label_permutation_control,periodic_diagonal_augmented_control,bsig_8e7a52f1a727043c61e5d5c2,bsig_c70af5951ff4d9712678a20b,0.3507114849030249,True,,
obs_11180e544727ce850ebf3a6a,obs_8de73c59341ac382087fba03,derived_control,target,label_permutation_control,target,bsig_8e7a52f1a727043c61e5d5c2,bsig_53d374d66c9dffe0861a6d49,0.3910482658779201,True,,
obs_11180e544727ce850ebf3a6a,obs_4b958084812d6435763f9a05,derived_control,frozen_control,label_permutation_control,periodic_diagonal_augmented_control,bsig_8e7a52f1a727043c61e5d5c2,bsig_1364358a857deba241e04538,0.47065752789430954,True,,
obs_11180e544727ce850ebf3a6a,obs_ea0aca853f3046642f451b7d,derived_control,target,label_permutation_control,target,bsig_8e7a52f1a727043c61e5d5c2,bsig_53d374d66c9dffe0861a6d49,0.29765890289068997,True,,
obs_11180e544727ce850ebf3a6a,obs_1163ec91dc845e4ed94d462a,derived_control,frozen_control,label_permutation_control,periodic_diagonal_augmented_control,bsig_8e7a52f1a727043c61e5d5c2,bsig_1364358a857deba241e04538,0.35045482276876605,True,,
obs_11180e544727ce850ebf3a6a,obs_d6eeaa59b08b0f1c4897f8db,derived_control,target,label_permutation_control,target,bsig_8e7a52f1a727043c61e5d5c2,bsig_53d374d66c9dffe0861a6d49,0.3387474057665475,True,,
obs_11180e544727ce850ebf3a6a,obs_86701919f4db014d1d236f54,derived_control,frozen_control,label_permutation_control,periodic_diagonal_augmented_control,bsig_8e7a52f1a727043c61e5d5c2,bsig_53d374d66c9dffe0861a6d49,0.43433359581688147,True,,
obs_11180e544727ce850ebf3a6a,obs_8c347ec96417e5677cdb8ad0,derived_control,target,label_permutation_control,target,bsig_8e7a52f1a727043c61e5d5c2,bsig_53d374d66c9dffe0861a6d49,0.21688034188034186,True,,
obs_11180e544727ce850ebf3a6a,obs_624a249c44d428f10aa73463,derived_control,frozen_control,label_permutation_control,periodic_diagonal_augmented_control,bsig_8e7a52f1a727043c61e5d5c2,bsig_53d374d66c9dffe0861a6d49,0.3092097006491611,True,,
obs_11180e544727ce850ebf3a6a,obs_e43b79a2ef68469ae989ae1e,derived_control,derived_control,label_permutation_control,shuffled_structure_control,bsig_8e7a52f1a727043c61e5d5c2,bsig_bb01a7c1d0ca9b191d52310d,0.3957788085891942,True,,
obs_11180e544727ce850ebf3a6a,obs_c887eb3bf0ab4011d4084e3a,derived_control,derived_control,label_permutation_control,shuffled_structure_control,bsig_8e7a52f1a727043c61e5d5c2,bsig_bb01a7c1d0ca9b191d52310d,0.2773855978926141,True,,
obs_11180e544727ce850ebf3a6a,obs_57e35110e54898bdbe032c98,derived_control,derived_control,label_permutation_control,shuffled_structure_control,bsig_8e7a52f1a727043c61e5d5c2,bsig_bb01a7c1d0ca9b191d52310d,0.3910482658779201,True,,
obs_11180e544727ce850ebf3a6a,obs_2d439625692f7d83d54dd8c5,derived_control,derived_control,label_permutation_control,shuffled_structure_control,bsig_8e7a52f1a727043c61e5d5c2,bsig_bb01a7c1d0ca9b191d52310d,0.29765890289068997,True,,
obs_11180e544727ce850ebf3a6a,obs_ee93d740f305035b42ac22c5,derived_control,derived_control,label_permutation_control,shuffled_structure_control,bsig_8e7a52f1a727043c61e5d5c2,bsig_bb01a7c1d0ca9b191d52310d,0.3387474057665475,True,,
obs_11180e544727ce850ebf3a6a,obs_590502ed80ee4f9526a00243,derived_control,derived_control,label_permutation_control,shuffled_structure_control,bsig_8e7a52f1a727043c61e5d5c2,bsig_bb01a7c1d0ca9b191d52310d,0.21688034188034186,True,,
obs_11180e544727ce850ebf3a6a,obs_cd8cd88cb9618af0705bbf06,derived_control,derived_control,label_permutation_control,randomized_edge_control,bsig_8e7a52f1a727043c61e5d5c2,bsig_3b1c1a5f56bb03b20611587b,0.3957788085891942,True,,
obs_11180e544727ce850ebf3a6a,obs_448f4e11eb5a27dd4f60b644,derived_control,derived_control,label_permutation_control,randomized_edge_control,bsig_8e7a52f1a727043c61e5d5c2,bsig_3b1c1a5f56bb03b20611587b,0.2773855978926141,True,,
obs_11180e544727ce850ebf3a6a,obs_fa7bd1db2d6a1d5f66733a16,derived_control,derived_control,label_permutation_control,randomized_edge_control,bsig_8e7a52f1a727043c61e5d5c2,bsig_3b1c1a5f56bb03b20611587b,0.3910482658779201,True,,
obs_11180e544727ce850ebf3a6a,obs_3f3cbf5fee77e89478120a3b,derived_control,derived_control,label_permutation_control,randomized_edge_control,bsig_8e7a52f1a727043c61e5d5c2,bsig_3b1c1a5f56bb03b20611587b,0.29765890289068997,True,,
obs_11180e544727ce850ebf3a6a,obs_ddbc298f7c4df1aede53d5d6,derived_control,derived_control,label_permutation_control,randomized_edge_control,bsig_8e7a52f1a727043c61e5d5c2,bsig_3b1c1a5f56bb03b20611587b,0.3387474057665475,True,,
obs_11180e544727ce850ebf3a6a,obs_3f2760e857afefe81bf772fe,derived_control,derived_control,label_permutation_control,randomized_edge_control,bsig_8e7a52f1a727043c61e5d5c2,bsig_3b1c1a5f56bb03b20611587b,0.21688034188034186,True,,
obs_11180e544727ce850ebf3a6a,obs_1aa1fc186c905e7ffa16d2d4,derived_control,derived_control,label_permutation_control,degraded_signal_control,bsig_8e7a52f1a727043c61e5d5c2,bsig_8527b27b7d47cca4b9594df9,0.473734271514927,True,,
obs_11180e544727ce850ebf3a6a,obs_e9c8066d01dd67e1f9d375ef,derived_control,derived_control,label_permutation_control,degraded_signal_control,bsig_8e7a52f1a727043c61e5d5c2,bsig_1095c101d561009a130e1133,0.3833337016012888,True,,
obs_11180e544727ce850ebf3a6a,obs_aabd161899dc613ecf88b1d9,derived_control,derived_control,label_permutation_control,degraded_signal_control,bsig_8e7a52f1a727043c61e5d5c2,bsig_5fc2cc8106fba2b64bc8c905,0.47392216789773994,True,,
obs_11180e544727ce850ebf3a6a,obs_322c862d474a379bd8df7674,derived_control,derived_control,label_permutation_control,degraded_signal_control,bsig_8e7a52f1a727043c61e5d5c2,bsig_1095c101d561009a130e1133,0.40464496669424016,True,,
obs_11180e544727ce850ebf3a6a,obs_4ef6a9c1a3b2d0659064e20b,derived_control,derived_control,label_permutation_control,degraded_signal_control,bsig_8e7a52f1a727043c61e5d5c2,bsig_8527b27b7d47cca4b9594df9,0.40522352337374945,True,,
obs_11180e544727ce850ebf3a6a,obs_7d8b6ee929f2a0a0cf7af8f5,derived_control,derived_control,label_permutation_control,degraded_signal_control,bsig_8e7a52f1a727043c61e5d5c2,bsig_1095c101d561009a130e1133,0.3283656401358248,True,,
obs_11180e544727ce850ebf3a6a,obs_b41d2dded4b9ccd5ecd128d5,derived_control,derived_control,label_permutation_control,label_permutation_control,bsig_8e7a52f1a727043c61e5d5c2,bsig_8e7a52f1a727043c61e5d5c2,0.2463587841691698,True,,
obs_11180e544727ce850ebf3a6a,obs_a3582497f15ead2a2fc1280f,derived_control,derived_control,label_permutation_control,label_permutation_control,bsig_8e7a52f1a727043c61e5d5c2,bsig_8e7a52f1a727043c61e5d5c2,0.06050525601227224,True,,
obs_11180e544727ce850ebf3a6a,obs_f855844ba74f991c9ab0ba6d,derived_control,derived_control,label_permutation_control,label_permutation_control,bsig_8e7a52f1a727043c61e5d5c2,bsig_8e7a52f1a727043c61e5d5c2,0.26183026165991585,True,,
obs_11180e544727ce850ebf3a6a,obs_20877377330b5094380e86df,derived_control,derived_control,label_permutation_control,label_permutation_control,bsig_8e7a52f1a727043c61e5d5c2,bsig_8e7a52f1a727043c61e5d5c2,0.08077856101034808,True,,
obs_11180e544727ce850ebf3a6a,obs_8d92e32fec459dd0746ec799,derived_control,derived_control,label_permutation_control,label_permutation_control,bsig_8e7a52f1a727043c61e5d5c2,bsig_8e7a52f1a727043c61e5d5c2,0.18932738134652308,True,,
obs_11180e544727ce850ebf3a6a,obs_11180e544727ce850ebf3a6a,derived_control,derived_control,label_permutation_control,label_permutation_control,bsig_8e7a52f1a727043c61e5d5c2,bsig_8e7a52f1a727043c61e5d5c2,0.0,True,,
obs_11180e544727ce850ebf3a6a,obs_979ad629051487c82499339e,derived_control,derived_control,label_permutation_control,generic_graph_operator_control,bsig_8e7a52f1a727043c61e5d5c2,bsig_793bb0a29a9abfe233b6d670,0.5293614296718152,True,,
obs_11180e544727ce850ebf3a6a,obs_2c0e6630085a94e0f0b4dd07,derived_control,derived_control,label_permutation_control,generic_graph_operator_control,bsig_8e7a52f1a727043c61e5d5c2,bsig_793bb0a29a9abfe233b6d670,0.41096821897523517,True,,
obs_11180e544727ce850ebf3a6a,obs_0033e7ce631563262f7b0bbe,derived_control,derived_control,label_permutation_control,generic_graph_operator_control,bsig_8e7a52f1a727043c61e5d5c2,bsig_793bb0a29a9abfe233b6d670,0.48927735160700575,True,,
obs_11180e544727ce850ebf3a6a,obs_118430be7d682f480e3902ea,derived_control,derived_control,label_permutation_control,generic_graph_operator_control,bsig_8e7a52f1a727043c61e5d5c2,bsig_793bb0a29a9abfe233b6d670,0.39588798861977564,True,,
obs_11180e544727ce850ebf3a6a,obs_8f4c211fcf3841317e300fd0,derived_control,derived_control,label_permutation_control,generic_graph_operator_control,bsig_8e7a52f1a727043c61e5d5c2,bsig_793bb0a29a9abfe233b6d670,0.4723300268491685,True,,
obs_11180e544727ce850ebf3a6a,obs_ae30906415b62baef858fb35,derived_control,derived_control,label_permutation_control,generic_graph_operator_control,bsig_8e7a52f1a727043c61e5d5c2,bsig_793bb0a29a9abfe233b6d670,0.3504629629629629,True,,
obs_11180e544727ce850ebf3a6a,obs_2b1c4b4fddba864cb9f9f25f,derived_control,derived_control,label_permutation_control,seed_repeat_control,bsig_8e7a52f1a727043c61e5d5c2,bsig_53d374d66c9dffe0861a6d49,0.3957788085891942,True,,
obs_11180e544727ce850ebf3a6a,obs_65dfe5e65cb70d7cb499d482,derived_control,derived_control,label_permutation_control,seed_repeat_control,bsig_8e7a52f1a727043c61e5d5c2,bsig_53d374d66c9dffe0861a6d49,0.2773855978926141,True,,
obs_11180e544727ce850ebf3a6a,obs_f622bfcc3394ff0a255f9f83,derived_control,derived_control,label_permutation_control,seed_repeat_control,bsig_8e7a52f1a727043c61e5d5c2,bsig_53d374d66c9dffe0861a6d49,0.3910482658779201,True,,
obs_11180e544727ce850ebf3a6a,obs_57728f48826a986fe1ea83d9,derived_control,derived_control,label_permutation_control,seed_repeat_control,bsig_8e7a52f1a727043c61e5d5c2,bsig_53d374d66c9dffe0861a6d49,0.29765890289068997,True,,
obs_11180e544727ce850ebf3a6a,obs_c740a30388dc20122927f42a,derived_control,derived_control,label_permutation_control,seed_repeat_control,bsig_8e7a52f1a727043c61e5d5c2,bsig_53d374d66c9dffe0861a6d49,0.3387474057665475,True,,
obs_11180e544727ce850ebf3a6a,obs_04fbf535deaa3a11fe4345ca,derived_control,derived_control,label_permutation_control,seed_repeat_control,bsig_8e7a52f1a727043c61e5d5c2,bsig_53d374d66c9dffe0861a6d49,0.21688034188034186,True,,
obs_11180e544727ce850ebf3a6a,obs_d36d9fb3b1f089bbbf821e5c,derived_control,derived_control,label_permutation_control,parameter_matched_null_control,bsig_8e7a52f1a727043c61e5d5c2,bsig_f61a89a0172a79f5d96cd71c,0.621938744013002,True,,
obs_11180e544727ce850ebf3a6a,obs_93659ee4b3b5fdadf510315f,derived_control,derived_control,label_permutation_control,parameter_matched_null_control,bsig_8e7a52f1a727043c61e5d5c2,bsig_f61a89a0172a79f5d96cd71c,0.6073569809744532,True,,
obs_11180e544727ce850ebf3a6a,obs_5a7521167226bbafcd5c6ba8,derived_control,derived_control,label_permutation_control,parameter_matched_null_control,bsig_8e7a52f1a727043c61e5d5c2,bsig_f61a89a0172a79f5d96cd71c,0.6554808119821973,True,,
obs_11180e544727ce850ebf3a6a,obs_9b1c5f0213d9d0fc1a3fff27,derived_control,derived_control,label_permutation_control,parameter_matched_null_control,bsig_8e7a52f1a727043c61e5d5c2,bsig_f61a89a0172a79f5d96cd71c,0.6410880200320839,True,,
obs_11180e544727ce850ebf3a6a,obs_062eb3c1dd90468a63227d7f,derived_control,derived_control,label_permutation_control,parameter_matched_null_control,bsig_8e7a52f1a727043c61e5d5c2,bsig_f61a89a0172a79f5d96cd71c,0.6200151827050241,True,,
obs_11180e544727ce850ebf3a6a,obs_e93f92e26db8b9c29005cc9e,derived_control,derived_control,label_permutation_control,parameter_matched_null_control,bsig_8e7a52f1a727043c61e5d5c2,bsig_f61a89a0172a79f5d96cd71c,0.6057168692129606,True,,
obs_979ad629051487c82499339e,obs_c21d789f14a613fc6b0083e2,derived_control,target,generic_graph_operator_control,target,bsig_793bb0a29a9abfe233b6d670,bsig_53d374d66c9dffe0861a6d49,0.3504629629629629,True,,
obs_979ad629051487c82499339e,obs_afd8912a0e32fb71b5407b81,derived_control,frozen_control,generic_graph_operator_control,periodic_diagonal_augmented_control,bsig_793bb0a29a9abfe233b6d670,bsig_c70af5951ff4d9712678a20b,0.4992886856512336,True,,
obs_979ad629051487c82499339e,obs_ed1f0ceddbbf708b259ea1a6,derived_control,target,generic_graph_operator_control,target,bsig_793bb0a29a9abfe233b6d670,bsig_53d374d66c9dffe0861a6d49,0.5106440951815485,True,,
obs_979ad629051487c82499339e,obs_46ade388243f3a4581ba4489,derived_control,frozen_control,generic_graph_operator_control,periodic_diagonal_augmented_control,bsig_793bb0a29a9abfe233b6d670,bsig_c70af5951ff4d9712678a20b,0.5437602670380857,True,,
obs_979ad629051487c82499339e,obs_8de73c59341ac382087fba03,derived_control,target,generic_graph_operator_control,target,bsig_793bb0a29a9abfe233b6d670,bsig_53d374d66c9dffe0861a6d49,0.42049346804982574,True,,
obs_979ad629051487c82499339e,obs_4b958084812d6435763f9a05,derived_control,frozen_control,generic_graph_operator_control,periodic_diagonal_augmented_control,bsig_793bb0a29a9abfe233b6d670,bsig_1364358a857deba241e04538,0.48395244227263745,True,,
obs_979ad629051487c82499339e,obs_ea0aca853f3046642f451b7d,derived_control,target,generic_graph_operator_control,target,bsig_793bb0a29a9abfe233b6d670,bsig_53d374d66c9dffe0861a6d49,0.5248819087234702,True,,
obs_979ad629051487c82499339e,obs_1163ec91dc845e4ed94d462a,derived_control,frozen_control,generic_graph_operator_control,periodic_diagonal_augmented_control,bsig_793bb0a29a9abfe233b6d670,bsig_1364358a857deba241e04538,0.5056315431977018,True,,
obs_979ad629051487c82499339e,obs_d6eeaa59b08b0f1c4897f8db,derived_control,target,generic_graph_operator_control,target,bsig_793bb0a29a9abfe233b6d670,bsig_53d374d66c9dffe0861a6d49,0.4787657346643209,True,,
obs_979ad629051487c82499339e,obs_86701919f4db014d1d236f54,derived_control,frozen_control,generic_graph_operator_control,periodic_diagonal_augmented_control,bsig_793bb0a29a9abfe233b6d670,bsig_53d374d66c9dffe0861a6d49,0.43418383806350236,True,,
obs_979ad629051487c82499339e,obs_8c347ec96417e5677cdb8ad0,derived_control,target,generic_graph_operator_control,target,bsig_793bb0a29a9abfe233b6d670,bsig_53d374d66c9dffe0861a6d49,0.5293614296718152,True,,
obs_979ad629051487c82499339e,obs_624a249c44d428f10aa73463,derived_control,frozen_control,generic_graph_operator_control,periodic_diagonal_augmented_control,bsig_793bb0a29a9abfe233b6d670,bsig_53d374d66c9dffe0861a6d49,0.525410418719708,True,,
obs_979ad629051487c82499339e,obs_e43b79a2ef68469ae989ae1e,derived_control,derived_control,generic_graph_operator_control,shuffled_structure_control,bsig_793bb0a29a9abfe233b6d670,bsig_bb01a7c1d0ca9b191d52310d,0.3504629629629629,True,,
obs_979ad629051487c82499339e,obs_c887eb3bf0ab4011d4084e3a,derived_control,derived_control,generic_graph_operator_control,shuffled_structure_control,bsig_793bb0a29a9abfe233b6d670,bsig_bb01a7c1d0ca9b191d52310d,0.5106440951815485,True,,
obs_979ad629051487c82499339e,obs_57e35110e54898bdbe032c98,derived_control,derived_control,generic_graph_operator_control,shuffled_structure_control,bsig_793bb0a29a9abfe233b6d670,bsig_bb01a7c1d0ca9b191d52310d,0.42049346804982574,True,,
obs_979ad629051487c82499339e,obs_2d439625692f7d83d54dd8c5,derived_control,derived_control,generic_graph_operator_control,shuffled_structure_control,bsig_793bb0a29a9abfe233b6d670,bsig_bb01a7c1d0ca9b191d52310d,0.5248819087234702,True,,
obs_979ad629051487c82499339e,obs_ee93d740f305035b42ac22c5,derived_control,derived_control,generic_graph_operator_control,shuffled_structure_control,bsig_793bb0a29a9abfe233b6d670,bsig_bb01a7c1d0ca9b191d52310d,0.4787657346643209,True,,
obs_979ad629051487c82499339e,obs_590502ed80ee4f9526a00243,derived_control,derived_control,generic_graph_operator_control,shuffled_structure_control,bsig_793bb0a29a9abfe233b6d670,bsig_bb01a7c1d0ca9b191d52310d,0.5293614296718152,True,,
obs_979ad629051487c82499339e,obs_cd8cd88cb9618af0705bbf06,derived_control,derived_control,generic_graph_operator_control,randomized_edge_control,bsig_793bb0a29a9abfe233b6d670,bsig_3b1c1a5f56bb03b20611587b,0.3504629629629629,True,,
obs_979ad629051487c82499339e,obs_448f4e11eb5a27dd4f60b644,derived_control,derived_control,generic_graph_operator_control,randomized_edge_control,bsig_793bb0a29a9abfe233b6d670,bsig_3b1c1a5f56bb03b20611587b,0.5106440951815485,True,,
obs_979ad629051487c82499339e,obs_fa7bd1db2d6a1d5f66733a16,derived_control,derived_control,generic_graph_operator_control,randomized_edge_control,bsig_793bb0a29a9abfe233b6d670,bsig_3b1c1a5f56bb03b20611587b,0.42049346804982574,True,,
obs_979ad629051487c82499339e,obs_3f3cbf5fee77e89478120a3b,derived_control,derived_control,generic_graph_operator_control,randomized_edge_control,bsig_793bb0a29a9abfe233b6d670,bsig_3b1c1a5f56bb03b20611587b,0.5248819087234702,True,,
obs_979ad629051487c82499339e,obs_ddbc298f7c4df1aede53d5d6,derived_control,derived_control,generic_graph_operator_control,randomized_edge_control,bsig_793bb0a29a9abfe233b6d670,bsig_3b1c1a5f56bb03b20611587b,0.4787657346643209,True,,
obs_979ad629051487c82499339e,obs_3f2760e857afefe81bf772fe,derived_control,derived_control,generic_graph_operator_control,randomized_edge_control,bsig_793bb0a29a9abfe233b6d670,bsig_3b1c1a5f56bb03b20611587b,0.5293614296718152,True,,
obs_979ad629051487c82499339e,obs_1aa1fc186c905e7ffa16d2d4,derived_control,derived_control,generic_graph_operator_control,degraded_signal_control,bsig_793bb0a29a9abfe233b6d670,bsig_8527b27b7d47cca4b9594df9,0.4620033826197288,True,,
obs_979ad629051487c82499339e,obs_e9c8066d01dd67e1f9d375ef,derived_control,derived_control,generic_graph_operator_control,degraded_signal_control,bsig_793bb0a29a9abfe233b6d670,bsig_1095c101d561009a130e1133,0.5164200744991014,True,,
obs_979ad629051487c82499339e,obs_aabd161899dc613ecf88b1d9,derived_control,derived_control,generic_graph_operator_control,degraded_signal_control,bsig_793bb0a29a9abfe233b6d670,bsig_5fc2cc8106fba2b64bc8c905,0.4535363015732619,True,,
obs_979ad629051487c82499339e,obs_322c862d474a379bd8df7674,derived_control,derived_control,generic_graph_operator_control,degraded_signal_control,bsig_793bb0a29a9abfe233b6d670,bsig_1095c101d561009a130e1133,0.5209432226569324,True,,
obs_979ad629051487c82499339e,obs_4ef6a9c1a3b2d0659064e20b,derived_control,derived_control,generic_graph_operator_control,degraded_signal_control,bsig_793bb0a29a9abfe233b6d670,bsig_8527b27b7d47cca4b9594df9,0.4876920957988291,True,,
obs_979ad629051487c82499339e,obs_7d8b6ee929f2a0a0cf7af8f5,derived_control,derived_control,generic_graph_operator_control,degraded_signal_control,bsig_793bb0a29a9abfe233b6d670,bsig_1095c101d561009a130e1133,0.5208264202358627,True,,
obs_979ad629051487c82499339e,obs_b41d2dded4b9ccd5ecd128d5,derived_control,derived_control,generic_graph_operator_control,label_permutation_control,bsig_793bb0a29a9abfe233b6d670,bsig_8e7a52f1a727043c61e5d5c2,0.3504629629629629,True,,
obs_979ad629051487c82499339e,obs_a3582497f15ead2a2fc1280f,derived_control,derived_control,generic_graph_operator_control,label_permutation_control,bsig_793bb0a29a9abfe233b6d670,bsig_8e7a52f1a727043c61e5d5c2,0.5106440951815485,True,,
obs_979ad629051487c82499339e,obs_f855844ba74f991c9ab0ba6d,derived_control,derived_control,generic_graph_operator_control,label_permutation_control,bsig_793bb0a29a9abfe233b6d670,bsig_8e7a52f1a727043c61e5d5c2,0.42049346804982574,True,,
obs_979ad629051487c82499339e,obs_20877377330b5094380e86df,derived_control,derived_control,generic_graph_operator_control,label_permutation_control,bsig_793bb0a29a9abfe233b6d670,bsig_8e7a52f1a727043c61e5d5c2,0.5248819087234702,True,,
obs_979ad629051487c82499339e,obs_8d92e32fec459dd0746ec799,derived_control,derived_control,generic_graph_operator_control,label_permutation_control,bsig_793bb0a29a9abfe233b6d670,bsig_8e7a52f1a727043c61e5d5c2,0.4787657346643209,True,,
obs_979ad629051487c82499339e,obs_11180e544727ce850ebf3a6a,derived_control,derived_control,generic_graph_operator_control,label_permutation_control,bsig_793bb0a29a9abfe233b6d670,bsig_8e7a52f1a727043c61e5d5c2,0.5293614296718152,True,,
obs_979ad629051487c82499339e,obs_979ad629051487c82499339e,derived_control,derived_control,generic_graph_operator_control,generic_graph_operator_control,bsig_793bb0a29a9abfe233b6d670,bsig_793bb0a29a9abfe233b6d670,0.0,True,,
obs_979ad629051487c82499339e,obs_2c0e6630085a94e0f0b4dd07,derived_control,derived_control,generic_graph_operator_control,generic_graph_operator_control,bsig_793bb0a29a9abfe233b6d670,bsig_793bb0a29a9abfe233b6d670,0.1601811322185856,True,,
obs_979ad629051487c82499339e,obs_0033e7ce631563262f7b0bbe,derived_control,derived_control,generic_graph_operator_control,generic_graph_operator_control,bsig_793bb0a29a9abfe233b6d670,bsig_793bb0a29a9abfe233b6d670,0.06834700340336113,True,,
obs_979ad629051487c82499339e,obs_118430be7d682f480e3902ea,derived_control,derived_control,generic_graph_operator_control,generic_graph_operator_control,bsig_793bb0a29a9abfe233b6d670,bsig_793bb0a29a9abfe233b6d670,0.17273544407700553,True,,
obs_979ad629051487c82499339e,obs_8f4c211fcf3841317e300fd0,derived_control,derived_control,generic_graph_operator_control,generic_graph_operator_control,bsig_793bb0a29a9abfe233b6d670,bsig_793bb0a29a9abfe233b6d670,0.12830277170135795,True,,
obs_979ad629051487c82499339e,obs_ae30906415b62baef858fb35,derived_control,derived_control,generic_graph_operator_control,generic_graph_operator_control,bsig_793bb0a29a9abfe233b6d670,bsig_793bb0a29a9abfe233b6d670,0.17889846670885232,True,,
obs_979ad629051487c82499339e,obs_2b1c4b4fddba864cb9f9f25f,derived_control,derived_control,generic_graph_operator_control,seed_repeat_control,bsig_793bb0a29a9abfe233b6d670,bsig_53d374d66c9dffe0861a6d49,0.3504629629629629,True,,
obs_979ad629051487c82499339e,obs_65dfe5e65cb70d7cb499d482,derived_control,derived_control,generic_graph_operator_control,seed_repeat_control,bsig_793bb0a29a9abfe233b6d670,bsig_53d374d66c9dffe0861a6d49,0.5106440951815485,True,,
obs_979ad629051487c82499339e,obs_f622bfcc3394ff0a255f9f83,derived_control,derived_control,generic_graph_operator_control,seed_repeat_control,bsig_793bb0a29a9abfe233b6d670,bsig_53d374d66c9dffe0861a6d49,0.42049346804982574,True,,
obs_979ad629051487c82499339e,obs_57728f48826a986fe1ea83d9,derived_control,derived_control,generic_graph_operator_control,seed_repeat_control,bsig_793bb0a29a9abfe233b6d670,bsig_53d374d66c9dffe0861a6d49,0.5248819087234702,True,,
obs_979ad629051487c82499339e,obs_c740a30388dc20122927f42a,derived_control,derived_control,generic_graph_operator_control,seed_repeat_control,bsig_793bb0a29a9abfe233b6d670,bsig_53d374d66c9dffe0861a6d49,0.4787657346643209,True,,
obs_979ad629051487c82499339e,obs_04fbf535deaa3a11fe4345ca,derived_control,derived_control,generic_graph_operator_control,seed_repeat_control,bsig_793bb0a29a9abfe233b6d670,bsig_53d374d66c9dffe0861a6d49,0.5293614296718152,True,,
obs_979ad629051487c82499339e,obs_d36d9fb3b1f089bbbf821e5c,derived_control,derived_control,generic_graph_operator_control,parameter_matched_null_control,bsig_793bb0a29a9abfe233b6d670,bsig_f61a89a0172a79f5d96cd71c,0.7511199609833726,True,,
obs_979ad629051487c82499339e,obs_93659ee4b3b5fdadf510315f,derived_control,derived_control,generic_graph_operator_control,parameter_matched_null_control,bsig_793bb0a29a9abfe233b6d670,bsig_f61a89a0172a79f5d96cd71c,0.7689141219811051,True,,
obs_979ad629051487c82499339e,obs_5a7521167226bbafcd5c6ba8,derived_control,derived_control,generic_graph_operator_control,parameter_matched_null_control,bsig_793bb0a29a9abfe233b6d670,bsig_f61a89a0172a79f5d96cd71c,0.7554337873803619,True,,
obs_979ad629051487c82499339e,obs_9b1c5f0213d9d0fc1a3fff27,derived_control,derived_control,generic_graph_operator_control,parameter_matched_null_control,bsig_793bb0a29a9abfe233b6d670,bsig_f61a89a0172a79f5d96cd71c,0.7690077357930604,True,,
obs_979ad629051487c82499339e,obs_062eb3c1dd90468a63227d7f,derived_control,derived_control,generic_graph_operator_control,parameter_matched_null_control,bsig_793bb0a29a9abfe233b6d670,bsig_f61a89a0172a79f5d96cd71c,0.7530435222913505,True,,
obs_979ad629051487c82499339e,obs_e93f92e26db8b9c29005cc9e,derived_control,derived_control,generic_graph_operator_control,parameter_matched_null_control,bsig_793bb0a29a9abfe233b6d670,bsig_f61a89a0172a79f5d96cd71c,0.767341835783414,True,,
obs_2c0e6630085a94e0f0b4dd07,obs_c21d789f14a613fc6b0083e2,derived_control,target,generic_graph_operator_control,target,bsig_793bb0a29a9abfe233b6d670,bsig_53d374d66c9dffe0861a6d49,0.5106440951815485,True,,
obs_2c0e6630085a94e0f0b4dd07,obs_afd8912a0e32fb71b5407b81,derived_control,frozen_control,generic_graph_operator_control,periodic_diagonal_augmented_control,bsig_793bb0a29a9abfe233b6d670,bsig_c70af5951ff4d9712678a20b,0.5534385931776081,True,,
obs_2c0e6630085a94e0f0b4dd07,obs_ed1f0ceddbbf708b259ea1a6,derived_control,target,generic_graph_operator_control,target,bsig_793bb0a29a9abfe233b6d670,bsig_53d374d66c9dffe0861a6d49,0.3504629629629629,True,,
obs_2c0e6630085a94e0f0b4dd07,obs_46ade388243f3a4581ba4489,derived_control,frozen_control,generic_graph_operator_control,periodic_diagonal_augmented_control,bsig_793bb0a29a9abfe233b6d670,bsig_c70af5951ff4d9712678a20b,0.4496793030145461,True,,
obs_2c0e6630085a94e0f0b4dd07,obs_8de73c59341ac382087fba03,derived_control,target,generic_graph_operator_control,target,bsig_793bb0a29a9abfe233b6d670,bsig_53d374d66c9dffe0861a6d49,0.4712458247582418,True,,
obs_2c0e6630085a94e0f0b4dd07,obs_4b958084812d6435763f9a05,derived_control,frozen_control,generic_graph_operator_control,periodic_diagonal_augmented_control,bsig_793bb0a29a9abfe233b6d670,bsig_1364358a857deba241e04538,0.5391283280346764,True,,
obs_2c0e6630085a94e0f0b4dd07,obs_ea0aca853f3046642f451b7d,derived_control,target,generic_graph_operator_control,target,bsig_793bb0a29a9abfe233b6d670,bsig_53d374d66c9dffe0861a6d49,0.39137688776047974,True,,
obs_2c0e6630085a94e0f0b4dd07,obs_1163ec91dc845e4ed94d462a,derived_control,frozen_control,generic_graph_operator_control,periodic_diagonal_augmented_control,bsig_793bb0a29a9abfe233b6d670,bsig_1364358a857deba241e04538,0.35327948827406735,True,,
obs_2c0e6630085a94e0f0b4dd07,obs_d6eeaa59b08b0f1c4897f8db,derived_control,target,generic_graph_operator_control,target,bsig_793bb0a29a9abfe233b6d670,bsig_53d374d66c9dffe0861a6d49,0.42377466321165785,True,,
obs_2c0e6630085a94e0f0b4dd07,obs_86701919f4db014d1d236f54,derived_control,frozen_control,generic_graph_operator_control,periodic_diagonal_augmented_control,bsig_793bb0a29a9abfe233b6d670,bsig_53d374d66c9dffe0861a6d49,0.52345219771764,True,,
obs_2c0e6630085a94e0f0b4dd07,obs_8c347ec96417e5677cdb8ad0,derived_control,target,generic_graph_operator_control,target,bsig_793bb0a29a9abfe233b6d670,bsig_53d374d66c9dffe0861a6d49,0.41096821897523517,True,,
obs_2c0e6630085a94e0f0b4dd07,obs_624a249c44d428f10aa73463,derived_control,frozen_control,generic_graph_operator_control,periodic_diagonal_augmented_control,bsig_793bb0a29a9abfe233b6d670,bsig_53d374d66c9dffe0861a6d49,0.3795944841372561,True,,
obs_2c0e6630085a94e0f0b4dd07,obs_e43b79a2ef68469ae989ae1e,derived_control,derived_control,generic_graph_operator_control,shuffled_structure_control,bsig_793bb0a29a9abfe233b6d670,bsig_bb01a7c1d0ca9b191d52310d,0.5106440951815485,True,,
obs_2c0e6630085a94e0f0b4dd07,obs_c887eb3bf0ab4011d4084e3a,derived_control,derived_control,generic_graph_operator_control,shuffled_structure_control,bsig_793bb0a29a9abfe233b6d670,bsig_bb01a7c1d0ca9b191d52310d,0.3504629629629629,True,,
obs_2c0e6630085a94e0f0b4dd07,obs_57e35110e54898bdbe032c98,derived_control,derived_control,generic_graph_operator_control,shuffled_structure_control,bsig_793bb0a29a9abfe233b6d670,bsig_bb01a7c1d0ca9b191d52310d,0.4712458247582418,True,,
obs_2c0e6630085a94e0f0b4dd07,obs_2d439625692f7d83d54dd8c5,derived_control,derived_control,generic_graph_operator_control,shuffled_structure_control,bsig_793bb0a29a9abfe233b6d670,bsig_bb01a7c1d0ca9b191d52310d,0.39137688776047974,True,,
obs_2c0e6630085a94e0f0b4dd07,obs_ee93d740f305035b42ac22c5,derived_control,derived_control,generic_graph_operator_control,shuffled_structure_control,bsig_793bb0a29a9abfe233b6d670,bsig_bb01a7c1d0ca9b191d52310d,0.42377466321165785,True,,
obs_2c0e6630085a94e0f0b4dd07,obs_590502ed80ee4f9526a00243,derived_control,derived_control,generic_graph_operator_control,shuffled_structure_control,bsig_793bb0a29a9abfe233b6d670,bsig_bb01a7c1d0ca9b191d52310d,0.41096821897523517,True,,
obs_2c0e6630085a94e0f0b4dd07,obs_cd8cd88cb9618af0705bbf06,derived_control,derived_control,generic_graph_operator_control,randomized_edge_control,bsig_793bb0a29a9abfe233b6d670,bsig_3b1c1a5f56bb03b20611587b,0.5106440951815485,True,,
obs_2c0e6630085a94e0f0b4dd07,obs_448f4e11eb5a27dd4f60b644,derived_control,derived_control,generic_graph_operator_control,randomized_edge_control,bsig_793bb0a29a9abfe233b6d670,bsig_3b1c1a5f56bb03b20611587b,0.3504629629629629,True,,
obs_2c0e6630085a94e0f0b4dd07,obs_fa7bd1db2d6a1d5f66733a16,derived_control,derived_control,generic_graph_operator_control,randomized_edge_control,bsig_793bb0a29a9abfe233b6d670,bsig_3b1c1a5f56bb03b20611587b,0.4712458247582418,True,,
obs_2c0e6630085a94e0f0b4dd07,obs_3f3cbf5fee77e89478120a3b,derived_control,derived_control,generic_graph_operator_control,randomized_edge_control,bsig_793bb0a29a9abfe233b6d670,bsig_3b1c1a5f56bb03b20611587b,0.39137688776047974,True,,
obs_2c0e6630085a94e0f0b4dd07,obs_ddbc298f7c4df1aede53d5d6,derived_control,derived_control,generic_graph_operator_control,randomized_edge_control,bsig_793bb0a29a9abfe233b6d670,bsig_3b1c1a5f56bb03b20611587b,0.42377466321165785,True,,
obs_2c0e6630085a94e0f0b4dd07,obs_3f2760e857afefe81bf772fe,derived_control,derived_control,generic_graph_operator_control,randomized_edge_control,bsig_793bb0a29a9abfe233b6d670,bsig_3b1c1a5f56bb03b20611587b,0.41096821897523517,True,,
obs_2c0e6630085a94e0f0b4dd07,obs_1aa1fc186c905e7ffa16d2d4,derived_control,derived_control,generic_graph_operator_control,degraded_signal_control,bsig_793bb0a29a9abfe233b6d670,bsig_8527b27b7d47cca4b9594df9,0.5928055240498389,True,,
obs_2c0e6630085a94e0f0b4dd07,obs_e9c8066d01dd67e1f9d375ef,derived_control,derived_control,generic_graph_operator_control,degraded_signal_control,bsig_793bb0a29a9abfe233b6d670,bsig_1095c101d561009a130e1133,0.4620033826197288,True,,
obs_2c0e6630085a94e0f0b4dd07,obs_aabd161899dc613ecf88b1d9,derived_control,derived_control,generic_graph_operator_control,degraded_signal_control,bsig_793bb0a29a9abfe233b6d670,bsig_5fc2cc8106fba2b64bc8c905,0.5578706017120157,True,,
obs_2c0e6630085a94e0f0b4dd07,obs_322c862d474a379bd8df7674,derived_control,derived_control,generic_graph_operator_control,degraded_signal_control,bsig_793bb0a29a9abfe233b6d670,bsig_1095c101d561009a130e1133,0.4926040228368846,True,,
obs_2c0e6630085a94e0f0b4dd07,obs_4ef6a9c1a3b2d0659064e20b,derived_control,derived_control,generic_graph_operator_control,degraded_signal_control,bsig_793bb0a29a9abfe233b6d670,bsig_8527b27b7d47cca4b9594df9,0.4939421890986413,True,,
obs_2c0e6630085a94e0f0b4dd07,obs_7d8b6ee929f2a0a0cf7af8f5,derived_control,derived_control,generic_graph_operator_control,degraded_signal_control,bsig_793bb0a29a9abfe233b6d670,bsig_1095c101d561009a130e1133,0.507593932024437,True,,
obs_2c0e6630085a94e0f0b4dd07,obs_b41d2dded4b9ccd5ecd128d5,derived_control,derived_control,generic_graph_operator_control,label_permutation_control,bsig_793bb0a29a9abfe233b6d670,bsig_8e7a52f1a727043c61e5d5c2,0.5106440951815485,True,,
obs_2c0e6630085a94e0f0b4dd07,obs_a3582497f15ead2a2fc1280f,derived_control,derived_control,generic_graph_operator_control,label_permutation_control,bsig_793bb0a29a9abfe233b6d670,bsig_8e7a52f1a727043c61e5d5c2,0.3504629629629629,True,,
obs_2c0e6630085a94e0f0b4dd07,obs_f855844ba74f991c9ab0ba6d,derived_control,derived_control,generic_graph_operator_control,label_permutation_control,bsig_793bb0a29a9abfe233b6d670,bsig_8e7a52f1a727043c61e5d5c2,0.4712458247582418,True,,
obs_2c0e6630085a94e0f0b4dd07,obs_20877377330b5094380e86df,derived_control,derived_control,generic_graph_operator_control,label_permutation_control,bsig_793bb0a29a9abfe233b6d670,bsig_8e7a52f1a727043c61e5d5c2,0.39137688776047974,True,,
obs_2c0e6630085a94e0f0b4dd07,obs_8d92e32fec459dd0746ec799,derived_control,derived_control,generic_graph_operator_control,label_permutation_control,bsig_793bb0a29a9abfe233b6d670,bsig_8e7a52f1a727043c61e5d5c2,0.42377466321165785,True,,
obs_2c0e6630085a94e0f0b4dd07,obs_11180e544727ce850ebf3a6a,derived_control,derived_control,generic_graph_operator_control,label_permutation_control,bsig_793bb0a29a9abfe233b6d670,bsig_8e7a52f1a727043c61e5d5c2,0.41096821897523517,True,,
obs_2c0e6630085a94e0f0b4dd07,obs_979ad629051487c82499339e,derived_control,derived_control,generic_graph_operator_control,generic_graph_operator_control,bsig_793bb0a29a9abfe233b6d670,bsig_793bb0a29a9abfe233b6d670,0.1601811322185856,True,,
obs_2c0e6630085a94e0f0b4dd07,obs_2c0e6630085a94e0f0b4dd07,derived_control,derived_control,generic_graph_operator_control,generic_graph_operator_control,bsig_793bb0a29a9abfe233b6d670,bsig_793bb0a29a9abfe233b6d670,0.0,True,,
obs_2c0e6630085a94e0f0b4dd07,obs_0033e7ce631563262f7b0bbe,derived_control,derived_control,generic_graph_operator_control,generic_graph_operator_control,bsig_793bb0a29a9abfe233b6d670,bsig_793bb0a29a9abfe233b6d670,0.11909936011177714,True,,
obs_2c0e6630085a94e0f0b4dd07,obs_118430be7d682f480e3902ea,derived_control,derived_control,generic_graph_operator_control,generic_graph_operator_control,bsig_793bb0a29a9abfe233b6d670,bsig_793bb0a29a9abfe233b6d670,0.03923042311401511,True,,
obs_2c0e6630085a94e0f0b4dd07,obs_8f4c211fcf3841317e300fd0,derived_control,derived_control,generic_graph_operator_control,generic_graph_operator_control,bsig_793bb0a29a9abfe233b6d670,bsig_793bb0a29a9abfe233b6d670,0.07331170024869496,True,,
obs_2c0e6630085a94e0f0b4dd07,obs_ae30906415b62baef858fb35,derived_control,derived_control,generic_graph_operator_control,generic_graph_operator_control,bsig_793bb0a29a9abfe233b6d670,bsig_793bb0a29a9abfe233b6d670,0.06050525601227224,True,,
obs_2c0e6630085a94e0f0b4dd07,obs_2b1c4b4fddba864cb9f9f25f,derived_control,derived_control,generic_graph_operator_control,seed_repeat_control,bsig_793bb0a29a9abfe233b6d670,bsig_53d374d66c9dffe0861a6d49,0.5106440951815485,True,,
obs_2c0e6630085a94e0f0b4dd07,obs_65dfe5e65cb70d7cb499d482,derived_control,derived_control,generic_graph_operator_control,seed_repeat_control,bsig_793bb0a29a9abfe233b6d670,bsig_53d374d66c9dffe0861a6d49,0.3504629629629629,True,,
obs_2c0e6630085a94e0f0b4dd07,obs_f622bfcc3394ff0a255f9f83,derived_control,derived_control,generic_graph_operator_control,seed_repeat_control,bsig_793bb0a29a9abfe233b6d670,bsig_53d374d66c9dffe0861a6d49,0.4712458247582418,True,,
obs_2c0e6630085a94e0f0b4dd07,obs_57728f48826a986fe1ea83d9,derived_control,derived_control,generic_graph_operator_control,seed_repeat_control,bsig_793bb0a29a9abfe233b6d670,bsig_53d374d66c9dffe0861a6d49,0.39137688776047974,True,,
obs_2c0e6630085a94e0f0b4dd07,obs_c740a30388dc20122927f42a,derived_control,derived_control,generic_graph_operator_control,seed_repeat_control,bsig_793bb0a29a9abfe233b6d670,bsig_53d374d66c9dffe0861a6d49,0.42377466321165785,True,,
obs_2c0e6630085a94e0f0b4dd07,obs_04fbf535deaa3a11fe4345ca,derived_control,derived_control,generic_graph_operator_control,seed_repeat_control,bsig_793bb0a29a9abfe233b6d670,bsig_53d374d66c9dffe0861a6d49,0.41096821897523517,True,,
obs_2c0e6630085a94e0f0b4dd07,obs_d36d9fb3b1f089bbbf821e5c,derived_control,derived_control,generic_graph_operator_control,parameter_matched_null_control,bsig_793bb0a29a9abfe233b6d670,bsig_f61a89a0172a79f5d96cd71c,0.7689141219811051,True,,
obs_2c0e6630085a94e0f0b4dd07,obs_93659ee4b3b5fdadf510315f,derived_control,derived_control,generic_graph_operator_control,parameter_matched_null_control,bsig_793bb0a29a9abfe233b6d670,bsig_f61a89a0172a79f5d96cd71c,0.7511199609833726,True,,
obs_2c0e6630085a94e0f0b4dd07,obs_5a7521167226bbafcd5c6ba8,derived_control,derived_control,generic_graph_operator_control,parameter_matched_null_control,bsig_793bb0a29a9abfe233b6d670,bsig_f61a89a0172a79f5d96cd71c,0.7682518712805887,True,,
obs_2c0e6630085a94e0f0b4dd07,obs_9b1c5f0213d9d0fc1a3fff27,derived_control,derived_control,generic_graph_operator_control,parameter_matched_null_control,bsig_793bb0a29a9abfe233b6d670,bsig_f61a89a0172a79f5d96cd71c,0.7544259727545116,True,,
obs_2c0e6630085a94e0f0b4dd07,obs_062eb3c1dd90468a63227d7f,derived_control,derived_control,generic_graph_operator_control,parameter_matched_null_control,bsig_793bb0a29a9abfe233b6d670,bsig_f61a89a0172a79f5d96cd71c,0.7670583862369287,True,,
obs_2c0e6630085a94e0f0b4dd07,obs_e93f92e26db8b9c29005cc9e,derived_control,derived_control,generic_graph_operator_control,parameter_matched_null_control,bsig_793bb0a29a9abfe233b6d670,bsig_f61a89a0172a79f5d96cd71c,0.7527600727448652,True,,
obs_0033e7ce631563262f7b0bbe,obs_c21d789f14a613fc6b0083e2,derived_control,target,generic_graph_operator_control,target,bsig_793bb0a29a9abfe233b6d670,bsig_53d374d66c9dffe0861a6d49,0.41880996636632406,True,,
obs_0033e7ce631563262f7b0bbe,obs_afd8912a0e32fb71b5407b81,derived_control,frozen_control,generic_graph_operator_control,periodic_diagonal_augmented_control,bsig_793bb0a29a9abfe233b6d670,bsig_c70af5951ff4d9712678a20b,0.5076271696545386,True,,
obs_0033e7ce631563262f7b0bbe,obs_ed1f0ceddbbf708b259ea1a6,derived_control,target,generic_graph_operator_control,target,bsig_793bb0a29a9abfe233b6d670,bsig_53d374d66c9dffe0861a6d49,0.46956232307474005,True,,
obs_0033e7ce631563262f7b0bbe,obs_46ade388243f3a4581ba4489,derived_control,frozen_control,generic_graph_operator_control,periodic_diagonal_augmented_control,bsig_793bb0a29a9abfe233b6d670,bsig_c70af5951ff4d9712678a20b,0.4978575220974942,True,,
obs_0033e7ce631563262f7b0bbe,obs_8de73c59341ac382087fba03,derived_control,target,generic_graph_operator_control,target,bsig_793bb0a29a9abfe233b6d670,bsig_53d374d66c9dffe0861a6d49,0.3521464646464646,True,,
obs_0033e7ce631563262f7b0bbe,obs_4b958084812d6435763f9a05,derived_control,frozen_control,generic_graph_operator_control,periodic_diagonal_augmented_control,bsig_793bb0a29a9abfe233b6d670,bsig_1364358a857deba241e04538,0.5133121238767212,True,,
obs_0033e7ce631563262f7b0bbe,obs_ea0aca853f3046642f451b7d,derived_control,target,generic_graph_operator_control,target,bsig_793bb0a29a9abfe233b6d670,bsig_53d374d66c9dffe0861a6d49,0.4767266858434177,True,,
obs_0033e7ce631563262f7b0bbe,obs_1163ec91dc845e4ed94d462a,derived_control,frozen_control,generic_graph_operator_control,periodic_diagonal_augmented_control,bsig_793bb0a29a9abfe233b6d670,bsig_1364358a857deba241e04538,0.45668910260152257,True,,
obs_0033e7ce631563262f7b0bbe,obs_d6eeaa59b08b0f1c4897f8db,derived_control,target,generic_graph_operator_control,target,bsig_793bb0a29a9abfe233b6d670,bsig_53d374d66c9dffe0861a6d49,0.4332998491499848,True,,
obs_0033e7ce631563262f7b0bbe,obs_86701919f4db014d1d236f54,derived_control,frozen_control,generic_graph_operator_control,periodic_diagonal_augmented_control,bsig_793bb0a29a9abfe233b6d670,bsig_53d374d66c9dffe0861a6d49,0.4446339120317818,True,,
obs_0033e7ce631563262f7b0bbe,obs_8c347ec96417e5677cdb8ad0,derived_control,target,generic_graph_operator_control,target,bsig_793bb0a29a9abfe233b6d670,bsig_53d374d66c9dffe0861a6d49,0.48927735160700575,True,,
obs_0033e7ce631563262f7b0bbe,obs_624a249c44d428f10aa73463,derived_control,frozen_control,generic_graph_operator_control,periodic_diagonal_augmented_control,bsig_793bb0a29a9abfe233b6d670,bsig_53d374d66c9dffe0861a6d49,0.47685523835994825,True,,
obs_0033e7ce631563262f7b0bbe,obs_e43b79a2ef68469ae989ae1e,derived_control,derived_control,generic_graph_operator_control,shuffled_structure_control,bsig_793bb0a29a9abfe233b6d670,bsig_bb01a7c1d0ca9b191d52310d,0.41880996636632406,True,,
obs_0033e7ce631563262f7b0bbe,obs_c887eb3bf0ab4011d4084e3a,derived_control,derived_control,generic_graph_operator_control,shuffled_structure_control,bsig_793bb0a29a9abfe233b6d670,bsig_bb01a7c1d0ca9b191d52310d,0.46956232307474005,True,,
obs_0033e7ce631563262f7b0bbe,obs_57e35110e54898bdbe032c98,derived_control,derived_control,generic_graph_operator_control,shuffled_structure_control,bsig_793bb0a29a9abfe233b6d670,bsig_bb01a7c1d0ca9b191d52310d,0.3521464646464646,True,,
obs_0033e7ce631563262f7b0bbe,obs_2d439625692f7d83d54dd8c5,derived_control,derived_control,generic_graph_operator_control,shuffled_structure_control,bsig_793bb0a29a9abfe233b6d670,bsig_bb01a7c1d0ca9b191d52310d,0.4767266858434177,True,,
obs_0033e7ce631563262f7b0bbe,obs_ee93d740f305035b42ac22c5,derived_control,derived_control,generic_graph_operator_control,shuffled_structure_control,bsig_793bb0a29a9abfe233b6d670,bsig_bb01a7c1d0ca9b191d52310d,0.4332998491499848,True,,
obs_0033e7ce631563262f7b0bbe,obs_590502ed80ee4f9526a00243,derived_control,derived_control,generic_graph_operator_control,shuffled_structure_control,bsig_793bb0a29a9abfe233b6d670,bsig_bb01a7c1d0ca9b191d52310d,0.48927735160700575,True,,
obs_0033e7ce631563262f7b0bbe,obs_cd8cd88cb9618af0705bbf06,derived_control,derived_control,generic_graph_operator_control,randomized_edge_control,bsig_793bb0a29a9abfe233b6d670,bsig_3b1c1a5f56bb03b20611587b,0.41880996636632406,True,,
obs_0033e7ce631563262f7b0bbe,obs_448f4e11eb5a27dd4f60b644,derived_control,derived_control,generic_graph_operator_control,randomized_edge_control,bsig_793bb0a29a9abfe233b6d670,bsig_3b1c1a5f56bb03b20611587b,0.46956232307474005,True,,
obs_0033e7ce631563262f7b0bbe,obs_fa7bd1db2d6a1d5f66733a16,derived_control,derived_control,generic_graph_operator_control,randomized_edge_control,bsig_793bb0a29a9abfe233b6d670,bsig_3b1c1a5f56bb03b20611587b,0.3521464646464646,True,,
obs_0033e7ce631563262f7b0bbe,obs_3f3cbf5fee77e89478120a3b,derived_control,derived_control,generic_graph_operator_control,randomized_edge_control,bsig_793bb0a29a9abfe233b6d670,bsig_3b1c1a5f56bb03b20611587b,0.4767266858434177,True,,
obs_0033e7ce631563262f7b0bbe,obs_ddbc298f7c4df1aede53d5d6,derived_control,derived_control,generic_graph_operator_control,randomized_edge_control,bsig_793bb0a29a9abfe233b6d670,bsig_3b1c1a5f56bb03b20611587b,0.4332998491499848,True,,
obs_0033e7ce631563262f7b0bbe,obs_3f2760e857afefe81bf772fe,derived_control,derived_control,generic_graph_operator_control,randomized_edge_control,bsig_793bb0a29a9abfe233b6d670,bsig_3b1c1a5f56bb03b20611587b,0.48927735160700575,True,,
obs_0033e7ce631563262f7b0bbe,obs_1aa1fc186c905e7ffa16d2d4,derived_control,derived_control,generic_graph_operator_control,degraded_signal_control,bsig_793bb0a29a9abfe233b6d670,bsig_8527b27b7d47cca4b9594df9,0.5022869640087003,True,,
obs_0033e7ce631563262f7b0bbe,obs_e9c8066d01dd67e1f9d375ef,derived_control,derived_control,generic_graph_operator_control,degraded_signal_control,bsig_793bb0a29a9abfe233b6d670,bsig_1095c101d561009a130e1133,0.5340795630680863,True,,
obs_0033e7ce631563262f7b0bbe,obs_aabd161899dc613ecf88b1d9,derived_control,derived_control,generic_graph_operator_control,degraded_signal_control,bsig_793bb0a29a9abfe233b6d670,bsig_5fc2cc8106fba2b64bc8c905,0.4636600174724558,True,,
obs_0033e7ce631563262f7b0bbe,obs_322c862d474a379bd8df7674,derived_control,derived_control,generic_graph_operator_control,degraded_signal_control,bsig_793bb0a29a9abfe233b6d670,bsig_1095c101d561009a130e1133,0.5401749677706136,True,,
obs_0033e7ce631563262f7b0bbe,obs_4ef6a9c1a3b2d0659064e20b,derived_control,derived_control,generic_graph_operator_control,degraded_signal_control,bsig_793bb0a29a9abfe233b6d670,bsig_8527b27b7d47cca4b9594df9,0.4751043529216832,True,,
obs_0033e7ce631563262f7b0bbe,obs_7d8b6ee929f2a0a0cf7af8f5,derived_control,derived_control,generic_graph_operator_control,degraded_signal_control,bsig_793bb0a29a9abfe233b6d670,bsig_1095c101d561009a130e1133,0.5403801928772997,True,,
obs_0033e7ce631563262f7b0bbe,obs_b41d2dded4b9ccd5ecd128d5,derived_control,derived_control,generic_graph_operator_control,label_permutation_control,bsig_793bb0a29a9abfe233b6d670,bsig_8e7a52f1a727043c61e5d5c2,0.41880996636632406,True,,
obs_0033e7ce631563262f7b0bbe,obs_a3582497f15ead2a2fc1280f,derived_control,derived_control,generic_graph_operator_control,label_permutation_control,bsig_793bb0a29a9abfe233b6d670,bsig_8e7a52f1a727043c61e5d5c2,0.46956232307474005,True,,
obs_0033e7ce631563262f7b0bbe,obs_f855844ba74f991c9ab0ba6d,derived_control,derived_control,generic_graph_operator_control,label_permutation_control,bsig_793bb0a29a9abfe233b6d670,bsig_8e7a52f1a727043c61e5d5c2,0.3521464646464646,True,,
obs_0033e7ce631563262f7b0bbe,obs_20877377330b5094380e86df,derived_control,derived_control,generic_graph_operator_control,label_permutation_control,bsig_793bb0a29a9abfe233b6d670,bsig_8e7a52f1a727043c61e5d5c2,0.4767266858434177,True,,
obs_0033e7ce631563262f7b0bbe,obs_8d92e32fec459dd0746ec799,derived_control,derived_control,generic_graph_operator_control,label_permutation_control,bsig_793bb0a29a9abfe233b6d670,bsig_8e7a52f1a727043c61e5d5c2,0.4332998491499848,True,,
obs_0033e7ce631563262f7b0bbe,obs_11180e544727ce850ebf3a6a,derived_control,derived_control,generic_graph_operator_control,label_permutation_control,bsig_793bb0a29a9abfe233b6d670,bsig_8e7a52f1a727043c61e5d5c2,0.48927735160700575,True,,
obs_0033e7ce631563262f7b0bbe,obs_979ad629051487c82499339e,derived_control,derived_control,generic_graph_operator_control,generic_graph_operator_control,bsig_793bb0a29a9abfe233b6d670,bsig_793bb0a29a9abfe233b6d670,0.06834700340336113,True,,
obs_0033e7ce631563262f7b0bbe,obs_2c0e6630085a94e0f0b4dd07,derived_control,derived_control,generic_graph_operator_control,generic_graph_operator_control,bsig_793bb0a29a9abfe233b6d670,bsig_793bb0a29a9abfe233b6d670,0.11909936011177714,True,,
obs_0033e7ce631563262f7b0bbe,obs_0033e7ce631563262f7b0bbe,derived_control,derived_control,generic_graph_operator_control,generic_graph_operator_control,bsig_793bb0a29a9abfe233b6d670,bsig_793bb0a29a9abfe233b6d670,0.0,True,,
obs_0033e7ce631563262f7b0bbe,obs_118430be7d682f480e3902ea,derived_control,derived_control,generic_graph_operator_control,generic_graph_operator_control,bsig_793bb0a29a9abfe233b6d670,bsig_793bb0a29a9abfe233b6d670,0.12458022119695311,True,,
obs_0033e7ce631563262f7b0bbe,obs_8f4c211fcf3841317e300fd0,derived_control,derived_control,generic_graph_operator_control,generic_graph_operator_control,bsig_793bb0a29a9abfe233b6d670,bsig_793bb0a29a9abfe233b6d670,0.08283688618702187,True,,
obs_0033e7ce631563262f7b0bbe,obs_ae30906415b62baef858fb35,derived_control,derived_control,generic_graph_operator_control,generic_graph_operator_control,bsig_793bb0a29a9abfe233b6d670,bsig_793bb0a29a9abfe233b6d670,0.13881438864404283,True,,
obs_0033e7ce631563262f7b0bbe,obs_2b1c4b4fddba864cb9f9f25f,derived_control,derived_control,generic_graph_operator_control,seed_repeat_control,bsig_793bb0a29a9abfe233b6d670,bsig_53d374d66c9dffe0861a6d49,0.41880996636632406,True,,
obs_0033e7ce631563262f7b0bbe,obs_65dfe5e65cb70d7cb499d482,derived_control,derived_control,generic_graph_operator_control,seed_repeat_control,bsig_793bb0a29a9abfe233b6d670,bsig_53d374d66c9dffe0861a6d49,0.46956232307474005,True,,
obs_0033e7ce631563262f7b0bbe,obs_f622bfcc3394ff0a255f9f83,derived_control,derived_control,generic_graph_operator_control,seed_repeat_control,bsig_793bb0a29a9abfe233b6d670,bsig_53d374d66c9dffe0861a6d49,0.3521464646464646,True,,
obs_0033e7ce631563262f7b0bbe,obs_57728f48826a986fe1ea83d9,derived_control,derived_control,generic_graph_operator_control,seed_repeat_control,bsig_793bb0a29a9abfe233b6d670,bsig_53d374d66c9dffe0861a6d49,0.4767266858434177,True,,
obs_0033e7ce631563262f7b0bbe,obs_c740a30388dc20122927f42a,derived_control,derived_control,generic_graph_operator_control,seed_repeat_control,bsig_793bb0a29a9abfe233b6d670,bsig_53d374d66c9dffe0861a6d49,0.4332998491499848,True,,
obs_0033e7ce631563262f7b0bbe,obs_04fbf535deaa3a11fe4345ca,derived_control,derived_control,generic_graph_operator_control,seed_repeat_control,bsig_793bb0a29a9abfe233b6d670,bsig_53d374d66c9dffe0861a6d49,0.48927735160700575,True,,
obs_0033e7ce631563262f7b0bbe,obs_d36d9fb3b1f089bbbf821e5c,derived_control,derived_control,generic_graph_operator_control,parameter_matched_null_control,bsig_793bb0a29a9abfe233b6d670,bsig_f61a89a0172a79f5d96cd71c,0.7537345476104644,True,,
obs_0033e7ce631563262f7b0bbe,obs_93659ee4b3b5fdadf510315f,derived_control,derived_control,generic_graph_operator_control,parameter_matched_null_control,bsig_793bb0a29a9abfe233b6d670,bsig_f61a89a0172a79f5d96cd71c,0.7665526315106912,True,,
obs_0033e7ce631563262f7b0bbe,obs_5a7521167226bbafcd5c6ba8,derived_control,derived_control,generic_graph_operator_control,parameter_matched_null_control,bsig_793bb0a29a9abfe233b6d670,bsig_f61a89a0172a79f5d96cd71c,0.7527877245804785,True,,
obs_0033e7ce631563262f7b0bbe,obs_9b1c5f0213d9d0fc1a3fff27,derived_control,derived_control,generic_graph_operator_control,parameter_matched_null_control,bsig_793bb0a29a9abfe233b6d670,bsig_f61a89a0172a79f5d96cd71c,0.7671805165305918,True,,
obs_0033e7ce631563262f7b0bbe,obs_062eb3c1dd90468a63227d7f,derived_control,derived_control,generic_graph_operator_control,parameter_matched_null_control,bsig_793bb0a29a9abfe233b6d670,bsig_f61a89a0172a79f5d96cd71c,0.7526020594510001,True,,
obs_0033e7ce631563262f7b0bbe,obs_e93f92e26db8b9c29005cc9e,derived_control,derived_control,generic_graph_operator_control,parameter_matched_null_control,bsig_793bb0a29a9abfe233b6d670,bsig_f61a89a0172a79f5d96cd71c,0.7655146303126781,True,,
obs_118430be7d682f480e3902ea,obs_c21d789f14a613fc6b0083e2,derived_control,target,generic_graph_operator_control,target,bsig_793bb0a29a9abfe233b6d670,bsig_53d374d66c9dffe0861a6d49,0.5231984070399684,True,,
obs_118430be7d682f480e3902ea,obs_afd8912a0e32fb71b5407b81,derived_control,frozen_control,generic_graph_operator_control,periodic_diagonal_augmented_control,bsig_793bb0a29a9abfe233b6d670,bsig_c70af5951ff4d9712678a20b,0.5557730218310204,True,,
obs_118430be7d682f480e3902ea,obs_ed1f0ceddbbf708b259ea1a6,derived_control,target,generic_graph_operator_control,target,bsig_793bb0a29a9abfe233b6d670,bsig_53d374d66c9dffe0861a6d49,0.38969338607697807,True,,
obs_118430be7d682f480e3902ea,obs_46ade388243f3a4581ba4489,derived_control,frozen_control,generic_graph_operator_control,periodic_diagonal_augmented_control,bsig_793bb0a29a9abfe233b6d670,bsig_c70af5951ff4d9712678a20b,0.46958573282608657,True,,
obs_118430be7d682f480e3902ea,obs_8de73c59341ac382087fba03,derived_control,target,generic_graph_operator_control,target,bsig_793bb0a29a9abfe233b6d670,bsig_53d374d66c9dffe0861a6d49,0.4767266858434177,True,,
obs_118430be7d682f480e3902ea,obs_4b958084812d6435763f9a05,derived_control,frozen_control,generic_graph_operator_control,periodic_diagonal_augmented_control,bsig_793bb0a29a9abfe233b6d670,bsig_1364358a857deba241e04538,0.5301158706385897,True,,
obs_118430be7d682f480e3902ea,obs_ea0aca853f3046642f451b7d,derived_control,target,generic_graph_operator_control,target,bsig_793bb0a29a9abfe233b6d670,bsig_53d374d66c9dffe0861a6d49,0.3521464646464646,True,,
obs_118430be7d682f480e3902ea,obs_1163ec91dc845e4ed94d462a,derived_control,frozen_control,generic_graph_operator_control,periodic_diagonal_augmented_control,bsig_793bb0a29a9abfe233b6d670,bsig_1364358a857deba241e04538,0.3838202380696561,True,,
obs_118430be7d682f480e3902ea,obs_d6eeaa59b08b0f1c4897f8db,derived_control,target,generic_graph_operator_control,target,bsig_793bb0a29a9abfe233b6d670,bsig_53d374d66c9dffe0861a6d49,0.45166271596049923,True,,
obs_118430be7d682f480e3902ea,obs_86701919f4db014d1d236f54,derived_control,frozen_control,generic_graph_operator_control,periodic_diagonal_augmented_control,bsig_793bb0a29a9abfe233b6d670,bsig_53d374d66c9dffe0861a6d49,0.5243350855739402,True,,
obs_118430be7d682f480e3902ea,obs_8c347ec96417e5677cdb8ad0,derived_control,target,generic_graph_operator_control,target,bsig_793bb0a29a9abfe233b6d670,bsig_53d374d66c9dffe0861a6d49,0.39588798861977564,True,,
obs_118430be7d682f480e3902ea,obs_624a249c44d428f10aa73463,derived_control,frozen_control,generic_graph_operator_control,periodic_diagonal_augmented_control,bsig_793bb0a29a9abfe233b6d670,bsig_53d374d66c9dffe0861a6d49,0.37087507352266386,True,,
obs_118430be7d682f480e3902ea,obs_e43b79a2ef68469ae989ae1e,derived_control,derived_control,generic_graph_operator_control,shuffled_structure_control,bsig_793bb0a29a9abfe233b6d670,bsig_bb01a7c1d0ca9b191d52310d,0.5231984070399684,True,,
obs_118430be7d682f480e3902ea,obs_c887eb3bf0ab4011d4084e3a,derived_control,derived_control,generic_graph_operator_control,shuffled_structure_control,bsig_793bb0a29a9abfe233b6d670,bsig_bb01a7c1d0ca9b191d52310d,0.38969338607697807,True,,
obs_118430be7d682f480e3902ea,obs_57e35110e54898bdbe032c98,derived_control,derived_control,generic_graph_operator_control,shuffled_structure_control,bsig_793bb0a29a9abfe233b6d670,bsig_bb01a7c1d0ca9b191d52310d,0.4767266858434177,True,,
obs_118430be7d682f480e3902ea,obs_2d439625692f7d83d54dd8c5,derived_control,derived_control,generic_graph_operator_control,shuffled_structure_control,bsig_793bb0a29a9abfe233b6d670,bsig_bb01a7c1d0ca9b191d52310d,0.3521464646464646,True,,
obs_118430be7d682f480e3902ea,obs_ee93d740f305035b42ac22c5,derived_control,derived_control,generic_graph_operator_control,shuffled_structure_control,bsig_793bb0a29a9abfe233b6d670,bsig_bb01a7c1d0ca9b191d52310d,0.45166271596049923,True,,
obs_118430be7d682f480e3902ea,obs_590502ed80ee4f9526a00243,derived_control,derived_control,generic_graph_operator_control,shuffled_structure_control,bsig_793bb0a29a9abfe233b6d670,bsig_bb01a7c1d0ca9b191d52310d,0.39588798861977564,True,,
obs_118430be7d682f480e3902ea,obs_cd8cd88cb9618af0705bbf06,derived_control,derived_control,generic_graph_operator_control,randomized_edge_control,bsig_793bb0a29a9abfe233b6d670,bsig_3b1c1a5f56bb03b20611587b,0.5231984070399684,True,,
obs_118430be7d682f480e3902ea,obs_448f4e11eb5a27dd4f60b644,derived_control,derived_control,generic_graph_operator_control,randomized_edge_control,bsig_793bb0a29a9abfe233b6d670,bsig_3b1c1a5f56bb03b20611587b,0.38969338607697807,True,,
obs_118430be7d682f480e3902ea,obs_fa7bd1db2d6a1d5f66733a16,derived_control,derived_control,generic_graph_operator_control,randomized_edge_control,bsig_793bb0a29a9abfe233b6d670,bsig_3b1c1a5f56bb03b20611587b,0.4767266858434177,True,,
obs_118430be7d682f480e3902ea,obs_3f3cbf5fee77e89478120a3b,derived_control,derived_control,generic_graph_operator_control,randomized_edge_control,bsig_793bb0a29a9abfe233b6d670,bsig_3b1c1a5f56bb03b20611587b,0.3521464646464646,True,,
obs_118430be7d682f480e3902ea,obs_ddbc298f7c4df1aede53d5d6,derived_control,derived_control,generic_graph_operator_control,randomized_edge_control,bsig_793bb0a29a9abfe233b6d670,bsig_3b1c1a5f56bb03b20611587b,0.45166271596049923,True,,
obs_118430be7d682f480e3902ea,obs_3f2760e857afefe81bf772fe,derived_control,derived_control,generic_graph_operator_control,randomized_edge_control,bsig_793bb0a29a9abfe233b6d670,bsig_3b1c1a5f56bb03b20611587b,0.39588798861977564,True,,
obs_118430be7d682f480e3902ea,obs_1aa1fc186c905e7ffa16d2d4,derived_control,derived_control,generic_graph_operator_control,degraded_signal_control,bsig_793bb0a29a9abfe233b6d670,bsig_8527b27b7d47cca4b9594df9,0.5969623652047468,True,,
obs_118430be7d682f480e3902ea,obs_e9c8066d01dd67e1f9d375ef,derived_control,derived_control,generic_graph_operator_control,degraded_signal_control,bsig_793bb0a29a9abfe233b6d670,bsig_1095c101d561009a130e1133,0.4918561311617878,True,,
obs_118430be7d682f480e3902ea,obs_aabd161899dc613ecf88b1d9,derived_control,derived_control,generic_graph_operator_control,degraded_signal_control,bsig_793bb0a29a9abfe233b6d670,bsig_5fc2cc8106fba2b64bc8c905,0.5633859984164092,True,,
obs_118430be7d682f480e3902ea,obs_322c862d474a379bd8df7674,derived_control,derived_control,generic_graph_operator_control,degraded_signal_control,bsig_793bb0a29a9abfe233b6d670,bsig_1095c101d561009a130e1133,0.4636600174724558,True,,
obs_118430be7d682f480e3902ea,obs_4ef6a9c1a3b2d0659064e20b,derived_control,derived_control,generic_graph_operator_control,degraded_signal_control,bsig_793bb0a29a9abfe233b6d670,bsig_8527b27b7d47cca4b9594df9,0.5133686383971211,True,,
obs_118430be7d682f480e3902ea,obs_7d8b6ee929f2a0a0cf7af8f5,derived_control,derived_control,generic_graph_operator_control,degraded_signal_control,bsig_793bb0a29a9abfe233b6d670,bsig_1095c101d561009a130e1133,0.4944957980002625,True,,
obs_118430be7d682f480e3902ea,obs_b41d2dded4b9ccd5ecd128d5,derived_control,derived_control,generic_graph_operator_control,label_permutation_control,bsig_793bb0a29a9abfe233b6d670,bsig_8e7a52f1a727043c61e5d5c2,0.5231984070399684,True,,
obs_118430be7d682f480e3902ea,obs_a3582497f15ead2a2fc1280f,derived_control,derived_control,generic_graph_operator_control,label_permutation_control,bsig_793bb0a29a9abfe233b6d670,bsig_8e7a52f1a727043c61e5d5c2,0.38969338607697807,True,,
obs_118430be7d682f480e3902ea,obs_f855844ba74f991c9ab0ba6d,derived_control,derived_control,generic_graph_operator_control,label_permutation_control,bsig_793bb0a29a9abfe233b6d670,bsig_8e7a52f1a727043c61e5d5c2,0.4767266858434177,True,,
obs_118430be7d682f480e3902ea,obs_20877377330b5094380e86df,derived_control,derived_control,generic_graph_operator_control,label_permutation_control,bsig_793bb0a29a9abfe233b6d670,bsig_8e7a52f1a727043c61e5d5c2,0.3521464646464646,True,,
obs_118430be7d682f480e3902ea,obs_8d92e32fec459dd0746ec799,derived_control,derived_control,generic_graph_operator_control,label_permutation_control,bsig_793bb0a29a9abfe233b6d670,bsig_8e7a52f1a727043c61e5d5c2,0.45166271596049923,True,,
obs_118430be7d682f480e3902ea,obs_11180e544727ce850ebf3a6a,derived_control,derived_control,generic_graph_operator_control,label_permutation_control,bsig_793bb0a29a9abfe233b6d670,bsig_8e7a52f1a727043c61e5d5c2,0.39588798861977564,True,,
obs_118430be7d682f480e3902ea,obs_979ad629051487c82499339e,derived_control,derived_control,generic_graph_operator_control,generic_graph_operator_control,bsig_793bb0a29a9abfe233b6d670,bsig_793bb0a29a9abfe233b6d670,0.17273544407700553,True,,
obs_118430be7d682f480e3902ea,obs_2c0e6630085a94e0f0b4dd07,derived_control,derived_control,generic_graph_operator_control,generic_graph_operator_control,bsig_793bb0a29a9abfe233b6d670,bsig_793bb0a29a9abfe233b6d670,0.03923042311401511,True,,
obs_118430be7d682f480e3902ea,obs_0033e7ce631563262f7b0bbe,derived_control,derived_control,generic_graph_operator_control,generic_graph_operator_control,bsig_793bb0a29a9abfe233b6d670,bsig_793bb0a29a9abfe233b6d670,0.12458022119695311,True,,
obs_118430be7d682f480e3902ea,obs_118430be7d682f480e3902ea,derived_control,derived_control,generic_graph_operator_control,generic_graph_operator_control,bsig_793bb0a29a9abfe233b6d670,bsig_793bb0a29a9abfe233b6d670,0.0,True,,
obs_118430be7d682f480e3902ea,obs_8f4c211fcf3841317e300fd0,derived_control,derived_control,generic_graph_operator_control,generic_graph_operator_control,bsig_793bb0a29a9abfe233b6d670,bsig_793bb0a29a9abfe233b6d670,0.10119975299753634,True,,
obs_118430be7d682f480e3902ea,obs_ae30906415b62baef858fb35,derived_control,derived_control,generic_graph_operator_control,generic_graph_operator_control,bsig_793bb0a29a9abfe233b6d670,bsig_793bb0a29a9abfe233b6d670,0.04542502565681273,True,,
obs_118430be7d682f480e3902ea,obs_2b1c4b4fddba864cb9f9f25f,derived_control,derived_control,generic_graph_operator_control,seed_repeat_control,bsig_793bb0a29a9abfe233b6d670,bsig_53d374d66c9dffe0861a6d49,0.5231984070399684,True,,
obs_118430be7d682f480e3902ea,obs_65dfe5e65cb70d7cb499d482,derived_control,derived_control,generic_graph_operator_control,seed_repeat_control,bsig_793bb0a29a9abfe233b6d670,bsig_53d374d66c9dffe0861a6d49,0.38969338607697807,True,,
obs_118430be7d682f480e3902ea,obs_f622bfcc3394ff0a255f9f83,derived_control,derived_control,generic_graph_operator_control,seed_repeat_control,bsig_793bb0a29a9abfe233b6d670,bsig_53d374d66c9dffe0861a6d49,0.4767266858434177,True,,
obs_118430be7d682f480e3902ea,obs_57728f48826a986fe1ea83d9,derived_control,derived_control,generic_graph_operator_control,seed_repeat_control,bsig_793bb0a29a9abfe233b6d670,bsig_53d374d66c9dffe0861a6d49,0.3521464646464646,True,,
obs_118430be7d682f480e3902ea,obs_c740a30388dc20122927f42a,derived_control,derived_control,generic_graph_operator_control,seed_repeat_control,bsig_793bb0a29a9abfe233b6d670,bsig_53d374d66c9dffe0861a6d49,0.45166271596049923,True,,
obs_118430be7d682f480e3902ea,obs_04fbf535deaa3a11fe4345ca,derived_control,derived_control,generic_graph_operator_control,seed_repeat_control,bsig_793bb0a29a9abfe233b6d670,bsig_53d374d66c9dffe0861a6d49,0.39588798861977564,True,,
obs_118430be7d682f480e3902ea,obs_d36d9fb3b1f089bbbf821e5c,derived_control,derived_control,generic_graph_operator_control,parameter_matched_null_control,bsig_793bb0a29a9abfe233b6d670,bsig_f61a89a0172a79f5d96cd71c,0.7673084960231629,True,,
obs_118430be7d682f480e3902ea,obs_93659ee4b3b5fdadf510315f,derived_control,derived_control,generic_graph_operator_control,parameter_matched_null_control,bsig_793bb0a29a9abfe233b6d670,bsig_f61a89a0172a79f5d96cd71c,0.7527267329846141,True,,
obs_118430be7d682f480e3902ea,obs_5a7521167226bbafcd5c6ba8,derived_control,derived_control,generic_graph_operator_control,parameter_matched_null_control,bsig_793bb0a29a9abfe233b6d670,bsig_f61a89a0172a79f5d96cd71c,0.7671805165305918,True,,
obs_118430be7d682f480e3902ea,obs_9b1c5f0213d9d0fc1a3fff27,derived_control,derived_control,generic_graph_operator_control,parameter_matched_null_control,bsig_793bb0a29a9abfe233b6d670,bsig_f61a89a0172a79f5d96cd71c,0.7527877245804785,True,,
obs_118430be7d682f480e3902ea,obs_062eb3c1dd90468a63227d7f,derived_control,derived_control,generic_graph_operator_control,parameter_matched_null_control,bsig_793bb0a29a9abfe233b6d670,bsig_f61a89a0172a79f5d96cd71c,0.7654201518546282,True,,
obs_118430be7d682f480e3902ea,obs_e93f92e26db8b9c29005cc9e,derived_control,derived_control,generic_graph_operator_control,parameter_matched_null_control,bsig_793bb0a29a9abfe233b6d670,bsig_f61a89a0172a79f5d96cd71c,0.7511218383625647,True,,
obs_8f4c211fcf3841317e300fd0,obs_c21d789f14a613fc6b0083e2,derived_control,target,generic_graph_operator_control,target,bsig_793bb0a29a9abfe233b6d670,bsig_53d374d66c9dffe0861a6d49,0.4787657346643209,True,,
obs_8f4c211fcf3841317e300fd0,obs_afd8912a0e32fb71b5407b81,derived_control,frozen_control,generic_graph_operator_control,periodic_diagonal_augmented_control,bsig_793bb0a29a9abfe233b6d670,bsig_c70af5951ff4d9712678a20b,0.5326193780581476,True,,
obs_8f4c211fcf3841317e300fd0,obs_ed1f0ceddbbf708b259ea1a6,derived_control,target,generic_graph_operator_control,target,bsig_793bb0a29a9abfe233b6d670,bsig_53d374d66c9dffe0861a6d49,0.42377466321165785,True,,
obs_8f4c211fcf3841317e300fd0,obs_46ade388243f3a4581ba4489,derived_control,frozen_control,generic_graph_operator_control,periodic_diagonal_augmented_control,bsig_793bb0a29a9abfe233b6d670,bsig_c70af5951ff4d9712678a20b,0.49035695053568906,True,,
obs_8f4c211fcf3841317e300fd0,obs_8de73c59341ac382087fba03,derived_control,target,generic_graph_operator_control,target,bsig_793bb0a29a9abfe233b6d670,bsig_53d374d66c9dffe0861a6d49,0.4349833508334865,True,,
obs_8f4c211fcf3841317e300fd0,obs_4b958084812d6435763f9a05,derived_control,frozen_control,generic_graph_operator_control,periodic_diagonal_augmented_control,bsig_793bb0a29a9abfe233b6d670,bsig_1364358a857deba241e04538,0.5107789371821703,True,,
obs_8f4c211fcf3841317e300fd0,obs_ea0aca853f3046642f451b7d,derived_control,target,generic_graph_operator_control,target,bsig_793bb0a29a9abfe233b6d670,bsig_53d374d66c9dffe0861a6d49,0.45334621764400096,True,,
obs_8f4c211fcf3841317e300fd0,obs_1163ec91dc845e4ed94d462a,derived_control,frozen_control,generic_graph_operator_control,periodic_diagonal_augmented_control,bsig_793bb0a29a9abfe233b6d670,bsig_1364358a857deba241e04538,0.42125947383551055,True,,
obs_8f4c211fcf3841317e300fd0,obs_d6eeaa59b08b0f1c4897f8db,derived_control,target,generic_graph_operator_control,target,bsig_793bb0a29a9abfe233b6d670,bsig_53d374d66c9dffe0861a6d49,0.3504629629629629,True,,
obs_8f4c211fcf3841317e300fd0,obs_86701919f4db014d1d236f54,derived_control,frozen_control,generic_graph_operator_control,periodic_diagonal_augmented_control,bsig_793bb0a29a9abfe233b6d670,bsig_53d374d66c9dffe0861a6d49,0.49475847658202365,True,,
obs_8f4c211fcf3841317e300fd0,obs_8c347ec96417e5677cdb8ad0,derived_control,target,generic_graph_operator_control,target,bsig_793bb0a29a9abfe233b6d670,bsig_53d374d66c9dffe0861a6d49,0.4723300268491685,True,,
obs_8f4c211fcf3841317e300fd0,obs_624a249c44d428f10aa73463,derived_control,frozen_control,generic_graph_operator_control,periodic_diagonal_augmented_control,bsig_793bb0a29a9abfe233b6d670,bsig_53d374d66c9dffe0861a6d49,0.4489903914370754,True,,
obs_8f4c211fcf3841317e300fd0,obs_e43b79a2ef68469ae989ae1e,derived_control,derived_control,generic_graph_operator_control,shuffled_structure_control,bsig_793bb0a29a9abfe233b6d670,bsig_bb01a7c1d0ca9b191d52310d,0.4787657346643209,True,,
obs_8f4c211fcf3841317e300fd0,obs_c887eb3bf0ab4011d4084e3a,derived_control,derived_control,generic_graph_operator_control,shuffled_structure_control,bsig_793bb0a29a9abfe233b6d670,bsig_bb01a7c1d0ca9b191d52310d,0.42377466321165785,True,,
obs_8f4c211fcf3841317e300fd0,obs_57e35110e54898bdbe032c98,derived_control,derived_control,generic_graph_operator_control,shuffled_structure_control,bsig_793bb0a29a9abfe233b6d670,bsig_bb01a7c1d0ca9b191d52310d,0.4349833508334865,True,,
obs_8f4c211fcf3841317e300fd0,obs_2d439625692f7d83d54dd8c5,derived_control,derived_control,generic_graph_operator_control,shuffled_structure_control,bsig_793bb0a29a9abfe233b6d670,bsig_bb01a7c1d0ca9b191d52310d,0.45334621764400096,True,,
obs_8f4c211fcf3841317e300fd0,obs_ee93d740f305035b42ac22c5,derived_control,derived_control,generic_graph_operator_control,shuffled_structure_control,bsig_793bb0a29a9abfe233b6d670,bsig_bb01a7c1d0ca9b191d52310d,0.3504629629629629,True,,
obs_8f4c211fcf3841317e300fd0,obs_590502ed80ee4f9526a00243,derived_control,derived_control,generic_graph_operator_control,shuffled_structure_control,bsig_793bb0a29a9abfe233b6d670,bsig_bb01a7c1d0ca9b191d52310d,0.4723300268491685,True,,
obs_8f4c211fcf3841317e300fd0,obs_cd8cd88cb9618af0705bbf06,derived_control,derived_control,generic_graph_operator_control,randomized_edge_control,bsig_793bb0a29a9abfe233b6d670,bsig_3b1c1a5f56bb03b20611587b,0.4787657346643209,True,,
obs_8f4c211fcf3841317e300fd0,obs_448f4e11eb5a27dd4f60b644,derived_control,derived_control,generic_graph_operator_control,randomized_edge_control,bsig_793bb0a29a9abfe233b6d670,bsig_3b1c1a5f56bb03b20611587b,0.42377466321165785,True,,
obs_8f4c211fcf3841317e300fd0,obs_fa7bd1db2d6a1d5f66733a16,derived_control,derived_control,generic_graph_operator_control,randomized_edge_control,bsig_793bb0a29a9abfe233b6d670,bsig_3b1c1a5f56bb03b20611587b,0.4349833508334865,True,,
obs_8f4c211fcf3841317e300fd0,obs_3f3cbf5fee77e89478120a3b,derived_control,derived_control,generic_graph_operator_control,randomized_edge_control,bsig_793bb0a29a9abfe233b6d670,bsig_3b1c1a5f56bb03b20611587b,0.45334621764400096,True,,
obs_8f4c211fcf3841317e300fd0,obs_ddbc298f7c4df1aede53d5d6,derived_control,derived_control,generic_graph_operator_control,randomized_edge_control,bsig_793bb0a29a9abfe233b6d670,bsig_3b1c1a5f56bb03b20611587b,0.3504629629629629,True,,
obs_8f4c211fcf3841317e300fd0,obs_3f2760e857afefe81bf772fe,derived_control,derived_control,generic_graph_operator_control,randomized_edge_control,bsig_793bb0a29a9abfe233b6d670,bsig_3b1c1a5f56bb03b20611587b,0.4723300268491685,True,,
obs_8f4c211fcf3841317e300fd0,obs_1aa1fc186c905e7ffa16d2d4,derived_control,derived_control,generic_graph_operator_control,degraded_signal_control,bsig_793bb0a29a9abfe233b6d670,bsig_8527b27b7d47cca4b9594df9,0.5545162033976033,True,,
obs_8f4c211fcf3841317e300fd0,obs_e9c8066d01dd67e1f9d375ef,derived_control,derived_control,generic_graph_operator_control,degraded_signal_control,bsig_793bb0a29a9abfe233b6d670,bsig_1095c101d561009a130e1133,0.5208441719979664,True,,
obs_8f4c211fcf3841317e300fd0,obs_aabd161899dc613ecf88b1d9,derived_control,derived_control,generic_graph_operator_control,degraded_signal_control,bsig_793bb0a29a9abfe233b6d670,bsig_5fc2cc8106fba2b64bc8c905,0.5250562024291773,True,,
obs_8f4c211fcf3841317e300fd0,obs_322c862d474a379bd8df7674,derived_control,derived_control,generic_graph_operator_control,degraded_signal_control,bsig_793bb0a29a9abfe233b6d670,bsig_1095c101d561009a130e1133,0.5410293774077092,True,,
obs_8f4c211fcf3841317e300fd0,obs_4ef6a9c1a3b2d0659064e20b,derived_control,derived_control,generic_graph_operator_control,degraded_signal_control,bsig_793bb0a29a9abfe233b6d670,bsig_8527b27b7d47cca4b9594df9,0.4619482612184459,True,,
obs_8f4c211fcf3841317e300fd0,obs_7d8b6ee929f2a0a0cf7af8f5,derived_control,derived_control,generic_graph_operator_control,degraded_signal_control,bsig_793bb0a29a9abfe233b6d670,bsig_1095c101d561009a130e1133,0.5563754357153026,True,,
obs_8f4c211fcf3841317e300fd0,obs_b41d2dded4b9ccd5ecd128d5,derived_control,derived_control,generic_graph_operator_control,label_permutation_control,bsig_793bb0a29a9abfe233b6d670,bsig_8e7a52f1a727043c61e5d5c2,0.4787657346643209,True,,
obs_8f4c211fcf3841317e300fd0,obs_a3582497f15ead2a2fc1280f,derived_control,derived_control,generic_graph_operator_control,label_permutation_control,bsig_793bb0a29a9abfe233b6d670,bsig_8e7a52f1a727043c61e5d5c2,0.42377466321165785,True,,
obs_8f4c211fcf3841317e300fd0,obs_f855844ba74f991c9ab0ba6d,derived_control,derived_control,generic_graph_operator_control,label_permutation_control,bsig_793bb0a29a9abfe233b6d670,bsig_8e7a52f1a727043c61e5d5c2,0.4349833508334865,True,,
obs_8f4c211fcf3841317e300fd0,obs_20877377330b5094380e86df,derived_control,derived_control,generic_graph_operator_control,label_permutation_control,bsig_793bb0a29a9abfe233b6d670,bsig_8e7a52f1a727043c61e5d5c2,0.45334621764400096,True,,
obs_8f4c211fcf3841317e300fd0,obs_8d92e32fec459dd0746ec799,derived_control,derived_control,generic_graph_operator_control,label_permutation_control,bsig_793bb0a29a9abfe233b6d670,bsig_8e7a52f1a727043c61e5d5c2,0.3504629629629629,True,,
obs_8f4c211fcf3841317e300fd0,obs_11180e544727ce850ebf3a6a,derived_control,derived_control,generic_graph_operator_control,label_permutation_control,bsig_793bb0a29a9abfe233b6d670,bsig_8e7a52f1a727043c61e5d5c2,0.4723300268491685,True,,
obs_8f4c211fcf3841317e300fd0,obs_979ad629051487c82499339e,derived_control,derived_control,generic_graph_operator_control,generic_graph_operator_control,bsig_793bb0a29a9abfe233b6d670,bsig_793bb0a29a9abfe233b6d670,0.12830277170135795,True,,
obs_8f4c211fcf3841317e300fd0,obs_2c0e6630085a94e0f0b4dd07,derived_control,derived_control,generic_graph_operator_control,generic_graph_operator_control,bsig_793bb0a29a9abfe233b6d670,bsig_793bb0a29a9abfe233b6d670,0.07331170024869496,True,,
obs_8f4c211fcf3841317e300fd0,obs_0033e7ce631563262f7b0bbe,derived_control,derived_control,generic_graph_operator_control,generic_graph_operator_control,bsig_793bb0a29a9abfe233b6d670,bsig_793bb0a29a9abfe233b6d670,0.08283688618702187,True,,
obs_8f4c211fcf3841317e300fd0,obs_118430be7d682f480e3902ea,derived_control,derived_control,generic_graph_operator_control,generic_graph_operator_control,bsig_793bb0a29a9abfe233b6d670,bsig_793bb0a29a9abfe233b6d670,0.10119975299753634,True,,
obs_8f4c211fcf3841317e300fd0,obs_8f4c211fcf3841317e300fd0,derived_control,derived_control,generic_graph_operator_control,generic_graph_operator_control,bsig_793bb0a29a9abfe233b6d670,bsig_793bb0a29a9abfe233b6d670,0.0,True,,
obs_8f4c211fcf3841317e300fd0,obs_ae30906415b62baef858fb35,derived_control,derived_control,generic_graph_operator_control,generic_graph_operator_control,bsig_793bb0a29a9abfe233b6d670,bsig_793bb0a29a9abfe233b6d670,0.1218670638862056,True,,
obs_8f4c211fcf3841317e300fd0,obs_2b1c4b4fddba864cb9f9f25f,derived_control,derived_control,generic_graph_operator_control,seed_repeat_control,bsig_793bb0a29a9abfe233b6d670,bsig_53d374d66c9dffe0861a6d49,0.4787657346643209,True,,
obs_8f4c211fcf3841317e300fd0,obs_65dfe5e65cb70d7cb499d482,derived_control,derived_control,generic_graph_operator_control,seed_repeat_control,bsig_793bb0a29a9abfe233b6d670,bsig_53d374d66c9dffe0861a6d49,0.42377466321165785,True,,
obs_8f4c211fcf3841317e300fd0,obs_f622bfcc3394ff0a255f9f83,derived_control,derived_control,generic_graph_operator_control,seed_repeat_control,bsig_793bb0a29a9abfe233b6d670,bsig_53d374d66c9dffe0861a6d49,0.4349833508334865,True,,
obs_8f4c211fcf3841317e300fd0,obs_57728f48826a986fe1ea83d9,derived_control,derived_control,generic_graph_operator_control,seed_repeat_control,bsig_793bb0a29a9abfe233b6d670,bsig_53d374d66c9dffe0861a6d49,0.45334621764400096,True,,
obs_8f4c211fcf3841317e300fd0,obs_c740a30388dc20122927f42a,derived_control,derived_control,generic_graph_operator_control,seed_repeat_control,bsig_793bb0a29a9abfe233b6d670,bsig_53d374d66c9dffe0861a6d49,0.3504629629629629,True,,
obs_8f4c211fcf3841317e300fd0,obs_04fbf535deaa3a11fe4345ca,derived_control,derived_control,generic_graph_operator_control,seed_repeat_control,bsig_793bb0a29a9abfe233b6d670,bsig_53d374d66c9dffe0861a6d49,0.4723300268491685,True,,
obs_8f4c211fcf3841317e300fd0,obs_d36d9fb3b1f089bbbf821e5c,derived_control,derived_control,generic_graph_operator_control,parameter_matched_null_control,bsig_793bb0a29a9abfe233b6d670,bsig_f61a89a0172a79f5d96cd71c,0.7530108008913088,True,,
obs_8f4c211fcf3841317e300fd0,obs_93659ee4b3b5fdadf510315f,derived_control,derived_control,generic_graph_operator_control,parameter_matched_null_control,bsig_793bb0a29a9abfe233b6d670,bsig_f61a89a0172a79f5d96cd71c,0.7670256648368871,True,,
obs_8f4c211fcf3841317e300fd0,obs_5a7521167226bbafcd5c6ba8,derived_control,derived_control,generic_graph_operator_control,parameter_matched_null_control,bsig_793bb0a29a9abfe233b6d670,bsig_f61a89a0172a79f5d96cd71c,0.754268577820856,True,,
obs_8f4c211fcf3841317e300fd0,obs_9b1c5f0213d9d0fc1a3fff27,derived_control,derived_control,generic_graph_operator_control,parameter_matched_null_control,bsig_793bb0a29a9abfe233b6d670,bsig_f61a89a0172a79f5d96cd71c,0.7670866702244841,True,,
obs_8f4c211fcf3841317e300fd0,obs_062eb3c1dd90468a63227d7f,derived_control,derived_control,generic_graph_operator_control,parameter_matched_null_control,bsig_793bb0a29a9abfe233b6d670,bsig_f61a89a0172a79f5d96cd71c,0.751087239583331,True,,
obs_8f4c211fcf3841317e300fd0,obs_e93f92e26db8b9c29005cc9e,derived_control,derived_control,generic_graph_operator_control,parameter_matched_null_control,bsig_793bb0a29a9abfe233b6d670,bsig_f61a89a0172a79f5d96cd71c,0.7653855530753945,True,,
obs_ae30906415b62baef858fb35,obs_c21d789f14a613fc6b0083e2,derived_control,target,generic_graph_operator_control,target,bsig_793bb0a29a9abfe233b6d670,bsig_53d374d66c9dffe0861a6d49,0.5293614296718152,True,,
obs_ae30906415b62baef858fb35,obs_afd8912a0e32fb71b5407b81,derived_control,frozen_control,generic_graph_operator_control,periodic_diagonal_augmented_control,bsig_793bb0a29a9abfe233b6d670,bsig_c70af5951ff4d9712678a20b,0.5556470835749882,True,,
obs_ae30906415b62baef858fb35,obs_ed1f0ceddbbf708b259ea1a6,derived_control,target,generic_graph_operator_control,target,bsig_793bb0a29a9abfe233b6d670,bsig_53d374d66c9dffe0861a6d49,0.41096821897523517,True,,
obs_ae30906415b62baef858fb35,obs_46ade388243f3a4581ba4489,derived_control,frozen_control,generic_graph_operator_control,periodic_diagonal_augmented_control,bsig_793bb0a29a9abfe233b6d670,bsig_c70af5951ff4d9712678a20b,0.48429410598564593,True,,
obs_ae30906415b62baef858fb35,obs_8de73c59341ac382087fba03,derived_control,target,generic_graph_operator_control,target,bsig_793bb0a29a9abfe233b6d670,bsig_53d374d66c9dffe0861a6d49,0.4909608532905075,True,,
obs_ae30906415b62baef858fb35,obs_4b958084812d6435763f9a05,derived_control,frozen_control,generic_graph_operator_control,periodic_diagonal_augmented_control,bsig_793bb0a29a9abfe233b6d670,bsig_1364358a857deba241e04538,0.5289034486402303,True,,
obs_ae30906415b62baef858fb35,obs_ea0aca853f3046642f451b7d,derived_control,target,generic_graph_operator_control,target,bsig_793bb0a29a9abfe233b6d670,bsig_53d374d66c9dffe0861a6d49,0.3975714903032774,True,,
obs_ae30906415b62baef858fb35,obs_1163ec91dc845e4ed94d462a,derived_control,frozen_control,generic_graph_operator_control,periodic_diagonal_augmented_control,bsig_793bb0a29a9abfe233b6d670,bsig_1364358a857deba241e04538,0.40870074351468677,True,,
obs_ae30906415b62baef858fb35,obs_d6eeaa59b08b0f1c4897f8db,derived_control,target,generic_graph_operator_control,target,bsig_793bb0a29a9abfe233b6d670,bsig_53d374d66c9dffe0861a6d49,0.4723300268491685,True,,
obs_ae30906415b62baef858fb35,obs_86701919f4db014d1d236f54,derived_control,frozen_control,generic_graph_operator_control,periodic_diagonal_augmented_control,bsig_793bb0a29a9abfe233b6d670,bsig_53d374d66c9dffe0861a6d49,0.5342461832294689,True,,
obs_ae30906415b62baef858fb35,obs_8c347ec96417e5677cdb8ad0,derived_control,target,generic_graph_operator_control,target,bsig_793bb0a29a9abfe233b6d670,bsig_53d374d66c9dffe0861a6d49,0.3504629629629629,True,,
obs_ae30906415b62baef858fb35,obs_624a249c44d428f10aa73463,derived_control,frozen_control,generic_graph_operator_control,periodic_diagonal_augmented_control,bsig_793bb0a29a9abfe233b6d670,bsig_53d374d66c9dffe0861a6d49,0.4091222880617485,True,,
obs_ae30906415b62baef858fb35,obs_e43b79a2ef68469ae989ae1e,derived_control,derived_control,generic_graph_operator_control,shuffled_structure_control,bsig_793bb0a29a9abfe233b6d670,bsig_bb01a7c1d0ca9b191d52310d,0.5293614296718152,True,,
obs_ae30906415b62baef858fb35,obs_c887eb3bf0ab4011d4084e3a,derived_control,derived_control,generic_graph_operator_control,shuffled_structure_control,bsig_793bb0a29a9abfe233b6d670,bsig_bb01a7c1d0ca9b191d52310d,0.41096821897523517,True,,
obs_ae30906415b62baef858fb35,obs_57e35110e54898bdbe032c98,derived_control,derived_control,generic_graph_operator_control,shuffled_structure_control,bsig_793bb0a29a9abfe233b6d670,bsig_bb01a7c1d0ca9b191d52310d,0.4909608532905075,True,,
obs_ae30906415b62baef858fb35,obs_2d439625692f7d83d54dd8c5,derived_control,derived_control,generic_graph_operator_control,shuffled_structure_control,bsig_793bb0a29a9abfe233b6d670,bsig_bb01a7c1d0ca9b191d52310d,0.3975714903032774,True,,
obs_ae30906415b62baef858fb35,obs_ee93d740f305035b42ac22c5,derived_control,derived_control,generic_graph_operator_control,shuffled_structure_control,bsig_793bb0a29a9abfe233b6d670,bsig_bb01a7c1d0ca9b191d52310d,0.4723300268491685,True,,
obs_ae30906415b62baef858fb35,obs_590502ed80ee4f9526a00243,derived_control,derived_control,generic_graph_operator_control,shuffled_structure_control,bsig_793bb0a29a9abfe233b6d670,bsig_bb01a7c1d0ca9b191d52310d,0.3504629629629629,True,,
obs_ae30906415b62baef858fb35,obs_cd8cd88cb9618af0705bbf06,derived_control,derived_control,generic_graph_operator_control,randomized_edge_control,bsig_793bb0a29a9abfe233b6d670,bsig_3b1c1a5f56bb03b20611587b,0.5293614296718152,True,,
obs_ae30906415b62baef858fb35,obs_448f4e11eb5a27dd4f60b644,derived_control,derived_control,generic_graph_operator_control,randomized_edge_control,bsig_793bb0a29a9abfe233b6d670,bsig_3b1c1a5f56bb03b20611587b,0.41096821897523517,True,,
obs_ae30906415b62baef858fb35,obs_fa7bd1db2d6a1d5f66733a16,derived_control,derived_control,generic_graph_operator_control,randomized_edge_control,bsig_793bb0a29a9abfe233b6d670,bsig_3b1c1a5f56bb03b20611587b,0.4909608532905075,True,,
obs_ae30906415b62baef858fb35,obs_3f3cbf5fee77e89478120a3b,derived_control,derived_control,generic_graph_operator_control,randomized_edge_control,bsig_793bb0a29a9abfe233b6d670,bsig_3b1c1a5f56bb03b20611587b,0.3975714903032774,True,,
obs_ae30906415b62baef858fb35,obs_ddbc298f7c4df1aede53d5d6,derived_control,derived_control,generic_graph_operator_control,randomized_edge_control,bsig_793bb0a29a9abfe233b6d670,bsig_3b1c1a5f56bb03b20611587b,0.4723300268491685,True,,
obs_ae30906415b62baef858fb35,obs_3f2760e857afefe81bf772fe,derived_control,derived_control,generic_graph_operator_control,randomized_edge_control,bsig_793bb0a29a9abfe233b6d670,bsig_3b1c1a5f56bb03b20611587b,0.3504629629629629,True,,
obs_ae30906415b62baef858fb35,obs_1aa1fc186c905e7ffa16d2d4,derived_control,derived_control,generic_graph_operator_control,degraded_signal_control,bsig_793bb0a29a9abfe233b6d670,bsig_8527b27b7d47cca4b9594df9,0.6073168925975481,True,,
obs_ae30906415b62baef858fb35,obs_e9c8066d01dd67e1f9d375ef,derived_control,derived_control,generic_graph_operator_control,degraded_signal_control,bsig_793bb0a29a9abfe233b6d670,bsig_1095c101d561009a130e1133,0.5169163226839099,True,,
obs_ae30906415b62baef858fb35,obs_aabd161899dc613ecf88b1d9,derived_control,derived_control,generic_graph_operator_control,degraded_signal_control,bsig_793bb0a29a9abfe233b6d670,bsig_5fc2cc8106fba2b64bc8c905,0.5738347553103273,True,,
obs_ae30906415b62baef858fb35,obs_322c862d474a379bd8df7674,derived_control,derived_control,generic_graph_operator_control,degraded_signal_control,bsig_793bb0a29a9abfe233b6d670,bsig_1095c101d561009a130e1133,0.5045575541068276,True,,
obs_ae30906415b62baef858fb35,obs_4ef6a9c1a3b2d0659064e20b,derived_control,derived_control,generic_graph_operator_control,degraded_signal_control,bsig_793bb0a29a9abfe233b6d670,bsig_8527b27b7d47cca4b9594df9,0.5388061444563705,True,,
obs_ae30906415b62baef858fb35,obs_7d8b6ee929f2a0a0cf7af8f5,derived_control,derived_control,generic_graph_operator_control,degraded_signal_control,bsig_793bb0a29a9abfe233b6d670,bsig_1095c101d561009a130e1133,0.4619482612184459,True,,
obs_ae30906415b62baef858fb35,obs_b41d2dded4b9ccd5ecd128d5,derived_control,derived_control,generic_graph_operator_control,label_permutation_control,bsig_793bb0a29a9abfe233b6d670,bsig_8e7a52f1a727043c61e5d5c2,0.5293614296718152,True,,
obs_ae30906415b62baef858fb35,obs_a3582497f15ead2a2fc1280f,derived_control,derived_control,generic_graph_operator_control,label_permutation_control,bsig_793bb0a29a9abfe233b6d670,bsig_8e7a52f1a727043c61e5d5c2,0.41096821897523517,True,,
obs_ae30906415b62baef858fb35,obs_f855844ba74f991c9ab0ba6d,derived_control,derived_control,generic_graph_operator_control,label_permutation_control,bsig_793bb0a29a9abfe233b6d670,bsig_8e7a52f1a727043c61e5d5c2,0.4909608532905075,True,,
obs_ae30906415b62baef858fb35,obs_20877377330b5094380e86df,derived_control,derived_control,generic_graph_operator_control,label_permutation_control,bsig_793bb0a29a9abfe233b6d670,bsig_8e7a52f1a727043c61e5d5c2,0.3975714903032774,True,,
obs_ae30906415b62baef858fb35,obs_8d92e32fec459dd0746ec799,derived_control,derived_control,generic_graph_operator_control,label_permutation_control,bsig_793bb0a29a9abfe233b6d670,bsig_8e7a52f1a727043c61e5d5c2,0.4723300268491685,True,,
obs_ae30906415b62baef858fb35,obs_11180e544727ce850ebf3a6a,derived_control,derived_control,generic_graph_operator_control,label_permutation_control,bsig_793bb0a29a9abfe233b6d670,bsig_8e7a52f1a727043c61e5d5c2,0.3504629629629629,True,,
obs_ae30906415b62baef858fb35,obs_979ad629051487c82499339e,derived_control,derived_control,generic_graph_operator_control,generic_graph_operator_control,bsig_793bb0a29a9abfe233b6d670,bsig_793bb0a29a9abfe233b6d670,0.17889846670885232,True,,
obs_ae30906415b62baef858fb35,obs_2c0e6630085a94e0f0b4dd07,derived_control,derived_control,generic_graph_operator_control,generic_graph_operator_control,bsig_793bb0a29a9abfe233b6d670,bsig_793bb0a29a9abfe233b6d670,0.06050525601227224,True,,
obs_ae30906415b62baef858fb35,obs_0033e7ce631563262f7b0bbe,derived_control,derived_control,generic_graph_operator_control,generic_graph_operator_control,bsig_793bb0a29a9abfe233b6d670,bsig_793bb0a29a9abfe233b6d670,0.13881438864404283,True,,
obs_ae30906415b62baef858fb35,obs_118430be7d682f480e3902ea,derived_control,derived_control,generic_graph_operator_control,generic_graph_operator_control,bsig_793bb0a29a9abfe233b6d670,bsig_793bb0a29a9abfe233b6d670,0.04542502565681273,True,,
obs_ae30906415b62baef858fb35,obs_8f4c211fcf3841317e300fd0,derived_control,derived_control,generic_graph_operator_control,generic_graph_operator_control,bsig_793bb0a29a9abfe233b6d670,bsig_793bb0a29a9abfe233b6d670,0.1218670638862056,True,,
obs_ae30906415b62baef858fb35,obs_ae30906415b62baef858fb35,derived_control,derived_control,generic_graph_operator_control,generic_graph_operator_control,bsig_793bb0a29a9abfe233b6d670,bsig_793bb0a29a9abfe233b6d670,0.0,True,,
obs_ae30906415b62baef858fb35,obs_2b1c4b4fddba864cb9f9f25f,derived_control,derived_control,generic_graph_operator_control,seed_repeat_control,bsig_793bb0a29a9abfe233b6d670,bsig_53d374d66c9dffe0861a6d49,0.5293614296718152,True,,
obs_ae30906415b62baef858fb35,obs_65dfe5e65cb70d7cb499d482,derived_control,derived_control,generic_graph_operator_control,seed_repeat_control,bsig_793bb0a29a9abfe233b6d670,bsig_53d374d66c9dffe0861a6d49,0.41096821897523517,True,,
obs_ae30906415b62baef858fb35,obs_f622bfcc3394ff0a255f9f83,derived_control,derived_control,generic_graph_operator_control,seed_repeat_control,bsig_793bb0a29a9abfe233b6d670,bsig_53d374d66c9dffe0861a6d49,0.4909608532905075,True,,
obs_ae30906415b62baef858fb35,obs_57728f48826a986fe1ea83d9,derived_control,derived_control,generic_graph_operator_control,seed_repeat_control,bsig_793bb0a29a9abfe233b6d670,bsig_53d374d66c9dffe0861a6d49,0.3975714903032774,True,,
obs_ae30906415b62baef858fb35,obs_c740a30388dc20122927f42a,derived_control,derived_control,generic_graph_operator_control,seed_repeat_control,bsig_793bb0a29a9abfe233b6d670,bsig_53d374d66c9dffe0861a6d49,0.4723300268491685,True,,
obs_ae30906415b62baef858fb35,obs_04fbf535deaa3a11fe4345ca,derived_control,derived_control,generic_graph_operator_control,seed_repeat_control,bsig_793bb0a29a9abfe233b6d670,bsig_53d374d66c9dffe0861a6d49,0.3504629629629629,True,,
obs_ae30906415b62baef858fb35,obs_d36d9fb3b1f089bbbf821e5c,derived_control,derived_control,generic_graph_operator_control,parameter_matched_null_control,bsig_793bb0a29a9abfe233b6d670,bsig_f61a89a0172a79f5d96cd71c,0.7673091143833723,True,,
obs_ae30906415b62baef858fb35,obs_93659ee4b3b5fdadf510315f,derived_control,derived_control,generic_graph_operator_control,parameter_matched_null_control,bsig_793bb0a29a9abfe233b6d670,bsig_f61a89a0172a79f5d96cd71c,0.7527273513448236,True,,
obs_ae30906415b62baef858fb35,obs_5a7521167226bbafcd5c6ba8,derived_control,derived_control,generic_graph_operator_control,parameter_matched_null_control,bsig_793bb0a29a9abfe233b6d670,bsig_f61a89a0172a79f5d96cd71c,0.767181148682534,True,,
obs_ae30906415b62baef858fb35,obs_9b1c5f0213d9d0fc1a3fff27,derived_control,derived_control,generic_graph_operator_control,parameter_matched_null_control,bsig_793bb0a29a9abfe233b6d670,bsig_f61a89a0172a79f5d96cd71c,0.7527883567324206,True,,
obs_ae30906415b62baef858fb35,obs_062eb3c1dd90468a63227d7f,derived_control,derived_control,generic_graph_operator_control,parameter_matched_null_control,bsig_793bb0a29a9abfe233b6d670,bsig_f61a89a0172a79f5d96cd71c,0.7653855530753945,True,,
obs_ae30906415b62baef858fb35,obs_e93f92e26db8b9c29005cc9e,derived_control,derived_control,generic_graph_operator_control,parameter_matched_null_control,bsig_793bb0a29a9abfe233b6d670,bsig_f61a89a0172a79f5d96cd71c,0.751087239583331,True,,
obs_2b1c4b4fddba864cb9f9f25f,obs_c21d789f14a613fc6b0083e2,derived_control,target,seed_repeat_control,target,bsig_53d374d66c9dffe0861a6d49,bsig_53d374d66c9dffe0861a6d49,0.0,True,,
obs_2b1c4b4fddba864cb9f9f25f,obs_afd8912a0e32fb71b5407b81,derived_control,frozen_control,seed_repeat_control,periodic_diagonal_augmented_control,bsig_53d374d66c9dffe0861a6d49,bsig_c70af5951ff4d9712678a20b,0.169659056021604,True,,
obs_2b1c4b4fddba864cb9f9f25f,obs_ed1f0ceddbbf708b259ea1a6,derived_control,target,seed_repeat_control,target,bsig_53d374d66c9dffe0861a6d49,bsig_53d374d66c9dffe0861a6d49,0.22764144967890304,True,,
obs_2b1c4b4fddba864cb9f9f25f,obs_46ade388243f3a4581ba4489,derived_control,frozen_control,seed_repeat_control,periodic_diagonal_augmented_control,bsig_53d374d66c9dffe0861a6d49,bsig_c70af5951ff4d9712678a20b,0.27762270090051955,True,,
obs_2b1c4b4fddba864cb9f9f25f,obs_8de73c59341ac382087fba03,derived_control,target,seed_repeat_control,target,bsig_53d374d66c9dffe0861a6d49,bsig_53d374d66c9dffe0861a6d49,0.163224348280706,True,,
obs_2b1c4b4fddba864cb9f9f25f,obs_4b958084812d6435763f9a05,derived_control,frozen_control,seed_repeat_control,periodic_diagonal_augmented_control,bsig_53d374d66c9dffe0861a6d49,bsig_1364358a857deba241e04538,0.2896793542495495,True,,
obs_2b1c4b4fddba864cb9f9f25f,obs_ea0aca853f3046642f451b7d,derived_control,target,seed_repeat_control,target,bsig_53d374d66c9dffe0861a6d49,bsig_53d374d66c9dffe0861a6d49,0.27554929689085833,True,,
obs_2b1c4b4fddba864cb9f9f25f,obs_1163ec91dc845e4ed94d462a,derived_control,frozen_control,seed_repeat_control,periodic_diagonal_augmented_control,bsig_53d374d66c9dffe0861a6d49,bsig_1364358a857deba241e04538,0.32921559803175654,True,,
obs_2b1c4b4fddba864cb9f9f25f,obs_d6eeaa59b08b0f1c4897f8db,derived_control,target,seed_repeat_control,target,bsig_53d374d66c9dffe0861a6d49,bsig_53d374d66c9dffe0861a6d49,0.12830277170135795,True,,
obs_2b1c4b4fddba864cb9f9f25f,obs_86701919f4db014d1d236f54,derived_control,frozen_control,seed_repeat_control,periodic_diagonal_augmented_control,bsig_53d374d66c9dffe0861a6d49,bsig_53d374d66c9dffe0861a6d49,0.1769147182943826,True,,
obs_2b1c4b4fddba864cb9f9f25f,obs_8c347ec96417e5677cdb8ad0,derived_control,target,seed_repeat_control,target,bsig_53d374d66c9dffe0861a6d49,bsig_53d374d66c9dffe0861a6d49,0.2463587841691698,True,,
obs_2b1c4b4fddba864cb9f9f25f,obs_624a249c44d428f10aa73463,derived_control,frozen_control,seed_repeat_control,periodic_diagonal_augmented_control,bsig_53d374d66c9dffe0861a6d49,bsig_53d374d66c9dffe0861a6d49,0.27607780688709616,True,,
obs_2b1c4b4fddba864cb9f9f25f,obs_e43b79a2ef68469ae989ae1e,derived_control,derived_control,seed_repeat_control,shuffled_structure_control,bsig_53d374d66c9dffe0861a6d49,bsig_bb01a7c1d0ca9b191d52310d,0.15793650793650793,True,,
obs_2b1c4b4fddba864cb9f9f25f,obs_c887eb3bf0ab4011d4084e3a,derived_control,derived_control,seed_repeat_control,shuffled_structure_control,bsig_53d374d66c9dffe0861a6d49,bsig_bb01a7c1d0ca9b191d52310d,0.31811764015509353,True,,
obs_2b1c4b4fddba864cb9f9f25f,obs_57e35110e54898bdbe032c98,derived_control,derived_control,seed_repeat_control,shuffled_structure_control,bsig_53d374d66c9dffe0861a6d49,bsig_bb01a7c1d0ca9b191d52310d,0.26163704669340443,True,,
obs_2b1c4b4fddba864cb9f9f25f,obs_2d439625692f7d83d54dd8c5,derived_control,derived_control,seed_repeat_control,shuffled_structure_control,bsig_53d374d66c9dffe0861a6d49,bsig_bb01a7c1d0ca9b191d52310d,0.3660254873670488,True,,
obs_2b1c4b4fddba864cb9f9f25f,obs_ee93d740f305035b42ac22c5,derived_control,derived_control,seed_repeat_control,shuffled_structure_control,bsig_53d374d66c9dffe0861a6d49,bsig_bb01a7c1d0ca9b191d52310d,0.2862392796378659,True,,
obs_2b1c4b4fddba864cb9f9f25f,obs_590502ed80ee4f9526a00243,derived_control,derived_control,seed_repeat_control,shuffled_structure_control,bsig_53d374d66c9dffe0861a6d49,bsig_bb01a7c1d0ca9b191d52310d,0.3368349746453603,True,,
obs_2b1c4b4fddba864cb9f9f25f,obs_cd8cd88cb9618af0705bbf06,derived_control,derived_control,seed_repeat_control,randomized_edge_control,bsig_53d374d66c9dffe0861a6d49,bsig_3b1c1a5f56bb03b20611587b,0.17182539682539683,True,,
obs_2b1c4b4fddba864cb9f9f25f,obs_448f4e11eb5a27dd4f60b644,derived_control,derived_control,seed_repeat_control,randomized_edge_control,bsig_53d374d66c9dffe0861a6d49,bsig_3b1c1a5f56bb03b20611587b,0.3320065290439824,True,,
obs_2b1c4b4fddba864cb9f9f25f,obs_fa7bd1db2d6a1d5f66733a16,derived_control,derived_control,seed_repeat_control,randomized_edge_control,bsig_53d374d66c9dffe0861a6d49,bsig_3b1c1a5f56bb03b20611587b,0.27552593558229327,True,,
obs_2b1c4b4fddba864cb9f9f25f,obs_3f3cbf5fee77e89478120a3b,derived_control,derived_control,seed_repeat_control,randomized_edge_control,bsig_53d374d66c9dffe0861a6d49,bsig_3b1c1a5f56bb03b20611587b,0.3799143762559377,True,,
obs_2b1c4b4fddba864cb9f9f25f,obs_ddbc298f7c4df1aede53d5d6,derived_control,derived_control,seed_repeat_control,randomized_edge_control,bsig_53d374d66c9dffe0861a6d49,bsig_3b1c1a5f56bb03b20611587b,0.3001281685267547,True,,
obs_2b1c4b4fddba864cb9f9f25f,obs_3f2760e857afefe81bf772fe,derived_control,derived_control,seed_repeat_control,randomized_edge_control,bsig_53d374d66c9dffe0861a6d49,bsig_3b1c1a5f56bb03b20611587b,0.3507238635342491,True,,
obs_2b1c4b4fddba864cb9f9f25f,obs_1aa1fc186c905e7ffa16d2d4,derived_control,derived_control,seed_repeat_control,degraded_signal_control,bsig_53d374d66c9dffe0861a6d49,bsig_8527b27b7d47cca4b9594df9,0.3119372450535912,True,,
obs_2b1c4b4fddba864cb9f9f25f,obs_e9c8066d01dd67e1f9d375ef,derived_control,derived_control,seed_repeat_control,degraded_signal_control,bsig_53d374d66c9dffe0861a6d49,bsig_1095c101d561009a130e1133,0.36238568296470997,True,,
obs_2b1c4b4fddba864cb9f9f25f,obs_aabd161899dc613ecf88b1d9,derived_control,derived_control,seed_repeat_control,degraded_signal_control,bsig_53d374d66c9dffe0861a6d49,bsig_5fc2cc8106fba2b64bc8c905,0.3295644401014004,True,,
obs_2b1c4b4fddba864cb9f9f25f,obs_322c862d474a379bd8df7674,derived_control,derived_control,seed_repeat_control,degraded_signal_control,bsig_53d374d66c9dffe0861a6d49,bsig_1095c101d561009a130e1133,0.40057886479257454,True,,
obs_2b1c4b4fddba864cb9f9f25f,obs_4ef6a9c1a3b2d0659064e20b,derived_control,derived_control,seed_repeat_control,degraded_signal_control,bsig_53d374d66c9dffe0861a6d49,bsig_8527b27b7d47cca4b9594df9,0.3376259582326916,True,,
obs_2b1c4b4fddba864cb9f9f25f,obs_7d8b6ee929f2a0a0cf7af8f5,derived_control,derived_control,seed_repeat_control,degraded_signal_control,bsig_53d374d66c9dffe0861a6d49,bsig_1095c101d561009a130e1133,0.36679202870147115,True,,
obs_2b1c4b4fddba864cb9f9f25f,obs_b41d2dded4b9ccd5ecd128d5,derived_control,derived_control,seed_repeat_control,label_permutation_control,bsig_53d374d66c9dffe0861a6d49,bsig_8e7a52f1a727043c61e5d5c2,0.21688034188034186,True,,
obs_2b1c4b4fddba864cb9f9f25f,obs_a3582497f15ead2a2fc1280f,derived_control,derived_control,seed_repeat_control,label_permutation_control,bsig_53d374d66c9dffe0861a6d49,bsig_8e7a52f1a727043c61e5d5c2,0.37706147409892743,True,,
obs_2b1c4b4fddba864cb9f9f25f,obs_f855844ba74f991c9ab0ba6d,derived_control,derived_control,seed_repeat_control,label_permutation_control,bsig_53d374d66c9dffe0861a6d49,bsig_8e7a52f1a727043c61e5d5c2,0.32058088063723833,True,,
obs_2b1c4b4fddba864cb9f9f25f,obs_20877377330b5094380e86df,derived_control,derived_control,seed_repeat_control,label_permutation_control,bsig_53d374d66c9dffe0861a6d49,bsig_8e7a52f1a727043c61e5d5c2,0.4249693213108828,True,,
obs_2b1c4b4fddba864cb9f9f25f,obs_8d92e32fec459dd0746ec799,derived_control,derived_control,seed_repeat_control,label_permutation_control,bsig_53d374d66c9dffe0861a6d49,bsig_8e7a52f1a727043c61e5d5c2,0.3451831135816998,True,,
obs_2b1c4b4fddba864cb9f9f25f,obs_11180e544727ce850ebf3a6a,derived_control,derived_control,seed_repeat_control,label_permutation_control,bsig_53d374d66c9dffe0861a6d49,bsig_8e7a52f1a727043c61e5d5c2,0.3957788085891942,True,,
obs_2b1c4b4fddba864cb9f9f25f,obs_979ad629051487c82499339e,derived_control,derived_control,seed_repeat_control,generic_graph_operator_control,bsig_53d374d66c9dffe0861a6d49,bsig_793bb0a29a9abfe233b6d670,0.3504629629629629,True,,
obs_2b1c4b4fddba864cb9f9f25f,obs_2c0e6630085a94e0f0b4dd07,derived_control,derived_control,seed_repeat_control,generic_graph_operator_control,bsig_53d374d66c9dffe0861a6d49,bsig_793bb0a29a9abfe233b6d670,0.5106440951815485,True,,
obs_2b1c4b4fddba864cb9f9f25f,obs_0033e7ce631563262f7b0bbe,derived_control,derived_control,seed_repeat_control,generic_graph_operator_control,bsig_53d374d66c9dffe0861a6d49,bsig_793bb0a29a9abfe233b6d670,0.41880996636632406,True,,
obs_2b1c4b4fddba864cb9f9f25f,obs_118430be7d682f480e3902ea,derived_control,derived_control,seed_repeat_control,generic_graph_operator_control,bsig_53d374d66c9dffe0861a6d49,bsig_793bb0a29a9abfe233b6d670,0.5231984070399684,True,,
obs_2b1c4b4fddba864cb9f9f25f,obs_8f4c211fcf3841317e300fd0,derived_control,derived_control,seed_repeat_control,generic_graph_operator_control,bsig_53d374d66c9dffe0861a6d49,bsig_793bb0a29a9abfe233b6d670,0.4787657346643209,True,,
obs_2b1c4b4fddba864cb9f9f25f,obs_ae30906415b62baef858fb35,derived_control,derived_control,seed_repeat_control,generic_graph_operator_control,bsig_53d374d66c9dffe0861a6d49,bsig_793bb0a29a9abfe233b6d670,0.5293614296718152,True,,
obs_2b1c4b4fddba864cb9f9f25f,obs_2b1c4b4fddba864cb9f9f25f,derived_control,derived_control,seed_repeat_control,seed_repeat_control,bsig_53d374d66c9dffe0861a6d49,bsig_53d374d66c9dffe0861a6d49,0.0,True,,
obs_2b1c4b4fddba864cb9f9f25f,obs_65dfe5e65cb70d7cb499d482,derived_control,derived_control,seed_repeat_control,seed_repeat_control,bsig_53d374d66c9dffe0861a6d49,bsig_53d374d66c9dffe0861a6d49,0.22764144967890304,True,,
obs_2b1c4b4fddba864cb9f9f25f,obs_f622bfcc3394ff0a255f9f83,derived_control,derived_control,seed_repeat_control,seed_repeat_control,bsig_53d374d66c9dffe0861a6d49,bsig_53d374d66c9dffe0861a6d49,0.163224348280706,True,,
obs_2b1c4b4fddba864cb9f9f25f,obs_57728f48826a986fe1ea83d9,derived_control,derived_control,seed_repeat_control,seed_repeat_control,bsig_53d374d66c9dffe0861a6d49,bsig_53d374d66c9dffe0861a6d49,0.27554929689085833,True,,
obs_2b1c4b4fddba864cb9f9f25f,obs_c740a30388dc20122927f42a,derived_control,derived_control,seed_repeat_control,seed_repeat_control,bsig_53d374d66c9dffe0861a6d49,bsig_53d374d66c9dffe0861a6d49,0.12830277170135795,True,,
obs_2b1c4b4fddba864cb9f9f25f,obs_04fbf535deaa3a11fe4345ca,derived_control,derived_control,seed_repeat_control,seed_repeat_control,bsig_53d374d66c9dffe0861a6d49,bsig_53d374d66c9dffe0861a6d49,0.2463587841691698,True,,
obs_2b1c4b4fddba864cb9f9f25f,obs_d36d9fb3b1f089bbbf821e5c,derived_control,derived_control,seed_repeat_control,parameter_matched_null_control,bsig_53d374d66c9dffe0861a6d49,bsig_f61a89a0172a79f5d96cd71c,0.6057495906130023,True,,
obs_2b1c4b4fddba864cb9f9f25f,obs_93659ee4b3b5fdadf510315f,derived_control,derived_control,seed_repeat_control,parameter_matched_null_control,bsig_53d374d66c9dffe0861a6d49,bsig_f61a89a0172a79f5d96cd71c,0.6235437516107347,True,,
obs_2b1c4b4fddba864cb9f9f25f,obs_5a7521167226bbafcd5c6ba8,derived_control,derived_control,seed_repeat_control,parameter_matched_null_control,bsig_53d374d66c9dffe0861a6d49,bsig_f61a89a0172a79f5d96cd71c,0.6437334506800252,True,,
obs_2b1c4b4fddba864cb9f9f25f,obs_9b1c5f0213d9d0fc1a3fff27,derived_control,derived_control,seed_repeat_control,parameter_matched_null_control,bsig_53d374d66c9dffe0861a6d49,bsig_f61a89a0172a79f5d96cd71c,0.6573073990927236,True,,
obs_2b1c4b4fddba864cb9f9f25f,obs_062eb3c1dd90468a63227d7f,derived_control,derived_control,seed_repeat_control,parameter_matched_null_control,bsig_53d374d66c9dffe0861a6d49,bsig_f61a89a0172a79f5d96cd71c,0.6076731519209801,True,,
obs_2b1c4b4fddba864cb9f9f25f,obs_e93f92e26db8b9c29005cc9e,derived_control,derived_control,seed_repeat_control,parameter_matched_null_control,bsig_53d374d66c9dffe0861a6d49,bsig_f61a89a0172a79f5d96cd71c,0.6219714654130436,True,,
obs_65dfe5e65cb70d7cb499d482,obs_c21d789f14a613fc6b0083e2,derived_control,target,seed_repeat_control,target,bsig_53d374d66c9dffe0861a6d49,bsig_53d374d66c9dffe0861a6d49,0.22764144967890304,True,,
obs_65dfe5e65cb70d7cb499d482,obs_afd8912a0e32fb71b5407b81,derived_control,frozen_control,seed_repeat_control,periodic_diagonal_augmented_control,bsig_53d374d66c9dffe0861a6d49,bsig_c70af5951ff4d9712678a20b,0.291269281008296,True,,
obs_65dfe5e65cb70d7cb499d482,obs_ed1f0ceddbbf708b259ea1a6,derived_control,target,seed_repeat_control,target,bsig_53d374d66c9dffe0861a6d49,bsig_53d374d66c9dffe0861a6d49,0.0,True,,
obs_65dfe5e65cb70d7cb499d482,obs_46ade388243f3a4581ba4489,derived_control,frozen_control,seed_repeat_control,periodic_diagonal_augmented_control,bsig_53d374d66c9dffe0861a6d49,bsig_c70af5951ff4d9712678a20b,0.2025893559245991,True,,
obs_65dfe5e65cb70d7cb499d482,obs_8de73c59341ac382087fba03,derived_control,target,seed_repeat_control,target,bsig_53d374d66c9dffe0861a6d49,bsig_53d374d66c9dffe0861a6d49,0.24211523312765015,True,,
obs_65dfe5e65cb70d7cb499d482,obs_4b958084812d6435763f9a05,derived_control,frozen_control,seed_repeat_control,periodic_diagonal_augmented_control,bsig_53d374d66c9dffe0861a6d49,bsig_1364358a857deba241e04538,0.3868826570390054,True,,
obs_65dfe5e65cb70d7cb499d482,obs_ea0aca853f3046642f451b7d,derived_control,target,seed_repeat_control,target,bsig_53d374d66c9dffe0861a6d49,bsig_53d374d66c9dffe0861a6d49,0.07458395846755046,True,,
obs_65dfe5e65cb70d7cb499d482,obs_1163ec91dc845e4ed94d462a,derived_control,frozen_control,seed_repeat_control,periodic_diagonal_augmented_control,bsig_53d374d66c9dffe0861a6d49,bsig_1364358a857deba241e04538,0.10940322564780473,True,,
obs_65dfe5e65cb70d7cb499d482,obs_d6eeaa59b08b0f1c4897f8db,derived_control,target,seed_repeat_control,target,bsig_53d374d66c9dffe0861a6d49,bsig_53d374d66c9dffe0861a6d49,0.14077201770901243,True,,
obs_65dfe5e65cb70d7cb499d482,obs_86701919f4db014d1d236f54,derived_control,frozen_control,seed_repeat_control,periodic_diagonal_augmented_control,bsig_53d374d66c9dffe0861a6d49,bsig_53d374d66c9dffe0861a6d49,0.2943216060870483,True,,
obs_65dfe5e65cb70d7cb499d482,obs_8c347ec96417e5677cdb8ad0,derived_control,target,seed_repeat_control,target,bsig_53d374d66c9dffe0861a6d49,bsig_53d374d66c9dffe0861a6d49,0.06050525601227224,True,,
obs_65dfe5e65cb70d7cb499d482,obs_624a249c44d428f10aa73463,derived_control,frozen_control,seed_repeat_control,periodic_diagonal_augmented_control,bsig_53d374d66c9dffe0861a6d49,bsig_53d374d66c9dffe0861a6d49,0.06280155484432685,True,,
obs_65dfe5e65cb70d7cb499d482,obs_e43b79a2ef68469ae989ae1e,derived_control,derived_control,seed_repeat_control,shuffled_structure_control,bsig_53d374d66c9dffe0861a6d49,bsig_bb01a7c1d0ca9b191d52310d,0.3272085492460026,True,,
obs_65dfe5e65cb70d7cb499d482,obs_c887eb3bf0ab4011d4084e3a,derived_control,derived_control,seed_repeat_control,shuffled_structure_control,bsig_53d374d66c9dffe0861a6d49,bsig_bb01a7c1d0ca9b191d52310d,0.16702741702741702,True,,
obs_65dfe5e65cb70d7cb499d482,obs_57e35110e54898bdbe032c98,derived_control,derived_control,seed_repeat_control,shuffled_structure_control,bsig_53d374d66c9dffe0861a6d49,bsig_bb01a7c1d0ca9b191d52310d,0.3214803124927295,True,,
obs_65dfe5e65cb70d7cb499d482,obs_2d439625692f7d83d54dd8c5,derived_control,derived_control,seed_repeat_control,shuffled_structure_control,bsig_53d374d66c9dffe0861a6d49,bsig_bb01a7c1d0ca9b191d52310d,0.24161137549496747,True,,
obs_65dfe5e65cb70d7cb499d482,obs_ee93d740f305035b42ac22c5,derived_control,derived_control,seed_repeat_control,shuffled_structure_control,bsig_53d374d66c9dffe0861a6d49,bsig_bb01a7c1d0ca9b191d52310d,0.24033911727611199,True,,
obs_65dfe5e65cb70d7cb499d482,obs_590502ed80ee4f9526a00243,derived_control,derived_control,seed_repeat_control,shuffled_structure_control,bsig_53d374d66c9dffe0861a6d49,bsig_bb01a7c1d0ca9b191d52310d,0.22753267303968924,True,,
obs_65dfe5e65cb70d7cb499d482,obs_cd8cd88cb9618af0705bbf06,derived_control,derived_control,seed_repeat_control,randomized_edge_control,bsig_53d374d66c9dffe0861a6d49,bsig_3b1c1a5f56bb03b20611587b,0.33316093019838355,True,,
obs_65dfe5e65cb70d7cb499d482,obs_448f4e11eb5a27dd4f60b644,derived_control,derived_control,seed_repeat_control,randomized_edge_control,bsig_53d374d66c9dffe0861a6d49,bsig_3b1c1a5f56bb03b20611587b,0.17297979797979796,True,,
obs_65dfe5e65cb70d7cb499d482,obs_fa7bd1db2d6a1d5f66733a16,derived_control,derived_control,seed_repeat_control,randomized_edge_control,bsig_53d374d66c9dffe0861a6d49,bsig_3b1c1a5f56bb03b20611587b,0.32743269344511045,True,,
obs_65dfe5e65cb70d7cb499d482,obs_3f3cbf5fee77e89478120a3b,derived_control,derived_control,seed_repeat_control,randomized_edge_control,bsig_53d374d66c9dffe0861a6d49,bsig_3b1c1a5f56bb03b20611587b,0.24756375644734843,True,,
obs_65dfe5e65cb70d7cb499d482,obs_ddbc298f7c4df1aede53d5d6,derived_control,derived_control,seed_repeat_control,randomized_edge_control,bsig_53d374d66c9dffe0861a6d49,bsig_3b1c1a5f56bb03b20611587b,0.24629149822849292,True,,
obs_65dfe5e65cb70d7cb499d482,obs_3f2760e857afefe81bf772fe,derived_control,derived_control,seed_repeat_control,randomized_edge_control,bsig_53d374d66c9dffe0861a6d49,bsig_3b1c1a5f56bb03b20611587b,0.2334850539920702,True,,
obs_65dfe5e65cb70d7cb499d482,obs_1aa1fc186c905e7ffa16d2d4,derived_control,derived_control,seed_repeat_control,degraded_signal_control,bsig_53d374d66c9dffe0861a6d49,bsig_8527b27b7d47cca4b9594df9,0.43877113251544736,True,,
obs_65dfe5e65cb70d7cb499d482,obs_e9c8066d01dd67e1f9d375ef,derived_control,derived_control,seed_repeat_control,degraded_signal_control,bsig_53d374d66c9dffe0861a6d49,bsig_1095c101d561009a130e1133,0.3119372450535912,True,,
obs_65dfe5e65cb70d7cb499d482,obs_aabd161899dc613ecf88b1d9,derived_control,derived_control,seed_repeat_control,degraded_signal_control,bsig_53d374d66c9dffe0861a6d49,bsig_5fc2cc8106fba2b64bc8c905,0.42993048627190034,True,,
obs_65dfe5e65cb70d7cb499d482,obs_322c862d474a379bd8df7674,derived_control,derived_control,seed_repeat_control,degraded_signal_control,bsig_53d374d66c9dffe0861a6d49,bsig_1095c101d561009a130e1133,0.3762079189407807,True,,
obs_65dfe5e65cb70d7cb499d482,obs_4ef6a9c1a3b2d0659064e20b,derived_control,derived_control,seed_repeat_control,degraded_signal_control,bsig_53d374d66c9dffe0861a6d49,bsig_8527b27b7d47cca4b9594df9,0.33990779756424977,True,,
obs_65dfe5e65cb70d7cb499d482,obs_7d8b6ee929f2a0a0cf7af8f5,derived_control,derived_control,seed_repeat_control,degraded_signal_control,bsig_53d374d66c9dffe0861a6d49,bsig_1095c101d561009a130e1133,0.35752779445829946,True,,
obs_65dfe5e65cb70d7cb499d482,obs_b41d2dded4b9ccd5ecd128d5,derived_control,derived_control,seed_repeat_control,label_permutation_control,bsig_53d374d66c9dffe0861a6d49,bsig_8e7a52f1a727043c61e5d5c2,0.37706147409892743,True,,
obs_65dfe5e65cb70d7cb499d482,obs_a3582497f15ead2a2fc1280f,derived_control,derived_control,seed_repeat_control,label_permutation_control,bsig_53d374d66c9dffe0861a6d49,bsig_8e7a52f1a727043c61e5d5c2,0.21688034188034186,True,,
obs_65dfe5e65cb70d7cb499d482,obs_f855844ba74f991c9ab0ba6d,derived_control,derived_control,seed_repeat_control,label_permutation_control,bsig_53d374d66c9dffe0861a6d49,bsig_8e7a52f1a727043c61e5d5c2,0.3713332373456544,True,,
obs_65dfe5e65cb70d7cb499d482,obs_20877377330b5094380e86df,derived_control,derived_control,seed_repeat_control,label_permutation_control,bsig_53d374d66c9dffe0861a6d49,bsig_8e7a52f1a727043c61e5d5c2,0.29146430034789234,True,,
obs_65dfe5e65cb70d7cb499d482,obs_8d92e32fec459dd0746ec799,derived_control,derived_control,seed_repeat_control,label_permutation_control,bsig_53d374d66c9dffe0861a6d49,bsig_8e7a52f1a727043c61e5d5c2,0.2901920421290368,True,,
obs_65dfe5e65cb70d7cb499d482,obs_11180e544727ce850ebf3a6a,derived_control,derived_control,seed_repeat_control,label_permutation_control,bsig_53d374d66c9dffe0861a6d49,bsig_8e7a52f1a727043c61e5d5c2,0.2773855978926141,True,,
obs_65dfe5e65cb70d7cb499d482,obs_979ad629051487c82499339e,derived_control,derived_control,seed_repeat_control,generic_graph_operator_control,bsig_53d374d66c9dffe0861a6d49,bsig_793bb0a29a9abfe233b6d670,0.5106440951815485,True,,
obs_65dfe5e65cb70d7cb499d482,obs_2c0e6630085a94e0f0b4dd07,derived_control,derived_control,seed_repeat_control,generic_graph_operator_control,bsig_53d374d66c9dffe0861a6d49,bsig_793bb0a29a9abfe233b6d670,0.3504629629629629,True,,
obs_65dfe5e65cb70d7cb499d482,obs_0033e7ce631563262f7b0bbe,derived_control,derived_control,seed_repeat_control,generic_graph_operator_control,bsig_53d374d66c9dffe0861a6d49,bsig_793bb0a29a9abfe233b6d670,0.46956232307474005,True,,
obs_65dfe5e65cb70d7cb499d482,obs_118430be7d682f480e3902ea,derived_control,derived_control,seed_repeat_control,generic_graph_operator_control,bsig_53d374d66c9dffe0861a6d49,bsig_793bb0a29a9abfe233b6d670,0.38969338607697807,True,,
obs_65dfe5e65cb70d7cb499d482,obs_8f4c211fcf3841317e300fd0,derived_control,derived_control,seed_repeat_control,generic_graph_operator_control,bsig_53d374d66c9dffe0861a6d49,bsig_793bb0a29a9abfe233b6d670,0.42377466321165785,True,,
obs_65dfe5e65cb70d7cb499d482,obs_ae30906415b62baef858fb35,derived_control,derived_control,seed_repeat_control,generic_graph_operator_control,bsig_53d374d66c9dffe0861a6d49,bsig_793bb0a29a9abfe233b6d670,0.41096821897523517,True,,
obs_65dfe5e65cb70d7cb499d482,obs_2b1c4b4fddba864cb9f9f25f,derived_control,derived_control,seed_repeat_control,seed_repeat_control,bsig_53d374d66c9dffe0861a6d49,bsig_53d374d66c9dffe0861a6d49,0.22764144967890304,True,,
obs_65dfe5e65cb70d7cb499d482,obs_65dfe5e65cb70d7cb499d482,derived_control,derived_control,seed_repeat_control,seed_repeat_control,bsig_53d374d66c9dffe0861a6d49,bsig_53d374d66c9dffe0861a6d49,0.0,True,,
obs_65dfe5e65cb70d7cb499d482,obs_f622bfcc3394ff0a255f9f83,derived_control,derived_control,seed_repeat_control,seed_repeat_control,bsig_53d374d66c9dffe0861a6d49,bsig_53d374d66c9dffe0861a6d49,0.24211523312765015,True,,
obs_65dfe5e65cb70d7cb499d482,obs_57728f48826a986fe1ea83d9,derived_control,derived_control,seed_repeat_control,seed_repeat_control,bsig_53d374d66c9dffe0861a6d49,bsig_53d374d66c9dffe0861a6d49,0.07458395846755046,True,,
obs_65dfe5e65cb70d7cb499d482,obs_c740a30388dc20122927f42a,derived_control,derived_control,seed_repeat_control,seed_repeat_control,bsig_53d374d66c9dffe0861a6d49,bsig_53d374d66c9dffe0861a6d49,0.14077201770901243,True,,
obs_65dfe5e65cb70d7cb499d482,obs_04fbf535deaa3a11fe4345ca,derived_control,derived_control,seed_repeat_control,seed_repeat_control,bsig_53d374d66c9dffe0861a6d49,bsig_53d374d66c9dffe0861a6d49,0.06050525601227224,True,,
obs_65dfe5e65cb70d7cb499d482,obs_d36d9fb3b1f089bbbf821e5c,derived_control,derived_control,seed_repeat_control,parameter_matched_null_control,bsig_53d374d66c9dffe0861a6d49,bsig_f61a89a0172a79f5d96cd71c,0.6235437516107347,True,,
obs_65dfe5e65cb70d7cb499d482,obs_93659ee4b3b5fdadf510315f,derived_control,derived_control,seed_repeat_control,parameter_matched_null_control,bsig_53d374d66c9dffe0861a6d49,bsig_f61a89a0172a79f5d96cd71c,0.6057495906130023,True,,
obs_65dfe5e65cb70d7cb499d482,obs_5a7521167226bbafcd5c6ba8,derived_control,derived_control,seed_repeat_control,parameter_matched_null_control,bsig_53d374d66c9dffe0861a6d49,bsig_f61a89a0172a79f5d96cd71c,0.656551534580252,True,,
obs_65dfe5e65cb70d7cb499d482,obs_9b1c5f0213d9d0fc1a3fff27,derived_control,derived_control,seed_repeat_control,parameter_matched_null_control,bsig_53d374d66c9dffe0861a6d49,bsig_f61a89a0172a79f5d96cd71c,0.6427256360541749,True,,
obs_65dfe5e65cb70d7cb499d482,obs_062eb3c1dd90468a63227d7f,derived_control,derived_control,seed_repeat_control,parameter_matched_null_control,bsig_53d374d66c9dffe0861a6d49,bsig_f61a89a0172a79f5d96cd71c,0.6216880158665583,True,,
obs_65dfe5e65cb70d7cb499d482,obs_e93f92e26db8b9c29005cc9e,derived_control,derived_control,seed_repeat_control,parameter_matched_null_control,bsig_53d374d66c9dffe0861a6d49,bsig_f61a89a0172a79f5d96cd71c,0.6073897023744949,True,,
obs_f622bfcc3394ff0a255f9f83,obs_c21d789f14a613fc6b0083e2,derived_control,target,seed_repeat_control,target,bsig_53d374d66c9dffe0861a6d49,bsig_53d374d66c9dffe0861a6d49,0.163224348280706,True,,
obs_f622bfcc3394ff0a255f9f83,obs_afd8912a0e32fb71b5407b81,derived_control,frozen_control,seed_repeat_control,periodic_diagonal_augmented_control,bsig_53d374d66c9dffe0861a6d49,bsig_c70af5951ff4d9712678a20b,0.27287488490225387,True,,
obs_f622bfcc3394ff0a255f9f83,obs_ed1f0ceddbbf708b259ea1a6,derived_control,target,seed_repeat_control,target,bsig_53d374d66c9dffe0861a6d49,bsig_53d374d66c9dffe0861a6d49,0.24211523312765015,True,,
obs_f622bfcc3394ff0a255f9f83,obs_46ade388243f3a4581ba4489,derived_control,frozen_control,seed_repeat_control,periodic_diagonal_augmented_control,bsig_53d374d66c9dffe0861a6d49,bsig_c70af5951ff4d9712678a20b,0.26310523734520946,True,,
obs_f622bfcc3394ff0a255f9f83,obs_8de73c59341ac382087fba03,derived_control,target,seed_repeat_control,target,bsig_53d374d66c9dffe0861a6d49,bsig_53d374d66c9dffe0861a6d49,0.0,True,,
obs_f622bfcc3394ff0a255f9f83,obs_4b958084812d6435763f9a05,derived_control,frozen_control,seed_repeat_control,periodic_diagonal_augmented_control,bsig_53d374d66c9dffe0861a6d49,bsig_1364358a857deba241e04538,0.2797172465318439,True,,
obs_f622bfcc3394ff0a255f9f83,obs_ea0aca853f3046642f451b7d,derived_control,target,seed_repeat_control,target,bsig_53d374d66c9dffe0861a6d49,bsig_53d374d66c9dffe0861a6d49,0.21224255885929078,True,,
obs_f622bfcc3394ff0a255f9f83,obs_1163ec91dc845e4ed94d462a,derived_control,frozen_control,seed_repeat_control,periodic_diagonal_augmented_control,bsig_53d374d66c9dffe0861a6d49,bsig_1364358a857deba241e04538,0.26512164228406226,True,,
obs_f622bfcc3394ff0a255f9f83,obs_d6eeaa59b08b0f1c4897f8db,derived_control,target,seed_repeat_control,target,bsig_53d374d66c9dffe0861a6d49,bsig_53d374d66c9dffe0861a6d49,0.17771423106436673,True,,
obs_f622bfcc3394ff0a255f9f83,obs_86701919f4db014d1d236f54,derived_control,frozen_control,seed_repeat_control,periodic_diagonal_augmented_control,bsig_53d374d66c9dffe0861a6d49,bsig_53d374d66c9dffe0861a6d49,0.09248744738531721,True,,
obs_f622bfcc3394ff0a255f9f83,obs_8c347ec96417e5677cdb8ad0,derived_control,target,seed_repeat_control,target,bsig_53d374d66c9dffe0861a6d49,bsig_53d374d66c9dffe0861a6d49,0.26183026165991585,True,,
obs_f622bfcc3394ff0a255f9f83,obs_624a249c44d428f10aa73463,derived_control,frozen_control,seed_repeat_control,periodic_diagonal_augmented_control,bsig_53d374d66c9dffe0861a6d49,bsig_53d374d66c9dffe0861a6d49,0.2123711113758213,True,,
obs_f622bfcc3394ff0a255f9f83,obs_e43b79a2ef68469ae989ae1e,derived_control,derived_control,seed_repeat_control,shuffled_structure_control,bsig_53d374d66c9dffe0861a6d49,bsig_bb01a7c1d0ca9b191d52310d,0.2667597018160595,True,,
obs_f622bfcc3394ff0a255f9f83,obs_c887eb3bf0ab4011d4084e3a,derived_control,derived_control,seed_repeat_control,shuffled_structure_control,bsig_53d374d66c9dffe0861a6d49,bsig_bb01a7c1d0ca9b191d52310d,0.31751205852447556,True,,
obs_f622bfcc3394ff0a255f9f83,obs_57e35110e54898bdbe032c98,derived_control,derived_control,seed_repeat_control,shuffled_structure_control,bsig_53d374d66c9dffe0861a6d49,bsig_bb01a7c1d0ca9b191d52310d,0.16305916305916304,True,,
obs_f622bfcc3394ff0a255f9f83,obs_2d439625692f7d83d54dd8c5,derived_control,derived_control,seed_repeat_control,shuffled_structure_control,bsig_53d374d66c9dffe0861a6d49,bsig_bb01a7c1d0ca9b191d52310d,0.2876393842561161,True,,
obs_f622bfcc3394ff0a255f9f83,obs_ee93d740f305035b42ac22c5,derived_control,derived_control,seed_repeat_control,shuffled_structure_control,bsig_53d374d66c9dffe0861a6d49,bsig_bb01a7c1d0ca9b191d52310d,0.28124958459972027,True,,
obs_f622bfcc3394ff0a255f9f83,obs_590502ed80ee4f9526a00243,derived_control,derived_control,seed_repeat_control,shuffled_structure_control,bsig_53d374d66c9dffe0861a6d49,bsig_bb01a7c1d0ca9b191d52310d,0.33722708705674126,True,,
obs_f622bfcc3394ff0a255f9f83,obs_cd8cd88cb9618af0705bbf06,derived_control,derived_control,seed_repeat_control,randomized_edge_control,bsig_53d374d66c9dffe0861a6d49,bsig_3b1c1a5f56bb03b20611587b,0.2885850986414564,True,,
obs_f622bfcc3394ff0a255f9f83,obs_448f4e11eb5a27dd4f60b644,derived_control,derived_control,seed_repeat_control,randomized_edge_control,bsig_53d374d66c9dffe0861a6d49,bsig_3b1c1a5f56bb03b20611587b,0.33933745534987236,True,,
obs_f622bfcc3394ff0a255f9f83,obs_fa7bd1db2d6a1d5f66733a16,derived_control,derived_control,seed_repeat_control,randomized_edge_control,bsig_53d374d66c9dffe0861a6d49,bsig_3b1c1a5f56bb03b20611587b,0.18488455988455987,True,,
obs_f622bfcc3394ff0a255f9f83,obs_3f3cbf5fee77e89478120a3b,derived_control,derived_control,seed_repeat_control,randomized_edge_control,bsig_53d374d66c9dffe0861a6d49,bsig_3b1c1a5f56bb03b20611587b,0.309464781081513,True,,
obs_f622bfcc3394ff0a255f9f83,obs_ddbc298f7c4df1aede53d5d6,derived_control,derived_control,seed_repeat_control,randomized_edge_control,bsig_53d374d66c9dffe0861a6d49,bsig_3b1c1a5f56bb03b20611587b,0.3030749814251171,True,,
obs_f622bfcc3394ff0a255f9f83,obs_3f2760e857afefe81bf772fe,derived_control,derived_control,seed_repeat_control,randomized_edge_control,bsig_53d374d66c9dffe0861a6d49,bsig_3b1c1a5f56bb03b20611587b,0.35905248388213806,True,,
obs_f622bfcc3394ff0a255f9f83,obs_1aa1fc186c905e7ffa16d2d4,derived_control,derived_control,seed_repeat_control,degraded_signal_control,bsig_53d374d66c9dffe0861a6d49,bsig_8527b27b7d47cca4b9594df9,0.37999860422034054,True,,
obs_f622bfcc3394ff0a255f9f83,obs_e9c8066d01dd67e1f9d375ef,derived_control,derived_control,seed_repeat_control,degraded_signal_control,bsig_53d374d66c9dffe0861a6d49,bsig_1095c101d561009a130e1133,0.4078229493114726,True,,
obs_f622bfcc3394ff0a255f9f83,obs_aabd161899dc613ecf88b1d9,derived_control,derived_control,seed_repeat_control,degraded_signal_control,bsig_53d374d66c9dffe0861a6d49,bsig_5fc2cc8106fba2b64bc8c905,0.31191037822281653,True,,
obs_f622bfcc3394ff0a255f9f83,obs_322c862d474a379bd8df7674,derived_control,derived_control,seed_repeat_control,degraded_signal_control,bsig_53d374d66c9dffe0861a6d49,bsig_1095c101d561009a130e1133,0.3768813169769628,True,,
obs_f622bfcc3394ff0a255f9f83,obs_4ef6a9c1a3b2d0659064e20b,derived_control,derived_control,seed_repeat_control,degraded_signal_control,bsig_53d374d66c9dffe0861a6d49,bsig_8527b27b7d47cca4b9594df9,0.3528159931333234,True,,
obs_f622bfcc3394ff0a255f9f83,obs_7d8b6ee929f2a0a0cf7af8f5,derived_control,derived_control,seed_repeat_control,degraded_signal_control,bsig_53d374d66c9dffe0861a6d49,bsig_1095c101d561009a130e1133,0.414123579120686,True,,
obs_f622bfcc3394ff0a255f9f83,obs_b41d2dded4b9ccd5ecd128d5,derived_control,derived_control,seed_repeat_control,label_permutation_control,bsig_53d374d66c9dffe0861a6d49,bsig_8e7a52f1a727043c61e5d5c2,0.32058088063723833,True,,
obs_f622bfcc3394ff0a255f9f83,obs_a3582497f15ead2a2fc1280f,derived_control,derived_control,seed_repeat_control,label_permutation_control,bsig_53d374d66c9dffe0861a6d49,bsig_8e7a52f1a727043c61e5d5c2,0.3713332373456544,True,,
obs_f622bfcc3394ff0a255f9f83,obs_f855844ba74f991c9ab0ba6d,derived_control,derived_control,seed_repeat_control,label_permutation_control,bsig_53d374d66c9dffe0861a6d49,bsig_8e7a52f1a727043c61e5d5c2,0.21688034188034186,True,,
obs_f622bfcc3394ff0a255f9f83,obs_20877377330b5094380e86df,derived_control,derived_control,seed_repeat_control,label_permutation_control,bsig_53d374d66c9dffe0861a6d49,bsig_8e7a52f1a727043c61e5d5c2,0.341460563077295,True,,
obs_f622bfcc3394ff0a255f9f83,obs_8d92e32fec459dd0746ec799,derived_control,derived_control,seed_repeat_control,label_permutation_control,bsig_53d374d66c9dffe0861a6d49,bsig_8e7a52f1a727043c61e5d5c2,0.3350707634208991,True,,
obs_f622bfcc3394ff0a255f9f83,obs_11180e544727ce850ebf3a6a,derived_control,derived_control,seed_repeat_control,label_permutation_control,bsig_53d374d66c9dffe0861a6d49,bsig_8e7a52f1a727043c61e5d5c2,0.3910482658779201,True,,
obs_f622bfcc3394ff0a255f9f83,obs_979ad629051487c82499339e,derived_control,derived_control,seed_repeat_control,generic_graph_operator_control,bsig_53d374d66c9dffe0861a6d49,bsig_793bb0a29a9abfe233b6d670,0.42049346804982574,True,,
obs_f622bfcc3394ff0a255f9f83,obs_2c0e6630085a94e0f0b4dd07,derived_control,derived_control,seed_repeat_control,generic_graph_operator_control,bsig_53d374d66c9dffe0861a6d49,bsig_793bb0a29a9abfe233b6d670,0.4712458247582418,True,,
obs_f622bfcc3394ff0a255f9f83,obs_0033e7ce631563262f7b0bbe,derived_control,derived_control,seed_repeat_control,generic_graph_operator_control,bsig_53d374d66c9dffe0861a6d49,bsig_793bb0a29a9abfe233b6d670,0.3521464646464646,True,,
obs_f622bfcc3394ff0a255f9f83,obs_118430be7d682f480e3902ea,derived_control,derived_control,seed_repeat_control,generic_graph_operator_control,bsig_53d374d66c9dffe0861a6d49,bsig_793bb0a29a9abfe233b6d670,0.4767266858434177,True,,
obs_f622bfcc3394ff0a255f9f83,obs_8f4c211fcf3841317e300fd0,derived_control,derived_control,seed_repeat_control,generic_graph_operator_control,bsig_53d374d66c9dffe0861a6d49,bsig_793bb0a29a9abfe233b6d670,0.4349833508334865,True,,
obs_f622bfcc3394ff0a255f9f83,obs_ae30906415b62baef858fb35,derived_control,derived_control,seed_repeat_control,generic_graph_operator_control,bsig_53d374d66c9dffe0861a6d49,bsig_793bb0a29a9abfe233b6d670,0.4909608532905075,True,,
obs_f622bfcc3394ff0a255f9f83,obs_2b1c4b4fddba864cb9f9f25f,derived_control,derived_control,seed_repeat_control,seed_repeat_control,bsig_53d374d66c9dffe0861a6d49,bsig_53d374d66c9dffe0861a6d49,0.163224348280706,True,,
obs_f622bfcc3394ff0a255f9f83,obs_65dfe5e65cb70d7cb499d482,derived_control,derived_control,seed_repeat_control,seed_repeat_control,bsig_53d374d66c9dffe0861a6d49,bsig_53d374d66c9dffe0861a6d49,0.24211523312765015,True,,
obs_f622bfcc3394ff0a255f9f83,obs_f622bfcc3394ff0a255f9f83,derived_control,derived_control,seed_repeat_control,seed_repeat_control,bsig_53d374d66c9dffe0861a6d49,bsig_53d374d66c9dffe0861a6d49,0.0,True,,
obs_f622bfcc3394ff0a255f9f83,obs_57728f48826a986fe1ea83d9,derived_control,derived_control,seed_repeat_control,seed_repeat_control,bsig_53d374d66c9dffe0861a6d49,bsig_53d374d66c9dffe0861a6d49,0.21224255885929078,True,,
obs_f622bfcc3394ff0a255f9f83,obs_c740a30388dc20122927f42a,derived_control,derived_control,seed_repeat_control,seed_repeat_control,bsig_53d374d66c9dffe0861a6d49,bsig_53d374d66c9dffe0861a6d49,0.17771423106436673,True,,
obs_f622bfcc3394ff0a255f9f83,obs_04fbf535deaa3a11fe4345ca,derived_control,derived_control,seed_repeat_control,seed_repeat_control,bsig_53d374d66c9dffe0861a6d49,bsig_53d374d66c9dffe0861a6d49,0.26183026165991585,True,,
obs_f622bfcc3394ff0a255f9f83,obs_d36d9fb3b1f089bbbf821e5c,derived_control,derived_control,seed_repeat_control,parameter_matched_null_control,bsig_53d374d66c9dffe0861a6d49,bsig_f61a89a0172a79f5d96cd71c,0.6437177125936294,True,,
obs_f622bfcc3394ff0a255f9f83,obs_93659ee4b3b5fdadf510315f,derived_control,derived_control,seed_repeat_control,parameter_matched_null_control,bsig_53d374d66c9dffe0861a6d49,bsig_f61a89a0172a79f5d96cd71c,0.6565357964938562,True,,
obs_f622bfcc3394ff0a255f9f83,obs_5a7521167226bbafcd5c6ba8,derived_control,derived_control,seed_repeat_control,parameter_matched_null_control,bsig_53d374d66c9dffe0861a6d49,bsig_f61a89a0172a79f5d96cd71c,0.6057338525266064,True,,
obs_f622bfcc3394ff0a255f9f83,obs_9b1c5f0213d9d0fc1a3fff27,derived_control,derived_control,seed_repeat_control,parameter_matched_null_control,bsig_53d374d66c9dffe0861a6d49,bsig_f61a89a0172a79f5d96cd71c,0.6201266444767198,True,,
obs_f622bfcc3394ff0a255f9f83,obs_062eb3c1dd90468a63227d7f,derived_control,derived_control,seed_repeat_control,parameter_matched_null_control,bsig_53d374d66c9dffe0861a6d49,bsig_f61a89a0172a79f5d96cd71c,0.6425852244341651,True,,
obs_f622bfcc3394ff0a255f9f83,obs_e93f92e26db8b9c29005cc9e,derived_control,derived_control,seed_repeat_control,parameter_matched_null_control,bsig_53d374d66c9dffe0861a6d49,bsig_f61a89a0172a79f5d96cd71c,0.6554977952958431,True,,
obs_57728f48826a986fe1ea83d9,obs_c21d789f14a613fc6b0083e2,derived_control,target,seed_repeat_control,target,bsig_53d374d66c9dffe0861a6d49,bsig_53d374d66c9dffe0861a6d49,0.27554929689085833,True,,
obs_57728f48826a986fe1ea83d9,obs_afd8912a0e32fb71b5407b81,derived_control,frozen_control,seed_repeat_control,periodic_diagonal_augmented_control,bsig_53d374d66c9dffe0861a6d49,bsig_c70af5951ff4d9712678a20b,0.3289572450152436,True,,
obs_57728f48826a986fe1ea83d9,obs_ed1f0ceddbbf708b259ea1a6,derived_control,target,seed_repeat_control,target,bsig_53d374d66c9dffe0861a6d49,bsig_53d374d66c9dffe0861a6d49,0.07458395846755046,True,,
obs_57728f48826a986fe1ea83d9,obs_46ade388243f3a4581ba4489,derived_control,frozen_control,seed_repeat_control,periodic_diagonal_augmented_control,bsig_53d374d66c9dffe0861a6d49,bsig_c70af5951ff4d9712678a20b,0.25784932108967484,True,,
obs_57728f48826a986fe1ea83d9,obs_8de73c59341ac382087fba03,derived_control,target,seed_repeat_control,target,bsig_53d374d66c9dffe0861a6d49,bsig_53d374d66c9dffe0861a6d49,0.21224255885929078,True,,
obs_57728f48826a986fe1ea83d9,obs_4b958084812d6435763f9a05,derived_control,frozen_control,seed_repeat_control,periodic_diagonal_augmented_control,bsig_53d374d66c9dffe0861a6d49,bsig_1364358a857deba241e04538,0.3425166642893833,True,,
obs_57728f48826a986fe1ea83d9,obs_ea0aca853f3046642f451b7d,derived_control,target,seed_repeat_control,target,bsig_53d374d66c9dffe0861a6d49,bsig_53d374d66c9dffe0861a6d49,0.0,True,,
obs_57728f48826a986fe1ea83d9,obs_1163ec91dc845e4ed94d462a,derived_control,frozen_control,seed_repeat_control,periodic_diagonal_augmented_control,bsig_53d374d66c9dffe0861a6d49,bsig_1364358a857deba241e04538,0.10459044008985814,True,,
obs_57728f48826a986fe1ea83d9,obs_d6eeaa59b08b0f1c4897f8db,derived_control,target,seed_repeat_control,target,bsig_53d374d66c9dffe0861a6d49,bsig_53d374d66c9dffe0861a6d49,0.20401360581138914,True,,
obs_57728f48826a986fe1ea83d9,obs_86701919f4db014d1d236f54,derived_control,frozen_control,seed_repeat_control,periodic_diagonal_augmented_control,bsig_53d374d66c9dffe0861a6d49,bsig_53d374d66c9dffe0861a6d49,0.2598509585898132,True,,
obs_57728f48826a986fe1ea83d9,obs_8c347ec96417e5677cdb8ad0,derived_control,target,seed_repeat_control,target,bsig_53d374d66c9dffe0861a6d49,bsig_53d374d66c9dffe0861a6d49,0.08077856101034808,True,,
obs_57728f48826a986fe1ea83d9,obs_624a249c44d428f10aa73463,derived_control,frozen_control,seed_repeat_control,periodic_diagonal_augmented_control,bsig_53d374d66c9dffe0861a6d49,bsig_53d374d66c9dffe0861a6d49,0.01872860887619924,True,,
obs_57728f48826a986fe1ea83d9,obs_e43b79a2ef68469ae989ae1e,derived_control,derived_control,seed_repeat_control,shuffled_structure_control,bsig_53d374d66c9dffe0861a6d49,bsig_bb01a7c1d0ca9b191d52310d,0.3751163964579579,True,,
obs_57728f48826a986fe1ea83d9,obs_c887eb3bf0ab4011d4084e3a,derived_control,derived_control,seed_repeat_control,shuffled_structure_control,bsig_53d374d66c9dffe0861a6d49,bsig_bb01a7c1d0ca9b191d52310d,0.24161137549496747,True,,
obs_57728f48826a986fe1ea83d9,obs_57e35110e54898bdbe032c98,derived_control,derived_control,seed_repeat_control,shuffled_structure_control,bsig_53d374d66c9dffe0861a6d49,bsig_bb01a7c1d0ca9b191d52310d,0.29160763822437014,True,,
obs_57728f48826a986fe1ea83d9,obs_2d439625692f7d83d54dd8c5,derived_control,derived_control,seed_repeat_control,shuffled_structure_control,bsig_53d374d66c9dffe0861a6d49,bsig_bb01a7c1d0ca9b191d52310d,0.16702741702741702,True,,
obs_57728f48826a986fe1ea83d9,obs_ee93d740f305035b42ac22c5,derived_control,derived_control,seed_repeat_control,shuffled_structure_control,bsig_53d374d66c9dffe0861a6d49,bsig_bb01a7c1d0ca9b191d52310d,0.3035807053784887,True,,
obs_57728f48826a986fe1ea83d9,obs_590502ed80ee4f9526a00243,derived_control,derived_control,seed_repeat_control,shuffled_structure_control,bsig_53d374d66c9dffe0861a6d49,bsig_bb01a7c1d0ca9b191d52310d,0.2478059780377651,True,,
obs_57728f48826a986fe1ea83d9,obs_cd8cd88cb9618af0705bbf06,derived_control,derived_control,seed_repeat_control,randomized_edge_control,bsig_53d374d66c9dffe0861a6d49,bsig_3b1c1a5f56bb03b20611587b,0.38106877741033884,True,,
obs_57728f48826a986fe1ea83d9,obs_448f4e11eb5a27dd4f60b644,derived_control,derived_control,seed_repeat_control,randomized_edge_control,bsig_53d374d66c9dffe0861a6d49,bsig_3b1c1a5f56bb03b20611587b,0.24756375644734843,True,,
obs_57728f48826a986fe1ea83d9,obs_fa7bd1db2d6a1d5f66733a16,derived_control,derived_control,seed_repeat_control,randomized_edge_control,bsig_53d374d66c9dffe0861a6d49,bsig_3b1c1a5f56bb03b20611587b,0.29756001917675107,True,,
obs_57728f48826a986fe1ea83d9,obs_3f3cbf5fee77e89478120a3b,derived_control,derived_control,seed_repeat_control,randomized_edge_control,bsig_53d374d66c9dffe0861a6d49,bsig_3b1c1a5f56bb03b20611587b,0.17297979797979796,True,,
obs_57728f48826a986fe1ea83d9,obs_ddbc298f7c4df1aede53d5d6,derived_control,derived_control,seed_repeat_control,randomized_edge_control,bsig_53d374d66c9dffe0861a6d49,bsig_3b1c1a5f56bb03b20611587b,0.3095330863308697,True,,
obs_57728f48826a986fe1ea83d9,obs_3f2760e857afefe81bf772fe,derived_control,derived_control,seed_repeat_control,randomized_edge_control,bsig_53d374d66c9dffe0861a6d49,bsig_3b1c1a5f56bb03b20611587b,0.25375835899014604,True,,
obs_57728f48826a986fe1ea83d9,obs_1aa1fc186c905e7ffa16d2d4,derived_control,derived_control,seed_repeat_control,degraded_signal_control,bsig_53d374d66c9dffe0861a6d49,bsig_8527b27b7d47cca4b9594df9,0.47828150902389066,True,,
obs_57728f48826a986fe1ea83d9,obs_e9c8066d01dd67e1f9d375ef,derived_control,derived_control,seed_repeat_control,degraded_signal_control,bsig_53d374d66c9dffe0861a6d49,bsig_1095c101d561009a130e1133,0.37714352894918557,True,,
obs_57728f48826a986fe1ea83d9,obs_aabd161899dc613ecf88b1d9,derived_control,derived_control,seed_repeat_control,degraded_signal_control,bsig_53d374d66c9dffe0861a6d49,bsig_5fc2cc8106fba2b64bc8c905,0.40009234762275847,True,,
obs_57728f48826a986fe1ea83d9,obs_322c862d474a379bd8df7674,derived_control,derived_control,seed_repeat_control,degraded_signal_control,bsig_53d374d66c9dffe0861a6d49,bsig_1095c101d561009a130e1133,0.31191037822281653,True,,
obs_57728f48826a986fe1ea83d9,obs_4ef6a9c1a3b2d0659064e20b,derived_control,derived_control,seed_repeat_control,degraded_signal_control,bsig_53d374d66c9dffe0861a6d49,bsig_8527b27b7d47cca4b9594df9,0.394687782216265,True,,
obs_57728f48826a986fe1ea83d9,obs_7d8b6ee929f2a0a0cf7af8f5,derived_control,derived_control,seed_repeat_control,degraded_signal_control,bsig_53d374d66c9dffe0861a6d49,bsig_1095c101d561009a130e1133,0.3797831957876603,True,,
obs_57728f48826a986fe1ea83d9,obs_b41d2dded4b9ccd5ecd128d5,derived_control,derived_control,seed_repeat_control,label_permutation_control,bsig_53d374d66c9dffe0861a6d49,bsig_8e7a52f1a727043c61e5d5c2,0.4249693213108828,True,,
obs_57728f48826a986fe1ea83d9,obs_a3582497f15ead2a2fc1280f,derived_control,derived_control,seed_repeat_control,label_permutation_control,bsig_53d374d66c9dffe0861a6d49,bsig_8e7a52f1a727043c61e5d5c2,0.29146430034789234,True,,
obs_57728f48826a986fe1ea83d9,obs_f855844ba74f991c9ab0ba6d,derived_control,derived_control,seed_repeat_control,label_permutation_control,bsig_53d374d66c9dffe0861a6d49,bsig_8e7a52f1a727043c61e5d5c2,0.341460563077295,True,,
obs_57728f48826a986fe1ea83d9,obs_20877377330b5094380e86df,derived_control,derived_control,seed_repeat_control,label_permutation_control,bsig_53d374d66c9dffe0861a6d49,bsig_8e7a52f1a727043c61e5d5c2,0.21688034188034186,True,,
obs_57728f48826a986fe1ea83d9,obs_8d92e32fec459dd0746ec799,derived_control,derived_control,seed_repeat_control,label_permutation_control,bsig_53d374d66c9dffe0861a6d49,bsig_8e7a52f1a727043c61e5d5c2,0.35343363023141355,True,,
obs_57728f48826a986fe1ea83d9,obs_11180e544727ce850ebf3a6a,derived_control,derived_control,seed_repeat_control,label_permutation_control,bsig_53d374d66c9dffe0861a6d49,bsig_8e7a52f1a727043c61e5d5c2,0.29765890289068997,True,,
obs_57728f48826a986fe1ea83d9,obs_979ad629051487c82499339e,derived_control,derived_control,seed_repeat_control,generic_graph_operator_control,bsig_53d374d66c9dffe0861a6d49,bsig_793bb0a29a9abfe233b6d670,0.5248819087234702,True,,
obs_57728f48826a986fe1ea83d9,obs_2c0e6630085a94e0f0b4dd07,derived_control,derived_control,seed_repeat_control,generic_graph_operator_control,bsig_53d374d66c9dffe0861a6d49,bsig_793bb0a29a9abfe233b6d670,0.39137688776047974,True,,
obs_57728f48826a986fe1ea83d9,obs_0033e7ce631563262f7b0bbe,derived_control,derived_control,seed_repeat_control,generic_graph_operator_control,bsig_53d374d66c9dffe0861a6d49,bsig_793bb0a29a9abfe233b6d670,0.4767266858434177,True,,
obs_57728f48826a986fe1ea83d9,obs_118430be7d682f480e3902ea,derived_control,derived_control,seed_repeat_control,generic_graph_operator_control,bsig_53d374d66c9dffe0861a6d49,bsig_793bb0a29a9abfe233b6d670,0.3521464646464646,True,,
obs_57728f48826a986fe1ea83d9,obs_8f4c211fcf3841317e300fd0,derived_control,derived_control,seed_repeat_control,generic_graph_operator_control,bsig_53d374d66c9dffe0861a6d49,bsig_793bb0a29a9abfe233b6d670,0.45334621764400096,True,,
obs_57728f48826a986fe1ea83d9,obs_ae30906415b62baef858fb35,derived_control,derived_control,seed_repeat_control,generic_graph_operator_control,bsig_53d374d66c9dffe0861a6d49,bsig_793bb0a29a9abfe233b6d670,0.3975714903032774,True,,
obs_57728f48826a986fe1ea83d9,obs_2b1c4b4fddba864cb9f9f25f,derived_control,derived_control,seed_repeat_control,seed_repeat_control,bsig_53d374d66c9dffe0861a6d49,bsig_53d374d66c9dffe0861a6d49,0.27554929689085833,True,,
obs_57728f48826a986fe1ea83d9,obs_65dfe5e65cb70d7cb499d482,derived_control,derived_control,seed_repeat_control,seed_repeat_control,bsig_53d374d66c9dffe0861a6d49,bsig_53d374d66c9dffe0861a6d49,0.07458395846755046,True,,
obs_57728f48826a986fe1ea83d9,obs_f622bfcc3394ff0a255f9f83,derived_control,derived_control,seed_repeat_control,seed_repeat_control,bsig_53d374d66c9dffe0861a6d49,bsig_53d374d66c9dffe0861a6d49,0.21224255885929078,True,,
obs_57728f48826a986fe1ea83d9,obs_57728f48826a986fe1ea83d9,derived_control,derived_control,seed_repeat_control,seed_repeat_control,bsig_53d374d66c9dffe0861a6d49,bsig_53d374d66c9dffe0861a6d49,0.0,True,,
obs_57728f48826a986fe1ea83d9,obs_c740a30388dc20122927f42a,derived_control,derived_control,seed_repeat_control,seed_repeat_control,bsig_53d374d66c9dffe0861a6d49,bsig_53d374d66c9dffe0861a6d49,0.20401360581138914,True,,
obs_57728f48826a986fe1ea83d9,obs_04fbf535deaa3a11fe4345ca,derived_control,derived_control,seed_repeat_control,seed_repeat_control,bsig_53d374d66c9dffe0861a6d49,bsig_53d374d66c9dffe0861a6d49,0.08077856101034808,True,,
obs_57728f48826a986fe1ea83d9,obs_d36d9fb3b1f089bbbf821e5c,derived_control,derived_control,seed_repeat_control,parameter_matched_null_control,bsig_53d374d66c9dffe0861a6d49,bsig_f61a89a0172a79f5d96cd71c,0.6572916610063279,True,,
obs_57728f48826a986fe1ea83d9,obs_93659ee4b3b5fdadf510315f,derived_control,derived_control,seed_repeat_control,parameter_matched_null_control,bsig_53d374d66c9dffe0861a6d49,bsig_f61a89a0172a79f5d96cd71c,0.6427098979677791,True,,
obs_57728f48826a986fe1ea83d9,obs_5a7521167226bbafcd5c6ba8,derived_control,derived_control,seed_repeat_control,parameter_matched_null_control,bsig_53d374d66c9dffe0861a6d49,bsig_f61a89a0172a79f5d96cd71c,0.6201266444767198,True,,
obs_57728f48826a986fe1ea83d9,obs_9b1c5f0213d9d0fc1a3fff27,derived_control,derived_control,seed_repeat_control,parameter_matched_null_control,bsig_53d374d66c9dffe0861a6d49,bsig_f61a89a0172a79f5d96cd71c,0.6057338525266064,True,,
obs_57728f48826a986fe1ea83d9,obs_062eb3c1dd90468a63227d7f,derived_control,derived_control,seed_repeat_control,parameter_matched_null_control,bsig_53d374d66c9dffe0861a6d49,bsig_f61a89a0172a79f5d96cd71c,0.6554033168377932,True,,
obs_57728f48826a986fe1ea83d9,obs_e93f92e26db8b9c29005cc9e,derived_control,derived_control,seed_repeat_control,parameter_matched_null_control,bsig_53d374d66c9dffe0861a6d49,bsig_f61a89a0172a79f5d96cd71c,0.6411050033457297,True,,
obs_c740a30388dc20122927f42a,obs_c21d789f14a613fc6b0083e2,derived_control,target,seed_repeat_control,target,bsig_53d374d66c9dffe0861a6d49,bsig_53d374d66c9dffe0861a6d49,0.12830277170135795,True,,
obs_c740a30388dc20122927f42a,obs_afd8912a0e32fb71b5407b81,derived_control,frozen_control,seed_repeat_control,periodic_diagonal_augmented_control,bsig_53d374d66c9dffe0861a6d49,bsig_c70af5951ff4d9712678a20b,0.202989748428518,True,,
obs_c740a30388dc20122927f42a,obs_ed1f0ceddbbf708b259ea1a6,derived_control,target,seed_repeat_control,target,bsig_53d374d66c9dffe0861a6d49,bsig_53d374d66c9dffe0861a6d49,0.14077201770901243,True,,
obs_c740a30388dc20122927f42a,obs_46ade388243f3a4581ba4489,derived_control,frozen_control,seed_repeat_control,periodic_diagonal_augmented_control,bsig_53d374d66c9dffe0861a6d49,bsig_c70af5951ff4d9712678a20b,0.22421938439812295,True,,
obs_c740a30388dc20122927f42a,obs_8de73c59341ac382087fba03,derived_control,target,seed_repeat_control,target,bsig_53d374d66c9dffe0861a6d49,bsig_53d374d66c9dffe0861a6d49,0.17771423106436673,True,,
obs_c740a30388dc20122927f42a,obs_4b958084812d6435763f9a05,derived_control,frozen_control,seed_repeat_control,periodic_diagonal_augmented_control,bsig_53d374d66c9dffe0861a6d49,bsig_1364358a857deba241e04538,0.3165058491590823,True,,
obs_c740a30388dc20122927f42a,obs_ea0aca853f3046642f451b7d,derived_control,target,seed_repeat_control,target,bsig_53d374d66c9dffe0861a6d49,bsig_53d374d66c9dffe0861a6d49,0.20401360581138914,True,,
obs_c740a30388dc20122927f42a,obs_1163ec91dc845e4ed94d462a,derived_control,frozen_control,seed_repeat_control,periodic_diagonal_augmented_control,bsig_53d374d66c9dffe0861a6d49,bsig_1364358a857deba241e04538,0.24484352866956538,True,,
obs_c740a30388dc20122927f42a,obs_d6eeaa59b08b0f1c4897f8db,derived_control,target,seed_repeat_control,target,bsig_53d374d66c9dffe0861a6d49,bsig_53d374d66c9dffe0861a6d49,0.0,True,,
obs_c740a30388dc20122927f42a,obs_86701919f4db014d1d236f54,derived_control,frozen_control,seed_repeat_control,periodic_diagonal_augmented_control,bsig_53d374d66c9dffe0861a6d49,bsig_53d374d66c9dffe0861a6d49,0.23748935681290387,True,,
obs_c740a30388dc20122927f42a,obs_8c347ec96417e5677cdb8ad0,derived_control,target,seed_repeat_control,target,bsig_53d374d66c9dffe0861a6d49,bsig_53d374d66c9dffe0861a6d49,0.18932738134652308,True,,
obs_c740a30388dc20122927f42a,obs_624a249c44d428f10aa73463,derived_control,frozen_control,seed_repeat_control,periodic_diagonal_augmented_control,bsig_53d374d66c9dffe0861a6d49,bsig_53d374d66c9dffe0861a6d49,0.19965777960446363,True,,
obs_c740a30388dc20122927f42a,obs_e43b79a2ef68469ae989ae1e,derived_control,derived_control,seed_repeat_control,shuffled_structure_control,bsig_53d374d66c9dffe0861a6d49,bsig_bb01a7c1d0ca9b191d52310d,0.2862392796378659,True,,
obs_c740a30388dc20122927f42a,obs_c887eb3bf0ab4011d4084e3a,derived_control,derived_control,seed_repeat_control,shuffled_structure_control,bsig_53d374d66c9dffe0861a6d49,bsig_bb01a7c1d0ca9b191d52310d,0.2312482081852029,True,,
obs_c740a30388dc20122927f42a,obs_57e35110e54898bdbe032c98,derived_control,derived_control,seed_repeat_control,shuffled_structure_control,bsig_53d374d66c9dffe0861a6d49,bsig_bb01a7c1d0ca9b191d52310d,0.27612692947706513,True,,
obs_c740a30388dc20122927f42a,obs_2d439625692f7d83d54dd8c5,derived_control,derived_control,seed_repeat_control,shuffled_structure_control,bsig_53d374d66c9dffe0861a6d49,bsig_bb01a7c1d0ca9b191d52310d,0.2944897962875796,True,,
obs_c740a30388dc20122927f42a,obs_ee93d740f305035b42ac22c5,derived_control,derived_control,seed_repeat_control,shuffled_structure_control,bsig_53d374d66c9dffe0861a6d49,bsig_bb01a7c1d0ca9b191d52310d,0.15793650793650793,True,,
obs_c740a30388dc20122927f42a,obs_590502ed80ee4f9526a00243,derived_control,derived_control,seed_repeat_control,shuffled_structure_control,bsig_53d374d66c9dffe0861a6d49,bsig_bb01a7c1d0ca9b191d52310d,0.27980357182271354,True,,
obs_c740a30388dc20122927f42a,obs_cd8cd88cb9618af0705bbf06,derived_control,derived_control,seed_repeat_control,randomized_edge_control,bsig_53d374d66c9dffe0861a6d49,bsig_3b1c1a5f56bb03b20611587b,0.3001281685267547,True,,
obs_c740a30388dc20122927f42a,obs_448f4e11eb5a27dd4f60b644,derived_control,derived_control,seed_repeat_control,randomized_edge_control,bsig_53d374d66c9dffe0861a6d49,bsig_3b1c1a5f56bb03b20611587b,0.2451370970740918,True,,
obs_c740a30388dc20122927f42a,obs_fa7bd1db2d6a1d5f66733a16,derived_control,derived_control,seed_repeat_control,randomized_edge_control,bsig_53d374d66c9dffe0861a6d49,bsig_3b1c1a5f56bb03b20611587b,0.290015818365954,True,,
obs_c740a30388dc20122927f42a,obs_3f3cbf5fee77e89478120a3b,derived_control,derived_control,seed_repeat_control,randomized_edge_control,bsig_53d374d66c9dffe0861a6d49,bsig_3b1c1a5f56bb03b20611587b,0.3083786851764685,True,,
obs_c740a30388dc20122927f42a,obs_ddbc298f7c4df1aede53d5d6,derived_control,derived_control,seed_repeat_control,randomized_edge_control,bsig_53d374d66c9dffe0861a6d49,bsig_3b1c1a5f56bb03b20611587b,0.17182539682539683,True,,
obs_c740a30388dc20122927f42a,obs_3f2760e857afefe81bf772fe,derived_control,derived_control,seed_repeat_control,randomized_edge_control,bsig_53d374d66c9dffe0861a6d49,bsig_3b1c1a5f56bb03b20611587b,0.29369246071160243,True,,
obs_c740a30388dc20122927f42a,obs_1aa1fc186c905e7ffa16d2d4,derived_control,derived_control,seed_repeat_control,degraded_signal_control,bsig_53d374d66c9dffe0861a6d49,bsig_8527b27b7d47cca4b9594df9,0.40445006583146575,True,,
obs_c740a30388dc20122927f42a,obs_e9c8066d01dd67e1f9d375ef,derived_control,derived_control,seed_repeat_control,degraded_signal_control,bsig_53d374d66c9dffe0861a6d49,bsig_1095c101d561009a130e1133,0.36680978046357493,True,,
obs_c740a30388dc20122927f42a,obs_aabd161899dc613ecf88b1d9,derived_control,derived_control,seed_repeat_control,degraded_signal_control,bsig_53d374d66c9dffe0861a6d49,bsig_5fc2cc8106fba2b64bc8c905,0.4010843409573158,True,,
obs_c740a30388dc20122927f42a,obs_322c862d474a379bd8df7674,derived_control,derived_control,seed_repeat_control,degraded_signal_control,bsig_53d374d66c9dffe0861a6d49,bsig_1095c101d561009a130e1133,0.4206650195433513,True,,
obs_c740a30388dc20122927f42a,obs_4ef6a9c1a3b2d0659064e20b,derived_control,derived_control,seed_repeat_control,degraded_signal_control,bsig_53d374d66c9dffe0861a6d49,bsig_8527b27b7d47cca4b9594df9,0.31188212365230833,True,,
obs_c740a30388dc20122927f42a,obs_7d8b6ee929f2a0a0cf7af8f5,derived_control,derived_control,seed_repeat_control,degraded_signal_control,bsig_53d374d66c9dffe0861a6d49,bsig_1095c101d561009a130e1133,0.40234104418091104,True,,
obs_c740a30388dc20122927f42a,obs_b41d2dded4b9ccd5ecd128d5,derived_control,derived_control,seed_repeat_control,label_permutation_control,bsig_53d374d66c9dffe0861a6d49,bsig_8e7a52f1a727043c61e5d5c2,0.3451831135816998,True,,
obs_c740a30388dc20122927f42a,obs_a3582497f15ead2a2fc1280f,derived_control,derived_control,seed_repeat_control,label_permutation_control,bsig_53d374d66c9dffe0861a6d49,bsig_8e7a52f1a727043c61e5d5c2,0.2901920421290368,True,,
obs_c740a30388dc20122927f42a,obs_f855844ba74f991c9ab0ba6d,derived_control,derived_control,seed_repeat_control,label_permutation_control,bsig_53d374d66c9dffe0861a6d49,bsig_8e7a52f1a727043c61e5d5c2,0.3350707634208991,True,,
obs_c740a30388dc20122927f42a,obs_20877377330b5094380e86df,derived_control,derived_control,seed_repeat_control,label_permutation_control,bsig_53d374d66c9dffe0861a6d49,bsig_8e7a52f1a727043c61e5d5c2,0.35343363023141355,True,,
obs_c740a30388dc20122927f42a,obs_8d92e32fec459dd0746ec799,derived_control,derived_control,seed_repeat_control,label_permutation_control,bsig_53d374d66c9dffe0861a6d49,bsig_8e7a52f1a727043c61e5d5c2,0.21688034188034186,True,,
obs_c740a30388dc20122927f42a,obs_11180e544727ce850ebf3a6a,derived_control,derived_control,seed_repeat_control,label_permutation_control,bsig_53d374d66c9dffe0861a6d49,bsig_8e7a52f1a727043c61e5d5c2,0.3387474057665475,True,,
obs_c740a30388dc20122927f42a,obs_979ad629051487c82499339e,derived_control,derived_control,seed_repeat_control,generic_graph_operator_control,bsig_53d374d66c9dffe0861a6d49,bsig_793bb0a29a9abfe233b6d670,0.4787657346643209,True,,
obs_c740a30388dc20122927f42a,obs_2c0e6630085a94e0f0b4dd07,derived_control,derived_control,seed_repeat_control,generic_graph_operator_control,bsig_53d374d66c9dffe0861a6d49,bsig_793bb0a29a9abfe233b6d670,0.42377466321165785,True,,
obs_c740a30388dc20122927f42a,obs_0033e7ce631563262f7b0bbe,derived_control,derived_control,seed_repeat_control,generic_graph_operator_control,bsig_53d374d66c9dffe0861a6d49,bsig_793bb0a29a9abfe233b6d670,0.4332998491499848,True,,
obs_c740a30388dc20122927f42a,obs_118430be7d682f480e3902ea,derived_control,derived_control,seed_repeat_control,generic_graph_operator_control,bsig_53d374d66c9dffe0861a6d49,bsig_793bb0a29a9abfe233b6d670,0.45166271596049923,True,,
obs_c740a30388dc20122927f42a,obs_8f4c211fcf3841317e300fd0,derived_control,derived_control,seed_repeat_control,generic_graph_operator_control,bsig_53d374d66c9dffe0861a6d49,bsig_793bb0a29a9abfe233b6d670,0.3504629629629629,True,,
obs_c740a30388dc20122927f42a,obs_ae30906415b62baef858fb35,derived_control,derived_control,seed_repeat_control,generic_graph_operator_control,bsig_53d374d66c9dffe0861a6d49,bsig_793bb0a29a9abfe233b6d670,0.4723300268491685,True,,
obs_c740a30388dc20122927f42a,obs_2b1c4b4fddba864cb9f9f25f,derived_control,derived_control,seed_repeat_control,seed_repeat_control,bsig_53d374d66c9dffe0861a6d49,bsig_53d374d66c9dffe0861a6d49,0.12830277170135795,True,,
obs_c740a30388dc20122927f42a,obs_65dfe5e65cb70d7cb499d482,derived_control,derived_control,seed_repeat_control,seed_repeat_control,bsig_53d374d66c9dffe0861a6d49,bsig_53d374d66c9dffe0861a6d49,0.14077201770901243,True,,
obs_c740a30388dc20122927f42a,obs_f622bfcc3394ff0a255f9f83,derived_control,derived_control,seed_repeat_control,seed_repeat_control,bsig_53d374d66c9dffe0861a6d49,bsig_53d374d66c9dffe0861a6d49,0.17771423106436673,True,,
obs_c740a30388dc20122927f42a,obs_57728f48826a986fe1ea83d9,derived_control,derived_control,seed_repeat_control,seed_repeat_control,bsig_53d374d66c9dffe0861a6d49,bsig_53d374d66c9dffe0861a6d49,0.20401360581138914,True,,
obs_c740a30388dc20122927f42a,obs_c740a30388dc20122927f42a,derived_control,derived_control,seed_repeat_control,seed_repeat_control,bsig_53d374d66c9dffe0861a6d49,bsig_53d374d66c9dffe0861a6d49,0.0,True,,
obs_c740a30388dc20122927f42a,obs_04fbf535deaa3a11fe4345ca,derived_control,derived_control,seed_repeat_control,seed_repeat_control,bsig_53d374d66c9dffe0861a6d49,bsig_53d374d66c9dffe0861a6d49,0.18932738134652308,True,,
obs_c740a30388dc20122927f42a,obs_d36d9fb3b1f089bbbf821e5c,derived_control,derived_control,seed_repeat_control,parameter_matched_null_control,bsig_53d374d66c9dffe0861a6d49,bsig_f61a89a0172a79f5d96cd71c,0.6076404305209385,True,,
obs_c740a30388dc20122927f42a,obs_93659ee4b3b5fdadf510315f,derived_control,derived_control,seed_repeat_control,parameter_matched_null_control,bsig_53d374d66c9dffe0861a6d49,bsig_f61a89a0172a79f5d96cd71c,0.6216552944665167,True,,
obs_c740a30388dc20122927f42a,obs_5a7521167226bbafcd5c6ba8,derived_control,derived_control,seed_repeat_control,parameter_matched_null_control,bsig_53d374d66c9dffe0861a6d49,bsig_f61a89a0172a79f5d96cd71c,0.6425682411205192,True,,
obs_c740a30388dc20122927f42a,obs_9b1c5f0213d9d0fc1a3fff27,derived_control,derived_control,seed_repeat_control,parameter_matched_null_control,bsig_53d374d66c9dffe0861a6d49,bsig_f61a89a0172a79f5d96cd71c,0.6553863335241474,True,,
obs_c740a30388dc20122927f42a,obs_062eb3c1dd90468a63227d7f,derived_control,derived_control,seed_repeat_control,parameter_matched_null_control,bsig_53d374d66c9dffe0861a6d49,bsig_f61a89a0172a79f5d96cd71c,0.6057168692129606,True,,
obs_c740a30388dc20122927f42a,obs_e93f92e26db8b9c29005cc9e,derived_control,derived_control,seed_repeat_control,parameter_matched_null_control,bsig_53d374d66c9dffe0861a6d49,bsig_f61a89a0172a79f5d96cd71c,0.6200151827050241,True,,
obs_04fbf535deaa3a11fe4345ca,obs_c21d789f14a613fc6b0083e2,derived_control,target,seed_repeat_control,target,bsig_53d374d66c9dffe0861a6d49,bsig_53d374d66c9dffe0861a6d49,0.2463587841691698,True,,
obs_04fbf535deaa3a11fe4345ca,obs_afd8912a0e32fb71b5407b81,derived_control,frozen_control,seed_repeat_control,periodic_diagonal_augmented_control,bsig_53d374d66c9dffe0861a6d49,bsig_c70af5951ff4d9712678a20b,0.29347777140567605,True,,
obs_04fbf535deaa3a11fe4345ca,obs_ed1f0ceddbbf708b259ea1a6,derived_control,target,seed_repeat_control,target,bsig_53d374d66c9dffe0861a6d49,bsig_53d374d66c9dffe0861a6d49,0.06050525601227224,True,,
obs_04fbf535deaa3a11fe4345ca,obs_46ade388243f3a4581ba4489,derived_control,frozen_control,seed_repeat_control,periodic_diagonal_augmented_control,bsig_53d374d66c9dffe0861a6d49,bsig_c70af5951ff4d9712678a20b,0.2372041588956989,True,,
obs_04fbf535deaa3a11fe4345ca,obs_8de73c59341ac382087fba03,derived_control,target,seed_repeat_control,target,bsig_53d374d66c9dffe0861a6d49,bsig_53d374d66c9dffe0861a6d49,0.26183026165991585,True,,
obs_04fbf535deaa3a11fe4345ca,obs_4b958084812d6435763f9a05,derived_control,frozen_control,seed_repeat_control,periodic_diagonal_augmented_control,bsig_53d374d66c9dffe0861a6d49,bsig_1364358a857deba241e04538,0.37665777764455927,True,,
obs_04fbf535deaa3a11fe4345ca,obs_ea0aca853f3046642f451b7d,derived_control,target,seed_repeat_control,target,bsig_53d374d66c9dffe0861a6d49,bsig_53d374d66c9dffe0861a6d49,0.08077856101034808,True,,
obs_04fbf535deaa3a11fe4345ca,obs_1163ec91dc845e4ed94d462a,derived_control,frozen_control,seed_repeat_control,periodic_diagonal_augmented_control,bsig_53d374d66c9dffe0861a6d49,bsig_1364358a857deba241e04538,0.16482448088842416,True,,
obs_04fbf535deaa3a11fe4345ca,obs_d6eeaa59b08b0f1c4897f8db,derived_control,target,seed_repeat_control,target,bsig_53d374d66c9dffe0861a6d49,bsig_53d374d66c9dffe0861a6d49,0.18932738134652308,True,,
obs_04fbf535deaa3a11fe4345ca,obs_86701919f4db014d1d236f54,derived_control,frozen_control,seed_repeat_control,periodic_diagonal_augmented_control,bsig_53d374d66c9dffe0861a6d49,bsig_53d374d66c9dffe0861a6d49,0.3051155915988773,True,,
obs_04fbf535deaa3a11fe4345ca,obs_8c347ec96417e5677cdb8ad0,derived_control,target,seed_repeat_control,target,bsig_53d374d66c9dffe0861a6d49,bsig_53d374d66c9dffe0861a6d49,0.0,True,,
obs_04fbf535deaa3a11fe4345ca,obs_624a249c44d428f10aa73463,derived_control,frozen_control,seed_repeat_control,periodic_diagonal_augmented_control,bsig_53d374d66c9dffe0861a6d49,bsig_53d374d66c9dffe0861a6d49,0.09232935876881923,True,,
obs_04fbf535deaa3a11fe4345ca,obs_e43b79a2ef68469ae989ae1e,derived_control,derived_control,seed_repeat_control,shuffled_structure_control,bsig_53d374d66c9dffe0861a6d49,bsig_bb01a7c1d0ca9b191d52310d,0.3459258837362693,True,,
obs_04fbf535deaa3a11fe4345ca,obs_c887eb3bf0ab4011d4084e3a,derived_control,derived_control,seed_repeat_control,shuffled_structure_control,bsig_53d374d66c9dffe0861a6d49,bsig_bb01a7c1d0ca9b191d52310d,0.22753267303968924,True,,
obs_04fbf535deaa3a11fe4345ca,obs_57e35110e54898bdbe032c98,derived_control,derived_control,seed_repeat_control,shuffled_structure_control,bsig_53d374d66c9dffe0861a6d49,bsig_bb01a7c1d0ca9b191d52310d,0.3411953410249952,True,,
obs_04fbf535deaa3a11fe4345ca,obs_2d439625692f7d83d54dd8c5,derived_control,derived_control,seed_repeat_control,shuffled_structure_control,bsig_53d374d66c9dffe0861a6d49,bsig_bb01a7c1d0ca9b191d52310d,0.2478059780377651,True,,
obs_04fbf535deaa3a11fe4345ca,obs_ee93d740f305035b42ac22c5,derived_control,derived_control,seed_repeat_control,shuffled_structure_control,bsig_53d374d66c9dffe0861a6d49,bsig_bb01a7c1d0ca9b191d52310d,0.28889448091362263,True,,
obs_04fbf535deaa3a11fe4345ca,obs_590502ed80ee4f9526a00243,derived_control,derived_control,seed_repeat_control,shuffled_structure_control,bsig_53d374d66c9dffe0861a6d49,bsig_bb01a7c1d0ca9b191d52310d,0.16702741702741702,True,,
obs_04fbf535deaa3a11fe4345ca,obs_cd8cd88cb9618af0705bbf06,derived_control,derived_control,seed_repeat_control,randomized_edge_control,bsig_53d374d66c9dffe0861a6d49,bsig_3b1c1a5f56bb03b20611587b,0.3518782646886503,True,,
obs_04fbf535deaa3a11fe4345ca,obs_448f4e11eb5a27dd4f60b644,derived_control,derived_control,seed_repeat_control,randomized_edge_control,bsig_53d374d66c9dffe0861a6d49,bsig_3b1c1a5f56bb03b20611587b,0.2334850539920702,True,,
obs_04fbf535deaa3a11fe4345ca,obs_fa7bd1db2d6a1d5f66733a16,derived_control,derived_control,seed_repeat_control,randomized_edge_control,bsig_53d374d66c9dffe0861a6d49,bsig_3b1c1a5f56bb03b20611587b,0.34714772197737614,True,,
obs_04fbf535deaa3a11fe4345ca,obs_3f3cbf5fee77e89478120a3b,derived_control,derived_control,seed_repeat_control,randomized_edge_control,bsig_53d374d66c9dffe0861a6d49,bsig_3b1c1a5f56bb03b20611587b,0.25375835899014604,True,,
obs_04fbf535deaa3a11fe4345ca,obs_ddbc298f7c4df1aede53d5d6,derived_control,derived_control,seed_repeat_control,randomized_edge_control,bsig_53d374d66c9dffe0861a6d49,bsig_3b1c1a5f56bb03b20611587b,0.29484686186600356,True,,
obs_04fbf535deaa3a11fe4345ca,obs_3f2760e857afefe81bf772fe,derived_control,derived_control,seed_repeat_control,randomized_edge_control,bsig_53d374d66c9dffe0861a6d49,bsig_3b1c1a5f56bb03b20611587b,0.17297979797979796,True,,
obs_04fbf535deaa3a11fe4345ca,obs_1aa1fc186c905e7ffa16d2d4,derived_control,derived_control,seed_repeat_control,degraded_signal_control,bsig_53d374d66c9dffe0861a6d49,bsig_8527b27b7d47cca4b9594df9,0.4532825010631565,True,,
obs_04fbf535deaa3a11fe4345ca,obs_e9c8066d01dd67e1f9d375ef,derived_control,derived_control,seed_repeat_control,degraded_signal_control,bsig_53d374d66c9dffe0861a6d49,bsig_1095c101d561009a130e1133,0.36685018511777234,True,,
obs_04fbf535deaa3a11fe4345ca,obs_aabd161899dc613ecf88b1d9,derived_control,derived_control,seed_repeat_control,degraded_signal_control,bsig_53d374d66c9dffe0861a6d49,bsig_5fc2cc8106fba2b64bc8c905,0.44589463987021194,True,,
obs_04fbf535deaa3a11fe4345ca,obs_322c862d474a379bd8df7674,derived_control,derived_control,seed_repeat_control,degraded_signal_control,bsig_53d374d66c9dffe0861a6d49,bsig_1095c101d561009a130e1133,0.3881614502107237,True,,
obs_04fbf535deaa3a11fe4345ca,obs_4ef6a9c1a3b2d0659064e20b,derived_control,derived_control,seed_repeat_control,degraded_signal_control,bsig_53d374d66c9dffe0861a6d49,bsig_8527b27b7d47cca4b9594df9,0.384771752921979,True,,
obs_04fbf535deaa3a11fe4345ca,obs_7d8b6ee929f2a0a0cf7af8f5,derived_control,derived_control,seed_repeat_control,degraded_signal_control,bsig_53d374d66c9dffe0861a6d49,bsig_1095c101d561009a130e1133,0.31188212365230833,True,,
obs_04fbf535deaa3a11fe4345ca,obs_b41d2dded4b9ccd5ecd128d5,derived_control,derived_control,seed_repeat_control,label_permutation_control,bsig_53d374d66c9dffe0861a6d49,bsig_8e7a52f1a727043c61e5d5c2,0.3957788085891942,True,,
obs_04fbf535deaa3a11fe4345ca,obs_a3582497f15ead2a2fc1280f,derived_control,derived_control,seed_repeat_control,label_permutation_control,bsig_53d374d66c9dffe0861a6d49,bsig_8e7a52f1a727043c61e5d5c2,0.2773855978926141,True,,
obs_04fbf535deaa3a11fe4345ca,obs_f855844ba74f991c9ab0ba6d,derived_control,derived_control,seed_repeat_control,label_permutation_control,bsig_53d374d66c9dffe0861a6d49,bsig_8e7a52f1a727043c61e5d5c2,0.3910482658779201,True,,
obs_04fbf535deaa3a11fe4345ca,obs_20877377330b5094380e86df,derived_control,derived_control,seed_repeat_control,label_permutation_control,bsig_53d374d66c9dffe0861a6d49,bsig_8e7a52f1a727043c61e5d5c2,0.29765890289068997,True,,
obs_04fbf535deaa3a11fe4345ca,obs_8d92e32fec459dd0746ec799,derived_control,derived_control,seed_repeat_control,label_permutation_control,bsig_53d374d66c9dffe0861a6d49,bsig_8e7a52f1a727043c61e5d5c2,0.3387474057665475,True,,
obs_04fbf535deaa3a11fe4345ca,obs_11180e544727ce850ebf3a6a,derived_control,derived_control,seed_repeat_control,label_permutation_control,bsig_53d374d66c9dffe0861a6d49,bsig_8e7a52f1a727043c61e5d5c2,0.21688034188034186,True,,
obs_04fbf535deaa3a11fe4345ca,obs_979ad629051487c82499339e,derived_control,derived_control,seed_repeat_control,generic_graph_operator_control,bsig_53d374d66c9dffe0861a6d49,bsig_793bb0a29a9abfe233b6d670,0.5293614296718152,True,,
obs_04fbf535deaa3a11fe4345ca,obs_2c0e6630085a94e0f0b4dd07,derived_control,derived_control,seed_repeat_control,generic_graph_operator_control,bsig_53d374d66c9dffe0861a6d49,bsig_793bb0a29a9abfe233b6d670,0.41096821897523517,True,,
obs_04fbf535deaa3a11fe4345ca,obs_0033e7ce631563262f7b0bbe,derived_control,derived_control,seed_repeat_control,generic_graph_operator_control,bsig_53d374d66c9dffe0861a6d49,bsig_793bb0a29a9abfe233b6d670,0.48927735160700575,True,,
obs_04fbf535deaa3a11fe4345ca,obs_118430be7d682f480e3902ea,derived_control,derived_control,seed_repeat_control,generic_graph_operator_control,bsig_53d374d66c9dffe0861a6d49,bsig_793bb0a29a9abfe233b6d670,0.39588798861977564,True,,
obs_04fbf535deaa3a11fe4345ca,obs_8f4c211fcf3841317e300fd0,derived_control,derived_control,seed_repeat_control,generic_graph_operator_control,bsig_53d374d66c9dffe0861a6d49,bsig_793bb0a29a9abfe233b6d670,0.4723300268491685,True,,
obs_04fbf535deaa3a11fe4345ca,obs_ae30906415b62baef858fb35,derived_control,derived_control,seed_repeat_control,generic_graph_operator_control,bsig_53d374d66c9dffe0861a6d49,bsig_793bb0a29a9abfe233b6d670,0.3504629629629629,True,,
obs_04fbf535deaa3a11fe4345ca,obs_2b1c4b4fddba864cb9f9f25f,derived_control,derived_control,seed_repeat_control,seed_repeat_control,bsig_53d374d66c9dffe0861a6d49,bsig_53d374d66c9dffe0861a6d49,0.2463587841691698,True,,
obs_04fbf535deaa3a11fe4345ca,obs_65dfe5e65cb70d7cb499d482,derived_control,derived_control,seed_repeat_control,seed_repeat_control,bsig_53d374d66c9dffe0861a6d49,bsig_53d374d66c9dffe0861a6d49,0.06050525601227224,True,,
obs_04fbf535deaa3a11fe4345ca,obs_f622bfcc3394ff0a255f9f83,derived_control,derived_control,seed_repeat_control,seed_repeat_control,bsig_53d374d66c9dffe0861a6d49,bsig_53d374d66c9dffe0861a6d49,0.26183026165991585,True,,
obs_04fbf535deaa3a11fe4345ca,obs_57728f48826a986fe1ea83d9,derived_control,derived_control,seed_repeat_control,seed_repeat_control,bsig_53d374d66c9dffe0861a6d49,bsig_53d374d66c9dffe0861a6d49,0.08077856101034808,True,,
obs_04fbf535deaa3a11fe4345ca,obs_c740a30388dc20122927f42a,derived_control,derived_control,seed_repeat_control,seed_repeat_control,bsig_53d374d66c9dffe0861a6d49,bsig_53d374d66c9dffe0861a6d49,0.18932738134652308,True,,
obs_04fbf535deaa3a11fe4345ca,obs_04fbf535deaa3a11fe4345ca,derived_control,derived_control,seed_repeat_control,seed_repeat_control,bsig_53d374d66c9dffe0861a6d49,bsig_53d374d66c9dffe0861a6d49,0.0,True,,
obs_04fbf535deaa3a11fe4345ca,obs_d36d9fb3b1f089bbbf821e5c,derived_control,derived_control,seed_repeat_control,parameter_matched_null_control,bsig_53d374d66c9dffe0861a6d49,bsig_f61a89a0172a79f5d96cd71c,0.621938744013002,True,,
obs_04fbf535deaa3a11fe4345ca,obs_93659ee4b3b5fdadf510315f,derived_control,derived_control,seed_repeat_control,parameter_matched_null_control,bsig_53d374d66c9dffe0861a6d49,bsig_f61a89a0172a79f5d96cd71c,0.6073569809744532,True,,
obs_04fbf535deaa3a11fe4345ca,obs_5a7521167226bbafcd5c6ba8,derived_control,derived_control,seed_repeat_control,parameter_matched_null_control,bsig_53d374d66c9dffe0861a6d49,bsig_f61a89a0172a79f5d96cd71c,0.6554808119821973,True,,
obs_04fbf535deaa3a11fe4345ca,obs_9b1c5f0213d9d0fc1a3fff27,derived_control,derived_control,seed_repeat_control,parameter_matched_null_control,bsig_53d374d66c9dffe0861a6d49,bsig_f61a89a0172a79f5d96cd71c,0.6410880200320839,True,,
obs_04fbf535deaa3a11fe4345ca,obs_062eb3c1dd90468a63227d7f,derived_control,derived_control,seed_repeat_control,parameter_matched_null_control,bsig_53d374d66c9dffe0861a6d49,bsig_f61a89a0172a79f5d96cd71c,0.6200151827050241,True,,
obs_04fbf535deaa3a11fe4345ca,obs_e93f92e26db8b9c29005cc9e,derived_control,derived_control,seed_repeat_control,parameter_matched_null_control,bsig_53d374d66c9dffe0861a6d49,bsig_f61a89a0172a79f5d96cd71c,0.6057168692129606,True,,
obs_d36d9fb3b1f089bbbf821e5c,obs_c21d789f14a613fc6b0083e2,derived_control,target,parameter_matched_null_control,target,bsig_f61a89a0172a79f5d96cd71c,bsig_53d374d66c9dffe0861a6d49,0.6057495906130023,True,,
obs_d36d9fb3b1f089bbbf821e5c,obs_afd8912a0e32fb71b5407b81,derived_control,frozen_control,parameter_matched_null_control,periodic_diagonal_augmented_control,bsig_f61a89a0172a79f5d96cd71c,bsig_c70af5951ff4d9712678a20b,0.6504402496952663,True,,
obs_d36d9fb3b1f089bbbf821e5c,obs_ed1f0ceddbbf708b259ea1a6,derived_control,target,parameter_matched_null_control,target,bsig_f61a89a0172a79f5d96cd71c,bsig_53d374d66c9dffe0861a6d49,0.6235437516107347,True,,
obs_d36d9fb3b1f089bbbf821e5c,obs_46ade388243f3a4581ba4489,derived_control,frozen_control,parameter_matched_null_control,periodic_diagonal_augmented_control,bsig_f61a89a0172a79f5d96cd71c,bsig_c70af5951ff4d9712678a20b,0.6653054651147674,True,,
obs_d36d9fb3b1f089bbbf821e5c,obs_8de73c59341ac382087fba03,derived_control,target,parameter_matched_null_control,target,bsig_f61a89a0172a79f5d96cd71c,bsig_53d374d66c9dffe0861a6d49,0.6437177125936294,True,,
obs_d36d9fb3b1f089bbbf821e5c,obs_4b958084812d6435763f9a05,derived_control,frozen_control,parameter_matched_null_control,periodic_diagonal_augmented_control,bsig_f61a89a0172a79f5d96cd71c,bsig_1364358a857deba241e04538,0.6645246310529552,True,,
obs_d36d9fb3b1f089bbbf821e5c,obs_ea0aca853f3046642f451b7d,derived_control,target,parameter_matched_null_control,target,bsig_f61a89a0172a79f5d96cd71c,bsig_53d374d66c9dffe0861a6d49,0.6572916610063279,True,,
obs_d36d9fb3b1f089bbbf821e5c,obs_1163ec91dc845e4ed94d462a,derived_control,frozen_control,parameter_matched_null_control,periodic_diagonal_augmented_control,bsig_f61a89a0172a79f5d96cd71c,bsig_1364358a857deba241e04538,0.6797362778783521,True,,
obs_d36d9fb3b1f089bbbf821e5c,obs_d6eeaa59b08b0f1c4897f8db,derived_control,target,parameter_matched_null_control,target,bsig_f61a89a0172a79f5d96cd71c,bsig_53d374d66c9dffe0861a6d49,0.6076404305209385,True,,
obs_d36d9fb3b1f089bbbf821e5c,obs_86701919f4db014d1d236f54,derived_control,frozen_control,parameter_matched_null_control,periodic_diagonal_augmented_control,bsig_f61a89a0172a79f5d96cd71c,bsig_53d374d66c9dffe0861a6d49,0.6442027460549511,True,,
obs_d36d9fb3b1f089bbbf821e5c,obs_8c347ec96417e5677cdb8ad0,derived_control,target,parameter_matched_null_control,target,bsig_f61a89a0172a79f5d96cd71c,bsig_53d374d66c9dffe0861a6d49,0.621938744013002,True,,
obs_d36d9fb3b1f089bbbf821e5c,obs_624a249c44d428f10aa73463,derived_control,frozen_control,parameter_matched_null_control,periodic_diagonal_augmented_control,bsig_f61a89a0172a79f5d96cd71c,bsig_53d374d66c9dffe0861a6d49,0.6590049654427061,True,,
obs_d36d9fb3b1f089bbbf821e5c,obs_e43b79a2ef68469ae989ae1e,derived_control,derived_control,parameter_matched_null_control,shuffled_structure_control,bsig_f61a89a0172a79f5d96cd71c,bsig_bb01a7c1d0ca9b191d52310d,0.6057495906130023,True,,
obs_d36d9fb3b1f089bbbf821e5c,obs_c887eb3bf0ab4011d4084e3a,derived_control,derived_control,parameter_matched_null_control,shuffled_structure_control,bsig_f61a89a0172a79f5d96cd71c,bsig_bb01a7c1d0ca9b191d52310d,0.6235437516107347,True,,
obs_d36d9fb3b1f089bbbf821e5c,obs_57e35110e54898bdbe032c98,derived_control,derived_control,parameter_matched_null_control,shuffled_structure_control,bsig_f61a89a0172a79f5d96cd71c,bsig_bb01a7c1d0ca9b191d52310d,0.6437177125936294,True,,
obs_d36d9fb3b1f089bbbf821e5c,obs_2d439625692f7d83d54dd8c5,derived_control,derived_control,parameter_matched_null_control,shuffled_structure_control,bsig_f61a89a0172a79f5d96cd71c,bsig_bb01a7c1d0ca9b191d52310d,0.6572916610063279,True,,
obs_d36d9fb3b1f089bbbf821e5c,obs_ee93d740f305035b42ac22c5,derived_control,derived_control,parameter_matched_null_control,shuffled_structure_control,bsig_f61a89a0172a79f5d96cd71c,bsig_bb01a7c1d0ca9b191d52310d,0.6076404305209385,True,,
obs_d36d9fb3b1f089bbbf821e5c,obs_590502ed80ee4f9526a00243,derived_control,derived_control,parameter_matched_null_control,shuffled_structure_control,bsig_f61a89a0172a79f5d96cd71c,bsig_bb01a7c1d0ca9b191d52310d,0.621938744013002,True,,
obs_d36d9fb3b1f089bbbf821e5c,obs_cd8cd88cb9618af0705bbf06,derived_control,derived_control,parameter_matched_null_control,randomized_edge_control,bsig_f61a89a0172a79f5d96cd71c,bsig_3b1c1a5f56bb03b20611587b,0.6057495906130023,True,,
obs_d36d9fb3b1f089bbbf821e5c,obs_448f4e11eb5a27dd4f60b644,derived_control,derived_control,parameter_matched_null_control,randomized_edge_control,bsig_f61a89a0172a79f5d96cd71c,bsig_3b1c1a5f56bb03b20611587b,0.6235437516107347,True,,
obs_d36d9fb3b1f089bbbf821e5c,obs_fa7bd1db2d6a1d5f66733a16,derived_control,derived_control,parameter_matched_null_control,randomized_edge_control,bsig_f61a89a0172a79f5d96cd71c,bsig_3b1c1a5f56bb03b20611587b,0.6437177125936294,True,,
obs_d36d9fb3b1f089bbbf821e5c,obs_3f3cbf5fee77e89478120a3b,derived_control,derived_control,parameter_matched_null_control,randomized_edge_control,bsig_f61a89a0172a79f5d96cd71c,bsig_3b1c1a5f56bb03b20611587b,0.6572916610063279,True,,
obs_d36d9fb3b1f089bbbf821e5c,obs_ddbc298f7c4df1aede53d5d6,derived_control,derived_control,parameter_matched_null_control,randomized_edge_control,bsig_f61a89a0172a79f5d96cd71c,bsig_3b1c1a5f56bb03b20611587b,0.6076404305209385,True,,
obs_d36d9fb3b1f089bbbf821e5c,obs_3f2760e857afefe81bf772fe,derived_control,derived_control,parameter_matched_null_control,randomized_edge_control,bsig_f61a89a0172a79f5d96cd71c,bsig_3b1c1a5f56bb03b20611587b,0.621938744013002,True,,
obs_d36d9fb3b1f089bbbf821e5c,obs_1aa1fc186c905e7ffa16d2d4,derived_control,derived_control,parameter_matched_null_control,degraded_signal_control,bsig_f61a89a0172a79f5d96cd71c,bsig_8527b27b7d47cca4b9594df9,0.6014705846742314,True,,
obs_d36d9fb3b1f089bbbf821e5c,obs_e9c8066d01dd67e1f9d375ef,derived_control,derived_control,parameter_matched_null_control,degraded_signal_control,bsig_f61a89a0172a79f5d96cd71c,bsig_1095c101d561009a130e1133,0.6192647456719639,True,,
obs_d36d9fb3b1f089bbbf821e5c,obs_aabd161899dc613ecf88b1d9,derived_control,derived_control,parameter_matched_null_control,degraded_signal_control,bsig_f61a89a0172a79f5d96cd71c,bsig_5fc2cc8106fba2b64bc8c905,0.6393914923956711,True,,
obs_d36d9fb3b1f089bbbf821e5c,obs_322c862d474a379bd8df7674,derived_control,derived_control,parameter_matched_null_control,degraded_signal_control,bsig_f61a89a0172a79f5d96cd71c,bsig_1095c101d561009a130e1133,0.6529654408083695,True,,
obs_d36d9fb3b1f089bbbf821e5c,obs_4ef6a9c1a3b2d0659064e20b,derived_control,derived_control,parameter_matched_null_control,degraded_signal_control,bsig_f61a89a0172a79f5d96cd71c,bsig_8527b27b7d47cca4b9594df9,0.6032632603820427,True,,
obs_d36d9fb3b1f089bbbf821e5c,obs_7d8b6ee929f2a0a0cf7af8f5,derived_control,derived_control,parameter_matched_null_control,degraded_signal_control,bsig_f61a89a0172a79f5d96cd71c,bsig_1095c101d561009a130e1133,0.6175615738741062,True,,
obs_d36d9fb3b1f089bbbf821e5c,obs_b41d2dded4b9ccd5ecd128d5,derived_control,derived_control,parameter_matched_null_control,label_permutation_control,bsig_f61a89a0172a79f5d96cd71c,bsig_8e7a52f1a727043c61e5d5c2,0.6057495906130023,True,,
obs_d36d9fb3b1f089bbbf821e5c,obs_a3582497f15ead2a2fc1280f,derived_control,derived_control,parameter_matched_null_control,label_permutation_control,bsig_f61a89a0172a79f5d96cd71c,bsig_8e7a52f1a727043c61e5d5c2,0.6235437516107347,True,,
obs_d36d9fb3b1f089bbbf821e5c,obs_f855844ba74f991c9ab0ba6d,derived_control,derived_control,parameter_matched_null_control,label_permutation_control,bsig_f61a89a0172a79f5d96cd71c,bsig_8e7a52f1a727043c61e5d5c2,0.6437177125936294,True,,
obs_d36d9fb3b1f089bbbf821e5c,obs_20877377330b5094380e86df,derived_control,derived_control,parameter_matched_null_control,label_permutation_control,bsig_f61a89a0172a79f5d96cd71c,bsig_8e7a52f1a727043c61e5d5c2,0.6572916610063279,True,,
obs_d36d9fb3b1f089bbbf821e5c,obs_8d92e32fec459dd0746ec799,derived_control,derived_control,parameter_matched_null_control,label_permutation_control,bsig_f61a89a0172a79f5d96cd71c,bsig_8e7a52f1a727043c61e5d5c2,0.6076404305209385,True,,
obs_d36d9fb3b1f089bbbf821e5c,obs_11180e544727ce850ebf3a6a,derived_control,derived_control,parameter_matched_null_control,label_permutation_control,bsig_f61a89a0172a79f5d96cd71c,bsig_8e7a52f1a727043c61e5d5c2,0.621938744013002,True,,
obs_d36d9fb3b1f089bbbf821e5c,obs_979ad629051487c82499339e,derived_control,derived_control,parameter_matched_null_control,generic_graph_operator_control,bsig_f61a89a0172a79f5d96cd71c,bsig_793bb0a29a9abfe233b6d670,0.7511199609833726,True,,
obs_d36d9fb3b1f089bbbf821e5c,obs_2c0e6630085a94e0f0b4dd07,derived_control,derived_control,parameter_matched_null_control,generic_graph_operator_control,bsig_f61a89a0172a79f5d96cd71c,bsig_793bb0a29a9abfe233b6d670,0.7689141219811051,True,,
obs_d36d9fb3b1f089bbbf821e5c,obs_0033e7ce631563262f7b0bbe,derived_control,derived_control,parameter_matched_null_control,generic_graph_operator_control,bsig_f61a89a0172a79f5d96cd71c,bsig_793bb0a29a9abfe233b6d670,0.7537345476104644,True,,
obs_d36d9fb3b1f089bbbf821e5c,obs_118430be7d682f480e3902ea,derived_control,derived_control,parameter_matched_null_control,generic_graph_operator_control,bsig_f61a89a0172a79f5d96cd71c,bsig_793bb0a29a9abfe233b6d670,0.7673084960231629,True,,
obs_d36d9fb3b1f089bbbf821e5c,obs_8f4c211fcf3841317e300fd0,derived_control,derived_control,parameter_matched_null_control,generic_graph_operator_control,bsig_f61a89a0172a79f5d96cd71c,bsig_793bb0a29a9abfe233b6d670,0.7530108008913088,True,,
obs_d36d9fb3b1f089bbbf821e5c,obs_ae30906415b62baef858fb35,derived_control,derived_control,parameter_matched_null_control,generic_graph_operator_control,bsig_f61a89a0172a79f5d96cd71c,bsig_793bb0a29a9abfe233b6d670,0.7673091143833723,True,,
obs_d36d9fb3b1f089bbbf821e5c,obs_2b1c4b4fddba864cb9f9f25f,derived_control,derived_control,parameter_matched_null_control,seed_repeat_control,bsig_f61a89a0172a79f5d96cd71c,bsig_53d374d66c9dffe0861a6d49,0.6057495906130023,True,,
obs_d36d9fb3b1f089bbbf821e5c,obs_65dfe5e65cb70d7cb499d482,derived_control,derived_control,parameter_matched_null_control,seed_repeat_control,bsig_f61a89a0172a79f5d96cd71c,bsig_53d374d66c9dffe0861a6d49,0.6235437516107347,True,,
obs_d36d9fb3b1f089bbbf821e5c,obs_f622bfcc3394ff0a255f9f83,derived_control,derived_control,parameter_matched_null_control,seed_repeat_control,bsig_f61a89a0172a79f5d96cd71c,bsig_53d374d66c9dffe0861a6d49,0.6437177125936294,True,,
obs_d36d9fb3b1f089bbbf821e5c,obs_57728f48826a986fe1ea83d9,derived_control,derived_control,parameter_matched_null_control,seed_repeat_control,bsig_f61a89a0172a79f5d96cd71c,bsig_53d374d66c9dffe0861a6d49,0.6572916610063279,True,,
obs_d36d9fb3b1f089bbbf821e5c,obs_c740a30388dc20122927f42a,derived_control,derived_control,parameter_matched_null_control,seed_repeat_control,bsig_f61a89a0172a79f5d96cd71c,bsig_53d374d66c9dffe0861a6d49,0.6076404305209385,True,,
obs_d36d9fb3b1f089bbbf821e5c,obs_04fbf535deaa3a11fe4345ca,derived_control,derived_control,parameter_matched_null_control,seed_repeat_control,bsig_f61a89a0172a79f5d96cd71c,bsig_53d374d66c9dffe0861a6d49,0.621938744013002,True,,
obs_d36d9fb3b1f089bbbf821e5c,obs_d36d9fb3b1f089bbbf821e5c,derived_control,derived_control,parameter_matched_null_control,parameter_matched_null_control,bsig_f61a89a0172a79f5d96cd71c,bsig_f61a89a0172a79f5d96cd71c,0.0,True,,
obs_d36d9fb3b1f089bbbf821e5c,obs_93659ee4b3b5fdadf510315f,derived_control,derived_control,parameter_matched_null_control,parameter_matched_null_control,bsig_f61a89a0172a79f5d96cd71c,bsig_f61a89a0172a79f5d96cd71c,0.01779416099773242,True,,
obs_d36d9fb3b1f089bbbf821e5c,obs_5a7521167226bbafcd5c6ba8,derived_control,derived_control,parameter_matched_null_control,parameter_matched_null_control,bsig_f61a89a0172a79f5d96cd71c,bsig_f61a89a0172a79f5d96cd71c,0.03798386006702295,True,,
obs_d36d9fb3b1f089bbbf821e5c,obs_9b1c5f0213d9d0fc1a3fff27,derived_control,derived_control,parameter_matched_null_control,parameter_matched_null_control,bsig_f61a89a0172a79f5d96cd71c,bsig_f61a89a0172a79f5d96cd71c,0.05155780847972136,True,,
obs_d36d9fb3b1f089bbbf821e5c,obs_062eb3c1dd90468a63227d7f,derived_control,derived_control,parameter_matched_null_control,parameter_matched_null_control,bsig_f61a89a0172a79f5d96cd71c,bsig_f61a89a0172a79f5d96cd71c,0.001923561307977862,True,,
obs_d36d9fb3b1f089bbbf821e5c,obs_e93f92e26db8b9c29005cc9e,derived_control,derived_control,parameter_matched_null_control,parameter_matched_null_control,bsig_f61a89a0172a79f5d96cd71c,bsig_f61a89a0172a79f5d96cd71c,0.01622187480004135,True,,
obs_93659ee4b3b5fdadf510315f,obs_c21d789f14a613fc6b0083e2,derived_control,target,parameter_matched_null_control,target,bsig_f61a89a0172a79f5d96cd71c,bsig_53d374d66c9dffe0861a6d49,0.6235437516107347,True,,
obs_93659ee4b3b5fdadf510315f,obs_afd8912a0e32fb71b5407b81,derived_control,frozen_control,parameter_matched_null_control,periodic_diagonal_augmented_control,bsig_f61a89a0172a79f5d96cd71c,bsig_c70af5951ff4d9712678a20b,0.6682344106929987,True,,
obs_93659ee4b3b5fdadf510315f,obs_ed1f0ceddbbf708b259ea1a6,derived_control,target,parameter_matched_null_control,target,bsig_f61a89a0172a79f5d96cd71c,bsig_53d374d66c9dffe0861a6d49,0.6057495906130023,True,,
obs_93659ee4b3b5fdadf510315f,obs_46ade388243f3a4581ba4489,derived_control,frozen_control,parameter_matched_null_control,periodic_diagonal_augmented_control,bsig_f61a89a0172a79f5d96cd71c,bsig_c70af5951ff4d9712678a20b,0.6599829594458332,True,,
obs_93659ee4b3b5fdadf510315f,obs_8de73c59341ac382087fba03,derived_control,target,parameter_matched_null_control,target,bsig_f61a89a0172a79f5d96cd71c,bsig_53d374d66c9dffe0861a6d49,0.6565357964938562,True,,
obs_93659ee4b3b5fdadf510315f,obs_4b958084812d6435763f9a05,derived_control,frozen_control,parameter_matched_null_control,periodic_diagonal_augmented_control,bsig_f61a89a0172a79f5d96cd71c,bsig_1364358a857deba241e04538,0.6796102999871956,True,,
obs_93659ee4b3b5fdadf510315f,obs_ea0aca853f3046642f451b7d,derived_control,target,parameter_matched_null_control,target,bsig_f61a89a0172a79f5d96cd71c,bsig_53d374d66c9dffe0861a6d49,0.6427098979677791,True,,
obs_93659ee4b3b5fdadf510315f,obs_1163ec91dc845e4ed94d462a,derived_control,frozen_control,parameter_matched_null_control,periodic_diagonal_augmented_control,bsig_f61a89a0172a79f5d96cd71c,bsig_1364358a857deba241e04538,0.6619421168806197,True,,
obs_93659ee4b3b5fdadf510315f,obs_d6eeaa59b08b0f1c4897f8db,derived_control,target,parameter_matched_null_control,target,bsig_f61a89a0172a79f5d96cd71c,bsig_53d374d66c9dffe0861a6d49,0.6216552944665167,True,,
obs_93659ee4b3b5fdadf510315f,obs_86701919f4db014d1d236f54,derived_control,frozen_control,parameter_matched_null_control,periodic_diagonal_augmented_control,bsig_f61a89a0172a79f5d96cd71c,bsig_53d374d66c9dffe0861a6d49,0.6570208299551779,True,,
obs_93659ee4b3b5fdadf510315f,obs_8c347ec96417e5677cdb8ad0,derived_control,target,parameter_matched_null_control,target,bsig_f61a89a0172a79f5d96cd71c,bsig_53d374d66c9dffe0861a6d49,0.6073569809744532,True,,
obs_93659ee4b3b5fdadf510315f,obs_624a249c44d428f10aa73463,derived_control,frozen_control,parameter_matched_null_control,periodic_diagonal_augmented_control,bsig_f61a89a0172a79f5d96cd71c,bsig_53d374d66c9dffe0861a6d49,0.6412108044449737,True,,
obs_93659ee4b3b5fdadf510315f,obs_e43b79a2ef68469ae989ae1e,derived_control,derived_control,parameter_matched_null_control,shuffled_structure_control,bsig_f61a89a0172a79f5d96cd71c,bsig_bb01a7c1d0ca9b191d52310d,0.6235437516107347,True,,
obs_93659ee4b3b5fdadf510315f,obs_c887eb3bf0ab4011d4084e3a,derived_control,derived_control,parameter_matched_null_control,shuffled_structure_control,bsig_f61a89a0172a79f5d96cd71c,bsig_bb01a7c1d0ca9b191d52310d,0.6057495906130023,True,,
obs_93659ee4b3b5fdadf510315f,obs_57e35110e54898bdbe032c98,derived_control,derived_control,parameter_matched_null_control,shuffled_structure_control,bsig_f61a89a0172a79f5d96cd71c,bsig_bb01a7c1d0ca9b191d52310d,0.6565357964938562,True,,
obs_93659ee4b3b5fdadf510315f,obs_2d439625692f7d83d54dd8c5,derived_control,derived_control,parameter_matched_null_control,shuffled_structure_control,bsig_f61a89a0172a79f5d96cd71c,bsig_bb01a7c1d0ca9b191d52310d,0.6427098979677791,True,,
obs_93659ee4b3b5fdadf510315f,obs_ee93d740f305035b42ac22c5,derived_control,derived_control,parameter_matched_null_control,shuffled_structure_control,bsig_f61a89a0172a79f5d96cd71c,bsig_bb01a7c1d0ca9b191d52310d,0.6216552944665167,True,,
obs_93659ee4b3b5fdadf510315f,obs_590502ed80ee4f9526a00243,derived_control,derived_control,parameter_matched_null_control,shuffled_structure_control,bsig_f61a89a0172a79f5d96cd71c,bsig_bb01a7c1d0ca9b191d52310d,0.6073569809744532,True,,
obs_93659ee4b3b5fdadf510315f,obs_cd8cd88cb9618af0705bbf06,derived_control,derived_control,parameter_matched_null_control,randomized_edge_control,bsig_f61a89a0172a79f5d96cd71c,bsig_3b1c1a5f56bb03b20611587b,0.6235437516107347,True,,
obs_93659ee4b3b5fdadf510315f,obs_448f4e11eb5a27dd4f60b644,derived_control,derived_control,parameter_matched_null_control,randomized_edge_control,bsig_f61a89a0172a79f5d96cd71c,bsig_3b1c1a5f56bb03b20611587b,0.6057495906130023,True,,
obs_93659ee4b3b5fdadf510315f,obs_fa7bd1db2d6a1d5f66733a16,derived_control,derived_control,parameter_matched_null_control,randomized_edge_control,bsig_f61a89a0172a79f5d96cd71c,bsig_3b1c1a5f56bb03b20611587b,0.6565357964938562,True,,
obs_93659ee4b3b5fdadf510315f,obs_3f3cbf5fee77e89478120a3b,derived_control,derived_control,parameter_matched_null_control,randomized_edge_control,bsig_f61a89a0172a79f5d96cd71c,bsig_3b1c1a5f56bb03b20611587b,0.6427098979677791,True,,
obs_93659ee4b3b5fdadf510315f,obs_ddbc298f7c4df1aede53d5d6,derived_control,derived_control,parameter_matched_null_control,randomized_edge_control,bsig_f61a89a0172a79f5d96cd71c,bsig_3b1c1a5f56bb03b20611587b,0.6216552944665167,True,,
obs_93659ee4b3b5fdadf510315f,obs_3f2760e857afefe81bf772fe,derived_control,derived_control,parameter_matched_null_control,randomized_edge_control,bsig_f61a89a0172a79f5d96cd71c,bsig_3b1c1a5f56bb03b20611587b,0.6073569809744532,True,,
obs_93659ee4b3b5fdadf510315f,obs_1aa1fc186c905e7ffa16d2d4,derived_control,derived_control,parameter_matched_null_control,degraded_signal_control,bsig_f61a89a0172a79f5d96cd71c,bsig_8527b27b7d47cca4b9594df9,0.6192647456719639,True,,
obs_93659ee4b3b5fdadf510315f,obs_e9c8066d01dd67e1f9d375ef,derived_control,derived_control,parameter_matched_null_control,degraded_signal_control,bsig_f61a89a0172a79f5d96cd71c,bsig_1095c101d561009a130e1133,0.6014705846742314,True,,
obs_93659ee4b3b5fdadf510315f,obs_aabd161899dc613ecf88b1d9,derived_control,derived_control,parameter_matched_null_control,degraded_signal_control,bsig_f61a89a0172a79f5d96cd71c,bsig_5fc2cc8106fba2b64bc8c905,0.6522095762958978,True,,
obs_93659ee4b3b5fdadf510315f,obs_322c862d474a379bd8df7674,derived_control,derived_control,parameter_matched_null_control,degraded_signal_control,bsig_f61a89a0172a79f5d96cd71c,bsig_1095c101d561009a130e1133,0.6383836777698207,True,,
obs_93659ee4b3b5fdadf510315f,obs_4ef6a9c1a3b2d0659064e20b,derived_control,derived_control,parameter_matched_null_control,degraded_signal_control,bsig_f61a89a0172a79f5d96cd71c,bsig_8527b27b7d47cca4b9594df9,0.6172781243276209,True,,
obs_93659ee4b3b5fdadf510315f,obs_7d8b6ee929f2a0a0cf7af8f5,derived_control,derived_control,parameter_matched_null_control,degraded_signal_control,bsig_f61a89a0172a79f5d96cd71c,bsig_1095c101d561009a130e1133,0.6029798108355574,True,,
obs_93659ee4b3b5fdadf510315f,obs_b41d2dded4b9ccd5ecd128d5,derived_control,derived_control,parameter_matched_null_control,label_permutation_control,bsig_f61a89a0172a79f5d96cd71c,bsig_8e7a52f1a727043c61e5d5c2,0.6235437516107347,True,,
obs_93659ee4b3b5fdadf510315f,obs_a3582497f15ead2a2fc1280f,derived_control,derived_control,parameter_matched_null_control,label_permutation_control,bsig_f61a89a0172a79f5d96cd71c,bsig_8e7a52f1a727043c61e5d5c2,0.6057495906130023,True,,
obs_93659ee4b3b5fdadf510315f,obs_f855844ba74f991c9ab0ba6d,derived_control,derived_control,parameter_matched_null_control,label_permutation_control,bsig_f61a89a0172a79f5d96cd71c,bsig_8e7a52f1a727043c61e5d5c2,0.6565357964938562,True,,
obs_93659ee4b3b5fdadf510315f,obs_20877377330b5094380e86df,derived_control,derived_control,parameter_matched_null_control,label_permutation_control,bsig_f61a89a0172a79f5d96cd71c,bsig_8e7a52f1a727043c61e5d5c2,0.6427098979677791,True,,
obs_93659ee4b3b5fdadf510315f,obs_8d92e32fec459dd0746ec799,derived_control,derived_control,parameter_matched_null_control,label_permutation_control,bsig_f61a89a0172a79f5d96cd71c,bsig_8e7a52f1a727043c61e5d5c2,0.6216552944665167,True,,
obs_93659ee4b3b5fdadf510315f,obs_11180e544727ce850ebf3a6a,derived_control,derived_control,parameter_matched_null_control,label_permutation_control,bsig_f61a89a0172a79f5d96cd71c,bsig_8e7a52f1a727043c61e5d5c2,0.6073569809744532,True,,
obs_93659ee4b3b5fdadf510315f,obs_979ad629051487c82499339e,derived_control,derived_control,parameter_matched_null_control,generic_graph_operator_control,bsig_f61a89a0172a79f5d96cd71c,bsig_793bb0a29a9abfe233b6d670,0.7689141219811051,True,,
obs_93659ee4b3b5fdadf510315f,obs_2c0e6630085a94e0f0b4dd07,derived_control,derived_control,parameter_matched_null_control,generic_graph_operator_control,bsig_f61a89a0172a79f5d96cd71c,bsig_793bb0a29a9abfe233b6d670,0.7511199609833726,True,,
obs_93659ee4b3b5fdadf510315f,obs_0033e7ce631563262f7b0bbe,derived_control,derived_control,parameter_matched_null_control,generic_graph_operator_control,bsig_f61a89a0172a79f5d96cd71c,bsig_793bb0a29a9abfe233b6d670,0.7665526315106912,True,,
obs_93659ee4b3b5fdadf510315f,obs_118430be7d682f480e3902ea,derived_control,derived_control,parameter_matched_null_control,generic_graph_operator_control,bsig_f61a89a0172a79f5d96cd71c,bsig_793bb0a29a9abfe233b6d670,0.7527267329846141,True,,
obs_93659ee4b3b5fdadf510315f,obs_8f4c211fcf3841317e300fd0,derived_control,derived_control,parameter_matched_null_control,generic_graph_operator_control,bsig_f61a89a0172a79f5d96cd71c,bsig_793bb0a29a9abfe233b6d670,0.7670256648368871,True,,
obs_93659ee4b3b5fdadf510315f,obs_ae30906415b62baef858fb35,derived_control,derived_control,parameter_matched_null_control,generic_graph_operator_control,bsig_f61a89a0172a79f5d96cd71c,bsig_793bb0a29a9abfe233b6d670,0.7527273513448236,True,,
obs_93659ee4b3b5fdadf510315f,obs_2b1c4b4fddba864cb9f9f25f,derived_control,derived_control,parameter_matched_null_control,seed_repeat_control,bsig_f61a89a0172a79f5d96cd71c,bsig_53d374d66c9dffe0861a6d49,0.6235437516107347,True,,
obs_93659ee4b3b5fdadf510315f,obs_65dfe5e65cb70d7cb499d482,derived_control,derived_control,parameter_matched_null_control,seed_repeat_control,bsig_f61a89a0172a79f5d96cd71c,bsig_53d374d66c9dffe0861a6d49,0.6057495906130023,True,,
obs_93659ee4b3b5fdadf510315f,obs_f622bfcc3394ff0a255f9f83,derived_control,derived_control,parameter_matched_null_control,seed_repeat_control,bsig_f61a89a0172a79f5d96cd71c,bsig_53d374d66c9dffe0861a6d49,0.6565357964938562,True,,
obs_93659ee4b3b5fdadf510315f,obs_57728f48826a986fe1ea83d9,derived_control,derived_control,parameter_matched_null_control,seed_repeat_control,bsig_f61a89a0172a79f5d96cd71c,bsig_53d374d66c9dffe0861a6d49,0.6427098979677791,True,,
obs_93659ee4b3b5fdadf510315f,obs_c740a30388dc20122927f42a,derived_control,derived_control,parameter_matched_null_control,seed_repeat_control,bsig_f61a89a0172a79f5d96cd71c,bsig_53d374d66c9dffe0861a6d49,0.6216552944665167,True,,
obs_93659ee4b3b5fdadf510315f,obs_04fbf535deaa3a11fe4345ca,derived_control,derived_control,parameter_matched_null_control,seed_repeat_control,bsig_f61a89a0172a79f5d96cd71c,bsig_53d374d66c9dffe0861a6d49,0.6073569809744532,True,,
obs_93659ee4b3b5fdadf510315f,obs_d36d9fb3b1f089bbbf821e5c,derived_control,derived_control,parameter_matched_null_control,parameter_matched_null_control,bsig_f61a89a0172a79f5d96cd71c,bsig_f61a89a0172a79f5d96cd71c,0.01779416099773242,True,,
obs_93659ee4b3b5fdadf510315f,obs_93659ee4b3b5fdadf510315f,derived_control,derived_control,parameter_matched_null_control,parameter_matched_null_control,bsig_f61a89a0172a79f5d96cd71c,bsig_f61a89a0172a79f5d96cd71c,0.0,True,,
obs_93659ee4b3b5fdadf510315f,obs_5a7521167226bbafcd5c6ba8,derived_control,derived_control,parameter_matched_null_control,parameter_matched_null_control,bsig_f61a89a0172a79f5d96cd71c,bsig_f61a89a0172a79f5d96cd71c,0.050801943967249706,True,,
obs_93659ee4b3b5fdadf510315f,obs_9b1c5f0213d9d0fc1a3fff27,derived_control,derived_control,parameter_matched_null_control,parameter_matched_null_control,bsig_f61a89a0172a79f5d96cd71c,bsig_f61a89a0172a79f5d96cd71c,0.03697604544117261,True,,
obs_93659ee4b3b5fdadf510315f,obs_062eb3c1dd90468a63227d7f,derived_control,derived_control,parameter_matched_null_control,parameter_matched_null_control,bsig_f61a89a0172a79f5d96cd71c,bsig_f61a89a0172a79f5d96cd71c,0.01593842525355609,True,,
obs_93659ee4b3b5fdadf510315f,obs_e93f92e26db8b9c29005cc9e,derived_control,derived_control,parameter_matched_null_control,parameter_matched_null_control,bsig_f61a89a0172a79f5d96cd71c,bsig_f61a89a0172a79f5d96cd71c,0.0016401117614926002,True,,
obs_5a7521167226bbafcd5c6ba8,obs_c21d789f14a613fc6b0083e2,derived_control,target,parameter_matched_null_control,target,bsig_f61a89a0172a79f5d96cd71c,bsig_53d374d66c9dffe0861a6d49,0.6437334506800252,True,,
obs_5a7521167226bbafcd5c6ba8,obs_afd8912a0e32fb71b5407b81,derived_control,frozen_control,parameter_matched_null_control,periodic_diagonal_augmented_control,bsig_f61a89a0172a79f5d96cd71c,bsig_c70af5951ff4d9712678a20b,0.6883919133662574,True,,
obs_5a7521167226bbafcd5c6ba8,obs_ed1f0ceddbbf708b259ea1a6,derived_control,target,parameter_matched_null_control,target,bsig_f61a89a0172a79f5d96cd71c,bsig_53d374d66c9dffe0861a6d49,0.656551534580252,True,,
obs_5a7521167226bbafcd5c6ba8,obs_46ade388243f3a4581ba4489,derived_control,frozen_control,parameter_matched_null_control,periodic_diagonal_augmented_control,bsig_f61a89a0172a79f5d96cd71c,bsig_c70af5951ff4d9712678a20b,0.6980291015748742,True,,
obs_5a7521167226bbafcd5c6ba8,obs_8de73c59341ac382087fba03,derived_control,target,parameter_matched_null_control,target,bsig_f61a89a0172a79f5d96cd71c,bsig_53d374d66c9dffe0861a6d49,0.6057338525266064,True,,
obs_5a7521167226bbafcd5c6ba8,obs_4b958084812d6435763f9a05,derived_control,frozen_control,parameter_matched_null_control,periodic_diagonal_augmented_control,bsig_f61a89a0172a79f5d96cd71c,bsig_1364358a857deba241e04538,0.62887145695287,True,,
obs_5a7521167226bbafcd5c6ba8,obs_ea0aca853f3046642f451b7d,derived_control,target,parameter_matched_null_control,target,bsig_f61a89a0172a79f5d96cd71c,bsig_53d374d66c9dffe0861a6d49,0.6201266444767198,True,,
obs_5a7521167226bbafcd5c6ba8,obs_1163ec91dc845e4ed94d462a,derived_control,frozen_control,parameter_matched_null_control,periodic_diagonal_augmented_control,bsig_f61a89a0172a79f5d96cd71c,bsig_1364358a857deba241e04538,0.6420044813292872,True,,
obs_5a7521167226bbafcd5c6ba8,obs_d6eeaa59b08b0f1c4897f8db,derived_control,target,parameter_matched_null_control,target,bsig_f61a89a0172a79f5d96cd71c,bsig_53d374d66c9dffe0861a6d49,0.6425682411205192,True,,
obs_5a7521167226bbafcd5c6ba8,obs_86701919f4db014d1d236f54,derived_control,frozen_control,parameter_matched_null_control,periodic_diagonal_augmented_control,bsig_f61a89a0172a79f5d96cd71c,bsig_53d374d66c9dffe0861a6d49,0.6062514653532539,True,,
obs_5a7521167226bbafcd5c6ba8,obs_8c347ec96417e5677cdb8ad0,derived_control,target,parameter_matched_null_control,target,bsig_f61a89a0172a79f5d96cd71c,bsig_53d374d66c9dffe0861a6d49,0.6554808119821973,True,,
obs_5a7521167226bbafcd5c6ba8,obs_624a249c44d428f10aa73463,derived_control,frozen_control,parameter_matched_null_control,periodic_diagonal_augmented_control,bsig_f61a89a0172a79f5d96cd71c,bsig_53d374d66c9dffe0861a6d49,0.6213056348543877,True,,
obs_5a7521167226bbafcd5c6ba8,obs_e43b79a2ef68469ae989ae1e,derived_control,derived_control,parameter_matched_null_control,shuffled_structure_control,bsig_f61a89a0172a79f5d96cd71c,bsig_bb01a7c1d0ca9b191d52310d,0.6437334506800252,True,,
obs_5a7521167226bbafcd5c6ba8,obs_c887eb3bf0ab4011d4084e3a,derived_control,derived_control,parameter_matched_null_control,shuffled_structure_control,bsig_f61a89a0172a79f5d96cd71c,bsig_bb01a7c1d0ca9b191d52310d,0.656551534580252,True,,
obs_5a7521167226bbafcd5c6ba8,obs_57e35110e54898bdbe032c98,derived_control,derived_control,parameter_matched_null_control,shuffled_structure_control,bsig_f61a89a0172a79f5d96cd71c,bsig_bb01a7c1d0ca9b191d52310d,0.6057338525266064,True,,
obs_5a7521167226bbafcd5c6ba8,obs_2d439625692f7d83d54dd8c5,derived_control,derived_control,parameter_matched_null_control,shuffled_structure_control,bsig_f61a89a0172a79f5d96cd71c,bsig_bb01a7c1d0ca9b191d52310d,0.6201266444767198,True,,
obs_5a7521167226bbafcd5c6ba8,obs_ee93d740f305035b42ac22c5,derived_control,derived_control,parameter_matched_null_control,shuffled_structure_control,bsig_f61a89a0172a79f5d96cd71c,bsig_bb01a7c1d0ca9b191d52310d,0.6425682411205192,True,,
obs_5a7521167226bbafcd5c6ba8,obs_590502ed80ee4f9526a00243,derived_control,derived_control,parameter_matched_null_control,shuffled_structure_control,bsig_f61a89a0172a79f5d96cd71c,bsig_bb01a7c1d0ca9b191d52310d,0.6554808119821973,True,,
obs_5a7521167226bbafcd5c6ba8,obs_cd8cd88cb9618af0705bbf06,derived_control,derived_control,parameter_matched_null_control,randomized_edge_control,bsig_f61a89a0172a79f5d96cd71c,bsig_3b1c1a5f56bb03b20611587b,0.6437334506800252,True,,
obs_5a7521167226bbafcd5c6ba8,obs_448f4e11eb5a27dd4f60b644,derived_control,derived_control,parameter_matched_null_control,randomized_edge_control,bsig_f61a89a0172a79f5d96cd71c,bsig_3b1c1a5f56bb03b20611587b,0.656551534580252,True,,
obs_5a7521167226bbafcd5c6ba8,obs_fa7bd1db2d6a1d5f66733a16,derived_control,derived_control,parameter_matched_null_control,randomized_edge_control,bsig_f61a89a0172a79f5d96cd71c,bsig_3b1c1a5f56bb03b20611587b,0.6057338525266064,True,,
obs_5a7521167226bbafcd5c6ba8,obs_3f3cbf5fee77e89478120a3b,derived_control,derived_control,parameter_matched_null_control,randomized_edge_control,bsig_f61a89a0172a79f5d96cd71c,bsig_3b1c1a5f56bb03b20611587b,0.6201266444767198,True,,
obs_5a7521167226bbafcd5c6ba8,obs_ddbc298f7c4df1aede53d5d6,derived_control,derived_control,parameter_matched_null_control,randomized_edge_control,bsig_f61a89a0172a79f5d96cd71c,bsig_3b1c1a5f56bb03b20611587b,0.6425682411205192,True,,
obs_5a7521167226bbafcd5c6ba8,obs_3f2760e857afefe81bf772fe,derived_control,derived_control,parameter_matched_null_control,randomized_edge_control,bsig_f61a89a0172a79f5d96cd71c,bsig_3b1c1a5f56bb03b20611587b,0.6554808119821973,True,,
obs_5a7521167226bbafcd5c6ba8,obs_1aa1fc186c905e7ffa16d2d4,derived_control,derived_control,parameter_matched_null_control,degraded_signal_control,bsig_f61a89a0172a79f5d96cd71c,bsig_8527b27b7d47cca4b9594df9,0.6394544447412545,True,,
obs_5a7521167226bbafcd5c6ba8,obs_e9c8066d01dd67e1f9d375ef,derived_control,derived_control,parameter_matched_null_control,degraded_signal_control,bsig_f61a89a0172a79f5d96cd71c,bsig_1095c101d561009a130e1133,0.6522725286414811,True,,
obs_5a7521167226bbafcd5c6ba8,obs_aabd161899dc613ecf88b1d9,derived_control,derived_control,parameter_matched_null_control,degraded_signal_control,bsig_f61a89a0172a79f5d96cd71c,bsig_5fc2cc8106fba2b64bc8c905,0.6014076323286481,True,,
obs_5a7521167226bbafcd5c6ba8,obs_322c862d474a379bd8df7674,derived_control,derived_control,parameter_matched_null_control,degraded_signal_control,bsig_f61a89a0172a79f5d96cd71c,bsig_1095c101d561009a130e1133,0.6158004242787615,True,,
obs_5a7521167226bbafcd5c6ba8,obs_4ef6a9c1a3b2d0659064e20b,derived_control,derived_control,parameter_matched_null_control,degraded_signal_control,bsig_f61a89a0172a79f5d96cd71c,bsig_8527b27b7d47cca4b9594df9,0.6381910709816234,True,,
obs_5a7521167226bbafcd5c6ba8,obs_7d8b6ee929f2a0a0cf7af8f5,derived_control,derived_control,parameter_matched_null_control,degraded_signal_control,bsig_f61a89a0172a79f5d96cd71c,bsig_1095c101d561009a130e1133,0.6511036418433015,True,,
obs_5a7521167226bbafcd5c6ba8,obs_b41d2dded4b9ccd5ecd128d5,derived_control,derived_control,parameter_matched_null_control,label_permutation_control,bsig_f61a89a0172a79f5d96cd71c,bsig_8e7a52f1a727043c61e5d5c2,0.6437334506800252,True,,
obs_5a7521167226bbafcd5c6ba8,obs_a3582497f15ead2a2fc1280f,derived_control,derived_control,parameter_matched_null_control,label_permutation_control,bsig_f61a89a0172a79f5d96cd71c,bsig_8e7a52f1a727043c61e5d5c2,0.656551534580252,True,,
obs_5a7521167226bbafcd5c6ba8,obs_f855844ba74f991c9ab0ba6d,derived_control,derived_control,parameter_matched_null_control,label_permutation_control,bsig_f61a89a0172a79f5d96cd71c,bsig_8e7a52f1a727043c61e5d5c2,0.6057338525266064,True,,
obs_5a7521167226bbafcd5c6ba8,obs_20877377330b5094380e86df,derived_control,derived_control,parameter_matched_null_control,label_permutation_control,bsig_f61a89a0172a79f5d96cd71c,bsig_8e7a52f1a727043c61e5d5c2,0.6201266444767198,True,,
obs_5a7521167226bbafcd5c6ba8,obs_8d92e32fec459dd0746ec799,derived_control,derived_control,parameter_matched_null_control,label_permutation_control,bsig_f61a89a0172a79f5d96cd71c,bsig_8e7a52f1a727043c61e5d5c2,0.6425682411205192,True,,
obs_5a7521167226bbafcd5c6ba8,obs_11180e544727ce850ebf3a6a,derived_control,derived_control,parameter_matched_null_control,label_permutation_control,bsig_f61a89a0172a79f5d96cd71c,bsig_8e7a52f1a727043c61e5d5c2,0.6554808119821973,True,,
obs_5a7521167226bbafcd5c6ba8,obs_979ad629051487c82499339e,derived_control,derived_control,parameter_matched_null_control,generic_graph_operator_control,bsig_f61a89a0172a79f5d96cd71c,bsig_793bb0a29a9abfe233b6d670,0.7554337873803619,True,,
obs_5a7521167226bbafcd5c6ba8,obs_2c0e6630085a94e0f0b4dd07,derived_control,derived_control,parameter_matched_null_control,generic_graph_operator_control,bsig_f61a89a0172a79f5d96cd71c,bsig_793bb0a29a9abfe233b6d670,0.7682518712805887,True,,
obs_5a7521167226bbafcd5c6ba8,obs_0033e7ce631563262f7b0bbe,derived_control,derived_control,parameter_matched_null_control,generic_graph_operator_control,bsig_f61a89a0172a79f5d96cd71c,bsig_793bb0a29a9abfe233b6d670,0.7527877245804785,True,,
obs_5a7521167226bbafcd5c6ba8,obs_118430be7d682f480e3902ea,derived_control,derived_control,parameter_matched_null_control,generic_graph_operator_control,bsig_f61a89a0172a79f5d96cd71c,bsig_793bb0a29a9abfe233b6d670,0.7671805165305918,True,,
obs_5a7521167226bbafcd5c6ba8,obs_8f4c211fcf3841317e300fd0,derived_control,derived_control,parameter_matched_null_control,generic_graph_operator_control,bsig_f61a89a0172a79f5d96cd71c,bsig_793bb0a29a9abfe233b6d670,0.754268577820856,True,,
obs_5a7521167226bbafcd5c6ba8,obs_ae30906415b62baef858fb35,derived_control,derived_control,parameter_matched_null_control,generic_graph_operator_control,bsig_f61a89a0172a79f5d96cd71c,bsig_793bb0a29a9abfe233b6d670,0.767181148682534,True,,
obs_5a7521167226bbafcd5c6ba8,obs_2b1c4b4fddba864cb9f9f25f,derived_control,derived_control,parameter_matched_null_control,seed_repeat_control,bsig_f61a89a0172a79f5d96cd71c,bsig_53d374d66c9dffe0861a6d49,0.6437334506800252,True,,
obs_5a7521167226bbafcd5c6ba8,obs_65dfe5e65cb70d7cb499d482,derived_control,derived_control,parameter_matched_null_control,seed_repeat_control,bsig_f61a89a0172a79f5d96cd71c,bsig_53d374d66c9dffe0861a6d49,0.656551534580252,True,,
obs_5a7521167226bbafcd5c6ba8,obs_f622bfcc3394ff0a255f9f83,derived_control,derived_control,parameter_matched_null_control,seed_repeat_control,bsig_f61a89a0172a79f5d96cd71c,bsig_53d374d66c9dffe0861a6d49,0.6057338525266064,True,,
obs_5a7521167226bbafcd5c6ba8,obs_57728f48826a986fe1ea83d9,derived_control,derived_control,parameter_matched_null_control,seed_repeat_control,bsig_f61a89a0172a79f5d96cd71c,bsig_53d374d66c9dffe0861a6d49,0.6201266444767198,True,,
obs_5a7521167226bbafcd5c6ba8,obs_c740a30388dc20122927f42a,derived_control,derived_control,parameter_matched_null_control,seed_repeat_control,bsig_f61a89a0172a79f5d96cd71c,bsig_53d374d66c9dffe0861a6d49,0.6425682411205192,True,,
obs_5a7521167226bbafcd5c6ba8,obs_04fbf535deaa3a11fe4345ca,derived_control,derived_control,parameter_matched_null_control,seed_repeat_control,bsig_f61a89a0172a79f5d96cd71c,bsig_53d374d66c9dffe0861a6d49,0.6554808119821973,True,,
obs_5a7521167226bbafcd5c6ba8,obs_d36d9fb3b1f089bbbf821e5c,derived_control,derived_control,parameter_matched_null_control,parameter_matched_null_control,bsig_f61a89a0172a79f5d96cd71c,bsig_f61a89a0172a79f5d96cd71c,0.03798386006702295,True,,
obs_5a7521167226bbafcd5c6ba8,obs_93659ee4b3b5fdadf510315f,derived_control,derived_control,parameter_matched_null_control,parameter_matched_null_control,bsig_f61a89a0172a79f5d96cd71c,bsig_f61a89a0172a79f5d96cd71c,0.050801943967249706,True,,
obs_5a7521167226bbafcd5c6ba8,obs_5a7521167226bbafcd5c6ba8,derived_control,derived_control,parameter_matched_null_control,parameter_matched_null_control,bsig_f61a89a0172a79f5d96cd71c,bsig_f61a89a0172a79f5d96cd71c,0.0,True,,
obs_5a7521167226bbafcd5c6ba8,obs_9b1c5f0213d9d0fc1a3fff27,derived_control,derived_control,parameter_matched_null_control,parameter_matched_null_control,bsig_f61a89a0172a79f5d96cd71c,bsig_f61a89a0172a79f5d96cd71c,0.014392791950113375,True,,
obs_5a7521167226bbafcd5c6ba8,obs_062eb3c1dd90468a63227d7f,derived_control,derived_control,parameter_matched_null_control,parameter_matched_null_control,bsig_f61a89a0172a79f5d96cd71c,bsig_f61a89a0172a79f5d96cd71c,0.036851371907558654,True,,
obs_5a7521167226bbafcd5c6ba8,obs_e93f92e26db8b9c29005cc9e,derived_control,derived_control,parameter_matched_null_control,parameter_matched_null_control,bsig_f61a89a0172a79f5d96cd71c,bsig_f61a89a0172a79f5d96cd71c,0.04976394276923666,True,,
obs_9b1c5f0213d9d0fc1a3fff27,obs_c21d789f14a613fc6b0083e2,derived_control,target,parameter_matched_null_control,target,bsig_f61a89a0172a79f5d96cd71c,bsig_53d374d66c9dffe0861a6d49,0.6573073990927236,True,,
obs_9b1c5f0213d9d0fc1a3fff27,obs_afd8912a0e32fb71b5407b81,derived_control,frozen_control,parameter_matched_null_control,periodic_diagonal_augmented_control,bsig_f61a89a0172a79f5d96cd71c,bsig_c70af5951ff4d9712678a20b,0.7019658617789558,True,,
obs_9b1c5f0213d9d0fc1a3fff27,obs_ed1f0ceddbbf708b259ea1a6,derived_control,target,parameter_matched_null_control,target,bsig_f61a89a0172a79f5d96cd71c,bsig_53d374d66c9dffe0861a6d49,0.6427256360541749,True,,
obs_9b1c5f0213d9d0fc1a3fff27,obs_46ade388243f3a4581ba4489,derived_control,frozen_control,parameter_matched_null_control,periodic_diagonal_augmented_control,bsig_f61a89a0172a79f5d96cd71c,bsig_c70af5951ff4d9712678a20b,0.6946592347948288,True,,
obs_9b1c5f0213d9d0fc1a3fff27,obs_8de73c59341ac382087fba03,derived_control,target,parameter_matched_null_control,target,bsig_f61a89a0172a79f5d96cd71c,bsig_53d374d66c9dffe0861a6d49,0.6201266444767198,True,,
obs_9b1c5f0213d9d0fc1a3fff27,obs_4b958084812d6435763f9a05,derived_control,frozen_control,parameter_matched_null_control,periodic_diagonal_augmented_control,bsig_f61a89a0172a79f5d96cd71c,bsig_1364358a857deba241e04538,0.6432012613746387,True,,
obs_9b1c5f0213d9d0fc1a3fff27,obs_ea0aca853f3046642f451b7d,derived_control,target,parameter_matched_null_control,target,bsig_f61a89a0172a79f5d96cd71c,bsig_53d374d66c9dffe0861a6d49,0.6057338525266064,True,,
obs_9b1c5f0213d9d0fc1a3fff27,obs_1163ec91dc845e4ed94d462a,derived_control,frozen_control,parameter_matched_null_control,periodic_diagonal_augmented_control,bsig_f61a89a0172a79f5d96cd71c,bsig_1364358a857deba241e04538,0.6281785828032102,True,,
obs_9b1c5f0213d9d0fc1a3fff27,obs_d6eeaa59b08b0f1c4897f8db,derived_control,target,parameter_matched_null_control,target,bsig_f61a89a0172a79f5d96cd71c,bsig_53d374d66c9dffe0861a6d49,0.6553863335241474,True,,
obs_9b1c5f0213d9d0fc1a3fff27,obs_86701919f4db014d1d236f54,derived_control,frozen_control,parameter_matched_null_control,periodic_diagonal_augmented_control,bsig_f61a89a0172a79f5d96cd71c,bsig_53d374d66c9dffe0861a6d49,0.6206442573033674,True,,
obs_9b1c5f0213d9d0fc1a3fff27,obs_8c347ec96417e5677cdb8ad0,derived_control,target,parameter_matched_null_control,target,bsig_f61a89a0172a79f5d96cd71c,bsig_53d374d66c9dffe0861a6d49,0.6410880200320839,True,,
obs_9b1c5f0213d9d0fc1a3fff27,obs_624a249c44d428f10aa73463,derived_control,frozen_control,parameter_matched_null_control,periodic_diagonal_augmented_control,bsig_f61a89a0172a79f5d96cd71c,bsig_53d374d66c9dffe0861a6d49,0.6074797363283106,True,,
obs_9b1c5f0213d9d0fc1a3fff27,obs_e43b79a2ef68469ae989ae1e,derived_control,derived_control,parameter_matched_null_control,shuffled_structure_control,bsig_f61a89a0172a79f5d96cd71c,bsig_bb01a7c1d0ca9b191d52310d,0.6573073990927236,True,,
obs_9b1c5f0213d9d0fc1a3fff27,obs_c887eb3bf0ab4011d4084e3a,derived_control,derived_control,parameter_matched_null_control,shuffled_structure_control,bsig_f61a89a0172a79f5d96cd71c,bsig_bb01a7c1d0ca9b191d52310d,0.6427256360541749,True,,
obs_9b1c5f0213d9d0fc1a3fff27,obs_57e35110e54898bdbe032c98,derived_control,derived_control,parameter_matched_null_control,shuffled_structure_control,bsig_f61a89a0172a79f5d96cd71c,bsig_bb01a7c1d0ca9b191d52310d,0.6201266444767198,True,,
obs_9b1c5f0213d9d0fc1a3fff27,obs_2d439625692f7d83d54dd8c5,derived_control,derived_control,parameter_matched_null_control,shuffled_structure_control,bsig_f61a89a0172a79f5d96cd71c,bsig_bb01a7c1d0ca9b191d52310d,0.6057338525266064,True,,
obs_9b1c5f0213d9d0fc1a3fff27,obs_ee93d740f305035b42ac22c5,derived_control,derived_control,parameter_matched_null_control,shuffled_structure_control,bsig_f61a89a0172a79f5d96cd71c,bsig_bb01a7c1d0ca9b191d52310d,0.6553863335241474,True,,
obs_9b1c5f0213d9d0fc1a3fff27,obs_590502ed80ee4f9526a00243,derived_control,derived_control,parameter_matched_null_control,shuffled_structure_control,bsig_f61a89a0172a79f5d96cd71c,bsig_bb01a7c1d0ca9b191d52310d,0.6410880200320839,True,,
obs_9b1c5f0213d9d0fc1a3fff27,obs_cd8cd88cb9618af0705bbf06,derived_control,derived_control,parameter_matched_null_control,randomized_edge_control,bsig_f61a89a0172a79f5d96cd71c,bsig_3b1c1a5f56bb03b20611587b,0.6573073990927236,True,,
obs_9b1c5f0213d9d0fc1a3fff27,obs_448f4e11eb5a27dd4f60b644,derived_control,derived_control,parameter_matched_null_control,randomized_edge_control,bsig_f61a89a0172a79f5d96cd71c,bsig_3b1c1a5f56bb03b20611587b,0.6427256360541749,True,,
obs_9b1c5f0213d9d0fc1a3fff27,obs_fa7bd1db2d6a1d5f66733a16,derived_control,derived_control,parameter_matched_null_control,randomized_edge_control,bsig_f61a89a0172a79f5d96cd71c,bsig_3b1c1a5f56bb03b20611587b,0.6201266444767198,True,,
obs_9b1c5f0213d9d0fc1a3fff27,obs_3f3cbf5fee77e89478120a3b,derived_control,derived_control,parameter_matched_null_control,randomized_edge_control,bsig_f61a89a0172a79f5d96cd71c,bsig_3b1c1a5f56bb03b20611587b,0.6057338525266064,True,,
obs_9b1c5f0213d9d0fc1a3fff27,obs_ddbc298f7c4df1aede53d5d6,derived_control,derived_control,parameter_matched_null_control,randomized_edge_control,bsig_f61a89a0172a79f5d96cd71c,bsig_3b1c1a5f56bb03b20611587b,0.6553863335241474,True,,
obs_9b1c5f0213d9d0fc1a3fff27,obs_3f2760e857afefe81bf772fe,derived_control,derived_control,parameter_matched_null_control,randomized_edge_control,bsig_f61a89a0172a79f5d96cd71c,bsig_3b1c1a5f56bb03b20611587b,0.6410880200320839,True,,
obs_9b1c5f0213d9d0fc1a3fff27,obs_1aa1fc186c905e7ffa16d2d4,derived_control,derived_control,parameter_matched_null_control,degraded_signal_control,bsig_f61a89a0172a79f5d96cd71c,bsig_8527b27b7d47cca4b9594df9,0.6530283931539528,True,,
obs_9b1c5f0213d9d0fc1a3fff27,obs_e9c8066d01dd67e1f9d375ef,derived_control,derived_control,parameter_matched_null_control,degraded_signal_control,bsig_f61a89a0172a79f5d96cd71c,bsig_1095c101d561009a130e1133,0.638446630115404,True,,
obs_9b1c5f0213d9d0fc1a3fff27,obs_aabd161899dc613ecf88b1d9,derived_control,derived_control,parameter_matched_null_control,degraded_signal_control,bsig_f61a89a0172a79f5d96cd71c,bsig_5fc2cc8106fba2b64bc8c905,0.6158004242787615,True,,
obs_9b1c5f0213d9d0fc1a3fff27,obs_322c862d474a379bd8df7674,derived_control,derived_control,parameter_matched_null_control,degraded_signal_control,bsig_f61a89a0172a79f5d96cd71c,bsig_1095c101d561009a130e1133,0.6014076323286481,True,,
obs_9b1c5f0213d9d0fc1a3fff27,obs_4ef6a9c1a3b2d0659064e20b,derived_control,derived_control,parameter_matched_null_control,degraded_signal_control,bsig_f61a89a0172a79f5d96cd71c,bsig_8527b27b7d47cca4b9594df9,0.6510091633852516,True,,
obs_9b1c5f0213d9d0fc1a3fff27,obs_7d8b6ee929f2a0a0cf7af8f5,derived_control,derived_control,parameter_matched_null_control,degraded_signal_control,bsig_f61a89a0172a79f5d96cd71c,bsig_1095c101d561009a130e1133,0.636710849893188,True,,
obs_9b1c5f0213d9d0fc1a3fff27,obs_b41d2dded4b9ccd5ecd128d5,derived_control,derived_control,parameter_matched_null_control,label_permutation_control,bsig_f61a89a0172a79f5d96cd71c,bsig_8e7a52f1a727043c61e5d5c2,0.6573073990927236,True,,
obs_9b1c5f0213d9d0fc1a3fff27,obs_a3582497f15ead2a2fc1280f,derived_control,derived_control,parameter_matched_null_control,label_permutation_control,bsig_f61a89a0172a79f5d96cd71c,bsig_8e7a52f1a727043c61e5d5c2,0.6427256360541749,True,,
obs_9b1c5f0213d9d0fc1a3fff27,obs_f855844ba74f991c9ab0ba6d,derived_control,derived_control,parameter_matched_null_control,label_permutation_control,bsig_f61a89a0172a79f5d96cd71c,bsig_8e7a52f1a727043c61e5d5c2,0.6201266444767198,True,,
obs_9b1c5f0213d9d0fc1a3fff27,obs_20877377330b5094380e86df,derived_control,derived_control,parameter_matched_null_control,label_permutation_control,bsig_f61a89a0172a79f5d96cd71c,bsig_8e7a52f1a727043c61e5d5c2,0.6057338525266064,True,,
obs_9b1c5f0213d9d0fc1a3fff27,obs_8d92e32fec459dd0746ec799,derived_control,derived_control,parameter_matched_null_control,label_permutation_control,bsig_f61a89a0172a79f5d96cd71c,bsig_8e7a52f1a727043c61e5d5c2,0.6553863335241474,True,,
obs_9b1c5f0213d9d0fc1a3fff27,obs_11180e544727ce850ebf3a6a,derived_control,derived_control,parameter_matched_null_control,label_permutation_control,bsig_f61a89a0172a79f5d96cd71c,bsig_8e7a52f1a727043c61e5d5c2,0.6410880200320839,True,,
obs_9b1c5f0213d9d0fc1a3fff27,obs_979ad629051487c82499339e,derived_control,derived_control,parameter_matched_null_control,generic_graph_operator_control,bsig_f61a89a0172a79f5d96cd71c,bsig_793bb0a29a9abfe233b6d670,0.7690077357930604,True,,
obs_9b1c5f0213d9d0fc1a3fff27,obs_2c0e6630085a94e0f0b4dd07,derived_control,derived_control,parameter_matched_null_control,generic_graph_operator_control,bsig_f61a89a0172a79f5d96cd71c,bsig_793bb0a29a9abfe233b6d670,0.7544259727545116,True,,
obs_9b1c5f0213d9d0fc1a3fff27,obs_0033e7ce631563262f7b0bbe,derived_control,derived_control,parameter_matched_null_control,generic_graph_operator_control,bsig_f61a89a0172a79f5d96cd71c,bsig_793bb0a29a9abfe233b6d670,0.7671805165305918,True,,
obs_9b1c5f0213d9d0fc1a3fff27,obs_118430be7d682f480e3902ea,derived_control,derived_control,parameter_matched_null_control,generic_graph_operator_control,bsig_f61a89a0172a79f5d96cd71c,bsig_793bb0a29a9abfe233b6d670,0.7527877245804785,True,,
obs_9b1c5f0213d9d0fc1a3fff27,obs_8f4c211fcf3841317e300fd0,derived_control,derived_control,parameter_matched_null_control,generic_graph_operator_control,bsig_f61a89a0172a79f5d96cd71c,bsig_793bb0a29a9abfe233b6d670,0.7670866702244841,True,,
obs_9b1c5f0213d9d0fc1a3fff27,obs_ae30906415b62baef858fb35,derived_control,derived_control,parameter_matched_null_control,generic_graph_operator_control,bsig_f61a89a0172a79f5d96cd71c,bsig_793bb0a29a9abfe233b6d670,0.7527883567324206,True,,
obs_9b1c5f0213d9d0fc1a3fff27,obs_2b1c4b4fddba864cb9f9f25f,derived_control,derived_control,parameter_matched_null_control,seed_repeat_control,bsig_f61a89a0172a79f5d96cd71c,bsig_53d374d66c9dffe0861a6d49,0.6573073990927236,True,,
obs_9b1c5f0213d9d0fc1a3fff27,obs_65dfe5e65cb70d7cb499d482,derived_control,derived_control,parameter_matched_null_control,seed_repeat_control,bsig_f61a89a0172a79f5d96cd71c,bsig_53d374d66c9dffe0861a6d49,0.6427256360541749,True,,
obs_9b1c5f0213d9d0fc1a3fff27,obs_f622bfcc3394ff0a255f9f83,derived_control,derived_control,parameter_matched_null_control,seed_repeat_control,bsig_f61a89a0172a79f5d96cd71c,bsig_53d374d66c9dffe0861a6d49,0.6201266444767198,True,,
obs_9b1c5f0213d9d0fc1a3fff27,obs_57728f48826a986fe1ea83d9,derived_control,derived_control,parameter_matched_null_control,seed_repeat_control,bsig_f61a89a0172a79f5d96cd71c,bsig_53d374d66c9dffe0861a6d49,0.6057338525266064,True,,
obs_9b1c5f0213d9d0fc1a3fff27,obs_c740a30388dc20122927f42a,derived_control,derived_control,parameter_matched_null_control,seed_repeat_control,bsig_f61a89a0172a79f5d96cd71c,bsig_53d374d66c9dffe0861a6d49,0.6553863335241474,True,,
obs_9b1c5f0213d9d0fc1a3fff27,obs_04fbf535deaa3a11fe4345ca,derived_control,derived_control,parameter_matched_null_control,seed_repeat_control,bsig_f61a89a0172a79f5d96cd71c,bsig_53d374d66c9dffe0861a6d49,0.6410880200320839,True,,
obs_9b1c5f0213d9d0fc1a3fff27,obs_d36d9fb3b1f089bbbf821e5c,derived_control,derived_control,parameter_matched_null_control,parameter_matched_null_control,bsig_f61a89a0172a79f5d96cd71c,bsig_f61a89a0172a79f5d96cd71c,0.05155780847972136,True,,
obs_9b1c5f0213d9d0fc1a3fff27,obs_93659ee4b3b5fdadf510315f,derived_control,derived_control,parameter_matched_null_control,parameter_matched_null_control,bsig_f61a89a0172a79f5d96cd71c,bsig_f61a89a0172a79f5d96cd71c,0.03697604544117261,True,,
obs_9b1c5f0213d9d0fc1a3fff27,obs_5a7521167226bbafcd5c6ba8,derived_control,derived_control,parameter_matched_null_control,parameter_matched_null_control,bsig_f61a89a0172a79f5d96cd71c,bsig_f61a89a0172a79f5d96cd71c,0.014392791950113375,True,,
obs_9b1c5f0213d9d0fc1a3fff27,obs_9b1c5f0213d9d0fc1a3fff27,derived_control,derived_control,parameter_matched_null_control,parameter_matched_null_control,bsig_f61a89a0172a79f5d96cd71c,bsig_f61a89a0172a79f5d96cd71c,0.0,True,,
obs_9b1c5f0213d9d0fc1a3fff27,obs_062eb3c1dd90468a63227d7f,derived_control,derived_control,parameter_matched_null_control,parameter_matched_null_control,bsig_f61a89a0172a79f5d96cd71c,bsig_f61a89a0172a79f5d96cd71c,0.049669464311186774,True,,
obs_9b1c5f0213d9d0fc1a3fff27,obs_e93f92e26db8b9c29005cc9e,derived_control,derived_control,parameter_matched_null_control,parameter_matched_null_control,bsig_f61a89a0172a79f5d96cd71c,bsig_f61a89a0172a79f5d96cd71c,0.03537115081912328,True,,
obs_062eb3c1dd90468a63227d7f,obs_c21d789f14a613fc6b0083e2,derived_control,target,parameter_matched_null_control,target,bsig_f61a89a0172a79f5d96cd71c,bsig_53d374d66c9dffe0861a6d49,0.6076731519209801,True,,
obs_062eb3c1dd90468a63227d7f,obs_afd8912a0e32fb71b5407b81,derived_control,frozen_control,parameter_matched_null_control,periodic_diagonal_augmented_control,bsig_f61a89a0172a79f5d96cd71c,bsig_c70af5951ff4d9712678a20b,0.6523316282188508,True,,
obs_062eb3c1dd90468a63227d7f,obs_ed1f0ceddbbf708b259ea1a6,derived_control,target,parameter_matched_null_control,target,bsig_f61a89a0172a79f5d96cd71c,bsig_53d374d66c9dffe0861a6d49,0.6216880158665583,True,,
obs_062eb3c1dd90468a63227d7f,obs_46ade388243f3a4581ba4489,derived_control,frozen_control,parameter_matched_null_control,periodic_diagonal_augmented_control,bsig_f61a89a0172a79f5d96cd71c,bsig_c70af5951ff4d9712678a20b,0.6634175465861978,True,,
obs_062eb3c1dd90468a63227d7f,obs_8de73c59341ac382087fba03,derived_control,target,parameter_matched_null_control,target,bsig_f61a89a0172a79f5d96cd71c,bsig_53d374d66c9dffe0861a6d49,0.6425852244341651,True,,
obs_062eb3c1dd90468a63227d7f,obs_4b958084812d6435763f9a05,derived_control,frozen_control,parameter_matched_null_control,periodic_diagonal_augmented_control,bsig_f61a89a0172a79f5d96cd71c,bsig_1364358a857deba241e04538,0.6656247180705784,True,,
obs_062eb3c1dd90468a63227d7f,obs_ea0aca853f3046642f451b7d,derived_control,target,parameter_matched_null_control,target,bsig_f61a89a0172a79f5d96cd71c,bsig_53d374d66c9dffe0861a6d49,0.6554033168377932,True,,
obs_062eb3c1dd90468a63227d7f,obs_1163ec91dc845e4ed94d462a,derived_control,frozen_control,parameter_matched_null_control,periodic_diagonal_augmented_control,bsig_f61a89a0172a79f5d96cd71c,bsig_1364358a857deba241e04538,0.6778129238528914,True,,
obs_062eb3c1dd90468a63227d7f,obs_d6eeaa59b08b0f1c4897f8db,derived_control,target,parameter_matched_null_control,target,bsig_f61a89a0172a79f5d96cd71c,bsig_53d374d66c9dffe0861a6d49,0.6057168692129606,True,,
obs_062eb3c1dd90468a63227d7f,obs_86701919f4db014d1d236f54,derived_control,frozen_control,parameter_matched_null_control,periodic_diagonal_augmented_control,bsig_f61a89a0172a79f5d96cd71c,bsig_53d374d66c9dffe0861a6d49,0.6431027772278812,True,,
obs_062eb3c1dd90468a63227d7f,obs_8c347ec96417e5677cdb8ad0,derived_control,target,parameter_matched_null_control,target,bsig_f61a89a0172a79f5d96cd71c,bsig_53d374d66c9dffe0861a6d49,0.6200151827050241,True,,
obs_062eb3c1dd90468a63227d7f,obs_624a249c44d428f10aa73463,derived_control,frozen_control,parameter_matched_null_control,periodic_diagonal_augmented_control,bsig_f61a89a0172a79f5d96cd71c,bsig_53d374d66c9dffe0861a6d49,0.6571491406065659,True,,
obs_062eb3c1dd90468a63227d7f,obs_e43b79a2ef68469ae989ae1e,derived_control,derived_control,parameter_matched_null_control,shuffled_structure_control,bsig_f61a89a0172a79f5d96cd71c,bsig_bb01a7c1d0ca9b191d52310d,0.6076731519209801,True,,
obs_062eb3c1dd90468a63227d7f,obs_c887eb3bf0ab4011d4084e3a,derived_control,derived_control,parameter_matched_null_control,shuffled_structure_control,bsig_f61a89a0172a79f5d96cd71c,bsig_bb01a7c1d0ca9b191d52310d,0.6216880158665583,True,,
obs_062eb3c1dd90468a63227d7f,obs_57e35110e54898bdbe032c98,derived_control,derived_control,parameter_matched_null_control,shuffled_structure_control,bsig_f61a89a0172a79f5d96cd71c,bsig_bb01a7c1d0ca9b191d52310d,0.6425852244341651,True,,
obs_062eb3c1dd90468a63227d7f,obs_2d439625692f7d83d54dd8c5,derived_control,derived_control,parameter_matched_null_control,shuffled_structure_control,bsig_f61a89a0172a79f5d96cd71c,bsig_bb01a7c1d0ca9b191d52310d,0.6554033168377932,True,,
obs_062eb3c1dd90468a63227d7f,obs_ee93d740f305035b42ac22c5,derived_control,derived_control,parameter_matched_null_control,shuffled_structure_control,bsig_f61a89a0172a79f5d96cd71c,bsig_bb01a7c1d0ca9b191d52310d,0.6057168692129606,True,,
obs_062eb3c1dd90468a63227d7f,obs_590502ed80ee4f9526a00243,derived_control,derived_control,parameter_matched_null_control,shuffled_structure_control,bsig_f61a89a0172a79f5d96cd71c,bsig_bb01a7c1d0ca9b191d52310d,0.6200151827050241,True,,
obs_062eb3c1dd90468a63227d7f,obs_cd8cd88cb9618af0705bbf06,derived_control,derived_control,parameter_matched_null_control,randomized_edge_control,bsig_f61a89a0172a79f5d96cd71c,bsig_3b1c1a5f56bb03b20611587b,0.6076731519209801,True,,
obs_062eb3c1dd90468a63227d7f,obs_448f4e11eb5a27dd4f60b644,derived_control,derived_control,parameter_matched_null_control,randomized_edge_control,bsig_f61a89a0172a79f5d96cd71c,bsig_3b1c1a5f56bb03b20611587b,0.6216880158665583,True,,
obs_062eb3c1dd90468a63227d7f,obs_fa7bd1db2d6a1d5f66733a16,derived_control,derived_control,parameter_matched_null_control,randomized_edge_control,bsig_f61a89a0172a79f5d96cd71c,bsig_3b1c1a5f56bb03b20611587b,0.6425852244341651,True,,
obs_062eb3c1dd90468a63227d7f,obs_3f3cbf5fee77e89478120a3b,derived_control,derived_control,parameter_matched_null_control,randomized_edge_control,bsig_f61a89a0172a79f5d96cd71c,bsig_3b1c1a5f56bb03b20611587b,0.6554033168377932,True,,
obs_062eb3c1dd90468a63227d7f,obs_ddbc298f7c4df1aede53d5d6,derived_control,derived_control,parameter_matched_null_control,randomized_edge_control,bsig_f61a89a0172a79f5d96cd71c,bsig_3b1c1a5f56bb03b20611587b,0.6057168692129606,True,,
obs_062eb3c1dd90468a63227d7f,obs_3f2760e857afefe81bf772fe,derived_control,derived_control,parameter_matched_null_control,randomized_edge_control,bsig_f61a89a0172a79f5d96cd71c,bsig_3b1c1a5f56bb03b20611587b,0.6200151827050241,True,,
obs_062eb3c1dd90468a63227d7f,obs_1aa1fc186c905e7ffa16d2d4,derived_control,derived_control,parameter_matched_null_control,degraded_signal_control,bsig_f61a89a0172a79f5d96cd71c,bsig_8527b27b7d47cca4b9594df9,0.6033941459822093,True,,
obs_062eb3c1dd90468a63227d7f,obs_e9c8066d01dd67e1f9d375ef,derived_control,derived_control,parameter_matched_null_control,degraded_signal_control,bsig_f61a89a0172a79f5d96cd71c,bsig_1095c101d561009a130e1133,0.6174090099277876,True,,
obs_062eb3c1dd90468a63227d7f,obs_aabd161899dc613ecf88b1d9,derived_control,derived_control,parameter_matched_null_control,degraded_signal_control,bsig_f61a89a0172a79f5d96cd71c,bsig_5fc2cc8106fba2b64bc8c905,0.6382590042362067,True,,
obs_062eb3c1dd90468a63227d7f,obs_322c862d474a379bd8df7674,derived_control,derived_control,parameter_matched_null_control,degraded_signal_control,bsig_f61a89a0172a79f5d96cd71c,bsig_1095c101d561009a130e1133,0.6510770966398349,True,,
obs_062eb3c1dd90468a63227d7f,obs_4ef6a9c1a3b2d0659064e20b,derived_control,derived_control,parameter_matched_null_control,degraded_signal_control,bsig_f61a89a0172a79f5d96cd71c,bsig_8527b27b7d47cca4b9594df9,0.6013396990740648,True,,
obs_062eb3c1dd90468a63227d7f,obs_7d8b6ee929f2a0a0cf7af8f5,derived_control,derived_control,parameter_matched_null_control,degraded_signal_control,bsig_f61a89a0172a79f5d96cd71c,bsig_1095c101d561009a130e1133,0.6156380125661283,True,,
obs_062eb3c1dd90468a63227d7f,obs_b41d2dded4b9ccd5ecd128d5,derived_control,derived_control,parameter_matched_null_control,label_permutation_control,bsig_f61a89a0172a79f5d96cd71c,bsig_8e7a52f1a727043c61e5d5c2,0.6076731519209801,True,,
obs_062eb3c1dd90468a63227d7f,obs_a3582497f15ead2a2fc1280f,derived_control,derived_control,parameter_matched_null_control,label_permutation_control,bsig_f61a89a0172a79f5d96cd71c,bsig_8e7a52f1a727043c61e5d5c2,0.6216880158665583,True,,
obs_062eb3c1dd90468a63227d7f,obs_f855844ba74f991c9ab0ba6d,derived_control,derived_control,parameter_matched_null_control,label_permutation_control,bsig_f61a89a0172a79f5d96cd71c,bsig_8e7a52f1a727043c61e5d5c2,0.6425852244341651,True,,
obs_062eb3c1dd90468a63227d7f,obs_20877377330b5094380e86df,derived_control,derived_control,parameter_matched_null_control,label_permutation_control,bsig_f61a89a0172a79f5d96cd71c,bsig_8e7a52f1a727043c61e5d5c2,0.6554033168377932,True,,
obs_062eb3c1dd90468a63227d7f,obs_8d92e32fec459dd0746ec799,derived_control,derived_control,parameter_matched_null_control,label_permutation_control,bsig_f61a89a0172a79f5d96cd71c,bsig_8e7a52f1a727043c61e5d5c2,0.6057168692129606,True,,
obs_062eb3c1dd90468a63227d7f,obs_11180e544727ce850ebf3a6a,derived_control,derived_control,parameter_matched_null_control,label_permutation_control,bsig_f61a89a0172a79f5d96cd71c,bsig_8e7a52f1a727043c61e5d5c2,0.6200151827050241,True,,
obs_062eb3c1dd90468a63227d7f,obs_979ad629051487c82499339e,derived_control,derived_control,parameter_matched_null_control,generic_graph_operator_control,bsig_f61a89a0172a79f5d96cd71c,bsig_793bb0a29a9abfe233b6d670,0.7530435222913505,True,,
obs_062eb3c1dd90468a63227d7f,obs_2c0e6630085a94e0f0b4dd07,derived_control,derived_control,parameter_matched_null_control,generic_graph_operator_control,bsig_f61a89a0172a79f5d96cd71c,bsig_793bb0a29a9abfe233b6d670,0.7670583862369287,True,,
obs_062eb3c1dd90468a63227d7f,obs_0033e7ce631563262f7b0bbe,derived_control,derived_control,parameter_matched_null_control,generic_graph_operator_control,bsig_f61a89a0172a79f5d96cd71c,bsig_793bb0a29a9abfe233b6d670,0.7526020594510001,True,,
obs_062eb3c1dd90468a63227d7f,obs_118430be7d682f480e3902ea,derived_control,derived_control,parameter_matched_null_control,generic_graph_operator_control,bsig_f61a89a0172a79f5d96cd71c,bsig_793bb0a29a9abfe233b6d670,0.7654201518546282,True,,
obs_062eb3c1dd90468a63227d7f,obs_8f4c211fcf3841317e300fd0,derived_control,derived_control,parameter_matched_null_control,generic_graph_operator_control,bsig_f61a89a0172a79f5d96cd71c,bsig_793bb0a29a9abfe233b6d670,0.751087239583331,True,,
obs_062eb3c1dd90468a63227d7f,obs_ae30906415b62baef858fb35,derived_control,derived_control,parameter_matched_null_control,generic_graph_operator_control,bsig_f61a89a0172a79f5d96cd71c,bsig_793bb0a29a9abfe233b6d670,0.7653855530753945,True,,
obs_062eb3c1dd90468a63227d7f,obs_2b1c4b4fddba864cb9f9f25f,derived_control,derived_control,parameter_matched_null_control,seed_repeat_control,bsig_f61a89a0172a79f5d96cd71c,bsig_53d374d66c9dffe0861a6d49,0.6076731519209801,True,,
obs_062eb3c1dd90468a63227d7f,obs_65dfe5e65cb70d7cb499d482,derived_control,derived_control,parameter_matched_null_control,seed_repeat_control,bsig_f61a89a0172a79f5d96cd71c,bsig_53d374d66c9dffe0861a6d49,0.6216880158665583,True,,
obs_062eb3c1dd90468a63227d7f,obs_f622bfcc3394ff0a255f9f83,derived_control,derived_control,parameter_matched_null_control,seed_repeat_control,bsig_f61a89a0172a79f5d96cd71c,bsig_53d374d66c9dffe0861a6d49,0.6425852244341651,True,,
obs_062eb3c1dd90468a63227d7f,obs_57728f48826a986fe1ea83d9,derived_control,derived_control,parameter_matched_null_control,seed_repeat_control,bsig_f61a89a0172a79f5d96cd71c,bsig_53d374d66c9dffe0861a6d49,0.6554033168377932,True,,
obs_062eb3c1dd90468a63227d7f,obs_c740a30388dc20122927f42a,derived_control,derived_control,parameter_matched_null_control,seed_repeat_control,bsig_f61a89a0172a79f5d96cd71c,bsig_53d374d66c9dffe0861a6d49,0.6057168692129606,True,,
obs_062eb3c1dd90468a63227d7f,obs_04fbf535deaa3a11fe4345ca,derived_control,derived_control,parameter_matched_null_control,seed_repeat_control,bsig_f61a89a0172a79f5d96cd71c,bsig_53d374d66c9dffe0861a6d49,0.6200151827050241,True,,
obs_062eb3c1dd90468a63227d7f,obs_d36d9fb3b1f089bbbf821e5c,derived_control,derived_control,parameter_matched_null_control,parameter_matched_null_control,bsig_f61a89a0172a79f5d96cd71c,bsig_f61a89a0172a79f5d96cd71c,0.001923561307977862,True,,
obs_062eb3c1dd90468a63227d7f,obs_93659ee4b3b5fdadf510315f,derived_control,derived_control,parameter_matched_null_control,parameter_matched_null_control,bsig_f61a89a0172a79f5d96cd71c,bsig_f61a89a0172a79f5d96cd71c,0.01593842525355609,True,,
obs_062eb3c1dd90468a63227d7f,obs_5a7521167226bbafcd5c6ba8,derived_control,derived_control,parameter_matched_null_control,parameter_matched_null_control,bsig_f61a89a0172a79f5d96cd71c,bsig_f61a89a0172a79f5d96cd71c,0.036851371907558654,True,,
obs_062eb3c1dd90468a63227d7f,obs_9b1c5f0213d9d0fc1a3fff27,derived_control,derived_control,parameter_matched_null_control,parameter_matched_null_control,bsig_f61a89a0172a79f5d96cd71c,bsig_f61a89a0172a79f5d96cd71c,0.049669464311186774,True,,
obs_062eb3c1dd90468a63227d7f,obs_062eb3c1dd90468a63227d7f,derived_control,derived_control,parameter_matched_null_control,parameter_matched_null_control,bsig_f61a89a0172a79f5d96cd71c,bsig_f61a89a0172a79f5d96cd71c,0.0,True,,
obs_062eb3c1dd90468a63227d7f,obs_e93f92e26db8b9c29005cc9e,derived_control,derived_control,parameter_matched_null_control,parameter_matched_null_control,bsig_f61a89a0172a79f5d96cd71c,bsig_f61a89a0172a79f5d96cd71c,0.01429831349206349,True,,
obs_e93f92e26db8b9c29005cc9e,obs_c21d789f14a613fc6b0083e2,derived_control,target,parameter_matched_null_control,target,bsig_f61a89a0172a79f5d96cd71c,bsig_53d374d66c9dffe0861a6d49,0.6219714654130436,True,,
obs_e93f92e26db8b9c29005cc9e,obs_afd8912a0e32fb71b5407b81,derived_control,frozen_control,parameter_matched_null_control,periodic_diagonal_augmented_control,bsig_f61a89a0172a79f5d96cd71c,bsig_c70af5951ff4d9712678a20b,0.6666299417109143,True,,
obs_e93f92e26db8b9c29005cc9e,obs_ed1f0ceddbbf708b259ea1a6,derived_control,target,parameter_matched_null_control,target,bsig_f61a89a0172a79f5d96cd71c,bsig_53d374d66c9dffe0861a6d49,0.6073897023744949,True,,
obs_e93f92e26db8b9c29005cc9e,obs_46ade388243f3a4581ba4489,derived_control,frozen_control,parameter_matched_null_control,periodic_diagonal_augmented_control,bsig_f61a89a0172a79f5d96cd71c,bsig_c70af5951ff4d9712678a20b,0.6593233147267874,True,,
obs_e93f92e26db8b9c29005cc9e,obs_8de73c59341ac382087fba03,derived_control,target,parameter_matched_null_control,target,bsig_f61a89a0172a79f5d96cd71c,bsig_53d374d66c9dffe0861a6d49,0.6554977952958431,True,,
obs_e93f92e26db8b9c29005cc9e,obs_4b958084812d6435763f9a05,derived_control,frozen_control,parameter_matched_null_control,periodic_diagonal_augmented_control,bsig_f61a89a0172a79f5d96cd71c,bsig_1364358a857deba241e04538,0.6785372889322565,True,,
obs_e93f92e26db8b9c29005cc9e,obs_ea0aca853f3046642f451b7d,derived_control,target,parameter_matched_null_control,target,bsig_f61a89a0172a79f5d96cd71c,bsig_53d374d66c9dffe0861a6d49,0.6411050033457297,True,,
obs_e93f92e26db8b9c29005cc9e,obs_1163ec91dc845e4ed94d462a,derived_control,frozen_control,parameter_matched_null_control,periodic_diagonal_augmented_control,bsig_f61a89a0172a79f5d96cd71c,bsig_1364358a857deba241e04538,0.6635146103608279,True,,
obs_e93f92e26db8b9c29005cc9e,obs_d6eeaa59b08b0f1c4897f8db,derived_control,target,parameter_matched_null_control,target,bsig_f61a89a0172a79f5d96cd71c,bsig_53d374d66c9dffe0861a6d49,0.6200151827050241,True,,
obs_e93f92e26db8b9c29005cc9e,obs_86701919f4db014d1d236f54,derived_control,frozen_control,parameter_matched_null_control,periodic_diagonal_augmented_control,bsig_f61a89a0172a79f5d96cd71c,bsig_53d374d66c9dffe0861a6d49,0.6560153480895592,True,,
obs_e93f92e26db8b9c29005cc9e,obs_8c347ec96417e5677cdb8ad0,derived_control,target,parameter_matched_null_control,target,bsig_f61a89a0172a79f5d96cd71c,bsig_53d374d66c9dffe0861a6d49,0.6057168692129606,True,,
obs_e93f92e26db8b9c29005cc9e,obs_624a249c44d428f10aa73463,derived_control,frozen_control,parameter_matched_null_control,periodic_diagonal_augmented_control,bsig_f61a89a0172a79f5d96cd71c,bsig_53d374d66c9dffe0861a6d49,0.6428508271145025,True,,
obs_e93f92e26db8b9c29005cc9e,obs_e43b79a2ef68469ae989ae1e,derived_control,derived_control,parameter_matched_null_control,shuffled_structure_control,bsig_f61a89a0172a79f5d96cd71c,bsig_bb01a7c1d0ca9b191d52310d,0.6219714654130436,True,,
obs_e93f92e26db8b9c29005cc9e,obs_c887eb3bf0ab4011d4084e3a,derived_control,derived_control,parameter_matched_null_control,shuffled_structure_control,bsig_f61a89a0172a79f5d96cd71c,bsig_bb01a7c1d0ca9b191d52310d,0.6073897023744949,True,,
obs_e93f92e26db8b9c29005cc9e,obs_57e35110e54898bdbe032c98,derived_control,derived_control,parameter_matched_null_control,shuffled_structure_control,bsig_f61a89a0172a79f5d96cd71c,bsig_bb01a7c1d0ca9b191d52310d,0.6554977952958431,True,,
obs_e93f92e26db8b9c29005cc9e,obs_2d439625692f7d83d54dd8c5,derived_control,derived_control,parameter_matched_null_control,shuffled_structure_control,bsig_f61a89a0172a79f5d96cd71c,bsig_bb01a7c1d0ca9b191d52310d,0.6411050033457297,True,,
obs_e93f92e26db8b9c29005cc9e,obs_ee93d740f305035b42ac22c5,derived_control,derived_control,parameter_matched_null_control,shuffled_structure_control,bsig_f61a89a0172a79f5d96cd71c,bsig_bb01a7c1d0ca9b191d52310d,0.6200151827050241,True,,
obs_e93f92e26db8b9c29005cc9e,obs_590502ed80ee4f9526a00243,derived_control,derived_control,parameter_matched_null_control,shuffled_structure_control,bsig_f61a89a0172a79f5d96cd71c,bsig_bb01a7c1d0ca9b191d52310d,0.6057168692129606,True,,
obs_e93f92e26db8b9c29005cc9e,obs_cd8cd88cb9618af0705bbf06,derived_control,derived_control,parameter_matched_null_control,randomized_edge_control,bsig_f61a89a0172a79f5d96cd71c,bsig_3b1c1a5f56bb03b20611587b,0.6219714654130436,True,,
obs_e93f92e26db8b9c29005cc9e,obs_448f4e11eb5a27dd4f60b644,derived_control,derived_control,parameter_matched_null_control,randomized_edge_control,bsig_f61a89a0172a79f5d96cd71c,bsig_3b1c1a5f56bb03b20611587b,0.6073897023744949,True,,
obs_e93f92e26db8b9c29005cc9e,obs_fa7bd1db2d6a1d5f66733a16,derived_control,derived_control,parameter_matched_null_control,randomized_edge_control,bsig_f61a89a0172a79f5d96cd71c,bsig_3b1c1a5f56bb03b20611587b,0.6554977952958431,True,,
obs_e93f92e26db8b9c29005cc9e,obs_3f3cbf5fee77e89478120a3b,derived_control,derived_control,parameter_matched_null_control,randomized_edge_control,bsig_f61a89a0172a79f5d96cd71c,bsig_3b1c1a5f56bb03b20611587b,0.6411050033457297,True,,
obs_e93f92e26db8b9c29005cc9e,obs_ddbc298f7c4df1aede53d5d6,derived_control,derived_control,parameter_matched_null_control,randomized_edge_control,bsig_f61a89a0172a79f5d96cd71c,bsig_3b1c1a5f56bb03b20611587b,0.6200151827050241,True,,
obs_e93f92e26db8b9c29005cc9e,obs_3f2760e857afefe81bf772fe,derived_control,derived_control,parameter_matched_null_control,randomized_edge_control,bsig_f61a89a0172a79f5d96cd71c,bsig_3b1c1a5f56bb03b20611587b,0.6057168692129606,True,,
obs_e93f92e26db8b9c29005cc9e,obs_1aa1fc186c905e7ffa16d2d4,derived_control,derived_control,parameter_matched_null_control,degraded_signal_control,bsig_f61a89a0172a79f5d96cd71c,bsig_8527b27b7d47cca4b9594df9,0.6176924594742728,True,,
obs_e93f92e26db8b9c29005cc9e,obs_e9c8066d01dd67e1f9d375ef,derived_control,derived_control,parameter_matched_null_control,degraded_signal_control,bsig_f61a89a0172a79f5d96cd71c,bsig_1095c101d561009a130e1133,0.603110696435724,True,,
obs_e93f92e26db8b9c29005cc9e,obs_aabd161899dc613ecf88b1d9,derived_control,derived_control,parameter_matched_null_control,degraded_signal_control,bsig_f61a89a0172a79f5d96cd71c,bsig_5fc2cc8106fba2b64bc8c905,0.6511715750978848,True,,
obs_e93f92e26db8b9c29005cc9e,obs_322c862d474a379bd8df7674,derived_control,derived_control,parameter_matched_null_control,degraded_signal_control,bsig_f61a89a0172a79f5d96cd71c,bsig_1095c101d561009a130e1133,0.6367787831477714,True,,
obs_e93f92e26db8b9c29005cc9e,obs_4ef6a9c1a3b2d0659064e20b,derived_control,derived_control,parameter_matched_null_control,degraded_signal_control,bsig_f61a89a0172a79f5d96cd71c,bsig_8527b27b7d47cca4b9594df9,0.6156380125661283,True,,
obs_e93f92e26db8b9c29005cc9e,obs_7d8b6ee929f2a0a0cf7af8f5,derived_control,derived_control,parameter_matched_null_control,degraded_signal_control,bsig_f61a89a0172a79f5d96cd71c,bsig_1095c101d561009a130e1133,0.6013396990740648,True,,
obs_e93f92e26db8b9c29005cc9e,obs_b41d2dded4b9ccd5ecd128d5,derived_control,derived_control,parameter_matched_null_control,label_permutation_control,bsig_f61a89a0172a79f5d96cd71c,bsig_8e7a52f1a727043c61e5d5c2,0.6219714654130436,True,,
obs_e93f92e26db8b9c29005cc9e,obs_a3582497f15ead2a2fc1280f,derived_control,derived_control,parameter_matched_null_control,label_permutation_control,bsig_f61a89a0172a79f5d96cd71c,bsig_8e7a52f1a727043c61e5d5c2,0.6073897023744949,True,,
obs_e93f92e26db8b9c29005cc9e,obs_f855844ba74f991c9ab0ba6d,derived_control,derived_control,parameter_matched_null_control,label_permutation_control,bsig_f61a89a0172a79f5d96cd71c,bsig_8e7a52f1a727043c61e5d5c2,0.6554977952958431,True,,
obs_e93f92e26db8b9c29005cc9e,obs_20877377330b5094380e86df,derived_control,derived_control,parameter_matched_null_control,label_permutation_control,bsig_f61a89a0172a79f5d96cd71c,bsig_8e7a52f1a727043c61e5d5c2,0.6411050033457297,True,,
obs_e93f92e26db8b9c29005cc9e,obs_8d92e32fec459dd0746ec799,derived_control,derived_control,parameter_matched_null_control,label_permutation_control,bsig_f61a89a0172a79f5d96cd71c,bsig_8e7a52f1a727043c61e5d5c2,0.6200151827050241,True,,
obs_e93f92e26db8b9c29005cc9e,obs_11180e544727ce850ebf3a6a,derived_control,derived_control,parameter_matched_null_control,label_permutation_control,bsig_f61a89a0172a79f5d96cd71c,bsig_8e7a52f1a727043c61e5d5c2,0.6057168692129606,True,,
obs_e93f92e26db8b9c29005cc9e,obs_979ad629051487c82499339e,derived_control,derived_control,parameter_matched_null_control,generic_graph_operator_control,bsig_f61a89a0172a79f5d96cd71c,bsig_793bb0a29a9abfe233b6d670,0.767341835783414,True,,
obs_e93f92e26db8b9c29005cc9e,obs_2c0e6630085a94e0f0b4dd07,derived_control,derived_control,parameter_matched_null_control,generic_graph_operator_control,bsig_f61a89a0172a79f5d96cd71c,bsig_793bb0a29a9abfe233b6d670,0.7527600727448652,True,,
obs_e93f92e26db8b9c29005cc9e,obs_0033e7ce631563262f7b0bbe,derived_control,derived_control,parameter_matched_null_control,generic_graph_operator_control,bsig_f61a89a0172a79f5d96cd71c,bsig_793bb0a29a9abfe233b6d670,0.7655146303126781,True,,
obs_e93f92e26db8b9c29005cc9e,obs_118430be7d682f480e3902ea,derived_control,derived_control,parameter_matched_null_control,generic_graph_operator_control,bsig_f61a89a0172a79f5d96cd71c,bsig_793bb0a29a9abfe233b6d670,0.7511218383625647,True,,
obs_e93f92e26db8b9c29005cc9e,obs_8f4c211fcf3841317e300fd0,derived_control,derived_control,parameter_matched_null_control,generic_graph_operator_control,bsig_f61a89a0172a79f5d96cd71c,bsig_793bb0a29a9abfe233b6d670,0.7653855530753945,True,,
obs_e93f92e26db8b9c29005cc9e,obs_ae30906415b62baef858fb35,derived_control,derived_control,parameter_matched_null_control,generic_graph_operator_control,bsig_f61a89a0172a79f5d96cd71c,bsig_793bb0a29a9abfe233b6d670,0.751087239583331,True,,
obs_e93f92e26db8b9c29005cc9e,obs_2b1c4b4fddba864cb9f9f25f,derived_control,derived_control,parameter_matched_null_control,seed_repeat_control,bsig_f61a89a0172a79f5d96cd71c,bsig_53d374d66c9dffe0861a6d49,0.6219714654130436,True,,
obs_e93f92e26db8b9c29005cc9e,obs_65dfe5e65cb70d7cb499d482,derived_control,derived_control,parameter_matched_null_control,seed_repeat_control,bsig_f61a89a0172a79f5d96cd71c,bsig_53d374d66c9dffe0861a6d49,0.6073897023744949,True,,
obs_e93f92e26db8b9c29005cc9e,obs_f622bfcc3394ff0a255f9f83,derived_control,derived_control,parameter_matched_null_control,seed_repeat_control,bsig_f61a89a0172a79f5d96cd71c,bsig_53d374d66c9dffe0861a6d49,0.6554977952958431,True,,
obs_e93f92e26db8b9c29005cc9e,obs_57728f48826a986fe1ea83d9,derived_control,derived_control,parameter_matched_null_control,seed_repeat_control,bsig_f61a89a0172a79f5d96cd71c,bsig_53d374d66c9dffe0861a6d49,0.6411050033457297,True,,
obs_e93f92e26db8b9c29005cc9e,obs_c740a30388dc20122927f42a,derived_control,derived_control,parameter_matched_null_control,seed_repeat_control,bsig_f61a89a0172a79f5d96cd71c,bsig_53d374d66c9dffe0861a6d49,0.6200151827050241,True,,
obs_e93f92e26db8b9c29005cc9e,obs_04fbf535deaa3a11fe4345ca,derived_control,derived_control,parameter_matched_null_control,seed_repeat_control,bsig_f61a89a0172a79f5d96cd71c,bsig_53d374d66c9dffe0861a6d49,0.6057168692129606,True,,
obs_e93f92e26db8b9c29005cc9e,obs_d36d9fb3b1f089bbbf821e5c,derived_control,derived_control,parameter_matched_null_control,parameter_matched_null_control,bsig_f61a89a0172a79f5d96cd71c,bsig_f61a89a0172a79f5d96cd71c,0.01622187480004135,True,,
obs_e93f92e26db8b9c29005cc9e,obs_93659ee4b3b5fdadf510315f,derived_control,derived_control,parameter_matched_null_control,parameter_matched_null_control,bsig_f61a89a0172a79f5d96cd71c,bsig_f61a89a0172a79f5d96cd71c,0.0016401117614926002,True,,
obs_e93f92e26db8b9c29005cc9e,obs_5a7521167226bbafcd5c6ba8,derived_control,derived_control,parameter_matched_null_control,parameter_matched_null_control,bsig_f61a89a0172a79f5d96cd71c,bsig_f61a89a0172a79f5d96cd71c,0.04976394276923666,True,,
obs_e93f92e26db8b9c29005cc9e,obs_9b1c5f0213d9d0fc1a3fff27,derived_control,derived_control,parameter_matched_null_control,parameter_matched_null_control,bsig_f61a89a0172a79f5d96cd71c,bsig_f61a89a0172a79f5d96cd71c,0.03537115081912328,True,,
obs_e93f92e26db8b9c29005cc9e,obs_062eb3c1dd90468a63227d7f,derived_control,derived_control,parameter_matched_null_control,parameter_matched_null_control,bsig_f61a89a0172a79f5d96cd71c,bsig_f61a89a0172a79f5d96cd71c,0.01429831349206349,True,,
obs_e93f92e26db8b9c29005cc9e,obs_e93f92e26db8b9c29005cc9e,derived_control,derived_control,parameter_matched_null_control,parameter_matched_null_control,bsig_f61a89a0172a79f5d96cd71c,bsig_f61a89a0172a79f5d96cd71c,0.0,True,,
