admissible,blocks_with_errors,bridge_margin,condition,correction_peak,corrective_cost,decode_status,decoded_relation_accuracy,eta,final_functional_error,final_state_region_error,final_trajectory_corridor_error,functional_restoration,identity_preservation,magnitude,maximum_block_error_weight,mechanism_note,node_rank_identity,operator_restoration,overshoot,parity_decoding_success,partition,perturbation_family,post_functional_error,post_recovery_persistence,post_state_region_error,post_symbol_error_weight,post_trajectory_corridor_error,radius_class,recovery_latency,relational_error_weight,relational_symbol_restoration,seed,state_region_recovery_gain,syndrome_reduction,syndrome_weight_after_decode,syndrome_weight_before,trajectory_corridor_recovery_gain,trivial_attractor,variance_ratio,wrong_codeword_convergence
True,2,0.02,target,0.002032865593791951,8.940596803319213e-06,eliminated,0.875,0.4,0.03388253310645402,0.1681666595667891,0.250116200751289,-0.000437907734519737,0.875,0.25,2,local syndrome decode plus bounded relation feedback,0.9840201465201464,0.0,0.00046480300515594486,False,calibration,localized_block_shock,0.033867702177719984,1.0,0.16010861456571088,4,0.25,near_above_boundary,0,4,0.875,7101,-0.050328616126842425,4,0,4,-0.00046480300515594486,False,1.1032935483722524,True
True,2,0.02,rt02_frozen_baseline,0.032996642756292986,0.003078514772338462,not_applicable,,0.4,0.043681389855976,0.0,0.2136697565317694,-0.2897653825688828,1.0,0.25,2,unchanged RT-02 one-bit orientation mechanism,0.9887362637362638,1.0,0.0,,calibration,localized_block_shock,0.033867702177719984,1.0,0.16010861456571088,4,0.25,near_above_boundary,0,4,1.0,7101,1.0,,,,0.14532097387292242,False,1.0974026568985138,False
True,2,0.02,passive_relaxation,0.0,0.0,not_applicable,,0.4,0.033867702177719984,0.16010861456571088,0.25,0.0,0.9166666666666666,0.25,2,no restorative mechanism,0.9841117216117214,0.0,0.0,,calibration,localized_block_shock,0.033867702177719984,1.0,0.16010861456571088,4,0.25,near_above_boundary,0,4,0.9166666666666666,7101,0.0,,,,0.0,False,1.1033146654772856,False
True,2,0.02,operator_only,0.09378177971050379,0.017460002696894888,not_applicable,,0.4,0.12277902474438357,0.01969857949669244,0.4215381909899931,-2.6252540576890477,0.7291666666666666,0.25,2,matched bounded smoothing without parity,0.905128205128205,0.01507102516537795,0.6861527639599725,,calibration,localized_block_shock,0.033867702177719984,1.0,0.16010861456571088,4,0.25,near_above_boundary,0,4,0.7291666666666666,7101,0.8769673977248248,,,,-0.6861527639599725,False,0.9541618958715191,False
True,2,0.02,random_parity_checks,0.0384547128486958,0.0032914250959142455,eliminated,0.3125,0.4,0.030121976451341653,0.06341090171545145,0.25916121956600946,0.11059875590976682,0.7708333333333334,0.25,2,degree-matched checks on unrelated variables,0.9672161172161171,0.0,0.03664487826403784,False,calibration,localized_block_shock,0.033867702177719984,1.0,0.16010861456571088,4,0.25,near_above_boundary,0,4,0.7708333333333334,7101,0.6039507187826755,16,0,16,-0.03664487826403784,False,1.0800889599161225,True
True,2,0.02,memory_budget_random_bits,0.04583060461851581,0.004544924608135023,eliminated,0.6875,0.4,0.034794790699882144,0.13881785403012736,0.292547426278,-0.02737382410230504,0.6875,0.25,2,32 random bits replace structured parity,0.9603937728937728,0.0,0.17018970511200004,False,calibration,localized_block_shock,0.033867702177719984,1.0,0.16010861456571088,4,0.25,near_above_boundary,0,4,0.6875,7101,0.13297698311445622,15,0,15,-0.17018970511200004,False,1.0752458725298812,True
True,2,0.02,target,0.002032865593791949,8.940596803319206e-06,eliminated,0.875,0.4,0.07451568729319433,0.5117880223316248,0.5500528282613036,-9.049252045244773e-05,0.875,0.55,2,local syndrome decode plus bounded relation feedback,0.9180860805860805,0.0,9.60513841883337e-05,False,calibration,localized_block_shock,0.07450894479098394,1.0,0.5033510097340295,4,0.55,near_above_boundary,0,4,0.875,7101,-0.016761688035658143,4,0,4,-9.605138418835388e-05,False,1.3922711469449953,True
True,2,0.02,rt02_frozen_baseline,0.14067457328684016,0.027333666871374368,not_applicable,,0.4,0.10488019175674826,0.0,0.4535534448388385,-0.4076188040370616,1.0,0.55,2,unchanged RT-02 one-bit orientation mechanism,0.9453754578754578,1.0,0.0,,calibration,localized_block_shock,0.07450894479098394,1.0,0.5033510097340295,4,0.55,near_above_boundary,0,4,1.0,7101,1.0,,,,0.17535737302029367,False,1.330466295086818,False
True,2,0.02,passive_relaxation,0.0,0.0,not_applicable,,0.4,0.07450894479098394,0.5033510097340295,0.55,0.0,0.9166666666666666,0.55,2,no restorative mechanism,0.9181776556776555,0.0,0.0,,calibration,localized_block_shock,0.07450894479098394,1.0,0.5033510097340295,4,0.55,near_above_boundary,0,4,0.9166666666666666,7101,0.0,,,,0.0,False,1.3922922640500284,False
True,2,0.02,operator_only,0.11734606100794161,0.027375919260381115,not_applicable,,0.4,0.12769452409969176,0.0197049053754149,0.5456504031104884,-0.7138146897383469,0.7291666666666666,0.55,2,matched bounded smoothing without parity,0.8617216117216117,0.01475473122925508,0.0,,calibration,localized_block_shock,0.07450894479098394,1.0,0.5033510097340295,4,0.55,near_above_boundary,0,4,0.7291666666666666,7101,0.960852556179778,,,,0.007908357980930258,False,1.1577720734675303,False
True,2,0.02,random_parity_checks,0.0640865888487122,0.008974814239230963,eliminated,0.5,0.4,0.07618371415064375,0.3844737149845282,0.5349559438462791,-0.022477426896300192,0.7083333333333334,0.55,2,degree-matched checks on unrelated variables,0.8929945054945054,0.0,0.0,False,calibration,localized_block_shock,0.07450894479098394,1.0,0.5033510097340295,4,0.55,near_above_boundary,0,4,0.7083333333333334,7101,0.23617176175392196,16,0,16,0.02735282937040173,False,1.325726755963284,True
True,2,0.02,memory_budget_random_bits,0.056128650488839964,0.006815824195020479,eliminated,0.7708333333333334,0.4,0.07232218483909995,0.35489138620338495,0.5312569104391086,0.029348958813178585,0.7708333333333334,0.55,2,32 random bits replace structured parity,0.9060439560439558,0.0,0.0,False,calibration,localized_block_shock,0.07450894479098394,1.0,0.5033510097340295,4,0.55,near_above_boundary,0,4,0.7708333333333334,7101,0.29494253644010876,11,0,11,0.03407834465616624,False,1.349720342869566,True
True,5,0.02,target,0.017483651508351558,0.0006613394447895484,eliminated,1.0,0.4,0.027123203285937935,4.853478684600357e-06,0.2293269511628263,0.12966379033085165,1.0,0.25,1,local syndrome decode plus bounded relation feedback,0.9751831501831502,0.99975732606577,0.0,True,calibration,sparse_node_corruption,0.03116405244847691,1.0,0.10706506259025693,5,0.24999999999999997,within_radius,4,5,1.0,7101,0.9999546679508031,6,0,6,0.08269219534869467,False,1.028859897995108,False
True,5,0.02,rt02_frozen_baseline,0.032953759438795104,0.0015310526330153842,not_applicable,,0.4,0.026826558038943595,0.000970954031474034,0.22688922700815084,0.1391826180726795,1.0,0.25,1,unchanged RT-02 one-bit orientation mechanism,0.976098901098901,0.9514522984262983,0.0,,calibration,sparse_node_corruption,0.03116405244847691,1.0,0.10706506259025693,5,0.24999999999999997,within_radius,1,5,1.0,7101,0.9909311776597944,,,,0.09244309196739654,False,1.0290130466859284,False
True,5,0.02,passive_relaxation,0.0,0.0,not_applicable,,0.4,0.03116405244847691,0.10706506259025693,0.24999999999999997,0.0,0.8958333333333334,0.25,1,no restorative mechanism,0.9725274725274725,0.0,0.0,,calibration,sparse_node_corruption,0.03116405244847691,1.0,0.10706506259025693,5,0.24999999999999997,within_radius,61,5,0.8958333333333334,7101,0.0,,,,0.0,False,1.0327293788893146,False
True,5,0.02,operator_only,0.11141101554228384,0.024189505184101463,not_applicable,,0.4,0.16238599501154552,0.019749925131483558,0.3982469083672769,-4.210682894338468,0.6458333333333334,0.25,1,matched bounded smoothing without parity,0.9114926739926741,0.012503743425822056,0.5929876334691078,,calibration,sparse_node_corruption,0.03116405244847691,1.0,0.10706506259025693,5,0.24999999999999997,within_radius,61,5,0.6458333333333334,7101,0.8155334274910251,,,,-0.5929876334691078,False,0.8336755875542612,False
True,5,0.02,random_parity_checks,0.047902324593129486,0.0055874902388120574,eliminated,0.6875,0.4,0.06658640162759777,0.10645380912586554,0.31884386817655697,-1.1366413029141231,0.6041666666666666,0.25,1,degree-matched checks on unrelated variables,0.9369505494505492,0.0,0.2753754727062281,False,calibration,sparse_node_corruption,0.03116405244847691,1.0,0.10706506259025693,5,0.24999999999999997,within_radius,61,5,0.6041666666666666,7101,0.005709177668262228,19,0,19,-0.27537547270622803,False,0.9864082770037299,True
True,5,0.02,memory_budget_random_bits,0.07994987916364624,0.013830022497006827,eliminated,0.6875,0.4,0.07740637102241049,0.09547150560799857,0.2892089083056559,-1.4838352184904502,0.6875,0.25,1,32 random bits replace structured parity,0.9511446886446887,0.0,0.15683563322262373,False,calibration,sparse_node_corruption,0.03116405244847691,1.0,0.10706506259025693,5,0.24999999999999997,within_radius,61,5,0.6875,7101,0.10828515579005875,14,0,14,-0.15683563322262364,False,0.9443033993431649,True
True,6,0.02,target,0.04955473634975777,0.005317570791686804,eliminated,0.9375,0.4,0.046872474199727544,0.1811542988593759,0.4768628646283246,0.31633826743137244,0.9375,0.55,3,local syndrome decode plus bounded relation feedback,0.9263278388278386,0.0,0.0,False,calibration,sparse_node_corruption,0.06856091538664902,1.0,0.35341841364918747,8,0.55,above_radius,22,8,0.9375,7101,0.487422579404155,6,0,6,0.1329766097666826,False,1.199464739231368,True
True,6,0.02,rt02_frozen_baseline,0.10162690646270549,0.01686302906433493,not_applicable,,0.4,0.051637449016631906,0.055915179610949675,0.45878025649617643,0.24683839582037798,0.9791666666666666,0.55,3,unchanged RT-02 one-bit orientation mechanism,0.9360347985347984,0.0,0.0,,calibration,sparse_node_corruption,0.06856091538664902,1.0,0.35341841364918747,8,0.55,above_radius,10,8,0.9791666666666666,7101,0.8417875881632683,,,,0.1658540790978611,False,1.1931829974294657,False
True,6,0.02,passive_relaxation,0.0,0.0,not_applicable,,0.4,0.06856091538664902,0.35341841364918747,0.55,0.0,0.8333333333333334,0.55,3,no restorative mechanism,0.9013278388278388,0.0,0.0,,calibration,sparse_node_corruption,0.06856091538664902,1.0,0.35341841364918747,8,0.55,above_radius,61,8,0.8333333333333334,7101,0.0,,,,0.0,False,1.237004633556492,False
True,6,0.02,operator_only,0.15731551782173328,0.04814097295202122,not_applicable,,0.4,0.18470092744837113,0.019821298756946173,0.4532083625904531,-1.6939682238306033,0.6041666666666666,0.55,3,matched bounded smoothing without parity,0.8785256410256409,0.008935062152691353,0.0,,calibration,sparse_node_corruption,0.06856091538664902,1.0,0.35341841364918747,8,0.55,above_radius,61,8,0.6041666666666666,7101,0.9439154894271544,,,,0.17598479529008532,False,0.8423721148426926,False
True,6,0.02,random_parity_checks,0.14144701156980388,0.035027498770898495,eliminated,0.375,0.4,0.11439393616466118,0.31879081887857286,0.5184322127946547,-0.6685007123889319,0.6666666666666666,0.55,3,degree-matched checks on unrelated variables,0.8878663003663003,0.0,0.0,False,calibration,sparse_node_corruption,0.06856091538664902,1.0,0.35341841364918747,8,0.55,above_radius,61,8,0.6666666666666666,7101,0.09797903400977541,19,0,19,0.057395976736991566,False,1.0566563416479346,True
True,6,0.02,memory_budget_random_bits,0.12410259703486441,0.03332287285633286,eliminated,0.6666666666666666,0.4,0.1191977331173599,0.271362382086458,0.48144378582721414,-0.7385668269617572,0.6666666666666666,0.55,3,32 random bits replace structured parity,0.8849358974358973,0.0,0.0,False,calibration,sparse_node_corruption,0.06856091538664902,1.0,0.35341841364918747,8,0.55,above_radius,61,8,0.6666666666666666,7101,0.23217814464013878,16,0,16,0.124647662132338,False,1.0223789680125623,True
True,7,0.02,target,0.015605708029037383,0.0005209242898126703,eliminated,0.9375,0.4,0.004248576034105334,0.08591312176054476,0.24394623430313309,0.0,0.9375,0.25,2,local syndrome decode plus bounded relation feedback,0.9719322344322343,0.0,0.0,False,calibration,relational_twist,1.2735351676303877e-16,1.0,0.09253563266476232,8,0.24999999999999997,near_above_boundary,9,8,0.9375,7101,0.07156714352631664,10,0,10,0.02421506278746755,False,1.0596193322850507,True
True,7,0.02,rt02_frozen_baseline,0.019815127683901326,0.0005487194978515241,not_applicable,,0.4,0.006188270336034663,0.06732081111038939,0.2422104055414154,0.0,0.9583333333333334,0.25,2,unchanged RT-02 one-bit orientation mechanism,0.9703754578754578,0.0,0.0,,calibration,relational_twist,1.2735351676303877e-16,1.0,0.09253563266476232,8,0.24999999999999997,near_above_boundary,2,8,0.9583333333333334,7101,0.27248769828722175,,,,0.031158377834338283,False,1.0614908142223562,False
True,7,0.02,passive_relaxation,0.0,0.0,not_applicable,,0.4,1.2735351676303877e-16,0.09253563266476232,0.24999999999999997,0.0,0.8333333333333334,0.25,2,no restorative mechanism,0.9648351648351647,0.0,0.0,,calibration,relational_twist,1.2735351676303877e-16,1.0,0.09253563266476232,8,0.24999999999999997,near_above_boundary,61,8,0.8333333333333334,7101,0.0,,,,0.0,False,1.0625,False
True,7,0.02,operator_only,0.10319084568064116,0.021038577871506883,not_applicable,,0.4,0.14627116536306298,0.019700595713309472,0.4214760044106472,0.0,0.6458333333333334,0.25,2,matched bounded smoothing without parity,0.8991300366300365,0.014970214334526388,0.685904017642589,,calibration,relational_twist,1.2735351676303877e-16,1.0,0.09253563266476232,8,0.24999999999999997,near_above_boundary,61,8,0.6458333333333334,7101,0.7871025987936917,,,,-0.685904017642589,False,0.8844675869986262,False
True,7,0.02,random_parity_checks,0.07075260747432126,0.010022765522742571,eliminated,0.625,0.4,0.059743613181546626,0.08785784320756343,0.3366599302651354,0.0,0.625,0.25,2,degree-matched checks on unrelated variables,0.929716117216117,0.0,0.34663972106054186,False,calibration,relational_twist,1.2735351676303877e-16,1.0,0.09253563266476232,8,0.24999999999999997,near_above_boundary,61,8,0.625,7101,0.05055122359346228,15,0,15,-0.3466397210605418,False,0.9977549880369848,True
True,7,0.02,memory_budget_random_bits,0.055135084948058466,0.006576907922053047,eliminated,0.6666666666666666,0.4,0.03831888331095077,0.10460859059600275,0.30176104100186263,0.0,0.6666666666666666,0.25,2,32 random bits replace structured parity,0.9461080586080586,0.0,0.20704416400745074,False,calibration,relational_twist,1.2735351676303877e-16,1.0,0.09253563266476232,8,0.24999999999999997,near_above_boundary,61,8,0.6666666666666666,7101,-0.13046820542069762,17,0,17,-0.20704416400745065,False,1.0216849391969332,True
True,10,0.02,target,0.037727050534338884,0.0030784028066171225,eliminated,0.875,0.4,0.011494955371000771,0.2396735293983387,0.5275002652407945,0.0,0.875,0.55,2,local syndrome decode plus bounded relation feedback,0.8755494505494505,0.0,0.0,False,calibration,relational_twist,1.3895407871082206e-17,1.0,0.2630642224306749,12,0.55,near_above_boundary,61,12,0.875,7101,0.08891628369760672,12,0,12,0.040908608653100954,False,1.2838051302055289,True
True,10,0.02,rt02_frozen_baseline,0.05836810588049395,0.005816104781303747,not_applicable,,0.4,0.023529285291507582,0.13654340618185215,0.517556774136254,0.0,0.9583333333333334,0.55,2,unchanged RT-02 one-bit orientation mechanism,0.8819597069597069,0.0,0.0,,calibration,relational_twist,1.3895407871082206e-17,1.0,0.2630642224306749,12,0.55,near_above_boundary,6,12,0.9583333333333334,7101,0.48095029829518027,,,,0.058987683388629156,False,1.2878863975040178,False
True,10,0.02,passive_relaxation,0.0,0.0,not_applicable,,0.4,1.3895407871082206e-17,0.2630642224306749,0.55,0.0,0.75,0.55,2,no restorative mechanism,0.8510531135531135,0.0,0.0,,calibration,relational_twist,1.3895407871082206e-17,1.0,0.2630642224306749,12,0.55,near_above_boundary,61,12,0.75,7101,0.0,,,,0.0,False,1.3025000000000002,False
True,10,0.02,operator_only,0.133586580319302,0.035248111563451784,not_applicable,,0.4,0.14627116536306298,0.019709346805940983,0.5454978241771392,0.0,0.5416666666666666,0.55,2,matched bounded smoothing without parity,0.8568681318681317,0.014532659702950812,0.0,,calibration,relational_twist,1.3895407871082206e-17,1.0,0.2630642224306749,12,0.55,near_above_boundary,61,12,0.5416666666666666,7101,0.9250778132281557,,,,0.00818577422338333,False,1.004393440886655,False
True,10,0.02,random_parity_checks,0.07133188802506424,0.009089996928413538,eliminated,0.625,0.4,0.02962605405945068,0.20991731954185486,0.5354904654315449,0.0,0.7083333333333334,0.55,2,degree-matched checks on unrelated variables,0.8643315018315018,0.0,0.0,False,calibration,relational_twist,1.3895407871082206e-17,1.0,0.2630642224306749,12,0.55,near_above_boundary,61,12,0.7083333333333334,7101,0.20203014456983331,12,0,12,0.02638097194264575,False,1.2569683804858331,True
True,10,0.02,memory_budget_random_bits,0.0790198658616437,0.013509630741576427,eliminated,0.6875,0.4,0.04296252378506379,0.1590007915242896,0.5441083082649312,0.0,0.6875,0.55,2,32 random bits replace structured parity,0.8710164835164834,0.0,0.0,False,calibration,relational_twist,1.3895407871082206e-17,1.0,0.2630642224306749,12,0.55,near_above_boundary,61,12,0.6875,7101,0.395581846686921,16,0,16,0.010712166791034311,False,1.215503114795486,True
True,4,0.02,target,0.029151388336580805,0.0018329733243003965,eliminated,0.875,0.4,0.04589762814187124,0.15850664777012075,0.24882006316985839,-0.07634918740854961,0.875,0.25,2,local syndrome decode plus bounded relation feedback,0.9604395604395602,0.0,0.0,False,calibration,clustered_symbol_corruption,0.04264194991624952,1.0,0.13706870175931976,6,0.24999999999999997,near_above_boundary,10,6,0.875,7101,-0.15640292594617317,6,0,6,0.0047197473205663485,False,0.9922925923337569,True
True,4,0.02,rt02_frozen_baseline,0.031453717835576774,0.002443688915630057,not_applicable,,0.4,0.039250874244175615,0.0,0.19616731229173537,0.07952440445932024,1.0,0.25,2,unchanged RT-02 one-bit orientation mechanism,0.9739010989010988,1.0,0.0,,calibration,clustered_symbol_corruption,0.04264194991624952,1.0,0.13706870175931976,6,0.24999999999999997,near_above_boundary,4,6,1.0,7101,1.0,,,,0.21533075083305844,False,0.9966861784282242,False
True,4,0.02,passive_relaxation,0.0,0.0,not_applicable,,0.4,0.04264194991624952,0.13706870175931976,0.24999999999999997,0.0,0.875,0.25,2,no restorative mechanism,0.9603937728937728,0.0,0.0,,calibration,clustered_symbol_corruption,0.04264194991624952,1.0,0.13706870175931976,6,0.24999999999999997,near_above_boundary,61,6,0.875,7101,0.0,,,,0.0,False,1.003471216587631,False
True,4,0.02,operator_only,0.09113576969738348,0.016471324720911205,not_applicable,,0.4,0.1516396664631751,0.019782281039031492,0.40253739952166306,-2.556114735864598,0.7291666666666666,0.25,2,matched bounded smoothing without parity,0.907967032967033,0.010885948048425464,0.6101495980866525,,calibration,clustered_symbol_corruption,0.04264194991624952,1.0,0.13706870175931976,6,0.24999999999999997,near_above_boundary,61,6,0.7291666666666666,7101,0.8556761625001207,,,,-0.6101495980866525,False,0.8630551726490554,False
True,4,0.02,random_parity_checks,0.07435865660922734,0.00930784976623537,eliminated,0.375,0.4,0.08501229255560055,0.16037616132577281,0.3400433915955187,-0.9936305146122086,0.625,0.25,2,degree-matched checks on unrelated variables,0.9207875457875457,0.0,0.3601735663820751,False,calibration,clustered_symbol_corruption,0.04264194991624952,1.0,0.13706870175931976,6,0.24999999999999997,near_above_boundary,61,6,0.625,7101,-0.17004217058522114,16,0,16,-0.36017356638207504,False,0.9568240581156469,True
True,4,0.02,memory_budget_random_bits,0.05734116367087338,0.007124068200599239,eliminated,0.6666666666666666,0.4,0.08100914828575956,0.11141388008274522,0.3259524196799427,-0.8997524373267343,0.6666666666666666,0.25,2,32 random bits replace structured parity,0.9184065934065933,0.0,0.30380967871977105,False,calibration,clustered_symbol_corruption,0.04264194991624952,1.0,0.13706870175931976,6,0.24999999999999997,near_above_boundary,61,6,0.6666666666666666,7101,0.1871676126445123,20,0,20,-0.303809678719771,False,0.957248376622891,True
True,4,0.02,target,0.06176451522984458,0.008256968355600032,eliminated,0.875,0.4,0.08261515863013308,0.37041103189968444,0.4721313287784338,0.11935676239869547,0.875,0.55,2,local syndrome decode plus bounded relation feedback,0.8755494505494505,0.0,0.0,False,calibration,clustered_symbol_corruption,0.09381228981574899,1.0,0.4698171976723648,6,0.55,near_above_boundary,61,6,0.875,7101,0.21158477438708614,6,0,6,0.14157940222102955,False,1.1189847953434904,True
True,4,0.02,rt02_frozen_baseline,0.1357182572351105,0.031502680341644954,not_applicable,,0.4,0.07560551417053471,0.0,0.36019388593634477,0.1940766575570546,1.0,0.55,2,unchanged RT-02 one-bit orientation mechanism,0.9354853479853479,1.0,0.0,,calibration,clustered_symbol_corruption,0.09381228981574899,1.0,0.4698171976723648,6,0.55,near_above_boundary,6,6,1.0,7101,1.0,,,,0.3451020255702823,False,1.0797933858429447,False
True,4,0.02,passive_relaxation,0.0,0.0,not_applicable,,0.4,0.09381228981574899,0.4698171976723648,0.55,0.0,0.875,0.55,2,no restorative mechanism,0.8378663003663004,0.0,0.0,,calibration,clustered_symbol_corruption,0.09381228981574899,1.0,0.4698171976723648,6,0.55,near_above_boundary,61,6,0.875,7101,0.0,,,,0.0,False,1.1726366764927876,False
True,4,0.02,operator_only,0.10511608369977199,0.024674102085745876,not_applicable,,0.4,0.16691743431189374,0.019894498499429796,0.4709793293349904,-0.7792704414285816,0.6875,0.55,2,matched bounded smoothing without parity,0.8484432234432233,0.005275075028510212,0.0,,calibration,clustered_symbol_corruption,0.09381228981574899,1.0,0.4698171976723648,6,0.55,near_above_boundary,61,6,0.6875,7101,0.9576548100027118,,,,0.14367394666365385,False,0.9158722432131059,False
True,4,0.02,random_parity_checks,0.04713023207443168,0.004241839486831076,eliminated,0.75,0.4,0.11934128130629018,0.4616449094389236,0.5769102035691929,-0.2721284337124819,0.5833333333333334,0.55,2,degree-matched checks on unrelated variables,0.8166666666666665,0.0,0.048927642853077824,False,calibration,clustered_symbol_corruption,0.09381228981574899,1.0,0.4698171976723648,6,0.55,near_above_boundary,61,6,0.5833333333333334,7101,0.01739461278541845,18,0,18,-0.04892764285307786,False,1.1455825105579438,True
True,4,0.02,memory_budget_random_bits,0.046069342744518745,0.004593079435639003,eliminated,0.6458333333333334,0.4,0.10784266216935713,0.4873212848455965,0.5784094865578855,-0.1495579351187818,0.6458333333333334,0.55,2,32 random bits replace structured parity,0.808974358974359,0.0,0.0516536119234281,False,calibration,clustered_symbol_corruption,0.09381228981574899,1.0,0.4698171976723648,6,0.55,near_above_boundary,61,6,0.6458333333333334,7101,-0.03725722953513185,14,0,14,-0.05165361192342807,False,1.1427322810077953,True
True,5,0.02,target,0.027650372172004042,0.0016542644385916093,eliminated,0.9375,0.4,0.042643327564294516,0.009986901764088632,0.23191362998845433,-0.03044942576338862,0.9375,0.25,2,local syndrome decode plus bounded relation feedback,0.974496336996337,0.5006549117955684,0.0,False,calibration,dispersed_equal_weight_corruption,0.0413832319162127,1.0,0.1343409992129396,6,0.24999999999999997,near_above_boundary,2,6,0.9375,7101,0.9256600604238568,8,0,8,0.07234548004618259,False,1.0751229088721916,True
True,5,0.02,rt02_frozen_baseline,0.02715087492315065,0.001172718656266405,not_applicable,,0.4,0.039643935107160404,0.09565582603221852,0.2318785519651952,0.04202902307325336,0.9791666666666666,0.25,2,unchanged RT-02 one-bit orientation mechanism,0.9762362637362636,0.0,0.0,,calibration,dispersed_equal_weight_corruption,0.0413832319162127,1.0,0.1343409992129396,6,0.24999999999999997,near_above_boundary,3,6,0.9791666666666666,7101,0.28796252378175674,,,,0.07248579213921914,False,1.0833592338678688,False
True,5,0.02,passive_relaxation,0.0,0.0,not_applicable,,0.4,0.0413832319162127,0.1343409992129396,0.24999999999999997,0.0,0.875,0.25,2,no restorative mechanism,0.9716117216117215,0.0,0.0,,calibration,dispersed_equal_weight_corruption,0.0413832319162127,1.0,0.1343409992129396,6,0.24999999999999997,near_above_boundary,61,6,0.875,7101,0.0,,,,0.0,False,1.0861892939532483,False
True,5,0.02,operator_only,0.08403424827813061,0.01583767504612152,not_applicable,,0.4,0.12170945847836202,0.019718684433980938,0.39809286329935795,-1.941033187663623,0.7708333333333334,0.25,2,matched bounded smoothing without parity,0.9038461538461537,0.014065778300953125,0.592371453197432,,calibration,dispersed_equal_weight_corruption,0.0413832319162127,1.0,0.1343409992129396,6,0.24999999999999997,near_above_boundary,61,6,0.7708333333333334,7101,0.8532191620614233,,,,-0.592371453197432,False,0.9203598825145032,False
True,5,0.02,random_parity_checks,0.042813734444180046,0.0036394740623058902,eliminated,0.3125,0.4,0.05307663868039367,0.15324377505982878,0.27851093164339313,-0.28256388451864345,0.6875,0.25,2,degree-matched checks on unrelated variables,0.9597527472527473,0.0,0.11404372657357276,False,calibration,dispersed_equal_weight_corruption,0.0413832319162127,1.0,0.1343409992129396,6,0.24999999999999997,near_above_boundary,61,6,0.6875,7101,-0.14070742333043837,21,0,21,-0.11404372657357266,False,1.0616427224764804,True
True,5,0.02,memory_budget_random_bits,0.0559286896815725,0.006768451051368006,eliminated,0.6041666666666666,0.4,0.03577779687143408,0.18573739226289326,0.29713378909706056,0.135451843300392,0.6041666666666666,0.25,2,32 random bits replace structured parity,0.9466575091575089,0.0,0.18853515638824248,False,calibration,dispersed_equal_weight_corruption,0.0413832319162127,1.0,0.1343409992129396,6,0.24999999999999997,near_above_boundary,1,6,0.6041666666666666,7101,-0.3825815897683394,18,0,18,-0.1885351563882424,False,1.040922537076045,True
True,7,0.02,target,0.07512278174205589,0.01220944980937602,eliminated,0.8125,0.4,0.07892425560375411,0.16619023807056613,0.4779598325151062,0.13311116660235062,0.8125,0.55,3,local syndrome decode plus bounded relation feedback,0.8937271062271062,0.0,0.0,False,calibration,dispersed_equal_weight_corruption,0.09104311021566808,1.0,0.4282129143075685,11,0.55,above_radius,61,11,0.8125,7101,0.6118981176938577,10,0,10,0.13098212269980697,False,1.2767172429431066,True
True,7,0.02,rt02_frozen_baseline,0.11194042925541998,0.018893073810419027,not_applicable,,0.4,0.08720448003971988,0.211226244994557,0.4637964962337714,0.04216277505079771,0.9791666666666666,0.55,3,unchanged RT-02 one-bit orientation mechanism,0.9129578754578754,0.0,0.0,,calibration,dispersed_equal_weight_corruption,0.09104311021566808,1.0,0.4282129143075685,11,0.55,above_radius,5,11,0.9791666666666666,7101,0.5067261216628289,,,,0.1567336432113248,False,1.314982370739774,False
True,7,0.02,passive_relaxation,0.0,0.0,not_applicable,,0.4,0.09104311021566808,0.4282129143075685,0.55,0.0,0.7708333333333334,0.55,3,no restorative mechanism,0.8901556776556775,0.0,0.0,,calibration,dispersed_equal_weight_corruption,0.09104311021566808,1.0,0.4282129143075685,11,0.55,above_radius,61,11,0.7708333333333334,7101,0.0,,,,0.0,False,1.3546164466971462,False
True,7,0.02,operator_only,0.11599530130863853,0.03040868108201258,not_applicable,,0.4,0.09929958997203757,0.01975244182223284,0.4525597136759509,-0.09068758456088633,0.75,0.55,3,matched bounded smoothing without parity,0.8870421245421245,0.012377908888357991,0.0,,calibration,dispersed_equal_weight_corruption,0.09104311021566808,1.0,0.4282129143075685,11,0.55,above_radius,61,11,0.75,7101,0.9538723817935919,,,,0.17716415695281665,False,1.032759917147032,False
True,7,0.02,random_parity_checks,0.08399554956294851,0.015397249038331633,eliminated,0.625,0.4,0.07889000272768008,0.38156420417848536,0.5383022990466568,0.13348739360066922,0.5416666666666666,0.55,3,degree-matched checks on unrelated variables,0.8734432234432234,0.0,0.0,False,calibration,dispersed_equal_weight_corruption,0.09104311021566808,1.0,0.4282129143075685,11,0.55,above_radius,61,11,0.5416666666666666,7101,0.10893812066484579,17,0,17,0.021268547187896752,False,1.2427281898867744,True
True,7,0.02,memory_budget_random_bits,0.0729483736258443,0.011513600381432601,eliminated,0.6666666666666666,0.4,0.08291245967997349,0.3723883111455185,0.5111960612414994,0.08930550061870957,0.6666666666666666,0.55,3,32 random bits replace structured parity,0.8895604395604395,0.0,0.0,False,calibration,dispersed_equal_weight_corruption,0.09104311021566808,1.0,0.4282129143075685,11,0.55,above_radius,61,11,0.6666666666666666,7101,0.13036646326353762,19,0,19,0.0705526159245466,False,1.2784325326652413,True
True,8,0.02,target,0.013712934491285047,0.00040682719982222985,eliminated,1.0,0.4,0.23677117113534465,6.95395060218653e-10,0.24213190772386722,0.05223262224080057,1.0,0.25,1,local syndrome decode plus bounded relation feedback,0.9626373626373625,0.999999965230247,0.0,True,calibration,topology_preserving_identity_disruption,0.24981992068047465,1.0,0.08397423094965095,8,0.24999999999999997,within_radius,8,8,1.0,7101,0.9999999917189469,16,0,16,0.031472369104531,False,0.9074972545980362,False
True,8,0.02,rt02_frozen_baseline,0.017048744266133696,0.0004062014176192917,not_applicable,,0.4,0.24319633826205383,0.06666615976019133,0.24577815641327258,0.02651342775379601,0.9166666666666666,0.25,1,unchanged RT-02 one-bit orientation mechanism,0.960164835164835,0.0,0.0,,calibration,topology_preserving_identity_disruption,0.24981992068047465,1.0,0.08397423094965095,8,0.24999999999999997,within_radius,4,8,0.9166666666666666,7101,0.2061116963350001,,,,0.01688737434690957,False,0.9089423026809132,False
True,8,0.02,passive_relaxation,0.0,0.0,not_applicable,,0.4,0.24981992068047465,0.08397423094965095,0.24999999999999997,0.0,0.8333333333333334,0.25,1,no restorative mechanism,0.9587454212454212,0.0,0.0,,calibration,topology_preserving_identity_disruption,0.24981992068047465,1.0,0.08397423094965095,8,0.24999999999999997,within_radius,61,8,0.8333333333333334,7101,0.0,,,,0.0,False,0.9096352122760892,False
True,8,0.02,operator_only,0.08934149442669702,0.015771631049720382,not_applicable,,0.4,0.29316309220510023,0.019739884385463494,0.44693888544619104,-0.17349765946032175,0.7708333333333334,0.25,1,matched bounded smoothing without parity,0.8679945054945053,0.013005780726825344,0.7877555417847644,,calibration,topology_preserving_identity_disruption,0.24981992068047465,1.0,0.08397423094965095,8,0.24999999999999997,within_radius,61,8,0.7708333333333334,7101,0.7649292626770339,,,,-0.7877555417847644,False,0.7761505505777098,False
True,8,0.02,random_parity_checks,0.04691845665966422,0.004999261350143983,eliminated,0.1875,0.4,0.26012709213595686,0.07198222191195604,0.32572256562343926,-0.04125840496389124,0.7291666666666666,0.25,1,degree-matched checks on unrelated variables,0.9182692307692307,0.0,0.3028902624937573,False,calibration,topology_preserving_identity_disruption,0.24981992068047465,1.0,0.08397423094965095,8,0.24999999999999997,within_radius,61,8,0.7291666666666666,7101,0.14280582152499915,16,0,16,-0.3028902624937572,False,0.872171088235194,True
True,8,0.02,memory_budget_random_bits,0.05089213363143164,0.0056041061128024525,eliminated,0.5833333333333334,0.4,0.2651859383588897,0.1216208542334132,0.3245910668709183,-0.06150837625982814,0.5833333333333334,0.25,1,32 random bits replace structured parity,0.9329670329670329,0.0,0.2983642674836735,False,calibration,topology_preserving_identity_disruption,0.24981992068047465,1.0,0.08397423094965095,8,0.24999999999999997,within_radius,61,8,0.5833333333333334,7101,-0.4483116172428458,18,0,18,-0.29836426748367345,False,0.8752548995987336,True
True,8,0.02,target,0.03137309047559998,0.002129447065479707,eliminated,0.875,0.4,0.5247205111517801,0.15708652834403486,0.537568759523285,0.04527500208493012,0.875,0.55,2,local syndrome decode plus bounded relation feedback,0.8253205128205127,0.0,0.0,False,calibration,topology_preserving_identity_disruption,0.5496038254970443,1.0,0.21419223039387697,10,0.55,near_above_boundary,61,10,0.875,7101,0.26660958684089864,14,0,14,0.02260225541220921,False,0.9535192831071384,True
True,8,0.02,rt02_frozen_baseline,0.04799288005952095,0.003033692118204907,not_applicable,,0.4,0.5301756076649188,0.14411356676253498,0.5382490948041865,0.03534949527426468,0.9166666666666666,0.55,2,unchanged RT-02 one-bit orientation mechanism,0.8308150183150182,0.0,0.0,,calibration,topology_preserving_identity_disruption,0.5496038254970443,1.0,0.21419223039387697,10,0.55,near_above_boundary,7,10,0.9166666666666666,7101,0.327176497030143,,,,0.021365282174206482,False,0.9590380739902711,False
True,8,0.02,passive_relaxation,0.0,0.0,not_applicable,,0.4,0.5496038254970443,0.21419223039387697,0.55,0.0,0.7916666666666666,0.55,2,no restorative mechanism,0.8311355311355311,0.0,0.0,,calibration,topology_preserving_identity_disruption,0.5496038254970443,1.0,0.21419223039387697,10,0.55,near_above_boundary,61,10,0.7916666666666666,7101,0.0,,,,0.0,False,0.9661974670073963,False
True,8,0.02,operator_only,0.09207486497378829,0.016752183946609944,not_applicable,,0.4,0.5324390625697005,0.019791415262634723,0.6360192383426838,0.0312311562093305,0.6458333333333334,0.55,2,matched bounded smoothing without parity,0.7559981684981684,0.010429236868263914,0.15639861516851594,,calibration,topology_preserving_identity_disruption,0.5496038254970443,1.0,0.21419223039387697,10,0.55,near_above_boundary,61,10,0.6458333333333334,7101,0.9075997517452412,,,,-0.15639861516851594,False,0.8244013970548307,False
True,8,0.02,random_parity_checks,0.04251062515152294,0.0037063236295933237,eliminated,0.4375,0.4,0.5477207449912175,0.20444923346315955,0.5698461246644213,0.0034262507254636796,0.7291666666666666,0.55,2,degree-matched checks on unrelated variables,0.8090659340659341,0.0,0.036083863026220575,False,calibration,topology_preserving_identity_disruption,0.5496038254970443,1.0,0.21419223039387697,10,0.55,near_above_boundary,61,10,0.7291666666666666,7101,0.045487163156203554,10,0,10,-0.03608386302622047,False,0.9438197110044713,True
True,8,0.02,memory_budget_random_bits,0.04905263204407821,0.005207171108787605,eliminated,0.6041666666666666,0.4,0.5396513415868036,0.17042162487009843,0.5709687399515547,0.018108469134544353,0.6041666666666666,0.55,2,32 random bits replace structured parity,0.8136904761904761,0.0,0.03812498173009948,False,calibration,topology_preserving_identity_disruption,0.5496038254970443,1.0,0.21419223039387697,10,0.55,near_above_boundary,61,10,0.6041666666666666,7101,0.20435197599506294,16,0,16,-0.03812498173009942,False,0.933626706731288,True
True,0,0.02,target,0.0,0.0,eliminated,1.0,0.4,0.036556606014979405,0.0,0.25000000000000006,0.0,1.0,0.25,0,local syndrome decode plus bounded relation feedback,0.9778846153846155,1.0,0.0,True,calibration,localized_block_shock,0.036556606014979405,1.0,0.0,0,0.25000000000000006,within_radius,0,0,1.0,7102,0.0,0,0,0,0.0,False,1.113928371439278,False
True,0,0.02,rt02_frozen_baseline,0.0,0.0,not_applicable,,0.4,0.036556606014979405,0.0,0.25000000000000006,0.0,1.0,0.25,0,unchanged RT-02 one-bit orientation mechanism,0.9778846153846155,1.0,0.0,,calibration,localized_block_shock,0.036556606014979405,1.0,0.0,0,0.25000000000000006,within_radius,0,0,1.0,7102,0.0,,,,0.0,False,1.113928371439278,False
True,0,0.02,passive_relaxation,0.0,0.0,not_applicable,,0.4,0.036556606014979405,0.0,0.25000000000000006,0.0,1.0,0.25,0,no restorative mechanism,0.9778846153846155,1.0,0.0,,calibration,localized_block_shock,0.036556606014979405,1.0,0.0,0,0.25000000000000006,within_radius,0,0,1.0,7102,0.0,,,,0.0,False,1.113928371439278,False
True,0,0.02,operator_only,0.13148033685014782,0.03373399074361583,not_applicable,,0.4,0.14623000888056545,0.019644341017387098,0.40497436499026584,-3.000098062184612,0.6875,0.25,0,matched bounded smoothing without parity,0.916025641025641,0.017782949130645154,0.6198974599610629,,calibration,localized_block_shock,0.036556606014979405,1.0,0.0,0,0.25000000000000006,within_radius,0,0,0.6875,7102,0.0,,,,-0.619897459961063,False,0.8355697096569593,False
True,0,0.02,random_parity_checks,0.07004405831638766,0.009058367943175048,eliminated,0.375,0.4,0.04474075012208248,0.06593638407310594,0.3473868516540865,-0.22387592830006006,0.7083333333333334,0.25,0,degree-matched checks on unrelated variables,0.9419871794871794,0.0,0.3895474066163458,False,calibration,localized_block_shock,0.036556606014979405,1.0,0.0,0,0.25000000000000006,within_radius,0,0,0.7083333333333334,7102,0.0,15,0,15,-0.3895474066163457,False,1.0597416138117528,True
True,0,0.02,memory_budget_random_bits,0.04338933820184686,0.004075016906540826,eliminated,0.7708333333333334,0.4,0.04768072778857963,0.019141895834805144,0.3005741896698193,-0.3042985382461932,0.7708333333333334,0.25,0,32 random bits replace structured parity,0.9657509157509158,0.042905208259742755,0.202296758679277,False,calibration,localized_block_shock,0.036556606014979405,1.0,0.0,0,0.25000000000000006,within_radius,0,0,0.7708333333333334,7102,0.0,13,0,13,-0.20229675867927693,False,1.0881331153924665,True
True,0,0.02,target,0.0,0.0,eliminated,1.0,0.4,0.08042453323295481,0.0,0.5500000000000002,0.0,1.0,0.55,0,local syndrome decode plus bounded relation feedback,0.9522893772893771,1.0,0.0,True,calibration,localized_block_shock,0.08042453323295481,1.0,0.0,0,0.5500000000000002,within_radius,0,0,1.0,7102,0.0,0,0,0,0.0,False,1.415642417166412,False
True,0,0.02,rt02_frozen_baseline,0.0,0.0,not_applicable,,0.4,0.08042453323295481,0.0,0.5500000000000002,0.0,1.0,0.55,0,unchanged RT-02 one-bit orientation mechanism,0.9522893772893771,1.0,0.0,,calibration,localized_block_shock,0.08042453323295481,1.0,0.0,0,0.5500000000000002,within_radius,0,0,1.0,7102,0.0,,,,0.0,False,1.415642417166412,False
True,0,0.02,passive_relaxation,0.0,0.0,not_applicable,,0.4,0.08042453323295481,0.0,0.5500000000000002,0.0,1.0,0.55,0,no restorative mechanism,0.9522893772893771,1.0,0.0,,calibration,localized_block_shock,0.08042453323295481,1.0,0.0,0,0.5500000000000002,within_radius,0,0,1.0,7102,0.0,,,,0.0,False,1.415642417166412,False
True,0,0.02,operator_only,0.18426659481655325,0.06757411329748167,not_applicable,,0.4,0.1461806274555075,0.01954521350754212,0.40486267127053893,-0.8176123824316884,0.6875,0.55,0,matched bounded smoothing without parity,0.916025641025641,0.022739324622893964,0.0,,calibration,localized_block_shock,0.08042453323295481,1.0,0.0,0,0.5500000000000002,within_radius,0,0,0.6875,7102,0.0,,,,0.26388605223538397,False,0.8355703901053453,False
True,0,0.02,random_parity_checks,0.14005950084121244,0.04174822207108178,eliminated,0.75,0.4,0.02819333553831691,0.05318421303275278,0.44900663176042466,0.6494435913398079,0.75,0.55,0,degree-matched checks on unrelated variables,0.9507326007326006,0.0,0.0,False,calibration,localized_block_shock,0.08042453323295481,1.0,0.0,0,0.5500000000000002,within_radius,0,0,0.75,7102,0.0,16,0,16,0.18362430589013723,False,1.1516037020049028,True
True,0,0.02,memory_budget_random_bits,0.052048158341855076,0.005861756986123278,eliminated,0.7291666666666666,0.4,0.07593244556103831,0.020809828471129593,0.5844539335690356,0.05585469372765746,0.7291666666666666,0.55,0,32 random bits replace structured parity,0.9307234432234431,0.0,0.06264351558006442,False,calibration,localized_block_shock,0.08042453323295481,1.0,0.0,0,0.5500000000000002,within_radius,0,0,0.7291666666666666,7102,0.0,17,0,17,-0.0626435155800645,False,1.3791423855068925,True
True,4,0.02,target,0.01615897359959481,0.0005649066947431774,eliminated,0.9375,0.4,0.02794545397387235,0.13186108664151386,0.23401782959616116,-0.05967465538928403,0.9375,0.25,3,local syndrome decode plus bounded relation feedback,0.9777472527472526,0.0,0.0,False,calibration,sparse_node_corruption,0.026371730069930054,1.0,0.16486073581206626,6,0.25,above_radius,9,6,0.9375,7102,0.2001668196372149,5,0,5,0.06392868161535536,False,1.0261799689257327,True
True,4,0.02,rt02_frozen_baseline,0.048913702094364,0.003248389810622836,not_applicable,,0.4,0.0329264591456663,0.0,0.22321194037437994,-0.2485513486735619,1.0,0.25,3,unchanged RT-02 one-bit orientation mechanism,0.9782051282051281,1.0,0.0,,calibration,sparse_node_corruption,0.026371730069930054,1.0,0.16486073581206626,6,0.25,above_radius,3,6,1.0,7102,1.0,,,,0.10715223850248023,False,1.023228111325644,False
True,4,0.02,passive_relaxation,0.0,0.0,not_applicable,,0.4,0.026371730069930054,0.16486073581206626,0.25,0.0,0.875,0.25,3,no restorative mechanism,0.971474358974359,0.0,0.0,,calibration,sparse_node_corruption,0.026371730069930054,1.0,0.16486073581206626,6,0.25,above_radius,61,6,0.875,7102,0.0,,,,0.0,False,1.029492253145915,False
True,4,0.02,operator_only,0.1066198491796408,0.023199464336353497,not_applicable,,0.4,0.1684116020653679,0.019677661373212026,0.4198064915448714,-5.386065746114873,0.6666666666666666,0.25,3,matched bounded smoothing without parity,0.910989010989011,0.016116931339398732,0.6792259661794855,,calibration,sparse_node_corruption,0.026371730069930054,1.0,0.16486073581206626,6,0.25,above_radius,61,6,0.6666666666666666,7102,0.8806407039475811,,,,-0.6792259661794855,False,0.8206987397720561,False
True,4,0.02,random_parity_checks,0.06078974576717717,0.007853154171874387,eliminated,0.6875,0.4,0.067517605983729,0.191093493758837,0.3592684821955757,-1.5602266443912556,0.6041666666666666,0.25,3,degree-matched checks on unrelated variables,0.9265567765567765,0.0,0.4370739287823029,False,calibration,sparse_node_corruption,0.026371730069930054,1.0,0.16486073581206626,6,0.25,above_radius,61,6,0.6041666666666666,7102,-0.1591207137196991,18,0,18,-0.4370739287823029,False,0.9789546623775807,True
True,4,0.02,memory_budget_random_bits,0.05932846024314436,0.007617944656943979,eliminated,0.6875,0.4,0.05621020655883273,0.15953319561991464,0.29614685748145325,-1.1314569203377947,0.6875,0.25,3,32 random bits replace structured parity,0.9449633699633699,0.0,0.184587429925813,False,calibration,sparse_node_corruption,0.026371730069930054,1.0,0.16486073581206626,6,0.25,above_radius,61,6,0.6875,7102,0.03231539739228614,16,0,16,-0.184587429925813,False,0.9798718578596761,True
True,5,0.02,target,0.04224461203296479,0.003860929137582072,eliminated,0.875,0.4,0.06173908581608313,0.3701562852256722,0.5153680731500211,-0.06414030293337106,0.875,0.55,3,local syndrome decode plus bounded relation feedback,0.8876831501831502,0.0,0.0,False,calibration,sparse_node_corruption,0.05801780615384586,1.0,0.44587335474096484,8,0.5500000000000002,above_radius,61,8,0.875,7102,0.16981743517569323,5,0,5,0.06296713972723465,False,1.2057627856994173,True
True,5,0.02,rt02_frozen_baseline,0.10023040714076592,0.02233587834867916,not_applicable,,0.4,0.06954977700491637,0.0,0.4704344721069285,-0.198766061930904,1.0,0.55,3,unchanged RT-02 one-bit orientation mechanism,0.9054029304029303,1.0,0.0,,calibration,sparse_node_corruption,0.05801780615384586,1.0,0.44587335474096484,8,0.5500000000000002,above_radius,4,8,1.0,7102,1.0,,,,0.14466459616922112,False,1.1804859362681484,False
True,5,0.02,passive_relaxation,0.0,0.0,not_applicable,,0.4,0.05801780615384586,0.44587335474096484,0.5500000000000002,0.0,0.8333333333333334,0.55,3,no restorative mechanism,0.8737179487179485,0.0,0.0,,calibration,sparse_node_corruption,0.05801780615384586,1.0,0.44587335474096484,8,0.5500000000000002,above_radius,61,8,0.8333333333333334,7102,0.0,,,,0.0,False,1.229882956921013,False
True,5,0.02,operator_only,0.13784614053333794,0.04058857592700237,not_applicable,,0.4,0.20717279659036347,0.01961646044418247,0.47222524662452525,-2.570848508835429,0.6875,0.55,3,matched bounded smoothing without parity,0.8789835164835165,0.01917697779087646,0.0,,calibration,sparse_node_corruption,0.05801780615384586,1.0,0.44587335474096484,8,0.5500000000000002,above_radius,61,8,0.6875,7102,0.9560044119353602,,,,0.1414086425008634,False,0.8350239984231569,False
True,5,0.02,random_parity_checks,0.08030688151487017,0.013624101147961537,eliminated,0.375,0.4,0.09531090655765008,0.23550707656550074,0.5441439557463104,-0.6427871523599855,0.6666666666666666,0.55,3,degree-matched checks on unrelated variables,0.8544871794871794,0.0,0.0,False,calibration,sparse_node_corruption,0.05801780615384586,1.0,0.44587335474096484,8,0.5500000000000002,above_radius,61,8,0.6666666666666666,7102,0.47180724288330433,15,0,15,0.010647353188526899,False,1.1449549035664677,True
True,5,0.02,memory_budget_random_bits,0.07039702065209473,0.010722444777073221,eliminated,0.625,0.4,0.08720368763521075,0.2952097038562081,0.5783016840976303,-0.5030504153151304,0.625,0.55,3,32 random bits replace structured parity,0.8527472527472526,0.0,0.05145760745023664,False,calibration,sparse_node_corruption,0.05801780615384586,1.0,0.44587335474096484,8,0.5500000000000002,above_radius,61,8,0.625,7102,0.33790682776342734,21,0,21,-0.051457607450236566,False,1.162100792871187,True
True,5,0.02,target,0.02161044387645604,0.0010103609521243048,eliminated,0.875,0.4,0.011996865206065702,0.11650841527310368,0.2554842930944999,0.0,0.875,0.25,2,local syndrome decode plus bounded relation feedback,0.9655219780219779,0.0,0.021937172377999303,False,calibration,relational_twist,2.6874861005641567e-16,1.0,0.07911309732793603,7,0.25000000000000006,near_above_boundary,61,7,0.875,7102,-0.4726817582448867,6,0,6,-0.0219371723779993,False,1.0564181406742266,True
True,5,0.02,rt02_frozen_baseline,0.018738648089245705,0.0007917206800595827,not_applicable,,0.4,0.001804090664492677,0.02488180847941861,0.24100364912322866,0.0,0.9791666666666666,0.25,2,unchanged RT-02 one-bit orientation mechanism,0.9687728937728937,0.0,0.0,,calibration,relational_twist,2.6874861005641567e-16,1.0,0.07911309732793603,7,0.25000000000000006,near_above_boundary,2,7,0.9791666666666666,7102,0.6854906542682856,,,,0.03598540350708556,False,1.0608622480431587,False
True,5,0.02,passive_relaxation,0.0,0.0,not_applicable,,0.4,2.6874861005641567e-16,0.07911309732793603,0.25000000000000006,0.0,0.8541666666666666,0.25,2,no restorative mechanism,0.9653388278388276,0.0,0.0,,calibration,relational_twist,2.6874861005641567e-16,1.0,0.07911309732793603,7,0.25000000000000006,near_above_boundary,61,7,0.8541666666666666,7102,0.0,,,,0.0,False,1.0625,False
True,5,0.02,operator_only,0.11579507248688235,0.025479812593810765,not_applicable,,0.4,0.1462711653630627,0.019739256125560985,0.43871598413562995,0.0,0.625,0.25,2,matched bounded smoothing without parity,0.903525641025641,0.01303719372195078,0.7548639365425194,,calibration,relational_twist,2.6874861005641567e-16,1.0,0.07911309732793603,7,0.25000000000000006,near_above_boundary,61,7,0.625,7102,0.7504931952829667,,,,-0.7548639365425194,False,0.8639612429610025,False
True,5,0.02,random_parity_checks,0.061948172856791016,0.007411360652577118,eliminated,0.6875,0.4,0.04214556628784282,0.12756888046830914,0.3224743982221675,0.0,0.6041666666666666,0.25,2,degree-matched checks on unrelated variables,0.9441849816849816,0.0,0.2898975928886698,False,calibration,relational_twist,2.6874861005641567e-16,1.0,0.07911309732793603,7,0.25000000000000006,near_above_boundary,61,7,0.6041666666666666,7102,-0.6124874992508053,17,0,17,-0.28989759288866973,False,1.0181179301627683,True
True,5,0.02,memory_budget_random_bits,0.04914297475190457,0.005228534494506555,eliminated,0.7291666666666666,0.4,0.02615863369711025,0.020806357514693865,0.2810612952019507,0.0,0.7291666666666666,0.25,2,32 random bits replace structured parity,0.9558150183150182,0.0,0.12424518080780267,False,calibration,relational_twist,2.6874861005641567e-16,1.0,0.07911309732793603,7,0.25000000000000006,near_above_boundary,61,7,0.7291666666666666,7102,0.7370048927746022,19,0,19,-0.12424518080780264,False,1.028988793202854,True
True,9,0.02,target,0.051481720046966106,0.005733968146862434,eliminated,0.8125,0.4,0.027822074992760477,0.2966045043395721,0.5473079384401671,0.0,0.8125,0.55,2,local syndrome decode plus bounded relation feedback,0.8657509157509157,0.0,0.0,False,calibration,relational_twist,2.4024149659894864e-16,1.0,0.256728946849161,12,0.5500000000000002,near_above_boundary,61,12,0.8125,7102,-0.15532162609555544,11,0,11,0.004894657381514611,False,1.266912073380754,True
True,9,0.02,rt02_frozen_baseline,0.05447729443722311,0.007394130244200074,not_applicable,,0.4,0.014592589820951317,0.06473130976008067,0.5113440943532163,0.0,0.9791666666666666,0.55,2,unchanged RT-02 one-bit orientation mechanism,0.8876373626373626,0.0,0.0,,calibration,relational_twist,2.4024149659894864e-16,1.0,0.256728946849161,12,0.5500000000000002,near_above_boundary,6,12,0.9791666666666666,7102,0.7478612733214185,,,,0.07028346481233433,False,1.283341286853786,False
True,9,0.02,passive_relaxation,0.0,0.0,not_applicable,,0.4,2.4024149659894864e-16,0.256728946849161,0.5500000000000002,0.0,0.75,0.55,2,no restorative mechanism,0.8739010989010989,0.0,0.0,,calibration,relational_twist,2.4024149659894864e-16,1.0,0.256728946849161,12,0.5500000000000002,near_above_boundary,61,12,0.75,7102,0.0,,,,0.0,False,1.3024999999999998,False
True,9,0.02,operator_only,0.14201925127758702,0.03954590470748787,not_applicable,,0.4,0.146271165363063,0.019749574576112688,0.5490867357384045,0.0,0.6041666666666666,0.55,2,matched bounded smoothing without parity,0.8081043956043954,0.012521271194365635,0.0,,calibration,relational_twist,2.4024149659894864e-16,1.0,0.256728946849161,12,0.5500000000000002,near_above_boundary,61,12,0.6041666666666666,7102,0.9230722720655401,,,,0.00166048047562847,False,0.9729857715887645,False
True,9,0.02,random_parity_checks,0.0894757029719014,0.01667408769586429,eliminated,0.3125,0.4,0.06287761430617757,0.1759983173821944,0.5391968568471722,0.0,0.6041666666666666,0.55,2,degree-matched checks on unrelated variables,0.8451465201465201,0.0,0.0,False,calibration,relational_twist,2.4024149659894864e-16,1.0,0.256728946849161,12,0.5500000000000002,near_above_boundary,61,12,0.6041666666666666,7102,0.3144586165984594,19,0,19,0.019642078459687143,False,1.184719514313581,True
True,9,0.02,memory_budget_random_bits,0.06988872325724231,0.010573371321469498,eliminated,0.5833333333333334,0.4,0.03935048137317104,0.24723730649537215,0.5505157796664062,0.0,0.5833333333333334,0.55,2,32 random bits replace structured parity,0.8543956043956042,0.0,0.0009377812116473372,False,calibration,relational_twist,2.4024149659894864e-16,1.0,0.256728946849161,12,0.5500000000000002,near_above_boundary,61,12,0.5833333333333334,7102,0.036971445839200846,15,0,15,-0.000937781211647337,False,1.2304482165173685,True
True,3,0.02,target,0.011569418111107352,0.0002895824324198482,eliminated,0.9375,0.4,0.05676827499358787,0.13682051135626053,0.22698610965835603,-0.058409834731104865,0.9375,0.25,2,local syndrome decode plus bounded relation feedback,0.9837912087912087,0.0,0.0,False,calibration,clustered_symbol_corruption,0.053635437928456306,1.0,0.13556931618764426,4,0.25,near_above_boundary,0,4,0.9375,7102,-0.009229191411458221,4,0,4,0.09205556136657589,False,1.156412309008855,True
True,3,0.02,rt02_frozen_baseline,0.04816670977111546,0.002670478634209645,not_applicable,,0.4,0.05683142077137838,0.0,0.2136913363926752,-0.05958714921252544,1.0,0.25,2,unchanged RT-02 one-bit orientation mechanism,0.9844780219780219,1.0,0.0,,calibration,clustered_symbol_corruption,0.053635437928456306,1.0,0.13556931618764426,4,0.25,near_above_boundary,0,4,1.0,7102,1.0,,,,0.14523465442929917,False,1.1533873199954616,False
True,3,0.02,passive_relaxation,0.0,0.0,not_applicable,,0.4,0.053635437928456306,0.13556931618764426,0.25,0.0,0.9166666666666666,0.25,2,no restorative mechanism,0.9773351648351647,0.0,0.0,,calibration,clustered_symbol_corruption,0.053635437928456306,1.0,0.13556931618764426,4,0.25,near_above_boundary,0,4,0.9166666666666666,7102,0.0,,,,0.0,False,1.158047268351884,False
True,3,0.02,operator_only,0.11785843089156087,0.026623783723457615,not_applicable,,0.4,0.10266560911836875,0.01972340908715604,0.41460071754879035,-0.9141376128095239,0.6458333333333334,0.25,2,matched bounded smoothing without parity,0.915018315018315,0.01382954564219796,0.6584028701951614,,calibration,clustered_symbol_corruption,0.053635437928456306,1.0,0.13556931618764426,4,0.25,near_above_boundary,0,4,0.6458333333333334,7102,0.854514209838925,,,,-0.6584028701951614,False,0.9465982619975111,False
True,3,0.02,random_parity_checks,0.06879059832791334,0.009583508948008973,eliminated,0.5,0.4,0.043941177842597164,0.08427268049753532,0.25147249659253323,0.1807435617248097,0.75,0.25,2,degree-matched checks on unrelated variables,0.9729395604395603,0.0,0.005889986370132938,False,calibration,clustered_symbol_corruption,0.053635437928456306,1.0,0.13556931618764426,4,0.25,near_above_boundary,0,4,0.75,7102,0.37837939389698044,16,0,16,-0.005889986370132938,False,1.0993319376313102,True
True,3,0.02,memory_budget_random_bits,0.06256879257208722,0.008470256972096921,eliminated,0.7083333333333334,0.4,0.04603760700988221,0.0781946072538789,0.30069422446714195,0.141656919604325,0.7083333333333334,0.25,2,32 random bits replace structured parity,0.953113553113553,0.0,0.20277689786856778,False,calibration,clustered_symbol_corruption,0.053635437928456306,1.0,0.13556931618764426,4,0.25,near_above_boundary,0,4,0.7083333333333334,7102,0.4232130879405768,15,0,15,-0.20277689786856778,False,1.104857097270431,True
True,3,0.02,target,0.061876660743640864,0.00828361257168406,eliminated,0.875,0.4,0.12017246882425667,0.33578536068775555,0.4760049717477445,-0.018428329762744135,0.875,0.55,2,local syndrome decode plus bounded relation feedback,0.9380036630036628,0.0,0.0,False,calibration,clustered_symbol_corruption,0.11799796344260413,1.0,0.49552816233092706,5,0.5500000000000002,near_above_boundary,7,5,0.875,7102,0.3223687648583956,5,0,5,0.13453641500410118,False,1.4599842613178189,True
True,3,0.02,rt02_frozen_baseline,0.111845366439272,0.02698339187655693,not_applicable,,0.4,0.14016173956646538,0.0,0.4014152302337714,-0.18783185300178526,1.0,0.55,2,unchanged RT-02 one-bit orientation mechanism,0.9710164835164833,1.0,0.0,,calibration,clustered_symbol_corruption,0.11799796344260413,1.0,0.49552816233092706,5,0.5500000000000002,near_above_boundary,2,5,1.0,7102,1.0,,,,0.2701541268476886,False,1.4402319539486383,False
True,3,0.02,passive_relaxation,0.0,0.0,not_applicable,,0.4,0.11799796344260413,0.49552816233092706,0.5500000000000002,0.0,0.8958333333333334,0.55,2,no restorative mechanism,0.9104853479853477,0.0,0.0,,calibration,clustered_symbol_corruption,0.11799796344260413,1.0,0.49552816233092706,5,0.5500000000000002,near_above_boundary,61,5,0.8958333333333334,7102,0.0,,,,0.0,False,1.5127039903741455,False
True,3,0.02,operator_only,0.16882393889389027,0.05377342105787904,not_applicable,,0.4,0.07509337243717132,0.019715742925712626,0.4493684287161946,0.3636045042955526,0.625,0.55,2,matched bounded smoothing without parity,0.9128663003663003,0.014212853714368756,0.0,,calibration,clustered_symbol_corruption,0.11799796344260413,1.0,0.49552816233092706,5,0.5500000000000002,near_above_boundary,61,5,0.625,7102,0.9602126691791416,,,,0.1829664932432828,False,1.1004944662691583,False
True,3,0.02,random_parity_checks,0.0857659856936568,0.013591731907017103,eliminated,0.5,0.4,0.07287408613577874,0.459876264307787,0.6068604902804068,0.3824123399280046,0.625,0.55,2,degree-matched checks on unrelated variables,0.8639652014652014,0.0,0.10338270960073936,False,calibration,clustered_symbol_corruption,0.11799796344260413,1.0,0.49552816233092706,5,0.5500000000000002,near_above_boundary,61,5,0.625,7102,0.07194726906223901,20,0,20,-0.1033827096007393,False,1.4359068570506852,True
True,3,0.02,memory_budget_random_bits,0.09681444801039185,0.020281139516808776,eliminated,0.75,0.4,0.09599358650292236,0.31056429495486637,0.505661716725046,0.18648098914338473,0.75,0.55,2,32 random bits replace structured parity,0.9151098901098902,0.0,0.0,False,calibration,clustered_symbol_corruption,0.11799796344260413,1.0,0.49552816233092706,5,0.5500000000000002,near_above_boundary,61,5,0.75,7102,0.3732661056154803,13,0,13,0.08061506049991661,False,1.3828686520307507,True
True,1,0.02,target,0.012620206163528573,0.00034457366165617336,eliminated,1.0,0.4,0.053050141461639104,6.399818381205015e-10,0.24297573453539462,-0.056521092981409005,1.0,0.25,1,local syndrome decode plus bounded relation feedback,0.9584706959706959,0.9999999680009081,0.0,True,calibration,dispersed_equal_weight_corruption,0.05021209875889586,1.0,0.0772826638734307,1,0.25000000000000006,within_radius,0,1,1.0,7102,0.999999991718947,2,0,2,0.02809706185842175,False,1.0386412398865392,False
True,1,0.02,rt02_frozen_baseline,0.023322797653251463,0.0007601826107718335,not_applicable,,0.4,0.053217990797611595,0.0,0.24284915252879521,-0.05986389959816595,1.0,0.25,1,unchanged RT-02 one-bit orientation mechanism,0.9584706959706959,1.0,0.0,,calibration,dispersed_equal_weight_corruption,0.05021209875889586,1.0,0.0772826638734307,1,0.25000000000000006,within_radius,0,1,1.0,7102,1.0,,,,0.028603389884819357,False,1.0386576461379247,False
True,1,0.02,passive_relaxation,0.0,0.0,not_applicable,,0.4,0.05021209875889586,0.0772826638734307,0.25000000000000006,0.0,0.9791666666666666,0.25,1,no restorative mechanism,0.9560897435897433,0.0,0.0,,calibration,dispersed_equal_weight_corruption,0.05021209875889586,1.0,0.0772826638734307,1,0.25000000000000006,within_radius,0,1,0.9791666666666666,7102,0.0,,,,0.0,False,1.0407136468132236,False
True,1,0.02,operator_only,0.1436313365500996,0.03726735550636568,not_applicable,,0.4,0.1863751491485477,0.019688966478081188,0.41706183381470013,-2.7117577985231778,0.6875,0.25,1,matched bounded smoothing without parity,0.9100732600732601,0.015551676095940659,0.6682473352588001,,calibration,dispersed_equal_weight_corruption,0.05021209875889586,1.0,0.0772826638734307,1,0.25000000000000006,within_radius,0,1,0.6875,7102,0.7452343709279134,,,,-0.6682473352588002,False,0.7842725222267926,False
True,1,0.02,random_parity_checks,0.08522307414702517,0.013970739596710078,eliminated,0.375,0.4,0.10628044676550291,0.03803305771839773,0.34096079674897134,-1.1166302423611334,0.6666666666666666,0.25,1,degree-matched checks on unrelated variables,0.9217490842490842,0.0,0.36384318699588514,False,calibration,dispersed_equal_weight_corruption,0.05021209875889586,1.0,0.0772826638734307,1,0.25000000000000006,within_radius,0,1,0.6666666666666666,7102,0.5078707718889429,20,0,20,-0.3638431869958851,False,0.9595474037526968,True
True,1,0.02,memory_budget_random_bits,0.04883516194903772,0.005160054184465596,eliminated,0.7916666666666666,0.4,0.05531508568057651,0.01825481388385542,0.2774369308449896,-0.10162863229803909,0.7916666666666666,0.25,1,32 random bits replace structured parity,0.9480311355311353,0.08725930580722896,0.1097477233799582,False,calibration,dispersed_equal_weight_corruption,0.05021209875889586,1.0,0.0772826638734307,1,0.25000000000000006,within_radius,0,1,0.7916666666666666,7102,0.7637916064364428,16,0,16,-0.10974772337995817,False,1.0088115275713974,True
True,1,0.02,target,0.031899530214246866,0.0022014952526458746,eliminated,1.0,0.4,0.11767408527483975,1.6176534487988404e-09,0.5338663526478165,-0.06524566591625412,1.0,0.55,1,local syndrome decode plus bounded relation feedback,0.8643315018315018,0.9999999191173276,0.0,True,calibration,dispersed_equal_weight_corruption,0.11046661726957063,1.0,0.19534393014849943,1,0.5500000000000002,within_radius,0,1,1.0,7102,0.9999999917189469,2,0,2,0.029333904276697628,False,1.240684377782574,False
True,1,0.02,rt02_frozen_baseline,0.05707829846402286,0.00455301077638706,not_applicable,,0.4,0.11766433811360269,0.0,0.5331581459628859,-0.06515742965558118,1.0,0.55,1,unchanged RT-02 one-bit orientation mechanism,0.8643315018315018,1.0,0.0,,calibration,dispersed_equal_weight_corruption,0.11046661726957063,1.0,0.19534393014849943,1,0.5500000000000002,within_radius,0,1,1.0,7102,1.0,,,,0.030621552794753166,False,1.2407171902860858,False
True,1,0.02,passive_relaxation,0.0,0.0,not_applicable,,0.4,0.11046661726957063,0.19534393014849943,0.5500000000000002,0.0,0.9791666666666666,0.55,1,no restorative mechanism,0.8635531135531134,0.0,0.0,,calibration,dispersed_equal_weight_corruption,0.11046661726957063,1.0,0.19534393014849943,1,0.5500000000000002,within_radius,0,1,0.9791666666666666,7102,0.0,,,,0.0,False,1.2545700229890921,False
True,1,0.02,operator_only,0.20056043732810938,0.07289277192104264,not_applicable,,0.4,0.24796433372381915,0.019641497466692533,0.46024590058127784,-1.2446992571404096,0.6458333333333334,0.55,1,matched bounded smoothing without parity,0.8764194139194138,0.01792512666537338,0.0,,calibration,dispersed_equal_weight_corruption,0.11046661726957063,1.0,0.19534393014849943,1,0.5500000000000002,within_radius,0,1,0.6458333333333334,7102,0.8994517134381337,,,,0.16318927167040415,False,0.748769142936188,False
True,1,0.02,random_parity_checks,0.1416443875457516,0.03911013845146948,eliminated,0.6875,0.4,0.16102706416215942,0.20719602431162937,0.5027219911210895,-0.4576988790125311,0.6875,0.55,1,degree-matched checks on unrelated variables,0.846153846153846,0.0,0.0,False,calibration,dispersed_equal_weight_corruption,0.11046661726957063,1.0,0.19534393014849943,1,0.5500000000000002,within_radius,0,1,0.6875,7102,-0.06067295847953931,16,0,16,0.08596001614347389,False,1.0243866681070086,True
True,1,0.02,memory_budget_random_bits,0.08638523427889133,0.01615560966636091,eliminated,0.7916666666666666,0.4,0.1332750405404568,0.01825022468586057,0.5178699693868243,-0.20647344722457636,0.7916666666666666,0.55,1,32 random bits replace structured parity,0.8587454212454212,0.08748876570697162,0.0,False,calibration,dispersed_equal_weight_corruption,0.11046661726957063,1.0,0.19534393014849943,1,0.5500000000000002,within_radius,0,1,0.7916666666666666,7102,0.9065738839595023,16,0,16,0.058418237478501576,False,1.150269390845779,True
True,3,0.02,target,0.0023739040033772646,1.2192014893090151e-05,eliminated,1.0,0.4,0.22096348095963364,1.2038276587277573e-10,0.24830819803399315,0.005436903750400978,1.0,0.25,1,local syndrome decode plus bounded relation feedback,0.9687728937728937,0.9999999939808617,0.0,True,calibration,topology_preserving_identity_disruption,0.22217140550746906,1.0,0.014537133766561332,3,0.25,within_radius,0,3,1.0,7102,0.9999999917189476,5,0,5,0.0067672078640274025,False,0.9349493761401025,False
True,3,0.02,rt02_frozen_baseline,0.006246558355296262,5.453034496507662e-05,not_applicable,,0.4,0.22062828418033978,0.002257059381625562,0.24760575821815817,0.006945634266500597,1.0,0.25,1,unchanged RT-02 one-bit orientation mechanism,0.9693681318681319,0.8871470309187219,0.0,,calibration,topology_preserving_identity_disruption,0.22217140550746906,1.0,0.014537133766561332,3,0.25,within_radius,0,3,1.0,7102,0.8447383495350849,,,,0.00957696712736733,False,0.934993594454745,False
True,3,0.02,passive_relaxation,0.0,0.0,not_applicable,,0.4,0.22217140550746906,0.014537133766561332,0.25,0.0,0.9375,0.25,1,no restorative mechanism,0.9683608058608056,0.2731433116719334,0.0,,calibration,topology_preserving_identity_disruption,0.22217140550746906,1.0,0.014537133766561332,3,0.25,within_radius,0,3,0.9375,7102,0.0,,,,0.0,False,0.9349678869956246,False
True,3,0.02,operator_only,0.10323556763286808,0.020033952703755287,not_applicable,,0.4,0.2644788032759388,0.01974834352781247,0.46359380810858675,-0.19042683585600959,0.6875,0.25,1,matched bounded smoothing without parity,0.885164835164835,0.01258282360937657,0.854375232434347,,calibration,topology_preserving_identity_disruption,0.22217140550746906,1.0,0.014537133766561332,3,0.25,within_radius,0,3,0.6875,7102,-0.3584757384043674,,,,-0.854375232434347,False,0.7826937342918199,False
True,3,0.02,random_parity_checks,0.04938949507475982,0.005303922629218463,eliminated,0.5625,0.4,0.2223173437297097,0.02742307166891873,0.32056463976678273,-0.0006568722104778171,0.7291666666666666,0.25,1,degree-matched checks on unrelated variables,0.9347527472527472,0.0,0.28225855906713093,False,calibration,topology_preserving_identity_disruption,0.22217140550746906,1.0,0.014537133766561332,3,0.25,within_radius,0,3,0.7291666666666666,7102,-0.8864153078097103,16,0,16,-0.28225855906713093,False,0.8987966141574689,True
True,3,0.02,memory_budget_random_bits,0.0450663950020212,0.004401462597345256,eliminated,0.75,0.4,0.22235173874050818,0.032756224383234105,0.29653691343038563,-0.0008116851609558639,0.75,0.25,1,32 random bits replace structured parity,0.9454212454212454,0.0,0.18614765372154252,False,calibration,topology_preserving_identity_disruption,0.22217140550746906,1.0,0.014537133766561332,3,0.25,within_radius,0,3,0.75,7102,-1.2532794228378614,14,0,14,-0.18614765372154252,False,0.9075361873125667,True
True,5,0.02,target,0.019238644130746215,0.0008007521278618901,eliminated,1.0,0.4,0.4779358766367678,9.756086992398126e-10,0.5393884537333967,0.02218028556273153,1.0,0.55,1,local syndrome decode plus bounded relation feedback,0.8565934065934065,0.9999999512195651,0.0,True,calibration,topology_preserving_identity_disruption,0.4887770921164318,1.0,0.1178121536582966,5,0.5500000000000002,within_radius,5,5,1.0,7102,0.9999999917189468,9,0,9,0.01929372048473351,False,1.0172143772609974,False
True,5,0.02,rt02_frozen_baseline,0.027601616795711954,0.0017484990887443512,not_applicable,,0.4,0.4791096449297818,0.01909540659493612,0.5393005421420111,0.019778846722929237,0.9583333333333334,0.55,1,unchanged RT-02 one-bit orientation mechanism,0.8559981684981685,0.04522967025319402,0.0,,calibration,topology_preserving_identity_disruption,0.4887770921164318,1.0,0.1178121536582966,5,0.5500000000000002,within_radius,4,5,0.9583333333333334,7102,0.8379164967111915,,,,0.019453559741798344,False,1.0173551035912742,False
True,5,0.02,passive_relaxation,0.0,0.0,not_applicable,,0.4,0.4887770921164318,0.1178121536582966,0.5500000000000002,0.0,0.8958333333333334,0.55,1,no restorative mechanism,0.8498168498168497,0.0,0.0,,calibration,topology_preserving_identity_disruption,0.4887770921164318,1.0,0.1178121536582966,5,0.5500000000000002,within_radius,61,5,0.8958333333333334,7102,0.0,,,,0.0,False,1.0219293513903747,False
True,5,0.02,operator_only,0.10946117671077454,0.022417947348311495,not_applicable,,0.4,0.4724308947804143,0.019764223939072168,0.6403772726456934,0.03344305123883274,0.6875,0.55,1,matched bounded smoothing without parity,0.7768315018315017,0.011788803046391627,0.1643223139012604,,calibration,topology_preserving_identity_disruption,0.4887770921164318,1.0,0.1178121536582966,5,0.5500000000000002,within_radius,61,5,0.6875,7102,0.8322395158279129,,,,-0.16432231390126048,False,0.8533995512766845,False
True,5,0.02,random_parity_checks,0.0701816219392984,0.010302598061885222,eliminated,0.625,0.4,0.4873638536890999,0.16566788456655693,0.5890258557320526,0.002891376151064026,0.625,0.55,1,degree-matched checks on unrelated variables,0.8097985347985348,0.0,0.07095610133100427,False,calibration,topology_preserving_identity_disruption,0.4887770921164318,1.0,0.1178121536582966,5,0.5500000000000002,within_radius,61,5,0.625,7102,-0.4062036846135714,17,0,17,-0.07095610133100437,False,0.9579218604701025,True
True,5,0.02,memory_budget_random_bits,0.05451906698696479,0.0064330719539970925,eliminated,0.6666666666666666,0.4,0.49141310974275676,0.13304976752055636,0.5774523886156036,-0.005393087501116062,0.6666666666666666,0.55,1,32 random bits replace structured parity,0.8151556776556775,0.0,0.04991343384655167,False,calibration,topology_preserving_identity_disruption,0.4887770921164318,1.0,0.1178121536582966,5,0.5500000000000002,within_radius,61,5,0.6666666666666666,7102,-0.12933821672129914,15,0,15,-0.049913433846551614,False,0.9808618233417206,True
True,2,0.02,target,0.02403669178696603,0.001249967059748654,eliminated,1.0,0.4,0.042534258387002644,1.2189218753159056e-09,0.23104926821911845,-0.232736421517175,1.0,0.25,1,local syndrome decode plus bounded relation feedback,0.9798992673992671,0.9999999390539063,0.0,True,calibration,localized_block_shock,0.034503935832977284,1.0,0.14719407495653483,2,0.25000000000000006,within_radius,0,2,1.0,7103,0.9999999917189474,3,0,3,0.07580292712352642,False,1.0870198396616644,False
True,2,0.02,rt02_frozen_baseline,0.004841919686844225,3.2763614329914147e-05,not_applicable,,0.4,0.03522720696932181,0.1466526725247822,0.24652281398703604,-0.020961989375520865,0.9791666666666666,0.25,1,unchanged RT-02 one-bit orientation mechanism,0.9808150183150182,0.0,0.0,,calibration,localized_block_shock,0.034503935832977284,1.0,0.14719407495653483,2,0.25000000000000006,within_radius,0,2,0.9791666666666666,7103,0.003678153702263502,,,,0.013908744051856044,False,1.0947838609491694,False
True,2,0.02,passive_relaxation,0.0,0.0,not_applicable,,0.4,0.034503935832977284,0.14719407495653483,0.25000000000000006,0.0,0.9583333333333334,0.25,1,no restorative mechanism,0.9779761904761904,0.0,0.0,,calibration,localized_block_shock,0.034503935832977284,1.0,0.14719407495653483,2,0.25000000000000006,within_radius,0,2,0.9583333333333334,7103,0.0,,,,0.0,False,1.0947998051218464,False
True,2,0.02,operator_only,0.09109018720178139,0.017222764719067515,not_applicable,,0.4,0.13687352957388835,0.019668857388964362,0.4268643314849696,-2.966896131399331,0.7291666666666666,0.25,1,matched bounded smoothing without parity,0.9204212454212453,0.016557130551781873,0.707457325939878,,calibration,localized_block_shock,0.034503935832977284,1.0,0.14719407495653483,2,0.25000000000000006,within_radius,0,2,0.7291666666666666,7103,0.8663746662712313,,,,-0.7074573259398781,False,0.9350703818658309,False
True,2,0.02,random_parity_checks,0.07824661497099084,0.009518711100506849,eliminated,0.5625,0.4,0.043974012168282006,0.10712413881610756,0.3049629808309969,-0.2744636548464032,0.7291666666666666,0.25,1,degree-matched checks on unrelated variables,0.9577838827838827,0.0,0.21985192332398729,False,calibration,localized_block_shock,0.034503935832977284,1.0,0.14719407495653483,2,0.25000000000000006,within_radius,0,2,0.7291666666666666,7103,0.2722251975988815,15,0,15,-0.21985192332398723,False,1.053819284042667,True
True,2,0.02,memory_budget_random_bits,0.06230307386093661,0.008398343090657684,eliminated,0.7291666666666666,0.4,0.047628126782493826,0.14843298615022235,0.3468510730452193,-0.38036793869101276,0.7291666666666666,0.25,1,32 random bits replace structured parity,0.9364010989010988,0.0,0.3874042921808769,False,calibration,localized_block_shock,0.034503935832977284,1.0,0.14719407495653483,2,0.25000000000000006,within_radius,0,2,0.7291666666666666,7103,-0.008416855053801315,16,0,16,-0.3874042921808768,False,1.0399925200968894,True
True,2,0.02,target,0.053114505135397394,0.006103450937981587,eliminated,0.9375,0.4,0.09177462847453606,0.28196037066876467,0.5157480708517707,-0.20901396343973672,0.9375,0.55,2,local syndrome decode plus bounded relation feedback,0.9147435897435897,0.0,0.0,False,calibration,localized_block_shock,0.07590865883255,1.0,0.4000874258177676,3,0.5500000000000002,near_above_boundary,0,3,0.9375,7103,0.29525310601190347,2,0,2,0.06227623481496271,False,1.3347074493609061,True
True,2,0.02,rt02_frozen_baseline,0.05954296961653727,0.006032226287238192,not_applicable,,0.4,0.08731184084886033,0.31985775328166993,0.5106186849619007,-0.15022241456623636,0.9791666666666666,0.55,2,unchanged RT-02 one-bit orientation mechanism,0.9332417582417581,0.0,0.0,,calibration,localized_block_shock,0.07590865883255,1.0,0.4000874258177676,3,0.5500000000000002,near_above_boundary,0,3,0.9791666666666666,7103,0.20053035251510448,,,,0.0716023909783627,False,1.3597680042922384,False
True,2,0.02,passive_relaxation,0.0,0.0,not_applicable,,0.4,0.07590865883255,0.4000874258177676,0.5500000000000002,0.0,0.9375,0.55,2,no restorative mechanism,0.9153846153846152,0.0,0.0,,calibration,localized_block_shock,0.07590865883255,1.0,0.4000874258177676,3,0.5500000000000002,near_above_boundary,0,3,0.9375,7103,0.0,,,,0.0,False,1.3735595712680624,False
True,2,0.02,operator_only,0.11353914555353282,0.02692209072230519,not_applicable,,0.4,0.15713533510346642,0.019645847786838103,0.5497587549733729,-1.0700581135295466,0.7083333333333334,0.55,2,matched bounded smoothing without parity,0.8746336996336995,0.017707610658094897,0.0,,calibration,localized_block_shock,0.07590865883255,1.0,0.4000874258177676,3,0.5500000000000002,near_above_boundary,0,3,0.7083333333333334,7103,0.9508961129016177,,,,0.00043862732114046716,False,1.1212376615345976,False
True,2,0.02,random_parity_checks,0.04960541677874174,0.004688730301372937,eliminated,0.25,0.4,0.06075945467300779,0.42670454162443855,0.5790331354760802,0.1995714901637303,0.75,0.55,2,degree-matched checks on unrelated variables,0.8961996336996336,0.0,0.052787519047418074,False,calibration,localized_block_shock,0.07590865883255,1.0,0.4000874258177676,3,0.5500000000000002,near_above_boundary,0,3,0.75,7103,-0.06652824880028742,13,0,13,-0.05278751904741816,False,1.3428912005378821,True
True,2,0.02,memory_budget_random_bits,0.06630179433639387,0.009513782897824678,eliminated,0.6458333333333334,0.4,0.08578834031768956,0.4347427191081686,0.6072520318841642,-0.13015223344853907,0.6458333333333334,0.55,2,32 random bits replace structured parity,0.8745421245421243,0.0,0.10409460342575283,False,calibration,localized_block_shock,0.07590865883255,1.0,0.4000874258177676,3,0.5500000000000002,near_above_boundary,0,3,0.6458333333333334,7103,-0.0866193013178721,16,0,16,-0.1040946034257528,False,1.310847834519358,True
True,4,0.02,target,0.02701281619587565,0.001578949272553062,eliminated,0.9375,0.4,0.03712041302792912,0.08316436466593728,0.254013624659334,0.12254250969136436,0.9375,0.25,2,local syndrome decode plus bounded relation feedback,0.9630952380952379,0.0,0.01605449863733588,False,calibration,sparse_node_corruption,0.042304514392910865,1.0,0.11137978751381042,5,0.25000000000000006,near_above_boundary,6,5,0.9375,7103,0.25332624058359415,6,0,6,-0.016054498637335875,False,1.0357531966372728,True
True,4,0.02,rt02_frozen_baseline,0.032458837084243755,0.0016785789340162554,not_applicable,,0.4,0.042470252446130126,0.0,0.21564628246158227,-0.0039177391727024365,1.0,0.25,2,unchanged RT-02 one-bit orientation mechanism,0.9754120879120878,1.0,0.0,,calibration,sparse_node_corruption,0.042304514392910865,1.0,0.11137978751381042,5,0.25000000000000006,near_above_boundary,2,5,1.0,7103,1.0,,,,0.13741487015367113,False,1.0405050432277734,False
True,4,0.02,passive_relaxation,0.0,0.0,not_applicable,,0.4,0.042304514392910865,0.11137978751381042,0.25000000000000006,0.0,0.8958333333333334,0.25,2,no restorative mechanism,0.9659340659340658,0.0,0.0,,calibration,sparse_node_corruption,0.042304514392910865,1.0,0.11137978751381042,5,0.25000000000000006,near_above_boundary,61,5,0.8958333333333334,7103,0.0,,,,0.0,False,1.0454575059921951,False
True,4,0.02,operator_only,0.10365393244107995,0.02096909026585584,not_applicable,,0.4,0.13996831917798033,0.019758824987723887,0.41451683391560784,-2.308590612292559,0.7291666666666666,0.25,2,matched bounded smoothing without parity,0.905128205128205,0.01205875061380568,0.6580673356624309,,calibration,sparse_node_corruption,0.042304514392910865,1.0,0.11137978751381042,5,0.25000000000000006,near_above_boundary,61,5,0.7291666666666666,7103,0.8225995449553726,,,,-0.658067335662431,False,0.8723783546490679,False
True,4,0.02,random_parity_checks,0.07108153268251978,0.00911698371691268,eliminated,0.4375,0.4,0.052965397265977016,0.12697955322663643,0.3033852322887032,-0.2520034333464099,0.7708333333333334,0.25,2,degree-matched checks on unrelated variables,0.9474358974358973,0.0,0.2135409291548125,False,calibration,sparse_node_corruption,0.042304514392910865,1.0,0.11137978751381042,5,0.25000000000000006,near_above_boundary,61,5,0.7708333333333334,7103,-0.14005921595865617,14,0,14,-0.21354092915481243,False,0.9953302036978238,True
True,4,0.02,memory_budget_random_bits,0.05286998756806842,0.0060543502402671655,eliminated,0.7708333333333334,0.4,0.04584248207989858,0.11398012687158171,0.2860198077620294,-0.08363097266944598,0.7708333333333334,0.25,2,32 random bits replace structured parity,0.9504578754578755,0.0,0.14407923104811737,False,calibration,sparse_node_corruption,0.042304514392910865,1.0,0.11137978751381042,5,0.25000000000000006,near_above_boundary,61,5,0.7708333333333334,7103,-0.02334660009518213,14,0,14,-0.14407923104811735,False,1.0046520450870093,True
True,4,0.02,target,0.05041252786696747,0.005498379039156857,eliminated,0.9375,0.4,0.08358412511733826,0.22336274149120142,0.5149875625898461,0.10192127981000272,0.9375,0.55,2,local syndrome decode plus bounded relation feedback,0.8962912087912088,0.0,0.0,False,calibration,sparse_node_corruption,0.09306993166440379,1.0,0.3499233730038967,5,0.5500000000000002,near_above_boundary,15,5,0.9375,7103,0.36168098868687437,6,0,6,0.06365897710937095,False,1.2305839046039193,True
True,4,0.02,rt02_frozen_baseline,0.09292457757110613,0.014760056155659469,not_applicable,,0.4,0.09751513925383219,0.0,0.44591317221805243,-0.04776201625952787,1.0,0.55,2,unchanged RT-02 one-bit orientation mechanism,0.931227106227106,1.0,0.0,,calibration,sparse_node_corruption,0.09306993166440379,1.0,0.3499233730038967,5,0.5500000000000002,near_above_boundary,6,5,1.0,7103,1.0,,,,0.18924877778535945,False,1.2047266596716835,False
True,4,0.02,passive_relaxation,0.0,0.0,not_applicable,,0.4,0.09306993166440379,0.3499233730038967,0.5500000000000002,0.0,0.8958333333333334,0.55,2,no restorative mechanism,0.878113553113553,0.0,0.0,,calibration,sparse_node_corruption,0.09306993166440379,1.0,0.3499233730038967,5,0.5500000000000002,near_above_boundary,61,5,0.8958333333333334,7103,0.0,,,,0.0,False,1.2650065131828296,False
True,4,0.02,operator_only,0.13185389697639743,0.035080498908757356,not_applicable,,0.4,0.14554672277975889,0.019847292208879232,0.5018755905134028,-0.563842587792785,0.6666666666666666,0.55,2,matched bounded smoothing without parity,0.8670329670329671,0.0076353895560383744,0.0,,calibration,sparse_node_corruption,0.09306993166440379,1.0,0.3499233730038967,5,0.5500000000000002,near_above_boundary,61,5,0.6666666666666666,7103,0.9432810331059017,,,,0.08749892633926788,False,0.9558153155093416,False
True,4,0.02,random_parity_checks,0.05339438516810259,0.005957203348040394,eliminated,0.5625,0.4,0.1036258375667701,0.39005742099879603,0.5854902340023631,-0.11341907868192408,0.6875,0.55,2,degree-matched checks on unrelated variables,0.8570970695970695,0.0,0.06452769818611448,False,calibration,sparse_node_corruption,0.09306993166440379,1.0,0.3499233730038967,5,0.5500000000000002,near_above_boundary,61,5,0.6875,7103,-0.11469381896490924,12,0,12,-0.06452769818611444,False,1.2272740167816067,True
True,4,0.02,memory_budget_random_bits,0.07684262187209709,0.012775995141455483,eliminated,0.75,0.4,0.10116868813568727,0.29806716440351605,0.5158504707245154,-0.08701796946071029,0.75,0.55,2,32 random bits replace structured parity,0.9021978021978021,0.0,0.0,False,calibration,sparse_node_corruption,0.09306993166440379,1.0,0.3499233730038967,5,0.5500000000000002,near_above_boundary,61,5,0.75,7103,0.14819304053691545,16,0,16,0.062090053228154085,False,1.182772187102669,True
True,6,0.02,target,0.02058477761178268,0.000912516998569334,eliminated,0.9375,0.4,0.007948282267975388,0.0952951209889202,0.2517377376887986,0.0,0.9375,0.25,2,local syndrome decode plus bounded relation feedback,0.9640567765567764,0.0,0.006950950755194363,False,calibration,relational_twist,1.3874941060677477e-16,1.0,0.06536020950205677,7,0.25,near_above_boundary,8,7,0.9375,7103,-0.4579990136953498,7,0,7,-0.006950950755194363,False,1.057096292131036,True
True,6,0.02,rt02_frozen_baseline,0.02213775354245796,0.0006616386420268566,not_applicable,,0.4,0.006163742316190295,0.0,0.24031095293519214,0.0,1.0,0.25,2,unchanged RT-02 one-bit orientation mechanism,0.9674450549450548,1.0,0.0,,calibration,relational_twist,1.3874941060677477e-16,1.0,0.06536020950205677,7,0.25,near_above_boundary,1,7,1.0,7103,1.0,,,,0.03875618825923144,False,1.0613574039605078,False
True,6,0.02,passive_relaxation,0.0,0.0,not_applicable,,0.4,1.3874941060677477e-16,0.06536020950205677,0.25,0.0,0.8541666666666666,0.25,2,no restorative mechanism,0.9650641025641024,0.0,0.0,,calibration,relational_twist,1.3874941060677477e-16,1.0,0.06536020950205677,7,0.25,near_above_boundary,61,7,0.8541666666666666,7103,0.0,,,,0.0,False,1.0625,False
True,6,0.02,operator_only,0.10224414789654891,0.020977001274555918,not_applicable,,0.4,0.14627116536306267,0.01967753813968246,0.4263905776077406,0.0,0.6458333333333334,0.25,2,matched bounded smoothing without parity,0.9035714285714285,0.016123093015877,0.7055623104309623,,calibration,relational_twist,1.3874941060677477e-16,1.0,0.06536020950205677,7,0.25,near_above_boundary,61,7,0.6458333333333334,7103,0.6989370399881714,,,,-0.7055623104309623,False,0.8795446919668802,False
True,6,0.02,random_parity_checks,0.07093051720782478,0.010891972673893132,eliminated,0.5625,0.4,0.06546564238700715,0.15238448591403092,0.34094013858437244,0.0,0.6458333333333334,0.25,2,degree-matched checks on unrelated variables,0.9413461538461538,0.0,0.36376055433748977,False,calibration,relational_twist,1.3874941060677477e-16,1.0,0.06536020950205677,7,0.25,near_above_boundary,61,7,0.6458333333333334,7103,-1.3314565096251052,13,0,13,-0.36376055433748977,False,0.989038492132754,True
True,6,0.02,memory_budget_random_bits,0.07718183463120075,0.012918573055285855,eliminated,0.6666666666666666,0.4,0.06917726041327672,0.1149121606694394,0.3474756333793656,0.0,0.6666666666666666,0.25,2,32 random bits replace structured parity,0.9326007326007326,0.0,0.3899025335174624,False,calibration,relational_twist,1.3874941060677477e-16,1.0,0.06536020950205677,7,0.25,near_above_boundary,61,7,0.6666666666666666,7103,-0.7581363576538616,23,0,23,-0.3899025335174624,False,0.9778866313240562,True
True,11,0.02,target,0.040617766316838715,0.0035584796709113137,eliminated,0.875,0.4,0.014760667833179975,0.24514105129991506,0.5265019975450294,0.0,0.875,0.55,2,local syndrome decode plus bounded relation feedback,0.8783424908424908,0.0,0.0,False,calibration,relational_twist,2.3390285782902766e-16,1.0,0.24846727388237919,13,0.5500000000000002,near_above_boundary,61,13,0.875,7103,0.013386964530542996,14,0,14,0.042723640827219626,False,1.2809857179573356,True
True,11,0.02,rt02_frozen_baseline,0.05875609587879144,0.007236294421238757,not_applicable,,0.4,0.02786893293576275,0.0,0.5064014670158986,0.0,1.0,0.55,2,unchanged RT-02 one-bit orientation mechanism,0.8907509157509156,1.0,0.0,,calibration,relational_twist,2.3390285782902766e-16,1.0,0.24846727388237919,13,0.5500000000000002,near_above_boundary,5,13,1.0,7103,1.0,,,,0.0792700599710937,False,1.2836111888695134,False
True,11,0.02,passive_relaxation,0.0,0.0,not_applicable,,0.4,2.3390285782902766e-16,0.24846727388237919,0.5500000000000002,0.0,0.7291666666666666,0.55,2,no restorative mechanism,0.8653846153846154,0.0,0.0,,calibration,relational_twist,2.3390285782902766e-16,1.0,0.24846727388237919,13,0.5500000000000002,near_above_boundary,61,13,0.7291666666666666,7103,0.0,,,,0.0,False,1.3024999999999998,False
True,11,0.02,operator_only,0.1326442546253669,0.035167984876270875,not_applicable,,0.4,0.14627116536306292,0.01966511166737808,0.5480191621225003,0.0,0.6458333333333334,0.55,2,matched bounded smoothing without parity,0.8372252747252746,0.01674441663109605,0.0,,calibration,relational_twist,2.3390285782902766e-16,1.0,0.24846727388237919,13,0.5500000000000002,near_above_boundary,61,13,0.6458333333333334,7103,0.9208543187193045,,,,0.0036015234136360136,False,0.9980607693476649,False
True,11,0.02,random_parity_checks,0.0865680813838041,0.014445391935977632,eliminated,0.5,0.4,0.05973372757506492,0.2980821605055608,0.570166302882201,0.0,0.625,0.55,2,degree-matched checks on unrelated variables,0.8369047619047618,0.0,0.03666600524036534,False,calibration,relational_twist,2.3390285782902766e-16,1.0,0.24846727388237919,13,0.5500000000000002,near_above_boundary,61,13,0.625,7103,-0.19968378872570794,12,0,12,-0.03666600524036525,False,1.2156466454528014,True
True,11,0.02,memory_budget_random_bits,0.07132677131675663,0.011019581708853319,eliminated,0.6041666666666666,0.4,0.050988260037645776,0.24535778154749596,0.5816653691357498,0.0,0.6041666666666666,0.55,2,32 random bits replace structured parity,0.8455128205128204,0.0,0.057573398428635736,False,calibration,relational_twist,2.3390285782902766e-16,1.0,0.24846727388237919,13,0.5500000000000002,near_above_boundary,61,13,0.6041666666666666,7103,0.012514695743614157,20,0,20,-0.05757339842863578,False,1.2263545558682853,True
True,3,0.02,target,0.04601940094890085,0.004584080296101597,eliminated,0.8125,0.4,0.09863885299721493,0.13784871901311835,0.2415934465788859,-0.028410509466346243,0.8125,0.25,2,local syndrome decode plus bounded relation feedback,0.9589743589743589,0.0,0.0,False,calibration,clustered_symbol_corruption,0.09591389050312189,1.0,0.18577630315050658,6,0.25,near_above_boundary,3,6,0.8125,7103,0.25798545522008653,4,0,4,0.033626213684456396,False,1.0290822982443621,True
True,3,0.02,rt02_frozen_baseline,0.058625125788687935,0.004802538523703594,not_applicable,,0.4,0.09612485426421762,0.0023151052273757606,0.1986794836708307,-0.002199512083068469,1.0,0.25,2,unchanged RT-02 one-bit orientation mechanism,0.9753663003663002,0.884244738631212,0.0,,calibration,clustered_symbol_corruption,0.09591389050312189,1.0,0.18577630315050658,6,0.25,near_above_boundary,2,6,1.0,7103,0.9875382102662459,,,,0.20528206531667725,False,1.0506897658899739,False
True,3,0.02,passive_relaxation,0.0,0.0,not_applicable,,0.4,0.09591389050312189,0.18577630315050658,0.25,0.0,0.875,0.25,2,no restorative mechanism,0.9638736263736263,0.0,0.0,,calibration,clustered_symbol_corruption,0.09591389050312189,1.0,0.18577630315050658,6,0.25,near_above_boundary,61,6,0.875,7103,0.0,,,,0.0,False,1.0602007958942106,False
True,3,0.02,operator_only,0.1105847572668584,0.023541387624329314,not_applicable,,0.4,0.17001970002804648,0.01969473826130892,0.41435771700642154,-0.7726285435425281,0.7291666666666666,0.25,2,matched bounded smoothing without parity,0.9172619047619047,0.015263086934554027,0.6574308680256862,,calibration,clustered_symbol_corruption,0.09591389050312189,1.0,0.18577630315050658,6,0.25,near_above_boundary,61,6,0.7291666666666666,7103,0.8939868114107469,,,,-0.6574308680256862,False,0.8714517984424255,False
True,3,0.02,random_parity_checks,0.049129377960866215,0.006209562747280994,eliminated,0.4375,0.4,0.09937901709423118,0.15379738974551377,0.30980263105250094,-0.03612747405962538,0.6875,0.25,2,degree-matched checks on unrelated variables,0.9415750915750914,0.0,0.23921052421000377,False,calibration,clustered_symbol_corruption,0.09591389050312189,1.0,0.18577630315050658,6,0.25,near_above_boundary,61,6,0.6875,7103,0.1721366657785472,14,0,14,-0.23921052421000377,False,1.0060895486952024,True
True,3,0.02,memory_budget_random_bits,0.043002117911687135,0.003998638691130707,eliminated,0.75,0.4,0.1131242180577933,0.1600344476338305,0.27234701744766426,-0.17943519405159805,0.75,0.25,2,32 random bits replace structured parity,0.9494047619047619,0.0,0.08938806979065705,False,calibration,clustered_symbol_corruption,0.09591389050312189,1.0,0.18577630315050658,6,0.25,near_above_boundary,61,6,0.75,7103,0.13856371926952019,17,0,17,-0.08938806979065705,False,1.0355188078918693,True
True,3,0.02,target,0.08825065279232067,0.01684942294818188,eliminated,0.8125,0.4,0.21520048742393322,0.33329903559427426,0.46681747806258256,-0.019856486494321552,0.8125,0.55,2,local syndrome decode plus bounded relation feedback,0.8747252747252747,0.0,0.0,False,calibration,clustered_symbol_corruption,0.21101055910686844,1.0,0.5825755232056435,6,0.5500000000000002,near_above_boundary,61,6,0.8125,7103,0.427886990925599,4,0,4,0.15124094897712287,False,1.1896598457647571,True
True,3,0.02,rt02_frozen_baseline,0.20619314149506893,0.046833489844690296,not_applicable,,0.4,0.20993070966210794,0.0023151052273757606,0.41092867297166463,0.005117513783817801,1.0,0.55,2,unchanged RT-02 one-bit orientation mechanism,0.9319139194139194,0.884244738631212,0.0,,calibration,clustered_symbol_corruption,0.21101055910686844,1.0,0.5825755232056435,6,0.5500000000000002,near_above_boundary,3,6,1.0,7103,0.996026085657295,,,,0.25285695823333726,False,1.2125368930455962,False
True,3,0.02,passive_relaxation,0.0,0.0,not_applicable,,0.4,0.21101055910686844,0.5825755232056435,0.5500000000000002,0.0,0.875,0.55,2,no restorative mechanism,0.8637362637362636,0.0,0.0,,calibration,clustered_symbol_corruption,0.21101055910686844,1.0,0.5825755232056435,6,0.5500000000000002,near_above_boundary,61,6,0.875,7103,0.0,,,,0.0,False,1.297441750967263,False
True,3,0.02,operator_only,0.1743258287847742,0.05355977688372702,not_applicable,,0.4,0.23667662625820013,0.01969958958966823,0.5013871846023519,-0.12163404172742295,0.75,0.55,2,matched bounded smoothing without parity,0.8635989010989009,0.01502052051658842,0.0,,calibration,clustered_symbol_corruption,0.21101055910686844,1.0,0.5825755232056435,6,0.5500000000000002,near_above_boundary,61,6,0.75,7103,0.9661853462684623,,,,0.08838693708663321,False,0.9535770458896453,False
True,3,0.02,random_parity_checks,0.10522705753942216,0.01918441092724107,eliminated,0.375,0.4,0.2448095895413402,0.3196160045560884,0.5074384591407756,-0.16017696260097525,0.6666666666666666,0.55,2,degree-matched checks on unrelated variables,0.8682234432234431,0.0,0.0,False,calibration,clustered_symbol_corruption,0.21101055910686844,1.0,0.5825755232056435,6,0.5500000000000002,near_above_boundary,61,6,0.6666666666666666,7103,0.4513741277742164,19,0,19,0.07738461974404469,False,1.2008907879663542,True
True,3,0.02,memory_budget_random_bits,0.09784130359711428,0.020718130752729692,eliminated,0.6666666666666666,0.4,0.20297750258454927,0.22590269276093883,0.46101155549832984,0.03806945280994563,0.6666666666666666,0.55,2,32 random bits replace structured parity,0.8950549450549449,0.0,0.0,False,calibration,clustered_symbol_corruption,0.21101055910686844,1.0,0.5825755232056435,6,0.5500000000000002,near_above_boundary,61,6,0.6666666666666666,7103,0.6122344936191263,20,0,20,0.16179717182121872,False,1.1636005092941468,True
True,4,0.02,target,0.01681806301101327,0.0006119294241546811,eliminated,1.0,0.4,0.051474190813122336,6.859420052374592e-06,0.22780818105515158,-0.0023495457231189386,1.0,0.25,1,local syndrome decode plus bounded relation feedback,0.9829212454212453,0.9996570289973813,0.0,True,calibration,dispersed_equal_weight_corruption,0.05135353333849982,1.0,0.10298918209739544,4,0.25,within_radius,0,4,1.0,7103,0.9999333966935877,6,0,6,0.0887672757793937,False,1.1081188661116883,False
True,4,0.02,rt02_frozen_baseline,0.02416810153664308,0.0014281832701536462,not_applicable,,0.4,0.05143588633819574,0.0023151052273757606,0.22602653079259408,-0.0016036481687265697,1.0,0.25,1,unchanged RT-02 one-bit orientation mechanism,0.9829212454212453,0.884244738631212,0.0,,calibration,dispersed_equal_weight_corruption,0.05135353333849982,1.0,0.10298918209739544,4,0.25,within_radius,0,4,1.0,7103,0.9775208892795518,,,,0.09589387682962369,False,1.1082307493418577,False
True,4,0.02,passive_relaxation,0.0,0.0,not_applicable,,0.4,0.05135353333849982,0.10298918209739544,0.25,0.0,0.9166666666666666,0.25,1,no restorative mechanism,0.9715659340659341,0.0,0.0,,calibration,dispersed_equal_weight_corruption,0.05135353333849982,1.0,0.10298918209739544,4,0.25,within_radius,0,4,0.9166666666666666,7103,0.0,,,,0.0,False,1.1118159748947032,False
True,4,0.02,operator_only,0.11549154216733525,0.0255538411758517,not_applicable,,0.4,0.11552043330770008,0.019712830491467284,0.401039871795953,-1.2495128533072961,0.6875,0.25,1,matched bounded smoothing without parity,0.9205586080586079,0.01435847542663582,0.6041594871838121,,calibration,dispersed_equal_weight_corruption,0.05135353333849982,1.0,0.10298918209739544,4,0.25,within_radius,0,4,0.6875,7103,0.8085931930906575,,,,-0.6041594871838121,False,0.9090617384316575,False
True,4,0.02,random_parity_checks,0.060732473948679366,0.007027698610668066,eliminated,0.5,0.4,0.027932290581053277,0.09894744551805484,0.28382064272711155,0.45607850589489235,0.7083333333333334,0.25,1,degree-matched checks on unrelated variables,0.9586080586080585,0.0,0.1352825709084462,False,calibration,dispersed_equal_weight_corruption,0.05135353333849982,1.0,0.10298918209739544,4,0.25,within_radius,0,4,0.7083333333333334,7103,0.03924428272008588,13,0,13,-0.1352825709084462,False,1.0730114005348397,True
True,4,0.02,memory_budget_random_bits,0.07429087619385842,0.011938891209208501,eliminated,0.6458333333333334,0.4,0.03053827586181175,0.10523801411508997,0.30543380597615444,0.4053325277441589,0.6458333333333334,0.25,1,32 random bits replace structured parity,0.9410256410256409,0.0,0.22173522390461775,False,calibration,dispersed_equal_weight_corruption,0.05135353333849982,1.0,0.10298918209739544,4,0.25,within_radius,0,4,0.6458333333333334,7103,-0.021835613914943448,16,0,16,-0.22173522390461775,False,1.0335598095665732,True
True,5,0.02,target,0.06520180360978123,0.00919964671304711,eliminated,0.9375,0.4,0.10270869380146384,0.03267618129753236,0.47666624866784346,0.0908946887447008,0.9375,0.55,2,local syndrome decode plus bounded relation feedback,0.9267399267399267,0.0,0.0,False,calibration,dispersed_equal_weight_corruption,0.11297777334469968,1.0,0.34945723499217846,6,0.5500000000000002,near_above_boundary,13,6,0.9375,7103,0.9064944776482773,8,0,8,0.13333409333119395,False,1.349216354542306,True
True,5,0.02,rt02_frozen_baseline,0.10782337276981192,0.015605996247564178,not_applicable,,0.4,0.11962908169813037,0.0023151052273757606,0.466650862212555,-0.05887271590259874,1.0,0.55,2,unchanged RT-02 one-bit orientation mechanism,0.935576923076923,0.884244738631212,0.0,,calibration,dispersed_equal_weight_corruption,0.11297777334469968,1.0,0.34945723499217846,6,0.5500000000000002,near_above_boundary,6,6,1.0,7103,0.9933751400870908,,,,0.1515438868862639,False,1.3669615989351263,False
True,5,0.02,passive_relaxation,0.0,0.0,not_applicable,,0.4,0.11297777334469968,0.34945723499217846,0.5500000000000002,0.0,0.875,0.55,2,no restorative mechanism,0.8925366300366299,0.0,0.0,,calibration,dispersed_equal_weight_corruption,0.11297777334469968,1.0,0.34945723499217846,6,0.5500000000000002,near_above_boundary,61,6,0.875,7103,0.0,,,,0.0,False,1.4109951447683478,False
True,5,0.02,operator_only,0.1668742987159141,0.05256544256702949,not_applicable,,0.4,0.08292959915217134,0.019746326949172183,0.4458150269594146,0.26596536029126866,0.6666666666666666,0.55,2,matched bounded smoothing without parity,0.8956959706959706,0.01268365254139081,0.0,,calibration,dispersed_equal_weight_corruption,0.11297777334469968,1.0,0.34945723499217846,6,0.5500000000000002,near_above_boundary,61,6,0.6666666666666666,7103,0.9434942963775979,,,,0.1894272237101555,False,1.007571388765157,False
True,5,0.02,random_parity_checks,0.08093974649311987,0.013776402319690106,eliminated,0.75,0.4,0.0887180352421324,0.2994469194090003,0.540973479064204,0.21473018439255173,0.625,0.55,2,degree-matched checks on unrelated variables,0.88489010989011,0.0,0.0,False,calibration,dispersed_equal_weight_corruption,0.11297777334469968,1.0,0.34945723499217846,6,0.5500000000000002,near_above_boundary,61,6,0.625,7103,0.14310854254969846,14,0,14,0.016411856246902078,False,1.3253344265008744,True
True,5,0.02,memory_budget_random_bits,0.1132254222472595,0.027761950354868472,eliminated,0.7291666666666666,0.4,0.04918384285457366,0.1506177088825344,0.48356609849405224,0.564659123662211,0.7291666666666666,0.55,2,32 random bits replace structured parity,0.8921245421245422,0.0,0.0,False,calibration,dispersed_equal_weight_corruption,0.11297777334469968,1.0,0.34945723499217846,6,0.5500000000000002,near_above_boundary,61,6,0.7291666666666666,7103,0.568995305288484,15,0,15,0.12078891182899618,False,1.2212164749475805,True
True,3,0.02,target,0.008092383169563986,0.00014167788179504377,eliminated,1.0,0.4,0.24348082277790636,4.103719293809463e-10,0.24708597158635862,0.019875476320271465,1.0,0.25,1,local syndrome decode plus bounded relation feedback,0.9646062271062269,0.9999999794814035,0.0,True,calibration,topology_preserving_identity_disruption,0.2484182539008356,1.0,0.04955552392129551,3,0.25000000000000006,within_radius,0,3,1.0,7103,0.9999999917189468,5,0,5,0.011656113654565757,False,0.8946448900933819,False
True,3,0.02,rt02_frozen_baseline,0.010810944030317111,0.00016333673873289485,not_applicable,,0.4,0.24494583381925328,0.03821368156129661,0.24784752335964758,0.013978119671384777,0.9791666666666666,0.25,1,unchanged RT-02 one-bit orientation mechanism,0.9649725274725274,0.0,0.0,,calibration,topology_preserving_identity_disruption,0.2484182539008356,1.0,0.04955552392129551,3,0.25000000000000006,within_radius,0,3,0.9791666666666666,7103,0.22887140448786505,,,,0.008609906561409917,False,0.8951644126799356,False
True,3,0.02,passive_relaxation,0.0,0.0,not_applicable,,0.4,0.2484182539008356,0.04955552392129551,0.25000000000000006,0.0,0.9375,0.25,1,no restorative mechanism,0.9644688644688644,0.0,0.0,,calibration,topology_preserving_identity_disruption,0.2484182539008356,1.0,0.04955552392129551,3,0.25000000000000006,within_radius,0,3,0.9375,7103,0.0,,,,0.0,False,0.8953864565192111,False
True,3,0.02,operator_only,0.08775821754950512,0.015475542370623459,not_applicable,,0.4,0.29492232463757,0.019727953207960752,0.4515806041927214,-0.18720069884758972,0.75,0.25,1,matched bounded smoothing without parity,0.9012362637362636,0.013602339601962443,0.8063224167708851,,calibration,topology_preserving_identity_disruption,0.2484182539008356,1.0,0.04955552392129551,3,0.25000000000000006,within_radius,0,3,0.75,7103,0.601902035395835,,,,-0.8063224167708851,False,0.7600561079289594,False
True,3,0.02,random_parity_checks,0.060939930943052494,0.00666074678651759,eliminated,0.4375,0.4,0.24980613214680042,0.07863891112821107,0.31469487245199357,-0.005586860966017541,0.7291666666666666,0.25,1,degree-matched checks on unrelated variables,0.9459249084249084,0.0,0.25877948980797405,False,calibration,topology_preserving_identity_disruption,0.2484182539008356,1.0,0.04955552392129551,3,0.25000000000000006,within_radius,0,3,0.7291666666666666,7103,-0.5868848698503528,19,0,19,-0.258779489807974,False,0.8611927977191862,True
True,3,0.02,memory_budget_random_bits,0.05897447636376095,0.007527941719417644,eliminated,0.6875,0.4,0.2535327109238983,0.06945470557466696,0.33628814548664543,-0.020588088607628185,0.6875,0.25,1,32 random bits replace structured parity,0.9234432234432233,0.0,0.3451525819465815,False,calibration,topology_preserving_identity_disruption,0.2484182539008356,1.0,0.04955552392129551,3,0.25000000000000006,within_radius,0,3,0.6875,7103,-0.401553249340588,18,0,18,-0.34515258194658144,False,0.8478219401062845,True
True,8,0.02,target,0.02287788246031237,0.0011323701390317264,eliminated,0.9375,0.4,0.5302794328418043,0.06220150986244659,0.541995582398607,0.029716608774646214,0.9375,0.55,2,local syndrome decode plus bounded relation feedback,0.8413461538461537,0.0,0.0,False,calibration,topology_preserving_identity_disruption,0.5465201585818384,1.0,0.15122339612460756,9,0.5500000000000002,near_above_boundary,9,9,0.9375,7103,0.5886779991953576,15,0,15,0.01455348654798753,False,0.9280585383009006,True
True,8,0.02,rt02_frozen_baseline,0.0362328787035085,0.0021214205314892777,not_applicable,,0.4,0.5251587073338546,0.07696104370744114,0.5357086464624377,0.03908630068360977,0.9791666666666666,0.55,2,unchanged RT-02 one-bit orientation mechanism,0.8399267399267397,0.0,0.0,,calibration,topology_preserving_identity_disruption,0.5465201585818384,1.0,0.15122339612460756,9,0.5500000000000002,near_above_boundary,4,9,0.9791666666666666,7103,0.49107713700580097,,,,0.02598427915920454,False,0.9298380277968011,False
True,8,0.02,passive_relaxation,0.0,0.0,not_applicable,,0.4,0.5465201585818384,0.15122339612460756,0.5500000000000002,0.0,0.8125,0.55,2,no restorative mechanism,0.8329670329670329,0.0,0.0,,calibration,topology_preserving_identity_disruption,0.5465201585818384,1.0,0.15122339612460756,9,0.5500000000000002,near_above_boundary,61,9,0.8125,7103,0.0,,,,0.0,False,0.9348502043422647,False
True,8,0.02,operator_only,0.08965660590696216,0.016156784926346618,not_applicable,,0.4,0.533313844705442,0.019771695199110404,0.6381872950531394,0.024164367350447708,0.6875,0.55,2,matched bounded smoothing without parity,0.7508699633699633,0.011415240044479802,0.16034053646025326,,calibration,topology_preserving_identity_disruption,0.5465201585818384,1.0,0.15122339612460756,9,0.5500000000000002,near_above_boundary,61,9,0.6875,7103,0.8692550510979228,,,,-0.16034053646025317,False,0.7934884476751529,False
True,8,0.02,random_parity_checks,0.04779748349776438,0.004255738938811548,eliminated,0.375,0.4,0.5467313570466606,0.12216627960291816,0.5735894831554976,-0.0003864422226807549,0.6666666666666666,0.55,2,degree-matched checks on unrelated variables,0.8119963369963369,0.0,0.042889969373631764,False,calibration,topology_preserving_identity_disruption,0.5465201585818384,1.0,0.15122339612460756,9,0.5500000000000002,near_above_boundary,61,9,0.6666666666666666,7103,0.19214696446670482,14,0,14,-0.04288996937363175,False,0.9104727169597516,True
True,8,0.02,memory_budget_random_bits,0.05178979901557477,0.005808074061403627,eliminated,0.625,0.4,0.5487849584216611,0.14442042117192747,0.5828367743485144,-0.004144037148967303,0.625,0.55,2,32 random bits replace structured parity,0.7937271062271061,0.0,0.05970322608820777,False,calibration,topology_preserving_identity_disruption,0.5465201585818384,1.0,0.15122339612460756,9,0.5500000000000002,near_above_boundary,61,9,0.625,7103,0.044986259580326204,16,0,16,-0.05970322608820777,False,0.8970958751857867,True
True,2,0.02,target,0.017684201395181117,0.0006765814449201755,eliminated,1.0,0.4,0.0449570580525905,8.967815153247347e-10,0.2243273750003758,-0.19459495227466655,1.0,0.25,1,local syndrome decode plus bounded relation feedback,0.990705128205128,0.9999999551609242,0.0,True,calibration,localized_block_shock,0.03763372511074681,1.0,0.10829317481702026,2,0.25000000000000006,within_radius,0,2,1.0,7104,0.999999991718947,3,0,3,0.10269049999849697,False,1.0682125365612247,False
True,2,0.02,rt02_frozen_baseline,0.032696959755466666,0.001494071521002401,not_applicable,,0.4,0.04538512944313367,0.0,0.22337543253140557,-0.20596962723133003,1.0,0.25,1,unchanged RT-02 one-bit orientation mechanism,0.990705128205128,1.0,0.0,,calibration,localized_block_shock,0.03763372511074681,1.0,0.10829317481702026,2,0.25000000000000006,within_radius,0,2,1.0,7104,1.0,,,,0.10649826987437791,False,1.06824534906397,False
True,2,0.02,passive_relaxation,0.0,0.0,not_applicable,,0.4,0.03763372511074681,0.10829317481702026,0.25000000000000006,0.0,0.9583333333333334,0.25,1,no restorative mechanism,0.985576923076923,0.0,0.0,,calibration,localized_block_shock,0.03763372511074681,1.0,0.10829317481702026,2,0.25000000000000006,within_radius,0,2,0.9583333333333334,7104,0.0,,,,0.0,False,1.0722788157903143,False
True,2,0.02,operator_only,0.10551737746426973,0.022339514001279627,not_applicable,,0.4,0.1801879830891146,0.019714398440279984,0.448703760875658,-3.7879390774861013,0.6458333333333334,0.25,1,matched bounded smoothing without parity,0.9117216117216117,0.014280077986000839,0.7948150435026315,,calibration,localized_block_shock,0.03763372511074681,1.0,0.10829317481702026,2,0.25000000000000006,within_radius,0,2,0.6458333333333334,7104,0.8179534539125775,,,,-0.7948150435026315,False,0.8774748822174957,False
True,2,0.02,random_parity_checks,0.05044504967903356,0.005553442842182034,eliminated,0.4375,0.4,0.07127494330517911,0.08032315989681169,0.2869209080065063,-0.893911460941867,0.7708333333333334,0.25,1,degree-matched checks on unrelated variables,0.9633241758241755,0.0,0.14768363202602508,False,calibration,localized_block_shock,0.03763372511074681,1.0,0.10829317481702026,2,0.25000000000000006,within_radius,0,2,0.7708333333333334,7104,0.2582804961390104,13,0,13,-0.14768363202602505,False,1.03575205681646,True
True,2,0.02,memory_budget_random_bits,0.05303878522554824,0.0060863807306902025,eliminated,0.7916666666666666,0.4,0.0726314654249145,0.018255434419617897,0.29295156534059785,-0.9299568461845842,0.7916666666666666,0.25,1,32 random bits replace structured parity,0.9627289377289376,0.08722827901910513,0.1718062613623912,False,calibration,localized_block_shock,0.03763372511074681,1.0,0.10829317481702026,2,0.25000000000000006,within_radius,0,2,0.7916666666666666,7104,0.8314258082241697,17,0,17,-0.17180626136239116,False,1.0347053648819495,True
True,2,0.02,target,0.04316587603767068,0.0040311624247346065,eliminated,0.9375,0.4,0.09546974978465023,0.34417520639771243,0.5192466982929296,-0.15309714049041812,0.9375,0.55,2,local syndrome decode plus bounded relation feedback,0.9156135531135529,0.0,0.0,False,calibration,localized_block_shock,0.08279419524364309,1.0,0.37574698148084884,3,0.5500000000000002,near_above_boundary,0,3,0.9375,7104,0.08402402850638886,2,0,2,0.05591509401285558,False,1.2985454946187307,True
True,2,0.02,rt02_frozen_baseline,0.08552158319921478,0.015760043184600135,not_applicable,,0.4,0.11076377231614647,0.0,0.47025152715372004,-0.3378205077082486,1.0,0.55,2,unchanged RT-02 one-bit orientation mechanism,0.9346611721611721,1.0,0.0,,calibration,localized_block_shock,0.08279419524364309,1.0,0.37574698148084884,3,0.5500000000000002,near_above_boundary,0,3,1.0,7104,1.0,,,,0.1449972233568729,False,1.280797354087086,False
True,2,0.02,passive_relaxation,0.0,0.0,not_applicable,,0.4,0.08279419524364309,0.37574698148084884,0.5500000000000002,0.0,0.9375,0.55,2,no restorative mechanism,0.9181776556776555,0.0,0.0,,calibration,localized_block_shock,0.08279419524364309,1.0,0.37574698148084884,3,0.5500000000000002,near_above_boundary,0,3,0.9375,7104,0.0,,,,0.0,False,1.3240133947386914,False
True,2,0.02,operator_only,0.12217443130767204,0.031739164768991364,not_applicable,,0.4,0.23799193757096845,0.01969425420594901,0.5668425293473754,-1.8745002819414611,0.625,0.55,2,matched bounded smoothing without parity,0.8564560439560438,0.015287289702549556,0.030622780631591517,,calibration,localized_block_shock,0.08279419524364309,1.0,0.37574698148084884,3,0.5500000000000002,near_above_boundary,0,3,0.625,7104,0.9475863940986768,,,,-0.030622780631591427,False,1.0175073646269388,False
True,2,0.02,random_parity_checks,0.08227787915435905,0.014204389700105957,eliminated,0.375,0.4,0.12355249463943677,0.040611156338288885,0.5064356563388187,-0.49228450467876345,0.75,0.55,2,degree-matched checks on unrelated variables,0.8967490842490842,0.0,0.0,False,calibration,localized_block_shock,0.08279419524364309,1.0,0.37574698148084884,3,0.5500000000000002,near_above_boundary,0,3,0.75,7104,0.8919188753606561,18,0,18,0.07920789756578443,False,1.2152838341726677,True
True,2,0.02,memory_budget_random_bits,0.060942212487244754,0.008035691891570326,eliminated,0.6666666666666666,0.4,0.10764686609501524,0.42518311733277425,0.5960232113909777,-0.3001740735354309,0.6666666666666666,0.55,2,32 random bits replace structured parity,0.8815018315018315,0.0,0.08367856616541358,False,calibration,localized_block_shock,0.08279419524364309,1.0,0.37574698148084884,3,0.5500000000000002,near_above_boundary,0,3,0.6666666666666666,7104,-0.13156761940466868,18,0,18,-0.08367856616541368,False,1.2738201116795023,True
True,2,0.02,target,0.011785062078643537,0.00030067637828025585,eliminated,0.9375,0.4,0.06944651861599498,0.09800445464695351,0.25863719943766933,-0.05987277331919196,0.9375,0.25,2,local syndrome decode plus bounded relation feedback,0.9481684981684979,0.0,0.034548797750677096,False,calibration,sparse_node_corruption,0.0655234480630256,1.0,0.07272575782493691,3,0.25000000000000006,near_above_boundary,0,3,0.9375,7104,-0.34758932155601124,3,0,3,-0.03454879775067709,False,0.9814542816434503,True
True,2,0.02,rt02_frozen_baseline,0.019903280204875872,0.0006796875625509676,not_applicable,,0.4,0.06291456175249402,0.0,0.22842125641737632,0.0398160717675014,1.0,0.25,2,unchanged RT-02 one-bit orientation mechanism,0.9632783882783881,1.0,0.0,,calibration,sparse_node_corruption,0.0655234480630256,1.0,0.07272575782493691,3,0.25000000000000006,near_above_boundary,0,3,1.0,7104,1.0,,,,0.08631497433049494,False,0.9809016591042832,False
True,2,0.02,passive_relaxation,0.0,0.0,not_applicable,,0.4,0.0655234480630256,0.07272575782493691,0.25000000000000006,0.0,0.9375,0.25,2,no restorative mechanism,0.9546703296703296,0.0,0.0,,calibration,sparse_node_corruption,0.0655234480630256,1.0,0.07272575782493691,3,0.25000000000000006,near_above_boundary,0,3,0.9375,7104,0.0,,,,0.0,False,0.9835179493759422,False
True,2,0.02,operator_only,0.1106438550013224,0.024950037382661848,not_applicable,,0.4,0.2064889538001562,0.019774249194059037,0.4236300048689916,-2.1513749642958184,0.5833333333333334,0.25,2,matched bounded smoothing without parity,0.9056318681318681,0.011287540297048149,0.694520019475966,,calibration,sparse_node_corruption,0.0655234480630256,1.0,0.07272575782493691,3,0.25000000000000006,near_above_boundary,0,3,0.5833333333333334,7104,0.7280984098968213,,,,-0.6945200194759661,False,0.759518921326285,False
True,2,0.02,random_parity_checks,0.07961914210265486,0.011510352066801979,eliminated,0.375,0.4,0.11824969567035709,0.06365886087031805,0.35092970446535326,-0.8046928109860039,0.75,0.25,2,degree-matched checks on unrelated variables,0.9023809523809524,0.0,0.40371881786141284,False,calibration,sparse_node_corruption,0.0655234480630256,1.0,0.07272575782493691,3,0.25000000000000006,near_above_boundary,0,3,0.75,7104,0.1246724300411472,17,0,17,-0.4037188178614127,False,0.9177459568724565,True
True,2,0.02,memory_budget_random_bits,0.058635291551312675,0.007441729395743371,eliminated,0.75,0.4,0.10506022295395469,0.10652594026871523,0.32570060359646724,-0.6033988756650828,0.75,0.25,2,32 random bits replace structured parity,0.9268772893772893,0.0,0.30280241438586875,False,calibration,sparse_node_corruption,0.0655234480630256,1.0,0.07272575782493691,3,0.25000000000000006,near_above_boundary,0,3,0.75,7104,-0.464762189555192,15,0,15,-0.3028024143858687,False,0.935733710049682,True
True,5,0.02,target,0.05114848075882191,0.005661552571539115,eliminated,0.875,0.4,0.1474684160826585,0.233938668513473,0.5127478632915852,-0.023009322630798683,0.875,0.55,2,local syndrome decode plus bounded relation feedback,0.8440476190476189,0.0,0.0,False,calibration,sparse_node_corruption,0.14415158573865652,1.0,0.31455221312873316,7,0.5500000000000002,near_above_boundary,12,7,0.875,7104,0.25628032883134855,8,0,8,0.06773115765166358,False,1.0912884559199,True
True,5,0.02,rt02_frozen_baseline,0.07819740325312212,0.01375122648684722,not_applicable,,0.4,0.12062397218113682,0.0,0.44072653882095814,0.16321439293893525,1.0,0.55,2,unchanged RT-02 one-bit orientation mechanism,0.8893772893772892,1.0,0.0,,calibration,sparse_node_corruption,0.14415158573865652,1.0,0.31455221312873316,7,0.5500000000000002,near_above_boundary,5,7,1.0,7104,1.0,,,,0.1986790203255309,False,1.0783979644145743,False
True,5,0.02,passive_relaxation,0.0,0.0,not_applicable,,0.4,0.14415158573865652,0.31455221312873316,0.5500000000000002,0.0,0.8541666666666666,0.55,2,no restorative mechanism,0.8362179487179485,0.0,0.0,,calibration,sparse_node_corruption,0.14415158573865652,1.0,0.31455221312873316,7,0.5500000000000002,near_above_boundary,61,7,0.8541666666666666,7104,0.0,,,,0.0,False,1.1287394886270727,False
True,5,0.02,operator_only,0.12924593692302028,0.03889348920117767,not_applicable,,0.4,0.27916410105672296,0.019832986615654084,0.46415596668589754,-0.9366009719993021,0.6041666666666666,0.55,2,matched bounded smoothing without parity,0.8715201465201463,0.00835066921729588,0.0,,calibration,sparse_node_corruption,0.14415158573865652,1.0,0.31455221312873316,7,0.5500000000000002,near_above_boundary,61,7,0.6041666666666666,7104,0.9369485071543996,,,,0.15608006057109564,False,0.7002544637965123,False
True,5,0.02,random_parity_checks,0.0578801131419695,0.00630459039037679,eliminated,0.375,0.4,0.13959834443002161,0.30143548246318286,0.5318667697264188,0.03158648089303596,0.7083333333333334,0.55,2,degree-matched checks on unrelated variables,0.8399267399267397,0.0,0.0,False,calibration,sparse_node_corruption,0.14415158573865652,1.0,0.31455221312873316,7,0.5500000000000002,near_above_boundary,61,7,0.7083333333333334,7104,0.04169969282709249,13,0,13,0.032969509588329775,False,1.0900768036198585,True
True,5,0.02,memory_budget_random_bits,0.0667912644691229,0.009673849213889495,eliminated,0.7291666666666666,0.4,0.1754733926159709,0.28998851545503684,0.5373813803991153,-0.21728381770353936,0.7291666666666666,0.55,2,32 random bits replace structured parity,0.8404304029304028,0.0,0.0,False,calibration,sparse_node_corruption,0.14415158573865652,1.0,0.31455221312873316,7,0.5500000000000002,near_above_boundary,61,7,0.7291666666666666,7104,0.0780910025377676,14,0,14,0.02294294472888152,False,1.059128952538323,True
True,6,0.02,target,0.010712813233627463,0.00024828830077331857,eliminated,1.0,0.4,0.004230513301314504,4.959474686698128e-07,0.24201679771643175,0.0,1.0,0.25,1,local syndrome decode plus bounded relation feedback,0.9724358974358972,0.9999752026265665,0.0,True,calibration,relational_twist,2.2322144669673187e-16,1.0,0.0656023153303059,6,0.25000000000000006,within_radius,6,6,1.0,7104,0.9999924400919971,9,0,9,0.0319328091342732,False,1.061201991290903,False
True,6,0.02,rt02_frozen_baseline,0.01707729611306064,0.00047243182567360185,not_applicable,,0.4,0.005034710454856427,0.035087278617350205,0.24182638415567106,0.0,0.9791666666666666,0.25,1,unchanged RT-02 one-bit orientation mechanism,0.971474358974359,0.0,0.0,,calibration,relational_twist,2.2322144669673187e-16,1.0,0.0656023153303059,6,0.25000000000000006,within_radius,2,6,0.9791666666666666,7104,0.46515182519570086,,,,0.032694463377315956,False,1.061718947057989,False
True,6,0.02,passive_relaxation,0.0,0.0,not_applicable,,0.4,2.2322144669673187e-16,0.0656023153303059,0.25000000000000006,0.0,0.875,0.25,1,no restorative mechanism,0.9706501831501831,0.0,0.0,,calibration,relational_twist,2.2322144669673187e-16,1.0,0.0656023153303059,6,0.25000000000000006,within_radius,61,6,0.875,7104,0.0,,,,0.0,False,1.0625,False
True,6,0.02,operator_only,0.11309156009042651,0.0259591991458916,not_applicable,,0.4,0.1462711653630627,0.01974686339249961,0.41444489950485147,0.0,0.625,0.25,1,matched bounded smoothing without parity,0.9108058608058607,0.012656830375019523,0.6577795980194054,,calibration,relational_twist,2.2322144669673187e-16,1.0,0.0656023153303059,6,0.25000000000000006,within_radius,61,6,0.625,7104,0.6989913649682229,,,,-0.6577795980194056,False,0.8311901466220619,False
True,6,0.02,random_parity_checks,0.07022640924859805,0.008763096394675162,eliminated,0.5625,0.4,0.03441565539801443,0.08227136738742306,0.30435865770308485,0.0,0.7708333333333334,0.25,1,degree-matched checks on unrelated variables,0.9509157509157508,0.0,0.21743463081233916,False,calibration,relational_twist,2.2322144669673187e-16,1.0,0.0656023153303059,6,0.25000000000000006,within_radius,61,6,0.7708333333333334,7104,-0.2540924352012415,10,0,10,-0.2174346308123391,False,1.0162224410594047,True
True,6,0.02,memory_budget_random_bits,0.05094325439189372,0.005617443164839148,eliminated,0.6458333333333334,0.4,0.039891038067212156,0.050492751977929275,0.3159064769089989,0.0,0.6458333333333334,0.25,1,32 random bits replace structured parity,0.940613553113553,0.0,0.26362590763599547,False,calibration,relational_twist,2.2322144669673187e-16,1.0,0.0656023153303059,6,0.25000000000000006,within_radius,61,6,0.6458333333333334,7104,0.2303205805511647,17,0,17,-0.2636259076359954,False,1.0268408431285598,True
True,9,0.02,target,0.03720175569835831,0.00299357123937539,eliminated,0.875,0.4,0.004471567136644589,0.14782895296176457,0.5285318463167888,0.0,0.875,0.55,2,local syndrome decode plus bounded relation feedback,0.8817765567765565,0.0,0.0,False,calibration,relational_twist,1.381044806141221e-16,1.0,0.23427839085877153,11,0.5500000000000002,near_above_boundary,61,11,0.875,7104,0.36900303771132137,14,0,14,0.03903300669674783,False,1.2844004615850533,True
True,9,0.02,rt02_frozen_baseline,0.05860209006092577,0.0063085810697648655,not_applicable,,0.4,0.01919985355742403,0.10153842485366107,0.5021094879105401,0.0,0.9791666666666666,0.55,2,unchanged RT-02 one-bit orientation mechanism,0.8956043956043956,0.0,0.0,,calibration,relational_twist,1.381044806141221e-16,1.0,0.23427839085877153,11,0.5500000000000002,near_above_boundary,7,11,0.9791666666666666,7104,0.5665907364248938,,,,0.08707365834447278,False,1.2841631097030128,False
True,9,0.02,passive_relaxation,0.0,0.0,not_applicable,,0.4,1.381044806141221e-16,0.23427839085877153,0.5500000000000002,0.0,0.7708333333333334,0.55,2,no restorative mechanism,0.8751373626373624,0.0,0.0,,calibration,relational_twist,1.381044806141221e-16,1.0,0.23427839085877153,11,0.5500000000000002,near_above_boundary,61,11,0.7708333333333334,7104,0.0,,,,0.0,False,1.3025000000000002,False
True,9,0.02,operator_only,0.12427578479709966,0.03867454457615804,not_applicable,,0.4,0.1462711653630627,0.01977702127588639,0.4220599073615485,0.0,0.625,0.55,2,matched bounded smoothing without parity,0.9048534798534797,0.011148936205680582,0.0,,calibration,relational_twist,1.381044806141221e-16,1.0,0.23427839085877153,11,0.5500000000000002,near_above_boundary,61,11,0.625,7104,0.9155832460544411,,,,0.23261835025173017,False,0.8375601372985144,False
True,9,0.02,random_parity_checks,0.08826979281993261,0.015387764923151172,eliminated,0.625,0.4,0.0376553191348384,0.31559625554428106,0.5513604666845284,0.0,0.5416666666666666,0.55,2,degree-matched checks on unrelated variables,0.8753205128205127,0.0,0.0024735757900513633,False,calibration,relational_twist,1.381044806141221e-16,1.0,0.23427839085877153,11,0.5500000000000002,near_above_boundary,61,11,0.5416666666666666,7104,-0.34709929664204425,15,0,15,-0.0024735757900514028,False,1.1999255736172765,True
True,9,0.02,memory_budget_random_bits,0.06652705289570429,0.009575307133782351,eliminated,0.6041666666666666,0.4,0.033299918228414244,0.25909656467991066,0.5600427026388334,0.0,0.6041666666666666,0.55,2,32 random bits replace structured parity,0.8516025641025641,0.0,0.018259459343333173,False,calibration,relational_twist,1.381044806141221e-16,1.0,0.23427839085877153,11,0.5500000000000002,near_above_boundary,61,11,0.6041666666666666,7104,-0.10593454108236598,16,0,16,-0.018259459343333128,False,1.2416024654541011,True
True,2,0.02,target,0.028220097069480688,0.0017232142061982918,eliminated,0.9375,0.4,0.0700004769858863,0.04141690796018635,0.2312936464164187,-0.048158987960076935,0.9375,0.25,2,local syndrome decode plus bounded relation feedback,0.960485347985348,0.0,0.0,False,calibration,clustered_symbol_corruption,0.06678421669800395,1.0,0.17232624356998946,3,0.25,near_above_boundary,0,3,0.9375,7104,0.7596598921779139,3,0,3,0.07482541433432521,False,1.0599648360490552,True
True,2,0.02,rt02_frozen_baseline,0.04610543671682007,0.0035106555868651165,not_applicable,,0.4,0.07485591157001516,0.0,0.213310428635125,-0.12086231255075049,1.0,0.25,2,unchanged RT-02 one-bit orientation mechanism,0.9690018315018314,1.0,0.0,,calibration,clustered_symbol_corruption,0.06678421669800395,1.0,0.17232624356998946,3,0.25,near_above_boundary,0,3,1.0,7104,1.0,,,,0.14675828545949998,False,1.0604743155216614,False
True,2,0.02,passive_relaxation,0.0,0.0,not_applicable,,0.4,0.06678421669800395,0.17232624356998946,0.25,0.0,0.9375,0.25,2,no restorative mechanism,0.9641025641025641,0.0,0.0,,calibration,clustered_symbol_corruption,0.06678421669800395,1.0,0.17232624356998946,3,0.25,near_above_boundary,0,3,0.9375,7104,0.0,,,,0.0,False,1.0707242053590158,False
True,2,0.02,operator_only,0.13819166845369177,0.03437536516658276,not_applicable,,0.4,0.17174901269698853,0.01973850461343126,0.4382103440079942,-1.5717006380958536,0.6041666666666666,0.25,2,matched bounded smoothing without parity,0.8971153846153846,0.013074769328436986,0.7528413760319768,,calibration,clustered_symbol_corruption,0.06678421669800395,1.0,0.17232624356998946,3,0.25,near_above_boundary,0,3,0.6041666666666666,7104,0.8854585105291025,,,,-0.7528413760319768,False,0.8364460635212505,False
True,2,0.02,random_parity_checks,0.055197026469706714,0.006776901102272661,eliminated,0.5625,0.4,0.08710768222540496,0.17309661087411543,0.33433089707635916,-0.30431539864131457,0.7708333333333334,0.25,2,degree-matched checks on unrelated variables,0.93507326007326,0.0,0.33732358830543663,False,calibration,clustered_symbol_corruption,0.06678421669800395,1.0,0.17232624356998946,3,0.25,near_above_boundary,0,3,0.7708333333333334,7104,-0.00447040037644114,9,0,9,-0.33732358830543663,False,1.0238197029465874,True
True,2,0.02,memory_budget_random_bits,0.08003440432685976,0.013863847971873325,eliminated,0.6875,0.4,0.10948566170520062,0.045986150229611215,0.33370407907455335,-0.6393942628733853,0.6875,0.25,2,32 random bits replace structured parity,0.9192765567765566,0.0,0.3348163162982134,False,calibration,clustered_symbol_corruption,0.06678421669800395,1.0,0.17232624356998946,3,0.25,near_above_boundary,0,3,0.6875,7104,0.7331448230000199,17,0,17,-0.3348163162982134,False,0.980847269739545,True
True,2,0.02,target,0.06416093735109873,0.008906161763448208,eliminated,0.9375,0.4,0.1527378486538024,0.18448386486718005,0.4873819111495487,-0.03956141548505269,0.9375,0.55,2,local syndrome decode plus bounded relation feedback,0.8875915750915748,0.0,0.0,False,calibration,clustered_symbol_corruption,0.14692527673560865,1.0,0.4543028188528605,3,0.5500000000000002,near_above_boundary,0,3,0.9375,7104,0.593918731710686,3,0,3,0.11385107063718442,False,1.2637159059381364,True
True,2,0.02,rt02_frozen_baseline,0.12448160087783393,0.022691366482082673,not_applicable,,0.4,0.1684189704839203,0.0,0.4558014140515548,-0.14628996606887082,1.0,0.55,2,unchanged RT-02 one-bit orientation mechanism,0.8998626373626373,1.0,0.0,,calibration,clustered_symbol_corruption,0.14692527673560865,1.0,0.4543028188528605,3,0.5500000000000002,near_above_boundary,0,3,1.0,7104,1.0,,,,0.17127015626990064,False,1.2509645931897613,False
True,2,0.02,passive_relaxation,0.0,0.0,not_applicable,,0.4,0.14692527673560865,0.4543028188528605,0.5500000000000002,0.0,0.9375,0.55,2,no restorative mechanism,0.8617216117216117,0.0,0.0,,calibration,clustered_symbol_corruption,0.14692527673560865,1.0,0.4543028188528605,3,0.5500000000000002,near_above_boundary,0,3,0.9375,7104,0.0,,,,0.0,False,1.3205932517898349,False
True,2,0.02,operator_only,0.1975913111328896,0.06786907766518968,not_applicable,,0.4,0.23497251181484832,0.019745367716790287,0.5255906942871169,-0.5992654023560579,0.5625,0.55,2,matched bounded smoothing without parity,0.845650183150183,0.012731614160485738,0.0,,calibration,clustered_symbol_corruption,0.14692527673560865,1.0,0.4543028188528605,3,0.5500000000000002,near_above_boundary,0,3,0.5625,7104,0.9565369905327719,,,,0.044380555841605884,False,0.9026539590818639,False
True,2,0.02,random_parity_checks,0.07452488521142213,0.01082024225011441,eliminated,0.5,0.4,0.17295055533293854,0.4275050317599333,0.60658305678237,-0.1771327519373148,0.6666666666666666,0.55,2,degree-matched checks on unrelated variables,0.8152472527472526,0.0,0.10287828505885432,False,calibration,clustered_symbol_corruption,0.14692527673560865,1.0,0.4543028188528605,3,0.5500000000000002,near_above_boundary,0,3,0.6666666666666666,7104,0.05898661857435326,19,0,19,-0.10287828505885425,False,1.2585192758244144,True
True,2,0.02,memory_budget_random_bits,0.11010250819664856,0.026231314425725172,eliminated,0.7083333333333334,0.4,0.20241954945864143,0.14585664209596566,0.5304263796151253,-0.37770405444186755,0.7083333333333334,0.55,2,32 random bits replace structured parity,0.8378205128205126,0.0,0.0,False,calibration,clustered_symbol_corruption,0.14692527673560865,1.0,0.4543028188528605,3,0.5500000000000002,near_above_boundary,0,3,0.7083333333333334,7104,0.6789440081744118,19,0,19,0.035588400699772475,False,1.1526245016892127,True
True,4,0.02,target,0.01591520863852764,0.0005479915370362454,eliminated,1.0,0.4,0.08218335547300684,8.070743275310292e-10,0.230603917078294,-0.030010745093872932,1.0,0.25,1,local syndrome decode plus bounded relation feedback,0.9709706959706959,0.9999999596462836,0.0,True,calibration,dispersed_equal_weight_corruption,0.07978883314029586,1.0,0.0974603507858192,4,0.25000000000000006,within_radius,0,4,1.0,7104,0.999999991718947,6,0,6,0.0775843316868242,False,1.0061744212700714,False
True,4,0.02,rt02_frozen_baseline,0.02511195009058684,0.0012700496487501169,not_applicable,,0.4,0.08237087503707752,0.0,0.2287176558107599,-0.03236094319416289,1.0,0.25,1,unchanged RT-02 one-bit orientation mechanism,0.9707875457875457,1.0,0.0,,calibration,dispersed_equal_weight_corruption,0.07978883314029586,1.0,0.0974603507858192,4,0.25000000000000006,within_radius,0,4,1.0,7104,1.0,,,,0.08512937675696063,False,1.0062533269773284,False
True,4,0.02,passive_relaxation,0.0,0.0,not_applicable,,0.4,0.07978883314029586,0.0974603507858192,0.25000000000000006,0.0,0.9166666666666666,0.25,1,no restorative mechanism,0.9687271062271061,0.0,0.0,,calibration,dispersed_equal_weight_corruption,0.07978883314029586,1.0,0.0974603507858192,4,0.25000000000000006,within_radius,0,4,0.9166666666666666,7104,0.0,,,,0.0,False,1.0093501885708211,False
True,4,0.02,operator_only,0.12063535868300392,0.02744209442918152,not_applicable,,0.4,0.1836140114656178,0.019755862665669248,0.42682876501361716,-1.3012494886691977,0.625,0.25,1,matched bounded smoothing without parity,0.9082875457875457,0.01220686671653759,0.7073150600544682,,calibration,dispersed_equal_weight_corruption,0.07978883314029586,1.0,0.0974603507858192,4,0.25000000000000006,within_radius,0,4,0.625,7104,0.797293335121632,,,,-0.7073150600544683,False,0.7992466517140957,False
True,4,0.02,random_parity_checks,0.07613545651372748,0.010702247732359815,eliminated,0.5625,0.4,0.10279490976184183,0.08389281767455294,0.3302328667624385,-0.28833704813170374,0.6875,0.25,1,degree-matched checks on unrelated variables,0.9444597069597068,0.0,0.32093146704975384,False,calibration,dispersed_equal_weight_corruption,0.07978883314029586,1.0,0.0974603507858192,4,0.25000000000000006,within_radius,0,4,0.6875,7104,0.13921079702537237,22,0,22,-0.3209314670497538,False,0.9510419331020992,True
True,4,0.02,memory_budget_random_bits,0.04836905640126638,0.00506230997317519,eliminated,0.75,0.4,0.0972992691977863,0.06992417508978453,0.2913558663403001,-0.2194597335030723,0.75,0.25,1,32 random bits replace structured parity,0.9536172161172161,0.0,0.16542346536120012,False,calibration,dispersed_equal_weight_corruption,0.07978883314029586,1.0,0.0974603507858192,4,0.25000000000000006,within_radius,0,4,0.75,7104,0.28253721101977886,12,0,12,-0.1654234653612001,False,0.9772180821058825,True
True,5,0.02,target,0.05750197271457766,0.007154322424216014,eliminated,0.875,0.4,0.17432179663423827,0.22017888679733624,0.4928044041848813,0.006913910509706534,0.875,0.55,3,local syndrome decode plus bounded relation feedback,0.8999542124542124,0.0,0.0,False,calibration,dispersed_equal_weight_corruption,0.17553543290865128,1.0,0.3793659136954846,8,0.5500000000000002,above_radius,14,8,0.875,7104,0.4196134158376894,5,0,5,0.10399199239112515,False,1.1402269663347453,True
True,5,0.02,rt02_frozen_baseline,0.13096187673688264,0.020249301736323385,not_applicable,,0.4,0.18328593036274618,0.0,0.46460610921929546,-0.044153464207583995,1.0,0.55,3,unchanged RT-02 one-bit orientation mechanism,0.9222985347985347,1.0,0.0,,calibration,dispersed_equal_weight_corruption,0.17553543290865128,1.0,0.3793659136954846,8,0.5500000000000002,above_radius,4,8,1.0,7104,1.0,,,,0.1552616196012812,False,1.1439186075093444,False
True,5,0.02,passive_relaxation,0.0,0.0,not_applicable,,0.4,0.17553543290865128,0.3793659136954846,0.5500000000000002,0.0,0.8333333333333334,0.55,3,no restorative mechanism,0.8876373626373626,0.0,0.0,,calibration,dispersed_equal_weight_corruption,0.17553543290865128,1.0,0.3793659136954846,8,0.5500000000000002,above_radius,61,8,0.8333333333333334,7104,0.0,,,,0.0,False,1.1855704148558066,False
True,5,0.02,operator_only,0.16107865117438966,0.04956672436370839,not_applicable,,0.4,0.25351617637926904,0.01978879429420485,0.47804574185308285,-0.4442450289292816,0.6041666666666666,0.55,3,matched bounded smoothing without parity,0.8834706959706959,0.010560285289757498,0.0,,calibration,dispersed_equal_weight_corruption,0.17553543290865128,1.0,0.3793659136954846,8,0.5500000000000002,above_radius,61,8,0.6041666666666666,7104,0.947837184154375,,,,0.13082592390348596,False,0.7947575305843952,False
True,5,0.02,random_parity_checks,0.07742602451289932,0.012726843466462648,eliminated,0.5625,0.4,0.18884174741644658,0.31716286415243317,0.5613032257779926,-0.07580415126056005,0.6458333333333334,0.55,3,degree-matched checks on unrelated variables,0.8786630036630035,0.0,0.020551319596350037,False,calibration,dispersed_equal_weight_corruption,0.17553543290865128,1.0,0.3793659136954846,8,0.5500000000000002,above_radius,61,8,0.6458333333333334,7104,0.16396583693331385,16,0,16,-0.02055131959634995,False,1.1021965550181552,True
True,5,0.02,memory_budget_random_bits,0.05052155416336073,0.005522323075895024,eliminated,0.7291666666666666,0.4,0.20091281993975993,0.3137779541638539,0.5340103561518209,-0.14457130740273416,0.7291666666666666,0.55,3,32 random bits replace structured parity,0.8896978021978019,0.0,0.0,False,calibration,dispersed_equal_weight_corruption,0.17553543290865128,1.0,0.3793659136954846,8,0.5500000000000002,above_radius,61,8,0.7291666666666666,7104,0.17288838338880885,13,0,13,0.02907207972396226,False,1.1516109429353452,True
True,3,0.02,target,0.006336269028343157,8.685931413362181e-05,eliminated,1.0,0.4,0.22600889219349465,3.2131779648516627e-10,0.2472024972189283,0.013522873960217252,1.0,0.25,1,local syndrome decode plus bounded relation feedback,0.9620421245421245,0.9999999839341102,0.0,True,calibration,topology_preserving_identity_disruption,0.2291070783372428,1.0,0.038801564981103244,3,0.25000000000000006,within_radius,0,3,1.0,7104,0.9999999917189475,5,0,5,0.011190011124286968,False,0.9141411605850029,False
True,3,0.02,rt02_frozen_baseline,0.012764955090974623,0.00022771687985580598,not_applicable,,0.4,0.2257889275537181,0.004460642880461117,0.24703373068634724,0.014482969306781661,0.9791666666666666,0.25,1,unchanged RT-02 one-bit orientation mechanism,0.9619505494505494,0.7769678559769442,0.0,,calibration,topology_preserving_identity_disruption,0.2291070783372428,1.0,0.038801564981103244,3,0.25000000000000006,within_radius,0,3,0.9791666666666666,7104,0.8850396141848017,,,,0.011865077254611275,False,0.914171777011521,False
True,3,0.02,passive_relaxation,0.0,0.0,not_applicable,,0.4,0.2291070783372428,0.038801564981103244,0.25000000000000006,0.0,0.9375,0.25,1,no restorative mechanism,0.9616300366300365,0.0,0.0,,calibration,topology_preserving_identity_disruption,0.2291070783372428,1.0,0.038801564981103244,3,0.25000000000000006,within_radius,0,3,0.9375,7104,0.0,,,,0.0,False,0.9145780711768248,False
True,3,0.02,operator_only,0.10428062315210469,0.02040816980128487,not_applicable,,0.4,0.2741645981550983,0.019752724341048463,0.4700724724228333,-0.19666576932001803,0.6875,0.25,1,matched bounded smoothing without parity,0.8665293040293038,0.012363782947576896,0.8802898896913327,,calibration,topology_preserving_identity_disruption,0.2291070783372428,1.0,0.038801564981103244,3,0.25000000000000006,within_radius,0,3,0.6875,7104,0.49092969959669824,,,,-0.8802898896913327,False,0.7600526156573197,False
True,3,0.02,random_parity_checks,0.057514819488453994,0.005793781565556732,eliminated,0.5,0.4,0.24772775546667056,0.08533274710928314,0.321440891782898,-0.0812749971086373,0.7083333333333334,0.25,1,degree-matched checks on unrelated variables,0.9385073260073259,0.0,0.2857635671315917,False,calibration,topology_preserving_identity_disruption,0.2291070783372428,1.0,0.038801564981103244,3,0.25000000000000006,within_radius,0,3,0.7083333333333334,7104,-1.199208901776025,13,0,13,-0.2857635671315916,False,0.8852908821506265,True
True,3,0.02,memory_budget_random_bits,0.05434052835777652,0.006388927924104301,eliminated,0.75,0.4,0.21879470196028053,0.01999155440604145,0.3178664451788414,0.045011164438065014,0.75,0.25,1,32 random bits replace structured parity,0.9277014652014651,0.00042227969792763,0.2714657807153653,False,calibration,topology_preserving_identity_disruption,0.2291070783372428,1.0,0.038801564981103244,3,0.25000000000000006,within_radius,0,3,0.75,7104,0.48477453381641855,17,0,17,-0.27146578071536526,False,0.8743637654053432,True
True,6,0.02,target,0.020886099383695806,0.000943764982497732,eliminated,0.9375,0.4,0.49255966638114196,0.057928172991046696,0.5407255179556468,0.02276804771431281,0.9375,0.55,2,local syndrome decode plus bounded relation feedback,0.8256868131868131,0.0,0.0,False,calibration,topology_preserving_identity_disruption,0.5040355723419341,1.0,0.1291388236459154,7,0.5500000000000002,near_above_boundary,11,7,0.9375,7104,0.5514271281432807,11,0,11,0.016862694626096953,False,0.9715026659527615,True
True,6,0.02,rt02_frozen_baseline,0.03914665504556904,0.0021416374862284135,not_applicable,,0.4,0.4900799086510124,0.0002064415297534101,0.5386323794339473,0.027687854700569108,1.0,0.55,2,unchanged RT-02 one-bit orientation mechanism,0.8231227106227105,0.9896779235123295,0.0,,calibration,topology_preserving_identity_disruption,0.5040355723419341,1.0,0.1291388236459154,7,0.5500000000000002,near_above_boundary,3,7,1.0,7104,0.998401398402703,,,,0.020668401029187072,False,0.9716354990400611,False
True,6,0.02,passive_relaxation,0.0,0.0,not_applicable,,0.4,0.5040355723419341,0.1291388236459154,0.5500000000000002,0.0,0.8541666666666666,0.55,2,no restorative mechanism,0.8234432234432234,0.0,0.0,,calibration,topology_preserving_identity_disruption,0.5040355723419341,1.0,0.1291388236459154,7,0.5500000000000002,near_above_boundary,61,7,0.8541666666666666,7104,0.0,,,,0.0,False,0.9770717565890145,False
True,6,0.02,operator_only,0.10848891155864679,0.0220467385024715,not_applicable,,0.4,0.4906029663852775,0.019774432044454067,0.6451412420811381,0.026650114979472107,0.6666666666666666,0.55,2,matched bounded smoothing without parity,0.7791666666666666,0.011278397777296667,0.17298407651115988,,calibration,topology_preserving_identity_disruption,0.5040355723419341,1.0,0.1291388236459154,7,0.5500000000000002,near_above_boundary,61,7,0.6666666666666666,7104,0.8468746153467109,,,,-0.17298407651115985,False,0.8108824058789527,False
True,6,0.02,random_parity_checks,0.05366965936401163,0.005730331168232413,eliminated,0.75,0.4,0.49656796780665646,0.0994805281354867,0.5727638896624073,0.014815629977424784,0.75,0.55,2,degree-matched checks on unrelated variables,0.7983974358974358,0.0,0.041388890295285696,False,calibration,topology_preserving_identity_disruption,0.5040355723419341,1.0,0.1291388236459154,7,0.5500000000000002,near_above_boundary,61,7,0.75,7104,0.2296621161096256,15,0,15,-0.041388890295285745,False,0.9412695625053882,True
True,6,0.02,memory_budget_random_bits,0.056034989218179496,0.006800548525673274,eliminated,0.6666666666666666,0.4,0.4941288055696423,0.14021333723865553,0.5792113050052203,0.019654896034939213,0.6666666666666666,0.55,2,32 random bits replace structured parity,0.79514652014652,0.0,0.05311146364585495,False,calibration,topology_preserving_identity_disruption,0.5040355723419341,1.0,0.1291388236459154,7,0.5500000000000002,near_above_boundary,61,7,0.6666666666666666,7104,-0.08575665535799873,16,0,16,-0.05311146364585485,False,0.9321365396852479,True
True,2,0.05,target,0.003072370470313993,2.0421909317720388e-05,eliminated,0.875,0.4,0.03389244019272538,0.18182556520768856,0.25026534400185474,-0.0007304308652409872,0.875,0.25,2,local syndrome decode plus bounded relation feedback,0.9840201465201464,0.0,0.001061376007418957,False,calibration,localized_block_shock,0.033867702177719984,1.0,0.16861198017809548,4,0.25,near_above_boundary,0,4,0.875,7101,-0.07836682195201256,4,0,4,-0.001061376007418957,False,1.1033411938125202,True
True,2,0.05,rt02_frozen_baseline,0.032996642756292986,0.003078514772338462,not_applicable,,0.4,0.043681389855976,0.0036772705825254136,0.2136697565317694,-0.2897653825688828,1.0,0.25,2,unchanged RT-02 one-bit orientation mechanism,0.9887362637362638,0.9264545883494917,0.0,,calibration,localized_block_shock,0.033867702177719984,1.0,0.16861198017809548,4,0.25,near_above_boundary,0,4,1.0,7101,0.9781909293833017,,,,0.14532097387292242,False,1.0974026568985138,False
True,2,0.05,passive_relaxation,0.0,0.0,not_applicable,,0.4,0.033867702177719984,0.16861198017809548,0.25,0.0,0.9166666666666666,0.25,2,no restorative mechanism,0.9841117216117214,0.0,0.0,,calibration,localized_block_shock,0.033867702177719984,1.0,0.16861198017809548,4,0.25,near_above_boundary,0,4,0.9166666666666666,7101,0.0,,,,0.0,False,1.1033146654772856,False
True,2,0.05,operator_only,0.09378177971050379,0.017460002696894888,not_applicable,,0.4,0.12277902474438357,0.04969342255268819,0.4215381909899931,-2.6252540576890477,0.7291666666666666,0.25,2,matched bounded smoothing without parity,0.905128205128205,0.006131548946236243,0.6861527639599725,,calibration,localized_block_shock,0.033867702177719984,1.0,0.16861198017809548,4,0.25,near_above_boundary,0,4,0.7291666666666666,7101,0.7052794083777453,,,,-0.6861527639599725,False,0.9541618958715191,False
True,2,0.05,random_parity_checks,0.04017416381359328,0.0036006200326336,eliminated,0.3125,0.4,0.030530969284749528,0.07814017410581665,0.2625769697006751,0.09852256511117961,0.7708333333333334,0.25,2,degree-matched checks on unrelated variables,0.966620879120879,0.0,0.05030787880270049,False,calibration,localized_block_shock,0.033867702177719984,1.0,0.16861198017809548,4,0.25,near_above_boundary,0,4,0.7708333333333334,7101,0.5365680776461939,16,0,16,-0.05030787880270049,False,1.080469504141127,True
True,2,0.05,memory_budget_random_bits,0.048245237657161856,0.005028839204176579,eliminated,0.6875,0.4,0.035318988190799684,0.1497636709137723,0.29752840688445387,-0.04285162322097054,0.6875,0.25,2,32 random bits replace structured parity,0.9579212454212453,0.0,0.19011362753781547,False,calibration,localized_block_shock,0.033867702177719984,1.0,0.16861198017809548,4,0.25,near_above_boundary,0,4,0.6875,7101,0.11178511304128425,15,0,15,-0.19011362753781547,False,1.0755759790126853,True
True,2,0.05,target,0.003072370470313991,2.042190931772031e-05,eliminated,0.875,0.4,0.07452019260096301,0.5250785565517941,0.5501206616810231,-0.00015095919034457828,0.875,0.55,2,local syndrome decode plus bounded relation feedback,0.9180860805860805,0.0,0.00021938487458750267,False,calibration,localized_block_shock,0.07450894479098394,1.0,0.5120131545201687,4,0.55,near_above_boundary,0,4,0.875,7101,-0.02551770773129769,4,0,4,-0.00021938487458744209,False,1.392318792385263,True
True,2,0.05,rt02_frozen_baseline,0.14067457328684016,0.027333666871374368,not_applicable,,0.4,0.10488019175674826,0.0036772705825254136,0.4535534448388385,-0.4076188040370616,1.0,0.55,2,unchanged RT-02 one-bit orientation mechanism,0.9453754578754578,0.9264545883494917,0.0,,calibration,localized_block_shock,0.07450894479098394,1.0,0.5120131545201687,4,0.55,near_above_boundary,0,4,1.0,7101,0.9928180154160853,,,,0.17535737302029367,False,1.330466295086818,False
True,2,0.05,passive_relaxation,0.0,0.0,not_applicable,,0.4,0.07450894479098394,0.5120131545201687,0.55,0.0,0.9166666666666666,0.55,2,no restorative mechanism,0.9181776556776555,0.0,0.0,,calibration,localized_block_shock,0.07450894479098394,1.0,0.5120131545201687,4,0.55,near_above_boundary,0,4,0.9166666666666666,7101,0.0,,,,0.0,False,1.3922922640500284,False
True,2,0.05,operator_only,0.11734606100794161,0.027375919260381115,not_applicable,,0.4,0.12769452409969176,0.04969593048396273,0.5456504031104884,-0.7138146897383469,0.7291666666666666,0.55,2,matched bounded smoothing without parity,0.8617216117216117,0.0060813903207453945,0.0,,calibration,localized_block_shock,0.07450894479098394,1.0,0.5120131545201687,4,0.55,near_above_boundary,0,4,0.7291666666666666,7101,0.9029401294766829,,,,0.007908357980930258,False,1.1577720734675303,False
True,2,0.05,random_parity_checks,0.06559600792682603,0.00945278629090216,eliminated,0.5,0.4,0.07610052435788162,0.3971541585277513,0.5374108534207567,-0.021360919435410776,0.7083333333333334,0.55,2,degree-matched checks on unrelated variables,0.8918956043956043,0.0,0.0,False,calibration,localized_block_shock,0.07450894479098394,1.0,0.5120131545201687,4,0.55,near_above_boundary,0,4,0.7083333333333334,7101,0.22432821301252912,16,0,16,0.022889357416806127,False,1.3261380326667092,True
True,2,0.05,memory_budget_random_bits,0.05802835945378056,0.0072417442706933,eliminated,0.7708333333333334,0.4,0.07150418655509355,0.3632132024138326,0.5329019146105727,0.04032748342255388,0.7708333333333334,0.55,2,32 random bits replace structured parity,0.9048534798534797,0.0,0.0,False,calibration,localized_block_shock,0.07450894479098394,1.0,0.5120131545201687,4,0.55,near_above_boundary,0,4,0.7708333333333334,7101,0.2906174397917246,11,0,11,0.031087427980777023,False,1.3499843420641122,True
True,5,0.05,target,0.018849859256347815,0.0007689506606919864,eliminated,1.0,0.4,0.025973548998572002,6.80107056431851e-06,0.2264081626634568,0.1665541879858627,1.0,0.25,1,local syndrome decode plus bounded relation feedback,0.9763736263736262,0.9998639785887137,0.0,True,calibration,sparse_node_corruption,0.03116405244847691,1.0,0.11543134225332628,5,0.24999999999999997,within_radius,2,5,1.0,7101,0.9999410812485452,6,0,6,0.09436734934617265,False,1.0290859080336505,False
True,5,0.05,rt02_frozen_baseline,0.032953759438795104,0.0015310526330153842,not_applicable,,0.4,0.026826558038943595,0.0074260418916866095,0.22688922700815084,0.1391826180726795,1.0,0.25,1,unchanged RT-02 one-bit orientation mechanism,0.976098901098901,0.8514791621662678,0.0,,calibration,sparse_node_corruption,0.03116405244847691,1.0,0.11543134225332628,5,0.24999999999999997,within_radius,1,5,1.0,7101,0.935667022953009,,,,0.09244309196739654,False,1.0290130466859284,False
True,5,0.05,passive_relaxation,0.0,0.0,not_applicable,,0.4,0.03116405244847691,0.11543134225332628,0.24999999999999997,0.0,0.8958333333333334,0.25,1,no restorative mechanism,0.9725274725274725,0.0,0.0,,calibration,sparse_node_corruption,0.03116405244847691,1.0,0.11543134225332628,5,0.24999999999999997,within_radius,61,5,0.8958333333333334,7101,0.0,,,,0.0,False,1.0327293788893146,False
True,5,0.05,operator_only,0.11141101554228384,0.024189505184101463,not_applicable,,0.4,0.16238599501154552,0.04974245668689141,0.3982469083672769,-4.210682894338468,0.6458333333333334,0.25,1,matched bounded smoothing without parity,0.9114926739926741,0.0051508662621718715,0.5929876334691078,,calibration,sparse_node_corruption,0.03116405244847691,1.0,0.11543134225332628,5,0.24999999999999997,within_radius,61,5,0.6458333333333334,7101,0.5690732194924466,,,,-0.5929876334691078,False,0.8336755875542612,False
True,5,0.05,random_parity_checks,0.04974791615635287,0.006044969661470586,eliminated,0.6875,0.4,0.06933413931627413,0.1249926466083421,0.3272216054864518,-1.2248114050925596,0.6041666666666666,0.25,1,degree-matched checks on unrelated variables,0.9354853479853479,0.0,0.3088864219458074,False,calibration,sparse_node_corruption,0.03116405244847691,1.0,0.11543134225332628,5,0.24999999999999997,within_radius,61,5,0.6041666666666666,7101,-0.08283109395048463,19,0,19,-0.30888642194580734,False,0.9869564410591262,True
True,5,0.05,memory_budget_random_bits,0.08175021920834459,0.014455106651495532,eliminated,0.6875,0.4,0.07888932862015864,0.11248034310531599,0.29547501901624945,-1.5314207371003905,0.6875,0.25,1,32 random bits replace structured parity,0.9509157509157508,0.0,0.18190007606499803,False,calibration,sparse_node_corruption,0.03116405244847691,1.0,0.11543134225332628,5,0.24999999999999997,within_radius,61,5,0.6875,7101,0.025564972999568995,14,0,14,-0.18190007606499795,False,0.9446899624869431,True
True,6,0.05,target,0.05103151736646643,0.005645787634012727,eliminated,0.9375,0.4,0.04502438056582744,0.18775875164509098,0.47396395126575747,0.3432937656693668,0.9375,0.55,3,local syndrome decode plus bounded relation feedback,0.9275183150183149,0.0,0.0,False,calibration,sparse_node_corruption,0.06856091538664902,1.0,0.36457021117404237,8,0.55,above_radius,16,8,0.9375,7101,0.4849860304262305,6,0,6,0.1382473613349865,False,1.1997972637796739,True
True,6,0.05,rt02_frozen_baseline,0.10162690646270549,0.01686302906433493,not_applicable,,0.4,0.051637449016631906,0.06046934437218219,0.45878025649617643,0.24683839582037798,0.9791666666666666,0.55,3,unchanged RT-02 one-bit orientation mechanism,0.9360347985347984,0.0,0.0,,calibration,sparse_node_corruption,0.06856091538664902,1.0,0.36457021117404237,8,0.55,above_radius,10,8,0.9791666666666666,7101,0.8341352570264862,,,,0.1658540790978611,False,1.1931829974294657,False
True,6,0.05,passive_relaxation,0.0,0.0,not_applicable,,0.4,0.06856091538664902,0.36457021117404237,0.55,0.0,0.8333333333333334,0.55,3,no restorative mechanism,0.9013278388278388,0.0,0.0,,calibration,sparse_node_corruption,0.06856091538664902,1.0,0.36457021117404237,8,0.55,above_radius,61,8,0.8333333333333334,7101,0.0,,,,0.0,False,1.237004633556492,False
True,6,0.05,operator_only,0.15731551782173328,0.04814097295202122,not_applicable,,0.4,0.18470092744837113,0.04980518679257347,0.4532083625904531,-1.6939682238306033,0.6041666666666666,0.55,3,matched bounded smoothing without parity,0.8785256410256409,0.003896264148530615,0.0,,calibration,sparse_node_corruption,0.06856091538664902,1.0,0.36457021117404237,8,0.55,above_radius,61,8,0.6041666666666666,7101,0.8633865706356438,,,,0.17598479529008532,False,0.8423721148426926,False
True,6,0.05,random_parity_checks,0.14342450754917352,0.0360552905355583,eliminated,0.375,0.4,0.11542970124169315,0.3322686435955168,0.5225331449288588,-0.6836079359607116,0.6666666666666666,0.55,3,degree-matched checks on unrelated variables,0.8868589743589742,0.0,0.0,False,calibration,sparse_node_corruption,0.06856091538664902,1.0,0.36457021117404237,8,0.55,above_radius,61,8,0.6666666666666666,7101,0.08860177433176275,19,0,19,0.04993973649298403,False,1.0573567875812273,True
True,6,0.05,memory_budget_random_bits,0.12586414160936846,0.03427155397922168,eliminated,0.6666666666666666,0.4,0.11929665036909297,0.2837336180660047,0.48423931665919273,-0.7400095914169169,0.6666666666666666,0.55,3,32 random bits replace structured parity,0.8815018315018315,0.0,0.0,False,calibration,sparse_node_corruption,0.06856091538664902,1.0,0.36457021117404237,8,0.55,above_radius,61,8,0.6666666666666666,7101,0.2217312074064302,16,0,16,0.11956487880146784,False,1.022982836606864,True
True,7,0.05,target,0.017499533655662248,0.0006439146279672108,eliminated,0.9375,0.4,0.004700405922402358,0.0959335596563907,0.24356674945881615,0.0,0.9375,0.25,2,local syndrome decode plus bounded relation feedback,0.9710622710622709,0.0,0.0,False,calibration,relational_twist,1.2735351676303877e-16,1.0,0.10303142432570865,8,0.24999999999999997,near_above_boundary,6,8,0.9375,7101,0.06889028969336379,10,0,10,0.02573300216473529,False,1.059758227407774,True
True,7,0.05,rt02_frozen_baseline,0.019815127683901326,0.0005487194978515241,not_applicable,,0.4,0.006188270336034663,0.07344448348836077,0.2422104055414154,0.0,0.9583333333333334,0.25,2,unchanged RT-02 one-bit orientation mechanism,0.9703754578754578,0.0,0.0,,calibration,relational_twist,1.2735351676303877e-16,1.0,0.10303142432570865,8,0.24999999999999997,near_above_boundary,2,8,0.9583333333333334,7101,0.2871642416959703,,,,0.031158377834338283,False,1.0614908142223562,False
True,7,0.05,passive_relaxation,0.0,0.0,not_applicable,,0.4,1.2735351676303877e-16,0.10303142432570865,0.24999999999999997,0.0,0.8333333333333334,0.25,2,no restorative mechanism,0.9648351648351647,0.0,0.0,,calibration,relational_twist,1.2735351676303877e-16,1.0,0.10303142432570865,8,0.24999999999999997,near_above_boundary,61,8,0.8333333333333334,7101,0.0,,,,0.0,False,1.0625,False
True,7,0.05,operator_only,0.10319084568064116,0.021038577871506883,not_applicable,,0.4,0.14627116536306298,0.0496942218197602,0.4214760044106472,0.0,0.6458333333333334,0.25,2,matched bounded smoothing without parity,0.8991300366300365,0.006115563604796037,0.685904017642589,,calibration,relational_twist,1.2735351676303877e-16,1.0,0.10303142432570865,8,0.24999999999999997,near_above_boundary,61,8,0.6458333333333334,7101,0.5176789785739148,,,,-0.685904017642589,False,0.8844675869986262,False
True,7,0.05,random_parity_checks,0.07311818867683081,0.010697369734506669,eliminated,0.625,0.4,0.06231828368838089,0.11139092883247664,0.3446553078624858,0.0,0.625,0.25,2,degree-matched checks on unrelated variables,0.927197802197802,0.0,0.37862123144994353,False,calibration,relational_twist,1.2735351676303877e-16,1.0,0.10303142432570865,8,0.24999999999999997,near_above_boundary,61,8,0.625,7101,-0.08113548426101015,15,0,15,-0.3786212314499435,False,0.998260096998746,True
True,7,0.05,memory_budget_random_bits,0.05714198181444736,0.0070649741463632105,eliminated,0.6666666666666666,0.4,0.03983406614874117,0.12153838598156344,0.30663549245025684,0.0,0.6666666666666666,0.25,2,32 random bits replace structured parity,0.9451923076923076,0.0,0.2265419698010276,False,calibration,relational_twist,1.2735351676303877e-16,1.0,0.10303142432570865,8,0.24999999999999997,near_above_boundary,61,8,0.6666666666666666,7101,-0.17962443766039335,17,0,17,-0.2265419698010275,False,1.0220532082609268,True
True,10,0.05,target,0.03986340681381942,0.003428736168943566,eliminated,0.875,0.4,0.01241874714859831,0.25286404258286255,0.5266280230031165,0.0,0.875,0.55,2,local syndrome decode plus bounded relation feedback,0.875503663003663,0.0,0.0,False,calibration,relational_twist,1.3895407871082206e-17,1.0,0.27673332442195364,12,0.55,near_above_boundary,61,12,0.875,7101,0.08625373141796258,12,0,12,0.04249450363069734,False,1.2840390042102854,True
True,10,0.05,rt02_frozen_baseline,0.05836810588049395,0.005816104781303747,not_applicable,,0.4,0.023529285291507582,0.14259861370174418,0.517556774136254,0.0,0.9583333333333334,0.55,2,unchanged RT-02 one-bit orientation mechanism,0.8819597069597069,0.0,0.0,,calibration,relational_twist,1.3895407871082206e-17,1.0,0.27673332442195364,12,0.55,near_above_boundary,6,12,0.9583333333333334,7101,0.48470747424580274,,,,0.058987683388629156,False,1.2878863975040178,False
True,10,0.05,passive_relaxation,0.0,0.0,not_applicable,,0.4,1.3895407871082206e-17,0.27673332442195364,0.55,0.0,0.75,0.55,2,no restorative mechanism,0.8510531135531135,0.0,0.0,,calibration,relational_twist,1.3895407871082206e-17,1.0,0.27673332442195364,12,0.55,near_above_boundary,61,12,0.75,7101,0.0,,,,0.0,False,1.3025000000000002,False
True,10,0.05,operator_only,0.133586580319302,0.035248111563451784,not_applicable,,0.4,0.14627116536306298,0.04969769172033162,0.5454978241771392,0.0,0.5416666666666666,0.55,2,matched bounded smoothing without parity,0.8568681318681317,0.0060461655933675695,0.0,,calibration,relational_twist,1.3895407871082206e-17,1.0,0.27673332442195364,12,0.55,near_above_boundary,61,12,0.5416666666666666,7101,0.8204130571403311,,,,0.00818577422338333,False,1.004393440886655,False
True,10,0.05,random_parity_checks,0.07339655244064566,0.009648899959473106,eliminated,0.625,0.4,0.03117066697997824,0.2234102014229313,0.5361924495215326,0.0,0.7083333333333334,0.55,2,degree-matched checks on unrelated variables,0.8623168498168496,0.0,0.0,False,calibration,relational_twist,1.3895407871082206e-17,1.0,0.27673332442195364,12,0.55,near_above_boundary,61,12,0.7083333333333334,7101,0.19268775493665172,12,0,12,0.02510463723357725,False,1.2572876103860067,True
True,10,0.05,memory_budget_random_bits,0.08116486806472785,0.014250545208054733,eliminated,0.6875,0.4,0.04388536952605982,0.17200038980501473,0.5462437074164889,0.0,0.6875,0.55,2,32 random bits replace structured parity,0.8657509157509157,0.0,0.0,False,calibration,relational_twist,1.3895407871082206e-17,1.0,0.27673332442195364,12,0.55,near_above_boundary,61,12,0.6875,7101,0.3784615923496285,16,0,16,0.006829622879111232,False,1.2159088152850341,True
True,4,0.05,target,0.030716829928437564,0.002017200839763252,eliminated,0.875,0.4,0.046328079051342244,0.1700383222923704,0.25088324906795073,-0.08644372835511577,0.875,0.25,2,local syndrome decode plus bounded relation feedback,0.9593864468864467,0.0,0.003532996271803146,False,calibration,clustered_symbol_corruption,0.04264194991624952,1.0,0.14640363515630384,6,0.24999999999999997,near_above_boundary,8,6,0.875,7101,-0.16143511129920807,6,0,6,-0.0035329962718030354,False,0.9924765631810033,True
True,4,0.05,rt02_frozen_baseline,0.031453717835576774,0.002443688915630057,not_applicable,,0.4,0.039250874244175615,0.0052004459303231915,0.19616731229173537,0.07952440445932024,1.0,0.25,2,unchanged RT-02 one-bit orientation mechanism,0.9739010989010988,0.8959910813935361,0.0,,calibration,clustered_symbol_corruption,0.04264194991624952,1.0,0.14640363515630384,6,0.24999999999999997,near_above_boundary,4,6,1.0,7101,0.9644787103491584,,,,0.21533075083305844,False,0.9966861784282242,False
True,4,0.05,passive_relaxation,0.0,0.0,not_applicable,,0.4,0.04264194991624952,0.14640363515630384,0.24999999999999997,0.0,0.875,0.25,2,no restorative mechanism,0.9603937728937728,0.0,0.0,,calibration,clustered_symbol_corruption,0.04264194991624952,1.0,0.14640363515630384,6,0.24999999999999997,near_above_boundary,61,6,0.875,7101,0.0,,,,0.0,False,1.003471216587631,False
True,4,0.05,operator_only,0.09113576969738348,0.016471324720911205,not_applicable,,0.4,0.1516396664631751,0.04977687101371667,0.40253739952166306,-2.556114735864598,0.7291666666666666,0.25,2,matched bounded smoothing without parity,0.907967032967033,0.00446257972566666,0.6101495980866525,,calibration,clustered_symbol_corruption,0.04264194991624952,1.0,0.14640363515630384,6,0.24999999999999997,near_above_boundary,61,6,0.7291666666666666,7101,0.6600024926937521,,,,-0.6101495980866525,False,0.8630551726490554,False
True,4,0.05,random_parity_checks,0.07692691951899278,0.009977322065112837,eliminated,0.375,0.4,0.0872658401197175,0.18002479984746325,0.3478468562096957,-1.0464786505099102,0.625,0.25,2,degree-matched checks on unrelated variables,0.9171703296703295,0.0,0.39138742483878297,False,calibration,clustered_symbol_corruption,0.04264194991624952,1.0,0.14640363515630384,6,0.24999999999999997,near_above_boundary,61,6,0.625,7101,-0.2296470620778282,16,0,16,-0.3913874248387829,False,0.957327084934755,True
True,4,0.05,memory_budget_random_bits,0.05924160697056129,0.007633501921013944,eliminated,0.6666666666666666,0.4,0.08254802251427432,0.12807881879292257,0.33217015024823465,-0.9358407079507833,0.6666666666666666,0.25,2,32 random bits replace structured parity,0.9172619047619047,0.0,0.32868060099293883,False,calibration,clustered_symbol_corruption,0.04264194991624952,1.0,0.14640363515630384,6,0.24999999999999997,near_above_boundary,61,6,0.6666666666666666,7101,0.12516640275917518,20,0,20,-0.3286806009929388,False,0.9577235850624164,True
True,4,0.05,target,0.06306144656904762,0.008603884930240918,eliminated,0.875,0.4,0.0826669974272825,0.38212111282562633,0.4713279081559067,0.11880418237691764,0.875,0.55,2,local syndrome decode plus bounded relation feedback,0.8755494505494505,0.0,0.0,False,calibration,clustered_symbol_corruption,0.09381228981574899,1.0,0.47997966511720724,6,0.55,near_above_boundary,61,6,0.875,7101,0.2038806212085769,6,0,6,0.14304016698926061,False,1.119129063406732,True
True,4,0.05,rt02_frozen_baseline,0.1357182572351105,0.031502680341644954,not_applicable,,0.4,0.07560551417053471,0.005200445930335316,0.36019388593634477,0.1940766575570546,1.0,0.55,2,unchanged RT-02 one-bit orientation mechanism,0.9354853479853479,0.8959910813932936,0.0,,calibration,clustered_symbol_corruption,0.09381228981574899,1.0,0.47997966511720724,6,0.55,near_above_boundary,6,6,1.0,7101,0.9891652786393245,,,,0.3451020255702823,False,1.0797933858429447,False
True,4,0.05,passive_relaxation,0.0,0.0,not_applicable,,0.4,0.09381228981574899,0.47997966511720724,0.55,0.0,0.875,0.55,2,no restorative mechanism,0.8378663003663004,0.0,0.0,,calibration,clustered_symbol_corruption,0.09381228981574899,1.0,0.47997966511720724,6,0.55,near_above_boundary,61,6,0.875,7101,0.0,,,,0.0,False,1.1726366764927876,False
True,4,0.05,operator_only,0.10511608369977199,0.024674102085745876,not_applicable,,0.4,0.16691743431189374,0.0498817056258987,0.4709793293349904,-0.7792704414285816,0.6875,0.55,2,matched bounded smoothing without parity,0.8484432234432233,0.002365887482026041,0.0,,calibration,clustered_symbol_corruption,0.09381228981574899,1.0,0.47997966511720724,6,0.55,near_above_boundary,61,6,0.6875,7101,0.8960753772480798,,,,0.14367394666365385,False,0.9158722432131059,False
True,4,0.05,random_parity_checks,0.04936695875429195,0.004692269862897301,eliminated,0.75,0.4,0.12084193237664514,0.4751742432681525,0.5801488031887534,-0.28812475011518673,0.5833333333333334,0.55,2,degree-matched checks on unrelated variables,0.8116758241758241,0.0,0.05481600579773338,False,calibration,clustered_symbol_corruption,0.09381228981574899,1.0,0.47997966511720724,6,0.55,near_above_boundary,61,6,0.5833333333333334,7101,0.01001171965875117,18,0,18,-0.05481600579773335,False,1.1460252603178311,True
True,4,0.05,memory_budget_random_bits,0.04805702140031851,0.004999627342704117,eliminated,0.6458333333333334,0.4,0.10865575215607001,0.5003444697472923,0.581320091501991,-0.15822513627451334,0.6458333333333334,0.55,2,32 random bits replace structured parity,0.804532967032967,0.0,0.056945620912710826,False,calibration,clustered_symbol_corruption,0.09381228981574899,1.0,0.47997966511720724,6,0.55,near_above_boundary,61,6,0.6458333333333334,7101,-0.04242847376692954,14,0,14,-0.0569456209127109,False,1.1430600378257594,True
True,5,0.05,target,0.0290351459123513,0.0018276796906618264,eliminated,0.9375,0.4,0.042814797174553235,0.024985498103723865,0.23284399708285247,-0.03459288199720545,0.9375,0.25,2,local syndrome decode plus bounded relation feedback,0.974175824175824,0.5002900379255227,0.0,False,calibration,dispersed_equal_weight_corruption,0.0413832319162127,1.0,0.14287447246974397,6,0.24999999999999997,near_above_boundary,2,6,0.9375,7101,0.8251227271616702,8,0,8,0.06862401166859002,False,1.07529342753849,True
True,5,0.05,rt02_frozen_baseline,0.02715087492315065,0.001172718656266405,not_applicable,,0.4,0.039643935107160404,0.10005355129370481,0.2318785519651952,0.04202902307325336,0.9791666666666666,0.25,2,unchanged RT-02 one-bit orientation mechanism,0.9762362637362636,0.0,0.0,,calibration,dispersed_equal_weight_corruption,0.0413832319162127,1.0,0.14287447246974397,6,0.24999999999999997,near_above_boundary,3,6,0.9791666666666666,7101,0.29971009121386044,,,,0.07248579213921914,False,1.0833592338678688,False
True,5,0.05,passive_relaxation,0.0,0.0,not_applicable,,0.4,0.0413832319162127,0.14287447246974397,0.24999999999999997,0.0,0.875,0.25,2,no restorative mechanism,0.9716117216117215,0.0,0.0,,calibration,dispersed_equal_weight_corruption,0.0413832319162127,1.0,0.14287447246974397,6,0.24999999999999997,near_above_boundary,61,6,0.875,7101,0.0,,,,0.0,False,1.0861892939532483,False
True,5,0.05,operator_only,0.08403424827813061,0.01583767504612152,not_applicable,,0.4,0.12170945847836202,0.04971144670414203,0.39809286329935795,-1.941033187663623,0.7708333333333334,0.25,2,matched bounded smoothing without parity,0.9038461538461537,0.005771065917159479,0.592371453197432,,calibration,dispersed_equal_weight_corruption,0.0413832319162127,1.0,0.14287447246974397,6,0.24999999999999997,near_above_boundary,61,6,0.7708333333333334,7101,0.6520620804764878,,,,-0.592371453197432,False,0.9203598825145032,False
True,5,0.05,random_parity_checks,0.04502279061282787,0.004057373629921488,eliminated,0.3125,0.4,0.05406923013544034,0.16778318798381445,0.2837867304121422,-0.30654923822558305,0.6875,0.25,2,degree-matched checks on unrelated variables,0.9589743589743589,0.0,0.135146921648569,False,calibration,dispersed_equal_weight_corruption,0.0413832319162127,1.0,0.14287447246974397,6,0.24999999999999997,near_above_boundary,61,6,0.6875,7101,-0.17433985990286202,21,0,21,-0.13514692164856892,False,1.0619843760587737,True
True,5,0.05,memory_budget_random_bits,0.058110410291247715,0.00730647794823126,eliminated,0.6041666666666666,0.4,0.03746545698488143,0.1992184103277912,0.3047727431761885,0.09467058878493269,0.6041666666666666,0.25,2,32 random bits replace structured parity,0.9437728937728936,0.0,0.2190909727047543,False,calibration,dispersed_equal_weight_corruption,0.0413832319162127,1.0,0.14287447246974397,6,0.24999999999999997,near_above_boundary,1,6,0.6041666666666666,7101,-0.3943597262973551,18,0,18,-0.21909097270475422,False,1.0413710442472242,True
True,7,0.05,target,0.07666685875343872,0.012717560840241282,eliminated,0.8125,0.4,0.07852899997626898,0.17727896745319072,0.4786815897996393,0.1374525783417873,0.8125,0.55,3,local syndrome decode plus bounded relation feedback,0.8937271062271062,0.0,0.0,False,calibration,dispersed_equal_weight_corruption,0.09104311021566808,1.0,0.4408258516661593,11,0.55,above_radius,61,11,0.8125,7101,0.5978480690659553,10,0,10,0.1296698367279286,False,1.2768936248583265,True
True,7,0.05,rt02_frozen_baseline,0.11194042925541998,0.018893073810419027,not_applicable,,0.4,0.08720448003971988,0.21558773581665203,0.4637964962337714,0.04216277505079771,0.9791666666666666,0.55,3,unchanged RT-02 one-bit orientation mechanism,0.9129578754578754,0.0,0.0,,calibration,dispersed_equal_weight_corruption,0.09104311021566808,1.0,0.4408258516661593,11,0.55,above_radius,5,11,0.9791666666666666,7101,0.5109457963914552,,,,0.1567336432113248,False,1.314982370739774,False
True,7,0.05,passive_relaxation,0.0,0.0,not_applicable,,0.4,0.09104311021566808,0.4408258516661593,0.55,0.0,0.7708333333333334,0.55,3,no restorative mechanism,0.8901556776556775,0.0,0.0,,calibration,dispersed_equal_weight_corruption,0.09104311021566808,1.0,0.4408258516661593,11,0.55,above_radius,61,11,0.7708333333333334,7101,0.0,,,,0.0,False,1.3546164466971462,False
True,7,0.05,operator_only,0.11599530130863853,0.03040868108201258,not_applicable,,0.4,0.09929958997203757,0.049736902031710876,0.4525597136759509,-0.09068758456088633,0.75,0.55,3,matched bounded smoothing without parity,0.8870421245421245,0.005261959365782554,0.0,,calibration,dispersed_equal_weight_corruption,0.09104311021566808,1.0,0.4408258516661593,11,0.55,above_radius,61,11,0.75,7101,0.8871733546394257,,,,0.17716415695281665,False,1.032759917147032,False
True,7,0.05,random_parity_checks,0.08588064423846987,0.016085434669686198,eliminated,0.625,0.4,0.07982151739202921,0.3965469562345903,0.5422768449145265,0.12325581581139444,0.5416666666666666,0.55,3,degree-matched checks on unrelated variables,0.8719780219780219,0.0,0.0,False,calibration,dispersed_equal_weight_corruption,0.09104311021566808,1.0,0.4408258516661593,11,0.55,above_radius,61,11,0.5416666666666666,7101,0.10044532384888745,17,0,17,0.01404210015540636,False,1.2431594891490825,True
True,7,0.05,memory_budget_random_bits,0.07504733394764035,0.01219022212034506,eliminated,0.6666666666666666,0.4,0.0836267650018584,0.3807751807647331,0.5132643727938919,0.08145970844187357,0.6666666666666666,0.55,3,32 random bits replace structured parity,0.8887820512820511,0.0,0.0,False,calibration,dispersed_equal_weight_corruption,0.09104311021566808,1.0,0.4408258516661593,11,0.55,above_radius,61,11,0.6666666666666666,7101,0.1362231154875713,19,0,19,0.06679204946565113,False,1.278905591585867,True
True,8,0.05,target,0.015686383023523594,0.0005323469978957217,eliminated,1.0,0.4,0.23484518345521244,7.954703847838734e-10,0.2418221928146523,0.059942126250273065,1.0,0.25,1,local syndrome decode plus bounded relation feedback,0.9623626373626373,0.9999999840905923,0.0,True,calibration,topology_preserving_identity_disruption,0.24981992068047465,1.0,0.09605908579372305,8,0.24999999999999997,within_radius,5,8,1.0,7101,0.9999999917189469,16,0,16,0.03271122874139066,False,0.907628504590193,False
True,8,0.05,rt02_frozen_baseline,0.017048744266133696,0.0004062014176192917,not_applicable,,0.4,0.24319633826205383,0.07528778007216647,0.24577815641327258,0.02651342775379601,0.9166666666666666,0.25,1,unchanged RT-02 one-bit orientation mechanism,0.960164835164835,0.0,0.0,,calibration,topology_preserving_identity_disruption,0.24981992068047465,1.0,0.09605908579372305,8,0.24999999999999997,within_radius,4,8,0.9166666666666666,7101,0.21623468045657662,,,,0.01688737434690957,False,0.9089423026809132,False
True,8,0.05,passive_relaxation,0.0,0.0,not_applicable,,0.4,0.24981992068047465,0.09605908579372305,0.24999999999999997,0.0,0.8333333333333334,0.25,1,no restorative mechanism,0.9587454212454212,0.0,0.0,,calibration,topology_preserving_identity_disruption,0.24981992068047465,1.0,0.09605908579372305,8,0.24999999999999997,within_radius,61,8,0.8333333333333334,7101,0.0,,,,0.0,False,0.9096352122760892,False
True,8,0.05,operator_only,0.08934149442669702,0.015771631049720382,not_applicable,,0.4,0.29316309220510023,0.04973511512998044,0.44693888544619104,-0.17349765946032175,0.7708333333333334,0.25,1,matched bounded smoothing without parity,0.8679945054945053,0.00529769740039121,0.7877555417847644,,calibration,topology_preserving_identity_disruption,0.24981992068047465,1.0,0.09605908579372305,8,0.24999999999999997,within_radius,61,8,0.7708333333333334,7101,0.4822445506427007,,,,-0.7877555417847644,False,0.7761505505777098,False
True,8,0.05,random_parity_checks,0.04924728349077324,0.005481045129614858,eliminated,0.1875,0.4,0.26073023490720326,0.09068859437819914,0.3323226575972102,-0.04367271511819568,0.7291666666666666,0.25,1,degree-matched checks on unrelated variables,0.9150641025641025,0.0,0.329290630388841,False,calibration,topology_preserving_identity_disruption,0.24981992068047465,1.0,0.09605908579372305,8,0.24999999999999997,within_radius,61,8,0.7291666666666666,7101,0.05590820869414151,16,0,16,-0.32929063038884093,False,0.8725748684691531,True
True,8,0.05,memory_budget_random_bits,0.05342449280189859,0.006175697105468975,eliminated,0.5833333333333334,0.4,0.26658738769329854,0.14251278648251622,0.33193949827416463,-0.06711821446084702,0.5833333333333334,0.25,1,32 random bits replace structured parity,0.9286172161172159,0.0,0.32775799309665876,False,calibration,topology_preserving_identity_disruption,0.24981992068047465,1.0,0.09605908579372305,8,0.24999999999999997,within_radius,61,8,0.5833333333333334,7101,-0.48359507385431183,18,0,18,-0.3277579930966587,False,0.8757302641878211,True
True,8,0.05,target,0.03333695856658829,0.002404412955971163,eliminated,0.875,0.4,0.5230336731097225,0.17060780844372447,0.5375736348511566,0.04834419113311784,0.875,0.55,2,local syndrome decode plus bounded relation feedback,0.8252747252747251,0.0,0.0,False,calibration,topology_preserving_identity_disruption,0.5496038254970443,1.0,0.22744778528166862,10,0.55,near_above_boundary,61,10,0.875,7101,0.2499034086770913,14,0,14,0.02259339117971533,False,0.9536996884187134,True
True,8,0.05,rt02_frozen_baseline,0.04799288005952095,0.003033692118204907,not_applicable,,0.4,0.5301756076649188,0.1527416081664754,0.5382490948041865,0.03534949527426468,0.9166666666666666,0.55,2,unchanged RT-02 one-bit orientation mechanism,0.8308150183150182,0.0,0.0,,calibration,topology_preserving_identity_disruption,0.5496038254970443,1.0,0.22744778528166862,10,0.55,near_above_boundary,7,10,0.9166666666666666,7101,0.32845418574939295,,,,0.021365282174206482,False,0.9590380739902711,False
True,8,0.05,passive_relaxation,0.0,0.0,not_applicable,,0.4,0.5496038254970443,0.22744778528166862,0.55,0.0,0.7916666666666666,0.55,2,no restorative mechanism,0.8311355311355311,0.0,0.0,,calibration,topology_preserving_identity_disruption,0.5496038254970443,1.0,0.22744778528166862,10,0.55,near_above_boundary,61,10,0.7916666666666666,7101,0.0,,,,0.0,False,0.9661974670073963,False
True,8,0.05,operator_only,0.09207486497378829,0.016752183946609944,not_applicable,,0.4,0.5324390625697005,0.049785926488249796,0.6360192383426838,0.0312311562093305,0.6458333333333334,0.55,2,matched bounded smoothing without parity,0.7559981684981684,0.004281470235004137,0.15639861516851594,,calibration,topology_preserving_identity_disruption,0.5496038254970443,1.0,0.22744778528166862,10,0.55,near_above_boundary,61,10,0.6458333333333334,7101,0.7811105242172595,,,,-0.15639861516851594,False,0.8244013970548307,False
True,8,0.05,random_parity_checks,0.044199270063311924,0.004007400875237438,eliminated,0.4375,0.4,0.547291666600699,0.21880249446433672,0.571354856384747,0.00420695560889583,0.7291666666666666,0.55,2,degree-matched checks on unrelated variables,0.806959706959707,0.0,0.03882701160863089,False,calibration,topology_preserving_identity_disruption,0.5496038254970443,1.0,0.22744778528166862,10,0.55,near_above_boundary,61,10,0.7291666666666666,7101,0.038010002192923845,10,0,10,-0.03882701160863089,False,0.9440264580257459,True
True,8,0.05,memory_budget_random_bits,0.05114838229365658,0.005660109451028891,eliminated,0.6041666666666666,0.4,0.5397359093950268,0.1884868251884583,0.5740921246498581,0.017954598647659168,0.6041666666666666,0.55,2,32 random bits replace structured parity,0.8137362637362636,0.0,0.04380386299974193,False,calibration,topology_preserving_identity_disruption,0.5496038254970443,1.0,0.22744778528166862,10,0.55,near_above_boundary,61,10,0.6041666666666666,7101,0.17129628255101068,16,0,16,-0.043803862999742,False,0.9340692468192136,True
True,0,0.05,target,0.0005197935338680041,5.845355434276221e-07,eliminated,1.0,0.4,0.03655771716712338,2.6359229359991052e-11,0.2500075988464538,-3.0395385816745478e-05,1.0,0.25,0,local syndrome decode plus bounded relation feedback,0.9778846153846155,0.9999999994728154,3.0395385814951936e-05,True,calibration,localized_block_shock,0.036556606014979405,1.0,0.003183072323936742,0,0.25000000000000006,within_radius,0,0,1.0,7102,0.9999999917189348,0,0,0,-3.039538581495193e-05,False,1.1139418008424444,False
True,0,0.05,rt02_frozen_baseline,0.0,0.0,not_applicable,,0.4,0.036556606014979405,0.003183072323936742,0.25000000000000006,0.0,1.0,0.25,0,unchanged RT-02 one-bit orientation mechanism,0.9778846153846155,0.9363385535212652,0.0,,calibration,localized_block_shock,0.036556606014979405,1.0,0.003183072323936742,0,0.25000000000000006,within_radius,0,0,1.0,7102,0.0,,,,0.0,False,1.113928371439278,False
True,0,0.05,passive_relaxation,0.0,0.0,not_applicable,,0.4,0.036556606014979405,0.003183072323936742,0.25000000000000006,0.0,1.0,0.25,0,no restorative mechanism,0.9778846153846155,0.9363385535212652,0.0,,calibration,localized_block_shock,0.036556606014979405,1.0,0.003183072323936742,0,0.25000000000000006,within_radius,0,0,1.0,7102,0.0,,,,0.0,False,1.113928371439278,False
True,0,0.05,operator_only,0.13148033685014782,0.03373399074361583,not_applicable,,0.4,0.14623000888056545,0.04963443386443273,0.40497436499026584,-3.000098062184612,0.6875,0.25,0,matched bounded smoothing without parity,0.916025641025641,0.0073113227113453805,0.6198974599610629,,calibration,localized_block_shock,0.036556606014979405,1.0,0.003183072323936742,0,0.25000000000000006,within_radius,0,0,0.6875,7102,-14.593247282250296,,,,-0.619897459961063,False,0.8355697096569593,False
True,0,0.05,random_parity_checks,0.07245185285340594,0.009665158339343135,eliminated,0.375,0.4,0.046390368419998336,0.09019805986473026,0.3539260561652968,-0.26900096800533,0.7083333333333334,0.25,0,degree-matched checks on unrelated variables,0.9408424908424907,0.0,0.41570422466118706,False,calibration,localized_block_shock,0.036556606014979405,1.0,0.003183072323936742,0,0.25000000000000006,within_radius,0,0,0.7083333333333334,7102,-27.336792471361633,15,0,15,-0.41570422466118695,False,1.0602671435412183,True
True,0,0.05,memory_budget_random_bits,0.045358106578195646,0.004469147478969322,eliminated,0.7708333333333334,0.4,0.04906865651224876,0.0478634861840429,0.30591544252236513,-0.34226510229484725,0.7708333333333334,0.25,0,32 random bits replace structured parity,0.9641025641025641,0.04273027631914195,0.2236617700894603,False,calibration,localized_block_shock,0.036556606014979405,1.0,0.003183072323936742,0,0.25000000000000006,within_radius,0,0,0.7708333333333334,7102,-14.036883021510041,13,0,13,-0.22366177008946025,False,1.0885100850307485,True
True,0,0.05,target,0.0005197935338680041,5.845355434276221e-07,eliminated,1.0,0.4,0.0804250383082011,2.6359229359991052e-11,0.5500034540627627,-6.280114114138697e-06,1.0,0.55,0,local syndrome decode plus bounded relation feedback,0.9522893772893771,0.9999999994728154,6.280114113854651e-06,True,calibration,localized_block_shock,0.08042453323295481,1.0,0.003183072323936742,0,0.5500000000000002,within_radius,0,0,1.0,7102,0.9999999917189348,0,0,0,-6.280114113794092e-06,False,1.415655846569578,False
True,0,0.05,rt02_frozen_baseline,0.0,0.0,not_applicable,,0.4,0.08042453323295481,0.003183072323936742,0.5500000000000002,0.0,1.0,0.55,0,unchanged RT-02 one-bit orientation mechanism,0.9522893772893771,0.9363385535212652,0.0,,calibration,localized_block_shock,0.08042453323295481,1.0,0.003183072323936742,0,0.5500000000000002,within_radius,0,0,1.0,7102,0.0,,,,0.0,False,1.415642417166412,False
True,0,0.05,passive_relaxation,0.0,0.0,not_applicable,,0.4,0.08042453323295481,0.003183072323936742,0.5500000000000002,0.0,1.0,0.55,0,no restorative mechanism,0.9522893772893771,0.9363385535212652,0.0,,calibration,localized_block_shock,0.08042453323295481,1.0,0.003183072323936742,0,0.5500000000000002,within_radius,0,0,1.0,7102,0.0,,,,0.0,False,1.415642417166412,False
True,0,0.05,operator_only,0.18426659481655325,0.06757411329748167,not_applicable,,0.4,0.1461806274555075,0.0495227646733399,0.40486267127053893,-0.8176123824316884,0.6875,0.55,0,matched bounded smoothing without parity,0.916025641025641,0.009544706533202052,0.0,,calibration,localized_block_shock,0.08042453323295481,1.0,0.003183072323936742,0,0.5500000000000002,within_radius,0,0,0.6875,7102,-14.558165078728535,,,,0.26388605223538397,False,0.8355703901053453,False
True,0,0.05,random_parity_checks,0.14160931706811503,0.04260087356885574,eliminated,0.75,0.4,0.02955463676232381,0.07581772090383464,0.4526392698986755,0.6325171490058026,0.75,0.55,0,degree-matched checks on unrelated variables,0.95018315018315,0.0,0.0,False,calibration,localized_block_shock,0.08042453323295481,1.0,0.003183072323936742,0,0.5500000000000002,within_radius,0,0,0.75,7102,-22.819038082699052,16,0,16,0.17701950927513574,False,1.1519772269478925,True
True,0,0.05,memory_budget_random_bits,0.05430775900950138,0.006382525872237133,eliminated,0.7291666666666666,0.4,0.07534442054101148,0.052032599315826523,0.5879532178429826,0.0631662067248617,0.7291666666666666,0.55,0,32 random bits replace structured parity,0.9295787545787546,0.0,0.06900585062360443,False,calibration,localized_block_shock,0.08042453323295481,1.0,0.003183072323936742,0,0.5500000000000002,within_radius,0,0,0.7291666666666666,7102,-15.346659459962865,17,0,17,-0.06900585062360443,False,1.3796626925602498,True
True,4,0.05,target,0.017348508667295117,0.0006511386482723373,eliminated,0.9375,0.4,0.028078129938428845,0.1393511896493062,0.2333080993686451,-0.0647056474480029,0.9375,0.25,3,local syndrome decode plus bounded relation feedback,0.9781135531135531,0.0,0.0,False,calibration,sparse_node_corruption,0.026371730069930054,1.0,0.17522887117537858,6,0.25,above_radius,7,6,0.9375,7102,0.20474754693913447,5,0,5,0.06676760252541958,False,1.0262291876706835,True
True,4,0.05,rt02_frozen_baseline,0.048913702094364,0.003248389810622836,not_applicable,,0.4,0.0329264591456663,9.739201700399851e-17,0.22321194037437994,-0.2485513486735619,1.0,0.25,3,unchanged RT-02 one-bit orientation mechanism,0.9782051282051281,0.999999999999998,0.0,,calibration,sparse_node_corruption,0.026371730069930054,1.0,0.17522887117537858,6,0.25,above_radius,3,6,1.0,7102,0.9999999999999993,,,,0.10715223850248023,False,1.023228111325644,False
True,4,0.05,passive_relaxation,0.0,0.0,not_applicable,,0.4,0.026371730069930054,0.17522887117537858,0.25,0.0,0.875,0.25,3,no restorative mechanism,0.971474358974359,0.0,0.0,,calibration,sparse_node_corruption,0.026371730069930054,1.0,0.17522887117537858,6,0.25,above_radius,61,6,0.875,7102,0.0,,,,0.0,False,1.029492253145915,False
True,4,0.05,operator_only,0.1066198491796408,0.023199464336353497,not_applicable,,0.4,0.1684116020653679,0.049669678451812777,0.4198064915448714,-5.386065746114873,0.6666666666666666,0.25,3,matched bounded smoothing without parity,0.910989010989011,0.00660643096374447,0.6792259661794855,,calibration,sparse_node_corruption,0.026371730069930054,1.0,0.17522887117537858,6,0.25,above_radius,61,6,0.6666666666666666,7102,0.7165439797754523,,,,-0.6792259661794855,False,0.8206987397720561,False
True,4,0.05,random_parity_checks,0.06312399224813661,0.008435743928043827,eliminated,0.6875,0.4,0.06997945399145122,0.20883762642198633,0.3660621871027006,-1.6535784268186553,0.6041666666666666,0.25,3,degree-matched checks on unrelated variables,0.9240384615384614,0.0,0.46424874841080244,False,calibration,sparse_node_corruption,0.026371730069930054,1.0,0.17522887117537858,6,0.25,above_radius,61,6,0.6041666666666666,7102,-0.19179918823405695,18,0,18,-0.46424874841080244,False,0.9793641015368356,True
True,4,0.05,memory_budget_random_bits,0.06144112232181196,0.008167898135821607,eliminated,0.6875,0.4,0.05786167257196413,0.17411060965213204,0.3019769578005491,-1.194079509328058,0.6875,0.25,3,32 random bits replace structured parity,0.9415293040293038,0.0,0.20790783120219647,False,calibration,sparse_node_corruption,0.026371730069930054,1.0,0.17522887117537858,6,0.25,above_radius,61,6,0.6875,7102,0.00638171960902106,16,0,16,-0.20790783120219647,False,0.9801996120891037,True
True,5,0.05,target,0.04348217855356834,0.004090456410067209,eliminated,0.875,0.4,0.06202418680102756,0.3811911236327671,0.515545965907222,-0.0690543285376558,0.875,0.55,3,local syndrome decode plus bounded relation feedback,0.8872252747252747,0.0,0.0,False,calibration,sparse_node_corruption,0.05801780615384586,1.0,0.4576386484903522,8,0.5500000000000002,above_radius,61,8,0.875,7102,0.1670477900189777,5,0,5,0.06264369835050569,False,1.2058284106865191,True
True,5,0.05,rt02_frozen_baseline,0.10023040714076592,0.02233587834867916,not_applicable,,0.4,0.06954977700491637,9.354648141330332e-17,0.4704344721069285,-0.198766061930904,1.0,0.55,3,unchanged RT-02 one-bit orientation mechanism,0.9054029304029303,0.9999999999999981,0.0,,calibration,sparse_node_corruption,0.05801780615384586,1.0,0.4576386484903522,8,0.5500000000000002,above_radius,4,8,1.0,7102,0.9999999999999998,,,,0.14466459616922112,False,1.1804859362681484,False
True,5,0.05,passive_relaxation,0.0,0.0,not_applicable,,0.4,0.05801780615384586,0.4576386484903522,0.5500000000000002,0.0,0.8333333333333334,0.55,3,no restorative mechanism,0.8737179487179485,0.0,0.0,,calibration,sparse_node_corruption,0.05801780615384586,1.0,0.4576386484903522,8,0.5500000000000002,above_radius,61,8,0.8333333333333334,7102,0.0,,,,0.0,False,1.229882956921013,False
True,5,0.05,operator_only,0.13784614053333794,0.04058857592700237,not_applicable,,0.4,0.20717279659036347,0.049599513412622136,0.47222524662452525,-2.570848508835429,0.6875,0.55,3,matched bounded smoothing without parity,0.8789835164835165,0.00800973174755737,0.0,,calibration,sparse_node_corruption,0.05801780615384586,1.0,0.4576386484903522,8,0.5500000000000002,above_radius,61,8,0.6875,7102,0.8916186087511624,,,,0.1414086425008634,False,0.8350239984231569,False
True,5,0.05,random_parity_checks,0.0824427703681684,0.01435570846050717,eliminated,0.375,0.4,0.09658441723722601,0.2474979000789771,0.5473343487424485,-0.6647374942291516,0.6666666666666666,0.55,3,degree-matched checks on unrelated variables,0.8532051282051282,0.0,0.0,False,calibration,sparse_node_corruption,0.05801780615384586,1.0,0.4576386484903522,8,0.5500000000000002,above_radius,61,8,0.6666666666666666,7102,0.4591848811383884,15,0,15,0.004846638650093987,False,1.1452316179958433,True
True,5,0.05,memory_budget_random_bits,0.07264230984643726,0.011421251018631317,eliminated,0.625,0.4,0.08848447877271969,0.30759779990442737,0.5826942396519083,-0.5251262437963499,0.625,0.55,3,32 random bits replace structured parity,0.8484432234432233,0.0,0.0594440720943783,False,calibration,sparse_node_corruption,0.05801780615384586,1.0,0.4576386484903522,8,0.5500000000000002,above_radius,61,8,0.625,7102,0.32785877915004796,21,0,21,-0.05944407209437834,False,1.1624777723406845,True
True,5,0.05,target,0.022837835617118097,0.0011283895723727339,eliminated,0.875,0.4,0.01266117197106816,0.13009660010613247,0.2559597366040923,0.0,0.875,0.25,2,local syndrome decode plus bounded relation feedback,0.9655219780219779,0.0,0.023838946416369078,False,calibration,relational_twist,2.6874861005641567e-16,1.0,0.08900497775525253,7,0.25000000000000006,near_above_boundary,61,7,0.875,7102,-0.4616778003571263,6,0,6,-0.02383894641636907,False,1.056513601320392,True
True,5,0.05,rt02_frozen_baseline,0.018738648089245705,0.0007917206800595827,not_applicable,,0.4,0.001804090664492677,0.029384845158323285,0.24100364912322866,0.0,0.9791666666666666,0.25,2,unchanged RT-02 one-bit orientation mechanism,0.9687728937728937,0.4123030968335344,0.0,,calibration,relational_twist,2.6874861005641567e-16,1.0,0.08900497775525253,7,0.25000000000000006,near_above_boundary,2,7,0.9791666666666666,7102,0.6698516656099139,,,,0.03598540350708556,False,1.0608622480431587,False
True,5,0.05,passive_relaxation,0.0,0.0,not_applicable,,0.4,2.6874861005641567e-16,0.08900497775525253,0.25000000000000006,0.0,0.8541666666666666,0.25,2,no restorative mechanism,0.9653388278388276,0.0,0.0,,calibration,relational_twist,2.6874861005641567e-16,1.0,0.08900497775525253,7,0.25000000000000006,near_above_boundary,61,7,0.8541666666666666,7102,0.0,,,,0.0,False,1.0625,False
True,5,0.05,operator_only,0.11579507248688235,0.025479812593810765,not_applicable,,0.4,0.1462711653630627,0.049732335132778346,0.43871598413562995,0.0,0.625,0.25,2,matched bounded smoothing without parity,0.903525641025641,0.005353297344433128,0.7548639365425194,,calibration,relational_twist,2.6874861005641567e-16,1.0,0.08900497775525253,7,0.25000000000000006,near_above_boundary,61,7,0.625,7102,0.4412409689092535,,,,-0.7548639365425194,False,0.8639612429610025,False
True,5,0.05,random_parity_checks,0.06447248620405364,0.008029280231548004,eliminated,0.6875,0.4,0.043815228888122656,0.14873495065975045,0.3294252470793159,0.0,0.6041666666666666,0.25,2,degree-matched checks on unrelated variables,0.9407051282051281,0.0,0.31770098831726346,False,calibration,relational_twist,2.6874861005641567e-16,1.0,0.08900497775525253,7,0.25000000000000006,near_above_boundary,61,7,0.6041666666666666,7102,-0.6710857573465663,17,0,17,-0.3177009883172634,False,1.0187080959408346,True
True,5,0.05,memory_budget_random_bits,0.05148378640378802,0.005724107255133526,eliminated,0.7291666666666666,0.4,0.0275595282812307,0.052029506890844034,0.2865537550627498,0.0,0.7291666666666666,0.25,2,32 random bits replace structured parity,0.9554029304029303,0.0,0.14621502025099908,False,calibration,relational_twist,2.6874861005641567e-16,1.0,0.08900497775525253,7,0.25000000000000006,near_above_boundary,5,7,0.7291666666666666,7102,0.4154314937989682,19,0,19,-0.14621502025099906,False,1.0295176370076835,True
True,9,0.05,target,0.053521279790483954,0.006149775637610454,eliminated,0.8125,0.4,0.028662002750972384,0.313370298773504,0.5477097691110834,0.0,0.8125,0.55,2,local syndrome decode plus bounded relation feedback,0.8662087912087912,0.0,0.0,False,calibration,relational_twist,2.4024149659894864e-16,1.0,0.26989593451493216,12,0.5500000000000002,near_above_boundary,61,12,0.8125,7102,-0.161078247942881,11,0,11,0.004164056161666868,False,1.267170676295597,True
True,9,0.05,rt02_frozen_baseline,0.05447729443722311,0.007394130244200074,not_applicable,,0.4,0.014592589820951317,0.06906143677900285,0.5113440943532163,0.0,0.9791666666666666,0.55,2,unchanged RT-02 one-bit orientation mechanism,0.8876373626373626,0.0,0.0,,calibration,relational_twist,2.4024149659894864e-16,1.0,0.26989593451493216,12,0.5500000000000002,near_above_boundary,6,12,0.9791666666666666,7102,0.7441182769087543,,,,0.07028346481233433,False,1.283341286853786,False
True,9,0.05,passive_relaxation,0.0,0.0,not_applicable,,0.4,2.4024149659894864e-16,0.26989593451493216,0.5500000000000002,0.0,0.75,0.55,2,no restorative mechanism,0.8739010989010989,0.0,0.0,,calibration,relational_twist,2.4024149659894864e-16,1.0,0.26989593451493216,12,0.5500000000000002,near_above_boundary,61,12,0.75,7102,0.0,,,,0.0,False,1.3024999999999998,False
True,9,0.05,operator_only,0.14201925127758702,0.03954590470748787,not_applicable,,0.4,0.146271165363063,0.04973643152967367,0.5490867357384045,0.0,0.6041666666666666,0.55,2,matched bounded smoothing without parity,0.8081043956043954,0.005271369406526616,0.0,,calibration,relational_twist,2.4024149659894864e-16,1.0,0.26989593451493216,12,0.5500000000000002,near_above_boundary,61,12,0.6041666666666666,7102,0.8157199677013958,,,,0.00166048047562847,False,0.9729857715887645,False
True,9,0.05,random_parity_checks,0.09179483349886565,0.017568999241488963,eliminated,0.3125,0.4,0.065335290849371,0.1917096452932584,0.5429595172333515,0.0,0.6041666666666666,0.55,2,degree-matched checks on unrelated variables,0.8439560439560438,0.0,0.0,False,calibration,relational_twist,2.4024149659894864e-16,1.0,0.26989593451493216,12,0.5500000000000002,near_above_boundary,61,12,0.6041666666666666,7102,0.28969050372023314,19,0,19,0.012800877757543093,False,1.1853424711643792,True
True,9,0.05,memory_budget_random_bits,0.07201117629188923,0.011220058366580488,eliminated,0.5833333333333334,0.4,0.04061203913251518,0.26388914654378515,0.5524598749714221,0.0,0.5833333333333334,0.55,2,32 random bits replace structured parity,0.8532051282051282,0.0,0.0044724999480398875,False,calibration,relational_twist,2.4024149659894864e-16,1.0,0.26989593451493216,12,0.5500000000000002,near_above_boundary,61,12,0.5833333333333334,7102,0.02225594091271753,15,0,15,-0.0044724999480399465,False,1.2308864181737083,True
True,3,0.05,target,0.012728044266654338,0.00035048749944356053,eliminated,0.9375,0.4,0.05725354457467607,0.14659243245106143,0.22507486607941904,-0.06745738985194662,0.9375,0.25,2,local syndrome decode plus bounded relation feedback,0.9842948717948719,0.0,0.0,False,calibration,clustered_symbol_corruption,0.053635437928456306,1.0,0.1438030686442447,4,0.25,near_above_boundary,0,4,0.9375,7102,-0.019397109068078136,4,0,4,0.09970053568232384,False,1.1564749571583668,True
True,3,0.05,rt02_frozen_baseline,0.04816670977111546,0.002670478634209645,not_applicable,,0.4,0.05683142077137838,0.003183072323936742,0.2136913363926752,-0.05958714921252544,1.0,0.25,2,unchanged RT-02 one-bit orientation mechanism,0.9844780219780219,0.9363385535212652,0.0,,calibration,clustered_symbol_corruption,0.053635437928456306,1.0,0.1438030686442447,4,0.25,near_above_boundary,0,4,1.0,7102,0.977865059807511,,,,0.14523465442929917,False,1.1533873199954616,False
True,3,0.05,passive_relaxation,0.0,0.0,not_applicable,,0.4,0.053635437928456306,0.1438030686442447,0.25,0.0,0.9166666666666666,0.25,2,no restorative mechanism,0.9773351648351647,0.0,0.0,,calibration,clustered_symbol_corruption,0.053635437928456306,1.0,0.1438030686442447,4,0.25,near_above_boundary,0,4,0.9166666666666666,7102,0.0,,,,0.0,False,1.158047268351884,False
True,3,0.05,operator_only,0.11785843089156087,0.026623783723457615,not_applicable,,0.4,0.10266560911836875,0.04971592863661699,0.41460071754879035,-0.9141376128095239,0.6458333333333334,0.25,2,matched bounded smoothing without parity,0.915018315018315,0.0056814272676602995,0.6584028701951614,,calibration,clustered_symbol_corruption,0.053635437928456306,1.0,0.1438030686442447,4,0.25,near_above_boundary,0,4,0.6458333333333334,7102,0.6542776930608516,,,,-0.6584028701951614,False,0.9465982619975111,False
True,3,0.05,random_parity_checks,0.0708356747629974,0.01011795228381352,eliminated,0.5,0.4,0.04418443463984281,0.10164448887492034,0.2564493754193522,0.17620818722912412,0.75,0.25,2,degree-matched checks on unrelated variables,0.9722527472527472,0.0,0.025797501677408796,False,calibration,clustered_symbol_corruption,0.053635437928456306,1.0,0.1438030686442447,4,0.25,near_above_boundary,0,4,0.75,7102,0.2931688465815756,16,0,16,-0.025797501677408796,False,1.0998275533026318,True
True,3,0.05,memory_budget_random_bits,0.06435539954470404,0.008960378684944611,eliminated,0.7083333333333334,0.4,0.04602074281718275,0.0949135016258422,0.30577024626420063,0.14197134218295582,0.7083333333333334,0.25,2,32 random bits replace structured parity,0.9513736263736263,0.0,0.22308098505680252,False,calibration,clustered_symbol_corruption,0.053635437928456306,1.0,0.1438030686442447,4,0.25,near_above_boundary,0,4,0.7083333333333334,7102,0.33997582582434804,15,0,15,-0.22308098505680252,False,1.105194621145625,True
True,3,0.05,target,0.06292334136240132,0.008566321686707254,eliminated,0.875,0.4,0.12010085840231173,0.3466914361055979,0.4766239693336048,-0.01782145130606832,0.875,0.55,2,local syndrome decode plus bounded relation feedback,0.9375,0.0,0.0,False,calibration,clustered_symbol_corruption,0.11799796344260413,1.0,0.5048243440508948,5,0.5500000000000002,near_above_boundary,12,5,0.875,7102,0.3132434277562385,5,0,5,0.13341096484799153,False,1.4600959900831905,True
True,3,0.05,rt02_frozen_baseline,0.111845366439272,0.02698339187655693,not_applicable,,0.4,0.14016173956646538,0.003183072323936742,0.4014152302337714,-0.18783185300178526,1.0,0.55,2,unchanged RT-02 one-bit orientation mechanism,0.9710164835164833,0.9363385535212652,0.0,,calibration,clustered_symbol_corruption,0.11799796344260413,1.0,0.5048243440508948,5,0.5500000000000002,near_above_boundary,2,5,1.0,7102,0.9936946932899577,,,,0.2701541268476886,False,1.4402319539486383,False
True,3,0.05,passive_relaxation,0.0,0.0,not_applicable,,0.4,0.11799796344260413,0.5048243440508948,0.5500000000000002,0.0,0.8958333333333334,0.55,2,no restorative mechanism,0.9104853479853477,0.0,0.0,,calibration,clustered_symbol_corruption,0.11799796344260413,1.0,0.5048243440508948,5,0.5500000000000002,near_above_boundary,61,5,0.8958333333333334,7102,0.0,,,,0.0,False,1.5127039903741455,False
True,3,0.05,operator_only,0.16882393889389027,0.05377342105787904,not_applicable,,0.4,0.07509337243717132,0.04970074180402898,0.4493684287161946,0.3636045042955526,0.625,0.55,2,matched bounded smoothing without parity,0.9128663003663003,0.005985163919420389,0.0,,calibration,clustered_symbol_corruption,0.11799796344260413,1.0,0.5048243440508948,5,0.5500000000000002,near_above_boundary,61,5,0.625,7102,0.9015484447417648,,,,0.1829664932432828,False,1.1004944662691583,False
True,3,0.05,random_parity_checks,0.08828115438212487,0.014418393362996778,eliminated,0.5,0.4,0.07162463632264775,0.47074976165493787,0.6115637293681285,0.3930010804170618,0.625,0.55,2,degree-matched checks on unrelated variables,0.8592948717948716,0.0,0.1119340533965969,False,calibration,clustered_symbol_corruption,0.11799796344260413,1.0,0.5048243440508948,5,0.5500000000000002,near_above_boundary,61,5,0.625,7102,0.06749789862059755,20,0,20,-0.11193405339659701,False,1.4365619447423361,True
True,3,0.05,memory_budget_random_bits,0.09868860553252105,0.021090252188950723,eliminated,0.75,0.4,0.09616603095443811,0.31812466023174196,0.5089890103911802,0.18501957026390017,0.75,0.55,2,32 random bits replace structured parity,0.9138736263736262,0.0,0.0,False,calibration,clustered_symbol_corruption,0.11799796344260413,1.0,0.5048243440508948,5,0.5500000000000002,near_above_boundary,61,5,0.75,7102,0.3698309838250003,13,0,13,0.07456543565239997,False,1.3832455133173522,True
True,1,0.05,target,0.013337445619166445,0.0003848526684610576,eliminated,1.0,0.4,0.0531715498132634,6.763536870499202e-10,0.24285697513850468,-0.05893900329834803,1.0,0.25,1,local syndrome decode plus bounded relation feedback,0.9584706959706959,0.9999999864729262,0.0,True,calibration,dispersed_equal_weight_corruption,0.05021209875889586,1.0,0.0816748405976916,1,0.25000000000000006,within_radius,0,1,1.0,7102,0.999999991718947,2,0,2,0.028572099445981484,False,1.038671075537433,False
True,1,0.05,rt02_frozen_baseline,0.023322797653251463,0.0007601826107718335,not_applicable,,0.4,0.053217990797611595,0.003183072323936742,0.24284915252879521,-0.05986389959816595,1.0,0.25,1,unchanged RT-02 one-bit orientation mechanism,0.9584706959706959,0.9363385535212652,0.0,,calibration,dispersed_equal_weight_corruption,0.05021209875889586,1.0,0.0816748405976916,1,0.25000000000000006,within_radius,0,1,1.0,7102,0.9610275049128567,,,,0.028603389884819357,False,1.0386576461379247,False
True,1,0.05,passive_relaxation,0.0,0.0,not_applicable,,0.4,0.05021209875889586,0.0816748405976916,0.25000000000000006,0.0,0.9791666666666666,0.25,1,no restorative mechanism,0.9560897435897433,0.0,0.0,,calibration,dispersed_equal_weight_corruption,0.05021209875889586,1.0,0.0816748405976916,1,0.25000000000000006,within_radius,0,1,0.9791666666666666,7102,0.0,,,,0.0,False,1.0407136468132236,False
True,1,0.05,operator_only,0.1436313365500996,0.03726735550636568,not_applicable,,0.4,0.1863751491485477,0.0496815873119899,0.41706183381470013,-2.7117577985231778,0.6875,0.25,1,matched bounded smoothing without parity,0.9100732600732601,0.006368253760202114,0.6682473352588001,,calibration,dispersed_equal_weight_corruption,0.05021209875889586,1.0,0.0816748405976916,1,0.25000000000000006,within_radius,0,1,0.6875,7102,0.39171491553062104,,,,-0.6682473352588002,False,0.7842725222267926,False
True,1,0.05,random_parity_checks,0.08770753530073214,0.014813947591767067,eliminated,0.375,0.4,0.10928590139641553,0.06787349050978793,0.35002343450408974,-1.1764854307559456,0.6666666666666666,0.25,1,degree-matched checks on unrelated variables,0.9208333333333332,0.0,0.4000937380163587,False,calibration,dispersed_equal_weight_corruption,0.05021209875889586,1.0,0.0816748405976916,1,0.25000000000000006,within_radius,0,1,0.6666666666666666,7102,0.16897921057336898,20,0,20,-0.4000937380163586,False,0.9600559865297216,True
True,1,0.05,memory_budget_random_bits,0.050786407221274706,0.005580286963812298,eliminated,0.7916666666666666,0.4,0.0555479437366086,0.04563934219004087,0.28160198463582076,-0.10626612130542372,0.7916666666666666,0.25,1,32 random bits replace structured parity,0.9477564102564102,0.08721315619918257,0.1264079385432828,False,calibration,dispersed_equal_weight_corruption,0.05021209875889586,1.0,0.0816748405976916,1,0.25000000000000006,within_radius,0,1,0.7916666666666666,7102,0.44120684097997753,16,0,16,-0.12640793854328278,False,1.0091382131394893,True
True,1,0.05,target,0.03262031218000993,0.00230210646646436,eliminated,1.0,0.4,0.1176177245511782,1.654204923655901e-09,0.5331617091603015,-0.06473545998205758,1.0,0.55,1,local syndrome decode plus bounded relation feedback,0.8643315018315018,0.9999999669159015,0.0,True,calibration,dispersed_equal_weight_corruption,0.11046661726957063,1.0,0.19975780022829873,1,0.5500000000000002,within_radius,0,1,1.0,7102,0.999999991718947,2,0,2,0.030615074253997586,False,1.2407306196800847,False
True,1,0.05,rt02_frozen_baseline,0.05707829846402286,0.00455301077638706,not_applicable,,0.4,0.11766433811360269,0.003183072323936742,0.5331581459628859,-0.06515742965558118,1.0,0.55,1,unchanged RT-02 one-bit orientation mechanism,0.8643315018315018,0.9363385535212652,0.0,,calibration,dispersed_equal_weight_corruption,0.11046661726957063,1.0,0.19975780022829873,1,0.5500000000000002,within_radius,0,1,1.0,7102,0.9840653415270949,,,,0.030621552794753166,False,1.2407171902860858,False
True,1,0.05,passive_relaxation,0.0,0.0,not_applicable,,0.4,0.11046661726957063,0.19975780022829873,0.5500000000000002,0.0,0.9791666666666666,0.55,1,no restorative mechanism,0.8635531135531134,0.0,0.0,,calibration,dispersed_equal_weight_corruption,0.11046661726957063,1.0,0.19975780022829873,1,0.5500000000000002,within_radius,0,1,0.9791666666666666,7102,0.0,,,,0.0,False,1.2545700229890921,False
True,1,0.05,operator_only,0.20056043732810938,0.07289277192104264,not_applicable,,0.4,0.24796433372381915,0.04962578452168216,0.46024590058127784,-1.2446992571404096,0.6458333333333334,0.55,1,matched bounded smoothing without parity,0.8764194139194138,0.007484309566356817,0.0,,calibration,dispersed_equal_weight_corruption,0.11046661726957063,1.0,0.19975780022829873,1,0.5500000000000002,within_radius,0,1,0.6458333333333334,7102,0.7515702292227588,,,,0.16318927167040415,False,0.748769142936188,False
True,1,0.05,random_parity_checks,0.1442128370877039,0.04042272478206006,eliminated,0.6875,0.4,0.1614968093672865,0.21910082242858128,0.5059621397871006,-0.4619512515096518,0.6875,0.55,1,degree-matched checks on unrelated variables,0.844642857142857,0.0,0.0,False,calibration,dispersed_equal_weight_corruption,0.11046661726957063,1.0,0.19975780022829873,1,0.5500000000000002,within_radius,0,1,0.6875,7102,-0.09683237489687936,16,0,16,0.08006883675072647,False,1.025035114352491,True
True,1,0.05,memory_budget_random_bits,0.08820278460258339,0.016873335095317573,eliminated,0.7916666666666666,0.4,0.13318320608727138,0.04563527291140046,0.5200957262386934,-0.20564211504970478,0.7916666666666666,0.55,1,32 random bits replace structured parity,0.8597527472527472,0.08729454177199081,0.0,False,calibration,dispersed_equal_weight_corruption,0.11046661726957063,1.0,0.19975780022829873,1,0.5500000000000002,within_radius,0,1,0.7916666666666666,7102,0.77154697909546,16,0,16,0.05437140683873958,False,1.1506217558700045,True
True,3,0.05,target,0.0038228339410816535,3.1616955305233834e-05,eliminated,1.0,0.4,0.21987834710174806,1.9385930898829227e-10,0.2474808103589529,0.010321123010782366,1.0,0.25,1,local syndrome decode plus bounded relation feedback,0.9690934065934064,0.9999999961228139,0.0,True,calibration,topology_preserving_identity_disruption,0.22217140550746906,1.0,0.023409981317607253,3,0.25,within_radius,0,3,1.0,7102,0.9999999917189464,5,0,5,0.010076758564188437,False,0.9350314073883779,False
True,3,0.05,rt02_frozen_baseline,0.006246558355296262,5.453034496507662e-05,not_applicable,,0.4,0.22062828418033978,0.008380783738583508,0.24760575821815817,0.006945634266500597,1.0,0.25,1,unchanged RT-02 one-bit orientation mechanism,0.9693681318681319,0.8323843252283298,0.0,,calibration,topology_preserving_identity_disruption,0.22217140550746906,1.0,0.023409981317607253,3,0.25,within_radius,0,3,1.0,7102,0.6419995545968205,,,,0.00957696712736733,False,0.934993594454745,False
True,3,0.05,passive_relaxation,0.0,0.0,not_applicable,,0.4,0.22217140550746906,0.023409981317607253,0.25,0.0,0.9375,0.25,1,no restorative mechanism,0.9683608058608056,0.5318003736478549,0.0,,calibration,topology_preserving_identity_disruption,0.22217140550746906,1.0,0.023409981317607253,3,0.25,within_radius,0,3,0.9375,7102,0.0,,,,0.0,False,0.9349678869956246,False
True,3,0.05,operator_only,0.10323556763286808,0.020033952703755287,not_applicable,,0.4,0.2644788032759388,0.04974336671467361,0.46359380810858675,-0.19042683585600959,0.6875,0.25,1,matched bounded smoothing without parity,0.885164835164835,0.005132665706527817,0.854375232434347,,calibration,topology_preserving_identity_disruption,0.22217140550746906,1.0,0.023409981317607253,3,0.25,within_radius,0,3,0.6875,7102,-1.1248785310759875,,,,-0.854375232434347,False,0.7826937342918199,False
True,3,0.05,random_parity_checks,0.05168916822468286,0.005800076464965089,eliminated,0.5625,0.4,0.22197585340463005,0.056468510587849324,0.32718954036391695,0.0008801857394399418,0.7291666666666666,0.25,1,degree-matched checks on unrelated variables,0.9330128205128203,0.0,0.3087581614556678,False,calibration,topology_preserving_identity_disruption,0.22217140550746906,1.0,0.023409981317607253,3,0.25,within_radius,0,3,0.7291666666666666,7102,-1.412155303403762,16,0,16,-0.3087581614556678,False,0.8993106071275883,True
True,3,0.05,memory_budget_random_bits,0.04715130532018472,0.0048322636535017205,eliminated,0.75,0.4,0.2225938287702497,0.057995201168411385,0.30202940527274413,-0.0019013394717279873,0.75,0.25,1,32 random bits replace structured parity,0.944047619047619,0.0,0.20811762109097653,False,calibration,topology_preserving_identity_disruption,0.22217140550746906,1.0,0.023409981317607253,3,0.25,within_radius,0,3,0.75,7102,-1.4773706728587475,14,0,14,-0.20811762109097653,False,0.9080063325379059,True
True,5,0.05,target,0.02064386968116764,0.0009199969292347011,eliminated,1.0,0.4,0.4768535677657186,1.0447511025937345e-09,0.538980883083038,0.024394605522700914,1.0,0.55,1,local syndrome decode plus bounded relation feedback,0.8573717948717948,0.999999979104978,0.0,True,calibration,topology_preserving_identity_disruption,0.4887770921164318,1.0,0.12623176763365102,5,0.5500000000000002,within_radius,3,5,1.0,7102,0.9999999917235486,9,0,9,0.020034758030840198,False,1.0173057578166065,False
True,5,0.05,rt02_frozen_baseline,0.027601616795711954,0.0017484990887443512,not_applicable,,0.4,0.4791096449297818,0.025219130951894063,0.5393005421420111,0.019778846722929237,0.9583333333333334,0.55,1,unchanged RT-02 one-bit orientation mechanism,0.8559981684981685,0.4956173809621188,0.0,,calibration,topology_preserving_identity_disruption,0.4887770921164318,1.0,0.12623176763365102,5,0.5500000000000002,within_radius,4,5,0.9583333333333334,7102,0.8002156554989798,,,,0.019453559741798344,False,1.0173551035912742,False
True,5,0.05,passive_relaxation,0.0,0.0,not_applicable,,0.4,0.4887770921164318,0.12623176763365102,0.5500000000000002,0.0,0.8958333333333334,0.55,1,no restorative mechanism,0.8498168498168497,0.0,0.0,,calibration,topology_preserving_identity_disruption,0.4887770921164318,1.0,0.12623176763365102,5,0.5500000000000002,within_radius,61,5,0.8958333333333334,7102,0.0,,,,0.0,False,1.0219293513903747,False
True,5,0.05,operator_only,0.10946117671077454,0.022417947348311495,not_applicable,,0.4,0.4724308947804143,0.049758579657293564,0.6403772726456934,0.03344305123883274,0.6875,0.55,1,matched bounded smoothing without parity,0.7768315018315017,0.004828406854128775,0.1643223139012604,,calibration,topology_preserving_identity_disruption,0.4887770921164318,1.0,0.12623176763365102,5,0.5500000000000002,within_radius,61,5,0.6875,7102,0.6058157103392343,,,,-0.16432231390126048,False,0.8533995512766845,False
True,5,0.05,random_parity_checks,0.07239411875488784,0.010933843511854282,eliminated,0.625,0.4,0.48669168086898174,0.1831311136736535,0.5919485720624391,0.004266589578533838,0.625,0.55,1,degree-matched checks on unrelated variables,0.80503663003663,0.0,0.07627013102261637,False,calibration,topology_preserving_identity_disruption,0.4887770921164318,1.0,0.12623176763365102,5,0.5500000000000002,within_radius,61,5,0.625,7102,-0.4507529848202347,17,0,17,-0.07627013102261627,False,0.9584174249177236,True
True,5,0.05,memory_budget_random_bits,0.05673935580980086,0.00696507615232817,eliminated,0.6666666666666666,0.4,0.49206580048021625,0.150122425748598,0.5808079365880422,-0.006728442099330366,0.6666666666666666,0.55,1,32 random bits replace structured parity,0.8137362637362636,0.0,0.056014430160076456,False,calibration,topology_preserving_identity_disruption,0.4887770921164318,1.0,0.12623176763365102,5,0.5500000000000002,within_radius,61,5,0.6666666666666666,7102,-0.18926026754439726,15,0,15,-0.05601443016007642,False,0.9812785485649187,True
True,2,0.05,target,0.0248177469634933,0.001332520451705728,eliminated,1.0,0.4,0.04272122328761691,1.258530018272112e-09,0.23018006297502708,-0.23815507582720233,1.0,0.25,1,local syndrome decode plus bounded relation feedback,0.9808608058608058,0.9999999748293996,0.0,True,calibration,localized_block_shock,0.034503935832977284,1.0,0.151977041565163,2,0.25000000000000006,within_radius,0,2,1.0,7103,0.9999999917189464,3,0,3,0.0792797480998919,False,1.0870677042689818,False
True,2,0.05,rt02_frozen_baseline,0.004841919686844225,3.2763614329914147e-05,not_applicable,,0.4,0.03522720696932181,0.15102963118039053,0.24652281398703604,-0.020961989375520865,0.9791666666666666,0.25,1,unchanged RT-02 one-bit orientation mechanism,0.9808150183150182,0.0,0.0,,calibration,localized_block_shock,0.034503935832977284,1.0,0.151977041565163,2,0.25000000000000006,within_radius,0,2,0.9791666666666666,7103,0.006233904641223415,,,,0.013908744051856044,False,1.0947838609491694,False
True,2,0.05,passive_relaxation,0.0,0.0,not_applicable,,0.4,0.034503935832977284,0.151977041565163,0.25000000000000006,0.0,0.9583333333333334,0.25,1,no restorative mechanism,0.9779761904761904,0.0,0.0,,calibration,localized_block_shock,0.034503935832977284,1.0,0.151977041565163,2,0.25000000000000006,within_radius,0,2,0.9583333333333334,7103,0.0,,,,0.0,False,1.0947998051218464,False
True,2,0.05,operator_only,0.09109018720178139,0.017222764719067515,not_applicable,,0.4,0.13687352957388835,0.049663032010961436,0.4268643314849696,-2.966896131399331,0.7291666666666666,0.25,1,matched bounded smoothing without parity,0.9204212454212453,0.006739359780771337,0.707457325939878,,calibration,localized_block_shock,0.034503935832977284,1.0,0.151977041565163,2,0.25000000000000006,within_radius,0,2,0.7291666666666666,7103,0.6732201686550959,,,,-0.7074573259398781,False,0.9350703818658309,False
True,2,0.05,random_parity_checks,0.0811708998501924,0.010221134542787731,eliminated,0.5625,0.4,0.044727703567998406,0.12930916019394045,0.3096870828880045,-0.2963072904062647,0.7291666666666666,0.25,1,degree-matched checks on unrelated variables,0.957051282051282,0.0,0.2387483315520178,False,calibration,localized_block_shock,0.034503935832977284,1.0,0.151977041565163,2,0.25000000000000006,within_radius,0,2,0.7291666666666666,7103,0.14915332696158107,15,0,15,-0.23874833155201775,False,1.0542507210664893,True
True,2,0.05,memory_budget_random_bits,0.06435774552079655,0.008965598514941301,eliminated,0.7291666666666666,0.4,0.04926566936694208,0.15928999715175016,0.3535330313444451,-0.4278275268485807,0.7291666666666666,0.25,1,32 random bits replace structured parity,0.935576923076923,0.0,0.4141321253777801,False,calibration,localized_block_shock,0.034503935832977284,1.0,0.151977041565163,2,0.25000000000000006,within_radius,0,2,0.7291666666666666,7103,-0.048118817890342884,16,0,16,-0.41413212537778,False,1.040420933948972,True
True,2,0.05,target,0.053944670447704776,0.006295732506587322,eliminated,0.9375,0.4,0.09176372025823974,0.29141324615510655,0.5159599333001549,-0.2088702615687765,0.9375,0.55,2,local syndrome decode plus bounded relation feedback,0.9146062271062271,0.0,0.0,False,calibration,localized_block_shock,0.07590865883255,1.0,0.4072341345446585,3,0.5500000000000002,near_above_boundary,0,3,0.9375,7103,0.2844085958537218,2,0,2,0.061891030363355026,False,1.3347553139623174,True
True,2,0.05,rt02_frozen_baseline,0.05954296961653727,0.006032226287238192,not_applicable,,0.4,0.08731184084886033,0.3242096936709657,0.5106186849619007,-0.15022241456623636,0.9791666666666666,0.55,2,unchanged RT-02 one-bit orientation mechanism,0.9332417582417581,0.0,0.0,,calibration,localized_block_shock,0.07590865883255,1.0,0.4072341345446585,3,0.5500000000000002,near_above_boundary,0,3,0.9791666666666666,7103,0.2038739728105678,,,,0.0716023909783627,False,1.3597680042922384,False
True,2,0.05,passive_relaxation,0.0,0.0,not_applicable,,0.4,0.07590865883255,0.4072341345446585,0.5500000000000002,0.0,0.9375,0.55,2,no restorative mechanism,0.9153846153846152,0.0,0.0,,calibration,localized_block_shock,0.07590865883255,1.0,0.4072341345446585,3,0.5500000000000002,near_above_boundary,0,3,0.9375,7103,0.0,,,,0.0,False,1.3735595712680624,False
True,2,0.05,operator_only,0.11353914555353282,0.02692209072230519,not_applicable,,0.4,0.15713533510346642,0.04963582499060789,0.5497587549733729,-1.0700581135295466,0.7083333333333334,0.55,2,matched bounded smoothing without parity,0.8746336996336995,0.007283500187842296,0.0,,calibration,localized_block_shock,0.07590865883255,1.0,0.4072341345446585,3,0.5500000000000002,near_above_boundary,0,3,0.7083333333333334,7103,0.8781147728539326,,,,0.00043862732114046716,False,1.1212376615345976,False
True,2,0.05,random_parity_checks,0.051472440413901525,0.0050705924100007925,eliminated,0.25,0.4,0.06017804348693686,0.43781812728896474,0.5818619522166187,0.20723084279902704,0.75,0.55,2,degree-matched checks on unrelated variables,0.8954212454212452,0.0,0.05793082221203383,False,calibration,localized_block_shock,0.07590865883255,1.0,0.4072341345446585,3,0.5500000000000002,near_above_boundary,0,3,0.75,7103,-0.07510174160253823,13,0,13,-0.05793082221203377,False,1.3431437124132106,True
True,2,0.05,memory_budget_random_bits,0.06852744712191827,0.010168903952177021,eliminated,0.6458333333333334,0.4,0.08730399843159521,0.44836086409460124,0.611813507651991,-0.1501191006968342,0.6458333333333334,0.55,2,32 random bits replace structured parity,0.871474358974359,0.0,0.11238819573089254,False,calibration,localized_block_shock,0.07590865883255,1.0,0.4072341345446585,3,0.5500000000000002,near_above_boundary,0,3,0.6458333333333334,7103,-0.10099037890310408,16,0,16,-0.11238819573089251,False,1.311411215172582,True
True,4,0.05,target,0.02821536009293949,0.001722730208376283,eliminated,0.9375,0.4,0.03665647745470458,0.08945135292014045,0.2554840309188249,0.13350908335098982,0.9375,0.25,2,local syndrome decode plus bounded relation feedback,0.963507326007326,0.0,0.02193612367529929,False,calibration,sparse_node_corruption,0.042304514392910865,1.0,0.1200269194147782,5,0.25000000000000006,near_above_boundary,4,5,0.9375,7103,0.25473924219430694,6,0,6,-0.021936123675299287,False,1.0358829917379833,True
True,4,0.05,rt02_frozen_baseline,0.032458837084243755,0.0016785789340162554,not_applicable,,0.4,0.042470252446130126,0.003760815926155236,0.21564628246158227,-0.0039177391727024365,1.0,0.25,2,unchanged RT-02 one-bit orientation mechanism,0.9754120879120878,0.9247836814768953,0.0,,calibration,sparse_node_corruption,0.042304514392910865,1.0,0.1200269194147782,5,0.25000000000000006,near_above_boundary,2,5,1.0,7103,0.9686668961888545,,,,0.13741487015367113,False,1.0405050432277734,False
True,4,0.05,passive_relaxation,0.0,0.0,not_applicable,,0.4,0.042304514392910865,0.1200269194147782,0.25000000000000006,0.0,0.8958333333333334,0.25,2,no restorative mechanism,0.9659340659340658,0.0,0.0,,calibration,sparse_node_corruption,0.042304514392910865,1.0,0.1200269194147782,5,0.25000000000000006,near_above_boundary,61,5,0.8958333333333334,7103,0.0,,,,0.0,False,1.0454575059921951,False
True,4,0.05,operator_only,0.10365393244107995,0.02096909026585584,not_applicable,,0.4,0.13996831917798033,0.04975236842170207,0.41451683391560784,-2.308590612292559,0.7291666666666666,0.25,2,matched bounded smoothing without parity,0.905128205128205,0.0049526315659587095,0.6580673356624309,,calibration,sparse_node_corruption,0.042304514392910865,1.0,0.1200269194147782,5,0.25000000000000006,near_above_boundary,61,5,0.7291666666666666,7103,0.5854899162264398,,,,-0.658067335662431,False,0.8723783546490679,False
True,4,0.05,random_parity_checks,0.0734657046859178,0.009739352704392107,eliminated,0.4375,0.4,0.053181076973923304,0.1433568139204185,0.30794885786613996,-0.2571017003054186,0.7708333333333334,0.25,2,degree-matched checks on unrelated variables,0.9455128205128205,0.0,0.2317954314645596,False,calibration,sparse_node_corruption,0.042304514392910865,1.0,0.1200269194147782,5,0.25000000000000006,near_above_boundary,61,5,0.7708333333333334,7103,-0.19437218433490702,14,0,14,-0.23179543146455955,False,0.9958317955456573,True
True,4,0.05,memory_budget_random_bits,0.0545997056505818,0.006470323154609426,eliminated,0.7708333333333334,0.4,0.04608128893808121,0.12906116616925112,0.29067883262155875,-0.08927592242503632,0.7708333333333334,0.25,2,32 random bits replace structured parity,0.9482600732600731,0.0,0.16271533048623477,False,calibration,sparse_node_corruption,0.042304514392910865,1.0,0.1200269194147782,5,0.25000000000000006,near_above_boundary,61,5,0.7708333333333334,7103,-0.0752685047531145,14,0,14,-0.16271533048623474,False,1.005012415093404,True
True,4,0.05,target,0.05181407903365932,0.005808245284537654,eliminated,0.9375,0.4,0.08348319919356656,0.23050912062614745,0.5144597398762134,0.10300568937135948,0.9375,0.55,2,local syndrome decode plus bounded relation feedback,0.8964285714285715,0.0,0.0,False,calibration,sparse_node_corruption,0.09306993166440379,1.0,0.3595152512844996,5,0.5500000000000002,near_above_boundary,11,5,0.9375,7103,0.35883354099007103,6,0,6,0.06461865477052134,False,1.230713713752149,True
True,4,0.05,rt02_frozen_baseline,0.09292457757110613,0.014760056155659469,not_applicable,,0.4,0.09751513925383219,0.003760815926153732,0.44591317221805243,-0.04776201625952787,1.0,0.55,2,unchanged RT-02 one-bit orientation mechanism,0.931227106227106,0.9247836814769254,0.0,,calibration,sparse_node_corruption,0.09306993166440379,1.0,0.3595152512844996,5,0.5500000000000002,near_above_boundary,6,5,1.0,7103,0.9895392033781131,,,,0.18924877778535945,False,1.2047266596716835,False
True,4,0.05,passive_relaxation,0.0,0.0,not_applicable,,0.4,0.09306993166440379,0.3595152512844996,0.5500000000000002,0.0,0.8958333333333334,0.55,2,no restorative mechanism,0.878113553113553,0.0,0.0,,calibration,sparse_node_corruption,0.09306993166440379,1.0,0.3595152512844996,5,0.5500000000000002,near_above_boundary,61,5,0.8958333333333334,7103,0.0,,,,0.0,False,1.2650065131828296,False
True,4,0.05,operator_only,0.13185389697639743,0.035080498908757356,not_applicable,,0.4,0.14554672277975889,0.04983378410039614,0.5018755905134028,-0.563842587792785,0.6666666666666666,0.55,2,matched bounded smoothing without parity,0.8670329670329671,0.0033243179920772192,0.0,,calibration,sparse_node_corruption,0.09306993166440379,1.0,0.3595152512844996,5,0.5500000000000002,near_above_boundary,61,5,0.6666666666666666,7103,0.8613861750722765,,,,0.08749892633926788,False,0.9558153155093416,False
True,4,0.05,random_parity_checks,0.055587895472006175,0.006430511455381017,eliminated,0.5625,0.4,0.10411408909087061,0.4047762865162351,0.5884653637458006,-0.11866515026883649,0.6875,0.55,2,degree-matched checks on unrelated variables,0.8540750915750914,0.0,0.06993702499236454,False,calibration,sparse_node_corruption,0.09306993166440379,1.0,0.3595152512844996,5,0.5500000000000002,near_above_boundary,61,5,0.6875,7103,-0.12589461801696555,12,0,12,-0.06993702499236444,False,1.227595266592162,True
True,4,0.05,memory_budget_random_bits,0.07905218778393068,0.013510804695532355,eliminated,0.75,0.4,0.10152203381971787,0.3085919202402935,0.5173106714733986,-0.09081453058105916,0.75,0.55,2,32 random bits replace structured parity,0.9019688644688643,0.0,0.0,False,calibration,sparse_node_corruption,0.09306993166440379,1.0,0.3595152512844996,5,0.5500000000000002,near_above_boundary,61,5,0.75,7103,0.1416444249924416,16,0,16,0.05943514277563918,False,1.1832860768666849,True
True,6,0.05,target,0.0220875051798452,0.0010412876539743305,eliminated,0.9375,0.4,0.008177425796279805,0.10529845880403169,0.25164959984998725,0.0,0.9375,0.25,2,local syndrome decode plus bounded relation feedback,0.9643772893772892,0.0,0.006598399399948995,False,calibration,relational_twist,1.3874941060677477e-16,1.0,0.07593786627806767,7,0.25,near_above_boundary,5,7,0.9375,7103,-0.38663968274341576,7,0,7,-0.006598399399948995,False,1.05722771806945,True
True,6,0.05,rt02_frozen_baseline,0.02213775354245796,0.0006616386420268566,not_applicable,,0.4,0.006163742316190295,0.003760815926148088,0.24031095293519214,0.0,1.0,0.25,2,unchanged RT-02 one-bit orientation mechanism,0.9674450549450548,0.9247836814770383,0.0,,calibration,relational_twist,1.3874941060677477e-16,1.0,0.07593786627806767,7,0.25,near_above_boundary,1,7,1.0,7103,0.9504750908805257,,,,0.03875618825923144,False,1.0613574039605078,False
True,6,0.05,passive_relaxation,0.0,0.0,not_applicable,,0.4,1.3874941060677477e-16,0.07593786627806767,0.25,0.0,0.8541666666666666,0.25,2,no restorative mechanism,0.9650641025641024,0.0,0.0,,calibration,relational_twist,1.3874941060677477e-16,1.0,0.07593786627806767,7,0.25,near_above_boundary,61,7,0.8541666666666666,7103,0.0,,,,0.0,False,1.0625,False
True,6,0.05,operator_only,0.10224414789654891,0.020977001274555918,not_applicable,,0.4,0.14627116536306267,0.04967095211091617,0.4263905776077406,0.0,0.6458333333333334,0.25,2,matched bounded smoothing without parity,0.9035714285714285,0.006580957781676666,0.7055623104309623,,calibration,relational_twist,1.3874941060677477e-16,1.0,0.07593786627806767,7,0.25,near_above_boundary,61,7,0.6458333333333334,7103,0.345900081929717,,,,-0.7055623104309623,False,0.8795446919668802,False
True,6,0.05,random_parity_checks,0.07291258095642439,0.011546927563380086,eliminated,0.5625,0.4,0.06760696740197056,0.1694220178070134,0.3474289771574929,0.0,0.6458333333333334,0.25,2,degree-matched checks on unrelated variables,0.9375457875457874,0.0,0.3897159086299715,False,calibration,relational_twist,1.3874941060677477e-16,1.0,0.07593786627806767,7,0.25,near_above_boundary,61,7,0.6458333333333334,7103,-1.2310610781007125,13,0,13,-0.3897159086299715,False,0.9894614421789093,True
True,6,0.05,memory_budget_random_bits,0.07942374033304998,0.013691425892045842,eliminated,0.6666666666666666,0.4,0.07117806392608059,0.130938660891321,0.354256735132562,0.0,0.6666666666666666,0.25,2,32 random bits replace structured parity,0.9303113553113552,0.0,0.417026940530248,False,calibration,relational_twist,1.3874941060677477e-16,1.0,0.07593786627806767,7,0.25,near_above_boundary,61,7,0.6666666666666666,7103,-0.7242868058980296,23,0,23,-0.417026940530248,False,0.9783682765979176,True
True,11,0.05,target,0.04292071498659819,0.00394713842122627,eliminated,0.875,0.4,0.015702214896030665,0.25873078949018463,0.5254969242596934,0.0,0.875,0.55,2,local syndrome decode plus bounded relation feedback,0.8831043956043955,0.0,0.0,False,calibration,relational_twist,2.3390285782902766e-16,1.0,0.26283393436018476,13,0.5500000000000002,near_above_boundary,61,13,0.875,7103,0.015611168626259749,14,0,14,0.04455104680055771,False,1.2812740488671714,True
True,11,0.05,rt02_frozen_baseline,0.05875609587879144,0.007236294421238757,not_applicable,,0.4,0.02786893293576275,1.5894752894076285e-09,0.5064014670158986,0.0,1.0,0.55,2,unchanged RT-02 one-bit orientation mechanism,0.8907509157509156,0.9999999682104942,0.0,,calibration,relational_twist,2.3390285782902766e-16,1.0,0.26283393436018476,13,0.5500000000000002,near_above_boundary,5,13,1.0,7103,0.9999999939525492,,,,0.0792700599710937,False,1.2836111888695134,False
True,11,0.05,passive_relaxation,0.0,0.0,not_applicable,,0.4,2.3390285782902766e-16,0.26283393436018476,0.5500000000000002,0.0,0.7291666666666666,0.55,2,no restorative mechanism,0.8653846153846154,0.0,0.0,,calibration,relational_twist,2.3390285782902766e-16,1.0,0.26283393436018476,13,0.5500000000000002,near_above_boundary,61,13,0.7291666666666666,7103,0.0,,,,0.0,False,1.3024999999999998,False
True,11,0.05,operator_only,0.1326442546253669,0.035167984876270875,not_applicable,,0.4,0.14627116536306292,0.04965331607813614,0.5480191621225003,0.0,0.6458333333333334,0.55,2,matched bounded smoothing without parity,0.8372252747252746,0.006933678437277213,0.0,,calibration,relational_twist,2.3390285782902766e-16,1.0,0.26283393436018476,13,0.5500000000000002,near_above_boundary,61,13,0.6458333333333334,7103,0.8110848349966417,,,,0.0036015234136360136,False,0.9980607693476649,False
True,11,0.05,random_parity_checks,0.08862791149561759,0.015178669660875034,eliminated,0.5,0.4,0.06118431335350797,0.31375374839554915,0.5726701086946256,0.0,0.625,0.55,2,degree-matched checks on unrelated variables,0.8347527472527472,0.0,0.04121837944477358,False,calibration,relational_twist,2.3390285782902766e-16,1.0,0.26283393436018476,13,0.5500000000000002,near_above_boundary,61,13,0.625,7103,-0.19373378920540918,12,0,12,-0.041218379444773606,False,1.215959302412228,True
True,11,0.05,memory_budget_random_bits,0.07338334471862301,0.01165691689806961,eliminated,0.6041666666666666,0.4,0.052130116975892336,0.26072689064114096,0.5845713472783204,0.0,0.6041666666666666,0.55,2,32 random bits replace structured parity,0.8466117216117216,0.0,0.06285699505149123,False,calibration,relational_twist,2.3390285782902766e-16,1.0,0.26283393436018476,13,0.5500000000000002,near_above_boundary,61,13,0.6041666666666666,7103,0.008016635006331907,20,0,20,-0.06285699505149131,False,1.2267384043751317,True
True,3,0.05,target,0.04715821989879697,0.004818973918449294,eliminated,0.8125,0.4,0.09886451011537416,0.15070637867526196,0.24612818580488124,-0.030763214762477235,0.8125,0.25,2,local syndrome decode plus bounded relation feedback,0.9577838827838827,0.0,0.0,False,calibration,clustered_symbol_corruption,0.09591389050312189,1.0,0.19518107467771087,6,0.25,near_above_boundary,3,6,0.8125,7103,0.22786377252962117,4,0,4,0.015487256780475023,False,1.0292610421093056,True
True,3,0.05,rt02_frozen_baseline,0.058625125788687935,0.004802538523703594,not_applicable,,0.4,0.09612485426421762,0.007635630166371815,0.1986794836708307,-0.002199512083068469,1.0,0.25,2,unchanged RT-02 one-bit orientation mechanism,0.9753663003663002,0.8472873966725637,0.0,,calibration,clustered_symbol_corruption,0.09591389050312189,1.0,0.19518107467771087,6,0.25,near_above_boundary,2,6,1.0,7103,0.9608792492869506,,,,0.20528206531667725,False,1.0506897658899739,False
True,3,0.05,passive_relaxation,0.0,0.0,not_applicable,,0.4,0.09591389050312189,0.19518107467771087,0.25,0.0,0.875,0.25,2,no restorative mechanism,0.9638736263736263,0.0,0.0,,calibration,clustered_symbol_corruption,0.09591389050312189,1.0,0.19518107467771087,6,0.25,near_above_boundary,61,6,0.875,7103,0.0,,,,0.0,False,1.0602007958942106,False
True,3,0.05,operator_only,0.1105847572668584,0.023541387624329314,not_applicable,,0.4,0.17001970002804648,0.04968835901193609,0.41435771700642154,-0.7726285435425281,0.7291666666666666,0.25,2,matched bounded smoothing without parity,0.9172619047619047,0.006232819761278208,0.6574308680256862,,calibration,clustered_symbol_corruption,0.09591389050312189,1.0,0.19518107467771087,6,0.25,near_above_boundary,61,6,0.7291666666666666,7103,0.7454242984675482,,,,-0.6574308680256862,False,0.8714517984424255,False
True,3,0.05,random_parity_checks,0.050835022348297135,0.0066815894228888055,eliminated,0.4375,0.4,0.10035663412286988,0.16631631247035603,0.31569500663516376,-0.04632012731882022,0.6875,0.25,2,degree-matched checks on unrelated variables,0.9413003663003662,0.0,0.262780026540655,False,calibration,clustered_symbol_corruption,0.09591389050312189,1.0,0.19518107467771087,6,0.25,near_above_boundary,61,6,0.6875,7103,0.14788709538062153,14,0,14,-0.262780026540655,False,1.0065508999359953,True
True,3,0.05,memory_budget_random_bits,0.04511476676965465,0.004396730817501387,eliminated,0.75,0.4,0.11410758354976853,0.17284362217326232,0.27648113863630525,-0.1896877808960784,0.75,0.25,2,32 random bits replace structured parity,0.9512820512820513,0.0,0.10592455454522098,False,calibration,clustered_symbol_corruption,0.09591389050312189,1.0,0.19518107467771087,6,0.25,near_above_boundary,61,6,0.75,7103,0.11444476643718071,17,0,17,-0.10592455454522098,False,1.035808605410284,True
True,3,0.05,target,0.08930892961279993,0.017255952927225107,eliminated,0.8125,0.4,0.215354462073917,0.3438392766172205,0.4673887373098754,-0.020586187655417514,0.8125,0.55,2,local syndrome decode plus bounded relation feedback,0.8746794871794872,0.0,0.0,False,calibration,clustered_symbol_corruption,0.21101055910686844,1.0,0.5925846204019969,6,0.5500000000000002,near_above_boundary,61,6,0.8125,7103,0.4197634147440964,4,0,4,0.1502022958002268,False,1.1897405228543643,True
True,3,0.05,rt02_frozen_baseline,0.20619314149506893,0.046833489844690296,not_applicable,,0.4,0.20993070966210794,0.007635630166371815,0.41092867297166463,0.005117513783817801,1.0,0.55,2,unchanged RT-02 one-bit orientation mechanism,0.9319139194139194,0.8472873966725637,0.0,,calibration,clustered_symbol_corruption,0.21101055910686844,1.0,0.5925846204019969,6,0.5500000000000002,near_above_boundary,3,6,1.0,7103,0.9871147007473937,,,,0.25285695823333726,False,1.2125368930455962,False
True,3,0.05,passive_relaxation,0.0,0.0,not_applicable,,0.4,0.21101055910686844,0.5925846204019969,0.5500000000000002,0.0,0.875,0.55,2,no restorative mechanism,0.8637362637362636,0.0,0.0,,calibration,clustered_symbol_corruption,0.21101055910686844,1.0,0.5925846204019969,6,0.5500000000000002,near_above_boundary,61,6,0.875,7103,0.0,,,,0.0,False,1.297441750967263,False
True,3,0.05,operator_only,0.1743258287847742,0.05355977688372702,not_applicable,,0.4,0.23667662625820013,0.04969028210947388,0.5013871846023519,-0.12163404172742295,0.75,0.55,2,matched bounded smoothing without parity,0.8635989010989009,0.006194357810522466,0.0,,calibration,clustered_symbol_corruption,0.21101055910686844,1.0,0.5925846204019969,6,0.5500000000000002,near_above_boundary,61,6,0.75,7103,0.9161465208534014,,,,0.08838693708663321,False,0.9535770458896453,False
True,3,0.05,random_parity_checks,0.10790296989013344,0.020163893979695938,eliminated,0.375,0.4,0.24721885745597333,0.32963956068775596,0.5118333284198598,-0.17159472256915267,0.6666666666666666,0.55,2,degree-matched checks on unrelated variables,0.8686813186813186,0.0,0.0,False,calibration,clustered_symbol_corruption,0.21101055910686844,1.0,0.5925846204019969,6,0.5500000000000002,near_above_boundary,61,6,0.6666666666666666,7103,0.44372575774218465,19,0,19,0.06939394832752782,False,1.2014442594358514,True
True,3,0.05,memory_budget_random_bits,0.09996457184178698,0.021631491222665392,eliminated,0.6666666666666666,0.4,0.20347025424814277,0.2336422796244833,0.46403631224758024,0.035734253729486624,0.6666666666666666,0.55,2,32 random bits replace structured parity,0.8938644688644688,0.0,0.0,False,calibration,clustered_symbol_corruption,0.21101055910686844,1.0,0.5925846204019969,6,0.5500000000000002,near_above_boundary,61,6,0.6666666666666666,7103,0.605723348901655,20,0,20,0.1562976140953089,False,1.16404791075203,True
True,4,0.05,target,0.018148209936071545,0.0007130252671926492,eliminated,1.0,0.4,0.05153220523411398,8.177864718901973e-06,0.22607556496967468,-0.003479252234436104,1.0,0.25,1,local syndrome decode plus bounded relation feedback,0.9828754578754578,0.999836442705622,0.0,True,calibration,dispersed_equal_weight_corruption,0.05135353333849982,1.0,0.1111346352207075,4,0.25,within_radius,0,4,1.0,7103,0.9999264147967674,6,0,6,0.09569774012130128,False,1.1082650850422224,False
True,4,0.05,rt02_frozen_baseline,0.02416810153664308,0.0014281832701536462,not_applicable,,0.4,0.05143588633819574,0.007635630166372153,0.22602653079259408,-0.0016036481687265697,1.0,0.25,1,unchanged RT-02 one-bit orientation mechanism,0.9829212454212453,0.8472873966725569,0.0,,calibration,dispersed_equal_weight_corruption,0.05135353333849982,1.0,0.1111346352207075,4,0.25,within_radius,0,4,1.0,7103,0.9312938747564321,,,,0.09589387682962369,False,1.1082307493418577,False
True,4,0.05,passive_relaxation,0.0,0.0,not_applicable,,0.4,0.05135353333849982,0.1111346352207075,0.25,0.0,0.9166666666666666,0.25,1,no restorative mechanism,0.9715659340659341,0.0,0.0,,calibration,dispersed_equal_weight_corruption,0.05135353333849982,1.0,0.1111346352207075,4,0.25,within_radius,0,4,0.9166666666666666,7103,0.0,,,,0.0,False,1.1118159748947032,False
True,4,0.05,operator_only,0.11549154216733525,0.0255538411758517,not_applicable,,0.4,0.11552043330770008,0.04970580175664314,0.401039871795953,-1.2495128533072961,0.6875,0.25,1,matched bounded smoothing without parity,0.9205586080586079,0.00588396486713727,0.6041594871838121,,calibration,dispersed_equal_weight_corruption,0.05135353333849982,1.0,0.1111346352207075,4,0.25,within_radius,0,4,0.6875,7103,0.5527424762052798,,,,-0.6041594871838121,False,0.9090617384316575,False
True,4,0.05,random_parity_checks,0.06299717208583394,0.007518194740250202,eliminated,0.5,0.4,0.028313767063854457,0.11631831038200147,0.28818356326322137,0.4486500689792345,0.7083333333333334,0.25,1,degree-matched checks on unrelated variables,0.9584706959706959,0.0,0.15273425305288546,False,calibration,dispersed_equal_weight_corruption,0.05135353333849982,1.0,0.1111346352207075,4,0.25,within_radius,0,4,0.7083333333333334,7103,-0.046643201293633245,13,0,13,-0.15273425305288546,False,1.073372216271549,True
True,4,0.05,memory_budget_random_bits,0.07631878075550409,0.012594744620808795,eliminated,0.6458333333333334,0.4,0.032026882308951767,0.12394325325384822,0.31223712173852464,0.376345107592798,0.6458333333333334,0.25,1,32 random bits replace structured parity,0.9409340659340657,0.0,0.24894848695409855,False,calibration,dispersed_equal_weight_corruption,0.05135353333849982,1.0,0.1111346352207075,4,0.25,within_radius,0,4,0.6458333333333334,7103,-0.11525316124629809,16,0,16,-0.24894848695409855,False,1.0339390600677354,True
True,5,0.05,target,0.06669859006917848,0.009627785941445028,eliminated,0.9375,0.4,0.10229432516312288,0.04135193840552413,0.4768101311971799,0.09456238926732224,0.9375,0.55,2,local syndrome decode plus bounded relation feedback,0.9249084249084248,0.1729612318895174,0.0,False,calibration,dispersed_equal_weight_corruption,0.11297777334469968,1.0,0.3595935351509809,6,0.5500000000000002,near_above_boundary,10,6,0.9375,7103,0.8850036656299678,8,0,8,0.1330724887324004,False,1.349427848981535,True
True,5,0.05,rt02_frozen_baseline,0.10782337276981192,0.015605996247564178,not_applicable,,0.4,0.11962908169813037,0.007635630166373072,0.466650862212555,-0.05887271590259874,1.0,0.55,2,unchanged RT-02 one-bit orientation mechanism,0.935576923076923,0.8472873966725386,0.0,,calibration,dispersed_equal_weight_corruption,0.11297777334469968,1.0,0.3595935351509809,6,0.5500000000000002,near_above_boundary,6,6,1.0,7103,0.9787659414867758,,,,0.1515438868862639,False,1.3669615989351263,False
True,5,0.05,passive_relaxation,0.0,0.0,not_applicable,,0.4,0.11297777334469968,0.3595935351509809,0.5500000000000002,0.0,0.875,0.55,2,no restorative mechanism,0.8925366300366299,0.0,0.0,,calibration,dispersed_equal_weight_corruption,0.11297777334469968,1.0,0.3595935351509809,6,0.5500000000000002,near_above_boundary,61,6,0.875,7103,0.0,,,,0.0,False,1.4109951447683478,False
True,5,0.05,operator_only,0.1668742987159141,0.05256544256702949,not_applicable,,0.4,0.08292959915217134,0.04973141214233214,0.4458150269594146,0.26596536029126866,0.6666666666666666,0.55,2,matched bounded smoothing without parity,0.8956959706959706,0.005371757153357248,0.0,,calibration,dispersed_equal_weight_corruption,0.11297777334469968,1.0,0.3595935351509809,6,0.5500000000000002,near_above_boundary,61,6,0.6666666666666666,7103,0.861701039420935,,,,0.1894272237101555,False,1.007571388765157,False
True,5,0.05,random_parity_checks,0.08283902454006943,0.014412751317240374,eliminated,0.75,0.4,0.08807533405792149,0.31311138611088357,0.5436564959690114,0.22041892444454408,0.625,0.55,2,degree-matched checks on unrelated variables,0.8836996336996337,0.0,0.0,False,calibration,dispersed_equal_weight_corruption,0.11297777334469968,1.0,0.3595935351509809,6,0.5500000000000002,near_above_boundary,61,6,0.625,7103,0.12926302754742544,14,0,14,0.011533643692706744,False,1.3256706066007813,True
True,5,0.05,memory_budget_random_bits,0.1151904334210735,0.028718687176495516,eliminated,0.7291666666666666,0.4,0.047273773947147046,0.16161155957866674,0.4868309380276624,0.581565713789447,0.7291666666666666,0.55,2,32 random bits replace structured parity,0.8921245421245422,0.0,0.0,False,calibration,dispersed_equal_weight_corruption,0.11297777334469968,1.0,0.3595935351509809,6,0.5500000000000002,near_above_boundary,61,6,0.7291666666666666,7103,0.5505715654459371,15,0,15,0.11485283994970494,False,1.2216971526879778,True
True,3,0.05,target,0.00929676158298583,0.0001869874960043101,eliminated,1.0,0.4,0.2424177920399687,4.714470485624539e-10,0.24671776090384398,0.024154673686991625,1.0,0.25,1,local syndrome decode plus bounded relation feedback,0.9650641025641024,0.999999990571059,0.0,True,calibration,topology_preserving_identity_disruption,0.2484182539008356,1.0,0.05693080534656122,3,0.25000000000000006,within_radius,0,3,1.0,7103,0.9999999917189465,5,0,5,0.013128956384624298,False,0.8947159469260082,False
True,3,0.05,rt02_frozen_baseline,0.010810944030317111,0.00016333673873289485,not_applicable,,0.4,0.24494583381925328,0.0425438085802188,0.24784752335964758,0.013978119671384777,0.9791666666666666,0.25,1,unchanged RT-02 one-bit orientation mechanism,0.9649725274725274,0.1491238283956241,0.0,,calibration,topology_preserving_identity_disruption,0.2484182539008356,1.0,0.05693080534656122,3,0.25000000000000006,within_radius,0,3,0.9791666666666666,7103,0.2527102274201613,,,,0.008609906561409917,False,0.8951644126799356,False
True,3,0.05,passive_relaxation,0.0,0.0,not_applicable,,0.4,0.2484182539008356,0.05693080534656122,0.25000000000000006,0.0,0.9375,0.25,1,no restorative mechanism,0.9644688644688644,0.0,0.0,,calibration,topology_preserving_identity_disruption,0.2484182539008356,1.0,0.05693080534656122,3,0.25000000000000006,within_radius,0,3,0.9375,7103,0.0,,,,0.0,False,0.8953864565192111,False
True,3,0.05,operator_only,0.08775821754950512,0.015475542370623459,not_applicable,,0.4,0.29492232463757,0.04972302931680249,0.4515806041927214,-0.18720069884758972,0.75,0.25,1,matched bounded smoothing without parity,0.9012362637362636,0.005539413663950277,0.8063224167708851,,calibration,topology_preserving_identity_disruption,0.2484182539008356,1.0,0.05693080534656122,3,0.25000000000000006,within_radius,0,3,0.75,7103,0.12660590318162607,,,,-0.8063224167708851,False,0.7600561079289594,False
True,3,0.05,random_parity_checks,0.06351097300838073,0.0072058518735863535,eliminated,0.4375,0.4,0.2494046117688024,0.09867120366432729,0.31909631401911526,-0.0039705530993730444,0.7291666666666666,0.25,1,degree-matched checks on unrelated variables,0.946153846153846,0.0,0.2763852560764608,False,calibration,topology_preserving_identity_disruption,0.2484182539008356,1.0,0.05693080534656122,3,0.25000000000000006,within_radius,0,3,0.7291666666666666,7103,-0.7331777244968714,19,0,19,-0.27638525607646075,False,0.8616934218365903,True
True,3,0.05,memory_budget_random_bits,0.06120285109268075,0.008095390145269369,eliminated,0.6875,0.4,0.25388517090384094,0.09027794996638344,0.34253833095045844,-0.02200690535884547,0.6875,0.25,1,32 random bits replace structured parity,0.9226648351648351,0.0,0.3701533238018335,False,calibration,topology_preserving_identity_disruption,0.2484182539008356,1.0,0.05693080534656122,3,0.25000000000000006,within_radius,0,3,0.6875,7103,-0.5857486894278843,18,0,18,-0.37015332380183347,False,0.8482502048969455,True
True,8,0.05,target,0.024742715578068168,0.0013254585375758945,eliminated,0.9375,0.4,0.5287275831351959,0.06907655340992633,0.5420406183207895,0.03255611923412382,0.9375,0.55,2,local syndrome decode plus bounded relation feedback,0.8398809523809523,0.0,0.0,False,calibration,topology_preserving_identity_disruption,0.5465201585818384,1.0,0.16277739215733456,9,0.5500000000000002,near_above_boundary,7,9,0.9375,7103,0.5756379157176845,15,0,15,0.014471603053110214,False,0.9282880769080032,True
True,8,0.05,rt02_frozen_baseline,0.0362328787035085,0.0021214205314892777,not_applicable,,0.4,0.5251587073338546,0.08129117072636334,0.5357086464624377,0.03908630068360977,0.9791666666666666,0.55,2,unchanged RT-02 one-bit orientation mechanism,0.8399267399267397,0.0,0.0,,calibration,topology_preserving_identity_disruption,0.5465201585818384,1.0,0.16277739215733456,9,0.5500000000000002,near_above_boundary,4,9,0.9791666666666666,7103,0.5005991332765036,,,,0.02598427915920454,False,0.9298380277968011,False
True,8,0.05,passive_relaxation,0.0,0.0,not_applicable,,0.4,0.5465201585818384,0.16277739215733456,0.5500000000000002,0.0,0.8125,0.55,2,no restorative mechanism,0.8329670329670329,0.0,0.0,,calibration,topology_preserving_identity_disruption,0.5465201585818384,1.0,0.16277739215733456,9,0.5500000000000002,near_above_boundary,61,9,0.8125,7103,0.0,,,,0.0,False,0.9348502043422647,False
True,8,0.05,operator_only,0.08965660590696216,0.016156784926346618,not_applicable,,0.4,0.533313844705442,0.049766174037860454,0.6381872950531394,0.024164367350447708,0.6875,0.55,2,matched bounded smoothing without parity,0.7508699633699633,0.004676519242791,0.16034053646025326,,calibration,topology_preserving_identity_disruption,0.5465201585818384,1.0,0.16277739215733456,9,0.5500000000000002,near_above_boundary,61,9,0.6875,7103,0.6942685137149861,,,,-0.16034053646025317,False,0.7934884476751529,False
True,8,0.05,random_parity_checks,0.04986016436104015,0.004642611551402658,eliminated,0.375,0.4,0.5471398231509452,0.13860628575598516,0.5766789302455052,-0.001133836619521492,0.6666666666666666,0.55,2,degree-matched checks on unrelated variables,0.8115384615384614,0.0,0.048507145900918314,False,calibration,topology_preserving_identity_disruption,0.5465201585818384,1.0,0.16277739215733456,9,0.5500000000000002,near_above_boundary,61,9,0.6666666666666666,7103,0.14849179042005112,14,0,14,-0.04850714590091826,False,0.910775906069867,True
True,8,0.05,memory_budget_random_bits,0.05376743091998368,0.0062559226455710815,eliminated,0.625,0.4,0.5484943161688721,0.16059545590345717,0.5854060459010237,-0.003612231966257941,0.625,0.55,2,32 random bits replace structured parity,0.7913919413919414,0.0,0.06437462891095191,False,calibration,topology_preserving_identity_disruption,0.5465201585818384,1.0,0.16277739215733456,9,0.5500000000000002,near_above_boundary,61,9,0.625,7103,0.013404418297649151,16,0,16,-0.06437462891095196,False,0.897423614900692,True
True,2,0.05,target,0.018687256383674203,0.0007555100866208047,eliminated,1.0,0.4,0.045385559626586,9.476473325719298e-10,0.22337929032226747,-0.20598105802780473,1.0,0.25,1,local syndrome decode plus bounded relation feedback,0.9905677655677654,0.9999999810470533,0.0,True,calibration,localized_block_shock,0.03763372511074681,1.0,0.11443560708142356,2,0.25000000000000006,within_radius,0,2,1.0,7104,0.9999999917189469,3,0,3,0.10648283871093031,False,1.0682600355328582,False
True,2,0.05,rt02_frozen_baseline,0.032696959755466666,0.001494071521002401,not_applicable,,0.4,0.04538512944313367,0.002143780211851254,0.22337543253140557,-0.20596962723133003,1.0,0.25,1,unchanged RT-02 one-bit orientation mechanism,0.990705128205128,0.9571243957629749,0.0,,calibration,localized_block_shock,0.03763372511074681,1.0,0.11443560708142356,2,0.25000000000000006,within_radius,0,2,1.0,7104,0.9812664933011112,,,,0.10649826987437791,False,1.06824534906397,False
True,2,0.05,passive_relaxation,0.0,0.0,not_applicable,,0.4,0.03763372511074681,0.11443560708142356,0.25000000000000006,0.0,0.9583333333333334,0.25,1,no restorative mechanism,0.985576923076923,0.0,0.0,,calibration,localized_block_shock,0.03763372511074681,1.0,0.11443560708142356,2,0.25000000000000006,within_radius,0,2,0.9583333333333334,7104,0.0,,,,0.0,False,1.0722788157903143,False
True,2,0.05,operator_only,0.10551737746426973,0.022339514001279627,not_applicable,,0.4,0.1801879830891146,0.049706952580227726,0.448703760875658,-3.7879390774861013,0.6458333333333334,0.25,1,matched bounded smoothing without parity,0.9117216117216117,0.005860948395445487,0.7948150435026315,,calibration,localized_block_shock,0.03763372511074681,1.0,0.11443560708142356,2,0.25000000000000006,within_radius,0,2,0.6458333333333334,7104,0.5656338630260415,,,,-0.7948150435026315,False,0.8774748822174957,False
True,2,0.05,random_parity_checks,0.05212489912127795,0.005956992794030414,eliminated,0.4375,0.4,0.07290752168376115,0.09432432942404637,0.2928648033422851,-0.9372921885678929,0.7708333333333334,0.25,1,degree-matched checks on unrelated variables,0.9624999999999999,0.0,0.17145921336914016,False,calibration,localized_block_shock,0.03763372511074681,1.0,0.11443560708142356,2,0.25000000000000006,within_radius,0,2,0.7708333333333334,7104,0.17574318143012566,13,0,13,-0.17145921336914013,False,1.0360305701712067,True
True,2,0.05,memory_budget_random_bits,0.05532228159360826,0.0066130031437963656,eliminated,0.7916666666666666,0.4,0.0741767541411301,0.04564126021375348,0.29744521842279004,-0.9710181206576319,0.7916666666666666,0.25,1,32 random bits replace structured parity,0.9603021978021976,0.08717479572493037,0.18978087369115992,False,calibration,localized_block_shock,0.03763372511074681,1.0,0.11443560708142356,2,0.25000000000000006,within_radius,0,2,0.7916666666666666,7104,0.6011620737828683,17,0,17,-0.18978087369115987,False,1.0349801265413192,True
True,2,0.05,target,0.044076963116779284,0.004203126946726272,eliminated,0.9375,0.4,0.09569101038708461,0.3533153143082444,0.5193300040158297,-0.15576955734021375,0.9375,0.55,2,local syndrome decode plus bounded relation feedback,0.9150641025641025,0.0,0.0,False,calibration,localized_block_shock,0.08279419524364309,1.0,0.38299127233574576,3,0.5500000000000002,near_above_boundary,0,3,0.9375,7104,0.07748468482458311,2,0,2,0.05576362906212801,False,1.2985929935853564,True
True,2,0.05,rt02_frozen_baseline,0.08552158319921478,0.015760043184600135,not_applicable,,0.4,0.11076377231614647,0.002143780211851254,0.47025152715372004,-0.3378205077082486,1.0,0.55,2,unchanged RT-02 one-bit orientation mechanism,0.9346611721611721,0.9571243957629749,0.0,,calibration,localized_block_shock,0.08279419524364309,1.0,0.38299127233574576,3,0.5500000000000002,near_above_boundary,0,3,1.0,7104,0.9944025350792539,,,,0.1449972233568729,False,1.280797354087086,False
True,2,0.05,passive_relaxation,0.0,0.0,not_applicable,,0.4,0.08279419524364309,0.38299127233574576,0.5500000000000002,0.0,0.9375,0.55,2,no restorative mechanism,0.9181776556776555,0.0,0.0,,calibration,localized_block_shock,0.08279419524364309,1.0,0.38299127233574576,3,0.5500000000000002,near_above_boundary,0,3,0.9375,7104,0.0,,,,0.0,False,1.3240133947386914,False
True,2,0.05,operator_only,0.12217443130767204,0.031739164768991364,not_applicable,,0.4,0.23799193757096845,0.049680884325661055,0.5668425293473754,-1.8745002819414611,0.625,0.55,2,matched bounded smoothing without parity,0.8564560439560438,0.006382313486778979,0.030622780631591517,,calibration,localized_block_shock,0.08279419524364309,1.0,0.38299127233574576,3,0.5500000000000002,near_above_boundary,0,3,0.625,7104,0.8702819413542439,,,,-0.030622780631591427,False,1.0175073646269388,False
True,2,0.05,random_parity_checks,0.08456917636900249,0.01498940546356968,eliminated,0.375,0.4,0.12463673326528335,0.06611038163609935,0.5108416119053923,-0.5053800921490678,0.75,0.55,2,degree-matched checks on unrelated variables,0.8891941391941393,0.0,0.0,False,calibration,localized_block_shock,0.08279419524364309,1.0,0.38299127233574576,3,0.5500000000000002,near_above_boundary,0,3,0.75,7104,0.8273841039956016,18,0,18,0.07119706926292327,False,1.215796109821314,True
True,2,0.05,memory_budget_random_bits,0.06303852719492055,0.008588982681095808,eliminated,0.6666666666666666,0.4,0.1088059415321028,0.43651419639536926,0.5993559568819808,-0.3141735505963128,0.6666666666666666,0.55,2,32 random bits replace structured parity,0.8791666666666667,0.0,0.08973810342178301,False,calibration,localized_block_shock,0.08279419524364309,1.0,0.38299127233574576,3,0.5500000000000002,near_above_boundary,0,3,0.6666666666666666,7104,-0.13974972258037024,18,0,18,-0.08973810342178305,False,1.27420219810675,True
True,2,0.05,target,0.012615979090495352,0.00034480280795923533,eliminated,0.9375,0.4,0.06967850800290731,0.10401522403628573,0.2593124679735411,-0.0634133285520178,0.9375,0.25,2,local syndrome decode plus bounded relation feedback,0.9480769230769229,0.0,0.03724987189416429,False,calibration,sparse_node_corruption,0.0655234480630256,1.0,0.07859021546862215,3,0.25000000000000006,near_above_boundary,0,3,0.9375,7104,-0.3235136640872902,3,0,3,-0.03724987189416428,False,0.9815769064054178,True
True,2,0.05,rt02_frozen_baseline,0.019903280204875872,0.0006796875625509676,not_applicable,,0.4,0.06291456175249402,0.0021437802118562613,0.22842125641737632,0.0398160717675014,1.0,0.25,2,unchanged RT-02 one-bit orientation mechanism,0.9632783882783881,0.9571243957628748,0.0,,calibration,sparse_node_corruption,0.0655234480630256,1.0,0.07859021546862215,3,0.25000000000000006,near_above_boundary,0,3,1.0,7104,0.972722046897655,,,,0.08631497433049494,False,0.9809016591042832,False
True,2,0.05,passive_relaxation,0.0,0.0,not_applicable,,0.4,0.0655234480630256,0.07859021546862215,0.25000000000000006,0.0,0.9375,0.25,2,no restorative mechanism,0.9546703296703296,0.0,0.0,,calibration,sparse_node_corruption,0.0655234480630256,1.0,0.07859021546862215,3,0.25000000000000006,near_above_boundary,0,3,0.9375,7104,0.0,,,,0.0,False,0.9835179493759422,False
True,2,0.05,operator_only,0.1106438550013224,0.024950037382661848,not_applicable,,0.4,0.2064889538001562,0.04976480969418315,0.4236300048689916,-2.1513749642958184,0.5833333333333334,0.25,2,matched bounded smoothing without parity,0.9056318681318681,0.004703806116337028,0.694520019475966,,calibration,sparse_node_corruption,0.0655234480630256,1.0,0.07859021546862215,3,0.25000000000000006,near_above_boundary,0,3,0.5833333333333334,7104,0.36678110121670043,,,,-0.6945200194759661,False,0.759518921326285,False
True,2,0.05,random_parity_checks,0.08193681832363954,0.012217284178208276,eliminated,0.375,0.4,0.11976624217368319,0.08352835032482225,0.35586563896526946,-0.8278379071028529,0.75,0.25,2,degree-matched checks on unrelated variables,0.9003205128205126,0.0,0.4234625558610776,False,calibration,sparse_node_corruption,0.0655234480630256,1.0,0.07859021546862215,3,0.25000000000000006,near_above_boundary,0,3,0.75,7104,-0.06283396510309483,17,0,17,-0.4234625558610775,False,0.9182378153150861,True
True,2,0.05,memory_budget_random_bits,0.06093343896611591,0.008010036864789304,eliminated,0.75,0.4,0.10679926342362434,0.12142715176121581,0.33074854674377546,-0.6299396106397883,0.75,0.25,2,32 random bits replace structured parity,0.9263278388278386,0.0,0.3229941869751016,False,calibration,sparse_node_corruption,0.0655234480630256,1.0,0.07859021546862215,3,0.25000000000000006,near_above_boundary,0,3,0.75,7104,-0.5450670422159193,15,0,15,-0.32299418697510157,False,0.9363104520798813,True
True,5,0.05,target,0.05259871066025722,0.00598548557014451,eliminated,0.875,0.4,0.14780094798183538,0.24208862072223844,0.513356390319033,-0.02531614358925655,0.875,0.55,2,local syndrome decode plus bounded relation feedback,0.842445054945055,0.0,0.0,False,calibration,sparse_node_corruption,0.14415158573865652,1.0,0.3255555895726968,7,0.5500000000000002,near_above_boundary,10,7,0.875,7104,0.2563831539799753,8,0,8,0.06662474487448569,False,1.0914341582223073,True
True,5,0.05,rt02_frozen_baseline,0.07819740325312212,0.01375122648684722,not_applicable,,0.4,0.12062397218113682,0.0021437802118642914,0.44072653882095814,0.16321439293893525,1.0,0.55,2,unchanged RT-02 one-bit orientation mechanism,0.8893772893772892,0.9571243957627141,0.0,,calibration,sparse_node_corruption,0.14415158573865652,1.0,0.3255555895726968,7,0.5500000000000002,near_above_boundary,5,7,1.0,7104,0.9934150102761925,,,,0.1986790203255309,False,1.0783979644145743,False
True,5,0.05,passive_relaxation,0.0,0.0,not_applicable,,0.4,0.14415158573865652,0.3255555895726968,0.5500000000000002,0.0,0.8541666666666666,0.55,2,no restorative mechanism,0.8362179487179485,0.0,0.0,,calibration,sparse_node_corruption,0.14415158573865652,1.0,0.3255555895726968,7,0.5500000000000002,near_above_boundary,61,7,0.8541666666666666,7104,0.0,,,,0.0,False,1.1287394886270727,False
True,5,0.05,operator_only,0.12924593692302028,0.03889348920117767,not_applicable,,0.4,0.27916410105672296,0.04981100048199063,0.46415596668589754,-0.9366009719993021,0.6041666666666666,0.55,2,matched bounded smoothing without parity,0.8715201465201463,0.003779990360187502,0.0,,calibration,sparse_node_corruption,0.14415158573865652,1.0,0.3255555895726968,7,0.5500000000000002,near_above_boundary,61,7,0.6041666666666666,7104,0.8469969428343427,,,,0.15608006057109564,False,0.7002544637965123,False
True,5,0.05,random_parity_checks,0.0597104417517897,0.006720134302557452,eliminated,0.375,0.4,0.13973041424806829,0.31548981399971554,0.5331297129792193,0.030670293829467263,0.7083333333333334,0.55,2,degree-matched checks on unrelated variables,0.8389194139194138,0.0,0.0,False,calibration,sparse_node_corruption,0.14415158573865652,1.0,0.3255555895726968,7,0.5500000000000002,near_above_boundary,61,7,0.7083333333333334,7104,0.030918761327959253,13,0,13,0.030673249128692466,False,1.090403816899204,True
True,5,0.05,memory_budget_random_bits,0.06866509646603064,0.010247078216353327,eliminated,0.7291666666666666,0.4,0.1769490141142502,0.30169426748064776,0.5400427763457898,-0.22752041337273016,0.7291666666666666,0.55,2,32 random bits replace structured parity,0.8390567765567765,0.0,0.0,False,calibration,sparse_node_corruption,0.14415158573865652,1.0,0.3255555895726968,7,0.5500000000000002,near_above_boundary,61,7,0.7291666666666666,7104,0.07329415576420567,14,0,14,0.01810404300765521,False,1.0595209487076496,True
True,6,0.05,target,0.012302406893298007,0.00032749110302549977,eliminated,1.0,0.4,0.0047437452558215035,3.135432459719282e-06,0.24071200620080424,0.0,1.0,0.25,1,local syndrome decode plus bounded relation feedback,0.9721611721611721,0.9999372913508057,0.0,True,calibration,relational_twist,2.2322144669673187e-16,1.0,0.07533654874169632,6,0.25000000000000006,within_radius,4,6,1.0,7104,0.9999583809915361,9,0,9,0.03715197519678325,False,1.061349602580068,False
True,6,0.05,rt02_frozen_baseline,0.01707729611306064,0.00047243182567360185,not_applicable,,0.4,0.005034710454856427,0.0394174056362724,0.24182638415567106,0.0,0.9791666666666666,0.25,1,unchanged RT-02 one-bit orientation mechanism,0.971474358974359,0.2116518872745521,0.0,,calibration,relational_twist,2.2322144669673187e-16,1.0,0.07533654874169632,6,0.25000000000000006,within_radius,2,6,0.9791666666666666,7104,0.47678243436102413,,,,0.032694463377315956,False,1.061718947057989,False
True,6,0.05,passive_relaxation,0.0,0.0,not_applicable,,0.4,2.2322144669673187e-16,0.07533654874169632,0.25000000000000006,0.0,0.875,0.25,1,no restorative mechanism,0.9706501831501831,0.0,0.0,,calibration,relational_twist,2.2322144669673187e-16,1.0,0.07533654874169632,6,0.25000000000000006,within_radius,61,6,0.875,7104,0.0,,,,0.0,False,1.0625,False
True,6,0.05,operator_only,0.11309156009042651,0.0259591991458916,not_applicable,,0.4,0.1462711653630627,0.049737347186893106,0.41444489950485147,0.0,0.625,0.25,1,matched bounded smoothing without parity,0.9108058608058607,0.005253056262137901,0.6577795980194054,,calibration,relational_twist,2.2322144669673187e-16,1.0,0.07533654874169632,6,0.25000000000000006,within_radius,61,6,0.625,7104,0.339797906625299,,,,-0.6577795980194056,False,0.8311901466220619,False
True,6,0.05,random_parity_checks,0.07221084048231703,0.009263116736638422,eliminated,0.5625,0.4,0.03526935782584094,0.09865844400976513,0.30725632573143014,0.0,0.7708333333333334,0.25,1,degree-matched checks on unrelated variables,0.9505494505494505,0.0,0.22902530292572032,False,calibration,relational_twist,2.2322144669673187e-16,1.0,0.07533654874169632,6,0.25000000000000006,within_radius,61,6,0.7708333333333334,7104,-0.30956946737806834,10,0,10,-0.22902530292572026,False,1.0165233042662436,True
True,6,0.05,memory_budget_random_bits,0.053214135868330945,0.006128524315629074,eliminated,0.6458333333333334,0.4,0.04155396106327898,0.07560334134486633,0.3228248453054209,0.0,0.6458333333333334,0.25,1,32 random bits replace structured parity,0.9388278388278387,0.0,0.2912993812216833,False,calibration,relational_twist,2.2322144669673187e-16,1.0,0.07533654874169632,6,0.25000000000000006,within_radius,61,6,0.6458333333333334,7104,-0.003541343579260019,17,0,17,-0.29129938122168325,False,1.0273373643038326,True
True,9,0.05,target,0.03921034926136433,0.0033191953906838646,eliminated,0.875,0.4,0.004678958513298262,0.15612849354553607,0.5274057255295966,0.0,0.875,0.55,2,local syndrome decode plus bounded relation feedback,0.8826465201465201,0.0,0.0,False,calibration,relational_twist,1.381044806141221e-16,1.0,0.2474125774475584,11,0.5500000000000002,near_above_boundary,61,11,0.875,7104,0.3689549045717812,14,0,14,0.0410804990370973,False,1.284600934585884,True
True,9,0.05,rt02_frozen_baseline,0.05860209006092577,0.0063085810697648655,not_applicable,,0.4,0.01919985355742403,0.10586855187258332,0.5021094879105401,0.0,0.9791666666666666,0.55,2,unchanged RT-02 one-bit orientation mechanism,0.8956043956043956,0.0,0.0,,calibration,relational_twist,1.381044806141221e-16,1.0,0.2474125774475584,11,0.5500000000000002,near_above_boundary,7,11,0.9791666666666666,7104,0.572097130369117,,,,0.08707365834447278,False,1.2841631097030128,False
True,9,0.05,passive_relaxation,0.0,0.0,not_applicable,,0.4,1.381044806141221e-16,0.2474125774475584,0.5500000000000002,0.0,0.7708333333333334,0.55,2,no restorative mechanism,0.8751373626373624,0.0,0.0,,calibration,relational_twist,1.381044806141221e-16,1.0,0.2474125774475584,11,0.5500000000000002,near_above_boundary,61,11,0.7708333333333334,7104,0.0,,,,0.0,False,1.3025000000000002,False
True,9,0.05,operator_only,0.12427578479709966,0.03867454457615804,not_applicable,,0.4,0.1462711653630627,0.04975227036498514,0.4220599073615485,0.0,0.625,0.55,2,matched bounded smoothing without parity,0.9048534798534797,0.004954592700297189,0.0,,calibration,relational_twist,1.381044806141221e-16,1.0,0.2474125774475584,11,0.5500000000000002,near_above_boundary,61,11,0.625,7104,0.7989096961914531,,,,0.23261835025173017,False,0.8375601372985144,False
True,9,0.05,random_parity_checks,0.090456894157761,0.01616266253445555,eliminated,0.625,0.4,0.03841121173231574,0.3316170108099479,0.553666240215943,0.0,0.5416666666666666,0.55,2,degree-matched checks on unrelated variables,0.8763278388278387,0.0,0.006665891301714355,False,calibration,relational_twist,1.381044806141221e-16,1.0,0.2474125774475584,11,0.5500000000000002,near_above_boundary,61,11,0.5416666666666666,7104,-0.34034014855302763,15,0,15,-0.006665891301714293,False,1.2004286160242537,True
True,9,0.05,memory_budget_random_bits,0.06843402302948734,0.010135134150021912,eliminated,0.6041666666666666,0.4,0.0343109092973567,0.2754078958297097,0.5628793874836323,0.0,0.6041666666666666,0.55,2,32 random bits replace structured parity,0.8501373626373626,0.0,0.023417068152058462,False,calibration,relational_twist,1.381044806141221e-16,1.0,0.2474125774475584,11,0.5500000000000002,near_above_boundary,61,11,0.6041666666666666,7104,-0.11315236545759358,16,0,16,-0.023417068152058455,False,1.2418975577386453,True
True,2,0.05,target,0.029184986183627307,0.00184337978515329,eliminated,0.9375,0.4,0.06999746706234997,0.04935116217135426,0.23325076741011375,-0.04811391857564529,0.9375,0.25,2,local syndrome decode plus bounded relation feedback,0.9581043956043954,0.01297675657291486,0.0,False,calibration,clustered_symbol_corruption,0.06678421669800395,1.0,0.17888322965153303,3,0.25,near_above_boundary,0,3,0.9375,7104,0.7241152104225141,3,0,3,0.06699693035954501,False,1.0600614687519139,True
True,2,0.05,rt02_frozen_baseline,0.04610543671682007,0.0035106555868651165,not_applicable,,0.4,0.07485591157001516,0.002143780211851254,0.213310428635125,-0.12086231255075049,1.0,0.25,2,unchanged RT-02 one-bit orientation mechanism,0.9690018315018314,0.9571243957629749,0.0,,calibration,clustered_symbol_corruption,0.06678421669800395,1.0,0.17888322965153303,3,0.25,near_above_boundary,0,3,1.0,7104,0.9880157563343006,,,,0.14675828545949998,False,1.0604743155216614,False
True,2,0.05,passive_relaxation,0.0,0.0,not_applicable,,0.4,0.06678421669800395,0.17888322965153303,0.25,0.0,0.9375,0.25,2,no restorative mechanism,0.9641025641025641,0.0,0.0,,calibration,clustered_symbol_corruption,0.06678421669800395,1.0,0.17888322965153303,3,0.25,near_above_boundary,0,3,0.9375,7104,0.0,,,,0.0,False,1.0707242053590158,False
True,2,0.05,operator_only,0.13819166845369177,0.03437536516658276,not_applicable,,0.4,0.17174901269698853,0.04973157650736919,0.4382103440079942,-1.5717006380958536,0.6041666666666666,0.25,2,matched bounded smoothing without parity,0.8971153846153846,0.005368469852616298,0.7528413760319768,,calibration,clustered_symbol_corruption,0.06678421669800395,1.0,0.17888322965153303,3,0.25,near_above_boundary,0,3,0.6041666666666666,7104,0.7219886033797187,,,,-0.7528413760319768,False,0.8364460635212505,False
True,2,0.05,random_parity_checks,0.056715988731545514,0.007171601314316165,eliminated,0.5625,0.4,0.08818498860262866,0.18346591699041365,0.33980914101102,-0.32044655103762465,0.7708333333333334,0.25,2,degree-matched checks on unrelated variables,0.9292124542124541,0.0,0.35923656404408,False,calibration,clustered_symbol_corruption,0.06678421669800395,1.0,0.17888322965153303,3,0.25,near_above_boundary,0,3,0.7708333333333334,7104,-0.025618317311286012,9,0,9,-0.35923656404408,False,1.0241136075552657,True
True,2,0.05,memory_budget_random_bits,0.08195024954918491,0.01454382812076351,eliminated,0.6875,0.4,0.1114731146573846,0.07024044542257148,0.34314837649980284,-0.6691535840191462,0.6875,0.25,2,32 random bits replace structured parity,0.9143772893772893,0.0,0.37259350599921137,False,calibration,clustered_symbol_corruption,0.06678421669800395,1.0,0.17888322965153303,3,0.25,near_above_boundary,0,3,0.6875,7104,0.6073391253087234,17,0,17,-0.37259350599921137,False,0.9813632624902874,True
True,2,0.05,target,0.06500592564506442,0.009142291663640579,eliminated,0.9375,0.4,0.15299400215239248,0.18796298996652125,0.487534718680348,-0.04130484251327612,0.9375,0.55,2,local syndrome decode plus bounded relation feedback,0.8874999999999998,0.0,0.0,False,calibration,clustered_symbol_corruption,0.14692527673560865,1.0,0.4612217990194159,3,0.5500000000000002,near_above_boundary,0,3,0.9375,7104,0.5924672459841634,3,0,3,0.11357323876300393,False,1.2637634049013082,True
True,2,0.05,rt02_frozen_baseline,0.12448160087783393,0.022691366482082673,not_applicable,,0.4,0.1684189704839203,0.002143780211852236,0.4558014140515548,-0.14628996606887082,1.0,0.55,2,unchanged RT-02 one-bit orientation mechanism,0.8998626373626373,0.9571243957629553,0.0,,calibration,clustered_symbol_corruption,0.14692527673560865,1.0,0.4612217990194159,3,0.5500000000000002,near_above_boundary,0,3,1.0,7104,0.9953519538399745,,,,0.17127015626990064,False,1.2509645931897613,False
True,2,0.05,passive_relaxation,0.0,0.0,not_applicable,,0.4,0.14692527673560865,0.4612217990194159,0.5500000000000002,0.0,0.9375,0.55,2,no restorative mechanism,0.8617216117216117,0.0,0.0,,calibration,clustered_symbol_corruption,0.14692527673560865,1.0,0.4612217990194159,3,0.5500000000000002,near_above_boundary,0,3,0.9375,7104,0.0,,,,0.0,False,1.3205932517898349,False
True,2,0.05,operator_only,0.1975913111328896,0.06786907766518968,not_applicable,,0.4,0.23497251181484832,0.04973430087781453,0.5255906942871169,-0.5992654023560579,0.5625,0.55,2,matched bounded smoothing without parity,0.845650183150183,0.005313982443709397,0.0,,calibration,clustered_symbol_corruption,0.14692527673560865,1.0,0.4612217990194159,3,0.5500000000000002,near_above_boundary,0,3,0.5625,7104,0.8921683645839105,,,,0.044380555841605884,False,0.9026539590818639,False
True,2,0.05,random_parity_checks,0.07674108126618243,0.011452080215642674,eliminated,0.5,0.4,0.17444315012807513,0.43579748080912867,0.6099372028570833,-0.18729162199901628,0.6666666666666666,0.55,2,degree-matched checks on unrelated variables,0.8128663003663004,0.0,0.10897673246742379,False,calibration,clustered_symbol_corruption,0.14692527673560865,1.0,0.4612217990194159,3,0.5500000000000002,near_above_boundary,0,3,0.6666666666666666,7104,0.055123843375011326,19,0,19,-0.10897673246742388,False,1.2589523750626808,True
True,2,0.05,memory_budget_random_bits,0.1120401611753627,0.02715921519192987,eliminated,0.7083333333333334,0.4,0.20305112968289088,0.1564095804487033,0.5342914807125521,-0.3820027036483344,0.7083333333333334,0.55,2,32 random bits replace structured parity,0.8402930402930402,0.0,0.0,False,calibration,clustered_symbol_corruption,0.14692527673560865,1.0,0.4612217990194159,3,0.5500000000000002,near_above_boundary,0,3,0.7083333333333334,7104,0.6608799046765806,19,0,19,0.028560944158996533,False,1.1531226193734074,True
True,4,0.05,target,0.017228156768915613,0.0006421356901175468,eliminated,1.0,0.4,0.08235337607938904,8.736550701241109e-10,0.22871953970018968,-0.03214162732000159,1.0,0.25,1,local syndrome decode plus bounded relation feedback,0.9707875457875457,0.9999999825268986,0.0,True,calibration,dispersed_equal_weight_corruption,0.07978883314029586,1.0,0.10550048323129843,4,0.25000000000000006,within_radius,0,4,1.0,7104,0.9999999917189473,6,0,6,0.08512184119924147,False,1.0062606702064865,False
True,4,0.05,rt02_frozen_baseline,0.02511195009058684,0.0012700496487501169,not_applicable,,0.4,0.08237087503707752,0.0015158815251735752,0.2287176558107599,-0.03236094319416289,1.0,0.25,1,unchanged RT-02 one-bit orientation mechanism,0.9707875457875457,0.9696823694965285,0.0,,calibration,dispersed_equal_weight_corruption,0.07978883314029586,1.0,0.10550048323129843,4,0.25000000000000006,within_radius,0,4,1.0,7104,0.9856315205509516,,,,0.08512937675696063,False,1.0062533269773284,False
True,4,0.05,passive_relaxation,0.0,0.0,not_applicable,,0.4,0.07978883314029586,0.10550048323129843,0.25000000000000006,0.0,0.9166666666666666,0.25,1,no restorative mechanism,0.9687271062271061,0.0,0.0,,calibration,dispersed_equal_weight_corruption,0.07978883314029586,1.0,0.10550048323129843,4,0.25000000000000006,within_radius,0,4,0.9166666666666666,7104,0.0,,,,0.0,False,1.0093501885708211,False
True,4,0.05,operator_only,0.12063535868300392,0.02744209442918152,not_applicable,,0.4,0.1836140114656178,0.049748512078233026,0.42682876501361716,-1.3012494886691977,0.625,0.25,1,matched bounded smoothing without parity,0.9082875457875457,0.005029758435339482,0.7073150600544682,,calibration,dispersed_equal_weight_corruption,0.07978883314029586,1.0,0.10550048323129843,4,0.25000000000000006,within_radius,0,4,0.625,7104,0.5284522823543397,,,,-0.7073150600544683,False,0.7992466517140957,False
True,4,0.05,random_parity_checks,0.07870234156600969,0.011432887542649154,eliminated,0.5625,0.4,0.10432392786262841,0.10209776006323178,0.33600386665342524,-0.3075003575900342,0.6875,0.25,1,degree-matched checks on unrelated variables,0.9423992673992673,0.0,0.34401546661370075,False,calibration,dispersed_equal_weight_corruption,0.07978883314029586,1.0,0.10550048323129843,4,0.25000000000000006,within_radius,0,4,0.6875,7104,0.0322531524391841,22,0,22,-0.3440154666137007,False,0.9515294042689951,True
True,4,0.05,memory_budget_random_bits,0.05030119554108139,0.005489339594841225,eliminated,0.75,0.4,0.09832838708985425,0.08616819345357975,0.29630579013642744,-0.232357752581236,0.75,0.25,1,32 random bits replace structured parity,0.9517399267399266,0.0,0.18522316054570953,False,calibration,dispersed_equal_weight_corruption,0.07978883314029586,1.0,0.10550048323129843,4,0.25000000000000006,within_radius,0,4,0.75,7104,0.1832436135418899,12,0,12,-0.1852231605457095,False,0.9776596857498893,True
True,5,0.05,target,0.05889173227086135,0.007503413335883041,eliminated,0.875,0.4,0.17412077326410874,0.22848097941547502,0.4928077574317557,0.008059111605568162,0.875,0.55,3,local syndrome decode plus bounded relation feedback,0.9012362637362636,0.0,0.0,False,calibration,dispersed_equal_weight_corruption,0.17553543290865128,1.0,0.3912199989270464,8,0.5500000000000002,above_radius,11,8,0.875,7104,0.41597827298680223,5,0,5,0.10398589557862625,False,1.1403851033660566,True
True,5,0.05,rt02_frozen_baseline,0.13096187673688264,0.020249301736323385,not_applicable,,0.4,0.18328593036274618,0.0015158815251737944,0.46460610921929546,-0.044153464207583995,1.0,0.55,3,unchanged RT-02 one-bit orientation mechanism,0.9222985347985347,0.9696823694965241,0.0,,calibration,dispersed_equal_weight_corruption,0.17553543290865128,1.0,0.3912199989270464,8,0.5500000000000002,above_radius,4,8,1.0,7104,0.996125245311254,,,,0.1552616196012812,False,1.1439186075093444,False
True,5,0.05,passive_relaxation,0.0,0.0,not_applicable,,0.4,0.17553543290865128,0.3912199989270464,0.5500000000000002,0.0,0.8333333333333334,0.55,3,no restorative mechanism,0.8876373626373626,0.0,0.0,,calibration,dispersed_equal_weight_corruption,0.17553543290865128,1.0,0.3912199989270464,8,0.5500000000000002,above_radius,61,8,0.8333333333333334,7104,0.0,,,,0.0,False,1.1855704148558066,False
True,5,0.05,operator_only,0.16107865117438966,0.04956672436370839,not_applicable,,0.4,0.25351617637926904,0.04977364535686386,0.47804574185308285,-0.4442450289292816,0.6041666666666666,0.55,3,matched bounded smoothing without parity,0.8834706959706959,0.004527092862722792,0.0,,calibration,dispersed_equal_weight_corruption,0.17553543290865128,1.0,0.3912199989270464,8,0.5500000000000002,above_radius,61,8,0.6041666666666666,7104,0.8727732593083886,,,,0.13082592390348596,False,0.7947575305843952,False
True,5,0.05,random_parity_checks,0.0793239966853216,0.01336731167168622,eliminated,0.5625,0.4,0.1902711663034568,0.33060008502405613,0.5650366892146915,-0.08394734413805789,0.6458333333333334,0.55,3,degree-matched checks on unrelated variables,0.8758699633699633,0.0,0.027339434935802487,False,calibration,dispersed_equal_weight_corruption,0.17553543290865128,1.0,0.3912199989270464,8,0.5500000000000002,above_radius,61,8,0.6458333333333334,7104,0.1549509587169507,16,0,16,-0.02733943493580248,False,1.1025732541432682,True
True,5,0.05,memory_budget_random_bits,0.052630058710584,0.005992934587178632,eliminated,0.7291666666666666,0.4,0.20267235560742472,0.3243665069224732,0.5350540418815332,-0.1545951278844967,0.7291666666666666,0.55,3,32 random bits replace structured parity,0.8888736263736261,0.0,0.0,False,calibration,dispersed_equal_weight_corruption,0.17553543290865128,1.0,0.3912199989270464,8,0.5500000000000002,above_radius,61,8,0.7291666666666666,7104,0.17088464850448465,13,0,13,0.02717446930630362,False,1.1518479023687271,True
True,3,0.05,target,0.0074341755864809215,0.00011956795669607195,eliminated,1.0,0.4,0.22532999288053485,3.7699364309618055e-10,0.24694214659297492,0.016486114196559824,1.0,0.25,1,local syndrome decode plus bounded relation feedback,0.9620421245421245,0.9999999924601272,0.0,True,calibration,topology_preserving_identity_disruption,0.2291070783372428,1.0,0.04552484211283533,3,0.25000000000000006,within_radius,0,3,1.0,7104,0.9999999917189467,5,0,5,0.012231413628100537,False,0.9141903793328348,False
True,3,0.05,rt02_frozen_baseline,0.012764955090974623,0.00022771687985580598,not_applicable,,0.4,0.2257889275537181,0.008790769899383311,0.24703373068634724,0.014482969306781661,0.9791666666666666,0.25,1,unchanged RT-02 one-bit orientation mechanism,0.9619505494505494,0.8241846020123338,0.0,,calibration,topology_preserving_identity_disruption,0.2291070783372428,1.0,0.04552484211283533,3,0.25000000000000006,within_radius,0,3,0.9791666666666666,7104,0.8069016938577183,,,,0.011865077254611275,False,0.914171777011521,False
True,3,0.05,passive_relaxation,0.0,0.0,not_applicable,,0.4,0.2291070783372428,0.04552484211283533,0.25000000000000006,0.0,0.9375,0.25,1,no restorative mechanism,0.9616300366300365,0.08950315774329354,0.0,,calibration,topology_preserving_identity_disruption,0.2291070783372428,1.0,0.04552484211283533,3,0.25000000000000006,within_radius,0,3,0.9375,7104,0.0,,,,0.0,False,0.9145780711768248,False
True,3,0.05,operator_only,0.10428062315210469,0.02040816980128487,not_applicable,,0.4,0.2741645981550983,0.04974765298231231,0.4700724724228333,-0.19666576932001803,0.6875,0.25,1,matched bounded smoothing without parity,0.8665293040293038,0.005046940353753859,0.8802898896913327,,calibration,topology_preserving_identity_disruption,0.2291070783372428,1.0,0.04552484211283533,3,0.25000000000000006,within_radius,0,3,0.6875,7104,-0.09275838582834754,,,,-0.8802898896913327,False,0.7600526156573197,False
True,3,0.05,random_parity_checks,0.06002219832150699,0.00629708898132047,eliminated,0.5,0.4,0.24900947659456532,0.10423535873031385,0.32717068103888236,-0.08686941670141865,0.7083333333333334,0.25,1,degree-matched checks on unrelated variables,0.9384615384615382,0.0,0.3086827241555292,False,calibration,topology_preserving_identity_disruption,0.2291070783372428,1.0,0.04552484211283533,3,0.25000000000000006,within_radius,0,3,0.7083333333333334,7104,-1.289636907953726,13,0,13,-0.30868272415552916,False,0.885744571269139,True
True,3,0.05,memory_budget_random_bits,0.0563539043004459,0.00687315652521175,eliminated,0.75,0.4,0.21869684128726427,0.04999021612187711,0.32340601203815217,0.04543830389497961,0.75,0.25,1,32 random bits replace structured parity,0.9251373626373627,0.00019567756245786327,0.29362404815260845,False,calibration,topology_preserving_identity_disruption,0.2291070783372428,1.0,0.04552484211283533,3,0.25000000000000006,within_radius,0,3,0.75,7104,-0.09808653477532456,17,0,17,-0.2936240481526084,False,0.8747325211375329,True
True,6,0.05,target,0.022372673837291114,0.0010828915412664161,eliminated,0.9375,0.4,0.4919412315444276,0.06826365094697955,0.5401650431867797,0.023995014362402527,0.9375,0.55,2,local syndrome decode plus bounded relation feedback,0.8240384615384614,0.0,0.0,False,calibration,topology_preserving_identity_disruption,0.5040355723419341,1.0,0.1387879182182262,7,0.5500000000000002,near_above_boundary,9,7,0.9375,7104,0.5081441394657732,11,0,11,0.017881739660400797,False,0.9716339159441858,True
True,6,0.05,rt02_frozen_baseline,0.03914665504556904,0.0021416374862284135,not_applicable,,0.4,0.4900799086510124,0.004536568548675604,0.5386323794339473,0.027687854700569108,1.0,0.55,2,unchanged RT-02 one-bit orientation mechanism,0.8231227106227105,0.909268629026488,0.0,,calibration,topology_preserving_identity_disruption,0.5040355723419341,1.0,0.1387879182182262,7,0.5500000000000002,near_above_boundary,3,7,1.0,7104,0.9673129433244873,,,,0.020668401029187072,False,0.9716354990400611,False
True,6,0.05,passive_relaxation,0.0,0.0,not_applicable,,0.4,0.5040355723419341,0.1387879182182262,0.5500000000000002,0.0,0.8541666666666666,0.55,2,no restorative mechanism,0.8234432234432234,0.0,0.0,,calibration,topology_preserving_identity_disruption,0.5040355723419341,1.0,0.1387879182182262,7,0.5500000000000002,near_above_boundary,61,7,0.8541666666666666,7104,0.0,,,,0.0,False,0.9770717565890145,False
True,6,0.05,operator_only,0.10848891155864679,0.0220467385024715,not_applicable,,0.4,0.4906029663852775,0.04976878827157844,0.6451412420811381,0.026650114979472107,0.6666666666666666,0.55,2,matched bounded smoothing without parity,0.7791666666666666,0.004624234568431196,0.17298407651115988,,calibration,topology_preserving_identity_disruption,0.5040355723419341,1.0,0.1387879182182262,7,0.5500000000000002,near_above_boundary,61,7,0.6666666666666666,7104,0.6414040291798065,,,,-0.17298407651115985,False,0.8108824058789527,False
True,6,0.05,random_parity_checks,0.05560974175368158,0.006184189586192217,eliminated,0.75,0.4,0.49671119636831,0.11453872742923886,0.5752870111450917,0.014531466379629375,0.75,0.55,2,degree-matched checks on unrelated variables,0.7962912087912087,0.0,0.04597638390016656,False,calibration,topology_preserving_identity_disruption,0.5040355723419341,1.0,0.1387879182182262,7,0.5500000000000002,near_above_boundary,61,7,0.75,7104,0.17472119403692327,15,0,15,-0.045976383900166486,False,0.9417067653246652,True
True,6,0.05,memory_budget_random_bits,0.05807029070143675,0.007326748386805372,eliminated,0.6666666666666666,0.4,0.4945574526818078,0.1572466865808822,0.5830427369230544,0.0188044657564296,0.6666666666666666,0.55,2,32 random bits replace structured parity,0.791025641025641,0.0,0.060077703496462354,False,calibration,topology_preserving_identity_disruption,0.5040355723419341,1.0,0.1387879182182262,7,0.5500000000000002,near_above_boundary,61,7,0.6666666666666666,7104,-0.13299982159565185,16,0,16,-0.06007770349646228,False,0.93250689208795,True
True,2,0.02,target,0.003557514789135914,1.768683280656623e-05,eliminated,0.875,0.7,0.033882533106699586,0.16816665963704405,0.25011620075321306,-0.0004379077417705228,0.875,0.25,2,local syndrome decode plus bounded relation feedback,0.9840201465201464,0.0,0.0004648030128522329,False,calibration,localized_block_shock,0.033867702177719984,1.0,0.16010861456571088,4,0.25,near_above_boundary,0,4,0.875,7101,-0.05032861656563793,4,0,4,-0.0004648030128522329,False,1.1032935483725588,True
True,2,0.02,rt02_frozen_baseline,0.032996642756292986,0.003078514772338462,not_applicable,,0.7,0.043681389855976,0.0,0.2136697565317694,-0.2897653825688828,1.0,0.25,2,unchanged RT-02 one-bit orientation mechanism,0.9887362637362638,1.0,0.0,,calibration,localized_block_shock,0.033867702177719984,1.0,0.16010861456571088,4,0.25,near_above_boundary,0,4,1.0,7101,1.0,,,,0.14532097387292242,False,1.0974026568985138,False
True,2,0.02,passive_relaxation,0.0,0.0,not_applicable,,0.7,0.033867702177719984,0.16010861456571088,0.25,0.0,0.9166666666666666,0.25,2,no restorative mechanism,0.9841117216117214,0.0,0.0,,calibration,localized_block_shock,0.033867702177719984,1.0,0.16010861456571088,4,0.25,near_above_boundary,0,4,0.9166666666666666,7101,0.0,,,,0.0,False,1.1033146654772856,False
True,2,0.02,operator_only,0.16411811449338162,0.0358511139079563,not_applicable,,0.7,0.12293565624502568,0.01999832531659092,0.4219143223348355,-2.6298788621656013,0.7291666666666666,0.25,2,matched bounded smoothing without parity,0.905128205128205,8.373417045393072e-05,0.687657289339342,,calibration,localized_block_shock,0.033867702177719984,1.0,0.16010861456571088,4,0.25,near_above_boundary,0,4,0.7291666666666666,7101,0.8750952572362474,,,,-0.687657289339342,False,0.9541615714607575,False
True,2,0.02,random_parity_checks,0.06729574748521765,0.00650584812904527,eliminated,0.3125,0.7,0.030122529868081737,0.06341457693865564,0.2591677402999196,0.1105824153639223,0.7708333333333334,0.25,2,degree-matched checks on unrelated variables,0.9672161172161171,0.0,0.0366709611996785,False,calibration,localized_block_shock,0.033867702177719984,1.0,0.16010861456571088,4,0.25,near_above_boundary,0,4,0.7708333333333334,7101,0.6039277642201483,16,0,16,-0.0366709611996785,False,1.0800892504011004,True
True,2,0.02,memory_budget_random_bits,0.08020355808240266,0.008991450518141998,eliminated,0.6875,0.7,0.03479435525135057,0.1388181840399571,0.29254919376497607,-0.02736096676320102,0.6875,0.25,2,32 random bits replace structured parity,0.9603937728937728,0.0,0.17019677505990427,False,calibration,localized_block_shock,0.033867702177719984,1.0,0.16010861456571088,4,0.25,near_above_boundary,0,4,0.6875,7101,0.13297492195222185,15,0,15,-0.17019677505990427,False,1.0752459412145363,True
True,2,0.02,target,0.00355751478913591,1.7686832806566208e-05,eliminated,0.875,0.7,0.074515687293306,0.5117880224026001,0.5500528282621785,-9.049252195125514e-05,0.875,0.55,2,local syndrome decode plus bounded relation feedback,0.9180860805860805,0.0,9.605138577906125e-05,False,calibration,localized_block_shock,0.07450894479098394,1.0,0.5033510097340295,4,0.55,near_above_boundary,0,4,0.875,7101,-0.016761688176663795,4,0,4,-9.605138577900068e-05,False,1.3922711469453015,True
True,2,0.02,rt02_frozen_baseline,0.14067457328684016,0.027333666871374368,not_applicable,,0.7,0.10488019175674826,0.0,0.4535534448388385,-0.4076188040370616,1.0,0.55,2,unchanged RT-02 one-bit orientation mechanism,0.9453754578754578,1.0,0.0,,calibration,localized_block_shock,0.07450894479098394,1.0,0.5033510097340295,4,0.55,near_above_boundary,0,4,1.0,7101,1.0,,,,0.17535737302029367,False,1.330466295086818,False
True,2,0.02,passive_relaxation,0.0,0.0,not_applicable,,0.7,0.07450894479098394,0.5033510097340295,0.55,0.0,0.9166666666666666,0.55,2,no restorative mechanism,0.9181776556776555,0.0,0.0,,calibration,localized_block_shock,0.07450894479098394,1.0,0.5033510097340295,4,0.55,near_above_boundary,0,4,0.9166666666666666,7101,0.0,,,,0.0,False,1.3922922640500284,False
True,2,0.02,operator_only,0.20535560676389777,0.05619713247297138,not_applicable,,0.7,0.12782009293892785,0.01999832549856293,0.5459046712365943,-0.715499975170698,0.7291666666666666,0.55,2,matched bounded smoothing without parity,0.8617216117216117,8.372507185350209e-05,0.0,,calibration,localized_block_shock,0.07450894479098394,1.0,0.5033510097340295,4,0.55,near_above_boundary,0,4,0.7291666666666666,7101,0.9602696227645792,,,,0.00744605229710144,False,1.157771562115978,False
True,2,0.02,random_parity_checks,0.11215153048524634,0.017892901137248104,eliminated,0.5,0.7,0.07623313272192496,0.3845453945428466,0.5349664694016436,-0.02314068379008447,0.7083333333333334,0.55,2,degree-matched checks on unrelated variables,0.8929945054945054,0.0,0.0,False,calibration,localized_block_shock,0.07450894479098394,1.0,0.5033510097340295,4,0.55,near_above_boundary,0,4,0.7083333333333334,7101,0.23602935703647387,16,0,16,0.027333691997011703,False,1.3257483256557214,True
True,2,0.02,memory_budget_random_bits,0.09822513835546992,0.013483478298844859,eliminated,0.7708333333333334,0.7,0.07232218484145196,0.354891385856899,0.5312569106264471,0.029348958781611804,0.7708333333333334,0.55,2,32 random bits replace structured parity,0.9060439560439558,0.0,0.0,False,calibration,localized_block_shock,0.07450894479098394,1.0,0.5033510097340295,4,0.55,near_above_boundary,0,4,0.7708333333333334,7101,0.29494253712846724,11,0,11,0.034078344315550825,False,1.3497203428839,True
True,5,0.02,target,0.030596390139615216,0.0013089002734101023,eliminated,1.0,0.7,0.027123211080636183,2.9319826455675643e-09,0.22932646292736772,0.1296635402126021,1.0,0.25,1,local syndrome decode plus bounded relation feedback,0.9751831501831502,0.9999998534008677,0.0,True,calibration,sparse_node_corruption,0.03116405244847691,1.0,0.10706506259025693,5,0.24999999999999997,within_radius,2,5,1.0,7101,0.9999999726149449,6,0,6,0.08269414829052903,False,1.0288599276830863,False
True,5,0.02,rt02_frozen_baseline,0.032953759438795104,0.0015310526330153842,not_applicable,,0.7,0.026826558038943595,0.000970954031474034,0.22688922700815084,0.1391826180726795,1.0,0.25,1,unchanged RT-02 one-bit orientation mechanism,0.976098901098901,0.9514522984262983,0.0,,calibration,sparse_node_corruption,0.03116405244847691,1.0,0.10706506259025693,5,0.24999999999999997,within_radius,1,5,1.0,7101,0.9909311776597944,,,,0.09244309196739654,False,1.0290130466859284,False
True,5,0.02,passive_relaxation,0.0,0.0,not_applicable,,0.7,0.03116405244847691,0.10706506259025693,0.24999999999999997,0.0,0.8958333333333334,0.25,1,no restorative mechanism,0.9725274725274725,0.0,0.0,,calibration,sparse_node_corruption,0.03116405244847691,1.0,0.10706506259025693,5,0.24999999999999997,within_radius,61,5,0.8958333333333334,7101,0.0,,,,0.0,False,1.0327293788893146,False
True,5,0.02,operator_only,0.1949692771989967,0.049836855099817924,not_applicable,,0.7,0.16255786354681406,0.019998582122760945,0.39868166588485376,-4.216197855383817,0.6458333333333334,0.25,1,matched bounded smoothing without parity,0.9114926739926741,7.089386195280323e-05,0.5947266635394153,,calibration,sparse_node_corruption,0.03116405244847691,1.0,0.10706506259025693,5,0.24999999999999997,within_radius,61,5,0.6458333333333334,7101,0.8132109425901476,,,,-0.5947266635394153,False,0.833675169136729,False
True,5,0.02,random_parity_checks,0.0838290680379766,0.01092787106842808,eliminated,0.6875,0.7,0.06656438064999785,0.10676211250715921,0.31877390642086956,-1.1359346882132166,0.6041666666666666,0.25,1,degree-matched checks on unrelated variables,0.9374084249084248,0.0,0.27509562568347845,False,calibration,sparse_node_corruption,0.03116405244847691,1.0,0.10706506259025693,5,0.24999999999999997,within_radius,61,5,0.6041666666666666,7101,0.0028295886236682434,19,0,19,-0.2750956256834784,False,0.9864332132370819,True
True,5,0.02,memory_budget_random_bits,0.13991228853638088,0.027375609665574823,eliminated,0.6875,0.7,0.07740799382181122,0.0954730567877404,0.28921620568126394,-1.4838872912882166,0.6875,0.25,1,32 random bits replace structured parity,0.9511446886446887,0.0,0.15686482272505597,False,calibration,sparse_node_corruption,0.03116405244847691,1.0,0.10706506259025693,5,0.24999999999999997,within_radius,61,5,0.6875,7101,0.10827066759284197,14,0,14,-0.1568648227250559,False,0.9443036214357964,True
True,6,0.02,target,0.0867207886120761,0.010554542203887218,eliminated,0.9375,0.7,0.04686897407274774,0.18115429626504412,0.4768578037672624,0.31638931877688126,0.9375,0.55,3,local syndrome decode plus bounded relation feedback,0.9263278388278386,0.0,0.0,False,calibration,sparse_node_corruption,0.06856091538664902,1.0,0.35341841364918747,8,0.55,above_radius,12,8,0.9375,7101,0.48742258674483585,6,0,6,0.13298581133225026,False,1.1994651079597811,True
True,6,0.02,rt02_frozen_baseline,0.10162690646270549,0.01686302906433493,not_applicable,,0.7,0.051637449016631906,0.055915179610949675,0.45878025649617643,0.24683839582037798,0.9791666666666666,0.55,3,unchanged RT-02 one-bit orientation mechanism,0.9360347985347984,0.0,0.0,,calibration,sparse_node_corruption,0.06856091538664902,1.0,0.35341841364918747,8,0.55,above_radius,10,8,0.9791666666666666,7101,0.8417875881632683,,,,0.1658540790978611,False,1.1931829974294657,False
True,6,0.02,passive_relaxation,0.0,0.0,not_applicable,,0.7,0.06856091538664902,0.35341841364918747,0.55,0.0,0.8333333333333334,0.55,3,no restorative mechanism,0.9013278388278388,0.0,0.0,,calibration,sparse_node_corruption,0.06856091538664902,1.0,0.35341841364918747,8,0.55,above_radius,61,8,0.8333333333333334,7101,0.0,,,,0.0,False,1.237004633556492,False
True,6,0.02,operator_only,0.2753021561880333,0.09921684168792032,not_applicable,,0.7,0.18486633368978164,0.019998890573245245,0.4535852148263451,-1.6963807680692222,0.6041666666666666,0.55,3,matched bounded smoothing without parity,0.8785256410256409,5.547133773775581e-05,0.0,,calibration,sparse_node_corruption,0.06856091538664902,1.0,0.35341841364918747,8,0.55,above_radius,61,8,0.6041666666666666,7101,0.9434129920771569,,,,0.1752996094066453,False,0.8423712883270336,False
True,6,0.02,random_parity_checks,0.2475322702471568,0.0731755128737114,eliminated,0.375,0.7,0.11438852519669941,0.32303336093263135,0.5194419260335982,-0.6684217903393758,0.6666666666666666,0.55,3,degree-matched checks on unrelated variables,0.8874999999999998,0.0,0.0,False,calibration,sparse_node_corruption,0.06856091538664902,1.0,0.35341841364918747,8,0.55,above_radius,61,8,0.6666666666666666,7101,0.08597473007367729,19,0,19,0.05556013448436702,False,1.0581523295428394,True
True,6,0.02,memory_budget_random_bits,0.21717954481101268,0.06593903683516034,eliminated,0.6666666666666666,0.7,0.1191975892031693,0.2713631358536301,0.48144769419304295,-0.7385647278913204,0.6666666666666666,0.55,3,32 random bits replace structured parity,0.8849358974358973,0.0,0.0,False,calibration,sparse_node_corruption,0.06856091538664902,1.0,0.35341841364918747,8,0.55,above_radius,61,8,0.6666666666666666,7101,0.2321760118503832,16,0,16,0.12464055601264924,False,1.0223794033257207,True
True,7,0.02,target,0.02730998905081542,0.0010338420001701622,eliminated,0.9375,0.7,0.0042659605975939085,0.08616291658389866,0.24398424536390498,0.0,0.9375,0.25,2,local syndrome decode plus bounded relation feedback,0.9719322344322343,0.0,0.0,False,calibration,relational_twist,1.2735351676303877e-16,1.0,0.09253563266476232,8,0.24999999999999997,near_above_boundary,5,8,0.9375,7101,0.06886769882420009,10,0,10,0.02406301854437998,False,1.0596294567307196,True
True,7,0.02,rt02_frozen_baseline,0.019815127683901326,0.0005487194978515241,not_applicable,,0.7,0.006188270336034663,0.06732081111038939,0.2422104055414154,0.0,0.9583333333333334,0.25,2,unchanged RT-02 one-bit orientation mechanism,0.9703754578754578,0.0,0.0,,calibration,relational_twist,1.2735351676303877e-16,1.0,0.09253563266476232,8,0.24999999999999997,near_above_boundary,2,8,0.9583333333333334,7101,0.27248769828722175,,,,0.031158377834338283,False,1.0614908142223562,False
True,7,0.02,passive_relaxation,0.0,0.0,not_applicable,,0.7,1.2735351676303877e-16,0.09253563266476232,0.24999999999999997,0.0,0.8333333333333334,0.25,2,no restorative mechanism,0.9648351648351647,0.0,0.0,,calibration,relational_twist,1.2735351676303877e-16,1.0,0.09253563266476232,8,0.24999999999999997,near_above_boundary,61,8,0.8333333333333334,7101,0.0,,,,0.0,False,1.0625,False
True,7,0.02,operator_only,0.180583979941122,0.043236509989834124,not_applicable,,0.7,0.14644566137040768,0.019998325374583632,0.42189114739382866,0.0,0.6458333333333334,0.25,2,matched bounded smoothing without parity,0.8991300366300365,8.373127081839904e-05,0.6875645895753149,,calibration,relational_twist,1.2735351676303877e-16,1.0,0.09253563266476232,8,0.24999999999999997,near_above_boundary,61,8,0.6458333333333334,7101,0.7838851391762406,,,,-0.6875645895753149,False,0.8844672030116506,False
True,7,0.02,random_parity_checks,0.12381706308006218,0.02032107247701592,eliminated,0.625,0.7,0.059832090834322206,0.09062041220162176,0.3371245334827,0.0,0.625,0.25,2,degree-matched checks on unrelated variables,0.929716117216117,0.0,0.3484981339308002,False,calibration,relational_twist,1.2735351676303877e-16,1.0,0.09253563266476232,8,0.24999999999999997,near_above_boundary,61,8,0.625,7101,0.0206971131875114,15,0,15,-0.34849813393080015,False,0.9980014262764545,True
True,7,0.02,memory_budget_random_bits,0.09648639865910229,0.013013069436308092,eliminated,0.6666666666666666,0.7,0.03831922382277075,0.10460930515094735,0.3017616522878147,0.0,0.6666666666666666,0.25,2,32 random bits replace structured parity,0.9461080586080586,0.0,0.20704660915125905,False,calibration,relational_twist,1.2735351676303877e-16,1.0,0.09253563266476232,8,0.24999999999999997,near_above_boundary,61,8,0.6666666666666666,7101,-0.13047592736438596,17,0,17,-0.20704660915125897,False,1.0216850156908879,True
True,10,0.02,target,0.06602233843509303,0.006091412974664964,eliminated,0.875,0.7,0.011495980142902788,0.23967352989068888,0.5274907468766958,0.0,0.875,0.55,2,local syndrome decode plus bounded relation feedback,0.8755494505494505,0.0,0.0,False,calibration,relational_twist,1.3895407871082206e-17,1.0,0.2630642224306749,12,0.55,near_above_boundary,61,12,0.875,7101,0.0889162818260098,12,0,12,0.04092591476964401,False,1.2838069791772777,True
True,10,0.02,rt02_frozen_baseline,0.05836810588049395,0.005816104781303747,not_applicable,,0.7,0.023529285291507582,0.13654340618185215,0.517556774136254,0.0,0.9583333333333334,0.55,2,unchanged RT-02 one-bit orientation mechanism,0.8819597069597069,0.0,0.0,,calibration,relational_twist,1.3895407871082206e-17,1.0,0.2630642224306749,12,0.55,near_above_boundary,6,12,0.9583333333333334,7101,0.48095029829518027,,,,0.058987683388629156,False,1.2878863975040178,False
True,10,0.02,passive_relaxation,0.0,0.0,not_applicable,,0.7,1.3895407871082206e-17,0.2630642224306749,0.55,0.0,0.75,0.55,2,no restorative mechanism,0.8510531135531135,0.0,0.0,,calibration,relational_twist,1.3895407871082206e-17,1.0,0.2630642224306749,12,0.55,near_above_boundary,61,12,0.75,7101,0.0,,,,0.0,False,1.3025000000000002,False
True,10,0.02,operator_only,0.2337765155587785,0.0724423626405022,not_applicable,,0.7,0.14644566137040785,0.019998325626361262,0.5458184088914737,0.0,0.5416666666666666,0.55,2,matched bounded smoothing without parity,0.8568681318681317,8.371868193690624e-05,0.0,,calibration,relational_twist,1.3895407871082206e-17,1.0,0.2630642224306749,12,0.55,near_above_boundary,61,12,0.5416666666666666,7101,0.9239793026905002,,,,0.007602892924593343,False,1.004392798247189,False
True,10,0.02,random_parity_checks,0.12483080404386242,0.018865798644914788,eliminated,0.625,0.7,0.029642097579443544,0.20998054682135492,0.5354555647986552,0.0,0.7083333333333334,0.55,2,degree-matched checks on unrelated variables,0.8643315018315018,0.0,0.0,False,calibration,relational_twist,1.3895407871082206e-17,1.0,0.2630642224306749,12,0.55,near_above_boundary,61,12,0.7083333333333334,7101,0.20178979535428493,12,0,12,0.026444427638808818,False,1.256977795638801,True
True,10,0.02,memory_budget_random_bits,0.13828476525787645,0.026753333127205552,eliminated,0.6875,0.7,0.04296018648515142,0.159002505427528,0.5441037169984706,0.0,0.6875,0.55,2,32 random bits replace structured parity,0.8710164835164834,0.0,0.0,False,calibration,relational_twist,1.3895407871082206e-17,1.0,0.2630642224306749,12,0.55,near_above_boundary,61,12,0.6875,7101,0.39557533153551583,16,0,16,0.010720514548235355,False,1.2155052188367552,True
True,4,0.02,target,0.0510149295890164,0.0036291358294785196,eliminated,0.875,0.7,0.045890598059897314,0.15863713691383965,0.24886574709288375,-0.07618432435731172,0.875,0.25,2,local syndrome decode plus bounded relation feedback,0.9604395604395602,0.0,0.0,False,calibration,clustered_symbol_corruption,0.04264194991624952,1.0,0.13706870175931976,6,0.24999999999999997,near_above_boundary,5,6,0.875,7101,-0.1573549240467172,6,0,6,0.004537011628464872,False,0.9923026807015609,True
True,4,0.02,rt02_frozen_baseline,0.031453717835576774,0.002443688915630057,not_applicable,,0.7,0.039250874244175615,0.0,0.19616731229173537,0.07952440445932024,1.0,0.25,2,unchanged RT-02 one-bit orientation mechanism,0.9739010989010988,1.0,0.0,,calibration,clustered_symbol_corruption,0.04264194991624952,1.0,0.13706870175931976,6,0.24999999999999997,near_above_boundary,4,6,1.0,7101,1.0,,,,0.21533075083305844,False,0.9966861784282242,False
True,4,0.02,passive_relaxation,0.0,0.0,not_applicable,,0.7,0.04264194991624952,0.13706870175931976,0.24999999999999997,0.0,0.875,0.25,2,no restorative mechanism,0.9603937728937728,0.0,0.0,,calibration,clustered_symbol_corruption,0.04264194991624952,1.0,0.13706870175931976,6,0.24999999999999997,near_above_boundary,61,6,0.875,7101,0.0,,,,0.0,False,1.003471216587631,False
True,4,0.02,operator_only,0.15948759697042106,0.033827470837547065,not_applicable,,0.7,0.15177060455273797,0.019998775276257073,0.4028714875407333,-2.5591853761570813,0.7291666666666666,0.25,2,matched bounded smoothing without parity,0.907967032967033,6.123618714637402e-05,0.6114859501629335,,calibration,clustered_symbol_corruption,0.04264194991624952,1.0,0.13706870175931976,6,0.24999999999999997,near_above_boundary,61,6,0.7291666666666666,7101,0.8540967046483514,,,,-0.6114859501629335,False,0.8630548677980312,False
True,4,0.02,random_parity_checks,0.13012764906614782,0.020112743086508386,eliminated,0.375,0.7,0.08494610066128529,0.1664632241842657,0.3410104086277703,-0.9920782428599724,0.625,0.25,2,degree-matched checks on unrelated variables,0.9188644688644687,0.0,0.3640416345110815,False,calibration,clustered_symbol_corruption,0.04264194991624952,1.0,0.13706870175931976,6,0.24999999999999997,near_above_boundary,61,6,0.625,7101,-0.21445101651695853,16,0,16,-0.36404163451108146,False,0.9575221333422219,True
True,4,0.02,memory_budget_random_bits,0.1003470364240284,0.014124182611976335,eliminated,0.6666666666666666,0.7,0.08101163380886132,0.11141572511934764,0.32596064883018044,-0.8998107255407266,0.6666666666666666,0.25,2,32 random bits replace structured parity,0.9184065934065933,0.0,0.303842595320722,False,calibration,clustered_symbol_corruption,0.04264194991624952,1.0,0.13706870175931976,6,0.24999999999999997,near_above_boundary,61,6,0.6666666666666666,7101,0.1871541519742153,20,0,20,-0.30384259532072194,False,0.9572486849515391,True
True,4,0.02,target,0.10808790165222801,0.01632947830722726,eliminated,0.875,0.7,0.08261365615290976,0.3704110316949839,0.47212552915261385,0.11937277818112939,0.875,0.55,2,local syndrome decode plus bounded relation feedback,0.8760531135531133,0.0,0.0,False,calibration,clustered_symbol_corruption,0.09381228981574899,1.0,0.4698171976723648,6,0.55,near_above_boundary,61,6,0.875,7101,0.21158477482278865,6,0,6,0.1415899469952476,False,1.1189849407005825,True
True,4,0.02,rt02_frozen_baseline,0.1357182572351105,0.031502680341644954,not_applicable,,0.7,0.07560551417053471,0.0,0.36019388593634477,0.1940766575570546,1.0,0.55,2,unchanged RT-02 one-bit orientation mechanism,0.9354853479853479,1.0,0.0,,calibration,clustered_symbol_corruption,0.09381228981574899,1.0,0.4698171976723648,6,0.55,near_above_boundary,6,6,1.0,7101,1.0,,,,0.3451020255702823,False,1.0797933858429447,False
True,4,0.02,passive_relaxation,0.0,0.0,not_applicable,,0.7,0.09381228981574899,0.4698171976723648,0.55,0.0,0.875,0.55,2,no restorative mechanism,0.8378663003663004,0.0,0.0,,calibration,clustered_symbol_corruption,0.09381228981574899,1.0,0.4698171976723648,6,0.55,near_above_boundary,61,6,0.875,7101,0.0,,,,0.0,False,1.1726366764927876,False
True,4,0.02,operator_only,0.18395314647460095,0.04964646467317752,not_applicable,,0.7,0.16699270675766203,0.019999315569931883,0.471161247209782,-0.7800728144003547,0.6875,0.55,2,matched bounded smoothing without parity,0.8484432234432233,3.422150340581798e-05,0.0,,calibration,clustered_symbol_corruption,0.09381228981574899,1.0,0.4698171976723648,6,0.55,near_above_boundary,61,6,0.6875,7101,0.9574317081856191,,,,0.14334318689130557,False,0.9158715966718802,False
True,4,0.02,random_parity_checks,0.08247790613025542,0.008783024150868022,eliminated,0.75,0.7,0.11917420663812485,0.4620802887718159,0.5770400161017575,-0.27034748722355734,0.5833333333333334,0.55,2,degree-matched checks on unrelated variables,0.8164835164835165,0.0,0.04916366563955887,False,calibration,clustered_symbol_corruption,0.09381228981574899,1.0,0.4698171976723648,6,0.55,near_above_boundary,61,6,0.5833333333333334,7101,0.016467913347745028,18,0,18,-0.04916366563955897,False,1.1457555273524218,True
True,4,0.02,memory_budget_random_bits,0.08062134980290779,0.009108642528583089,eliminated,0.6458333333333334,0.7,0.10784417133049547,0.48732156455890285,0.5784127061928659,-0.14957402214897048,0.6458333333333334,0.55,2,32 random bits replace structured parity,0.808974358974359,0.0,0.051659465805210525,False,calibration,clustered_symbol_corruption,0.09381228981574899,1.0,0.4698171976723648,6,0.55,near_above_boundary,61,6,0.6458333333333334,7101,-0.03725782490138863,14,0,14,-0.05165946580521062,False,1.1427324853640068,True
True,5,0.02,target,0.04838815130100707,0.003284213364597429,eliminated,0.9375,0.7,0.042643845153249725,0.009999991768893341,0.23191713635816008,-0.030461932977814438,0.9375,0.25,2,local syndrome decode plus bounded relation feedback,0.974496336996337,0.5000004115553329,0.0,False,calibration,dispersed_equal_weight_corruption,0.0413832319162127,1.0,0.1343409992129396,6,0.24999999999999997,near_above_boundary,1,6,0.9375,7101,0.9255626217797988,8,0,8,0.07233145456735958,False,1.0751230069125661,True
True,5,0.02,rt02_frozen_baseline,0.02715087492315065,0.001172718656266405,not_applicable,,0.7,0.039643935107160404,0.09565582603221852,0.2318785519651952,0.04202902307325336,0.9791666666666666,0.25,2,unchanged RT-02 one-bit orientation mechanism,0.9762362637362636,0.0,0.0,,calibration,dispersed_equal_weight_corruption,0.0413832319162127,1.0,0.1343409992129396,6,0.24999999999999997,near_above_boundary,3,6,0.9791666666666666,7101,0.28796252378175674,,,,0.07248579213921914,False,1.0833592338678688,False
True,5,0.02,passive_relaxation,0.0,0.0,not_applicable,,0.7,0.0413832319162127,0.1343409992129396,0.24999999999999997,0.0,0.875,0.25,2,no restorative mechanism,0.9716117216117215,0.0,0.0,,calibration,dispersed_equal_weight_corruption,0.0413832319162127,1.0,0.1343409992129396,6,0.24999999999999997,near_above_boundary,61,6,0.875,7101,0.0,,,,0.0,False,1.0861892939532483,False
True,5,0.02,operator_only,0.14705993448672858,0.03184424973869507,not_applicable,,0.7,0.12187863514798447,0.019998415405378122,0.3985307275269525,-1.9451212364164359,0.7708333333333334,0.25,2,matched bounded smoothing without parity,0.9038461538461537,7.922973109386611e-05,0.5941229101078103,,calibration,dispersed_equal_weight_corruption,0.0413832319162127,1.0,0.1343409992129396,6,0.24999999999999997,near_above_boundary,61,6,0.7708333333333334,7101,0.8511369163357251,,,,-0.5941229101078103,False,0.9203594633486937,False
True,5,0.02,random_parity_checks,0.07492403527731507,0.007485401821501931,eliminated,0.3125,0.7,0.05309525111259129,0.15343071502104916,0.27855595609352735,-0.28301364233928206,0.6875,0.25,2,degree-matched checks on unrelated variables,0.9597527472527473,0.0,0.1142238243741096,False,calibration,dispersed_equal_weight_corruption,0.0413832319162127,1.0,0.1343409992129396,6,0.24999999999999997,near_above_boundary,61,6,0.6875,7101,-0.1420989565356073,21,0,21,-0.11422382437410951,False,1.0616444361532407,True
True,5,0.02,memory_budget_random_bits,0.09787520694275186,0.013428152598947554,eliminated,0.6041666666666666,0.7,0.035780345138565095,0.18573942794028517,0.29714414424906543,0.13539026601381912,0.6041666666666666,0.25,2,32 random bits replace structured parity,0.9466575091575089,0.0,0.18857657699626196,False,calibration,dispersed_equal_weight_corruption,0.0413832319162127,1.0,0.1343409992129396,6,0.24999999999999997,near_above_boundary,1,6,0.6041666666666666,7101,-0.3825967428296076,18,0,18,-0.18857657699626187,False,1.0409229000672995,True
True,7,0.02,target,0.1314648680485978,0.024157720093916205,eliminated,0.8125,0.7,0.07892252590828633,0.1661911513084742,0.4779633829244077,0.133130165244463,0.8125,0.55,3,local syndrome decode plus bounded relation feedback,0.8937271062271062,0.0,0.0,False,calibration,dispersed_equal_weight_corruption,0.09104311021566808,1.0,0.4282129143075685,11,0.55,above_radius,61,11,0.8125,7101,0.611895985021354,10,0,10,0.13097566741016786,False,1.276717356679279,True
True,7,0.02,rt02_frozen_baseline,0.11194042925541998,0.018893073810419027,not_applicable,,0.7,0.08720448003971988,0.211226244994557,0.4637964962337714,0.04216277505079771,0.9791666666666666,0.55,3,unchanged RT-02 one-bit orientation mechanism,0.9129578754578754,0.0,0.0,,calibration,dispersed_equal_weight_corruption,0.09104311021566808,1.0,0.4282129143075685,11,0.55,above_radius,5,11,0.9791666666666666,7101,0.5067261216628289,,,,0.1567336432113248,False,1.314982370739774,False
True,7,0.02,passive_relaxation,0.0,0.0,not_applicable,,0.7,0.09104311021566808,0.4282129143075685,0.55,0.0,0.7708333333333334,0.55,3,no restorative mechanism,0.8901556776556775,0.0,0.0,,calibration,dispersed_equal_weight_corruption,0.09104311021566808,1.0,0.4282129143075685,11,0.55,above_radius,61,11,0.7708333333333334,7101,0.0,,,,0.0,False,1.3546164466971462,False
True,7,0.02,operator_only,0.20299177729011741,0.061065079818209786,not_applicable,,0.7,0.09945220577469686,0.019998523789869955,0.45294280417735916,-0.0923638871641011,0.75,0.55,3,matched bounded smoothing without parity,0.8870421245421245,7.381050650223653e-05,0.0,,calibration,dispersed_equal_weight_corruption,0.09104311021566808,1.0,0.4282129143075685,11,0.55,above_radius,61,11,0.75,7101,0.9532977098035259,,,,0.17646762876843797,False,1.0327590981853763,False
True,7,0.02,random_parity_checks,0.14699221173515986,0.030503672414318197,eliminated,0.625,0.7,0.07886025338290958,0.38176171206980875,0.5383163737104966,0.13381415467792182,0.5416666666666666,0.55,3,degree-matched checks on unrelated variables,0.8734432234432234,0.0,0.0,False,calibration,dispersed_equal_weight_corruption,0.09104311021566808,1.0,0.4282129143075685,11,0.55,above_radius,61,11,0.5416666666666666,7101,0.10847688307783195,17,0,17,0.021242956890006326,False,1.242796743819337,True
True,7,0.02,memory_budget_random_bits,0.1276596538452275,0.02279978857113307,eliminated,0.6666666666666666,0.7,0.08291398561820236,0.372389008426945,0.5111993091700692,0.08928874000689328,0.6666666666666666,0.55,3,32 random bits replace structured parity,0.8895604395604395,0.0,0.0,False,calibration,dispersed_equal_weight_corruption,0.09104311021566808,1.0,0.4282129143075685,11,0.55,above_radius,61,11,0.6666666666666666,7101,0.13036483491137169,19,0,19,0.0705467105998743,False,1.278432922289543,True
True,8,0.02,target,0.023997635359748828,0.0008048103300831063,eliminated,1.0,0.7,0.23677117102760203,8.650456811495317e-17,0.24213190770287213,0.052232622672081716,1.0,0.25,1,local syndrome decode plus bounded relation feedback,0.9626373626373625,0.9999999999999957,0.0,True,calibration,topology_preserving_identity_disruption,0.24981992068047465,1.0,0.08397423094965095,8,0.24999999999999997,within_radius,4,8,1.0,7101,0.999999999999999,16,0,16,0.03147236918851138,False,0.90749725460223,False
True,8,0.02,rt02_frozen_baseline,0.017048744266133696,0.0004062014176192917,not_applicable,,0.7,0.24319633826205383,0.06666615976019133,0.24577815641327258,0.02651342775379601,0.9166666666666666,0.25,1,unchanged RT-02 one-bit orientation mechanism,0.960164835164835,0.0,0.0,,calibration,topology_preserving_identity_disruption,0.24981992068047465,1.0,0.08397423094965095,8,0.24999999999999997,within_radius,4,8,0.9166666666666666,7101,0.2061116963350001,,,,0.01688737434690957,False,0.9089423026809132,False
True,8,0.02,passive_relaxation,0.0,0.0,not_applicable,,0.7,0.24981992068047465,0.08397423094965095,0.24999999999999997,0.0,0.8333333333333334,0.25,1,no restorative mechanism,0.9587454212454212,0.0,0.0,,calibration,topology_preserving_identity_disruption,0.24981992068047465,1.0,0.08397423094965095,8,0.24999999999999997,within_radius,61,8,0.8333333333333334,7101,0.0,,,,0.0,False,0.9096352122760892,False
True,8,0.02,operator_only,0.15634761524671972,0.03241188533336635,not_applicable,,0.7,0.29325061439428785,0.01999855193017938,0.44730048759982816,-0.1738480005738295,0.7708333333333334,0.25,1,matched bounded smoothing without parity,0.8679945054945053,7.24034910309923e-05,0.7892019503993128,,calibration,topology_preserving_identity_disruption,0.24981992068047465,1.0,0.08397423094965095,8,0.24999999999999997,within_radius,61,8,0.7708333333333334,7101,0.7618489421812025,,,,-0.7892019503993128,False,0.776150262630175,False
True,8,0.02,random_parity_checks,0.08210729915441238,0.009884688869702365,eliminated,0.1875,0.7,0.25992359575180796,0.07198702948323761,0.32563439447467374,-0.040443832676802974,0.7291666666666666,0.25,1,degree-matched checks on unrelated variables,0.9182692307692307,0.0,0.3025375778986952,False,calibration,topology_preserving_identity_disruption,0.24981992068047465,1.0,0.08397423094965095,8,0.24999999999999997,within_radius,61,8,0.7291666666666666,7101,0.14274857097054686,16,0,16,-0.3025375778986951,False,0.8722395816615525,True
True,8,0.02,memory_budget_random_bits,0.08906123385500536,0.011089823601567116,eliminated,0.5833333333333334,0.7,0.2651871296743856,0.12162235306397305,0.32459521045275774,-0.06151314495678663,0.5833333333333334,0.25,1,32 random bits replace structured parity,0.9329670329670329,0.0,0.2983808418110312,False,calibration,topology_preserving_identity_disruption,0.24981992068047465,1.0,0.08397423094965095,8,0.24999999999999997,within_radius,61,8,0.5833333333333334,7101,-0.44832946593931966,18,0,18,-0.29838084181103114,False,0.8752551000421185,True
True,8,0.02,target,0.054902908332299966,0.004212607158652749,eliminated,0.875,0.7,0.5247202410328933,0.1570865286933683,0.5375686503995445,0.04527549356419988,0.875,0.55,2,local syndrome decode plus bounded relation feedback,0.8253205128205127,0.0,0.0,False,calibration,topology_preserving_identity_disruption,0.5496038254970443,1.0,0.21419223039387697,10,0.55,near_above_boundary,61,10,0.875,7101,0.26660958520996436,14,0,14,0.022602453819010097,False,0.9535193039008527,True
True,8,0.02,rt02_frozen_baseline,0.04799288005952095,0.003033692118204907,not_applicable,,0.7,0.5301756076649188,0.14411356676253498,0.5382490948041865,0.03534949527426468,0.9166666666666666,0.55,2,unchanged RT-02 one-bit orientation mechanism,0.8308150183150182,0.0,0.0,,calibration,topology_preserving_identity_disruption,0.5496038254970443,1.0,0.21419223039387697,10,0.55,near_above_boundary,7,10,0.9166666666666666,7101,0.327176497030143,,,,0.021365282174206482,False,0.9590380739902711,False
True,8,0.02,passive_relaxation,0.0,0.0,not_applicable,,0.7,0.5496038254970443,0.21419223039387697,0.55,0.0,0.7916666666666666,0.55,2,no restorative mechanism,0.8311355311355311,0.0,0.0,,calibration,topology_preserving_identity_disruption,0.5496038254970443,1.0,0.21419223039387697,10,0.55,near_above_boundary,61,10,0.7916666666666666,7101,0.0,,,,0.0,False,0.9661974670073963,False
True,8,0.02,operator_only,0.16113101370412947,0.034426720554617,not_applicable,,0.7,0.5324414428630716,0.019998823923163184,0.6362480540938751,0.031226825283560612,0.6458333333333334,0.55,2,matched bounded smoothing without parity,0.7559981684981684,5.880384184087095e-05,0.15681464380704546,,calibration,topology_preserving_identity_disruption,0.5496038254970443,1.0,0.21419223039387697,10,0.55,near_above_boundary,61,10,0.6458333333333334,7101,0.9066314222211167,,,,-0.15681464380704552,False,0.8244010911542872,False
True,8,0.02,random_parity_checks,0.07439359401516514,0.007443214759393307,eliminated,0.4375,0.7,0.5477502075883292,0.20465541356748937,0.5699123001667414,0.0033726437530503628,0.7291666666666666,0.55,2,degree-matched checks on unrelated variables,0.8090659340659341,0.0,0.036204182121347905,False,calibration,topology_preserving_identity_disruption,0.5496038254970443,1.0,0.21419223039387697,10,0.55,near_above_boundary,61,10,0.7291666666666666,7101,0.04452456939661349,10,0,10,-0.03620418212134798,False,0.9438521192955229,True
True,8,0.02,memory_budget_random_bits,0.08584210607713687,0.01029985286575243,eliminated,0.6041666666666666,0.7,0.5396507721929832,0.17042255251212743,0.5709704672844832,0.018109505142290316,0.6041666666666666,0.55,2,32 random bits replace structured parity,0.8136904761904761,0.0,0.03812812233542395,False,calibration,topology_preserving_identity_disruption,0.5496038254970443,1.0,0.21419223039387697,10,0.55,near_above_boundary,61,10,0.6041666666666666,7101,0.20434764510954348,16,0,16,-0.03812812233542391,False,0.9336268951381101,True
True,0,0.02,target,0.0,0.0,eliminated,1.0,0.7,0.036556606014979405,0.0,0.25000000000000006,0.0,1.0,0.25,0,local syndrome decode plus bounded relation feedback,0.9778846153846155,1.0,0.0,True,calibration,localized_block_shock,0.036556606014979405,1.0,0.0,0,0.25000000000000006,within_radius,0,0,1.0,7102,0.0,0,0,0,0.0,False,1.113928371439278,False
True,0,0.02,rt02_frozen_baseline,0.0,0.0,not_applicable,,0.7,0.036556606014979405,0.0,0.25000000000000006,0.0,1.0,0.25,0,unchanged RT-02 one-bit orientation mechanism,0.9778846153846155,1.0,0.0,,calibration,localized_block_shock,0.036556606014979405,1.0,0.0,0,0.25000000000000006,within_radius,0,0,1.0,7102,0.0,,,,0.0,False,1.113928371439278,False
True,0,0.02,passive_relaxation,0.0,0.0,not_applicable,,0.7,0.036556606014979405,0.0,0.25000000000000006,0.0,1.0,0.25,0,no restorative mechanism,0.9778846153846155,1.0,0.0,,calibration,localized_block_shock,0.036556606014979405,1.0,0.0,0,0.25000000000000006,within_radius,0,0,1.0,7102,0.0,,,,0.0,False,1.113928371439278,False
True,0,0.02,operator_only,0.23009058948775868,0.06948414519392081,not_applicable,,0.7,0.14644543896269677,0.019997990036206694,0.4054979265454585,-3.005991116973206,0.6875,0.25,0,matched bounded smoothing without parity,0.916025641025641,0.0001004981896652879,0.6219917061818336,,calibration,localized_block_shock,0.036556606014979405,1.0,0.0,0,0.25000000000000006,within_radius,0,0,0.6875,7102,0.0,,,,-0.6219917061818337,False,0.8355691230191014,False
True,0,0.02,random_parity_checks,0.12257710205367837,0.018799049172112753,eliminated,0.375,0.7,0.04450417728401121,0.07285508669844974,0.34779964204466857,-0.21740451686831141,0.7083333333333334,0.25,0,degree-matched checks on unrelated variables,0.9419871794871794,0.0,0.39119856817867404,False,calibration,localized_block_shock,0.036556606014979405,1.0,0.0,0,0.25000000000000006,within_radius,0,0,0.7083333333333334,7102,0.0,15,0,15,-0.39119856817867393,False,1.0600962073917448,True
True,0,0.02,memory_budget_random_bits,0.075931341853232,0.008077413849849236,eliminated,0.7708333333333334,0.7,0.04768130784539076,0.019148538021396693,0.30057835914011094,-0.3043144056057311,0.7708333333333334,0.25,0,32 random bits replace structured parity,0.9657509157509158,0.042573098930165365,0.20231343656044354,False,calibration,localized_block_shock,0.036556606014979405,1.0,0.0,0,0.25000000000000006,within_radius,0,0,0.7708333333333334,7102,0.0,13,0,13,-0.20231343656044348,False,1.0881333061189202,True
True,0,0.02,target,0.0,0.0,eliminated,1.0,0.7,0.08042453323295481,0.0,0.5500000000000002,0.0,1.0,0.55,0,local syndrome decode plus bounded relation feedback,0.9522893772893771,1.0,0.0,True,calibration,localized_block_shock,0.08042453323295481,1.0,0.0,0,0.5500000000000002,within_radius,0,0,1.0,7102,0.0,0,0,0,0.0,False,1.415642417166412,False
True,0,0.02,rt02_frozen_baseline,0.0,0.0,not_applicable,,0.7,0.08042453323295481,0.0,0.5500000000000002,0.0,1.0,0.55,0,unchanged RT-02 one-bit orientation mechanism,0.9522893772893771,1.0,0.0,,calibration,localized_block_shock,0.08042453323295481,1.0,0.0,0,0.5500000000000002,within_radius,0,0,1.0,7102,0.0,,,,0.0,False,1.415642417166412,False
True,0,0.02,passive_relaxation,0.0,0.0,not_applicable,,0.7,0.08042453323295481,0.0,0.5500000000000002,0.0,1.0,0.55,0,no restorative mechanism,0.9522893772893771,1.0,0.0,,calibration,localized_block_shock,0.08042453323295481,1.0,0.0,0,0.5500000000000002,within_radius,0,0,1.0,7102,0.0,,,,0.0,False,1.415642417166412,False
True,0,0.02,operator_only,0.32246654092896815,0.1386894792748142,not_applicable,,0.7,0.1464451720736285,0.0199973432633457,0.4054973193455357,-0.820901734666469,0.6875,0.55,0,matched bounded smoothing without parity,0.916025641025641,0.0001328368327150331,0.0,,calibration,localized_block_shock,0.08042453323295481,1.0,0.0,0,0.5500000000000002,within_radius,0,0,0.6875,7102,0.0,,,,0.2627321466444808,False,0.83556912303897,False
True,0,0.02,random_parity_checks,0.2451041264721218,0.08291292628454741,eliminated,0.75,0.7,0.028306585867101674,0.055230955329980375,0.4490770264890027,0.648035434845362,0.75,0.55,0,degree-matched checks on unrelated variables,0.9507326007326006,0.0,0.0,False,calibration,localized_block_shock,0.08042453323295481,1.0,0.0,0,0.5500000000000002,within_radius,0,0,0.75,7102,0.0,16,0,16,0.18349631547454073,False,1.1516980619603263,True
True,0,0.02,memory_budget_random_bits,0.09108427709824636,0.01159922067723487,eliminated,0.7291666666666666,0.7,0.07593256039887518,0.02081665579612896,0.58445606861378,0.05585326583206083,0.7291666666666666,0.55,0,32 random bits replace structured parity,0.9307234432234431,0.0,0.06264739747959958,False,calibration,localized_block_shock,0.08042453323295481,1.0,0.0,0,0.5500000000000002,within_radius,0,0,0.7291666666666666,7102,0.0,17,0,17,-0.06264739747959965,False,1.3791425986248664,True
True,4,0.02,target,0.028278203799290916,0.0011175328091658512,eliminated,0.9375,0.7,0.027945453994802784,0.13186108664151386,0.23401782952426017,-0.0596746561829534,0.9375,0.25,3,local syndrome decode plus bounded relation feedback,0.9777472527472526,0.0,0.0,False,calibration,sparse_node_corruption,0.026371730069930054,1.0,0.16486073581206626,6,0.25,above_radius,5,6,0.9375,7102,0.2001668196372149,5,0,5,0.0639286819029593,False,1.0261799689287106,True
True,4,0.02,rt02_frozen_baseline,0.048913702094364,0.003248389810622836,not_applicable,,0.7,0.0329264591456663,0.0,0.22321194037437994,-0.2485513486735619,1.0,0.25,3,unchanged RT-02 one-bit orientation mechanism,0.9782051282051281,1.0,0.0,,calibration,sparse_node_corruption,0.026371730069930054,1.0,0.16486073581206626,6,0.25,above_radius,3,6,1.0,7102,1.0,,,,0.10715223850248023,False,1.023228111325644,False
True,4,0.02,passive_relaxation,0.0,0.0,not_applicable,,0.7,0.026371730069930054,0.16486073581206626,0.25,0.0,0.875,0.25,3,no restorative mechanism,0.971474358974359,0.0,0.0,,calibration,sparse_node_corruption,0.026371730069930054,1.0,0.16486073581206626,6,0.25,above_radius,61,6,0.875,7102,0.0,,,,0.0,False,1.029492253145915,False
True,4,0.02,operator_only,0.1865847360643714,0.047401306114019166,not_applicable,,0.7,0.16859971238026178,0.019998187152508284,0.4202551147642494,-5.393198775096858,0.6666666666666666,0.25,3,matched bounded smoothing without parity,0.910989010989011,9.064237458578095e-05,0.6810204590569977,,calibration,sparse_node_corruption,0.026371730069930054,1.0,0.16486073581206626,6,0.25,above_radius,61,6,0.6666666666666666,7102,0.8786964824947445,,,,-0.6810204590569977,False,0.8206982653182653,False
True,4,0.02,random_parity_checks,0.10638205509256002,0.015673078506711496,eliminated,0.6875,0.7,0.0677391896276253,0.19171056669586856,0.35964331983750664,-1.5686289616950022,0.6041666666666666,0.25,3,degree-matched checks on unrelated variables,0.9259615384615385,0.0,0.43857327935002655,False,calibration,sparse_node_corruption,0.026371730069930054,1.0,0.16486073581206626,6,0.25,above_radius,61,6,0.6041666666666666,7102,-0.16286370888463028,18,0,18,-0.43857327935002655,False,0.9790235653439302,True
True,4,0.02,memory_budget_random_bits,0.10382480542550261,0.015073142038411869,eliminated,0.6875,0.7,0.0562120690922686,0.15953406462037947,0.2961507120105215,-1.1315275464753645,0.6875,0.25,3,32 random bits replace structured parity,0.9449633699633699,0.0,0.18460284804208604,False,calibration,sparse_node_corruption,0.026371730069930054,1.0,0.16486073581206626,6,0.25,above_radius,61,6,0.6875,7102,0.032310126273844525,16,0,16,-0.18460284804208604,False,0.9798720657734113,True
True,5,0.02,target,0.07392807105768837,0.007637925033042794,eliminated,0.875,0.7,0.06173908586358534,0.37015628528306754,0.5153680730552208,-0.06414030375212333,0.875,0.55,3,local syndrome decode plus bounded relation feedback,0.8876831501831502,0.0,0.0,False,calibration,sparse_node_corruption,0.05801780615384586,1.0,0.44587335474096484,8,0.5500000000000002,above_radius,61,8,0.875,7102,0.1698174350469675,5,0,5,0.06296713989959879,False,1.2057627857074986,True
True,5,0.02,rt02_frozen_baseline,0.10023040714076592,0.02233587834867916,not_applicable,,0.7,0.06954977700491637,0.0,0.4704344721069285,-0.198766061930904,1.0,0.55,3,unchanged RT-02 one-bit orientation mechanism,0.9054029304029303,1.0,0.0,,calibration,sparse_node_corruption,0.05801780615384586,1.0,0.44587335474096484,8,0.5500000000000002,above_radius,4,8,1.0,7102,1.0,,,,0.14466459616922112,False,1.1804859362681484,False
True,5,0.02,passive_relaxation,0.0,0.0,not_applicable,,0.7,0.05801780615384586,0.44587335474096484,0.5500000000000002,0.0,0.8333333333333334,0.55,3,no restorative mechanism,0.8737179487179485,0.0,0.0,,calibration,sparse_node_corruption,0.05801780615384586,1.0,0.44587335474096484,8,0.5500000000000002,above_radius,61,8,0.8333333333333334,7102,0.0,,,,0.0,False,1.229882956921013,False
True,5,0.02,operator_only,0.24123074593334135,0.0822766469819492,not_applicable,,0.7,0.20738599557661463,0.019997776863254636,0.47265910763615876,-2.5745232252782713,0.6875,0.55,3,matched bounded smoothing without parity,0.8789835164835165,0.00011115683726825587,0.0,,calibration,sparse_node_corruption,0.05801780615384586,1.0,0.44587335474096484,8,0.5500000000000002,above_radius,61,8,0.6875,7102,0.9551491995414874,,,,0.14061980429789342,False,0.8350230474158633,False
True,5,0.02,random_parity_checks,0.14053704265102276,0.027133677647688287,eliminated,0.375,0.7,0.095518078360315,0.23592418381092053,0.5448295275576136,-0.6463579837374348,0.6666666666666666,0.55,3,degree-matched checks on unrelated variables,0.8544871794871794,0.0,0.0,False,calibration,sparse_node_corruption,0.05801780615384586,1.0,0.44587335474096484,8,0.5500000000000002,above_radius,61,8,0.6666666666666666,7102,0.4708717592061913,15,0,15,0.009400858986157367,False,1.145038928987233,True
True,5,0.02,memory_budget_random_bits,0.12319478614116576,0.021226132541532716,eliminated,0.625,0.7,0.08720438221508657,0.29521014296361053,0.5783049788612474,-0.5030623871548443,0.625,0.55,3,32 random bits replace structured parity,0.8527472527472526,0.0,0.05146359792954058,False,calibration,sparse_node_corruption,0.05801780615384586,1.0,0.44587335474096484,8,0.5500000000000002,above_radius,61,8,0.625,7102,0.33790584293803294,21,0,21,-0.051463597929540486,False,1.1621009874746708,True
True,5,0.02,target,0.037818276783798066,0.0019987575357241676,eliminated,0.875,0.7,0.011996865305412349,0.11650841595911177,0.25548429324586236,0.0,0.875,0.25,2,local syndrome decode plus bounded relation feedback,0.9655219780219779,0.0,0.021937172983449216,False,calibration,relational_twist,2.6874861005641567e-16,1.0,0.07911309732793603,7,0.25000000000000006,near_above_boundary,61,7,0.875,7102,-0.47268176691611946,6,0,6,-0.021937172983449212,False,1.056418140678247,True
True,5,0.02,rt02_frozen_baseline,0.018738648089245705,0.0007917206800595827,not_applicable,,0.7,0.001804090664492677,0.02488180847941861,0.24100364912322866,0.0,0.9791666666666666,0.25,2,unchanged RT-02 one-bit orientation mechanism,0.9687728937728937,0.0,0.0,,calibration,relational_twist,2.6874861005641567e-16,1.0,0.07911309732793603,7,0.25000000000000006,near_above_boundary,2,7,0.9791666666666666,7102,0.6854906542682856,,,,0.03598540350708556,False,1.0608622480431587,False
True,5,0.02,passive_relaxation,0.0,0.0,not_applicable,,0.7,2.6874861005641567e-16,0.07911309732793603,0.25000000000000006,0.0,0.8541666666666666,0.25,2,no restorative mechanism,0.9653388278388276,0.0,0.0,,calibration,relational_twist,2.6874861005641567e-16,1.0,0.07911309732793603,7,0.25000000000000006,near_above_boundary,61,7,0.8541666666666666,7102,0.0,,,,0.0,False,1.0625,False
True,5,0.02,operator_only,0.2026413768520441,0.052741584051650796,not_applicable,,0.7,0.14644566137040774,0.01999852936321174,0.43911354289590965,0.0,0.625,0.25,2,matched bounded smoothing without parity,0.903525641025641,7.353183941305463e-05,0.7564541715836381,,calibration,relational_twist,2.6874861005641567e-16,1.0,0.07911309732793603,7,0.25000000000000006,near_above_boundary,61,7,0.625,7102,0.7472159473125576,,,,-0.7564541715836381,False,0.8639608477609338,False
True,5,0.02,random_parity_checks,0.10840930249938427,0.01513261809268424,eliminated,0.6875,0.7,0.04208428266591993,0.12815101145605462,0.3226836235575756,0.0,0.6041666666666666,0.25,2,degree-matched checks on unrelated variables,0.9441849816849816,0.0,0.2907344942303023,False,calibration,relational_twist,2.6874861005641567e-16,1.0,0.07911309732793603,7,0.25000000000000006,near_above_boundary,61,7,0.6041666666666666,7102,-0.6198457118275732,17,0,17,-0.29073449423030223,False,1.0181897941739604,True
True,5,0.02,memory_budget_random_bits,0.086000205815833,0.01033745281852983,eliminated,0.7291666666666666,0.7,0.02616029505081771,0.020816653648996254,0.2810674412744641,0.0,0.7291666666666666,0.25,2,32 random bits replace structured parity,0.9558150183150182,0.0,0.12426976509785614,False,calibration,relational_twist,2.6874861005641567e-16,1.0,0.07911309732793603,7,0.25000000000000006,near_above_boundary,61,7,0.7291666666666666,7102,0.7368747482770394,19,0,19,-0.12426976509785612,False,1.0289890491346867,True
True,9,0.02,target,0.09009301008219069,0.011343284812271337,eliminated,0.8125,0.7,0.027822075223156505,0.29660450565013685,0.5473079386997823,0.0,0.8125,0.55,2,local syndrome decode plus bounded relation feedback,0.8657509157509157,0.0,0.0,False,calibration,relational_twist,2.4024149659894864e-16,1.0,0.256728946849161,12,0.5500000000000002,near_above_boundary,61,12,0.8125,7102,-0.15532163120041323,11,0,11,0.004894656909486941,False,1.26691207339469,True
True,9,0.02,rt02_frozen_baseline,0.05447729443722311,0.007394130244200074,not_applicable,,0.7,0.014592589820951317,0.06473130976008067,0.5113440943532163,0.0,0.9791666666666666,0.55,2,unchanged RT-02 one-bit orientation mechanism,0.8876373626373626,0.0,0.0,,calibration,relational_twist,2.4024149659894864e-16,1.0,0.256728946849161,12,0.5500000000000002,near_above_boundary,6,12,0.9791666666666666,7102,0.7478612733214185,,,,0.07028346481233433,False,1.283341286853786,False
True,9,0.02,passive_relaxation,0.0,0.0,not_applicable,,0.7,2.4024149659894864e-16,0.256728946849161,0.5500000000000002,0.0,0.75,0.55,2,no restorative mechanism,0.8739010989010989,0.0,0.0,,calibration,relational_twist,2.4024149659894864e-16,1.0,0.256728946849161,12,0.5500000000000002,near_above_boundary,61,12,0.75,7102,0.0,,,,0.0,False,1.3024999999999998,False
True,9,0.02,operator_only,0.2485336897357773,0.08138456290061069,not_applicable,,0.7,0.1464456613704078,0.019998529660675033,0.5494041559668283,0.0,0.6041666666666666,0.55,2,matched bounded smoothing without parity,0.8084249084249084,7.35169662483548e-05,0.0,,calibration,relational_twist,2.4024149659894864e-16,1.0,0.256728946849161,12,0.5500000000000002,near_above_boundary,61,12,0.6041666666666666,7102,0.9221025524931359,,,,0.00108335278758511,False,0.9729850707999588,False
True,9,0.02,random_parity_checks,0.15658248020082743,0.033640228639820566,eliminated,0.3125,0.7,0.06276389797331645,0.17818679572216697,0.539594531642642,0.0,0.6041666666666666,0.55,2,degree-matched checks on unrelated variables,0.844459706959707,0.0,0.0,False,calibration,relational_twist,2.4024149659894864e-16,1.0,0.256728946849161,12,0.5500000000000002,near_above_boundary,61,12,0.6041666666666666,7102,0.30593414607485153,19,0,19,0.01891903337701475,False,1.18512768765495,True
True,9,0.02,memory_budget_random_bits,0.12230526570017401,0.020959819375312928,eliminated,0.5833333333333334,0.7,0.03935347394778171,0.24723868390070158,0.5505189701795585,0.0,0.5833333333333334,0.55,2,32 random bits replace structured parity,0.8543956043956042,0.0,0.0009435821446515114,False,calibration,relational_twist,2.4024149659894864e-16,1.0,0.256728946849161,12,0.5500000000000002,near_above_boundary,61,12,0.5833333333333334,7102,0.036966080626799444,15,0,15,-0.0009435821446515918,False,1.2304486240589598,True
True,3,0.02,target,0.020246481694437865,0.0005728695945697003,eliminated,0.9375,0.7,0.05676827502129538,0.13682051151639213,0.22698610949245082,-0.05840983524769447,0.9375,0.25,2,local syndrome decode plus bounded relation feedback,0.9837912087912087,0.0,0.0,False,calibration,clustered_symbol_corruption,0.053635437928456306,1.0,0.13556931618764426,4,0.25,near_above_boundary,0,4,0.9375,7102,-0.009229192592637022,4,0,4,0.09205556203019671,False,1.156412309010903,True
True,3,0.02,rt02_frozen_baseline,0.04816670977111546,0.002670478634209645,not_applicable,,0.7,0.05683142077137838,0.0,0.2136913363926752,-0.05958714921252544,1.0,0.25,2,unchanged RT-02 one-bit orientation mechanism,0.9844780219780219,1.0,0.0,,calibration,clustered_symbol_corruption,0.053635437928456306,1.0,0.13556931618764426,4,0.25,near_above_boundary,0,4,1.0,7102,1.0,,,,0.14523465442929917,False,1.1533873199954616,False
True,3,0.02,passive_relaxation,0.0,0.0,not_applicable,,0.7,0.053635437928456306,0.13556931618764426,0.25,0.0,0.9166666666666666,0.25,2,no restorative mechanism,0.9773351648351647,0.0,0.0,,calibration,clustered_symbol_corruption,0.053635437928456306,1.0,0.13556931618764426,4,0.25,near_above_boundary,0,4,0.9166666666666666,7102,0.0,,,,0.0,False,1.158047268351884,False
True,3,0.02,operator_only,0.20625225406023148,0.05502109767698186,not_applicable,,0.7,0.10282601905915921,0.019998438767687123,0.4150363714956608,-0.9171283582380302,0.6458333333333334,0.25,2,matched bounded smoothing without parity,0.915018315018315,7.806161564394287e-05,0.6601454859826432,,calibration,clustered_symbol_corruption,0.053635437928456306,1.0,0.13556931618764426,4,0.25,near_above_boundary,0,4,0.6458333333333334,7102,0.8524855082988921,,,,-0.6601454859826432,False,0.9465978327076227,False
True,3,0.02,random_parity_checks,0.12038354707384835,0.01934931666821243,eliminated,0.5,0.7,0.04403695450372702,0.08582297161060087,0.2506223504940254,0.17895786434209024,0.75,0.25,2,degree-matched checks on unrelated variables,0.9728479853479853,0.0,0.0024894019761017017,False,calibration,clustered_symbol_corruption,0.053635437928456306,1.0,0.13556931618764426,4,0.25,near_above_boundary,0,4,0.75,7102,0.36694398095354,16,0,16,-0.0024894019761017017,False,1.0998350867603328,True
True,3,0.02,memory_budget_random_bits,0.10949538700115263,0.016756145882800735,eliminated,0.7083333333333334,0.7,0.04603708632305146,0.07819520290337713,0.300695263469573,0.14166662749244635,0.7083333333333334,0.25,2,32 random bits replace structured parity,0.953113553113553,0.0,0.20278105387829193,False,calibration,clustered_symbol_corruption,0.053635437928456306,1.0,0.13556931618764426,4,0.25,near_above_boundary,0,4,0.7083333333333334,7102,0.42320869425095015,15,0,15,-0.20278105387829193,False,1.104857167117222,True
True,3,0.02,target,0.1082841563013715,0.016390025949466144,eliminated,0.875,0.7,0.1201717202710949,0.33578563896262714,0.47600673488724543,-0.018421985982394695,0.875,0.55,2,local syndrome decode plus bounded relation feedback,0.9380036630036628,0.0,0.0,False,calibration,clustered_symbol_corruption,0.11799796344260413,1.0,0.49552816233092706,5,0.5500000000000002,near_above_boundary,8,5,0.875,7102,0.3223682032861324,5,0,5,0.13453320929591764,False,1.459984331319716,True
True,3,0.02,rt02_frozen_baseline,0.111845366439272,0.02698339187655693,not_applicable,,0.7,0.14016173956646538,0.0,0.4014152302337714,-0.18783185300178526,1.0,0.55,2,unchanged RT-02 one-bit orientation mechanism,0.9710164835164833,1.0,0.0,,calibration,clustered_symbol_corruption,0.11799796344260413,1.0,0.49552816233092706,5,0.5500000000000002,near_above_boundary,2,5,1.0,7102,1.0,,,,0.2701541268476886,False,1.4402319539486383,False
True,3,0.02,passive_relaxation,0.0,0.0,not_applicable,,0.7,0.11799796344260413,0.49552816233092706,0.5500000000000002,0.0,0.8958333333333334,0.55,2,no restorative mechanism,0.9104853479853477,0.0,0.0,,calibration,clustered_symbol_corruption,0.11799796344260413,1.0,0.49552816233092706,5,0.5500000000000002,near_above_boundary,61,5,0.8958333333333334,7102,0.0,,,,0.0,False,1.5127039903741455,False
True,3,0.02,operator_only,0.29544189306430796,0.1114578644619456,not_applicable,,0.7,0.07516043733126476,0.019998330379643197,0.449786636488906,0.36303614792619826,0.625,0.55,2,matched bounded smoothing without parity,0.9128663003663003,8.348101784017015e-05,0.0,,calibration,clustered_symbol_corruption,0.11799796344260413,1.0,0.49552816233092706,5,0.5500000000000002,near_above_boundary,61,5,0.625,7102,0.9596423939144597,,,,0.18220611547471663,False,1.1004936600117454,False
True,3,0.02,random_parity_checks,0.1500904749638994,0.02808696845290336,eliminated,0.5,0.7,0.07284190912274997,0.46065036566522727,0.607162456735768,0.3826850311854636,0.625,0.55,2,degree-matched checks on unrelated variables,0.8632326007326007,0.0,0.10393173951957779,False,calibration,clustered_symbol_corruption,0.11799796344260413,1.0,0.49552816233092706,5,0.5500000000000002,near_above_boundary,61,5,0.625,7102,0.07038509476764604,20,0,20,-0.1039317395195778,False,1.436231955965344,True
True,3,0.02,memory_budget_random_bits,0.1694252840181857,0.040135838020538155,eliminated,0.75,0.7,0.09599463841532296,0.3105648611013975,0.5056630123742206,0.18647207447765735,0.75,0.55,2,32 random bits replace structured parity,0.9151098901098902,0.0,0.0,False,calibration,clustered_symbol_corruption,0.11799796344260413,1.0,0.49552816233092706,5,0.5500000000000002,near_above_boundary,61,5,0.75,7102,0.37326496310416774,13,0,13,0.08061270477414459,False,1.3828689158516698,True
True,1,0.02,target,0.022085360786175002,0.0006816565915372125,eliminated,1.0,0.7,0.05305014148638136,1.5023145987371592e-18,0.2429757345145525,-0.05652109347416388,1.0,0.25,1,local syndrome decode plus bounded relation feedback,0.9584706959706959,0.9999999999999999,0.0,True,calibration,dispersed_equal_weight_corruption,0.05021209875889586,1.0,0.0772826638734307,1,0.25000000000000006,within_radius,0,1,1.0,7102,1.0,2,0,2,0.028097061941790173,False,1.0386412398879248,False
True,1,0.02,rt02_frozen_baseline,0.023322797653251463,0.0007601826107718335,not_applicable,,0.7,0.053217990797611595,0.0,0.24284915252879521,-0.05986389959816595,1.0,0.25,1,unchanged RT-02 one-bit orientation mechanism,0.9584706959706959,1.0,0.0,,calibration,dispersed_equal_weight_corruption,0.05021209875889586,1.0,0.0772826638734307,1,0.25000000000000006,within_radius,0,1,1.0,7102,1.0,,,,0.028603389884819357,False,1.0386576461379247,False
True,1,0.02,passive_relaxation,0.0,0.0,not_applicable,,0.7,0.05021209875889586,0.0772826638734307,0.25000000000000006,0.0,0.9791666666666666,0.25,1,no restorative mechanism,0.9560897435897433,0.0,0.0,,calibration,dispersed_equal_weight_corruption,0.05021209875889586,1.0,0.0772826638734307,1,0.25000000000000006,within_radius,0,1,0.9791666666666666,7102,0.0,,,,0.0,False,1.0407136468132236,False
True,1,0.02,operator_only,0.2513548389626743,0.0778922116612891,not_applicable,,0.7,0.1865564122535925,0.01999825359933953,0.4174893498889561,-2.7153677473109235,0.6875,0.25,1,matched bounded smoothing without parity,0.9100732600732601,8.732003302347469e-05,0.6699573995558239,,calibration,dispersed_equal_weight_corruption,0.05021209875889586,1.0,0.0772826638734307,1,0.25000000000000006,within_radius,0,1,0.6875,7102,0.7412323463371867,,,,-0.669957399555824,False,0.7842720830473175,False
True,1,0.02,random_parity_checks,0.14914037975729405,0.028525860409961756,eliminated,0.375,0.7,0.10644108673889587,0.04090577092454351,0.3413650514503415,-1.1198294707814451,0.6666666666666666,0.25,1,degree-matched checks on unrelated variables,0.9213369963369962,0.0,0.36546020580136584,False,calibration,dispersed_equal_weight_corruption,0.05021209875889586,1.0,0.0772826638734307,1,0.25000000000000006,within_radius,0,1,0.6666666666666666,7102,0.4706992632715568,20,0,20,-0.3654602058013658,False,0.9596462162573449,True
True,1,0.02,memory_budget_random_bits,0.085461533410816,0.010211802176047549,eliminated,0.7916666666666666,0.7,0.05531523851535233,0.018257416999448776,0.2774383196575144,-0.10163167608189994,0.7916666666666666,0.25,1,32 random bits replace structured parity,0.9480311355311353,0.08712915002756128,0.10975327863005746,False,calibration,dispersed_equal_weight_corruption,0.05021209875889586,1.0,0.0772826638734307,1,0.25000000000000006,within_radius,0,1,0.7916666666666666,7102,0.7637579233895229,16,0,16,-0.10975327863005743,False,1.0088115988275115,True
True,1,0.02,target,0.05582417787493202,0.004355131912842926,eliminated,1.0,0.7,0.11767408533808034,3.2492316932138336e-17,0.5338663526231764,-0.06524566648874013,1.0,0.55,1,local syndrome decode plus bounded relation feedback,0.8643315018315018,0.9999999999999983,0.0,True,calibration,dispersed_equal_weight_corruption,0.11046661726957063,1.0,0.19534393014849943,1,0.5500000000000002,within_radius,0,1,1.0,7102,0.9999999999999999,2,0,2,0.02933390432149775,False,1.2406843777860859,False
True,1,0.02,rt02_frozen_baseline,0.05707829846402286,0.00455301077638706,not_applicable,,0.7,0.11766433811360269,0.0,0.5331581459628859,-0.06515742965558118,1.0,0.55,1,unchanged RT-02 one-bit orientation mechanism,0.8643315018315018,1.0,0.0,,calibration,dispersed_equal_weight_corruption,0.11046661726957063,1.0,0.19534393014849943,1,0.5500000000000002,within_radius,0,1,1.0,7102,1.0,,,,0.030621552794753166,False,1.2407171902860858,False
True,1,0.02,passive_relaxation,0.0,0.0,not_applicable,,0.7,0.11046661726957063,0.19534393014849943,0.5500000000000002,0.0,0.9791666666666666,0.55,1,no restorative mechanism,0.8635531135531134,0.0,0.0,,calibration,dispersed_equal_weight_corruption,0.11046661726957063,1.0,0.19534393014849943,1,0.5500000000000002,within_radius,0,1,0.9791666666666666,7102,0.0,,,,0.0,False,1.2545700229890921,False
True,1,0.02,operator_only,0.35098076532419137,0.15225930443241092,not_applicable,,0.7,0.24815242363069853,0.019997923051769697,0.4606430755119471,-1.2464019426351631,0.6458333333333334,0.55,1,matched bounded smoothing without parity,0.8764194139194138,0.00010384741151514554,0.0,,calibration,dispersed_equal_weight_corruption,0.11046661726957063,1.0,0.19534393014849943,1,0.5500000000000002,within_radius,0,1,0.6458333333333334,7102,0.8976271080623422,,,,0.16246713543282368,False,0.748768266678054,False
True,1,0.02,random_parity_checks,0.24787767820506526,0.07957930319195261,eliminated,0.6875,0.7,0.1613759293922904,0.20945369443827608,0.5028138244192755,-0.4608569844995457,0.6875,0.55,1,degree-matched checks on unrelated variables,0.8452838827838827,0.0,0.0,False,calibration,dispersed_equal_weight_corruption,0.11046661726957063,1.0,0.19534393014849943,1,0.5500000000000002,within_radius,0,1,0.6875,7102,-0.0722303696820806,16,0,16,0.0857930465104085,False,1.0248130035438539,True
True,1,0.02,memory_budget_random_bits,0.15117415998805983,0.0320037390075502,eliminated,0.7916666666666666,0.7,0.13327431704533735,0.01825741403996575,0.517869361795972,-0.2064668977788041,0.7916666666666666,0.55,1,32 random bits replace structured parity,0.8587454212454212,0.08712929800171254,0.0,False,calibration,dispersed_equal_weight_corruption,0.11046661726957063,1.0,0.19534393014849943,1,0.5500000000000002,within_radius,0,1,0.7916666666666666,7102,0.9065370803890013,16,0,16,0.05841934218914212,False,1.1502695876482802,True
True,3,0.02,target,0.0041543320059102135,2.4118985984156905e-05,eliminated,1.0,0.7,0.22096348094964297,7.572917402985266e-17,0.248308198021257,0.005436903795369299,1.0,0.25,1,local syndrome decode plus bounded relation feedback,0.9687728937728937,0.9999999999999962,0.0,True,calibration,topology_preserving_identity_disruption,0.22217140550746906,1.0,0.014537133766561332,3,0.25,within_radius,0,3,1.0,7102,0.9999999999999948,5,0,5,0.006767207914971984,False,0.9349493761406055,False
True,3,0.02,rt02_frozen_baseline,0.006246558355296262,5.453034496507662e-05,not_applicable,,0.7,0.22062828418033978,0.002257059381625562,0.24760575821815817,0.006945634266500597,1.0,0.25,1,unchanged RT-02 one-bit orientation mechanism,0.9693681318681319,0.8871470309187219,0.0,,calibration,topology_preserving_identity_disruption,0.22217140550746906,1.0,0.014537133766561332,3,0.25,within_radius,0,3,1.0,7102,0.8447383495350849,,,,0.00957696712736733,False,0.934993594454745,False
True,3,0.02,passive_relaxation,0.0,0.0,not_applicable,,0.7,0.22217140550746906,0.014537133766561332,0.25,0.0,0.9375,0.25,1,no restorative mechanism,0.9683608058608056,0.2731433116719334,0.0,,calibration,topology_preserving_identity_disruption,0.22217140550746906,1.0,0.014537133766561332,3,0.25,within_radius,0,3,0.9375,7102,0.0,,,,0.0,False,0.9349678869956246,False
True,3,0.02,operator_only,0.1806622433575191,0.041553762905971306,not_applicable,,0.7,0.2645710507489715,0.019998595783434023,0.4639461151441987,-0.19084204443256791,0.6875,0.25,1,matched bounded smoothing without parity,0.885164835164835,7.02108282988334e-05,0.8557844605767948,,calibration,topology_preserving_identity_disruption,0.22217140550746906,1.0,0.014537133766561332,3,0.25,within_radius,0,3,0.6875,7102,-0.375690428703028,,,,-0.8557844605767948,False,0.7826934392263756,False
True,3,0.02,random_parity_checks,0.08643161638082966,0.01054958526770874,eliminated,0.5625,0.7,0.22228514036606742,0.028647501191300533,0.32059733302815757,-0.0005119239280076468,0.7291666666666666,0.25,1,degree-matched checks on unrelated variables,0.9347527472527472,0.0,0.2823893321126303,False,calibration,topology_preserving_identity_disruption,0.22217140550746906,1.0,0.014537133766561332,3,0.25,within_radius,0,3,0.7291666666666666,7102,-0.9706430202352688,16,0,16,-0.2823893321126303,False,0.8988372190255671,True
True,3,0.02,memory_budget_random_bits,0.07886619125353708,0.00871707508363541,eliminated,0.75,0.7,0.2223523142580371,0.03276010826734754,0.29654016967281754,-0.0008142755822011033,0.75,0.25,1,32 random bits replace structured parity,0.9454212454212454,0.0,0.18616067869127018,False,calibration,topology_preserving_identity_disruption,0.22217140550746906,1.0,0.014537133766561332,3,0.25,within_radius,0,3,0.75,7102,-1.2535465927061316,14,0,14,-0.18616067869127018,False,0.9075363781288892,True
True,5,0.02,target,0.03366762722880587,0.0015840966007702598,eliminated,1.0,0.7,0.4779358765472118,7.566291637332448e-17,0.5393884536846121,0.0221802857459561,1.0,0.55,1,local syndrome decode plus bounded relation feedback,0.8565934065934065,0.9999999999999962,0.0,True,calibration,topology_preserving_identity_disruption,0.4887770921164318,1.0,0.1178121536582966,5,0.5500000000000002,within_radius,3,5,1.0,7102,0.9999999999999994,9,0,9,0.01929372057343286,False,1.0172143772650544,False
True,5,0.02,rt02_frozen_baseline,0.027601616795711954,0.0017484990887443512,not_applicable,,0.7,0.4791096449297818,0.01909540659493612,0.5393005421420111,0.019778846722929237,0.9583333333333334,0.55,1,unchanged RT-02 one-bit orientation mechanism,0.8559981684981685,0.04522967025319402,0.0,,calibration,topology_preserving_identity_disruption,0.4887770921164318,1.0,0.1178121536582966,5,0.5500000000000002,within_radius,4,5,0.9583333333333334,7102,0.8379164967111915,,,,0.019453559741798344,False,1.0173551035912742,False
True,5,0.02,passive_relaxation,0.0,0.0,not_applicable,,0.7,0.4887770921164318,0.1178121536582966,0.5500000000000002,0.0,0.8958333333333334,0.55,1,no restorative mechanism,0.8498168498168497,0.0,0.0,,calibration,topology_preserving_identity_disruption,0.4887770921164318,1.0,0.1178121536582966,5,0.5500000000000002,within_radius,61,5,0.8958333333333334,7102,0.0,,,,0.0,False,1.0219293513903747,False
True,5,0.02,operator_only,0.19155705924385544,0.046539826666949134,not_applicable,,0.7,0.4724385707778062,0.019998675631129496,0.6406114505234902,0.03342734674384773,0.6875,0.55,1,matched bounded smoothing without parity,0.779624542124542,6.621844352516781e-05,0.164748091860891,,calibration,topology_preserving_identity_disruption,0.4887770921164318,1.0,0.1178121536582966,5,0.5500000000000002,within_radius,61,5,0.6875,7102,0.8302494690901431,,,,-0.16474809186089098,False,0.8533992287259669,False
True,5,0.02,random_parity_checks,0.12281783839377218,0.020549735268888883,eliminated,0.625,0.7,0.48730277197781513,0.1659714674947374,0.5890116391273127,0.0030163445922409327,0.625,0.55,1,degree-matched checks on unrelated variables,0.8097985347985348,0.0,0.0709302529587501,False,calibration,topology_preserving_identity_disruption,0.4887770921164318,1.0,0.1178121536582966,5,0.5500000000000002,within_radius,61,5,0.625,7102,-0.40878052340951593,17,0,17,-0.07093025295875005,False,0.9579605022021837,True
True,5,0.02,memory_budget_random_bits,0.09540836722718837,0.012725213557804298,eliminated,0.6666666666666666,0.7,0.4914122913633363,0.1330508581824508,0.5774535498805117,-0.005391413160330348,0.6666666666666666,0.55,1,32 random bits replace structured parity,0.8151556776556775,0.0,0.04991554523729369,False,calibration,topology_preserving_identity_disruption,0.4887770921164318,1.0,0.1178121536582966,5,0.5500000000000002,within_radius,61,5,0.6666666666666666,7102,-0.1293474743561065,15,0,15,-0.049915545237293656,False,0.9808620239176331,True
True,2,0.02,target,0.04206421062719055,0.002472760922546251,eliminated,1.0,0.7,0.04253425846223503,6.159693417122418e-17,0.23104926820135116,-0.23273642369757525,1.0,0.25,1,local syndrome decode plus bounded relation feedback,0.9798992673992671,0.9999999999999969,0.0,True,calibration,localized_block_shock,0.034503935832977284,1.0,0.14719407495653483,2,0.25000000000000006,within_radius,0,2,1.0,7103,0.9999999999999997,3,0,3,0.07580292719459557,False,1.0870198396645199,False
True,2,0.02,rt02_frozen_baseline,0.004841919686844225,3.2763614329914147e-05,not_applicable,,0.7,0.03522720696932181,0.1466526725247822,0.24652281398703604,-0.020961989375520865,0.9791666666666666,0.25,1,unchanged RT-02 one-bit orientation mechanism,0.9808150183150182,0.0,0.0,,calibration,localized_block_shock,0.034503935832977284,1.0,0.14719407495653483,2,0.25000000000000006,within_radius,0,2,0.9791666666666666,7103,0.003678153702263502,,,,0.013908744051856044,False,1.0947838609491694,False
True,2,0.02,passive_relaxation,0.0,0.0,not_applicable,,0.7,0.034503935832977284,0.14719407495653483,0.25000000000000006,0.0,0.9583333333333334,0.25,1,no restorative mechanism,0.9779761904761904,0.0,0.0,,calibration,localized_block_shock,0.034503935832977284,1.0,0.14719407495653483,2,0.25000000000000006,within_radius,0,2,0.9583333333333334,7103,0.0,,,,0.0,False,1.0947998051218464,False
True,2,0.02,operator_only,0.15940782760311742,0.03508509930998855,not_applicable,,0.7,0.1370413317772443,0.01999815878847026,0.4272789254084917,-2.971759408567717,0.7291666666666666,0.25,1,matched bounded smoothing without parity,0.9204212454212453,9.20605764870297e-05,0.7091157016339664,,calibration,localized_block_shock,0.034503935832977284,1.0,0.14719407495653483,2,0.25000000000000006,within_radius,0,2,0.7291666666666666,7103,0.8641374743217379,,,,-0.7091157016339665,False,0.9350700103122068,False
True,2,0.02,random_parity_checks,0.13693157619923393,0.021110603981438505,eliminated,0.5625,0.7,0.04387594373112132,0.12106848144492471,0.30635169651629435,-0.2716214156990953,0.7291666666666666,0.25,1,degree-matched checks on unrelated variables,0.9572802197802196,0.0,0.22540678606517717,False,calibration,localized_block_shock,0.034503935832977284,1.0,0.14719407495653483,2,0.25000000000000006,within_radius,0,2,0.7291666666666666,7103,0.17749079587153752,15,0,15,-0.2254067860651771,False,1.0549770855374465,True
True,2,0.02,memory_budget_random_bits,0.10903037925663904,0.016621024631500142,eliminated,0.7291666666666666,0.7,0.04763033396744472,0.14843436972203902,0.3468602754218924,-0.38043190776867325,0.7291666666666666,0.25,1,32 random bits replace structured parity,0.9364010989010988,0.0,0.3874411016875694,False,calibration,localized_block_shock,0.034503935832977284,1.0,0.14719407495653483,2,0.25000000000000006,within_radius,0,2,0.7291666666666666,7103,-0.008426254697211415,16,0,16,-0.3874411016875693,False,1.0399928281236357,True
True,2,0.02,target,0.09295038398694543,0.012074218159920097,eliminated,0.9375,0.7,0.09177462862201402,0.28196037102312344,0.515748070877208,-0.20901396538257122,0.9375,0.55,2,local syndrome decode plus bounded relation feedback,0.9147435897435897,0.0,0.0,False,calibration,localized_block_shock,0.07590865883255,1.0,0.4000874258177676,3,0.5500000000000002,near_above_boundary,0,3,0.9375,7103,0.2952531051262002,2,0,2,0.06227623476871304,False,1.3347074493676994,True
True,2,0.02,rt02_frozen_baseline,0.05954296961653727,0.006032226287238192,not_applicable,,0.7,0.08731184084886033,0.31985775328166993,0.5106186849619007,-0.15022241456623636,0.9791666666666666,0.55,2,unchanged RT-02 one-bit orientation mechanism,0.9332417582417581,0.0,0.0,,calibration,localized_block_shock,0.07590865883255,1.0,0.4000874258177676,3,0.5500000000000002,near_above_boundary,0,3,0.9791666666666666,7103,0.20053035251510448,,,,0.0716023909783627,False,1.3597680042922384,False
True,2,0.02,passive_relaxation,0.0,0.0,not_applicable,,0.7,0.07590865883255,0.4000874258177676,0.5500000000000002,0.0,0.9375,0.55,2,no restorative mechanism,0.9153846153846152,0.0,0.0,,calibration,localized_block_shock,0.07590865883255,1.0,0.4000874258177676,3,0.5500000000000002,near_above_boundary,0,3,0.9375,7103,0.0,,,,0.0,False,1.3735595712680624,False
True,2,0.02,operator_only,0.19869350471868244,0.05478556668851768,not_applicable,,0.7,0.15729074203261156,0.01999799714718397,0.5500612650081187,-1.0721054020936611,0.7083333333333334,0.55,2,matched bounded smoothing without parity,0.8746336996336995,0.00010014264080149271,0.00011139092385192839,,calibration,localized_block_shock,0.07590865883255,1.0,0.4000874258177676,3,0.5500000000000002,near_above_boundary,0,3,0.7083333333333334,7103,0.9500159318771175,,,,-0.00011139092385188799,False,1.1212370699440413,False
True,2,0.02,random_parity_checks,0.08680947936279804,0.009681697196831937,eliminated,0.25,0.7,0.06075857658090488,0.42670516693802124,0.5790392553199162,0.19958305790997186,0.75,0.55,2,degree-matched checks on unrelated variables,0.8961996336996336,0.0,0.05279864603621087,False,calibration,localized_block_shock,0.07590865883255,1.0,0.4000874258177676,3,0.5500000000000002,near_above_boundary,0,3,0.75,7103,-0.06652981174264036,13,0,13,-0.052798646036210935,False,1.3428914585928153,True
True,2,0.02,memory_budget_random_bits,0.11602814008868924,0.01881991366969097,eliminated,0.6458333333333334,0.7,0.0857893697449728,0.43474332792030496,0.6072590153344467,-0.1301657948432346,0.6458333333333334,0.55,2,32 random bits replace structured parity,0.8745421245421243,0.0,0.1041073006080846,False,calibration,localized_block_shock,0.07590865883255,1.0,0.4000874258177676,3,0.5500000000000002,near_above_boundary,0,3,0.6458333333333334,7103,-0.08662082301562386,16,0,16,-0.10410730060808461,False,1.3108482313188032,True
True,4,0.02,target,0.04727242834278238,0.0031231183646732216,eliminated,0.9375,0.7,0.03712011337879091,0.08316513720630095,0.2540165139121144,0.12254959283940449,0.9375,0.25,2,local syndrome decode plus bounded relation feedback,0.9630952380952379,0.0,0.01606605564845731,False,calibration,sparse_node_corruption,0.042304514392910865,1.0,0.11137978751381042,5,0.25000000000000006,near_above_boundary,3,5,0.9375,7103,0.2533193044923975,6,0,6,-0.016066055648457308,False,1.035753244802605,True
True,4,0.02,rt02_frozen_baseline,0.032458837084243755,0.0016785789340162554,not_applicable,,0.7,0.042470252446130126,0.0,0.21564628246158227,-0.0039177391727024365,1.0,0.25,2,unchanged RT-02 one-bit orientation mechanism,0.9754120879120878,1.0,0.0,,calibration,sparse_node_corruption,0.042304514392910865,1.0,0.11137978751381042,5,0.25000000000000006,near_above_boundary,2,5,1.0,7103,1.0,,,,0.13741487015367113,False,1.0405050432277734,False
True,4,0.02,passive_relaxation,0.0,0.0,not_applicable,,0.7,0.042304514392910865,0.11137978751381042,0.25000000000000006,0.0,0.8958333333333334,0.25,2,no restorative mechanism,0.9659340659340658,0.0,0.0,,calibration,sparse_node_corruption,0.042304514392910865,1.0,0.11137978751381042,5,0.25000000000000006,near_above_boundary,61,5,0.8958333333333334,7103,0.0,,,,0.0,False,1.0454575059921951,False
True,4,0.02,operator_only,0.1813943817718899,0.04319030043217125,not_applicable,,0.7,0.14011410793138793,0.019998639222060258,0.41491054846575526,-2.3120367871393745,0.7291666666666666,0.25,2,matched bounded smoothing without parity,0.905128205128205,6.803889698714372e-05,0.6596421938630206,,calibration,sparse_node_corruption,0.042304514392910865,1.0,0.11137978751381042,5,0.25000000000000006,near_above_boundary,61,5,0.7291666666666666,7103,0.8204464232832143,,,,-0.6596421938630207,False,0.8723779897853867,False
True,4,0.02,random_parity_checks,0.1243926821944096,0.019071552606285135,eliminated,0.4375,0.7,0.05309262064706257,0.13119650381659478,0.3037247709966812,-0.25501075733798073,0.7708333333333334,0.25,2,degree-matched checks on unrelated variables,0.9474358974358973,0.0,0.21489908398672464,False,calibration,sparse_node_corruption,0.042304514392910865,1.0,0.11137978751381042,5,0.25000000000000006,near_above_boundary,61,5,0.7708333333333334,7103,-0.177920220042862,14,0,14,-0.21489908398672458,False,0.9958098192647821,True
True,4,0.02,memory_budget_random_bits,0.09252247824411973,0.012020995005020466,eliminated,0.7708333333333334,0.7,0.04584272372325455,0.11398202936409518,0.2860288268105282,-0.08363668466873113,0.7708333333333334,0.25,2,32 random bits replace structured parity,0.9504578754578755,0.0,0.14411530724211263,False,calibration,sparse_node_corruption,0.042304514392910865,1.0,0.11137978751381042,5,0.25000000000000006,near_above_boundary,61,5,0.7708333333333334,7103,-0.02336368122413685,14,0,14,-0.1441153072421126,False,1.004652370314928,True
True,4,0.02,target,0.08822192376719305,0.010877931959590107,eliminated,0.9375,0.7,0.08358433311324795,0.22336274168467826,0.5149867485844803,0.10191904497533624,0.9375,0.55,2,local syndrome decode plus bounded relation feedback,0.8962912087912088,0.0,0.0,False,calibration,sparse_node_corruption,0.09306993166440379,1.0,0.3499233730038967,5,0.5500000000000002,near_above_boundary,8,5,0.9375,7103,0.3616809881339623,6,0,6,0.0636604571191269,False,1.2305839415789648,True
True,4,0.02,rt02_frozen_baseline,0.09292457757110613,0.014760056155659469,not_applicable,,0.7,0.09751513925383219,0.0,0.44591317221805243,-0.04776201625952787,1.0,0.55,2,unchanged RT-02 one-bit orientation mechanism,0.931227106227106,1.0,0.0,,calibration,sparse_node_corruption,0.09306993166440379,1.0,0.3499233730038967,5,0.5500000000000002,near_above_boundary,6,5,1.0,7103,1.0,,,,0.18924877778535945,False,1.2047266596716835,False
True,4,0.02,passive_relaxation,0.0,0.0,not_applicable,,0.7,0.09306993166440379,0.3499233730038967,0.5500000000000002,0.0,0.8958333333333334,0.55,2,no restorative mechanism,0.878113553113553,0.0,0.0,,calibration,sparse_node_corruption,0.09306993166440379,1.0,0.3499233730038967,5,0.5500000000000002,near_above_boundary,61,5,0.8958333333333334,7103,0.0,,,,0.0,False,1.2650065131828296,False
True,4,0.02,operator_only,0.23074431970869547,0.07182123222581822,not_applicable,,0.7,0.1456447222617876,0.019999054205208408,0.5021464509000106,-0.5648955538826504,0.6666666666666666,0.55,2,matched bounded smoothing without parity,0.8670329670329671,4.728973957957017e-05,0.0,,calibration,sparse_node_corruption,0.09306993166440379,1.0,0.3499233730038967,5,0.5500000000000002,near_above_boundary,61,5,0.6666666666666666,7103,0.9428473324501655,,,,0.08700645290907182,False,0.9558146247883622,False
True,4,0.02,random_parity_checks,0.09344017404417952,0.011891258200655296,eliminated,0.5625,0.7,0.10357778664919669,0.39037041887723023,0.5855261750542428,-0.11290279037361546,0.6875,0.55,2,degree-matched checks on unrelated variables,0.8570970695970695,0.0,0.06459304555316825,False,calibration,sparse_node_corruption,0.09306993166440379,1.0,0.3499233730038967,5,0.5500000000000002,near_above_boundary,61,5,0.6875,7103,-0.11558829444891959,12,0,12,-0.06459304555316835,False,1.2273821742251183,True
True,4,0.02,memory_budget_random_bits,0.1344745882761699,0.02529382693480502,eliminated,0.75,0.7,0.10116768412740818,0.2980678860783928,0.5158518852300019,-0.08700718178459252,0.75,0.55,2,32 random bits replace structured parity,0.9021978021978021,0.0,0.0,False,calibration,sparse_node_corruption,0.09306993166440379,1.0,0.3499233730038967,5,0.5500000000000002,near_above_boundary,61,5,0.75,7103,0.14819097815717056,16,0,16,0.06208748139999678,False,1.1827725465176508,True
True,6,0.02,target,0.03602336082061969,0.0018075604442030395,eliminated,0.9375,0.7,0.007972040674190795,0.09529512167979574,0.25175762319881917,0.0,0.9375,0.25,2,local syndrome decode plus bounded relation feedback,0.9640567765567764,0.0,0.007030492795276677,False,calibration,relational_twist,1.3874941060677477e-16,1.0,0.06536020950205677,7,0.25,near_above_boundary,4,7,0.9375,7103,-0.4579990242656271,7,0,7,-0.007030492795276677,False,1.0571033943159214,True
True,6,0.02,rt02_frozen_baseline,0.02213775354245796,0.0006616386420268566,not_applicable,,0.7,0.006163742316190295,0.0,0.24031095293519214,0.0,1.0,0.25,2,unchanged RT-02 one-bit orientation mechanism,0.9674450549450548,1.0,0.0,,calibration,relational_twist,1.3874941060677477e-16,1.0,0.06536020950205677,7,0.25,near_above_boundary,1,7,1.0,7103,1.0,,,,0.03875618825923144,False,1.0613574039605078,False
True,6,0.02,passive_relaxation,0.0,0.0,not_applicable,,0.7,1.3874941060677477e-16,0.06536020950205677,0.25,0.0,0.8541666666666666,0.25,2,no restorative mechanism,0.9650641025641024,0.0,0.0,,calibration,relational_twist,1.3874941060677477e-16,1.0,0.06536020950205677,7,0.25,near_above_boundary,61,7,0.8541666666666666,7103,0.0,,,,0.0,False,1.0625,False
True,6,0.02,operator_only,0.1789272588189606,0.042989498535750625,not_applicable,,0.7,0.14644566137040765,0.01999819891790268,0.4268262843502904,0.0,0.6458333333333334,0.25,2,matched bounded smoothing without parity,0.9035714285714285,9.005410486606635e-05,0.7073051374011616,,calibration,relational_twist,1.3874941060677477e-16,1.0,0.06536020950205677,7,0.25,near_above_boundary,61,7,0.6458333333333334,7103,0.694030985055619,,,,-0.7073051374011616,False,0.8795442868364642,False
True,6,0.02,random_parity_checks,0.12412840511369337,0.02164822292391814,eliminated,0.5625,0.7,0.06548238302337457,0.15347136308847578,0.34118538526362036,0.0,0.6458333333333334,0.25,2,degree-matched checks on unrelated variables,0.9413461538461538,0.0,0.3647415410544814,False,calibration,relational_twist,1.3874941060677477e-16,1.0,0.06536020950205677,7,0.25,near_above_boundary,61,7,0.6458333333333334,7103,-1.3480855440594373,13,0,13,-0.3647415410544814,False,0.9891262681110404,True
True,6,0.02,memory_budget_random_bits,0.13506821060460128,0.025604115807230265,eliminated,0.6666666666666666,0.7,0.0691802272763817,0.11491466527794943,0.3474849219818505,0.0,0.6666666666666666,0.25,2,32 random bits replace structured parity,0.9326007326007326,0.0,0.38993968792740197,False,calibration,relational_twist,1.3874941060677477e-16,1.0,0.06536020950205677,7,0.25,near_above_boundary,61,7,0.6666666666666666,7103,-0.7581746777346737,23,0,23,-0.38993968792740197,False,0.9778869301447574,True
True,11,0.02,target,0.07108109105446773,0.007046111815679701,eliminated,0.875,0.7,0.014786920775468166,0.24514105214265547,0.5265223906363441,0.0,0.875,0.55,2,local syndrome decode plus bounded relation feedback,0.8783424908424908,0.0,0.0,False,calibration,relational_twist,2.3390285782902766e-16,1.0,0.24846727388237919,13,0.5500000000000002,near_above_boundary,61,13,0.875,7103,0.013386961138786842,14,0,14,0.04268656247937464,False,1.2810045945160609,True
True,11,0.02,rt02_frozen_baseline,0.05875609587879144,0.007236294421238757,not_applicable,,0.7,0.02786893293576275,0.0,0.5064014670158986,0.0,1.0,0.55,2,unchanged RT-02 one-bit orientation mechanism,0.8907509157509156,1.0,0.0,,calibration,relational_twist,2.3390285782902766e-16,1.0,0.24846727388237919,13,0.5500000000000002,near_above_boundary,5,13,1.0,7103,1.0,,,,0.0792700599710937,False,1.2836111888695134,False
True,11,0.02,passive_relaxation,0.0,0.0,not_applicable,,0.7,2.3390285782902766e-16,0.24846727388237919,0.5500000000000002,0.0,0.7291666666666666,0.55,2,no restorative mechanism,0.8653846153846154,0.0,0.0,,calibration,relational_twist,2.3390285782902766e-16,1.0,0.24846727388237919,13,0.5500000000000002,near_above_boundary,61,13,0.7291666666666666,7103,0.0,,,,0.0,False,1.3024999999999998,False
True,11,0.02,operator_only,0.232127445594392,0.07212255946217906,not_applicable,,0.7,0.14644566137040765,0.01999808543681919,0.5483579940793242,0.0,0.6458333333333334,0.55,2,matched bounded smoothing without parity,0.8372252747252746,9.572815904046461e-05,0.0,,calibration,relational_twist,2.3390285782902766e-16,1.0,0.24846727388237919,13,0.5500000000000002,near_above_boundary,61,13,0.6458333333333334,7103,0.9195142075479686,,,,0.002985465310319966,False,0.9980600994948894,False
True,11,0.02,random_parity_checks,0.15149414242165718,0.029501446059439402,eliminated,0.5,0.7,0.059798385982934264,0.29828805547765597,0.5701827936554097,0.0,0.625,0.55,2,degree-matched checks on unrelated variables,0.8369047619047618,0.0,0.036695988464380935,False,calibration,relational_twist,2.3390285782902766e-16,1.0,0.24846727388237919,13,0.5500000000000002,near_above_boundary,61,13,0.625,7103,-0.2005124490513838,12,0,12,-0.03669598846438096,False,1.2156944296271104,True
True,11,0.02,memory_budget_random_bits,0.12482184980432408,0.02184722631498098,eliminated,0.6041666666666666,0.7,0.05099123751453277,0.24535908939405962,0.5816727802092143,0.0,0.6041666666666666,0.55,2,32 random bits replace structured parity,0.8455128205128204,0.0,0.057586873107662084,False,calibration,relational_twist,2.3390285782902766e-16,1.0,0.24846727388237919,13,0.5500000000000002,near_above_boundary,61,13,0.6041666666666666,7103,0.012509432086379854,20,0,20,-0.05758687310766209,False,1.2263549005027214,True
True,3,0.02,target,0.08053395166057646,0.00908908615224212,eliminated,0.8125,0.7,0.09863948581310603,0.13785083123158134,0.24160524636553818,-0.028417107216555017,0.8125,0.25,2,local syndrome decode plus bounded relation feedback,0.9589743589743589,0.0,0.0,False,calibration,clustered_symbol_corruption,0.09591389050312189,1.0,0.18577630315050658,6,0.25,near_above_boundary,2,6,0.8125,7103,0.25797408553284884,4,0,4,0.033579014537847285,False,1.0290825163316382,True
True,3,0.02,rt02_frozen_baseline,0.058625125788687935,0.004802538523703594,not_applicable,,0.7,0.09612485426421762,0.0023151052273757606,0.1986794836708307,-0.002199512083068469,1.0,0.25,2,unchanged RT-02 one-bit orientation mechanism,0.9753663003663002,0.884244738631212,0.0,,calibration,clustered_symbol_corruption,0.09591389050312189,1.0,0.18577630315050658,6,0.25,near_above_boundary,2,6,1.0,7103,0.9875382102662459,,,,0.20528206531667725,False,1.0506897658899739,False
True,3,0.02,passive_relaxation,0.0,0.0,not_applicable,,0.7,0.09591389050312189,0.18577630315050658,0.25,0.0,0.875,0.25,2,no restorative mechanism,0.9638736263736263,0.0,0.0,,calibration,clustered_symbol_corruption,0.09591389050312189,1.0,0.18577630315050658,6,0.25,near_above_boundary,61,6,0.875,7103,0.0,,,,0.0,False,1.0602007958942106,False
True,3,0.02,operator_only,0.19352332521700216,0.048611569150094895,not_applicable,,0.7,0.17015960693724985,0.019998293681946052,0.41481904364902605,-0.7740872155708389,0.7291666666666666,0.25,2,matched bounded smoothing without parity,0.9172619047619047,8.531590269744704e-05,0.6592761745961042,,calibration,clustered_symbol_corruption,0.09591389050312189,1.0,0.18577630315050658,6,0.25,near_above_boundary,61,6,0.7291666666666666,7103,0.8923528278752298,,,,-0.6592761745961042,False,0.8714514115703946,False
True,3,0.02,random_parity_checks,0.08597641143151587,0.01201971704715045,eliminated,0.4375,0.7,0.09938088541614817,0.15380098141517942,0.3098230694674236,-0.03614695321855841,0.6875,0.25,2,degree-matched checks on unrelated variables,0.9415750915750914,0.0,0.23929227786969443,False,calibration,clustered_symbol_corruption,0.09591389050312189,1.0,0.18577630315050658,6,0.25,near_above_boundary,61,6,0.6875,7103,0.17211733247497324,14,0,14,-0.23929227786969443,False,1.0060900020748786,True
True,3,0.02,memory_budget_random_bits,0.07525370634545249,0.00791671938672208,eliminated,0.75,0.7,0.11313962646100184,0.16003489792406195,0.2723500175618526,-0.17959584234902107,0.75,0.25,2,32 random bits replace structured parity,0.9494047619047619,0.0,0.08940007024741048,False,calibration,clustered_symbol_corruption,0.09591389050312189,1.0,0.18577630315050658,6,0.25,near_above_boundary,61,6,0.75,7103,0.13856129543922643,17,0,17,-0.08940007024741048,False,1.035522489636881,True
True,3,0.02,target,0.15443864238656116,0.03333255409314241,eliminated,0.8125,0.7,0.21520048748322484,0.33329903468585015,0.46681747828379094,-0.01985648677531046,0.8125,0.55,2,local syndrome decode plus bounded relation feedback,0.8747252747252747,0.0,0.0,False,calibration,clustered_symbol_corruption,0.21101055910686844,1.0,0.5825755232056435,6,0.5500000000000002,near_above_boundary,61,6,0.8125,7103,0.4278869924849232,4,0,4,0.1512409485749258,False,1.1896598457791607,True
True,3,0.02,rt02_frozen_baseline,0.20619314149506893,0.046833489844690296,not_applicable,,0.7,0.20993070966210794,0.0023151052273757606,0.41092867297166463,0.005117513783817801,1.0,0.55,2,unchanged RT-02 one-bit orientation mechanism,0.9319139194139194,0.884244738631212,0.0,,calibration,clustered_symbol_corruption,0.21101055910686844,1.0,0.5825755232056435,6,0.5500000000000002,near_above_boundary,3,6,1.0,7103,0.996026085657295,,,,0.25285695823333726,False,1.2125368930455962,False
True,3,0.02,passive_relaxation,0.0,0.0,not_applicable,,0.7,0.21101055910686844,0.5825755232056435,0.5500000000000002,0.0,0.875,0.55,2,no restorative mechanism,0.8637362637362636,0.0,0.0,,calibration,clustered_symbol_corruption,0.21101055910686844,1.0,0.5825755232056435,6,0.5500000000000002,near_above_boundary,61,6,0.875,7103,0.0,,,,0.0,False,1.297441750967263,False
True,3,0.02,operator_only,0.30507020037335486,0.11249114294046521,not_applicable,,0.7,0.23674835756945398,0.019998293821468508,0.5017812150354052,-0.12197398353676871,0.75,0.55,2,matched bounded smoothing without parity,0.8635989010989009,8.53089265746565e-05,0.0,,calibration,clustered_symbol_corruption,0.21101055910686844,1.0,0.5825755232056435,6,0.5500000000000002,near_above_boundary,61,6,0.75,7103,0.9656726157813373,,,,0.08767051811744538,False,0.953576515685685,False
True,3,0.02,random_parity_checks,0.18414735069398874,0.04033149047537301,eliminated,0.375,0.7,0.24538282411368245,0.3200541956384633,0.5075585615529788,-0.16289357818063419,0.6666666666666666,0.55,2,degree-matched checks on unrelated variables,0.8682234432234431,0.0,0.0,False,calibration,clustered_symbol_corruption,0.21101055910686844,1.0,0.5825755232056435,6,0.5500000000000002,near_above_boundary,61,6,0.6666666666666666,7103,0.4506219659258028,19,0,19,0.0771662517218569,False,1.2010509248869532,True
True,3,0.02,memory_budget_random_bits,0.17122228129494996,0.040982766481954314,eliminated,0.6666666666666666,0.7,0.20297706106497634,0.22590366032455156,0.46101514197099525,0.03807154521505938,0.6666666666666666,0.55,2,32 random bits replace structured parity,0.8950549450549449,0.0,0.0,False,calibration,clustered_symbol_corruption,0.21101055910686844,1.0,0.5825755232056435,6,0.5500000000000002,near_above_boundary,61,6,0.6666666666666666,7103,0.6122328327810475,20,0,20,0.16179065096182707,False,1.1636008377043165,True
True,4,0.02,target,0.02943161026927322,0.0012112601977544548,eliminated,1.0,0.7,0.05147419019159647,4.275507889072863e-09,0.22780748176665921,-0.002349533620234773,1.0,0.25,1,local syndrome decode plus bounded relation feedback,0.9829212454212453,0.9999997862246055,0.0,True,calibration,dispersed_equal_weight_corruption,0.05135353333849982,1.0,0.10298918209739544,4,0.25,within_radius,0,4,1.0,7103,0.9999999584858544,6,0,6,0.08877007293336314,False,1.1081189080575964,False
True,4,0.02,rt02_frozen_baseline,0.02416810153664308,0.0014281832701536462,not_applicable,,0.7,0.05143588633819574,0.0023151052273757606,0.22602653079259408,-0.0016036481687265697,1.0,0.25,1,unchanged RT-02 one-bit orientation mechanism,0.9829212454212453,0.884244738631212,0.0,,calibration,dispersed_equal_weight_corruption,0.05135353333849982,1.0,0.10298918209739544,4,0.25,within_radius,0,4,1.0,7103,0.9775208892795518,,,,0.09589387682962369,False,1.1082307493418577,False
True,4,0.02,passive_relaxation,0.0,0.0,not_applicable,,0.7,0.05135353333849982,0.10298918209739544,0.25,0.0,0.9166666666666666,0.25,1,no restorative mechanism,0.9715659340659341,0.0,0.0,,calibration,dispersed_equal_weight_corruption,0.05135353333849982,1.0,0.10298918209739544,4,0.25,within_radius,0,4,0.9166666666666666,7103,0.0,,,,0.0,False,1.1118159748947032,False
True,4,0.02,operator_only,0.20211019879283665,0.052814301874120353,not_applicable,,0.7,0.11569518378515871,0.01999838564145694,0.4014793998500013,-1.2529157443276033,0.6875,0.25,1,matched bounded smoothing without parity,0.9205586080586079,8.071792715302895e-05,0.6059175994000052,,calibration,dispersed_equal_weight_corruption,0.05135353333849982,1.0,0.10298918209739544,4,0.25,within_radius,0,4,0.6875,7103,0.8058205217850478,,,,-0.6059175994000052,False,0.909061327200319,False
True,4,0.02,random_parity_checks,0.10628182941018889,0.014388707718168633,eliminated,0.5,0.7,0.027781147861314033,0.10291333421367996,0.2840031890439532,0.459021686430163,0.7083333333333334,0.25,1,degree-matched checks on unrelated variables,0.9586080586080585,0.0,0.13601275617581288,False,calibration,dispersed_equal_weight_corruption,0.05135353333849982,1.0,0.10298918209739544,4,0.25,within_radius,0,4,0.7083333333333334,7103,0.0007364645700725285,13,0,13,-0.13601275617581288,False,1.073390505717251,True
True,4,0.02,memory_budget_random_bits,0.1300090333392522,0.02363704132380485,eliminated,0.6458333333333334,0.7,0.030558140497774285,0.10524022650247368,0.3054428477465938,0.4049457065330147,0.6458333333333334,0.25,1,32 random bits replace structured parity,0.9410256410256409,0.0,0.22177139098637522,False,calibration,dispersed_equal_weight_corruption,0.05135353333849982,1.0,0.10298918209739544,4,0.25,within_radius,0,4,0.6458333333333334,7103,-0.021857095660294312,16,0,16,-0.22177139098637522,False,1.033563670831171,True
True,5,0.02,target,0.11410315631711715,0.01822326023003449,eliminated,0.9375,0.7,0.10270645828001,0.032681149098580387,0.47666904983753206,0.09091447601247621,0.9375,0.55,2,local syndrome decode plus bounded relation feedback,0.9267399267399267,0.0,0.0,False,calibration,dispersed_equal_weight_corruption,0.11297777334469968,1.0,0.34945723499217846,6,0.5500000000000002,near_above_boundary,7,6,0.9375,7103,0.9064802618858017,8,0,8,0.13332900029539652,False,1.3492166138581785,True
True,5,0.02,rt02_frozen_baseline,0.10782337276981192,0.015605996247564178,not_applicable,,0.7,0.11962908169813037,0.0023151052273757606,0.466650862212555,-0.05887271590259874,1.0,0.55,2,unchanged RT-02 one-bit orientation mechanism,0.935576923076923,0.884244738631212,0.0,,calibration,dispersed_equal_weight_corruption,0.11297777334469968,1.0,0.34945723499217846,6,0.5500000000000002,near_above_boundary,6,6,1.0,7103,0.9933751400870908,,,,0.1515438868862639,False,1.3669615989351263,False
True,5,0.02,passive_relaxation,0.0,0.0,not_applicable,,0.7,0.11297777334469968,0.34945723499217846,0.5500000000000002,0.0,0.875,0.55,2,no restorative mechanism,0.8925366300366299,0.0,0.0,,calibration,dispersed_equal_weight_corruption,0.11297777334469968,1.0,0.34945723499217846,6,0.5500000000000002,near_above_boundary,61,6,0.875,7103,0.0,,,,0.0,False,1.4109951447683478,False
True,5,0.02,operator_only,0.29203002275284967,0.1089435561689288,not_applicable,,0.7,0.08308947826095765,0.019998496332638723,0.44618445662867545,0.2645502225694575,0.6666666666666666,0.55,2,matched bounded smoothing without parity,0.8956959706959706,7.518336806389136e-05,0.0,,calibration,dispersed_equal_weight_corruption,0.11297777334469968,1.0,0.34945723499217846,6,0.5500000000000002,near_above_boundary,61,6,0.6666666666666666,7103,0.9427726933938387,,,,0.1887555334024085,False,1.0075705986800834,False
True,5,0.02,random_parity_checks,0.14164455636295975,0.02745895010080395,eliminated,0.75,0.7,0.08862449777199526,0.29985627377810803,0.5410283324459426,0.215558112465198,0.625,0.55,2,degree-matched checks on unrelated variables,0.88489010989011,0.0,0.0,False,calibration,dispersed_equal_weight_corruption,0.11297777334469968,1.0,0.34945723499217846,6,0.5500000000000002,near_above_boundary,61,6,0.625,7103,0.14193714208029087,14,0,14,0.016312122825559158,False,1.325439433217798,True
True,5,0.02,memory_budget_random_bits,0.1981444889327041,0.0549069319978978,eliminated,0.7291666666666666,0.7,0.04917845328531514,0.1506204626610806,0.4835753392571403,0.5647068283487079,0.7291666666666666,0.55,2,32 random bits replace structured parity,0.8921245421245422,0.0,0.0,False,calibration,dispersed_equal_weight_corruption,0.11297777334469968,1.0,0.34945723499217846,6,0.5500000000000002,near_above_boundary,61,6,0.7291666666666666,7103,0.5689874251295677,15,0,15,0.12077211044156333,False,1.221217112916164,True
True,3,0.02,target,0.014161670546736973,0.0002802758096380213,eliminated,1.0,0.7,0.2434808227371101,4.3916835471117054e-17,0.2470859715775171,0.019875476484495527,1.0,0.25,1,local syndrome decode plus bounded relation feedback,0.9646062271062269,0.9999999999999978,0.0,True,calibration,topology_preserving_identity_disruption,0.2484182539008356,1.0,0.04955552392129551,3,0.25000000000000006,within_radius,0,3,1.0,7103,0.9999999999999991,5,0,5,0.0116561136899318,False,0.8946448900948669,False
True,3,0.02,rt02_frozen_baseline,0.010810944030317111,0.00016333673873289485,not_applicable,,0.7,0.24494583381925328,0.03821368156129661,0.24784752335964758,0.013978119671384777,0.9791666666666666,0.25,1,unchanged RT-02 one-bit orientation mechanism,0.9649725274725274,0.0,0.0,,calibration,topology_preserving_identity_disruption,0.2484182539008356,1.0,0.04955552392129551,3,0.25000000000000006,within_radius,0,3,0.9791666666666666,7103,0.22887140448786505,,,,0.008609906561409917,False,0.8951644126799356,False
True,3,0.02,passive_relaxation,0.0,0.0,not_applicable,,0.7,0.2484182539008356,0.04955552392129551,0.25000000000000006,0.0,0.9375,0.25,1,no restorative mechanism,0.9644688644688644,0.0,0.0,,calibration,topology_preserving_identity_disruption,0.2484182539008356,1.0,0.04955552392129551,3,0.25000000000000006,within_radius,0,3,0.9375,7103,0.0,,,,0.0,False,0.8953864565192111,False
True,3,0.02,operator_only,0.15357688071163395,0.031707106612585155,not_applicable,,0.7,0.29501226312970563,0.019998486090891148,0.45195707870643437,-0.18756274346678875,0.75,0.25,1,matched bounded smoothing without parity,0.9012362637362636,7.56954554426148e-05,0.807828314825737,,calibration,topology_preserving_identity_disruption,0.2484182539008356,1.0,0.04955552392129551,3,0.25000000000000006,within_radius,0,3,0.75,7103,0.5964428481746473,,,,-0.807828314825737,False,0.7600558075877297,False
True,3,0.02,random_parity_checks,0.10664487915034186,0.013854879906527843,eliminated,0.4375,0.7,0.2496824720413119,0.08432663493569299,0.31498751957153226,-0.00508907103493665,0.7291666666666666,0.25,1,degree-matched checks on unrelated variables,0.9455128205128205,0.0,0.2599500782861288,False,calibration,topology_preserving_identity_disruption,0.2484182539008356,1.0,0.04955552392129551,3,0.25000000000000006,within_radius,0,3,0.7291666666666666,7103,-0.7016596387845934,19,0,19,-0.25995007828612876,False,0.8616303671828422,True
True,3,0.02,memory_budget_random_bits,0.10320533363658166,0.014904560826032049,eliminated,0.6875,0.7,0.25353246856250844,0.06945685788772968,0.3362932848515695,-0.02058711298934716,0.6875,0.25,1,32 random bits replace structured parity,0.9234432234432233,0.0,0.3451731394062778,False,calibration,topology_preserving_identity_disruption,0.2484182539008356,1.0,0.04955552392129551,3,0.25000000000000006,within_radius,0,3,0.6875,7103,-0.4015966816946912,18,0,18,-0.34517313940627775,False,0.8478221642974932,True
True,8,0.02,target,0.040036294305546644,0.002242232259088893,eliminated,0.9375,0.7,0.5302797817564463,0.06220250440619625,0.5419966339028468,0.029715970345054042,0.9375,0.55,2,local syndrome decode plus bounded relation feedback,0.8413461538461537,0.0,0.0,False,calibration,topology_preserving_identity_disruption,0.5465201585818384,1.0,0.15122339612460756,9,0.5500000000000002,near_above_boundary,5,9,0.9375,7103,0.5886714225427023,15,0,15,0.014551574722097001,False,0.9280586060051013,True
True,8,0.02,rt02_frozen_baseline,0.0362328787035085,0.0021214205314892777,not_applicable,,0.7,0.5251587073338546,0.07696104370744114,0.5357086464624377,0.03908630068360977,0.9791666666666666,0.55,2,unchanged RT-02 one-bit orientation mechanism,0.8399267399267397,0.0,0.0,,calibration,topology_preserving_identity_disruption,0.5465201585818384,1.0,0.15122339612460756,9,0.5500000000000002,near_above_boundary,4,9,0.9791666666666666,7103,0.49107713700580097,,,,0.02598427915920454,False,0.9298380277968011,False
True,8,0.02,passive_relaxation,0.0,0.0,not_applicable,,0.7,0.5465201585818384,0.15122339612460756,0.5500000000000002,0.0,0.8125,0.55,2,no restorative mechanism,0.8329670329670329,0.0,0.0,,calibration,topology_preserving_identity_disruption,0.5465201585818384,1.0,0.15122339612460756,9,0.5500000000000002,near_above_boundary,61,9,0.8125,7103,0.0,,,,0.0,False,0.9348502043422647,False
True,8,0.02,operator_only,0.1568990603371838,0.033101232871457435,not_applicable,,0.7,0.5333203117226841,0.019998717093421253,0.6384239430738745,0.02415253426956201,0.6875,0.55,2,matched bounded smoothing without parity,0.7508699633699633,6.414532893739278e-05,0.16077080558886236,,calibration,topology_preserving_identity_disruption,0.5465201585818384,1.0,0.15122339612460756,9,0.5500000000000002,near_above_boundary,61,9,0.6875,7103,0.8677538158385071,,,,-0.16077080558886242,False,0.7934881338096931,False
True,8,0.02,random_parity_checks,0.08364559612108764,0.008813697799834734,eliminated,0.375,0.7,0.5467404601447226,0.12272615457009813,0.573704233739749,-0.0004030986953084505,0.6666666666666666,0.55,2,degree-matched checks on unrelated variables,0.8119963369963369,0.0,0.04309860679954336,False,calibration,topology_preserving_identity_disruption,0.5465201585818384,1.0,0.15122339612460756,9,0.5500000000000002,near_above_boundary,61,9,0.6666666666666666,7103,0.18844466058034964,14,0,14,-0.043098606799543325,False,0.9105280574684833,True
True,8,0.02,memory_budget_random_bits,0.09063214827725583,0.011505229695598205,eliminated,0.625,0.7,0.5487849736871371,0.14442142066966032,0.5828401651946116,-0.004144065081104397,0.625,0.55,2,32 random bits replace structured parity,0.7937271062271061,0.0,0.059709391262929845,False,calibration,topology_preserving_identity_disruption,0.5465201585818384,1.0,0.15122339612460756,9,0.5500000000000002,near_above_boundary,61,9,0.625,7103,0.044979650168300876,16,0,16,-0.05970939126292983,False,0.8970960916878558,True
True,2,0.02,target,0.030947352441566947,0.001338454597559478,eliminated,1.0,0.7,0.04495705811507986,2.9697905225671333e-17,0.2243273748567865,-0.1945949539351283,1.0,0.25,1,local syndrome decode plus bounded relation feedback,0.990705128205128,0.9999999999999986,0.0,True,calibration,localized_block_shock,0.03763372511074681,1.0,0.10829317481702026,2,0.25000000000000006,within_radius,0,2,1.0,7104,0.9999999999999998,3,0,3,0.1026905005728542,False,1.06821253656397,False
True,2,0.02,rt02_frozen_baseline,0.032696959755466666,0.001494071521002401,not_applicable,,0.7,0.04538512944313367,0.0,0.22337543253140557,-0.20596962723133003,1.0,0.25,1,unchanged RT-02 one-bit orientation mechanism,0.990705128205128,1.0,0.0,,calibration,localized_block_shock,0.03763372511074681,1.0,0.10829317481702026,2,0.25000000000000006,within_radius,0,2,1.0,7104,1.0,,,,0.10649826987437791,False,1.06824534906397,False
True,2,0.02,passive_relaxation,0.0,0.0,not_applicable,,0.7,0.03763372511074681,0.10829317481702026,0.25000000000000006,0.0,0.9583333333333334,0.25,1,no restorative mechanism,0.985576923076923,0.0,0.0,,calibration,localized_block_shock,0.03763372511074681,1.0,0.10829317481702026,2,0.25000000000000006,within_radius,0,2,0.9583333333333334,7104,0.0,,,,0.0,False,1.0722788157903143,False
True,2,0.02,operator_only,0.184655410562472,0.04578255262192373,not_applicable,,0.7,0.18038444417999022,0.01999839039736563,0.4491291069489798,-3.7931594241378743,0.6458333333333334,0.25,1,matched bounded smoothing without parity,0.9117216117216117,8.048013171846335e-05,0.7965164277959187,,calibration,localized_block_shock,0.03763372511074681,1.0,0.10829317481702026,2,0.25000000000000006,within_radius,0,2,0.6458333333333334,7104,0.8153310175719171,,,,-0.7965164277959187,False,0.8774744509151687,False
True,2,0.02,random_parity_checks,0.08827883693830871,0.01100412165893285,eliminated,0.4375,0.7,0.07127730172626638,0.08032639554771454,0.2869279049781666,-0.8939741286974594,0.7708333333333334,0.25,1,degree-matched checks on unrelated variables,0.9633241758241755,0.0,0.14771161991266624,False,calibration,localized_block_shock,0.03763372511074681,1.0,0.10829317481702026,2,0.25000000000000006,within_radius,0,2,0.7708333333333334,7104,0.2582506175163888,13,0,13,-0.1477116199126662,False,1.035752277199364,True
True,2,0.02,memory_budget_random_bits,0.09281787414470942,0.012043711720609048,eliminated,0.7916666666666666,0.7,0.0726312499967263,0.01825741734698874,0.2929527150304561,-0.9299511218459073,0.7916666666666666,0.25,1,32 random bits replace structured parity,0.9627289377289376,0.08712913265056299,0.17181086012182423,False,calibration,localized_block_shock,0.03763372511074681,1.0,0.10829317481702026,2,0.25000000000000006,within_radius,0,2,0.7916666666666666,7104,0.8314074974915293,17,0,17,-0.1718108601218242,False,1.034705419144671,True
True,2,0.02,target,0.07554028306592367,0.007974690883714114,eliminated,0.9375,0.7,0.0954697498985256,0.3441752069270814,0.5192466982396601,-0.1530971418658209,0.9375,0.55,2,local syndrome decode plus bounded relation feedback,0.9156135531135529,0.0,0.0,False,calibration,localized_block_shock,0.08279419524364309,1.0,0.37574698148084884,3,0.5500000000000002,near_above_boundary,0,3,0.9375,7104,0.08402402709754456,2,0,2,0.05591509410970922,False,1.2985454946248143,True
True,2,0.02,rt02_frozen_baseline,0.08552158319921478,0.015760043184600135,not_applicable,,0.7,0.11076377231614647,0.0,0.47025152715372004,-0.3378205077082486,1.0,0.55,2,unchanged RT-02 one-bit orientation mechanism,0.9346611721611721,1.0,0.0,,calibration,localized_block_shock,0.08279419524364309,1.0,0.37574698148084884,3,0.5500000000000002,near_above_boundary,0,3,1.0,7104,1.0,,,,0.1449972233568729,False,1.280797354087086,False
True,2,0.02,passive_relaxation,0.0,0.0,not_applicable,,0.7,0.08279419524364309,0.37574698148084884,0.5500000000000002,0.0,0.9375,0.55,2,no restorative mechanism,0.9181776556776555,0.0,0.0,,calibration,localized_block_shock,0.08279419524364309,1.0,0.37574698148084884,3,0.5500000000000002,near_above_boundary,0,3,0.9375,7104,0.0,,,,0.0,False,1.3240133947386914,False
True,2,0.02,operator_only,0.21380525478842605,0.06438818000736822,not_applicable,,0.7,0.23821306671983766,0.019998228838810445,0.5672008639676482,-1.8771711110765048,0.625,0.55,2,matched bounded smoothing without parity,0.8564560439560438,8.855805947782791e-05,0.031274298122996536,,calibration,localized_block_shock,0.08279419524364309,1.0,0.37574698148084884,3,0.5500000000000002,near_above_boundary,0,3,0.625,7104,0.9467774065409766,,,,-0.03127429812299651,False,1.0175066302211628,False
True,2,0.02,random_parity_checks,0.14398628852012832,0.029043906075258856,eliminated,0.375,0.7,0.12341433446873508,0.04854548987669263,0.5068424066368863,-0.4906157865965946,0.75,0.55,2,degree-matched checks on unrelated variables,0.895558608058608,0.0,0.0,False,calibration,localized_block_shock,0.08279419524364309,1.0,0.37574698148084884,3,0.5500000000000002,near_above_boundary,0,3,0.75,7104,0.8708027149403278,18,0,18,0.07846835156929792,False,1.2155371571215186,True
True,2,0.02,memory_budget_random_bits,0.1066488718526783,0.01589658819976907,eliminated,0.6666666666666666,0.7,0.10764778027324885,0.4251833366162218,0.5960254972048299,-0.30018511510943163,0.6666666666666666,0.55,2,32 random bits replace structured parity,0.8815018315018315,0.0,0.08368272219059958,False,calibration,localized_block_shock,0.08279419524364309,1.0,0.37574698148084884,3,0.5500000000000002,near_above_boundary,0,3,0.6666666666666666,7104,-0.13156820299803967,18,0,18,-0.0836827221905995,False,1.2738202512174857,True
True,2,0.02,target,0.020623858637626186,0.0005959061920706827,eliminated,0.9375,0.7,0.06944728228120647,0.09800515084790828,0.2586398702452048,-0.05988442815778903,0.9375,0.25,2,local syndrome decode plus bounded relation feedback,0.9481684981684979,0.0,0.03455948098081896,False,calibration,sparse_node_corruption,0.0655234480630256,1.0,0.07272575782493691,3,0.25000000000000006,near_above_boundary,0,3,0.9375,7104,-0.3475988945185433,3,0,3,-0.03455948098081895,False,0.9814543327906318,True
True,2,0.02,rt02_frozen_baseline,0.019903280204875872,0.0006796875625509676,not_applicable,,0.7,0.06291456175249402,0.0,0.22842125641737632,0.0398160717675014,1.0,0.25,2,unchanged RT-02 one-bit orientation mechanism,0.9632783882783881,1.0,0.0,,calibration,sparse_node_corruption,0.0655234480630256,1.0,0.07272575782493691,3,0.25000000000000006,near_above_boundary,0,3,1.0,7104,1.0,,,,0.08631497433049494,False,0.9809016591042832,False
True,2,0.02,passive_relaxation,0.0,0.0,not_applicable,,0.7,0.0655234480630256,0.07272575782493691,0.25000000000000006,0.0,0.9375,0.25,2,no restorative mechanism,0.9546703296703296,0.0,0.0,,calibration,sparse_node_corruption,0.0655234480630256,1.0,0.07272575782493691,3,0.25000000000000006,near_above_boundary,0,3,0.9375,7104,0.0,,,,0.0,False,0.9835179493759422,False
True,2,0.02,operator_only,0.19362674625231419,0.050990248882947384,not_applicable,,0.7,0.20666934248816957,0.019998695955142476,0.4240777839163071,-2.1541280045179976,0.5833333333333334,0.25,2,matched bounded smoothing without parity,0.9056318681318681,6.520224287620557e-05,0.6963111356652281,,calibration,sparse_node_corruption,0.0655234480630256,1.0,0.07272575782493691,3,0.25000000000000006,near_above_boundary,0,3,0.5833333333333334,7104,0.7250122026465137,,,,-0.6963111356652282,False,0.759518413319082,False
True,2,0.02,random_parity_checks,0.13933349867964598,0.02393685692449222,eliminated,0.375,0.7,0.11833444546796065,0.06821616925565416,0.3515303840935779,-0.8059862379973852,0.75,0.25,2,degree-matched checks on unrelated variables,0.9023809523809524,0.0,0.40612153637431136,False,calibration,sparse_node_corruption,0.0655234480630256,1.0,0.07272575782493691,3,0.25000000000000006,near_above_boundary,0,3,0.75,7104,0.06200813445131902,17,0,17,-0.40612153637431125,False,0.9180464193565115,True
True,2,0.02,memory_budget_random_bits,0.10261176021479718,0.014742666392572708,eliminated,0.75,0.7,0.10506220088663713,0.10652801263233132,0.32570611555224743,-0.6034290623042313,0.75,0.25,2,32 random bits replace structured parity,0.9268772893772893,0.0,0.3028244622089895,False,calibration,sparse_node_corruption,0.0655234480630256,1.0,0.07272575782493691,3,0.25000000000000006,near_above_boundary,0,3,0.75,7104,-0.46479068514847377,15,0,15,-0.30282446220898945,False,0.9357340411512763,True
True,5,0.02,target,0.08950984132793834,0.01122024354112075,eliminated,0.875,0.7,0.1474710491243431,0.23393947864366743,0.5127523620257038,-0.02302758841449513,0.875,0.55,2,local syndrome decode plus bounded relation feedback,0.8440476190476189,0.0,0.0,False,calibration,sparse_node_corruption,0.14415158573865652,1.0,0.31455221312873316,7,0.5500000000000002,near_above_boundary,6,7,0.875,7104,0.2562777533282663,8,0,8,0.06772297813508418,False,1.091288597833577,True
True,5,0.02,rt02_frozen_baseline,0.07819740325312212,0.01375122648684722,not_applicable,,0.7,0.12062397218113682,0.0,0.44072653882095814,0.16321439293893525,1.0,0.55,2,unchanged RT-02 one-bit orientation mechanism,0.8893772893772892,1.0,0.0,,calibration,sparse_node_corruption,0.14415158573865652,1.0,0.31455221312873316,7,0.5500000000000002,near_above_boundary,5,7,1.0,7104,1.0,,,,0.1986790203255309,False,1.0783979644145743,False
True,5,0.02,passive_relaxation,0.0,0.0,not_applicable,,0.7,0.14415158573865652,0.31455221312873316,0.5500000000000002,0.0,0.8541666666666666,0.55,2,no restorative mechanism,0.8362179487179485,0.0,0.0,,calibration,sparse_node_corruption,0.14415158573865652,1.0,0.31455221312873316,7,0.5500000000000002,near_above_boundary,61,7,0.8541666666666666,7104,0.0,,,,0.0,False,1.1287394886270727,False
True,5,0.02,operator_only,0.22618038961528542,0.07773157121200348,not_applicable,,0.7,0.2793527340825501,0.01999890127264085,0.46458782454724457,-0.9379095460594526,0.6041666666666666,0.55,2,matched bounded smoothing without parity,0.8715201465201463,5.493636795750323e-05,0.0,,calibration,sparse_node_corruption,0.14415158573865652,1.0,0.31455221312873316,7,0.5500000000000002,near_above_boundary,61,7,0.6041666666666666,7104,0.9364210441448837,,,,0.15529486445955556,False,0.7002533475159954,False
True,5,0.02,random_parity_checks,0.10129019799844663,0.013016159169955771,eliminated,0.375,0.7,0.13963115557765773,0.3027369232260789,0.5325321657055052,0.03135886530720671,0.7083333333333334,0.55,2,degree-matched checks on unrelated variables,0.8399267399267397,0.0,0.0,False,calibration,sparse_node_corruption,0.14415158573865652,1.0,0.31455221312873316,7,0.5500000000000002,near_above_boundary,61,7,0.7083333333333334,7104,0.03756225329058082,13,0,13,0.03175969871726352,False,1.0904366826128593,True
True,5,0.02,memory_budget_random_bits,0.11688471282096506,0.019264164706232764,eliminated,0.7291666666666666,0.7,0.1754768514062992,0.28998936024714683,0.5373861196259424,-0.21730781182272016,0.7291666666666666,0.55,2,32 random bits replace structured parity,0.8404304029304028,0.0,0.0,False,calibration,sparse_node_corruption,0.14415158573865652,1.0,0.31455221312873316,7,0.5500000000000002,near_above_boundary,61,7,0.7291666666666666,7104,0.07808831684021175,14,0,14,0.02293432795283227,False,1.0591293199299667,True
True,6,0.02,target,0.01874742315884806,0.0004911794626076885,eliminated,1.0,0.7,0.004230518506209476,2.6604934498478283e-10,0.24201675391851363,0.0,1.0,0.25,1,local syndrome decode plus bounded relation feedback,0.9724358974358972,0.9999999866975328,0.0,True,calibration,relational_twist,2.2322144669673187e-16,1.0,0.0656023153303059,6,0.25000000000000006,within_radius,3,6,1.0,7104,0.9999999959445128,9,0,9,0.031932984325945706,False,1.0612019943279924,False
True,6,0.02,rt02_frozen_baseline,0.01707729611306064,0.00047243182567360185,not_applicable,,0.7,0.005034710454856427,0.035087278617350205,0.24182638415567106,0.0,0.9791666666666666,0.25,1,unchanged RT-02 one-bit orientation mechanism,0.971474358974359,0.0,0.0,,calibration,relational_twist,2.2322144669673187e-16,1.0,0.0656023153303059,6,0.25000000000000006,within_radius,2,6,0.9791666666666666,7104,0.46515182519570086,,,,0.032694463377315956,False,1.061718947057989,False
True,6,0.02,passive_relaxation,0.0,0.0,not_applicable,,0.7,2.2322144669673187e-16,0.0656023153303059,0.25000000000000006,0.0,0.875,0.25,1,no restorative mechanism,0.9706501831501831,0.0,0.0,,calibration,relational_twist,2.2322144669673187e-16,1.0,0.0656023153303059,6,0.25000000000000006,within_radius,61,6,0.875,7104,0.0,,,,0.0,False,1.0625,False
True,6,0.02,operator_only,0.19791023015824638,0.05309137651093104,not_applicable,,0.7,0.14644566137040774,0.019998547334317596,0.4148803730681228,0.0,0.625,0.25,1,matched bounded smoothing without parity,0.9108058608058607,7.263328412021597e-05,0.6595214922724908,,calibration,relational_twist,2.2322144669673187e-16,1.0,0.0656023153303059,6,0.25000000000000006,within_radius,61,6,0.625,7104,0.6951548549220338,,,,-0.6595214922724909,False,0.831189625222579,False
True,6,0.02,random_parity_checks,0.12289621618504656,0.01822697464196739,eliminated,0.5625,0.7,0.03436860277656845,0.08346217133397466,0.304578582151538,0.0,0.7708333333333334,0.25,1,degree-matched checks on unrelated variables,0.9509157509157508,0.0,0.21831432860615174,False,calibration,relational_twist,2.2322144669673187e-16,1.0,0.0656023153303059,6,0.25000000000000006,within_radius,61,6,0.7708333333333334,7104,-0.2722442937226355,10,0,10,-0.2183143286061517,False,1.0163143753631354,True
True,6,0.02,memory_budget_random_bits,0.08915069518581399,0.011124689071011691,eliminated,0.6458333333333334,0.7,0.039893099916137716,0.05049756220369034,0.31591287202438006,0.0,0.6458333333333334,0.25,1,32 random bits replace structured parity,0.940613553113553,0.0,0.26365148809752004,False,calibration,relational_twist,2.2322144669673187e-16,1.0,0.0656023153303059,6,0.25000000000000006,within_radius,61,6,0.6458333333333334,7104,0.23024725652690056,17,0,17,-0.26365148809752,False,1.0268410805209518,True
True,9,0.02,target,0.06510307247212704,0.005922391068562019,eliminated,0.875,0.7,0.0044700777653702015,0.14782069845506607,0.5285380797554896,0.0,0.875,0.55,2,local syndrome decode plus bounded relation feedback,0.8817765567765565,0.0,0.0,False,calibration,relational_twist,1.381044806141221e-16,1.0,0.23427839085877153,11,0.5500000000000002,near_above_boundary,61,11,0.875,7104,0.36903827146321905,14,0,14,0.03902167317183734,False,1.2844015871863337,True
True,9,0.02,rt02_frozen_baseline,0.05860209006092577,0.0063085810697648655,not_applicable,,0.7,0.01919985355742403,0.10153842485366107,0.5021094879105401,0.0,0.9791666666666666,0.55,2,unchanged RT-02 one-bit orientation mechanism,0.8956043956043956,0.0,0.0,,calibration,relational_twist,1.381044806141221e-16,1.0,0.23427839085877153,11,0.5500000000000002,near_above_boundary,7,11,0.9791666666666666,7104,0.5665907364248938,,,,0.08707365834447278,False,1.2841631097030128,False
True,9,0.02,passive_relaxation,0.0,0.0,not_applicable,,0.7,1.381044806141221e-16,0.23427839085877153,0.5500000000000002,0.0,0.7708333333333334,0.55,2,no restorative mechanism,0.8751373626373624,0.0,0.0,,calibration,relational_twist,1.381044806141221e-16,1.0,0.23427839085877153,11,0.5500000000000002,near_above_boundary,61,11,0.7708333333333334,7104,0.0,,,,0.0,False,1.3025000000000002,False
True,9,0.02,operator_only,0.21748262339492438,0.07643394016635031,not_applicable,,0.7,0.14644566137040751,0.01999857442867754,0.42248664719750145,0.0,0.625,0.55,2,matched bounded smoothing without parity,0.9048534798534797,7.127856612298977e-05,0.0,,calibration,relational_twist,1.381044806141221e-16,1.0,0.23427839085877153,11,0.5500000000000002,near_above_boundary,61,11,0.625,7104,0.914637562792835,,,,0.23184245964090666,False,0.8375588683256204,False
True,9,0.02,random_parity_checks,0.15447213743488203,0.03159105391580229,eliminated,0.625,0.7,0.03754054984228084,0.31667169174517457,0.5516172532889818,0.0,0.5416666666666666,0.55,2,degree-matched checks on unrelated variables,0.8753205128205127,0.0,0.0029404605254212957,False,calibration,relational_twist,1.381044806141221e-16,1.0,0.23427839085877153,11,0.5500000000000002,near_above_boundary,61,11,0.5416666666666666,7104,-0.3516897165990509,15,0,15,-0.0029404605254211937,False,1.2002462977198354,True
True,9,0.02,memory_budget_random_bits,0.11642234256748252,0.01894375420162282,eliminated,0.6041666666666666,0.7,0.033300112830126676,0.2590968984908173,0.5600438466239048,0.0,0.6041666666666666,0.55,2,32 random bits replace structured parity,0.8516025641025641,0.0,0.018261539316190234,False,calibration,relational_twist,1.381044806141221e-16,1.0,0.23427839085877153,11,0.5500000000000002,near_above_boundary,61,11,0.6041666666666666,7104,-0.1059359659295549,16,0,16,-0.01826153931619031,False,1.2416025948762197,True
True,2,0.02,target,0.0493851698715912,0.0034085881187722734,eliminated,0.9375,0.7,0.07000035292596238,0.04141824193118034,0.2312960644674438,-0.04815713033667352,0.9375,0.25,2,local syndrome decode plus bounded relation feedback,0.960485347985348,0.0,0.0,False,calibration,clustered_symbol_corruption,0.06678421669800395,1.0,0.17232624356998946,3,0.25,near_above_boundary,0,3,0.9375,7104,0.7596521512153862,3,0,3,0.0748157421302248,False,1.0599648774719408,True
True,2,0.02,rt02_frozen_baseline,0.04610543671682007,0.0035106555868651165,not_applicable,,0.7,0.07485591157001516,0.0,0.213310428635125,-0.12086231255075049,1.0,0.25,2,unchanged RT-02 one-bit orientation mechanism,0.9690018315018314,1.0,0.0,,calibration,clustered_symbol_corruption,0.06678421669800395,1.0,0.17232624356998946,3,0.25,near_above_boundary,0,3,1.0,7104,1.0,,,,0.14675828545949998,False,1.0604743155216614,False
True,2,0.02,passive_relaxation,0.0,0.0,not_applicable,,0.7,0.06678421669800395,0.17232624356998946,0.25,0.0,0.9375,0.25,2,no restorative mechanism,0.9641025641025641,0.0,0.0,,calibration,clustered_symbol_corruption,0.06678421669800395,1.0,0.17232624356998946,3,0.25,near_above_boundary,0,3,0.9375,7104,0.0,,,,0.0,False,1.0707242053590158,False
True,2,0.02,operator_only,0.2418354197939606,0.07189775776354472,not_applicable,,0.7,0.17190967466359056,0.019998525239851545,0.43863723296991797,-1.5741063257649706,0.6041666666666666,0.25,2,matched bounded smoothing without parity,0.8971153846153846,7.373800742282999e-05,0.7545489318796719,,calibration,clustered_symbol_corruption,0.06678421669800395,1.0,0.17232624356998946,3,0.25,near_above_boundary,0,3,0.6041666666666666,7104,0.8839496247028141,,,,-0.7545489318796719,False,0.8364456676782953,False
True,2,0.02,random_parity_checks,0.09659479632198674,0.013357859285959126,eliminated,0.5625,0.7,0.08710941146392448,0.17309823955465134,0.3343418594198549,-0.3043412915634003,0.7708333333333334,0.25,2,degree-matched checks on unrelated variables,0.93507326007326,0.0,0.33736743767941957,False,calibration,clustered_symbol_corruption,0.06678421669800395,1.0,0.17232624356998946,3,0.25,near_above_boundary,0,3,0.7708333333333334,7104,-0.004479851522721407,9,0,9,-0.33736743767941957,False,1.023820015986948,True
True,2,0.02,memory_budget_random_bits,0.14006020757200457,0.027438765542205684,eliminated,0.6875,0.7,0.10948983413536806,0.04599424288743846,0.3337186039074825,-0.639456739164547,0.6875,0.25,2,32 random bits replace structured parity,0.9192765567765566,0.0,0.3348744156299299,False,calibration,clustered_symbol_corruption,0.06678421669800395,1.0,0.17232624356998946,3,0.25,near_above_boundary,0,3,0.6875,7104,0.73309786173829,17,0,17,-0.3348744156299299,False,0.9808476987503223,True
True,2,0.02,target,0.11228164036442279,0.017618711314647546,eliminated,0.9375,0.7,0.15273784871880194,0.18448386440555295,0.48738191108949597,-0.039561415927451264,0.9375,0.55,2,local syndrome decode plus bounded relation feedback,0.8875915750915748,0.0,0.0,False,calibration,clustered_symbol_corruption,0.14692527673560865,1.0,0.4543028188528605,3,0.5500000000000002,near_above_boundary,0,3,0.9375,7104,0.593918732726808,3,0,3,0.11385107074637121,False,1.2637159059465226,True
True,2,0.02,rt02_frozen_baseline,0.12448160087783393,0.022691366482082673,not_applicable,,0.7,0.1684189704839203,0.0,0.4558014140515548,-0.14628996606887082,1.0,0.55,2,unchanged RT-02 one-bit orientation mechanism,0.8998626373626373,1.0,0.0,,calibration,clustered_symbol_corruption,0.14692527673560865,1.0,0.4543028188528605,3,0.5500000000000002,near_above_boundary,0,3,1.0,7104,1.0,,,,0.17127015626990064,False,1.2509645931897613,False
True,2,0.02,passive_relaxation,0.0,0.0,not_applicable,,0.7,0.14692527673560865,0.4543028188528605,0.5500000000000002,0.0,0.9375,0.55,2,no restorative mechanism,0.8617216117216117,0.0,0.0,,calibration,clustered_symbol_corruption,0.14692527673560865,1.0,0.4543028188528605,3,0.5500000000000002,near_above_boundary,0,3,0.9375,7104,0.0,,,,0.0,False,1.3205932517898349,False
True,2,0.02,operator_only,0.3457847944825568,0.1429385949845517,not_applicable,,0.7,0.2350953559218163,0.019998525437678296,0.5259613496818994,-0.6001015015603427,0.5625,0.55,2,matched bounded smoothing without parity,0.851007326007326,7.372811608519214e-05,0.0,,calibration,clustered_symbol_corruption,0.14692527673560865,1.0,0.4543028188528605,3,0.5500000000000002,near_above_boundary,0,3,0.5625,7104,0.9559797460905577,,,,0.043706636942001276,False,0.9026533600084203,False
True,2,0.02,random_parity_checks,0.1304185491199887,0.021960090522623214,eliminated,0.5,0.7,0.17315192874388463,0.42774785857945585,0.6067022863204706,-0.17850333578388092,0.6666666666666666,0.55,2,degree-matched checks on unrelated variables,0.8148351648351648,0.0,0.10309506603721896,False,calibration,clustered_symbol_corruption,0.14692527673560865,1.0,0.4543028188528605,3,0.5500000000000002,near_above_boundary,0,3,0.6666666666666666,7104,0.05845211425378644,19,0,19,-0.10309506603721902,False,1.2586075783525983,True
True,2,0.02,memory_budget_random_bits,0.19267938934413498,0.05188689856057659,eliminated,0.7083333333333334,0.7,0.20242099422480916,0.1458575217241958,0.5304284310039042,-0.3777138877816429,0.7083333333333334,0.55,2,32 random bits replace structured parity,0.8378205128205126,0.0,0.0,False,calibration,clustered_symbol_corruption,0.14692527673560865,1.0,0.4543028188528605,3,0.5500000000000002,near_above_boundary,0,3,0.7083333333333334,7104,0.6789420719587564,19,0,19,0.035584670901992556,False,1.1526247584783795,True
True,4,0.02,target,0.02785161511742337,0.0010840702145717038,eliminated,1.0,0.7,0.08218335549397922,9.297103696286507e-17,0.23060391697487442,-0.03001074535672145,1.0,0.25,1,local syndrome decode plus bounded relation feedback,0.9709706959706959,0.9999999999999953,0.0,True,calibration,dispersed_equal_weight_corruption,0.07978883314029586,1.0,0.0974603507858192,4,0.25000000000000006,within_radius,0,4,1.0,7104,0.999999999999999,6,0,6,0.07758433210050251,False,1.0061744212732693,False
True,4,0.02,rt02_frozen_baseline,0.02511195009058684,0.0012700496487501169,not_applicable,,0.7,0.08237087503707752,0.0,0.2287176558107599,-0.03236094319416289,1.0,0.25,1,unchanged RT-02 one-bit orientation mechanism,0.9707875457875457,1.0,0.0,,calibration,dispersed_equal_weight_corruption,0.07978883314029586,1.0,0.0974603507858192,4,0.25000000000000006,within_radius,0,4,1.0,7104,1.0,,,,0.08512937675696063,False,1.0062533269773284,False
True,4,0.02,passive_relaxation,0.0,0.0,not_applicable,,0.7,0.07978883314029586,0.0974603507858192,0.25000000000000006,0.0,0.9166666666666666,0.25,1,no restorative mechanism,0.9687271062271061,0.0,0.0,,calibration,dispersed_equal_weight_corruption,0.07978883314029586,1.0,0.0974603507858192,4,0.25000000000000006,within_radius,0,4,0.9166666666666666,7104,0.0,,,,0.0,False,1.0093501885708211,False
True,4,0.02,operator_only,0.21111187769525683,0.05688581666758058,not_applicable,,0.7,0.1837584635595527,0.019998615249671038,0.4272380459378519,-1.3030599186284992,0.625,0.25,1,matched bounded smoothing without parity,0.9082875457875457,6.923751644816178e-05,0.7089521837514072,,calibration,dispersed_equal_weight_corruption,0.07978883314029586,1.0,0.0974603507858192,4,0.25000000000000006,within_radius,0,4,0.625,7104,0.7948025521309645,,,,-0.7089521837514073,False,0.7992462413159973,False
True,4,0.02,random_parity_checks,0.13323704889902308,0.02208785262424619,eliminated,0.5625,0.7,0.10287149061466919,0.08628596982670969,0.330272370525715,-0.28929684225092217,0.6875,0.25,1,degree-matched checks on unrelated variables,0.9437728937728936,0.0,0.3210894821028598,False,calibration,dispersed_equal_weight_corruption,0.07978883314029586,1.0,0.0974603507858192,4,0.25000000000000006,within_radius,0,4,0.6875,7104,0.11465566118950826,22,0,22,-0.32108948210285976,False,0.9514888532608784,True
True,4,0.02,memory_budget_random_bits,0.08464584870221616,0.010028600811209876,eliminated,0.75,0.7,0.09730004849089033,0.06992695387441697,0.29136087170689395,-0.21946950044756017,0.75,0.25,1,32 random bits replace structured parity,0.9536172161172161,0.0,0.1654434868275756,False,calibration,dispersed_equal_weight_corruption,0.07978883314029586,1.0,0.0974603507858192,4,0.25000000000000006,within_radius,0,4,0.75,7104,0.2825086990699446,12,0,12,-0.16544348682757556,False,0.9772182842379353,True
True,5,0.02,target,0.1006284522505109,0.014160977940788936,eliminated,0.875,0.7,0.17432171380455502,0.22017942927374717,0.492806627413715,0.00691438237844482,0.875,0.55,3,local syndrome decode plus bounded relation feedback,0.8999542124542124,0.0,0.0,False,calibration,dispersed_equal_weight_corruption,0.17553543290865128,1.0,0.3793659136954846,8,0.5500000000000002,above_radius,7,8,0.875,7104,0.41961198588209414,5,0,5,0.10398795015688206,False,1.1402270558441998,True
True,5,0.02,rt02_frozen_baseline,0.13096187673688264,0.020249301736323385,not_applicable,,0.7,0.18328593036274618,0.0,0.46460610921929546,-0.044153464207583995,1.0,0.55,3,unchanged RT-02 one-bit orientation mechanism,0.9222985347985347,1.0,0.0,,calibration,dispersed_equal_weight_corruption,0.17553543290865128,1.0,0.3793659136954846,8,0.5500000000000002,above_radius,4,8,1.0,7104,1.0,,,,0.1552616196012812,False,1.1439186075093444,False
True,5,0.02,passive_relaxation,0.0,0.0,not_applicable,,0.7,0.17553543290865128,0.3793659136954846,0.5500000000000002,0.0,0.8333333333333334,0.55,3,no restorative mechanism,0.8876373626373626,0.0,0.0,,calibration,dispersed_equal_weight_corruption,0.17553543290865128,1.0,0.3793659136954846,8,0.5500000000000002,above_radius,61,8,0.8333333333333334,7104,0.0,,,,0.0,False,1.1855704148558066,False
True,5,0.02,operator_only,0.28188763955518187,0.10249840942542636,not_applicable,,0.7,0.2536113521561593,0.01999872361105322,0.47839613189824004,-0.44478723157927197,0.6041666666666666,0.55,3,matched bounded smoothing without parity,0.8834706959706959,6.381944733890865e-05,0.0,,calibration,dispersed_equal_weight_corruption,0.17553543290865128,1.0,0.3793659136954846,8,0.5500000000000002,above_radius,61,8,0.6041666666666666,7104,0.9472838152056379,,,,0.13018885109410927,False,0.7947567430189243,False
True,5,0.02,random_parity_checks,0.1354955428975738,0.025383930758331653,eliminated,0.5625,0.7,0.18878169473516576,0.31736689218366126,0.5614171710120075,-0.0754620398116877,0.6458333333333334,0.55,3,degree-matched checks on unrelated variables,0.8786630036630035,0.0,0.02075849274910424,False,calibration,dispersed_equal_weight_corruption,0.17553543290865128,1.0,0.3793659136954846,8,0.5500000000000002,above_radius,61,8,0.6458333333333334,7104,0.16342802364049422,16,0,16,-0.020758492749104254,False,1.1022480938167938,True
True,5,0.02,memory_budget_random_bits,0.08841271978588128,0.01092651219165691,eliminated,0.7291666666666666,0.7,0.20091329900981103,0.3137780257459248,0.5340106018779196,-0.14457403659559948,0.7291666666666666,0.55,3,32 random bits replace structured parity,0.8896978021978019,0.0,0.0,False,calibration,dispersed_equal_weight_corruption,0.17553543290865128,1.0,0.3793659136954846,8,0.5500000000000002,above_radius,61,8,0.7291666666666666,7104,0.17288819470008301,13,0,13,0.029071632949237366,False,1.151610976588263,True
True,3,0.02,target,0.011088470799600523,0.00017183038230781717,eliminated,1.0,0.7,0.22600889216793482,4.1810674540251825e-17,0.2472024972050875,0.013522874071780074,1.0,0.25,1,local syndrome decode plus bounded relation feedback,0.9620421245421245,0.9999999999999979,0.0,True,calibration,topology_preserving_identity_disruption,0.2291070783372428,1.0,0.038801564981103244,3,0.25000000000000006,within_radius,0,3,1.0,7104,0.9999999999999989,5,0,5,0.011190011179650237,False,0.9141411605860601,False
True,3,0.02,rt02_frozen_baseline,0.012764955090974623,0.00022771687985580598,not_applicable,,0.7,0.2257889275537181,0.004460642880461117,0.24703373068634724,0.014482969306781661,0.9791666666666666,0.25,1,unchanged RT-02 one-bit orientation mechanism,0.9619505494505494,0.7769678559769442,0.0,,calibration,topology_preserving_identity_disruption,0.2291070783372428,1.0,0.038801564981103244,3,0.25000000000000006,within_radius,0,3,0.9791666666666666,7104,0.8850396141848017,,,,0.011865077254611275,False,0.914171777011521,False
True,3,0.02,passive_relaxation,0.0,0.0,not_applicable,,0.7,0.2291070783372428,0.038801564981103244,0.25000000000000006,0.0,0.9375,0.25,1,no restorative mechanism,0.9616300366300365,0.0,0.0,,calibration,topology_preserving_identity_disruption,0.2291070783372428,1.0,0.038801564981103244,3,0.25000000000000006,within_radius,0,3,0.9375,7104,0.0,,,,0.0,False,0.9145780711768248,False
True,3,0.02,operator_only,0.1824910905161832,0.042343074713373716,not_applicable,,0.7,0.2742571778641677,0.019998618609247145,0.4704275937941302,-0.19706985857706455,0.6875,0.25,1,matched bounded smoothing without parity,0.8665293040293038,6.906953764274082e-05,0.8817103751765203,,calibration,topology_preserving_identity_disruption,0.2291070783372428,1.0,0.038801564981103244,3,0.25000000000000006,within_radius,0,3,0.6875,7104,0.4845924740667889,,,,-0.8817103751765203,False,0.7600523175060334,False
True,3,0.02,random_parity_checks,0.10065093410479449,0.012131824275926762,eliminated,0.5,0.7,0.24791236274385786,0.08758663067878275,0.3216856477506808,-0.08208076565375211,0.7083333333333334,0.25,1,degree-matched checks on unrelated variables,0.9382326007326006,0.0,0.28674259100272304,False,calibration,topology_preserving_identity_disruption,0.2291070783372428,1.0,0.038801564981103244,3,0.25000000000000006,within_radius,0,3,0.7083333333333334,7104,-1.2572963415634995,13,0,13,-0.286742591002723,False,0.8854950041332865,True
True,3,0.02,memory_budget_random_bits,0.09509592462610891,0.012648946912797089,eliminated,0.75,0.7,0.21879367070737987,0.019999994808860062,0.31787089636357313,0.04501566562112815,0.75,0.25,1,32 random bits replace structured parity,0.9277014652014651,2.595569968955047e-07,0.2714835854542923,False,calibration,topology_preserving_identity_disruption,0.2291070783372428,1.0,0.038801564981103244,3,0.25000000000000006,within_radius,0,3,0.75,7104,0.4845570064351718,17,0,17,-0.27148358545429224,False,0.8743639689723484,True
True,6,0.02,target,0.03655067392146766,0.0018670133349411658,eliminated,0.9375,0.7,0.4925596662864574,0.057928173196633286,0.5407255179251595,0.0227680479021657,0.9375,0.55,2,local syndrome decode plus bounded relation feedback,0.8256868131868131,0.0,0.0,False,calibration,topology_preserving_identity_disruption,0.5040355723419341,1.0,0.1291388236459154,7,0.5500000000000002,near_above_boundary,6,7,0.9375,7104,0.5514271265512992,11,0,11,0.01686269468152837,False,0.9715026659574435,True
True,6,0.02,rt02_frozen_baseline,0.03914665504556904,0.0021416374862284135,not_applicable,,0.7,0.4900799086510124,0.0002064415297534101,0.5386323794339473,0.027687854700569108,1.0,0.55,2,unchanged RT-02 one-bit orientation mechanism,0.8231227106227105,0.9896779235123295,0.0,,calibration,topology_preserving_identity_disruption,0.5040355723419341,1.0,0.1291388236459154,7,0.5500000000000002,near_above_boundary,3,7,1.0,7104,0.998401398402703,,,,0.020668401029187072,False,0.9716354990400611,False
True,6,0.02,passive_relaxation,0.0,0.0,not_applicable,,0.7,0.5040355723419341,0.1291388236459154,0.5500000000000002,0.0,0.8541666666666666,0.55,2,no restorative mechanism,0.8234432234432234,0.0,0.0,,calibration,topology_preserving_identity_disruption,0.5040355723419341,1.0,0.1291388236459154,7,0.5500000000000002,near_above_boundary,61,7,0.8541666666666666,7104,0.0,,,,0.0,False,0.9770717565890145,False
True,6,0.02,operator_only,0.18985559522763185,0.04575923308955872,not_applicable,,0.7,0.4906122644785051,0.019998730786402043,0.6453745703385239,0.02663166768380926,0.6666666666666666,0.55,2,matched bounded smoothing without parity,0.7791666666666666,6.34606798978199e-05,0.17340830970640675,,calibration,topology_preserving_identity_disruption,0.5040355723419341,1.0,0.1291388236459154,7,0.5500000000000002,near_above_boundary,61,7,0.6666666666666666,7104,0.8451377345573753,,,,-0.1734083097064067,False,0.8108820868279287,False
True,6,0.02,random_parity_checks,0.09392190388702033,0.011629084146133445,eliminated,0.75,0.7,0.49643412889261945,0.09948228365778171,0.5727484852720187,0.015081164636844049,0.75,0.55,2,degree-matched checks on unrelated variables,0.7983974358974358,0.0,0.041360882312760916,False,calibration,topology_preserving_identity_disruption,0.5040355723419341,1.0,0.1291388236459154,7,0.5500000000000002,near_above_boundary,61,7,0.75,7104,0.22964852203895467,15,0,15,-0.041360882312761006,False,0.9413793039515749,True
True,6,0.02,memory_budget_random_bits,0.09806123113181411,0.013477766593307936,eliminated,0.6666666666666666,0.7,0.4941287028706196,0.14021500923528077,0.5792151104552641,0.019655099788460414,0.6666666666666666,0.55,2,32 random bits replace structured parity,0.79514652014652,0.0,0.05311838264593449,False,calibration,topology_preserving_identity_disruption,0.5040355723419341,1.0,0.1291388236459154,7,0.5500000000000002,near_above_boundary,61,7,0.6666666666666666,7104,-0.08576960263890179,16,0,16,-0.053118382645934395,False,0.9321367971064777,True
True,2,0.05,target,0.005376648323049487,4.039986408505555e-05,eliminated,0.875,0.7,0.03389244019313494,0.18182556532506508,0.25026534400624706,-0.0007304308773339621,0.875,0.25,2,local syndrome decode plus bounded relation feedback,0.9840201465201464,0.0,0.0010613760249882365,False,calibration,localized_block_shock,0.033867702177719984,1.0,0.16861198017809548,4,0.25,near_above_boundary,0,4,0.875,7101,-0.07836682264814651,4,0,4,-0.0010613760249882365,False,1.103341193813839,True
True,2,0.05,rt02_frozen_baseline,0.032996642756292986,0.003078514772338462,not_applicable,,0.7,0.043681389855976,0.0036772705825254136,0.2136697565317694,-0.2897653825688828,1.0,0.25,2,unchanged RT-02 one-bit orientation mechanism,0.9887362637362638,0.9264545883494917,0.0,,calibration,localized_block_shock,0.033867702177719984,1.0,0.16861198017809548,4,0.25,near_above_boundary,0,4,1.0,7101,0.9781909293833017,,,,0.14532097387292242,False,1.0974026568985138,False
True,2,0.05,passive_relaxation,0.0,0.0,not_applicable,,0.7,0.033867702177719984,0.16861198017809548,0.25,0.0,0.9166666666666666,0.25,2,no restorative mechanism,0.9841117216117214,0.0,0.0,,calibration,localized_block_shock,0.033867702177719984,1.0,0.16861198017809548,4,0.25,near_above_boundary,0,4,0.9166666666666666,7101,0.0,,,,0.0,False,1.1033146654772856,False
True,2,0.05,operator_only,0.16411811449338162,0.0358511139079563,not_applicable,,0.7,0.12293565624502568,0.04999832516919747,0.4219143223348355,-2.6298788621656013,0.7291666666666666,0.25,2,matched bounded smoothing without parity,0.905128205128205,3.349661605056564e-05,0.687657289339342,,calibration,localized_block_shock,0.033867702177719984,1.0,0.16861198017809548,4,0.25,near_above_boundary,0,4,0.7291666666666666,7101,0.7034710990500971,,,,-0.687657289339342,False,0.9541615714607575,False
True,2,0.05,random_parity_checks,0.07030478667378823,0.007117921496398561,eliminated,0.3125,0.7,0.030515124226122573,0.07802469803155562,0.2626617618907662,0.09899041671043508,0.7708333333333334,0.25,2,degree-matched checks on unrelated variables,0.966620879120879,0.0,0.05064704756306471,False,calibration,localized_block_shock,0.033867702177719984,1.0,0.16861198017809548,4,0.25,near_above_boundary,0,4,0.7708333333333334,7101,0.537252940454513,16,0,16,-0.05064704756306471,False,1.0804980533197197,True
True,2,0.05,memory_budget_random_bits,0.08442916590003324,0.009961555325781052,eliminated,0.6875,0.7,0.035329710093599816,0.14976470405381423,0.29753162156101265,-0.04316820515923929,0.6875,0.25,2,32 random bits replace structured parity,0.9579212454212453,0.0,0.1901264862440506,False,calibration,localized_block_shock,0.033867702177719984,1.0,0.16861198017809548,4,0.25,near_above_boundary,0,4,0.6875,7101,0.11177898571841642,15,0,15,-0.1901264862440506,False,1.0755883209157346,True
True,2,0.05,target,0.005376648323049484,4.0399864085055444e-05,eliminated,0.875,0.7,0.07452019260114938,0.5250785566627744,0.5501206616830213,-0.00015095919284581906,0.875,0.55,2,local syndrome decode plus bounded relation feedback,0.9180860805860805,0.0,0.0002193848782205965,False,calibration,localized_block_shock,0.07450894479098394,1.0,0.5120131545201687,4,0.55,near_above_boundary,0,4,0.875,7101,-0.025517707948050375,4,0,4,-0.00021938487822049555,False,1.3923187923865818,True
True,2,0.05,rt02_frozen_baseline,0.14067457328684016,0.027333666871374368,not_applicable,,0.7,0.10488019175674826,0.0036772705825254136,0.4535534448388385,-0.4076188040370616,1.0,0.55,2,unchanged RT-02 one-bit orientation mechanism,0.9453754578754578,0.9264545883494917,0.0,,calibration,localized_block_shock,0.07450894479098394,1.0,0.5120131545201687,4,0.55,near_above_boundary,0,4,1.0,7101,0.9928180154160853,,,,0.17535737302029367,False,1.330466295086818,False
True,2,0.05,passive_relaxation,0.0,0.0,not_applicable,,0.7,0.07450894479098394,0.5120131545201687,0.55,0.0,0.9166666666666666,0.55,2,no restorative mechanism,0.9181776556776555,0.0,0.0,,calibration,localized_block_shock,0.07450894479098394,1.0,0.5120131545201687,4,0.55,near_above_boundary,0,4,0.9166666666666666,7101,0.0,,,,0.0,False,1.3922922640500284,False
True,2,0.05,operator_only,0.20535560676389777,0.05619713247297138,not_applicable,,0.7,0.12782009293892785,0.049998325241982625,0.5459046712365943,-0.715499975170698,0.7291666666666666,0.55,2,matched bounded smoothing without parity,0.8617216117216117,3.349516034756306e-05,0.0,,calibration,localized_block_shock,0.07450894479098394,1.0,0.5120131545201687,4,0.55,near_above_boundary,0,4,0.7291666666666666,7101,0.9023495298888593,,,,0.00744605229710144,False,1.157771562115978,False
True,2,0.05,random_parity_checks,0.11479301387194556,0.018828131783912842,eliminated,0.5,0.7,0.07615853178650332,0.3972269353918695,0.5374220650586178,-0.02213944916475309,0.7083333333333334,0.55,2,degree-matched checks on unrelated variables,0.8918956043956043,0.0,0.0,False,calibration,localized_block_shock,0.07450894479098394,1.0,0.5120131545201687,4,0.55,near_above_boundary,0,4,0.7083333333333334,7101,0.2241860743516848,16,0,16,0.02286897262069502,False,1.326161891752033,True
True,2,0.05,memory_budget_random_bits,0.10154962904411596,0.014349627467196471,eliminated,0.7708333333333334,0.7,0.0714866422927055,0.3631454294147271,0.5329846014604623,0.04056294860646255,0.7708333333333334,0.55,2,32 random bits replace structured parity,0.9048534798534797,0.0,0.0,False,calibration,localized_block_shock,0.07450894479098394,1.0,0.5120131545201687,4,0.55,near_above_boundary,0,4,0.7708333333333334,7101,0.29074980552980606,11,0,11,0.03093708825370492,False,1.350060829582687,True
True,5,0.05,target,0.03298725369860867,0.0015211537586805348,eliminated,1.0,0.7,0.025973304229808324,4.155969415059096e-09,0.22640714252818156,0.16656204218788223,1.0,0.25,1,local syndrome decode plus bounded relation feedback,0.9763736263736262,0.9999999168806117,0.0,True,calibration,sparse_node_corruption,0.03116405244847691,1.0,0.11543134225332628,5,0.24999999999999997,within_radius,1,5,1.0,7101,0.9999999639961787,6,0,6,0.09437142988727366,False,1.029086047660406,False
True,5,0.05,rt02_frozen_baseline,0.032953759438795104,0.0015310526330153842,not_applicable,,0.7,0.026826558038943595,0.0074260418916866095,0.22688922700815084,0.1391826180726795,1.0,0.25,1,unchanged RT-02 one-bit orientation mechanism,0.976098901098901,0.8514791621662678,0.0,,calibration,sparse_node_corruption,0.03116405244847691,1.0,0.11543134225332628,5,0.24999999999999997,within_radius,1,5,1.0,7101,0.935667022953009,,,,0.09244309196739654,False,1.0290130466859284,False
True,5,0.05,passive_relaxation,0.0,0.0,not_applicable,,0.7,0.03116405244847691,0.11543134225332628,0.24999999999999997,0.0,0.8958333333333334,0.25,1,no restorative mechanism,0.9725274725274725,0.0,0.0,,calibration,sparse_node_corruption,0.03116405244847691,1.0,0.11543134225332628,5,0.24999999999999997,within_radius,61,5,0.8958333333333334,7101,0.0,,,,0.0,False,1.0327293788893146,False
True,5,0.05,operator_only,0.1949692771989967,0.049836855099817924,not_applicable,,0.7,0.16255786354681406,0.049998581908553254,0.39868166588485376,-4.216197855383817,0.6458333333333334,0.25,1,matched bounded smoothing without parity,0.9114926739926741,2.8361828934952982e-05,0.5947266635394153,,calibration,sparse_node_corruption,0.03116405244847691,1.0,0.11543134225332628,5,0.24999999999999997,within_radius,61,5,0.6458333333333334,7101,0.5668543661319809,,,,-0.5947266635394153,False,0.833675169136729,False
True,5,0.05,random_parity_checks,0.08705885327361751,0.011817372197169183,eliminated,0.6875,0.7,0.06931269728934844,0.12540263073291696,0.3271575983241557,-1.224123367907372,0.6041666666666666,0.25,1,degree-matched checks on unrelated variables,0.9354853479853479,0.0,0.308630393296623,False,calibration,sparse_node_corruption,0.03116405244847691,1.0,0.11543134225332628,5,0.24999999999999997,within_radius,61,5,0.6041666666666666,7101,-0.08638285135511665,19,0,19,-0.30863039329662295,False,0.9869869997618806,True
True,5,0.05,memory_budget_random_bits,0.143062883614603,0.02861989038106001,eliminated,0.6875,0.7,0.07887017481070746,0.11248406996049902,0.2954845750920469,-1.5308061248164826,0.6875,0.25,1,32 random bits replace structured parity,0.9509157509157508,0.0,0.1819383003681878,False,calibration,sparse_node_corruption,0.03116405244847691,1.0,0.11543134225332628,5,0.24999999999999997,within_radius,61,5,0.6875,7101,0.02553268666285767,14,0,14,-0.18193830036818773,False,0.9447027010859373,True
True,6,0.05,target,0.08930515539131624,0.011223811288666823,eliminated,0.9375,0.7,0.04502064383560633,0.18775874865991624,0.4739588543338134,0.34334826800790824,0.9375,0.55,3,local syndrome decode plus bounded relation feedback,0.9275183150183149,0.0,0.0,False,calibration,sparse_node_corruption,0.06856091538664902,1.0,0.36457021117404237,8,0.55,above_radius,9,8,0.9375,7101,0.48498603861443307,6,0,6,0.13825662848397569,False,1.199798289055068,True
True,6,0.05,rt02_frozen_baseline,0.10162690646270549,0.01686302906433493,not_applicable,,0.7,0.051637449016631906,0.06046934437218219,0.45878025649617643,0.24683839582037798,0.9791666666666666,0.55,3,unchanged RT-02 one-bit orientation mechanism,0.9360347985347984,0.0,0.0,,calibration,sparse_node_corruption,0.06856091538664902,1.0,0.36457021117404237,8,0.55,above_radius,10,8,0.9791666666666666,7101,0.8341352570264862,,,,0.1658540790978611,False,1.1931829974294657,False
True,6,0.05,passive_relaxation,0.0,0.0,not_applicable,,0.7,0.06856091538664902,0.36457021117404237,0.55,0.0,0.8333333333333334,0.55,3,no restorative mechanism,0.9013278388278388,0.0,0.0,,calibration,sparse_node_corruption,0.06856091538664902,1.0,0.36457021117404237,8,0.55,above_radius,61,8,0.8333333333333334,7101,0.0,,,,0.0,False,1.237004633556492,False
True,6,0.05,operator_only,0.2753021561880333,0.09921684168792032,not_applicable,,0.7,0.18486633368978164,0.04999889010900942,0.4535852148263451,-1.6963807680692222,0.6041666666666666,0.55,3,matched bounded smoothing without parity,0.8785256410256409,2.2197819811720088e-05,0.0,,calibration,sparse_node_corruption,0.06856091538664902,1.0,0.36457021117404237,8,0.55,above_radius,61,8,0.6041666666666666,7101,0.8628552509871948,,,,0.1752996094066453,False,0.8423712883270336,False
True,6,0.05,random_parity_checks,0.25099288821105364,0.07533127467034695,eliminated,0.375,0.7,0.1154227252959525,0.33663127528537395,0.5235786431962,-0.6835061878189124,0.6666666666666666,0.55,3,degree-matched checks on unrelated variables,0.886492673992674,0.0,0.0,False,calibration,sparse_node_corruption,0.06856091538664902,1.0,0.36457021117404237,8,0.55,above_radius,61,8,0.6666666666666666,7101,0.07663526813859904,19,0,19,0.04803883055236379,False,1.0589182812062696,True
True,6,0.05,memory_budget_random_bits,0.22026224781639478,0.06784182822602294,eliminated,0.6666666666666666,0.7,0.11927502229213921,0.28373576601930967,0.48424508199827204,-0.7396941335962068,0.6666666666666666,0.55,3,32 random bits replace structured parity,0.8815018315018315,0.0,0.0,False,calibration,sparse_node_corruption,0.06856091538664902,1.0,0.36457021117404237,8,0.55,above_radius,61,8,0.6666666666666666,7101,0.22172531566530845,16,0,16,0.11955439636677817,False,1.022996237640105,True
True,7,0.05,target,0.03062418389740893,0.0012846497586441888,eliminated,0.9375,0.7,0.004744534737938115,0.09665630591037236,0.24367451182581332,0.0,0.9375,0.25,2,local syndrome decode plus bounded relation feedback,0.9710622710622709,0.0,0.0,False,calibration,relational_twist,1.2735351676303877e-16,1.0,0.10303142432570865,8,0.24999999999999997,near_above_boundary,3,8,0.9375,7101,0.061875475924538466,10,0,10,0.025301952696746625,False,1.0597874400809113,True
True,7,0.05,rt02_frozen_baseline,0.019815127683901326,0.0005487194978515241,not_applicable,,0.7,0.006188270336034663,0.07344448348836077,0.2422104055414154,0.0,0.9583333333333334,0.25,2,unchanged RT-02 one-bit orientation mechanism,0.9703754578754578,0.0,0.0,,calibration,relational_twist,1.2735351676303877e-16,1.0,0.10303142432570865,8,0.24999999999999997,near_above_boundary,2,8,0.9583333333333334,7101,0.2871642416959703,,,,0.031158377834338283,False,1.0614908142223562,False
True,7,0.05,passive_relaxation,0.0,0.0,not_applicable,,0.7,1.2735351676303877e-16,0.10303142432570865,0.24999999999999997,0.0,0.8333333333333334,0.25,2,no restorative mechanism,0.9648351648351647,0.0,0.0,,calibration,relational_twist,1.2735351676303877e-16,1.0,0.10303142432570865,8,0.24999999999999997,near_above_boundary,61,8,0.8333333333333334,7101,0.0,,,,0.0,False,1.0625,False
True,7,0.05,operator_only,0.180583979941122,0.043236509989834124,not_applicable,,0.7,0.14644566137040768,0.04999832519239339,0.42189114739382866,0.0,0.6458333333333334,0.25,2,matched bounded smoothing without parity,0.8991300366300365,3.349615213221746e-05,0.6875645895753149,,calibration,relational_twist,1.2735351676303877e-16,1.0,0.10303142432570865,8,0.24999999999999997,near_above_boundary,61,8,0.6458333333333334,7101,0.5147274191383018,,,,-0.6875645895753149,False,0.8844672030116506,False
True,7,0.05,random_parity_checks,0.1279568301844539,0.021732764718471242,eliminated,0.625,0.7,0.06240924175260117,0.11407082077502852,0.3451383457596357,0.0,0.625,0.25,2,degree-matched checks on unrelated variables,0.9253205128205128,0.0,0.380553383038543,False,calibration,relational_twist,1.2735351676303877e-16,1.0,0.10303142432570865,8,0.24999999999999997,near_above_boundary,61,8,0.625,7101,-0.10714591709827784,15,0,15,-0.38055338303854297,False,0.9985254264289904,True
True,7,0.05,memory_budget_random_bits,0.09999846817528285,0.01397563245751579,eliminated,0.6666666666666666,0.7,0.03983486208126263,0.12154074434716784,0.3066373789367465,0.0,0.6666666666666666,0.25,2,32 random bits replace structured parity,0.9451923076923076,0.0,0.22654951574698612,False,calibration,relational_twist,1.2735351676303877e-16,1.0,0.10303142432570865,8,0.24999999999999997,near_above_boundary,61,8,0.6666666666666666,7101,-0.17964732743038184,17,0,17,-0.22654951574698604,False,1.0220535288033026,True
True,10,0.05,target,0.06976096192418396,0.006794397783933355,eliminated,0.875,0.7,0.012414130542381769,0.2528640431106442,0.5265793443750394,0.0,0.875,0.55,2,local syndrome decode plus bounded relation feedback,0.875503663003663,0.0,0.0,False,calibration,relational_twist,1.3895407871082206e-17,1.0,0.27673332442195364,12,0.55,near_above_boundary,61,12,0.875,7101,0.08625372951077756,12,0,12,0.04258301022720118,False,1.2840547918149745,True
True,10,0.05,rt02_frozen_baseline,0.05836810588049395,0.005816104781303747,not_applicable,,0.7,0.023529285291507582,0.14259861370174418,0.517556774136254,0.0,0.9583333333333334,0.55,2,unchanged RT-02 one-bit orientation mechanism,0.8819597069597069,0.0,0.0,,calibration,relational_twist,1.3895407871082206e-17,1.0,0.27673332442195364,12,0.55,near_above_boundary,6,12,0.9583333333333334,7101,0.48470747424580274,,,,0.058987683388629156,False,1.2878863975040178,False
True,10,0.05,passive_relaxation,0.0,0.0,not_applicable,,0.7,1.3895407871082206e-17,0.27673332442195364,0.55,0.0,0.75,0.55,2,no restorative mechanism,0.8510531135531135,0.0,0.0,,calibration,relational_twist,1.3895407871082206e-17,1.0,0.27673332442195364,12,0.55,near_above_boundary,61,12,0.75,7101,0.0,,,,0.0,False,1.3025000000000002,False
True,10,0.05,operator_only,0.2337765155587785,0.0724423626405022,not_applicable,,0.7,0.14644566137040785,0.04999832529309938,0.5458184088914737,0.0,0.5416666666666666,0.55,2,matched bounded smoothing without parity,0.8568681318681317,3.34941380124576e-05,0.0,,calibration,relational_twist,1.3895407871082206e-17,1.0,0.27673332442195364,12,0.55,near_above_boundary,61,12,0.5416666666666666,7101,0.8193266915087406,,,,0.007602892924593343,False,1.004392798247189,False
True,10,0.05,random_parity_checks,0.1284439667711299,0.02000989527203469,eliminated,0.625,0.7,0.031186216847429466,0.2235231886740255,0.536131170180602,0.0,0.7083333333333334,0.55,2,degree-matched checks on unrelated variables,0.8619505494505494,0.0,0.0,False,calibration,relational_twist,1.3895407871082206e-17,1.0,0.27673332442195364,12,0.55,near_above_boundary,61,12,0.7083333333333334,7101,0.1922794656519036,12,0,12,0.02521605421708741,False,1.2573071584037987,True
True,10,0.05,memory_budget_random_bits,0.14203851911327373,0.02822793844383144,eliminated,0.6875,0.7,0.04386174522915999,0.17200470928801248,0.5462021743891403,0.0,0.6875,0.55,2,32 random bits replace structured parity,0.8657509157509157,0.0,0.0,False,calibration,relational_twist,1.3895407871082206e-17,1.0,0.27673332442195364,12,0.55,near_above_boundary,61,12,0.6875,7101,0.3784459835211407,16,0,16,0.006905137474290415,False,1.2159252968297616,True
True,4,0.05,target,0.05375445237476573,0.004005565453230782,eliminated,0.875,0.7,0.04629891482743559,0.17056693695818798,0.25105658952375143,-0.08575979565588567,0.875,0.25,2,local syndrome decode plus bounded relation feedback,0.9593864468864467,0.0,0.004226358095005933,False,calibration,clustered_symbol_corruption,0.04264194991624952,1.0,0.14640363515630384,6,0.24999999999999997,near_above_boundary,4,6,0.875,7101,-0.16504577755932667,6,0,6,-0.004226358095005823,False,0.9925172401750275,True
True,4,0.05,rt02_frozen_baseline,0.031453717835576774,0.002443688915630057,not_applicable,,0.7,0.039250874244175615,0.0052004459303231915,0.19616731229173537,0.07952440445932024,1.0,0.25,2,unchanged RT-02 one-bit orientation mechanism,0.9739010989010988,0.8959910813935361,0.0,,calibration,clustered_symbol_corruption,0.04264194991624952,1.0,0.14640363515630384,6,0.24999999999999997,near_above_boundary,4,6,1.0,7101,0.9644787103491584,,,,0.21533075083305844,False,0.9966861784282242,False
True,4,0.05,passive_relaxation,0.0,0.0,not_applicable,,0.7,0.04264194991624952,0.14640363515630384,0.24999999999999997,0.0,0.875,0.25,2,no restorative mechanism,0.9603937728937728,0.0,0.0,,calibration,clustered_symbol_corruption,0.04264194991624952,1.0,0.14640363515630384,6,0.24999999999999997,near_above_boundary,61,6,0.875,7101,0.0,,,,0.0,False,1.003471216587631,False
True,4,0.05,operator_only,0.15948759697042106,0.033827470837547065,not_applicable,,0.7,0.15177060455273797,0.04999877512071845,0.4028714875407333,-2.5591853761570813,0.7291666666666666,0.25,2,matched bounded smoothing without parity,0.907967032967033,2.4497585631055863e-05,0.6114859501629335,,calibration,clustered_symbol_corruption,0.04264194991624952,1.0,0.14640363515630384,6,0.24999999999999997,near_above_boundary,61,6,0.7291666666666666,7101,0.6584867918932571,,,,-0.6114859501629335,False,0.8630548677980312,False
True,4,0.05,random_parity_checks,0.13462210915823736,0.021554033854390954,eliminated,0.375,0.7,0.08720623089638174,0.18649066379083873,0.34885400150924845,-1.0450807495355685,0.625,0.25,2,degree-matched checks on unrelated variables,0.9159798534798533,0.0,0.395416006036994,False,calibration,clustered_symbol_corruption,0.04264194991624952,1.0,0.14640363515630384,6,0.24999999999999997,near_above_boundary,61,6,0.625,7101,-0.273811702774573,16,0,16,-0.39541600603699395,False,0.9580816534071783,True
True,4,0.05,memory_budget_random_bits,0.10367281219848226,0.015114926705603809,eliminated,0.6666666666666666,0.7,0.08255085453599477,0.12808340357997863,0.3321800680576883,-0.9359071219333994,0.6666666666666666,0.25,2,32 random bits replace structured parity,0.9172619047619047,0.0,0.3287202722307534,False,calibration,clustered_symbol_corruption,0.04264194991624952,1.0,0.14640363515630384,6,0.24999999999999997,near_above_boundary,61,6,0.6666666666666666,7101,0.12513508668528694,20,0,20,-0.32872027223075334,False,0.9577244658443029,True
True,4,0.05,target,0.1103575314958333,0.017032054878888255,eliminated,0.875,0.7,0.08266541484389715,0.38212111261690274,0.4713219816413995,0.11882105205772864,0.875,0.55,2,local syndrome decode plus bounded relation feedback,0.8755494505494505,0.0,0.0,False,calibration,clustered_symbol_corruption,0.09381228981574899,1.0,0.47997966511720724,6,0.55,near_above_boundary,61,6,0.875,7101,0.20388062164343612,6,0,6,0.14305094247018282,False,1.1191294501841544,True
True,4,0.05,rt02_frozen_baseline,0.1357182572351105,0.031502680341644954,not_applicable,,0.7,0.07560551417053471,0.005200445930335316,0.36019388593634477,0.1940766575570546,1.0,0.55,2,unchanged RT-02 one-bit orientation mechanism,0.9354853479853479,0.8959910813932936,0.0,,calibration,clustered_symbol_corruption,0.09381228981574899,1.0,0.47997966511720724,6,0.55,near_above_boundary,6,6,1.0,7101,0.9891652786393245,,,,0.3451020255702823,False,1.0797933858429447,False
True,4,0.05,passive_relaxation,0.0,0.0,not_applicable,,0.7,0.09381228981574899,0.47997966511720724,0.55,0.0,0.875,0.55,2,no restorative mechanism,0.8378663003663004,0.0,0.0,,calibration,clustered_symbol_corruption,0.09381228981574899,1.0,0.47997966511720724,6,0.55,near_above_boundary,61,6,0.875,7101,0.0,,,,0.0,False,1.1726366764927876,False
True,4,0.05,operator_only,0.18395314647460095,0.04964646467317752,not_applicable,,0.7,0.16699270675766203,0.049999315199371216,0.471161247209782,-0.7800728144003547,0.6875,0.55,2,matched bounded smoothing without parity,0.8484432234432233,1.3696012575725725e-05,0.0,,calibration,clustered_symbol_corruption,0.09381228981574899,1.0,0.47997966511720724,6,0.55,near_above_boundary,61,6,0.6875,7101,0.8958303469227977,,,,0.14334318689130557,False,0.9158715966718802,False
True,4,0.05,random_parity_checks,0.08639217782001091,0.009699158831655263,eliminated,0.75,0.7,0.120678474811055,0.4756989722751315,0.5802882803475491,-0.28638236043563425,0.5833333333333334,0.55,2,degree-matched checks on unrelated variables,0.8106684981684981,0.0,0.055069600631907356,False,calibration,clustered_symbol_corruption,0.09381228981574899,1.0,0.47997966511720724,6,0.55,near_above_boundary,61,6,0.5833333333333334,7101,0.008918487913504431,18,0,18,-0.05506960063190735,False,1.14620559536485,True
True,4,0.05,memory_budget_random_bits,0.08409978745055739,0.009914336302314234,eliminated,0.6458333333333334,0.7,0.10865742364558115,0.5003452325120793,0.5813239099295778,-0.15824295365765598,0.6458333333333334,0.55,2,32 random bits replace structured parity,0.804532967032967,0.0,0.05695256350832323,False,calibration,clustered_symbol_corruption,0.09381228981574899,1.0,0.47997966511720724,6,0.55,near_above_boundary,61,6,0.6458333333333334,7101,-0.04243006292755953,14,0,14,-0.05695256350832324,False,1.143060610131966,True
True,5,0.05,target,0.05081150534661478,0.0036358421000877795,eliminated,0.9375,0.7,0.04281537939540918,0.024999990853048718,0.23284820238396883,-0.0346069510012195,0.9375,0.25,2,local syndrome decode plus bounded relation feedback,0.974175824175824,0.5000001829390257,0.0,False,calibration,dispersed_equal_weight_corruption,0.0413832319162127,1.0,0.14287447246974397,6,0.24999999999999997,near_above_boundary,1,6,0.9375,7101,0.8250212902214363,8,0,8,0.06860719046412457,False,1.0752936991190742,True
True,5,0.05,rt02_frozen_baseline,0.02715087492315065,0.001172718656266405,not_applicable,,0.7,0.039643935107160404,0.10005355129370481,0.2318785519651952,0.04202902307325336,0.9791666666666666,0.25,2,unchanged RT-02 one-bit orientation mechanism,0.9762362637362636,0.0,0.0,,calibration,dispersed_equal_weight_corruption,0.0413832319162127,1.0,0.14287447246974397,6,0.24999999999999997,near_above_boundary,3,6,0.9791666666666666,7101,0.29971009121386044,,,,0.07248579213921914,False,1.0833592338678688,False
True,5,0.05,passive_relaxation,0.0,0.0,not_applicable,,0.7,0.0413832319162127,0.14287447246974397,0.24999999999999997,0.0,0.875,0.25,2,no restorative mechanism,0.9716117216117215,0.0,0.0,,calibration,dispersed_equal_weight_corruption,0.0413832319162127,1.0,0.14287447246974397,6,0.24999999999999997,near_above_boundary,61,6,0.875,7101,0.0,,,,0.0,False,1.0861892939532483,False
True,5,0.05,operator_only,0.14705993448672858,0.03184424973869507,not_applicable,,0.7,0.12187863514798447,0.0499984151982414,0.3985307275269525,-1.9451212364164359,0.7708333333333334,0.25,2,matched bounded smoothing without parity,0.9038461538461537,3.1696035172057435e-05,0.5941229101078103,,calibration,dispersed_equal_weight_corruption,0.0413832319162127,1.0,0.14287447246974397,6,0.24999999999999997,near_above_boundary,61,6,0.7708333333333334,7101,0.6500535446678245,,,,-0.5941229101078103,False,0.9203594633486937,False
True,5,0.05,random_parity_checks,0.07878988357244877,0.008336803470843744,eliminated,0.3125,0.7,0.05409952813427127,0.16799132135226785,0.2838355352667198,-0.3072813704788655,0.6875,0.25,2,degree-matched checks on unrelated variables,0.9589743589743589,0.0,0.13534214106687936,False,calibration,dispersed_equal_weight_corruption,0.0413832319162127,1.0,0.14287447246974397,6,0.24999999999999997,near_above_boundary,61,6,0.6875,7101,-0.1757966167668111,21,0,21,-0.13534214106687928,False,1.0619988207139928,True
True,5,0.05,memory_budget_random_bits,0.1016932180096835,0.014515608480804947,eliminated,0.6041666666666666,0.7,0.03747507403481654,0.19922361733617205,0.30478562274248205,0.09443819876873999,0.6041666666666666,0.25,2,32 random bits replace structured parity,0.9437728937728936,0.0,0.21914249096992844,False,calibration,dispersed_equal_weight_corruption,0.0413832319162127,1.0,0.14287447246974397,6,0.24999999999999997,near_above_boundary,1,6,0.6041666666666666,7101,-0.39439617093502094,18,0,18,-0.21914249096992836,False,1.0413831842629144,True
True,7,0.05,target,0.13416700281851776,0.02515640239746317,eliminated,0.8125,0.7,0.07852712120067736,0.17728130112621743,0.4786856465910688,0.1374732144512873,0.8125,0.55,3,local syndrome decode plus bounded relation feedback,0.8937271062271062,0.0,0.0,False,calibration,dispersed_equal_weight_corruption,0.09104311021566808,1.0,0.4408258516661593,11,0.55,above_radius,61,11,0.8125,7101,0.5978427751998676,10,0,10,0.1296624607435113,False,1.2768939350365613,True
True,7,0.05,rt02_frozen_baseline,0.11194042925541998,0.018893073810419027,not_applicable,,0.7,0.08720448003971988,0.21558773581665203,0.4637964962337714,0.04216277505079771,0.9791666666666666,0.55,3,unchanged RT-02 one-bit orientation mechanism,0.9129578754578754,0.0,0.0,,calibration,dispersed_equal_weight_corruption,0.09104311021566808,1.0,0.4408258516661593,11,0.55,above_radius,5,11,0.9791666666666666,7101,0.5109457963914552,,,,0.1567336432113248,False,1.314982370739774,False
True,7,0.05,passive_relaxation,0.0,0.0,not_applicable,,0.7,0.09104311021566808,0.4408258516661593,0.55,0.0,0.7708333333333334,0.55,3,no restorative mechanism,0.8901556776556775,0.0,0.0,,calibration,dispersed_equal_weight_corruption,0.09104311021566808,1.0,0.4408258516661593,11,0.55,above_radius,61,11,0.7708333333333334,7101,0.0,,,,0.0,False,1.3546164466971462,False
True,7,0.05,operator_only,0.20299177729011741,0.061065079818209786,not_applicable,,0.7,0.09945220577469686,0.04999852334426835,0.45294280417735916,-0.0923638871641011,0.75,0.55,3,matched bounded smoothing without parity,0.8870421245421245,2.9533114632940283e-05,0.0,,calibration,dispersed_equal_weight_corruption,0.09104311021566808,1.0,0.4408258516661593,11,0.55,above_radius,61,11,0.75,7101,0.8865798746709334,,,,0.17646762876843797,False,1.0327590981853763,False
True,7,0.05,random_parity_checks,0.15029112741732228,0.03190987601404852,eliminated,0.625,0.7,0.07978984486188556,0.3968589714573447,0.5422967425039881,0.1236037007866399,0.5416666666666666,0.55,3,degree-matched checks on unrelated variables,0.8732600732600732,0.0,0.0,False,calibration,dispersed_equal_weight_corruption,0.09104311021566808,1.0,0.4408258516661593,11,0.55,above_radius,61,11,0.5416666666666666,7101,0.09973752683204934,17,0,17,0.014005922720021767,False,1.2432703180810316,True
True,7,0.05,memory_budget_random_bits,0.1313328344083706,0.024144665982287306,eliminated,0.6666666666666666,0.7,0.08362845246179698,0.38077707676803335,0.5132686994199606,0.08144117370668505,0.6666666666666666,0.55,3,32 random bits replace structured parity,0.8887820512820511,0.0,0.0,False,calibration,dispersed_equal_weight_corruption,0.09104311021566808,1.0,0.4408258516661593,11,0.55,above_radius,61,11,0.6666666666666666,7101,0.13621881446190984,19,0,19,0.06678418287279905,False,1.2789066746593478,True
True,8,0.05,target,0.027451170291166286,0.0010531212349676232,eliminated,1.0,0.7,0.23484518333162763,9.429409619158422e-17,0.24182219280503356,0.059942126744968634,1.0,0.25,1,local syndrome decode plus bounded relation feedback,0.9623626373626373,0.9999999999999981,0.0,True,calibration,topology_preserving_identity_disruption,0.24981992068047465,1.0,0.09605908579372305,8,0.24999999999999997,within_radius,3,8,1.0,7101,0.999999999999999,16,0,16,0.03271122877986566,False,0.9076285046022299,False
True,8,0.05,rt02_frozen_baseline,0.017048744266133696,0.0004062014176192917,not_applicable,,0.7,0.24319633826205383,0.07528778007216647,0.24577815641327258,0.02651342775379601,0.9166666666666666,0.25,1,unchanged RT-02 one-bit orientation mechanism,0.960164835164835,0.0,0.0,,calibration,topology_preserving_identity_disruption,0.24981992068047465,1.0,0.09605908579372305,8,0.24999999999999997,within_radius,4,8,0.9166666666666666,7101,0.21623468045657662,,,,0.01688737434690957,False,0.9089423026809132,False
True,8,0.05,passive_relaxation,0.0,0.0,not_applicable,,0.7,0.24981992068047465,0.09605908579372305,0.24999999999999997,0.0,0.8333333333333334,0.25,1,no restorative mechanism,0.9587454212454212,0.0,0.0,,calibration,topology_preserving_identity_disruption,0.24981992068047465,1.0,0.09605908579372305,8,0.24999999999999997,within_radius,61,8,0.8333333333333334,7101,0.0,,,,0.0,False,0.9096352122760892,False
True,8,0.05,operator_only,0.15634761524671972,0.03241188533336635,not_applicable,,0.7,0.29325061439428785,0.049998551793466676,0.44730048759982816,-0.1738480005738295,0.7708333333333334,0.25,1,matched bounded smoothing without parity,0.8679945054945053,2.8964130666553345e-05,0.7892019503993128,,calibration,topology_preserving_identity_disruption,0.24981992068047465,1.0,0.09605908579372305,8,0.24999999999999997,within_radius,61,8,0.7708333333333334,7101,0.4795021066426408,,,,-0.7892019503993128,False,0.776150262630175,False
True,8,0.05,random_parity_checks,0.08618274610885315,0.01083486063597733,eliminated,0.1875,0.7,0.26052000072867176,0.09069903801236258,0.3322412009403247,-0.042831172226184315,0.7291666666666666,0.25,1,degree-matched checks on unrelated variables,0.9150641025641025,0.0,0.3289648037612991,False,calibration,topology_preserving_identity_disruption,0.24981992068047465,1.0,0.09605908579372305,8,0.24999999999999997,within_radius,61,8,0.7291666666666666,7101,0.055799487753512636,16,0,16,-0.32896480376129905,False,0.8726506606129667,True
True,8,0.05,memory_budget_random_bits,0.09349286240332254,0.012226695838279547,eliminated,0.5833333333333334,0.7,0.26658883355180596,0.14251673426091596,0.3319449727335823,-0.0671240020637871,0.5833333333333334,0.25,1,32 random bits replace structured parity,0.9286172161172159,0.0,0.32777989093432947,False,calibration,topology_preserving_identity_disruption,0.24981992068047465,1.0,0.09605908579372305,8,0.24999999999999997,within_radius,61,8,0.5833333333333334,7101,-0.48363617125147235,18,0,18,-0.3277798909343294,False,0.8757308810325025,True
True,8,0.05,target,0.05833967749152949,0.004757431868971597,eliminated,0.875,0.7,0.5230332358676567,0.17060780881702914,0.5375735051076901,0.048344986691746604,0.875,0.55,2,local syndrome decode plus bounded relation feedback,0.8252747252747251,0.0,0.0,False,calibration,topology_preserving_identity_disruption,0.5496038254970443,1.0,0.22744778528166862,10,0.55,near_above_boundary,61,10,0.875,7101,0.24990340703581498,14,0,14,0.022593627076927195,False,0.953699772611978,True
True,8,0.05,rt02_frozen_baseline,0.04799288005952095,0.003033692118204907,not_applicable,,0.7,0.5301756076649188,0.1527416081664754,0.5382490948041865,0.03534949527426468,0.9166666666666666,0.55,2,unchanged RT-02 one-bit orientation mechanism,0.8308150183150182,0.0,0.0,,calibration,topology_preserving_identity_disruption,0.5496038254970443,1.0,0.22744778528166862,10,0.55,near_above_boundary,7,10,0.9166666666666666,7101,0.32845418574939295,,,,0.021365282174206482,False,0.9590380739902711,False
True,8,0.05,passive_relaxation,0.0,0.0,not_applicable,,0.7,0.5496038254970443,0.22744778528166862,0.55,0.0,0.7916666666666666,0.55,2,no restorative mechanism,0.8311355311355311,0.0,0.0,,calibration,topology_preserving_identity_disruption,0.5496038254970443,1.0,0.22744778528166862,10,0.55,near_above_boundary,61,10,0.7916666666666666,7101,0.0,,,,0.0,False,0.9661974670073963,False
True,8,0.05,operator_only,0.16113101370412947,0.034426720554617,not_applicable,,0.7,0.5324414428630716,0.04999882376525987,0.6362480540938751,0.031226825283560612,0.6458333333333334,0.55,2,matched bounded smoothing without parity,0.7559981684981684,2.3524694802712354e-05,0.15681464380704546,,calibration,topology_preserving_identity_disruption,0.5496038254970443,1.0,0.22744778528166862,10,0.55,near_above_boundary,61,10,0.6458333333333334,7101,0.7801744971781461,,,,-0.15681464380704552,False,0.8244010911542872,False
True,8,0.05,random_parity_checks,0.07734872261079585,0.00804884705352312,eliminated,0.4375,0.7,0.5473224526245586,0.21909351480894745,0.5714277251472639,0.004150940671532904,0.7291666666666666,0.55,2,degree-matched checks on unrelated variables,0.806959706959707,0.0,0.03895950026775252,False,calibration,topology_preserving_identity_disruption,0.5496038254970443,1.0,0.22744778528166862,10,0.55,near_above_boundary,61,10,0.7291666666666666,7101,0.03673049822127455,10,0,10,-0.0389595002677525,False,0.9440648488785957,True
True,8,0.05,memory_budget_random_bits,0.089509669013899,0.011210684304862089,eliminated,0.6041666666666666,0.7,0.539735316477109,0.18848978318257356,0.5740949504266014,0.01795567745732216,0.6041666666666666,0.55,2,32 random bits replace structured parity,0.8137362637362636,0.0,0.04380900077563887,False,calibration,topology_preserving_identity_disruption,0.5496038254970443,1.0,0.22744778528166862,10,0.55,near_above_boundary,61,10,0.6041666666666666,7101,0.17128327739419372,16,0,16,-0.04380900077563885,False,0.9340699303967838,True
True,0,0.05,target,0.0009096386842690072,1.156363792432886e-06,eliminated,1.0,0.7,0.03655771716714167,2.6040119711444095e-17,0.25000759884657964,-3.0395386317090733e-05,1.0,0.25,0,local syndrome decode plus bounded relation feedback,0.9778846153846155,0.9999999999999994,3.0395386318327056e-05,True,calibration,localized_block_shock,0.036556606014979405,1.0,0.003183072323936742,0,0.25000000000000006,within_radius,0,0,1.0,7102,0.9999999999999918,0,0,0,-3.039538631832705e-05,False,1.113941800842587,False
True,0,0.05,rt02_frozen_baseline,0.0,0.0,not_applicable,,0.7,0.036556606014979405,0.003183072323936742,0.25000000000000006,0.0,1.0,0.25,0,unchanged RT-02 one-bit orientation mechanism,0.9778846153846155,0.9363385535212652,0.0,,calibration,localized_block_shock,0.036556606014979405,1.0,0.003183072323936742,0,0.25000000000000006,within_radius,0,0,1.0,7102,0.0,,,,0.0,False,1.113928371439278,False
True,0,0.05,passive_relaxation,0.0,0.0,not_applicable,,0.7,0.036556606014979405,0.003183072323936742,0.25000000000000006,0.0,1.0,0.25,0,no restorative mechanism,0.9778846153846155,0.9363385535212652,0.0,,calibration,localized_block_shock,0.036556606014979405,1.0,0.003183072323936742,0,0.25000000000000006,within_radius,0,0,1.0,7102,0.0,,,,0.0,False,1.113928371439278,False
True,0,0.05,operator_only,0.23009058948775868,0.06948414519392081,not_applicable,,0.7,0.14644543896269677,0.04999798975419618,0.4054979265454585,-3.005991116973206,0.6875,0.25,0,matched bounded smoothing without parity,0.916025641025641,4.020491607648058e-05,0.6219917061818336,,calibration,localized_block_shock,0.036556606014979405,1.0,0.003183072323936742,0,0.25000000000000006,within_radius,0,0,0.6875,7102,-14.707462685723694,,,,-0.6219917061818337,False,0.8355691230191014,False
True,0,0.05,random_parity_checks,0.1267907424934604,0.02007507326934399,eliminated,0.375,0.7,0.046138885774418124,0.09702208930767212,0.35435893618355924,-0.26212170121898876,0.7083333333333334,0.25,0,degree-matched checks on unrelated variables,0.9408424908424907,0.0,0.4174357447342367,False,calibration,localized_block_shock,0.036556606014979405,1.0,0.003183072323936742,0,0.25000000000000006,within_radius,0,0,0.7083333333333334,7102,-29.480642421494743,15,0,15,-0.4174357447342366,False,1.0606750782376517,True
True,0,0.05,memory_budget_random_bits,0.07937668651184238,0.00885430768299349,eliminated,0.7708333333333334,0.7,0.04906943295635577,0.04787135047509448,0.30592073774408207,-0.3422863417968593,0.7708333333333334,0.25,0,32 random bits replace structured parity,0.9641025641025641,0.042572990498110475,0.22368295097632807,False,calibration,localized_block_shock,0.036556606014979405,1.0,0.003183072323936742,0,0.25000000000000006,within_radius,0,0,0.7708333333333334,7102,-14.039353682007585,13,0,13,-0.223682950976328,False,1.0885106496348844,True
True,0,0.05,target,0.0009096386842690072,1.156363792432886e-06,eliminated,1.0,0.7,0.08042503830820934,2.6040119711444095e-17,0.5500034540628199,-6.280114216637346e-06,1.0,0.55,0,local syndrome decode plus bounded relation feedback,0.9522893772893771,0.9999999999999994,6.280114217771526e-06,True,calibration,localized_block_shock,0.08042453323295481,1.0,0.003183072323936742,0,0.5500000000000002,within_radius,0,0,1.0,7102,0.9999999999999918,0,0,0,-6.280114217751339e-06,False,1.4156558465697209,False
True,0,0.05,rt02_frozen_baseline,0.0,0.0,not_applicable,,0.7,0.08042453323295481,0.003183072323936742,0.5500000000000002,0.0,1.0,0.55,0,unchanged RT-02 one-bit orientation mechanism,0.9522893772893771,0.9363385535212652,0.0,,calibration,localized_block_shock,0.08042453323295481,1.0,0.003183072323936742,0,0.5500000000000002,within_radius,0,0,1.0,7102,0.0,,,,0.0,False,1.415642417166412,False
True,0,0.05,passive_relaxation,0.0,0.0,not_applicable,,0.7,0.08042453323295481,0.003183072323936742,0.5500000000000002,0.0,1.0,0.55,0,no restorative mechanism,0.9522893772893771,0.9363385535212652,0.0,,calibration,localized_block_shock,0.08042453323295481,1.0,0.003183072323936742,0,0.5500000000000002,within_radius,0,0,1.0,7102,0.0,,,,0.0,False,1.415642417166412,False
True,0,0.05,operator_only,0.32246654092896815,0.1386894792748142,not_applicable,,0.7,0.1464451720736285,0.04999734262921469,0.4054973193455357,-0.820901734666469,0.6875,0.55,0,matched bounded smoothing without parity,0.916025641025641,5.3147415706278345e-05,0.0,,calibration,localized_block_shock,0.08042453323295481,1.0,0.003183072323936742,0,0.5500000000000002,within_radius,0,0,0.6875,7102,-14.70725938371996,,,,0.2627321466444808,False,0.83556912303897,False
True,0,0.05,random_parity_checks,0.24781630486920125,0.08464218269538705,eliminated,0.75,0.7,0.029670727850067705,0.07815121563135763,0.4527219452187961,0.6310736704666405,0.75,0.55,0,degree-matched checks on unrelated variables,0.9501373626373624,0.0,0.0,False,calibration,localized_block_shock,0.08042453323295481,1.0,0.003183072323936742,0,0.5500000000000002,within_radius,0,0,0.75,7102,-23.55213318392408,16,0,16,0.17686919051128003,False,1.1521074455264404,True
True,0,0.05,memory_budget_random_bits,0.09503857826662739,0.012630293686211103,eliminated,0.7291666666666666,0.7,0.07534424666165376,0.05204164440739505,0.5879562414360737,0.06316836874372246,0.7291666666666666,0.55,0,32 random bits replace structured parity,0.9295787545787546,0.0,0.06901134806558828,False,calibration,localized_block_shock,0.08042453323295481,1.0,0.003183072323936742,0,0.5500000000000002,within_radius,0,0,0.7291666666666666,7102,-15.349501082976113,17,0,17,-0.06901134806558828,False,1.3796633985091626,True
True,4,0.05,target,0.030359890167766447,0.0012881221085387542,eliminated,0.9375,0.7,0.028078129961727233,0.1393511896493062,0.2333080993005865,-0.06470564833146362,0.9375,0.25,3,local syndrome decode plus bounded relation feedback,0.9781135531135531,0.0,0.0,False,calibration,sparse_node_corruption,0.026371730069930054,1.0,0.17522887117537858,6,0.25,above_radius,4,6,0.9375,7102,0.20474754693913447,5,0,5,0.06676760279765404,False,1.0262291876787106,True
True,4,0.05,rt02_frozen_baseline,0.048913702094364,0.003248389810622836,not_applicable,,0.7,0.0329264591456663,9.739201700399851e-17,0.22321194037437994,-0.2485513486735619,1.0,0.25,3,unchanged RT-02 one-bit orientation mechanism,0.9782051282051281,0.999999999999998,0.0,,calibration,sparse_node_corruption,0.026371730069930054,1.0,0.17522887117537858,6,0.25,above_radius,3,6,1.0,7102,0.9999999999999993,,,,0.10715223850248023,False,1.023228111325644,False
True,4,0.05,passive_relaxation,0.0,0.0,not_applicable,,0.7,0.026371730069930054,0.17522887117537858,0.25,0.0,0.875,0.25,3,no restorative mechanism,0.971474358974359,0.0,0.0,,calibration,sparse_node_corruption,0.026371730069930054,1.0,0.17522887117537858,6,0.25,above_radius,61,6,0.875,7102,0.0,,,,0.0,False,1.029492253145915,False
True,4,0.05,operator_only,0.1865847360643714,0.047401306114019166,not_applicable,,0.7,0.16859971238026178,0.049998186924713646,0.4202551147642494,-5.393198775096858,0.6666666666666666,0.25,3,matched bounded smoothing without parity,0.910989010989011,3.6261505727108734e-05,0.6810204590569977,,calibration,sparse_node_corruption,0.026371730069930054,1.0,0.17522887117537858,6,0.25,above_radius,61,6,0.6666666666666666,7102,0.7146692403521065,,,,-0.6810204590569977,False,0.8206982653182653,False
True,4,0.05,random_parity_checks,0.11046698643423908,0.016884981508835977,eliminated,0.6875,0.7,0.07022099700702786,0.20968546883635353,0.3664646308630509,-1.6627375913837459,0.6041666666666666,0.25,3,degree-matched checks on unrelated variables,0.9233058608058606,0.0,0.4658585234522037,False,calibration,sparse_node_corruption,0.026371730069930054,1.0,0.17522887117537858,6,0.25,above_radius,61,6,0.6041666666666666,7102,-0.19663767408790137,18,0,18,-0.4658585234522037,False,0.9794458330519829,True
True,4,0.05,memory_budget_random_bits,0.10752196406317091,0.016180812951617964,eliminated,0.6875,0.7,0.0578636677117774,0.1741128248970166,0.30198169572609873,-1.194155163818984,0.6875,0.25,3,32 random bits replace structured parity,0.9415293040293038,0.0,0.20792678290439492,False,calibration,sparse_node_corruption,0.026371730069930054,1.0,0.17522887117537858,6,0.25,above_radius,61,6,0.6875,7102,0.006369077600488461,16,0,16,-0.20792678290439492,False,0.9802001905392015,True
True,5,0.05,target,0.07609381246874458,0.00809198985469817,eliminated,0.875,0.7,0.062024186851314875,0.3811911237085174,0.5155459658259095,-0.0690543294044124,0.875,0.55,3,local syndrome decode plus bounded relation feedback,0.8872252747252747,0.0,0.0,False,calibration,sparse_node_corruption,0.05801780615384586,1.0,0.4576386484903522,8,0.5500000000000002,above_radius,61,8,0.875,7102,0.16704778985345345,5,0,5,0.06264369849834663,False,1.2058284107074986,True
True,5,0.05,rt02_frozen_baseline,0.10023040714076592,0.02233587834867916,not_applicable,,0.7,0.06954977700491637,9.354648141330332e-17,0.4704344721069285,-0.198766061930904,1.0,0.55,3,unchanged RT-02 one-bit orientation mechanism,0.9054029304029303,0.9999999999999981,0.0,,calibration,sparse_node_corruption,0.05801780615384586,1.0,0.4576386484903522,8,0.5500000000000002,above_radius,4,8,1.0,7102,0.9999999999999998,,,,0.14466459616922112,False,1.1804859362681484,False
True,5,0.05,passive_relaxation,0.0,0.0,not_applicable,,0.7,0.05801780615384586,0.4576386484903522,0.5500000000000002,0.0,0.8333333333333334,0.55,3,no restorative mechanism,0.8737179487179485,0.0,0.0,,calibration,sparse_node_corruption,0.05801780615384586,1.0,0.4576386484903522,8,0.5500000000000002,above_radius,61,8,0.8333333333333334,7102,0.0,,,,0.0,False,1.229882956921013,False
True,5,0.05,operator_only,0.24123074593334135,0.0822766469819492,not_applicable,,0.7,0.20738599557661463,0.049997776381976805,0.47265910763615876,-2.5745232252782713,0.6875,0.55,3,matched bounded smoothing without parity,0.8789835164835165,4.4472360463898575e-05,0.0,,calibration,sparse_node_corruption,0.05801780615384586,1.0,0.4576386484903522,8,0.5500000000000002,above_radius,61,8,0.6875,7102,0.8907483523366999,,,,0.14061980429789342,False,0.8350230474158633,False
True,5,0.05,random_parity_checks,0.14427484814429467,0.02859486910487353,eliminated,0.375,0.7,0.09679815659343596,0.24802102954996325,0.5480403113814333,-0.6684215245360402,0.6666666666666666,0.55,3,degree-matched checks on unrelated variables,0.8532051282051282,0.0,0.0,False,calibration,sparse_node_corruption,0.05801780615384586,1.0,0.4576386484903522,8,0.5500000000000002,above_radius,61,8,0.6666666666666666,7102,0.45804177516883837,15,0,15,0.003563070215576143,False,1.1453245431309416,True
True,5,0.05,memory_budget_random_bits,0.1271240422312652,0.02261725382504703,eliminated,0.625,0.7,0.08848533806187191,0.30759901047375987,0.5826982068376327,-0.5251410545796108,0.625,0.55,3,32 random bits replace structured parity,0.8484432234432233,0.0,0.059451285159331846,False,calibration,sparse_node_corruption,0.05801780615384586,1.0,0.4576386484903522,8,0.5500000000000002,above_radius,61,8,0.625,7102,0.3278561338985237,21,0,21,-0.05945128515933195,False,1.1624783309980713,True
True,5,0.05,target,0.03996621232995667,0.002232248936650408,eliminated,0.875,0.7,0.01266117207591601,0.13009660089064404,0.25595973677151757,0.0,0.875,0.25,2,local syndrome decode plus bounded relation feedback,0.9655219780219779,0.0,0.02383894708607004,False,calibration,relational_twist,2.6874861005641567e-16,1.0,0.08900497775525253,7,0.25000000000000006,near_above_boundary,61,7,0.875,7102,-0.46167780917137,6,0,6,-0.023838947086070032,False,1.056513601331556,True
True,5,0.05,rt02_frozen_baseline,0.018738648089245705,0.0007917206800595827,not_applicable,,0.7,0.001804090664492677,0.029384845158323285,0.24100364912322866,0.0,0.9791666666666666,0.25,2,unchanged RT-02 one-bit orientation mechanism,0.9687728937728937,0.4123030968335344,0.0,,calibration,relational_twist,2.6874861005641567e-16,1.0,0.08900497775525253,7,0.25000000000000006,near_above_boundary,2,7,0.9791666666666666,7102,0.6698516656099139,,,,0.03598540350708556,False,1.0608622480431587,False
True,5,0.05,passive_relaxation,0.0,0.0,not_applicable,,0.7,2.6874861005641567e-16,0.08900497775525253,0.25000000000000006,0.0,0.8541666666666666,0.25,2,no restorative mechanism,0.9653388278388276,0.0,0.0,,calibration,relational_twist,2.6874861005641567e-16,1.0,0.08900497775525253,7,0.25000000000000006,near_above_boundary,61,7,0.8541666666666666,7102,0.0,,,,0.0,False,1.0625,False
True,5,0.05,operator_only,0.2026413768520441,0.052741584051650796,not_applicable,,0.7,0.14644566137040774,0.049998529164849315,0.43911354289590965,0.0,0.625,0.25,2,matched bounded smoothing without parity,0.903525641025641,2.9416703013707135e-05,0.7564541715836381,,calibration,relational_twist,2.6874861005641567e-16,1.0,0.08900497775525253,7,0.25000000000000006,near_above_boundary,61,7,0.625,7102,0.43825019200233767,,,,-0.7564541715836381,False,0.8639608477609338,False
True,5,0.05,random_parity_checks,0.11282685085709387,0.016427310016315762,eliminated,0.6875,0.7,0.04376361984313981,0.1493256807722923,0.3296275676826506,0.0,0.6041666666666666,0.25,2,degree-matched checks on unrelated variables,0.9407051282051281,0.0,0.31851027073060223,False,calibration,relational_twist,2.6874861005641567e-16,1.0,0.08900497775525253,7,0.25000000000000006,near_above_boundary,61,7,0.6041666666666666,7102,-0.6777228031325475,17,0,17,-0.3185102707306022,False,1.0187798568740911,True
True,5,0.05,memory_budget_random_bits,0.09009662620662902,0.011339659806576103,eliminated,0.7291666666666666,0.7,0.027540951194766176,0.05204164245164329,0.28657610185297466,0.0,0.7291666666666666,0.25,2,32 random bits replace structured parity,0.9554029304029303,0.0,0.14630440741189843,False,calibration,relational_twist,2.6874861005641567e-16,1.0,0.08900497775525253,7,0.25000000000000006,near_above_boundary,61,7,0.7291666666666666,7102,0.4152951468091108,19,0,19,-0.1463044074118984,False,1.0295403798539415,True
True,9,0.05,target,0.0936622396333469,0.012191940126790266,eliminated,0.8125,0.7,0.02866978572059313,0.3137007792648481,0.5478186536209751,0.0,0.8125,0.55,2,local syndrome decode plus bounded relation feedback,0.8662087912087912,0.0,0.0,False,calibration,relational_twist,2.4024149659894864e-16,1.0,0.26989593451493216,12,0.5500000000000002,near_above_boundary,61,12,0.8125,7102,-0.1623027217088088,11,0,11,0.0039660843255000106,False,1.26725457208394,True
True,9,0.05,rt02_frozen_baseline,0.05447729443722311,0.007394130244200074,not_applicable,,0.7,0.014592589820951317,0.06906143677900285,0.5113440943532163,0.0,0.9791666666666666,0.55,2,unchanged RT-02 one-bit orientation mechanism,0.8876373626373626,0.0,0.0,,calibration,relational_twist,2.4024149659894864e-16,1.0,0.26989593451493216,12,0.5500000000000002,near_above_boundary,6,12,0.9791666666666666,7102,0.7441182769087543,,,,0.07028346481233433,False,1.283341286853786,False
True,9,0.05,passive_relaxation,0.0,0.0,not_applicable,,0.7,2.4024149659894864e-16,0.26989593451493216,0.5500000000000002,0.0,0.75,0.55,2,no restorative mechanism,0.8739010989010989,0.0,0.0,,calibration,relational_twist,2.4024149659894864e-16,1.0,0.26989593451493216,12,0.5500000000000002,near_above_boundary,61,12,0.75,7102,0.0,,,,0.0,False,1.3024999999999998,False
True,9,0.05,operator_only,0.2485336897357773,0.08138456290061069,not_applicable,,0.7,0.1464456613704078,0.04999852928382938,0.5494041559668283,0.0,0.6041666666666666,0.55,2,matched bounded smoothing without parity,0.8084249084249084,2.9414323412524368e-05,0.0,,calibration,relational_twist,2.4024149659894864e-16,1.0,0.26989593451493216,12,0.5500000000000002,near_above_boundary,61,12,0.6041666666666666,7102,0.8147488609871477,,,,0.00108335278758511,False,0.9729850707999588,False
True,9,0.05,random_parity_checks,0.16064095862301486,0.03545858846674766,eliminated,0.3125,0.7,0.06521722235438128,0.19405502187905385,0.5433970379131228,0.0,0.6041666666666666,0.55,2,degree-matched checks on unrelated variables,0.8440934065934065,0.0,0.0,False,calibration,relational_twist,2.4024149659894864e-16,1.0,0.26989593451493216,12,0.5500000000000002,near_above_boundary,61,12,0.6041666666666666,7102,0.28100057443318904,19,0,19,0.01200538561250433,False,1.1857797896978448,True
True,9,0.05,memory_budget_random_bits,0.12601955851080612,0.022289066387217775,eliminated,0.5833333333333334,0.7,0.04062032418571875,0.2638926603007992,0.5524946100885987,0.0,0.5833333333333334,0.55,2,32 random bits replace structured parity,0.8532051282051282,0.0,0.004535654706542713,False,calibration,relational_twist,2.4024149659894864e-16,1.0,0.26989593451493216,12,0.5500000000000002,near_above_boundary,61,12,0.5833333333333334,7102,0.022242921979993002,15,0,15,-0.004535654706542772,False,1.2309032214394169,True
True,3,0.05,target,0.02227407746664509,0.0006933557054209564,eliminated,0.9375,0.7,0.05725354460681546,0.14659243265139363,0.2250748659034935,-0.06745739045116603,0.9375,0.25,2,local syndrome decode plus bounded relation feedback,0.9842948717948719,0.0,0.0,False,calibration,clustered_symbol_corruption,0.053635437928456306,1.0,0.1438030686442447,4,0.25,near_above_boundary,0,4,0.9375,7102,-0.01939711046117911,4,0,4,0.09970053638602605,False,1.1564749571642121,True
True,3,0.05,rt02_frozen_baseline,0.04816670977111546,0.002670478634209645,not_applicable,,0.7,0.05683142077137838,0.003183072323936742,0.2136913363926752,-0.05958714921252544,1.0,0.25,2,unchanged RT-02 one-bit orientation mechanism,0.9844780219780219,0.9363385535212652,0.0,,calibration,clustered_symbol_corruption,0.053635437928456306,1.0,0.1438030686442447,4,0.25,near_above_boundary,0,4,1.0,7102,0.977865059807511,,,,0.14523465442929917,False,1.1533873199954616,False
True,3,0.05,passive_relaxation,0.0,0.0,not_applicable,,0.7,0.053635437928456306,0.1438030686442447,0.25,0.0,0.9166666666666666,0.25,2,no restorative mechanism,0.9773351648351647,0.0,0.0,,calibration,clustered_symbol_corruption,0.053635437928456306,1.0,0.1438030686442447,4,0.25,near_above_boundary,0,4,0.9166666666666666,7102,0.0,,,,0.0,False,1.158047268351884,False
True,3,0.05,operator_only,0.20625225406023148,0.05502109767698186,not_applicable,,0.7,0.10282601905915921,0.04999843855353538,0.4150363714956608,-0.9171283582380302,0.6458333333333334,0.25,2,matched bounded smoothing without parity,0.915018315018315,3.122892929241505e-05,0.6601454859826432,,calibration,clustered_symbol_corruption,0.053635437928456306,1.0,0.1438030686442447,4,0.25,near_above_boundary,0,4,0.6458333333333334,7102,0.6523131319455578,,,,-0.6601454859826432,False,0.9465978327076227,False
True,3,0.05,random_parity_checks,0.12396243083524543,0.020458758869768258,eliminated,0.5,0.7,0.044315260102262256,0.10326478817221021,0.25563323392998666,0.17376902634087052,0.75,0.25,2,degree-matched checks on unrelated variables,0.9723443223443222,0.0,0.022532935719946634,False,calibration,clustered_symbol_corruption,0.053635437928456306,1.0,0.1438030686442447,4,0.25,near_above_boundary,0,4,0.75,7102,0.28190135895029045,16,0,16,-0.022532935719946634,False,1.1003758541902784,True
True,3,0.05,memory_budget_random_bits,0.11262194920323206,0.017732242118953183,eliminated,0.7083333333333334,0.7,0.04602005529693212,0.09491572031932936,0.30577340267568154,0.14198416057835223,0.7083333333333334,0.25,2,32 random bits replace structured parity,0.9513736263736263,0.0,0.22309361070272615,False,calibration,clustered_symbol_corruption,0.053635437928456306,1.0,0.1438030686442447,4,0.25,near_above_boundary,0,4,0.7083333333333334,7102,0.3399603971307319,15,0,15,-0.22309361070272615,False,1.1051949369861567,True
True,3,0.05,target,0.1101158473842023,0.01694559904392093,eliminated,0.875,0.7,0.12009996930417176,0.34669223664833776,0.47662619229665537,-0.0178139164460247,0.875,0.55,2,local syndrome decode plus bounded relation feedback,0.9375,0.0,0.0,False,calibration,clustered_symbol_corruption,0.11799796344260413,1.0,0.5048243440508948,5,0.5500000000000002,near_above_boundary,6,5,0.875,7102,0.313241841971501,5,0,5,0.13340692309699048,False,1.4600961981409286,True
True,3,0.05,rt02_frozen_baseline,0.111845366439272,0.02698339187655693,not_applicable,,0.7,0.14016173956646538,0.003183072323936742,0.4014152302337714,-0.18783185300178526,1.0,0.55,2,unchanged RT-02 one-bit orientation mechanism,0.9710164835164833,0.9363385535212652,0.0,,calibration,clustered_symbol_corruption,0.11799796344260413,1.0,0.5048243440508948,5,0.5500000000000002,near_above_boundary,2,5,1.0,7102,0.9936946932899577,,,,0.2701541268476886,False,1.4402319539486383,False
True,3,0.05,passive_relaxation,0.0,0.0,not_applicable,,0.7,0.11799796344260413,0.5048243440508948,0.5500000000000002,0.0,0.8958333333333334,0.55,2,no restorative mechanism,0.9104853479853477,0.0,0.0,,calibration,clustered_symbol_corruption,0.11799796344260413,1.0,0.5048243440508948,5,0.5500000000000002,near_above_boundary,61,5,0.8958333333333334,7102,0.0,,,,0.0,False,1.5127039903741455,False
True,3,0.05,operator_only,0.29544189306430796,0.1114578644619456,not_applicable,,0.7,0.07516043733126476,0.049998329950586284,0.449786636488906,0.36303614792619826,0.625,0.55,2,matched bounded smoothing without parity,0.9128663003663003,3.340098827431248e-05,0.0,,calibration,clustered_symbol_corruption,0.11799796344260413,1.0,0.5048243440508948,5,0.5500000000000002,near_above_boundary,61,5,0.625,7102,0.9009589562393496,,,,0.18220611547471663,False,1.1004936600117454,False
True,3,0.05,random_parity_checks,0.15449202016871852,0.02982226425242366,eliminated,0.5,0.7,0.07158571044847598,0.4716469024074501,0.6118758815809714,0.39333096640014237,0.625,0.55,2,degree-matched checks on unrelated variables,0.8597527472527472,0.0,0.11250160287449318,False,calibration,clustered_symbol_corruption,0.11799796344260413,1.0,0.5048243440508948,5,0.5500000000000002,near_above_boundary,61,5,0.625,7102,0.06572076413196878,20,0,20,-0.11250160287449312,False,1.4369047898200837,True
True,3,0.05,memory_budget_random_bits,0.17270505968191183,0.04174574277625003,eliminated,0.75,0.7,0.09616723054686606,0.318126223480488,0.5089909119263735,0.18500940405091693,0.75,0.55,2,32 random bits replace structured parity,0.9138736263736262,0.0,0.0,False,calibration,clustered_symbol_corruption,0.11799796344260413,1.0,0.5048243440508948,5,0.5500000000000002,near_above_boundary,61,5,0.75,7102,0.36982788720582077,13,0,13,0.07456197831568487,False,1.383246259299784,True
True,1,0.05,target,0.02334052983354128,0.0007613389745642661,eliminated,1.0,0.7,0.05317154983917454,2.6117047854555575e-17,0.2428569751211324,-0.05893900381438185,1.0,0.25,1,local syndrome decode plus bounded relation feedback,0.9584706959706959,0.9999999999999994,0.0,True,calibration,dispersed_equal_weight_corruption,0.05021209875889586,1.0,0.0816748405976916,1,0.25000000000000006,within_radius,0,1,1.0,7102,0.9999999999999997,2,0,2,0.028572099515470566,False,1.0386710755412338,False
True,1,0.05,rt02_frozen_baseline,0.023322797653251463,0.0007601826107718335,not_applicable,,0.7,0.053217990797611595,0.003183072323936742,0.24284915252879521,-0.05986389959816595,1.0,0.25,1,unchanged RT-02 one-bit orientation mechanism,0.9584706959706959,0.9363385535212652,0.0,,calibration,dispersed_equal_weight_corruption,0.05021209875889586,1.0,0.0816748405976916,1,0.25000000000000006,within_radius,0,1,1.0,7102,0.9610275049128567,,,,0.028603389884819357,False,1.0386576461379247,False
True,1,0.05,passive_relaxation,0.0,0.0,not_applicable,,0.7,0.05021209875889586,0.0816748405976916,0.25000000000000006,0.0,0.9791666666666666,0.25,1,no restorative mechanism,0.9560897435897433,0.0,0.0,,calibration,dispersed_equal_weight_corruption,0.05021209875889586,1.0,0.0816748405976916,1,0.25000000000000006,within_radius,0,1,0.9791666666666666,7102,0.0,,,,0.0,False,1.0407136468132236,False
True,1,0.05,operator_only,0.2513548389626743,0.0778922116612891,not_applicable,,0.7,0.1865564122535925,0.04999825338859859,0.4174893498889561,-2.7153677473109235,0.6875,0.25,1,matched bounded smoothing without parity,0.9100732600732601,3.4932228028194956e-05,0.6699573995558239,,calibration,dispersed_equal_weight_corruption,0.05021209875889586,1.0,0.0816748405976916,1,0.25000000000000006,within_radius,0,1,0.6875,7102,0.3878377597958642,,,,-0.669957399555824,False,0.7842720830473175,False
True,1,0.05,random_parity_checks,0.15348818677628118,0.030261603332298076,eliminated,0.375,0.7,0.10943076025713973,0.07008714384312685,0.35041374567391026,-1.1793703701292182,0.6666666666666666,0.25,1,degree-matched checks on unrelated variables,0.9199633699633698,0.0,0.4016549826956408,False,calibration,dispersed_equal_weight_corruption,0.05021209875889586,1.0,0.0816748405976916,1,0.25000000000000006,within_radius,0,1,0.6666666666666666,7102,0.14187596412514158,20,0,20,-0.4016549826956407,False,0.9601660160408987,True
True,1,0.05,memory_budget_random_bits,0.08887621263723074,0.011039579789687308,eliminated,0.7916666666666666,0.7,0.055547885215403534,0.045643543901109716,0.28160426707053904,-0.10626495582526026,0.7916666666666666,0.25,1,32 random bits replace structured parity,0.9477564102564102,0.08712912197780576,0.12641706828215593,False,calibration,dispersed_equal_weight_corruption,0.05021209875889586,1.0,0.0816748405976916,1,0.25000000000000006,within_radius,0,1,0.7916666666666666,7102,0.441155396605699,16,0,16,-0.1264170682821559,False,1.0091385007312008,True
True,1,0.05,target,0.057085546315017374,0.004554167140179494,eliminated,1.0,0.7,0.11761772461423316,6.369057972232327e-17,0.5331617091348687,-0.06473546055286318,1.0,0.55,1,local syndrome decode plus bounded relation feedback,0.8643315018315018,0.9999999999999988,0.0,True,calibration,dispersed_equal_weight_corruption,0.11046661726957063,1.0,0.19975780022829873,1,0.5500000000000002,within_radius,0,1,1.0,7102,0.9999999999999997,2,0,2,0.030615074300238982,False,1.240730619689395,False
True,1,0.05,rt02_frozen_baseline,0.05707829846402286,0.00455301077638706,not_applicable,,0.7,0.11766433811360269,0.003183072323936742,0.5331581459628859,-0.06515742965558118,1.0,0.55,1,unchanged RT-02 one-bit orientation mechanism,0.8643315018315018,0.9363385535212652,0.0,,calibration,dispersed_equal_weight_corruption,0.11046661726957063,1.0,0.19975780022829873,1,0.5500000000000002,within_radius,0,1,1.0,7102,0.9840653415270949,,,,0.030621552794753166,False,1.2407171902860858,False
True,1,0.05,passive_relaxation,0.0,0.0,not_applicable,,0.7,0.11046661726957063,0.19975780022829873,0.5500000000000002,0.0,0.9791666666666666,0.55,1,no restorative mechanism,0.8635531135531134,0.0,0.0,,calibration,dispersed_equal_weight_corruption,0.11046661726957063,1.0,0.19975780022829873,1,0.5500000000000002,within_radius,0,1,0.9791666666666666,7102,0.0,,,,0.0,False,1.2545700229890921,False
True,1,0.05,operator_only,0.35098076532419137,0.15225930443241092,not_applicable,,0.7,0.24815242363069853,0.049997922604719115,0.4606430755119471,-1.2464019426351631,0.6458333333333334,0.55,1,matched bounded smoothing without parity,0.8764194139194138,4.154790561772259e-05,0.0,,calibration,dispersed_equal_weight_corruption,0.11046661726957063,1.0,0.19975780022829873,1,0.5500000000000002,within_radius,0,1,0.6458333333333334,7102,0.7497072827815605,,,,0.16246713543282368,False,0.748768266678054,False
True,1,0.05,random_parity_checks,0.2523724649034818,0.08229021323947854,eliminated,0.6875,0.7,0.16186850371015446,0.2214284699375853,0.5061104769977134,-0.4653160177354602,0.6875,0.55,1,degree-matched checks on unrelated variables,0.8447802197802197,0.0,0.0,False,calibration,dispersed_equal_weight_corruption,0.11046661726957063,1.0,0.19975780022829873,1,0.5500000000000002,within_radius,0,1,0.6875,7102,-0.10848472342266312,16,0,16,0.07979913273143047,False,1.0255620379414883,True
True,1,0.05,memory_budget_random_bits,0.15435487305452095,0.03340985725675837,eliminated,0.7916666666666666,0.7,0.1331824855964981,0.04564354124939711,0.5200957675455304,-0.2056355928008019,0.7916666666666666,0.55,1,32 random bits replace structured parity,0.8597527472527472,0.08712917501205786,0.0,False,calibration,dispersed_equal_weight_corruption,0.11046661726957063,1.0,0.19975780022829873,1,0.5500000000000002,within_radius,0,1,0.7916666666666666,7102,0.7715055872800356,16,0,16,0.054371331735399465,False,1.1506223217910492,True
True,3,0.05,target,0.006689959396892893,6.254658549513653e-05,eliminated,1.0,0.7,0.2198783470827874,6.961985128808121e-17,0.2474808103414235,0.01032112309612488,1.0,0.25,1,local syndrome decode plus bounded relation feedback,0.9690934065934064,0.9999999999999986,0.0,True,calibration,topology_preserving_identity_disruption,0.22217140550746906,1.0,0.023409981317607253,3,0.25,within_radius,0,3,1.0,7102,0.999999999999997,5,0,5,0.010076758634306016,False,0.9350314073906055,False
True,3,0.05,rt02_frozen_baseline,0.006246558355296262,5.453034496507662e-05,not_applicable,,0.7,0.22062828418033978,0.008380783738583508,0.24760575821815817,0.006945634266500597,1.0,0.25,1,unchanged RT-02 one-bit orientation mechanism,0.9693681318681319,0.8323843252283298,0.0,,calibration,topology_preserving_identity_disruption,0.22217140550746906,1.0,0.023409981317607253,3,0.25,within_radius,0,3,1.0,7102,0.6419995545968205,,,,0.00957696712736733,False,0.934993594454745,False
True,3,0.05,passive_relaxation,0.0,0.0,not_applicable,,0.7,0.22217140550746906,0.023409981317607253,0.25,0.0,0.9375,0.25,1,no restorative mechanism,0.9683608058608056,0.5318003736478549,0.0,,calibration,topology_preserving_identity_disruption,0.22217140550746906,1.0,0.023409981317607253,3,0.25,within_radius,0,3,0.9375,7102,0.0,,,,0.0,False,0.9349678869956246,False
True,3,0.05,operator_only,0.1806622433575191,0.041553762905971306,not_applicable,,0.7,0.2645710507489715,0.04999859564068816,0.4639461151441987,-0.19084204443256791,0.6875,0.25,1,matched bounded smoothing without parity,0.885164835164835,2.808718623681372e-05,0.8557844605767948,,calibration,topology_preserving_identity_disruption,0.22217140550746906,1.0,0.023409981317607253,3,0.25,within_radius,0,3,0.6875,7102,-1.1357810996236433,,,,-0.8557844605767948,False,0.7826934392263756,False
True,3,0.05,random_parity_checks,0.090456044393195,0.011547010412779269,eliminated,0.5625,0.7,0.22188555283165795,0.05739059831876779,0.3272112269728689,0.0012866312618321834,0.7291666666666666,0.25,1,degree-matched checks on unrelated variables,0.9330128205128203,0.0,0.3088449078914757,False,calibration,topology_preserving_identity_disruption,0.22217140550746906,1.0,0.023409981317607253,3,0.25,within_radius,0,3,0.7291666666666666,7102,-1.4515439606781246,16,0,16,-0.3088449078914757,False,0.899396069315097,True
True,3,0.05,memory_budget_random_bits,0.08251478431032325,0.009570777009829534,eliminated,0.75,0.7,0.22259337971454737,0.05812524949956369,0.3020435985983872,-0.0018993182588662708,0.75,0.25,1,32 random bits replace structured parity,0.944047619047619,0.0,0.2081743943935488,False,calibration,topology_preserving_identity_disruption,0.22217140550746906,1.0,0.023409981317607253,3,0.25,within_radius,0,3,0.75,7102,-1.4829259242443817,14,0,14,-0.2081743943935488,False,0.9080117425950094,True
True,5,0.05,target,0.03612677194204336,0.0018210865663820922,eliminated,1.0,0.7,0.476853392542713,7.433042128200864e-17,0.5389802267265931,0.024394964015372587,1.0,0.55,1,local syndrome decode plus bounded relation feedback,0.8573717948717948,0.9999999999999986,0.0,True,calibration,topology_preserving_identity_disruption,0.4887770921164318,1.0,0.12623176763365102,5,0.5500000000000002,within_radius,2,5,1.0,7102,0.9999999999999993,9,0,9,0.020035951406194696,False,1.0173096456371251,False
True,5,0.05,rt02_frozen_baseline,0.027601616795711954,0.0017484990887443512,not_applicable,,0.7,0.4791096449297818,0.025219130951894063,0.5393005421420111,0.019778846722929237,0.9583333333333334,0.55,1,unchanged RT-02 one-bit orientation mechanism,0.8559981684981685,0.4956173809621188,0.0,,calibration,topology_preserving_identity_disruption,0.4887770921164318,1.0,0.12623176763365102,5,0.5500000000000002,within_radius,4,5,0.9583333333333334,7102,0.8002156554989798,,,,0.019453559741798344,False,1.0173551035912742,False
True,5,0.05,passive_relaxation,0.0,0.0,not_applicable,,0.7,0.4887770921164318,0.12623176763365102,0.5500000000000002,0.0,0.8958333333333334,0.55,1,no restorative mechanism,0.8498168498168497,0.0,0.0,,calibration,topology_preserving_identity_disruption,0.4887770921164318,1.0,0.12623176763365102,5,0.5500000000000002,within_radius,61,5,0.8958333333333334,7102,0.0,,,,0.0,False,1.0219293513903747,False
True,5,0.05,operator_only,0.19155705924385544,0.046539826666949134,not_applicable,,0.7,0.4724385707778062,0.04999867546906379,0.6406114505234902,0.03342734674384773,0.6875,0.55,1,matched bounded smoothing without parity,0.779624542124542,2.6490618724284154e-05,0.164748091860891,,calibration,topology_preserving_identity_disruption,0.4887770921164318,1.0,0.12623176763365102,5,0.5500000000000002,within_radius,61,5,0.6875,7102,0.6039136866547762,,,,-0.16474809186089098,False,0.8533992287259669,False
True,5,0.05,random_parity_checks,0.1266897078210537,0.0218377656144135,eliminated,0.625,0.7,0.48663462470062135,0.18353623415829498,0.59194221545514,0.004383322071280838,0.625,0.55,1,degree-matched checks on unrelated variables,0.80503663003663,0.0,0.07625857355479981,False,calibration,topology_preserving_identity_disruption,0.4887770921164318,1.0,0.12623176763365102,5,0.5500000000000002,within_radius,61,5,0.625,7102,-0.4539623234220454,17,0,17,-0.07625857355479976,False,0.9584621232122407,True
True,5,0.05,memory_budget_random_bits,0.09929387266715149,0.013799036075574254,eliminated,0.6666666666666666,0.7,0.4920652703588504,0.15012565779858822,0.5808099499556948,-0.006727357512154718,0.6666666666666666,0.55,1,32 random bits replace structured parity,0.8137362637362636,0.0,0.056018090828535705,False,calibration,topology_preserving_identity_disruption,0.4887770921164318,1.0,0.12623176763365102,5,0.5500000000000002,within_radius,61,5,0.6666666666666666,7102,-0.18928587163796906,15,0,15,-0.05601809082853569,False,0.981279183994195,True
True,2,0.05,target,0.043431057186113266,0.0026360730675048087,eliminated,1.0,0.7,0.04272122336422499,1.072399636242237e-16,0.23018006295963356,-0.2381550780474731,1.0,0.25,1,local syndrome decode plus bounded relation feedback,0.9808608058608058,0.9999999999999979,0.0,True,calibration,localized_block_shock,0.034503935832977284,1.0,0.151977041565163,2,0.25000000000000006,within_radius,0,2,1.0,7103,0.9999999999999992,3,0,3,0.07927974816146598,False,1.0870677042766772,False
True,2,0.05,rt02_frozen_baseline,0.004841919686844225,3.2763614329914147e-05,not_applicable,,0.7,0.03522720696932181,0.15102963118039053,0.24652281398703604,-0.020961989375520865,0.9791666666666666,0.25,1,unchanged RT-02 one-bit orientation mechanism,0.9808150183150182,0.0,0.0,,calibration,localized_block_shock,0.034503935832977284,1.0,0.151977041565163,2,0.25000000000000006,within_radius,0,2,0.9791666666666666,7103,0.006233904641223415,,,,0.013908744051856044,False,1.0947838609491694,False
True,2,0.05,passive_relaxation,0.0,0.0,not_applicable,,0.7,0.034503935832977284,0.151977041565163,0.25000000000000006,0.0,0.9583333333333334,0.25,1,no restorative mechanism,0.9779761904761904,0.0,0.0,,calibration,localized_block_shock,0.034503935832977284,1.0,0.151977041565163,2,0.25000000000000006,within_radius,0,2,0.9583333333333334,7103,0.0,,,,0.0,False,1.0947998051218464,False
True,2,0.05,operator_only,0.15940782760311742,0.03508509930998855,not_applicable,,0.7,0.1370413317772443,0.04999815862232646,0.4272789254084917,-2.971759408567717,0.7291666666666666,0.25,1,matched bounded smoothing without parity,0.9204212454212453,3.6827553470786256e-05,0.7091157016339664,,calibration,localized_block_shock,0.034503935832977284,1.0,0.151977041565163,2,0.25000000000000006,within_radius,0,2,0.7291666666666666,7103,0.671015055251692,,,,-0.7091157016339665,False,0.9350700103122068,False
True,2,0.05,random_parity_checks,0.14204907473783665,0.022697977508205115,eliminated,0.5625,0.7,0.0446224629616318,0.143501702271195,0.3111581901425647,-0.2932571860101736,0.7291666666666666,0.25,1,degree-matched checks on unrelated variables,0.9564102564102563,0.0,0.2446327605702585,False,calibration,localized_block_shock,0.034503935832977284,1.0,0.151977041565163,2,0.25000000000000006,within_radius,0,2,0.7291666666666666,7103,0.05576723435778985,15,0,15,-0.24463276057025846,False,1.0555131749375488,True
True,2,0.05,memory_budget_random_bits,0.11262605466139393,0.017731358054290845,eliminated,0.7291666666666666,0.7,0.049268305412019674,0.15929388980577938,0.35354436345991347,-0.4279039252365894,0.7291666666666666,0.25,1,32 random bits replace structured parity,0.935576923076923,0.0,0.41417745383965365,False,calibration,localized_block_shock,0.034503935832977284,1.0,0.151977041565163,2,0.25000000000000006,within_radius,0,2,0.7291666666666666,7103,-0.048144431325037595,16,0,16,-0.41417745383965354,False,1.0404218640011893,True
True,2,0.05,target,0.09440317328348335,0.012454601263031441,eliminated,0.9375,0.7,0.09176372040538983,0.29141324655040857,0.5159599333373657,-0.20887026350729165,0.9375,0.55,2,local syndrome decode plus bounded relation feedback,0.9146062271062271,0.0,0.0,False,calibration,localized_block_shock,0.07590865883255,1.0,0.4072341345446585,3,0.5500000000000002,near_above_boundary,0,3,0.9375,7103,0.2844085948830222,2,0,2,0.06189103029569904,False,1.3347553139798567,True
True,2,0.05,rt02_frozen_baseline,0.05954296961653727,0.006032226287238192,not_applicable,,0.7,0.08731184084886033,0.3242096936709657,0.5106186849619007,-0.15022241456623636,0.9791666666666666,0.55,2,unchanged RT-02 one-bit orientation mechanism,0.9332417582417581,0.0,0.0,,calibration,localized_block_shock,0.07590865883255,1.0,0.4072341345446585,3,0.5500000000000002,near_above_boundary,0,3,0.9791666666666666,7103,0.2038739728105678,,,,0.0716023909783627,False,1.3597680042922384,False
True,2,0.05,passive_relaxation,0.0,0.0,not_applicable,,0.7,0.07590865883255,0.4072341345446585,0.5500000000000002,0.0,0.9375,0.55,2,no restorative mechanism,0.9153846153846152,0.0,0.0,,calibration,localized_block_shock,0.07590865883255,1.0,0.4072341345446585,3,0.5500000000000002,near_above_boundary,0,3,0.9375,7103,0.0,,,,0.0,False,1.3735595712680624,False
True,2,0.05,operator_only,0.19869350471868244,0.05478556668851768,not_applicable,,0.7,0.15729074203261156,0.04999799686185294,0.5500612650081187,-1.0721054020936611,0.7083333333333334,0.55,2,matched bounded smoothing without parity,0.8746336996336995,4.006276294121758e-05,0.00011139092385192839,,calibration,localized_block_shock,0.07590865883255,1.0,0.4072341345446585,3,0.5500000000000002,near_above_boundary,0,3,0.7083333333333334,7103,0.8772254272894946,,,,-0.00011139092385188799,False,1.1212370699440413,False
True,2,0.05,random_parity_checks,0.09007677072432765,0.010493459565459976,eliminated,0.25,0.7,0.06017719077136061,0.43781974346802754,0.5818687501696578,0.20724207624181684,0.75,0.55,2,degree-matched checks on unrelated variables,0.8954212454212452,0.0,0.05794318212665028,False,calibration,localized_block_shock,0.07590865883255,1.0,0.4072341345446585,3,0.5500000000000002,near_above_boundary,0,3,0.75,7103,-0.07510571027541142,13,0,13,-0.05794318212665021,False,1.3431444010586873,True
True,2,0.05,memory_budget_random_bits,0.11992303246335695,0.020116342892273695,eliminated,0.6458333333333334,0.7,0.08730561296567425,0.44836267073269315,0.6118221515929128,-0.15014037012912126,0.6458333333333334,0.55,2,32 random bits replace structured parity,0.871474358974359,0.0,0.11240391198711386,False,calibration,localized_block_shock,0.07590865883255,1.0,0.4072341345446585,3,0.5500000000000002,near_above_boundary,0,3,0.6458333333333334,7103,-0.10099481526523253,16,0,16,-0.11240391198711379,False,1.3114124299415146,True
True,4,0.05,target,0.04937688016264409,0.003410432612733385,eliminated,0.9375,0.7,0.03665613075435445,0.08945357224948515,0.25548775543408775,0.13351727870212685,0.9375,0.25,2,local syndrome decode plus bounded relation feedback,0.963507326007326,0.0,0.021951021736350773,False,calibration,sparse_node_corruption,0.042304514392910865,1.0,0.1200269194147782,5,0.25000000000000006,near_above_boundary,2,5,0.9375,7103,0.25472075193099336,6,0,6,-0.02195102173635077,False,1.0358831406028253,True
True,4,0.05,rt02_frozen_baseline,0.032458837084243755,0.0016785789340162554,not_applicable,,0.7,0.042470252446130126,0.003760815926155236,0.21564628246158227,-0.0039177391727024365,1.0,0.25,2,unchanged RT-02 one-bit orientation mechanism,0.9754120879120878,0.9247836814768953,0.0,,calibration,sparse_node_corruption,0.042304514392910865,1.0,0.1200269194147782,5,0.25000000000000006,near_above_boundary,2,5,1.0,7103,0.9686668961888545,,,,0.13741487015367113,False,1.0405050432277734,False
True,4,0.05,passive_relaxation,0.0,0.0,not_applicable,,0.7,0.042304514392910865,0.1200269194147782,0.25000000000000006,0.0,0.8958333333333334,0.25,2,no restorative mechanism,0.9659340659340658,0.0,0.0,,calibration,sparse_node_corruption,0.042304514392910865,1.0,0.1200269194147782,5,0.25000000000000006,near_above_boundary,61,5,0.8958333333333334,7103,0.0,,,,0.0,False,1.0454575059921951,False
True,4,0.05,operator_only,0.1813943817718899,0.04319030043217125,not_applicable,,0.7,0.14011410793138793,0.04999863903674933,0.41491054846575526,-2.3120367871393745,0.7291666666666666,0.25,2,matched bounded smoothing without parity,0.905128205128205,2.7219265013478378e-05,0.6596421938630206,,calibration,sparse_node_corruption,0.042304514392910865,1.0,0.1200269194147782,5,0.25000000000000006,near_above_boundary,61,5,0.7291666666666666,7103,0.5834381213770174,,,,-0.6596421938630207,False,0.8723779897853867,False
True,4,0.05,random_parity_checks,0.12856498320035614,0.020384848529851517,eliminated,0.4375,0.7,0.053326980140475315,0.1479618219774647,0.3083157579874223,-0.26055057966606815,0.7708333333333334,0.25,2,degree-matched checks on unrelated variables,0.9456959706959704,0.0,0.2332630319496889,False,calibration,sparse_node_corruption,0.042304514392910865,1.0,0.1200269194147782,5,0.25000000000000006,near_above_boundary,61,5,0.7708333333333334,7103,-0.23273864478810463,14,0,14,-0.23326303194968884,False,0.9963809017579397,True
True,4,0.05,memory_budget_random_bits,0.09554948488851814,0.012824929065004445,eliminated,0.7708333333333334,0.7,0.046081618646870805,0.12906577596968397,0.29068940827604506,-0.08928371612730021,0.7708333333333334,0.25,2,32 random bits replace structured parity,0.9482600732600731,0.0,0.16275763310418,False,calibration,sparse_node_corruption,0.042304514392910865,1.0,0.1200269194147782,5,0.25000000000000006,near_above_boundary,61,5,0.7708333333333334,7103,-0.07530691114107584,14,0,14,-0.16275763310417998,False,1.0050133074586483,True
True,4,0.05,target,0.0906746383089038,0.011491463616230267,eliminated,0.9375,0.7,0.08348347978764174,0.23050912081473643,0.5144587224316962,0.10300267449781048,0.9375,0.55,2,local syndrome decode plus bounded relation feedback,0.8964285714285715,0.0,0.0,False,calibration,sparse_node_corruption,0.09306993166440379,1.0,0.3595152512844996,5,0.5500000000000002,near_above_boundary,6,5,0.9375,7103,0.3588335404655064,6,0,6,0.06462050466964352,False,1.2307138373886082,True
True,4,0.05,rt02_frozen_baseline,0.09292457757110613,0.014760056155659469,not_applicable,,0.7,0.09751513925383219,0.003760815926153732,0.44591317221805243,-0.04776201625952787,1.0,0.55,2,unchanged RT-02 one-bit orientation mechanism,0.931227106227106,0.9247836814769254,0.0,,calibration,sparse_node_corruption,0.09306993166440379,1.0,0.3595152512844996,5,0.5500000000000002,near_above_boundary,6,5,1.0,7103,0.9895392033781131,,,,0.18924877778535945,False,1.2047266596716835,False
True,4,0.05,passive_relaxation,0.0,0.0,not_applicable,,0.7,0.09306993166440379,0.3595152512844996,0.5500000000000002,0.0,0.8958333333333334,0.55,2,no restorative mechanism,0.878113553113553,0.0,0.0,,calibration,sparse_node_corruption,0.09306993166440379,1.0,0.3595152512844996,5,0.5500000000000002,near_above_boundary,61,5,0.8958333333333334,7103,0.0,,,,0.0,False,1.2650065131828296,False
True,4,0.05,operator_only,0.23074431970869547,0.07182123222581822,not_applicable,,0.7,0.1456447222617876,0.049999053815235554,0.5021464509000106,-0.5648955538826504,0.6666666666666666,0.55,2,matched bounded smoothing without parity,0.8670329670329671,1.8923695288997067e-05,0.0,,calibration,sparse_node_corruption,0.09306993166440379,1.0,0.3595152512844996,5,0.5500000000000002,near_above_boundary,61,5,0.6666666666666666,7103,0.8609264735318024,,,,0.08700645290907182,False,0.9558146247883622,False
True,4,0.05,random_parity_checks,0.0972788170760108,0.012848302072132984,eliminated,0.5625,0.7,0.10405774613286772,0.40515659728611064,0.5885075765919193,-0.11805976723056318,0.6875,0.55,2,degree-matched checks on unrelated variables,0.8540750915750914,0.0,0.07001377562167121,False,calibration,sparse_node_corruption,0.09306993166440379,1.0,0.3595152512844996,5,0.5500000000000002,near_above_boundary,61,5,0.6875,7103,-0.12695246123367682,12,0,12,-0.0700137756216712,False,1.227736246577921,True
True,4,0.05,memory_budget_random_bits,0.13834132862187867,0.02678451159414939,eliminated,0.75,0.7,0.10151081679302547,0.3085938857406968,0.517313244140895,-0.09069400801816685,0.75,0.55,2,32 random bits replace structured parity,0.9019688644688643,0.0,0.0,False,calibration,sparse_node_corruption,0.09306993166440379,1.0,0.3595152512844996,5,0.5500000000000002,near_above_boundary,61,5,0.75,7103,0.141638957907537,16,0,16,0.05943046519837305,False,1.1833104160289887,True
True,6,0.05,target,0.038653134064729096,0.0020683327412256446,eliminated,0.9375,0.7,0.008245176538200949,0.10529845958906511,0.2517090522031591,0.0,0.9375,0.25,2,local syndrome decode plus bounded relation feedback,0.9643772893772892,0.0,0.006836208812636357,False,calibration,relational_twist,1.3874941060677477e-16,1.0,0.07593786627806767,7,0.25,near_above_boundary,3,7,0.9375,7103,-0.3866396930812546,7,0,7,-0.006836208812636357,False,1.0572492909965523,True
True,6,0.05,rt02_frozen_baseline,0.02213775354245796,0.0006616386420268566,not_applicable,,0.7,0.006163742316190295,0.003760815926148088,0.24031095293519214,0.0,1.0,0.25,2,unchanged RT-02 one-bit orientation mechanism,0.9674450549450548,0.9247836814770383,0.0,,calibration,relational_twist,1.3874941060677477e-16,1.0,0.07593786627806767,7,0.25,near_above_boundary,1,7,1.0,7103,0.9504750908805257,,,,0.03875618825923144,False,1.0613574039605078,False
True,6,0.05,passive_relaxation,0.0,0.0,not_applicable,,0.7,1.3874941060677477e-16,0.07593786627806767,0.25,0.0,0.8541666666666666,0.25,2,no restorative mechanism,0.9650641025641024,0.0,0.0,,calibration,relational_twist,1.3874941060677477e-16,1.0,0.07593786627806767,7,0.25,near_above_boundary,61,7,0.8541666666666666,7103,0.0,,,,0.0,False,1.0625,False
True,6,0.05,operator_only,0.1789272588189606,0.042989498535750625,not_applicable,,0.7,0.14644566137040765,0.049998198729956825,0.4268262843502904,0.0,0.6458333333333334,0.25,2,matched bounded smoothing without parity,0.9035714285714285,3.6025400863559653e-05,0.7073051374011616,,calibration,relational_twist,1.3874941060677477e-16,1.0,0.07593786627806767,7,0.25,near_above_boundary,61,7,0.6458333333333334,7103,0.34159068221808503,,,,-0.7073051374011616,False,0.8795442868364642,False
True,6,0.05,random_parity_checks,0.12759701667374265,0.022949715062298124,eliminated,0.5625,0.7,0.06762357512955804,0.1706155957680425,0.3476886334594994,0.0,0.6458333333333334,0.25,2,degree-matched checks on unrelated variables,0.9375457875457874,0.0,0.39075453383799763,False,calibration,relational_twist,1.3874941060677477e-16,1.0,0.07593786627806767,7,0.25,near_above_boundary,61,7,0.6458333333333334,7103,-1.2467789013624102,13,0,13,-0.39075453383799763,False,0.9895582318239999,True
True,6,0.05,memory_budget_random_bits,0.13899154558283744,0.027147254912002042,eliminated,0.6666666666666666,0.7,0.07117804759564711,0.1309447112682289,0.35429049822288106,0.0,0.6666666666666666,0.25,2,32 random bits replace structured parity,0.9303113553113552,0.0,0.4171619928915242,False,calibration,relational_twist,1.3874941060677477e-16,1.0,0.07593786627806767,7,0.25,near_above_boundary,61,7,0.6666666666666666,7103,-0.7243664812590115,23,0,23,-0.4171619928915242,False,0.9784083265510719,True
True,11,0.05,target,0.07511125122654683,0.007830917809569626,eliminated,0.875,0.7,0.01573110621530943,0.2587307904026496,0.5255843138292199,0.0,0.875,0.55,2,local syndrome decode plus bounded relation feedback,0.8831043956043955,0.0,0.0,False,calibration,relational_twist,2.3390285782902766e-16,1.0,0.26283393436018476,13,0.5500000000000002,near_above_boundary,61,13,0.875,7103,0.015611165154619015,14,0,14,0.044392156674145936,False,1.2813383984342566,True
True,11,0.05,rt02_frozen_baseline,0.05875609587879144,0.007236294421238757,not_applicable,,0.7,0.02786893293576275,1.5894752894076285e-09,0.5064014670158986,0.0,1.0,0.55,2,unchanged RT-02 one-bit orientation mechanism,0.8907509157509156,0.9999999682104942,0.0,,calibration,relational_twist,2.3390285782902766e-16,1.0,0.26283393436018476,13,0.5500000000000002,near_above_boundary,5,13,1.0,7103,0.9999999939525492,,,,0.0792700599710937,False,1.2836111888695134,False
True,11,0.05,passive_relaxation,0.0,0.0,not_applicable,,0.7,2.3390285782902766e-16,0.26283393436018476,0.5500000000000002,0.0,0.7291666666666666,0.55,2,no restorative mechanism,0.8653846153846154,0.0,0.0,,calibration,relational_twist,2.3390285782902766e-16,1.0,0.26283393436018476,13,0.5500000000000002,near_above_boundary,61,13,0.7291666666666666,7103,0.0,,,,0.0,False,1.3024999999999998,False
True,11,0.05,operator_only,0.232127445594392,0.07212255946217906,not_applicable,,0.7,0.14644566137040765,0.04999808510059331,0.5483579940793242,0.0,0.6458333333333334,0.55,2,matched bounded smoothing without parity,0.8372252747252746,3.829798813381746e-05,0.0,,calibration,relational_twist,2.3390285782902766e-16,1.0,0.26283393436018476,13,0.5500000000000002,near_above_boundary,61,13,0.6458333333333334,7103,0.8097730978980953,,,,0.002985465310319966,False,0.9980600994948894,False
True,11,0.05,random_parity_checks,0.15509884511733077,0.030999139984468654,eliminated,0.5,0.7,0.06127745867943866,0.3140405980287759,0.5727181312526635,0.0,0.625,0.55,2,degree-matched checks on unrelated variables,0.8347527472527472,0.0,0.04130569318666044,False,calibration,relational_twist,2.3390285782902766e-16,1.0,0.26283393436018476,13,0.5500000000000002,near_above_boundary,61,13,0.625,7103,-0.19482516134472216,12,0,12,-0.04130569318666055,False,1.2160238336063396,True
True,11,0.05,memory_budget_random_bits,0.12842085325759026,0.023130308023084314,eliminated,0.6041666666666666,0.7,0.05213313239793694,0.2607302779193595,0.5845794953290517,0.0,0.6041666666666666,0.55,2,32 random bits replace structured parity,0.8466117216117216,0.0,0.06287180968918471,False,calibration,relational_twist,2.3390285782902766e-16,1.0,0.26283393436018476,13,0.5500000000000002,near_above_boundary,61,13,0.6041666666666666,7103,0.00800374748392438,20,0,20,-0.06287180968918467,False,1.2267393760321341,True
True,3,0.05,target,0.08252688482289468,0.009560008385058653,eliminated,0.8125,0.7,0.09886522792581882,0.15071158905809967,0.24614136778995754,-0.03077069866747683,0.8125,0.25,2,local syndrome decode plus bounded relation feedback,0.9577838827838827,0.0,0.0,False,calibration,clustered_symbol_corruption,0.09591389050312189,1.0,0.19518107467771087,6,0.25,near_above_boundary,2,6,0.8125,7103,0.2278370774064064,4,0,4,0.015434528840169826,False,1.0292616307119171,True
True,3,0.05,rt02_frozen_baseline,0.058625125788687935,0.004802538523703594,not_applicable,,0.7,0.09612485426421762,0.007635630166371815,0.1986794836708307,-0.002199512083068469,1.0,0.25,2,unchanged RT-02 one-bit orientation mechanism,0.9753663003663002,0.8472873966725637,0.0,,calibration,clustered_symbol_corruption,0.09591389050312189,1.0,0.19518107467771087,6,0.25,near_above_boundary,2,6,1.0,7103,0.9608792492869506,,,,0.20528206531667725,False,1.0506897658899739,False
True,3,0.05,passive_relaxation,0.0,0.0,not_applicable,,0.7,0.09591389050312189,0.19518107467771087,0.25,0.0,0.875,0.25,2,no restorative mechanism,0.9638736263736263,0.0,0.0,,calibration,clustered_symbol_corruption,0.09591389050312189,1.0,0.19518107467771087,6,0.25,near_above_boundary,61,6,0.875,7103,0.0,,,,0.0,False,1.0602007958942106,False
True,3,0.05,operator_only,0.19352332521700216,0.048611569150094895,not_applicable,,0.7,0.17015960693724985,0.049998293499678076,0.41481904364902605,-0.7740872155708389,0.7291666666666666,0.25,2,matched bounded smoothing without parity,0.9172619047619047,3.4130006438481963e-05,0.6592761745961042,,calibration,clustered_symbol_corruption,0.09591389050312189,1.0,0.19518107467771087,6,0.25,near_above_boundary,61,6,0.7291666666666666,7103,0.743836365373862,,,,-0.6592761745961042,False,0.8714514115703946,False
True,3,0.05,random_parity_checks,0.08896128910951996,0.012932536258364156,eliminated,0.4375,0.7,0.10035862371090096,0.16632567844745783,0.3157178940486131,-0.04634087080050613,0.6875,0.25,2,degree-matched checks on unrelated variables,0.9413003663003662,0.0,0.26287157619445245,False,calibration,clustered_symbol_corruption,0.09591389050312189,1.0,0.19518107467771087,6,0.25,near_above_boundary,61,6,0.6875,7103,0.14783910928813146,14,0,14,-0.26287157619445245,False,1.0065522460284648,True
True,3,0.05,memory_budget_random_bits,0.07895084184689563,0.008712166550320739,eliminated,0.75,0.7,0.11413769365485438,0.17284483488318156,0.27648694544412644,-0.19000170940974728,0.75,0.25,2,32 random bits replace structured parity,0.9512820512820513,0.0,0.10594778177650577,False,calibration,clustered_symbol_corruption,0.09591389050312189,1.0,0.19518107467771087,6,0.25,near_above_boundary,61,6,0.75,7103,0.11443855318150908,17,0,17,-0.10594778177650577,False,1.035817049714734,True
True,3,0.05,target,0.15629062682239986,0.0341367764429888,eliminated,0.8125,0.7,0.21535446213522513,0.343839275888967,0.46738873755895016,-0.02058618794596281,0.8125,0.55,2,local syndrome decode plus bounded relation feedback,0.8746794871794872,0.0,0.0,False,calibration,clustered_symbol_corruption,0.21101055910686844,1.0,0.5925846204019969,6,0.5500000000000002,near_above_boundary,61,6,0.8125,7103,0.4197634159730408,4,0,4,0.15020229534736357,False,1.189740522891318,True
True,3,0.05,rt02_frozen_baseline,0.20619314149506893,0.046833489844690296,not_applicable,,0.7,0.20993070966210794,0.007635630166371815,0.41092867297166463,0.005117513783817801,1.0,0.55,2,unchanged RT-02 one-bit orientation mechanism,0.9319139194139194,0.8472873966725637,0.0,,calibration,clustered_symbol_corruption,0.21101055910686844,1.0,0.5925846204019969,6,0.5500000000000002,near_above_boundary,3,6,1.0,7103,0.9871147007473937,,,,0.25285695823333726,False,1.2125368930455962,False
True,3,0.05,passive_relaxation,0.0,0.0,not_applicable,,0.7,0.21101055910686844,0.5925846204019969,0.5500000000000002,0.0,0.875,0.55,2,no restorative mechanism,0.8637362637362636,0.0,0.0,,calibration,clustered_symbol_corruption,0.21101055910686844,1.0,0.5925846204019969,6,0.5500000000000002,near_above_boundary,61,6,0.875,7103,0.0,,,,0.0,False,1.297441750967263,False
True,3,0.05,operator_only,0.30507020037335486,0.11249114294046521,not_applicable,,0.7,0.23674835756945398,0.0499982935554842,0.5017812150354052,-0.12197398353676871,0.75,0.55,2,matched bounded smoothing without parity,0.8635989010989009,3.412889031606525e-05,0.0,,calibration,clustered_symbol_corruption,0.21101055910686844,1.0,0.5925846204019969,6,0.5500000000000002,near_above_boundary,61,6,0.75,7103,0.9156267445456711,,,,0.08767051811744538,False,0.953576515685685,False
True,3,0.05,random_parity_checks,0.18883019730773348,0.04245650696503421,eliminated,0.375,0.7,0.24782103368869257,0.330160986579755,0.5119628864747551,-0.17444849555221115,0.6666666666666666,0.55,2,degree-matched checks on unrelated variables,0.8686813186813186,0.0,0.0,False,calibration,clustered_symbol_corruption,0.21101055910686844,1.0,0.5925846204019969,6,0.5500000000000002,near_above_boundary,61,6,0.6666666666666666,7103,0.44284583971183594,19,0,19,0.0691583882277183,False,1.2016272596278095,True
True,3,0.05,memory_budget_random_bits,0.17493800072312718,0.042794512132852104,eliminated,0.6666666666666666,0.7,0.20346983673219632,0.23364489616835263,0.46404083507320687,0.03573623237903015,0.6666666666666666,0.55,2,32 random bits replace structured parity,0.8938644688644688,0.0,0.0,False,calibration,clustered_symbol_corruption,0.21101055910686844,1.0,0.5925846204019969,6,0.5500000000000002,near_above_boundary,61,6,0.6666666666666666,7103,0.6057189334244739,20,0,20,0.15628939077598775,False,1.1640488282889685,True
True,4,0.05,target,0.0317593673881252,0.0014103640751597026,eliminated,1.0,0.7,0.05153221489998379,5.116764615339806e-09,0.22607489091135807,-0.0034794404565345184,1.0,0.25,1,local syndrome decode plus bounded relation feedback,0.9828754578754578,0.9999998976647076,0.0,True,calibration,dispersed_equal_weight_corruption,0.05135353333849982,1.0,0.1111346352207075,4,0.25,within_radius,0,4,1.0,7103,0.9999999539588662,6,0,6,0.09570043635456771,False,1.1082652101176018,False
True,4,0.05,rt02_frozen_baseline,0.02416810153664308,0.0014281832701536462,not_applicable,,0.7,0.05143588633819574,0.007635630166372153,0.22602653079259408,-0.0016036481687265697,1.0,0.25,1,unchanged RT-02 one-bit orientation mechanism,0.9829212454212453,0.8472873966725569,0.0,,calibration,dispersed_equal_weight_corruption,0.05135353333849982,1.0,0.1111346352207075,4,0.25,within_radius,0,4,1.0,7103,0.9312938747564321,,,,0.09589387682962369,False,1.1082307493418577,False
True,4,0.05,passive_relaxation,0.0,0.0,not_applicable,,0.7,0.05135353333849982,0.1111346352207075,0.25,0.0,0.9166666666666666,0.25,1,no restorative mechanism,0.9715659340659341,0.0,0.0,,calibration,dispersed_equal_weight_corruption,0.05135353333849982,1.0,0.1111346352207075,4,0.25,within_radius,0,4,0.9166666666666666,7103,0.0,,,,0.0,False,1.1118159748947032,False
True,4,0.05,operator_only,0.20211019879283665,0.052814301874120353,not_applicable,,0.7,0.11569518378515871,0.04999838544038225,0.4014793998500013,-1.2529157443276033,0.6875,0.25,1,matched bounded smoothing without parity,0.9205586080586079,3.229119235503841e-05,0.6059175994000052,,calibration,dispersed_equal_weight_corruption,0.05135353333849982,1.0,0.1111346352207075,4,0.25,within_radius,0,4,0.6875,7103,0.5501097804380416,,,,-0.6059175994000052,False,0.909061327200319,False
True,4,0.05,random_parity_checks,0.1102450511502094,0.015413586358760445,eliminated,0.5,0.7,0.028153747303075537,0.12026066617155597,0.2883869712495903,0.45176611086332724,0.7083333333333334,0.25,1,degree-matched checks on unrelated variables,0.9578296703296701,0.0,0.15354788499836114,False,calibration,dispersed_equal_weight_corruption,0.05135353333849982,1.0,0.1111346352207075,4,0.25,within_radius,0,4,0.7083333333333334,7103,-0.08211689301651684,13,0,13,-0.15354788499836114,False,1.073771017228469,True
True,4,0.05,memory_budget_random_bits,0.13355786632213212,0.024928821189332304,eliminated,0.6458333333333334,0.7,0.032063832487995735,0.12394854875674899,0.31224938780594097,0.37562558204816976,0.6458333333333334,0.25,1,32 random bits replace structured parity,0.9409340659340657,0.0,0.24899755122376388,False,calibration,dispersed_equal_weight_corruption,0.05135353333849982,1.0,0.1111346352207075,4,0.25,within_radius,0,4,0.6458333333333334,7103,-0.11530081068420957,16,0,16,-0.24899755122376388,False,1.033947992444794,True
True,5,0.05,target,0.11672253262106234,0.019094553025370817,eliminated,0.9375,0.7,0.10229193300063223,0.04136252960850825,0.47681360938891565,0.0945835630116777,0.9375,0.55,2,local syndrome decode plus bounded relation feedback,0.9249084249084248,0.17274940782983494,0.0,False,calibration,dispersed_equal_weight_corruption,0.11297777334469968,1.0,0.3595935351509809,6,0.5500000000000002,near_above_boundary,5,6,0.9375,7103,0.8849742123669115,8,0,8,0.13306616474742633,False,1.3494285406996003,True
True,5,0.05,rt02_frozen_baseline,0.10782337276981192,0.015605996247564178,not_applicable,,0.7,0.11962908169813037,0.007635630166373072,0.466650862212555,-0.05887271590259874,1.0,0.55,2,unchanged RT-02 one-bit orientation mechanism,0.935576923076923,0.8472873966725386,0.0,,calibration,dispersed_equal_weight_corruption,0.11297777334469968,1.0,0.3595935351509809,6,0.5500000000000002,near_above_boundary,6,6,1.0,7103,0.9787659414867758,,,,0.1515438868862639,False,1.3669615989351263,False
True,5,0.05,passive_relaxation,0.0,0.0,not_applicable,,0.7,0.11297777334469968,0.3595935351509809,0.5500000000000002,0.0,0.875,0.55,2,no restorative mechanism,0.8925366300366299,0.0,0.0,,calibration,dispersed_equal_weight_corruption,0.11297777334469968,1.0,0.3595935351509809,6,0.5500000000000002,near_above_boundary,61,6,0.875,7103,0.0,,,,0.0,False,1.4109951447683478,False
True,5,0.05,operator_only,0.29203002275284967,0.1089435561689288,not_applicable,,0.7,0.08308947826095765,0.04999849590512874,0.44618445662867545,0.2645502225694575,0.6666666666666666,0.55,2,matched bounded smoothing without parity,0.8956959706959706,3.008189742526035e-05,0.0,,calibration,dispersed_equal_weight_corruption,0.11297777334469968,1.0,0.3595935351509809,6,0.5500000000000002,near_above_boundary,61,6,0.6666666666666666,7103,0.8609583014774276,,,,0.1887555334024085,False,1.0075705986800834,False
True,5,0.05,random_parity_checks,0.14496829294512148,0.028734077623968558,eliminated,0.75,0.7,0.08798108315215414,0.31362974720159087,0.5437194486823005,0.22125316734894077,0.625,0.55,2,degree-matched checks on unrelated variables,0.8836080586080586,0.0,0.0,False,calibration,dispersed_equal_weight_corruption,0.11297777334469968,1.0,0.3595935351509809,6,0.5500000000000002,near_above_boundary,61,6,0.625,7103,0.12782150805378478,14,0,14,0.011419184213999392,False,1.3257868254350094,True
True,5,0.05,memory_budget_random_bits,0.20158325848687864,0.05684648666080202,eliminated,0.7291666666666666,0.7,0.04725914260020368,0.16161847480434596,0.4868423074928573,0.5816952202092516,0.7291666666666666,0.55,2,32 random bits replace structured parity,0.8921245421245422,0.0,0.0,False,calibration,dispersed_equal_weight_corruption,0.11297777334469968,1.0,0.3595935351509809,6,0.5500000000000002,near_above_boundary,61,6,0.7291666666666666,7103,0.5505523347729598,15,0,15,0.11483216819480518,False,1.221722169674365,True
True,3,0.05,target,0.016269332770225197,0.00036991004644330904,eliminated,1.0,0.7,0.2424177919903923,9.0049805866978e-17,0.24671776089688047,0.024154673886559883,1.0,0.25,1,local syndrome decode plus bounded relation feedback,0.9650641025641024,0.9999999999999982,0.0,True,calibration,topology_preserving_identity_disruption,0.2484182539008356,1.0,0.05693080534656122,3,0.25000000000000006,within_radius,0,3,1.0,7103,0.9999999999999984,5,0,5,0.01312895641247835,False,0.8947159469305206,False
True,3,0.05,rt02_frozen_baseline,0.010810944030317111,0.00016333673873289485,not_applicable,,0.7,0.24494583381925328,0.0425438085802188,0.24784752335964758,0.013978119671384777,0.9791666666666666,0.25,1,unchanged RT-02 one-bit orientation mechanism,0.9649725274725274,0.1491238283956241,0.0,,calibration,topology_preserving_identity_disruption,0.2484182539008356,1.0,0.05693080534656122,3,0.25000000000000006,within_radius,0,3,0.9791666666666666,7103,0.2527102274201613,,,,0.008609906561409917,False,0.8951644126799356,False
True,3,0.05,passive_relaxation,0.0,0.0,not_applicable,,0.7,0.2484182539008356,0.05693080534656122,0.25000000000000006,0.0,0.9375,0.25,1,no restorative mechanism,0.9644688644688644,0.0,0.0,,calibration,topology_preserving_identity_disruption,0.2484182539008356,1.0,0.05693080534656122,3,0.25000000000000006,within_radius,0,3,0.9375,7103,0.0,,,,0.0,False,0.8953864565192111,False
True,3,0.05,operator_only,0.15357688071163395,0.031707106612585155,not_applicable,,0.7,0.29501226312970563,0.0499984859498654,0.45195707870643437,-0.18756274346678875,0.75,0.25,1,matched bounded smoothing without parity,0.9012362637362636,3.0281002692089665e-05,0.807828314825737,,calibration,topology_preserving_identity_disruption,0.2484182539008356,1.0,0.05693080534656122,3,0.25000000000000006,within_radius,0,3,0.75,7103,0.12176745708225876,,,,-0.807828314825737,False,0.7600558075877297,False
True,3,0.05,random_parity_checks,0.11114420276466624,0.015016226527644406,eliminated,0.4375,0.7,0.24925654386327373,0.10411255970802581,0.31941231257323016,-0.0033745103239182757,0.7291666666666666,0.25,1,degree-matched checks on unrelated variables,0.9455128205128205,0.0,0.2776492502929204,False,calibration,topology_preserving_identity_disruption,0.2484182539008356,1.0,0.05693080534656122,3,0.25000000000000006,within_radius,0,3,0.7291666666666666,7103,-0.8287561378106256,19,0,19,-0.27764925029292037,False,0.862178497486472,True
True,3,0.05,memory_budget_random_bits,0.10710498941219129,0.016030784906671498,eliminated,0.6875,0.7,0.25385593660630323,0.09028302404779198,0.3425315894265837,-0.021889223598030198,0.6875,0.25,1,32 random bits replace structured parity,0.9226648351648351,0.0,0.3701263577063345,False,calibration,topology_preserving_identity_disruption,0.2484182539008356,1.0,0.05693080534656122,3,0.25000000000000006,within_radius,0,3,0.6875,7103,-0.5858378165951122,18,0,18,-0.37012635770633445,False,0.8482674669568093,True
True,8,0.05,target,0.04329975226161929,0.0026301671556429834,eliminated,0.9375,0.7,0.5287278790834868,0.06907915634212367,0.5420419220919638,0.0325555777201717,0.9375,0.55,2,local syndrome decode plus bounded relation feedback,0.8398809523809523,0.0,0.0,False,calibration,topology_preserving_identity_disruption,0.5465201585818384,1.0,0.16277739215733456,9,0.5500000000000002,near_above_boundary,4,9,0.9375,7103,0.5756219249700577,15,0,15,0.014469232560066134,False,0.9282882934113054,True
True,8,0.05,rt02_frozen_baseline,0.0362328787035085,0.0021214205314892777,not_applicable,,0.7,0.5251587073338546,0.08129117072636334,0.5357086464624377,0.03908630068360977,0.9791666666666666,0.55,2,unchanged RT-02 one-bit orientation mechanism,0.8399267399267397,0.0,0.0,,calibration,topology_preserving_identity_disruption,0.5465201585818384,1.0,0.16277739215733456,9,0.5500000000000002,near_above_boundary,4,9,0.9791666666666666,7103,0.5005991332765036,,,,0.02598427915920454,False,0.9298380277968011,False
True,8,0.05,passive_relaxation,0.0,0.0,not_applicable,,0.7,0.5465201585818384,0.16277739215733456,0.5500000000000002,0.0,0.8125,0.55,2,no restorative mechanism,0.8329670329670329,0.0,0.0,,calibration,topology_preserving_identity_disruption,0.5465201585818384,1.0,0.16277739215733456,9,0.5500000000000002,near_above_boundary,61,9,0.8125,7103,0.0,,,,0.0,False,0.9348502043422647,False
True,8,0.05,operator_only,0.1568990603371838,0.033101232871457435,not_applicable,,0.7,0.5333203117226841,0.04999871693480643,0.6384239430738745,0.02415253426956201,0.6875,0.55,2,matched bounded smoothing without parity,0.7508699633699633,2.5661303871382657e-05,0.16077080558886236,,calibration,topology_preserving_identity_disruption,0.5465201585818384,1.0,0.16277739215733456,9,0.5500000000000002,near_above_boundary,61,9,0.6875,7103,0.6928399191548693,,,,-0.16077080558886242,False,0.7934881338096931,False
True,8,0.05,random_parity_checks,0.08725528763182024,0.009640577655459009,eliminated,0.375,0.7,0.547149349152047,0.13930661841983966,0.5768022132648195,-0.0011512669026542163,0.6666666666666666,0.55,2,degree-matched checks on unrelated variables,0.8130036630036629,0.0,0.048731296845126115,False,calibration,topology_preserving_identity_disruption,0.5465201585818384,1.0,0.16277739215733456,9,0.5500000000000002,near_above_boundary,61,9,0.6666666666666666,7103,0.14418939526202093,14,0,14,-0.04873129684512608,False,0.9108392604479425,True
True,8,0.05,memory_budget_random_bits,0.09409300410997141,0.012391728607040891,eliminated,0.625,0.7,0.548494258305764,0.1605979532925937,0.5854099372773043,-0.0036121260907340936,0.625,0.55,2,32 random bits replace structured parity,0.7913919413919414,0.0,0.064381704140553,False,calibration,topology_preserving_identity_disruption,0.5465201585818384,1.0,0.16277739215733456,9,0.5500000000000002,near_above_boundary,61,9,0.625,7103,0.013389075938962726,16,0,16,-0.06438170414055294,False,0.8974242164461316,True
True,2,0.05,target,0.032702698671429845,0.0014945960409237658,eliminated,1.0,0.7,0.045385559692807886,5.932821918000079e-17,0.22337929017971048,-0.20598105978744688,1.0,0.25,1,local syndrome decode plus bounded relation feedback,0.9905677655677654,0.9999999999999988,0.0,True,calibration,localized_block_shock,0.03763372511074681,1.0,0.11443560708142356,2,0.25000000000000006,within_radius,0,2,1.0,7104,0.9999999999999996,3,0,3,0.10648283928115829,False,1.0682600355402454,False
True,2,0.05,rt02_frozen_baseline,0.032696959755466666,0.001494071521002401,not_applicable,,0.7,0.04538512944313367,0.002143780211851254,0.22337543253140557,-0.20596962723133003,1.0,0.25,1,unchanged RT-02 one-bit orientation mechanism,0.990705128205128,0.9571243957629749,0.0,,calibration,localized_block_shock,0.03763372511074681,1.0,0.11443560708142356,2,0.25000000000000006,within_radius,0,2,1.0,7104,0.9812664933011112,,,,0.10649826987437791,False,1.06824534906397,False
True,2,0.05,passive_relaxation,0.0,0.0,not_applicable,,0.7,0.03763372511074681,0.11443560708142356,0.25000000000000006,0.0,0.9583333333333334,0.25,1,no restorative mechanism,0.985576923076923,0.0,0.0,,calibration,localized_block_shock,0.03763372511074681,1.0,0.11443560708142356,2,0.25000000000000006,within_radius,0,2,0.9583333333333334,7104,0.0,,,,0.0,False,1.0722788157903143,False
True,2,0.05,operator_only,0.184655410562472,0.04578255262192373,not_applicable,,0.7,0.18038444417999022,0.04999839018433906,0.4491291069489798,-3.7931594241378743,0.6458333333333334,0.25,1,matched bounded smoothing without parity,0.9117216117216117,3.21963132188241e-05,0.7965164277959187,,calibration,localized_block_shock,0.03763372511074681,1.0,0.11443560708142356,2,0.25000000000000006,within_radius,0,2,0.6458333333333334,7104,0.5630871241958453,,,,-0.7965164277959187,False,0.8774744509151687,False
True,2,0.05,random_parity_checks,0.09121857346223641,0.01179247408673986,eliminated,0.4375,0.7,0.0729101404636362,0.09433196225522625,0.29287303461186037,-0.937361774554062,0.7708333333333334,0.25,1,degree-matched checks on unrelated variables,0.9624999999999999,0.0,0.17149213844744127,False,calibration,localized_block_shock,0.03763372511074681,1.0,0.11443560708142356,2,0.25000000000000006,within_radius,0,2,0.7708333333333334,7104,0.17567648163821165,13,0,13,-0.17149213844744124,False,1.036031183202566,True
True,2,0.05,memory_budget_random_bits,0.09681399278881445,0.013086225425880057,eliminated,0.7916666666666666,0.7,0.07416774315816564,0.045643545034135966,0.2974468395010566,-0.9707786816188989,0.7916666666666666,0.25,1,32 random bits replace structured parity,0.9603021978021976,0.08712909931728074,0.1897873580042262,False,calibration,localized_block_shock,0.03763372511074681,1.0,0.11443560708142356,2,0.25000000000000006,within_radius,0,2,0.7916666666666666,7104,0.6011421077911568,17,0,17,-0.18978735800422614,False,1.034996413283508,True
True,2,0.05,target,0.07713468545436374,0.00831488156852371,eliminated,0.9375,0.7,0.095691010502927,0.353315314882339,0.5193300039721703,-0.15576955873937454,0.9375,0.55,2,local syndrome decode plus bounded relation feedback,0.9150641025641025,0.0,0.0,False,calibration,localized_block_shock,0.08279419524364309,1.0,0.38299127233574576,3,0.5500000000000002,near_above_boundary,0,3,0.9375,7104,0.07748468332560743,2,0,2,0.05576362914150876,False,1.2985929936010896,True
True,2,0.05,rt02_frozen_baseline,0.08552158319921478,0.015760043184600135,not_applicable,,0.7,0.11076377231614647,0.002143780211851254,0.47025152715372004,-0.3378205077082486,1.0,0.55,2,unchanged RT-02 one-bit orientation mechanism,0.9346611721611721,0.9571243957629749,0.0,,calibration,localized_block_shock,0.08279419524364309,1.0,0.38299127233574576,3,0.5500000000000002,near_above_boundary,0,3,1.0,7104,0.9944025350792539,,,,0.1449972233568729,False,1.280797354087086,False
True,2,0.05,passive_relaxation,0.0,0.0,not_applicable,,0.7,0.08279419524364309,0.38299127233574576,0.5500000000000002,0.0,0.9375,0.55,2,no restorative mechanism,0.9181776556776555,0.0,0.0,,calibration,localized_block_shock,0.08279419524364309,1.0,0.38299127233574576,3,0.5500000000000002,near_above_boundary,0,3,0.9375,7104,0.0,,,,0.0,False,1.3240133947386914,False
True,2,0.05,operator_only,0.21380525478842605,0.06438818000736822,not_applicable,,0.7,0.23821306671983766,0.04999822845695664,0.5672008639676482,-1.8771711110765048,0.625,0.55,2,matched bounded smoothing without parity,0.8564560439560438,3.543086086732483e-05,0.031274298122996536,,calibration,localized_block_shock,0.08279419524364309,1.0,0.38299127233574576,3,0.5500000000000002,near_above_boundary,0,3,0.625,7104,0.8694533477172134,,,,-0.03127429812299651,False,1.0175066302211628,False
True,2,0.05,random_parity_checks,0.14799605864575432,0.03065697732846871,eliminated,0.375,0.7,0.124501514330412,0.07271398780077379,0.5112677623694178,-0.503746898729246,0.75,0.55,2,degree-matched checks on unrelated variables,0.8883241758241758,0.0,0.0,False,calibration,localized_block_shock,0.08279419524364309,1.0,0.38299127233574576,3,0.5500000000000002,near_above_boundary,0,3,0.75,7104,0.8101419195343184,18,0,18,0.07042225023742237,False,1.2160705417460498,True
True,2,0.05,memory_budget_random_bits,0.11031742259111094,0.01700504353177519,eliminated,0.6666666666666666,0.7,0.10879796831345848,0.43651483423194276,0.5993589061433632,-0.3140772489338489,0.6666666666666666,0.55,2,32 random bits replace structured parity,0.8791666666666667,0.0,0.08974346571520542,False,calibration,localized_block_shock,0.08279419524364309,1.0,0.38299127233574576,3,0.5500000000000002,near_above_boundary,0,3,0.6666666666666666,7104,-0.13975138798796455,18,0,18,-0.08974346571520547,False,1.274218745761757,True
True,2,0.05,target,0.022077963408366864,0.0006897421598242398,eliminated,0.9375,0.7,0.0696793899998007,0.10401710579634967,0.25931569367209284,-0.06342678933467584,0.9375,0.25,2,local syndrome decode plus bounded relation feedback,0.9480769230769229,0.0,0.037262774688371136,False,calibration,sparse_node_corruption,0.0655234480630256,1.0,0.07859021546862215,3,0.25000000000000006,near_above_boundary,0,3,0.9375,7104,-0.3235376080356903,3,0,3,-0.03726277468837113,False,0.981577053171969,True
True,2,0.05,rt02_frozen_baseline,0.019903280204875872,0.0006796875625509676,not_applicable,,0.7,0.06291456175249402,0.0021437802118562613,0.22842125641737632,0.0398160717675014,1.0,0.25,2,unchanged RT-02 one-bit orientation mechanism,0.9632783882783881,0.9571243957628748,0.0,,calibration,sparse_node_corruption,0.0655234480630256,1.0,0.07859021546862215,3,0.25000000000000006,near_above_boundary,0,3,1.0,7104,0.972722046897655,,,,0.08631497433049494,False,0.9809016591042832,False
True,2,0.05,passive_relaxation,0.0,0.0,not_applicable,,0.7,0.0655234480630256,0.07859021546862215,0.25000000000000006,0.0,0.9375,0.25,2,no restorative mechanism,0.9546703296703296,0.0,0.0,,calibration,sparse_node_corruption,0.0655234480630256,1.0,0.07859021546862215,3,0.25000000000000006,near_above_boundary,0,3,0.9375,7104,0.0,,,,0.0,False,0.9835179493759422,False
True,2,0.05,operator_only,0.19362674625231419,0.050990248882947384,not_applicable,,0.7,0.20666934248816957,0.04999869568396547,0.4240777839163071,-2.1541280045179976,0.5833333333333334,0.25,2,matched bounded smoothing without parity,0.9056318681318681,2.6086320690676956e-05,0.6963111356652281,,calibration,sparse_node_corruption,0.0655234480630256,1.0,0.07859021546862215,3,0.25000000000000006,near_above_boundary,0,3,0.5833333333333334,7104,0.3638050820215921,,,,-0.6963111356652282,False,0.759518413319082,False
True,2,0.05,random_parity_checks,0.14338943206636917,0.025404241957275177,eliminated,0.375,0.7,0.11983710896478816,0.08814467007834069,0.3564939169858711,-0.8289194556659994,0.75,0.25,2,degree-matched checks on unrelated variables,0.8998626373626373,0.0,0.42597566794348407,False,calibration,sparse_node_corruption,0.0655234480630256,1.0,0.07859021546862215,3,0.25000000000000006,near_above_boundary,0,3,0.75,7104,-0.12157308072953746,17,0,17,-0.42597566794348396,False,0.9186003581748685,True
True,2,0.05,memory_budget_random_bits,0.10663351819070284,0.01588831946339068,eliminated,0.75,0.7,0.10679188789777287,0.12189258550256667,0.3308451098861769,-0.6298270474876727,0.75,0.25,2,32 random bits replace structured parity,0.9255494505494504,0.0,0.3233804395447073,False,calibration,sparse_node_corruption,0.0655234480630256,1.0,0.07859021546862215,3,0.25000000000000006,near_above_boundary,0,3,0.75,7104,-0.5509893283246359,15,0,15,-0.32338043954470724,False,0.9363825740379986,True
True,5,0.05,target,0.09204774365545014,0.011850617667031776,eliminated,0.875,0.7,0.14780373583970086,0.24209069261659694,0.5133613637847898,-0.025335483354762368,0.875,0.55,2,local syndrome decode plus bounded relation feedback,0.842445054945055,0.0,0.0,False,calibration,sparse_node_corruption,0.14415158573865652,1.0,0.3255555895726968,7,0.5500000000000002,near_above_boundary,5,7,0.875,7104,0.25637678980001694,8,0,8,0.06661570220947335,False,1.0914345341638556,True
True,5,0.05,rt02_frozen_baseline,0.07819740325312212,0.01375122648684722,not_applicable,,0.7,0.12062397218113682,0.0021437802118642914,0.44072653882095814,0.16321439293893525,1.0,0.55,2,unchanged RT-02 one-bit orientation mechanism,0.8893772893772892,0.9571243957627141,0.0,,calibration,sparse_node_corruption,0.14415158573865652,1.0,0.3255555895726968,7,0.5500000000000002,near_above_boundary,5,7,1.0,7104,0.9934150102761925,,,,0.1986790203255309,False,1.0783979644145743,False
True,5,0.05,passive_relaxation,0.0,0.0,not_applicable,,0.7,0.14415158573865652,0.3255555895726968,0.5500000000000002,0.0,0.8541666666666666,0.55,2,no restorative mechanism,0.8362179487179485,0.0,0.0,,calibration,sparse_node_corruption,0.14415158573865652,1.0,0.3255555895726968,7,0.5500000000000002,near_above_boundary,61,7,0.8541666666666666,7104,0.0,,,,0.0,False,1.1287394886270727,False
True,5,0.05,operator_only,0.22618038961528542,0.07773157121200348,not_applicable,,0.7,0.2793527340825501,0.04999890063882333,0.46458782454724457,-0.9379095460594526,0.6041666666666666,0.55,2,matched bounded smoothing without parity,0.8715201465201463,2.198722353341509e-05,0.0,,calibration,sparse_node_corruption,0.14415158573865652,1.0,0.3255555895726968,7,0.5500000000000002,near_above_boundary,61,7,0.6041666666666666,7104,0.846419775177417,,,,0.15529486445955556,False,0.7002533475159954,False
True,5,0.05,random_parity_checks,0.10449327306563196,0.013871092919175132,eliminated,0.375,0.7,0.1397489413081236,0.3169081247146376,0.533783347506906,0.030541768985565085,0.7083333333333334,0.55,2,degree-matched checks on unrelated variables,0.8379578754578754,0.0,0.0,False,calibration,sparse_node_corruption,0.14415158573865652,1.0,0.3255555895726968,7,0.5500000000000002,near_above_boundary,61,7,0.7083333333333334,7104,0.02656217596942301,13,0,13,0.02948482271471657,False,1.0907696892807734,True
True,5,0.05,memory_budget_random_bits,0.12016391881555362,0.020419206622771385,eliminated,0.7291666666666666,0.7,0.1769527119562928,0.30169656115912774,0.5400483615330895,-0.22754606582756545,0.7291666666666666,0.55,2,32 random bits replace structured parity,0.8390567765567765,0.0,0.0,False,calibration,sparse_node_corruption,0.14415158573865652,1.0,0.3255555895726968,7,0.5500000000000002,near_above_boundary,61,7,0.7291666666666666,7104,0.07328711033616375,14,0,14,0.018093888121655643,False,1.059521986577657,True
True,6,0.05,target,0.02152921206327151,0.0006481429218164133,eliminated,1.0,0.7,0.00474382609171109,1.906302243295113e-09,0.24071178775382499,0.0,1.0,0.25,1,local syndrome decode plus bounded relation feedback,0.9721611721611721,0.9999999618739551,0.0,True,calibration,relational_twist,2.2322144669673187e-16,1.0,0.07533654874169632,6,0.25000000000000006,within_radius,2,6,1.0,7104,0.9999999746961831,9,0,9,0.037152848984700275,False,1.0613496505504374,False
True,6,0.05,rt02_frozen_baseline,0.01707729611306064,0.00047243182567360185,not_applicable,,0.7,0.005034710454856427,0.0394174056362724,0.24182638415567106,0.0,0.9791666666666666,0.25,1,unchanged RT-02 one-bit orientation mechanism,0.971474358974359,0.2116518872745521,0.0,,calibration,relational_twist,2.2322144669673187e-16,1.0,0.07533654874169632,6,0.25000000000000006,within_radius,2,6,0.9791666666666666,7104,0.47678243436102413,,,,0.032694463377315956,False,1.061718947057989,False
True,6,0.05,passive_relaxation,0.0,0.0,not_applicable,,0.7,2.2322144669673187e-16,0.07533654874169632,0.25000000000000006,0.0,0.875,0.25,1,no restorative mechanism,0.9706501831501831,0.0,0.0,,calibration,relational_twist,2.2322144669673187e-16,1.0,0.07533654874169632,6,0.25000000000000006,within_radius,61,6,0.875,7104,0.0,,,,0.0,False,1.0625,False
True,6,0.05,operator_only,0.19791023015824638,0.05309137651093104,not_applicable,,0.7,0.14644566137040774,0.04999854706146417,0.4148803730681228,0.0,0.625,0.25,1,matched bounded smoothing without parity,0.9108058608058607,2.905877071657237e-05,0.6595214922724908,,calibration,relational_twist,2.2322144669673187e-16,1.0,0.07533654874169632,6,0.25000000000000006,within_radius,61,6,0.625,7104,0.33633079963760526,,,,-0.6595214922724909,False,0.831189625222579,False
True,6,0.05,random_parity_checks,0.1263689708440548,0.01929415220084276,eliminated,0.5625,0.7,0.0352011193242021,0.1002343711719745,0.3075670767412489,0.0,0.7708333333333334,0.25,1,degree-matched checks on unrelated variables,0.9505494505494505,0.0,0.23026830696499534,False,calibration,relational_twist,2.2322144669673187e-16,1.0,0.07533654874169632,6,0.25000000000000006,within_radius,61,6,0.7708333333333334,7104,-0.3304879616352542,10,0,10,-0.23026830696499528,False,1.016656157843696,True
True,6,0.05,memory_budget_random_bits,0.09312473776957914,0.012150938436064953,eliminated,0.6458333333333334,0.7,0.04155622470987683,0.07561277388429756,0.3228325579703646,0.0,0.6458333333333334,0.25,1,32 random bits replace structured parity,0.9388278388278387,0.0,0.2913302318814581,False,calibration,relational_twist,2.2322144669673187e-16,1.0,0.07533654874169632,6,0.25000000000000006,within_radius,61,6,0.6458333333333334,7104,-0.0036665489356079266,17,0,17,-0.29133023188145807,False,1.027338085597958,True
True,9,0.05,target,0.06861811120738757,0.006570451505389175,eliminated,0.875,0.7,0.004663754544340388,0.15608942961440775,0.5274637270332594,0.0,0.875,0.55,2,local syndrome decode plus bounded relation feedback,0.8826465201465201,0.0,0.0,False,calibration,relational_twist,1.381044806141221e-16,1.0,0.2474125774475584,11,0.5500000000000002,near_above_boundary,61,11,0.875,7104,0.3691127944071781,14,0,14,0.040975041757710474,False,1.2846122406726024,True
True,9,0.05,rt02_frozen_baseline,0.05860209006092577,0.0063085810697648655,not_applicable,,0.7,0.01919985355742403,0.10586855187258332,0.5021094879105401,0.0,0.9791666666666666,0.55,2,unchanged RT-02 one-bit orientation mechanism,0.8956043956043956,0.0,0.0,,calibration,relational_twist,1.381044806141221e-16,1.0,0.2474125774475584,11,0.5500000000000002,near_above_boundary,7,11,0.9791666666666666,7104,0.572097130369117,,,,0.08707365834447278,False,1.2841631097030128,False
True,9,0.05,passive_relaxation,0.0,0.0,not_applicable,,0.7,1.381044806141221e-16,0.2474125774475584,0.5500000000000002,0.0,0.7708333333333334,0.55,2,no restorative mechanism,0.8751373626373624,0.0,0.0,,calibration,relational_twist,1.381044806141221e-16,1.0,0.2474125774475584,11,0.5500000000000002,near_above_boundary,61,11,0.7708333333333334,7104,0.0,,,,0.0,False,1.3025000000000002,False
True,9,0.05,operator_only,0.21748262339492438,0.07643394016635031,not_applicable,,0.7,0.14644566137040751,0.049998573718056605,0.42248664719750145,0.0,0.625,0.55,2,matched bounded smoothing without parity,0.9048534798534797,2.852563886790449e-05,0.0,,calibration,relational_twist,1.381044806141221e-16,1.0,0.2474125774475584,11,0.5500000000000002,near_above_boundary,61,11,0.625,7104,0.7979141794897056,,,,0.23184245964090666,False,0.8375588683256204,False
True,9,0.05,random_parity_checks,0.15829956477608173,0.033218717292859835,eliminated,0.625,0.7,0.038329488383100366,0.3327778046938607,0.5539856721210631,0.0,0.5416666666666666,0.55,2,degree-matched checks on unrelated variables,0.875503663003663,0.0,0.007246676583750888,False,calibration,relational_twist,1.381044806141221e-16,1.0,0.2474125774475584,11,0.5500000000000002,near_above_boundary,61,11,0.5416666666666666,7104,-0.34503188207720087,15,0,15,-0.007246676583750785,False,1.2007762247269549,True
True,9,0.05,memory_budget_random_bits,0.11975954030160281,0.020044115257185538,eliminated,0.6041666666666666,0.7,0.034311164995967584,0.2754087427808433,0.5628808016217778,0.0,0.6041666666666666,0.55,2,32 random bits replace structured parity,0.8501373626373626,0.0,0.023419639312322937,False,calibration,relational_twist,1.381044806141221e-16,1.0,0.2474125774475584,11,0.5500000000000002,near_above_boundary,61,11,0.6041666666666666,7104,-0.11315578869153889,16,0,16,-0.02341963931232295,False,1.2418979072421261,True
True,2,0.05,target,0.05107372582134779,0.003651150569510438,eliminated,0.9375,0.7,0.06999732797847118,0.04935457733953429,0.23325385530837062,-0.0481118359895843,0.9375,0.25,2,local syndrome decode plus bounded relation feedback,0.9581043956043954,0.012908453209314219,0.0,False,calibration,clustered_symbol_corruption,0.06678421669800395,1.0,0.17888322965153303,3,0.25,near_above_boundary,0,3,0.9375,7104,0.7240961188162932,3,0,3,0.06698457876651753,False,1.0600615951446684,True
True,2,0.05,rt02_frozen_baseline,0.04610543671682007,0.0035106555868651165,not_applicable,,0.7,0.07485591157001516,0.002143780211851254,0.213310428635125,-0.12086231255075049,1.0,0.25,2,unchanged RT-02 one-bit orientation mechanism,0.9690018315018314,0.9571243957629749,0.0,,calibration,clustered_symbol_corruption,0.06678421669800395,1.0,0.17888322965153303,3,0.25,near_above_boundary,0,3,1.0,7104,0.9880157563343006,,,,0.14675828545949998,False,1.0604743155216614,False
True,2,0.05,passive_relaxation,0.0,0.0,not_applicable,,0.7,0.06678421669800395,0.17888322965153303,0.25,0.0,0.9375,0.25,2,no restorative mechanism,0.9641025641025641,0.0,0.0,,calibration,clustered_symbol_corruption,0.06678421669800395,1.0,0.17888322965153303,3,0.25,near_above_boundary,0,3,0.9375,7104,0.0,,,,0.0,False,1.0707242053590158,False
True,2,0.05,operator_only,0.2418354197939606,0.07189775776354472,not_applicable,,0.7,0.17190967466359056,0.04999852504129583,0.43863723296991797,-1.5741063257649706,0.6041666666666666,0.25,2,matched bounded smoothing without parity,0.8971153846153846,2.9499174083458257e-05,0.7545489318796719,,calibration,clustered_symbol_corruption,0.06678421669800395,1.0,0.17888322965153303,3,0.25,near_above_boundary,0,3,0.6041666666666666,7104,0.7204962972845826,,,,-0.7545489318796719,False,0.8364456676782953,False
True,2,0.05,random_parity_checks,0.09925298028020463,0.014148124416036642,eliminated,0.5625,0.7,0.0881868852505305,0.18347010590333157,0.3398217595097666,-0.3204749506804687,0.7708333333333334,0.25,2,degree-matched checks on unrelated variables,0.9292124542124541,0.0,0.3592870380390665,False,calibration,clustered_symbol_corruption,0.06678421669800395,1.0,0.17888322965153303,3,0.25,near_above_boundary,0,3,0.7708333333333334,7104,-0.02564173433548713,9,0,9,-0.3592870380390665,False,1.0241144682584706,True
True,2,0.05,memory_budget_random_bits,0.14341293671107358,0.028799703372975393,eliminated,0.6875,0.7,0.11147769762093236,0.07025576981791767,0.3431656199594672,-0.669222207472027,0.6875,0.25,2,32 random bits replace structured parity,0.9143772893772893,0.0,0.3726624798378688,False,calibration,clustered_symbol_corruption,0.06678421669800395,1.0,0.17888322965153303,3,0.25,near_above_boundary,0,3,0.6875,7104,0.6072534582767939,17,0,17,-0.3726624798378688,False,0.9813644951278142,True
True,2,0.05,target,0.11376036987886273,0.018085837856332446,eliminated,0.9375,0.7,0.1529940022198736,0.1879629895153077,0.4875347186346143,-0.041304842972564905,0.9375,0.55,2,local syndrome decode plus bounded relation feedback,0.8874999999999998,0.0,0.0,False,calibration,clustered_symbol_corruption,0.14692527673560865,1.0,0.4612217990194159,3,0.5500000000000002,near_above_boundary,0,3,0.9375,7104,0.5924672469624639,3,0,3,0.1135732388461561,False,1.263763404922798,True
True,2,0.05,rt02_frozen_baseline,0.12448160087783393,0.022691366482082673,not_applicable,,0.7,0.1684189704839203,0.002143780211852236,0.4558014140515548,-0.14628996606887082,1.0,0.55,2,unchanged RT-02 one-bit orientation mechanism,0.8998626373626373,0.9571243957629553,0.0,,calibration,clustered_symbol_corruption,0.14692527673560865,1.0,0.4612217990194159,3,0.5500000000000002,near_above_boundary,0,3,1.0,7104,0.9953519538399745,,,,0.17127015626990064,False,1.2509645931897613,False
True,2,0.05,passive_relaxation,0.0,0.0,not_applicable,,0.7,0.14692527673560865,0.4612217990194159,0.5500000000000002,0.0,0.9375,0.55,2,no restorative mechanism,0.8617216117216117,0.0,0.0,,calibration,clustered_symbol_corruption,0.14692527673560865,1.0,0.4612217990194159,3,0.5500000000000002,near_above_boundary,0,3,0.9375,7104,0.0,,,,0.0,False,1.3205932517898349,False
True,2,0.05,operator_only,0.3457847944825568,0.1429385949845517,not_applicable,,0.7,0.2350953559218163,0.049998525120423035,0.5259613496818994,-0.6001015015603427,0.5625,0.55,2,matched bounded smoothing without parity,0.851007326007326,2.949759153936249e-05,0.0,,calibration,clustered_symbol_corruption,0.14692527673560865,1.0,0.4612217990194159,3,0.5500000000000002,near_above_boundary,0,3,0.5625,7104,0.8915954856714865,,,,0.043706636942001276,False,0.9026533600084203,False
True,2,0.05,random_parity_checks,0.13429689221581922,0.023262564296545978,eliminated,0.5,0.7,0.1746359965927813,0.4361011275273464,0.6100623916523751,-0.18860416990765974,0.6666666666666666,0.55,2,degree-matched checks on unrelated variables,0.8128205128205127,0.0,0.1092043484588634,False,calibration,clustered_symbol_corruption,0.14692527673560865,1.0,0.4612217990194159,3,0.5500000000000002,near_above_boundary,0,3,0.6666666666666666,7104,0.054465490454868946,19,0,19,-0.10920434845886347,False,1.2590449072912928,True
True,2,0.05,memory_budget_random_bits,0.1960702820568847,0.053739994994438045,eliminated,0.7083333333333334,0.7,0.20305274560143774,0.15641222051675224,0.5342946855701914,-0.3820137018821493,0.7083333333333334,0.55,2,32 random bits replace structured parity,0.8402930402930402,0.0,0.0,False,calibration,clustered_symbol_corruption,0.14692527673560865,1.0,0.4612217990194159,3,0.5500000000000002,near_above_boundary,0,3,0.7083333333333334,7104,0.6608741806018414,19,0,19,0.028555117145106744,False,1.153123428989823,True
True,4,0.05,target,0.03014927434560232,0.0012703119087107998,eliminated,1.0,0.7,0.08235337610200319,7.09330105078845e-17,0.22871953959132704,-0.032141627603426544,1.0,0.25,1,local syndrome decode plus bounded relation feedback,0.9707875457875457,0.9999999999999986,0.0,True,calibration,dispersed_equal_weight_corruption,0.07978883314029586,1.0,0.10550048323129843,4,0.25000000000000006,within_radius,0,4,1.0,7104,0.9999999999999993,6,0,6,0.08512184163469204,False,1.006260670215466,False
True,4,0.05,rt02_frozen_baseline,0.02511195009058684,0.0012700496487501169,not_applicable,,0.7,0.08237087503707752,0.0015158815251735752,0.2287176558107599,-0.03236094319416289,1.0,0.25,1,unchanged RT-02 one-bit orientation mechanism,0.9707875457875457,0.9696823694965285,0.0,,calibration,dispersed_equal_weight_corruption,0.07978883314029586,1.0,0.10550048323129843,4,0.25000000000000006,within_radius,0,4,1.0,7104,0.9856315205509516,,,,0.08512937675696063,False,1.0062533269773284,False
True,4,0.05,passive_relaxation,0.0,0.0,not_applicable,,0.7,0.07978883314029586,0.10550048323129843,0.25000000000000006,0.0,0.9166666666666666,0.25,1,no restorative mechanism,0.9687271062271061,0.0,0.0,,calibration,dispersed_equal_weight_corruption,0.07978883314029586,1.0,0.10550048323129843,4,0.25000000000000006,within_radius,0,4,0.9166666666666666,7104,0.0,,,,0.0,False,1.0093501885708211,False
True,4,0.05,operator_only,0.21111187769525683,0.05688581666758058,not_applicable,,0.7,0.1837584635595527,0.04999861503875432,0.4272380459378519,-1.3030599186284992,0.625,0.25,1,matched bounded smoothing without parity,0.9082875457875457,2.7699224913635412e-05,0.7089521837514072,,calibration,dispersed_equal_weight_corruption,0.07978883314029586,1.0,0.10550048323129843,4,0.25000000000000006,within_radius,0,4,0.625,7104,0.526081649037211,,,,-0.7089521837514073,False,0.7992462413159973,False
True,4,0.05,random_parity_checks,0.13772909774051695,0.023591703731760543,eliminated,0.5625,0.7,0.10439497052024613,0.10433328141231657,0.33605584595810556,-0.30839074105375525,0.6875,0.25,1,degree-matched checks on unrelated variables,0.9415293040293038,0.0,0.344223383832422,False,calibration,dispersed_equal_weight_corruption,0.07978883314029586,1.0,0.10550048323129843,4,0.25000000000000006,within_radius,0,4,0.6875,7104,0.01106347367549869,22,0,22,-0.34422338383242196,False,0.9519917746343272,True
True,4,0.05,memory_budget_random_bits,0.08802709219689242,0.010882469077813517,eliminated,0.75,0.7,0.09832953370340178,0.08617492291197702,0.29631205159629975,-0.2323721231830157,0.75,0.25,1,32 random bits replace structured parity,0.9517399267399266,0.0,0.1852482063851988,False,calibration,dispersed_equal_weight_corruption,0.07978883314029586,1.0,0.10550048323129843,4,0.25000000000000006,within_radius,0,4,0.75,7104,0.18317982749853573,12,0,12,-0.18524820638519876,False,0.9776603094848224,True
True,5,0.05,target,0.10306053147400736,0.014845957823546972,eliminated,0.875,0.7,0.17412058263723723,0.22848243884796995,0.49280981935466556,0.00806019757931347,0.875,0.55,3,local syndrome decode plus bounded relation feedback,0.9012362637362636,0.0,0.0,False,calibration,dispersed_equal_weight_corruption,0.17553543290865128,1.0,0.3912199989270464,8,0.5500000000000002,above_radius,6,8,0.875,7104,0.4159745425218492,5,0,5,0.10398214662788106,False,1.1403854224523235,True
True,5,0.05,rt02_frozen_baseline,0.13096187673688264,0.020249301736323385,not_applicable,,0.7,0.18328593036274618,0.0015158815251737944,0.46460610921929546,-0.044153464207583995,1.0,0.55,3,unchanged RT-02 one-bit orientation mechanism,0.9222985347985347,0.9696823694965241,0.0,,calibration,dispersed_equal_weight_corruption,0.17553543290865128,1.0,0.3912199989270464,8,0.5500000000000002,above_radius,4,8,1.0,7104,0.996125245311254,,,,0.1552616196012812,False,1.1439186075093444,False
True,5,0.05,passive_relaxation,0.0,0.0,not_applicable,,0.7,0.17553543290865128,0.3912199989270464,0.5500000000000002,0.0,0.8333333333333334,0.55,3,no restorative mechanism,0.8876373626373626,0.0,0.0,,calibration,dispersed_equal_weight_corruption,0.17553543290865128,1.0,0.3912199989270464,8,0.5500000000000002,above_radius,61,8,0.8333333333333334,7104,0.0,,,,0.0,False,1.1855704148558066,False
True,5,0.05,operator_only,0.28188763955518187,0.10249840942542636,not_applicable,,0.7,0.2536113521561593,0.04999872317553873,0.47839613189824004,-0.44478723157927197,0.6041666666666666,0.55,3,matched bounded smoothing without parity,0.8834706959706959,2.5536489225430614e-05,0.0,,calibration,dispersed_equal_weight_corruption,0.17553543290865128,1.0,0.3912199989270464,8,0.5500000000000002,above_radius,61,8,0.6041666666666666,7104,0.8721979364228198,,,,0.13018885109410927,False,0.7947567430189243,False
True,5,0.05,random_parity_checks,0.13881699419931273,0.026664975446429498,eliminated,0.5625,0.7,0.19021292633223963,0.3308730702970835,0.5651554807253975,-0.08361555943651855,0.6458333333333334,0.55,3,degree-matched checks on unrelated variables,0.8758699633699633,0.0,0.027555419500722378,False,calibration,dispersed_equal_weight_corruption,0.17553543290865128,1.0,0.3912199989270464,8,0.5500000000000002,above_radius,61,8,0.6458333333333334,7104,0.1542531792737319,16,0,16,-0.02755541950072235,False,1.1026308397104645,True
True,5,0.05,memory_budget_random_bits,0.092102602743522,0.011854970119425056,eliminated,0.7291666666666666,0.7,0.2026729529092102,0.3243667227044524,0.5350544064358791,-0.15459853062647066,0.7291666666666666,0.55,3,32 random bits replace structured parity,0.8888736263736261,0.0,0.0,False,calibration,dispersed_equal_weight_corruption,0.17553543290865128,1.0,0.3912199989270464,8,0.5500000000000002,above_radius,61,8,0.7291666666666666,7104,0.17088409694275528,13,0,13,0.027173806480220105,False,1.151848007281929,True
True,3,0.05,target,0.01300980727634161,0.000236536609985708,eliminated,1.0,0.7,0.22532999284940483,6.369057972232327e-17,0.2469421465805272,0.01648611433243522,1.0,0.25,1,local syndrome decode plus bounded relation feedback,0.9620421245421245,0.9999999999999988,0.0,True,calibration,topology_preserving_identity_disruption,0.2291070783372428,1.0,0.04552484211283533,3,0.25000000000000006,within_radius,0,3,1.0,7104,0.9999999999999987,5,0,5,0.012231413677891375,False,0.9141903793360601,False
True,3,0.05,rt02_frozen_baseline,0.012764955090974623,0.00022771687985580598,not_applicable,,0.7,0.2257889275537181,0.008790769899383311,0.24703373068634724,0.014482969306781661,0.9791666666666666,0.25,1,unchanged RT-02 one-bit orientation mechanism,0.9619505494505494,0.8241846020123338,0.0,,calibration,topology_preserving_identity_disruption,0.2291070783372428,1.0,0.04552484211283533,3,0.25000000000000006,within_radius,0,3,0.9791666666666666,7104,0.8069016938577183,,,,0.011865077254611275,False,0.914171777011521,False
True,3,0.05,passive_relaxation,0.0,0.0,not_applicable,,0.7,0.2291070783372428,0.04552484211283533,0.25000000000000006,0.0,0.9375,0.25,1,no restorative mechanism,0.9616300366300365,0.08950315774329354,0.0,,calibration,topology_preserving_identity_disruption,0.2291070783372428,1.0,0.04552484211283533,3,0.25000000000000006,within_radius,0,3,0.9375,7104,0.0,,,,0.0,False,0.9145780711768248,False
True,3,0.05,operator_only,0.1824910905161832,0.042343074713373716,not_applicable,,0.7,0.2742571778641677,0.04999861846374537,0.4704275937941302,-0.19706985857706455,0.6875,0.25,1,matched bounded smoothing without parity,0.8665293040293038,2.7630725092597785e-05,0.8817103751765203,,calibration,topology_preserving_identity_disruption,0.2291070783372428,1.0,0.04552484211283533,3,0.25000000000000006,within_radius,0,3,0.6875,7104,-0.09827110086008846,,,,-0.8817103751765203,False,0.7600523175060334,False
True,3,0.05,random_parity_checks,0.10503884706263723,0.013222027693366495,eliminated,0.5,0.7,0.24921666252936625,0.10638678540478777,0.32741899076452086,-0.08777373592326283,0.7083333333333334,0.25,1,degree-matched checks on unrelated variables,0.9384615384615382,0.0,0.3096759630580832,False,calibration,topology_preserving_identity_disruption,0.2291070783372428,1.0,0.04552484211283533,3,0.25000000000000006,within_radius,0,3,0.7083333333333334,7104,-1.3368952085787236,13,0,13,-0.30967596305808315,False,0.8859584913782226,True
True,3,0.05,memory_budget_random_bits,0.0986193325257803,0.013605163029153109,eliminated,0.75,0.7,0.21869568622742067,0.04999999395435628,0.32341162837543486,0.045443345467033984,0.75,0.25,1,32 random bits replace structured parity,0.9251373626373627,1.209128743795418e-07,0.2936465135017392,False,calibration,topology_preserving_identity_disruption,0.2291070783372428,1.0,0.04552484211283533,3,0.25000000000000006,within_radius,0,3,0.75,7104,-0.09830131492667438,17,0,17,-0.29364651350173915,False,0.8747331093592515,True
True,6,0.05,target,0.03915217921525944,0.0021422419620705183,eliminated,0.9375,0.7,0.4919412314446576,0.06826365121104863,0.540165043158549,0.023995014560344845,0.9375,0.55,2,local syndrome decode plus bounded relation feedback,0.8240384615384614,0.0,0.0,False,calibration,topology_preserving_identity_disruption,0.5040355723419341,1.0,0.1387879182182262,7,0.5500000000000002,near_above_boundary,4,7,0.9375,7104,0.5081441375630925,11,0,11,0.017881739711729436,False,0.9716339159574434,True
True,6,0.05,rt02_frozen_baseline,0.03914665504556904,0.0021416374862284135,not_applicable,,0.7,0.4900799086510124,0.004536568548675604,0.5386323794339473,0.027687854700569108,1.0,0.55,2,unchanged RT-02 one-bit orientation mechanism,0.8231227106227105,0.909268629026488,0.0,,calibration,topology_preserving_identity_disruption,0.5040355723419341,1.0,0.1387879182182262,7,0.5500000000000002,near_above_boundary,3,7,1.0,7104,0.9673129433244873,,,,0.020668401029187072,False,0.9716354990400611,False
True,6,0.05,passive_relaxation,0.0,0.0,not_applicable,,0.7,0.5040355723419341,0.1387879182182262,0.5500000000000002,0.0,0.8541666666666666,0.55,2,no restorative mechanism,0.8234432234432234,0.0,0.0,,calibration,topology_preserving_identity_disruption,0.5040355723419341,1.0,0.1387879182182262,7,0.5500000000000002,near_above_boundary,61,7,0.8541666666666666,7104,0.0,,,,0.0,False,0.9770717565890145,False
True,6,0.05,operator_only,0.18985559522763185,0.04575923308955872,not_applicable,,0.7,0.4906122644785051,0.0499987306242346,0.6453745703385239,0.02663166768380926,0.6666666666666666,0.55,2,matched bounded smoothing without parity,0.7791666666666666,2.5387515308006314e-05,0.17340830970640675,,calibration,topology_preserving_identity_disruption,0.5040355723419341,1.0,0.1387879182182262,7,0.5500000000000002,near_above_boundary,61,7,0.6666666666666666,7104,0.6397472397732921,,,,-0.1734083097064067,False,0.8108820868279287,False
True,6,0.05,random_parity_checks,0.09731704806894276,0.012548408411468821,eliminated,0.75,0.7,0.49657425945308903,0.11454305476181892,0.5752785334991561,0.014803147432981873,0.75,0.55,2,degree-matched checks on unrelated variables,0.7962912087912087,0.0,0.04596096999846533,False,calibration,topology_preserving_identity_disruption,0.5040355723419341,1.0,0.1387879182182262,7,0.5500000000000002,near_above_boundary,61,7,0.75,7104,0.1746900145752265,15,0,15,-0.04596096999846542,False,0.9418269770842085,True
True,6,0.05,memory_budget_random_bits,0.1016230087275143,0.014518340315488185,eliminated,0.6666666666666666,0.7,0.4945573526769649,0.1572508161717341,0.5830472452190396,0.018804664164733288,0.6666666666666666,0.55,2,32 random bits replace structured parity,0.791025641025641,0.0,0.060085900398253456,False,calibration,topology_preserving_identity_disruption,0.5040355723419341,1.0,0.1387879182182262,7,0.5500000000000002,near_above_boundary,61,7,0.6666666666666666,7104,-0.13302957628110937,16,0,16,-0.06008590039825354,False,0.9325076118446793,True
