partition,condition,admissible,seed,perturbation_family,magnitude,eta,inequality_margin,post_state_error,final_state_error,state_recovery_gain,post_trajectory_error,final_trajectory_error,trajectory_recovery_gain,operator_recovery,identity_sign_agreement,identity_margin_score,node_rank_identity,functional_recovery,final_functional_error,overshoot,corrective_cost,variance_ratio,mean_shift,recovered,recovery_latency,recovery_type
final,passive_relaxation,True,6301,localized_block_shock,0.25,0.7,0.05,0.1829383860171634,0.1829383860171634,0.0,0.25000000000000006,0.25000000000000006,0.0,0.9491525423728814,0.9491525423728814,0.9491525423728814,0.968223443223443,0.0,0.06452964143476965,0.0,0.0,1.0580407673080268,0.0,False,81,passive decay
final,operator_only_filtering,True,6301,localized_block_shock,0.25,0.7,0.05,0.1829383860171634,0.029501778348923122,0.8387337999901494,0.25000000000000006,0.9619067065184128,-2.847626826073651,0.0,0.9322033898305084,0.32283830665408403,0.9608516483516483,-13.877658732473662,0.960049983395395,0.0,0.12257858636330933,0.0016278531919299642,1.691355389077387e-17,False,2,wrong-attractor convergence
final,topology_altered,True,6301,localized_block_shock,0.25,0.7,0.05,0.1829383860171634,0.0744605324871165,0.5929748036580439,0.25000000000000006,1.0071819075555692,-3.028727630222276,0.13559322033898302,0.461864406779661,0.2105356441386987,-0.04922161172161172,-14.594431194647967,1.0063030533698198,0.3228091987585031,0.22025940430169286,0.0016569491579804332,1.0842021724855044e-17,False,81,wrong-attractor convergence
final,trivial_attractor,True,6301,localized_block_shock,0.25,0.7,0.05,0.1829383860171634,0.049996600547224025,0.7267025164279447,0.25000000000000006,0.9999942600695508,-2.999977040278203,0.0,0.9491525423728814,4.4808981659823364e-05,0.968223443223443,-14.49666475072765,0.9999942197992893,0.0,0.07963747710657074,3.501503790056071e-11,6.352747104407253e-22,False,81,wrong-attractor convergence
final,identity_scrambled,True,6301,localized_block_shock,0.25,0.7,0.05,0.1829383860171634,0.12060124477537605,0.34075484428915226,0.25000000000000006,0.9535456409992649,-2.814182563997059,0.40254237288135597,0.6822033898305084,0.4508377148415543,0.6721611721611721,-13.626255431726536,0.9438270185426654,0.0,0.06779618589570671,0.02000269685915097,2.2551405187698492e-17,False,81,wrong-attractor convergence
final,signal_blind,True,6301,localized_block_shock,0.25,0.7,0.05,0.1829383860171634,1.110076318611699,-5.0680338488804155,0.25000000000000006,1.3483675116247538,-4.393470046499014,0.5805084745762712,0.5805084745762712,0.5784329300442725,0.6116758241758241,-3.8701697522934992,0.3142703078419604,5.158922084579139,1.4840475981784622,2.6099990560642543,4.85722573273506e-17,False,81,unstable correction
final,parameter_budget_matched,True,6301,localized_block_shock,0.25,0.7,0.05,0.1829383860171634,0.029501778348923122,0.8387337999901494,0.25000000000000006,0.9619067065184128,-2.847626826073651,0.0,0.9322033898305084,0.32283830665408403,0.9608516483516483,-13.877658732473662,0.960049983395395,0.0,0.12257858636330933,0.0016278531919299642,1.691355389077387e-17,False,2,wrong-attractor convergence
final,memory_ablation,True,6301,localized_block_shock,0.25,0.7,0.05,0.1829383860171634,0.1829383860171634,0.0,0.25000000000000006,0.25000000000000006,0.0,0.9491525423728814,0.9491525423728814,0.9491525423728814,0.968223443223443,0.0,0.06452964143476965,0.0,0.0,1.0580407673080268,0.0,False,81,no recovery
final,redundancy_ablation,True,6301,localized_block_shock,0.25,0.7,0.05,0.1829383860171634,0.05921313339816164,0.6763219863948825,0.25000000000000006,0.14486157846155215,0.4205536861537915,0.961864406779661,0.9830508474576272,0.974028336313297,0.991620879120879,0.10152073554442248,0.05797854477189399,0.0,0.01181997842050608,1.0288112702839716,5.551115123125783e-17,False,81,identity-preserving adaptation
final,oracle_upper_bound_non_admissible,False,6301,localized_block_shock,0.25,0.7,0.05,0.1829383860171634,0.0,1.0,0.25000000000000006,2.5283722063234738e-11,0.9999999998988651,1.0,1.0,1.0,0.9999999999999998,0.9999999998988656,6.5261744395821925e-12,0.0,0.008928571428571428,0.9999999999995489,2.7755575615628914e-17,True,6,exact-state recovery
final,passive_relaxation,True,6301,localized_block_shock,0.5,0.7,0.05,0.4298662223821115,0.4298662223821115,0.0,0.5000000000000001,0.5000000000000001,0.0,0.9491525423728814,0.9491525423728814,0.9491525423728814,0.9236263736263736,0.0,0.12905928286953935,0.0,0.0,1.2410815346160533,0.0,False,81,passive decay
final,operator_only_filtering,True,6301,localized_block_shock,0.5,0.7,0.05,0.4298662223821115,0.029644856727217152,0.9310370176029658,0.5000000000000001,0.961627780506742,-0.9232555610134836,0.0,0.923728813559322,0.3261908845939155,0.9516025641025639,-6.4363426015281355,0.9597290433254259,0.0,0.23316858621985345,0.0016986872277762334,2.0383000842727483e-17,False,3,wrong-attractor convergence
final,topology_altered,True,6301,localized_block_shock,0.5,0.7,0.05,0.4298662223821115,0.1690367633340239,0.606768909645183,0.5000000000000001,0.9423000657766828,-0.8846001315533651,0.1652542372881356,0.5466101694915254,0.2479309881019377,0.12976190476190474,-6.0293310826194775,0.9072004285754325,0.0,0.20120382305677617,0.10124695314018729,3.469446951953614e-17,False,81,wrong-attractor convergence
final,trivial_attractor,True,6301,localized_block_shock,0.5,0.7,0.05,0.4298662223821115,0.04999664981405697,0.8836925368618179,0.5000000000000001,0.9999942728990963,-0.9999885457981921,0.0,0.9491525423728814,4.818719060023663e-05,0.9236263736263736,-6.74833216272784,0.9999941923566419,0.0,0.09341473916155765,4.107263001106617e-11,2.117582368135751e-22,False,81,wrong-attractor convergence
final,identity_scrambled,True,6301,localized_block_shock,0.5,0.7,0.05,0.4298662223821115,0.14001000657985677,0.6742940029016731,0.5000000000000001,0.9214856633819247,-0.842971326763849,0.39830508474576276,0.6864406779661016,0.46916014325917266,0.7474816849816848,-5.943402763713496,0.8961105813592414,0.0,0.11128803384246222,0.039190557457362996,2.168404344971009e-17,False,81,wrong-attractor convergence
final,signal_blind,True,6301,localized_block_shock,0.5,0.7,0.05,0.4298662223821115,3.9598076760309304,-8.211720925844288,0.5000000000000001,4.567313456625604,-8.134626913251207,0.5720338983050848,0.576271186440678,0.5725577615382731,0.415613553113553,-10.99061511091664,1.5475001873795635,8.211720925844288,24.976225320229716,24.381769149786425,0.0,False,81,unstable correction
final,parameter_budget_matched,True,6301,localized_block_shock,0.5,0.7,0.05,0.4298662223821115,0.029644856727217152,0.9310370176029658,0.5000000000000001,0.961627780506742,-0.9232555610134836,0.0,0.923728813559322,0.3261908845939155,0.9516025641025639,-6.4363426015281355,0.9597290433254259,0.0,0.23316858621985345,0.0016986872277762334,2.0383000842727483e-17,False,3,wrong-attractor convergence
final,memory_ablation,True,6301,localized_block_shock,0.5,0.7,0.05,0.4298662223821115,0.4298662223821115,0.0,0.5000000000000001,0.5000000000000001,0.0,0.9491525423728814,0.9491525423728814,0.9491525423728814,0.9236263736263736,0.0,0.12905928286953935,0.0,0.0,1.2410815346160533,0.0,False,81,no recovery
final,redundancy_ablation,True,6301,localized_block_shock,0.5,0.7,0.05,0.4298662223821115,0.12405078469163992,0.7114200227126238,0.5000000000000001,0.2612250127136941,0.47754997457261195,0.9449152542372882,0.961864406779661,0.9538840998027356,0.9782509157509155,0.1401586388548438,0.11097050945096246,0.0,0.05861479864967925,1.098158696674855,2.7755575615628914e-17,False,81,trajectory-corridor recovery
final,oracle_upper_bound_non_admissible,False,6301,localized_block_shock,0.5,0.7,0.05,0.4298662223821115,0.0,1.0,0.5000000000000001,5.0567440683946265e-11,0.9999999998988651,1.0,1.0,1.0,0.9999999999999998,0.999999999898864,1.3052519471220501e-11,0.0,0.03571428571428571,0.9999999999990979,9.71445146547012e-17,True,9,exact-state recovery
final,passive_relaxation,True,6301,localized_block_shock,0.8,0.7,0.05,0.7326849506104378,0.7326849506104378,0.0,0.7999999999999999,0.7999999999999999,0.0,0.9491525423728814,0.9491525423728814,0.9491525423728814,0.9099358974358973,0.0,0.20649485259126316,0.0,0.0,1.6257304553856848,0.0,False,81,passive decay
final,operator_only_filtering,True,6301,localized_block_shock,0.8,0.7,0.05,0.7326849506104378,0.03032569854206179,0.958610179563814,0.7999999999999999,0.9612626393495229,-0.2015782991869038,0.0,0.9194915254237288,0.34011447674310746,0.9205586080586079,-3.6447113177293864,0.9591089788835012,0.0,0.4644795438355834,0.001855771513004129,1.1709383462843448e-17,False,6,wrong-attractor convergence
final,topology_altered,True,6301,localized_block_shock,0.8,0.7,0.05,0.7326849506104378,0.11316759636770164,0.8455439868480772,0.7999999999999999,1.0026254974070434,-0.2532818717588044,0.0805084745762712,0.5338983050847458,0.18548855543513976,-0.007967032967032966,-3.8546386240100676,1.0024578870488114,0.0,0.2864426281462081,0.008103928673138557,5.204170427930421e-18,False,81,wrong-attractor convergence
final,trivial_attractor,True,6301,localized_block_shock,0.8,0.7,0.05,0.7326849506104378,0.04999670904702472,0.9317623365876836,0.7999999999999999,0.999994288297281,-0.24999286037160134,0.0,0.9491525423728814,5.224104132873256e-05,0.9099358974358973,-3.8427074422287855,0.9999941594256461,0.0,0.1223668084658406,5.380228746408315e-11,3.1763735522036263e-22,False,81,wrong-attractor convergence
final,identity_scrambled,True,6301,localized_block_shock,0.8,0.7,0.05,0.7326849506104378,0.1152513797932506,0.8426999494158728,0.7999999999999999,0.8940651559708975,-0.11758144496362201,0.4279661016949152,0.6228813559322034,0.47173882656294425,0.6408424908424908,-3.215852471109345,0.8705518345682366,0.0,0.16305608976658587,0.041627612038806515,2.949029909160572e-17,False,81,wrong-attractor convergence
final,signal_blind,True,6301,localized_block_shock,0.8,0.7,0.05,0.7326849506104378,21.665893235945184,-28.570544908687157,0.7999999999999999,22.089407207525213,-26.611759009406516,0.4872881355932204,0.4872881355932203,0.4872881355932203,0.0314102564102564,-9.65605297746779,2.200420088786902,28.570544908687157,499.28525542291453,489.94659349735616,2.636779683484747e-16,False,81,unstable correction
final,parameter_budget_matched,True,6301,localized_block_shock,0.8,0.7,0.05,0.7326849506104378,0.03032569854206179,0.958610179563814,0.7999999999999999,0.9612626393495229,-0.2015782991869038,0.0,0.9194915254237288,0.34011447674310746,0.9205586080586079,-3.6447113177293864,0.9591089788835012,0.0,0.4644795438355834,0.001855771513004129,1.1709383462843448e-17,False,6,wrong-attractor convergence
final,memory_ablation,True,6301,localized_block_shock,0.8,0.7,0.05,0.7326849506104378,0.7326849506104378,0.0,0.7999999999999999,0.7999999999999999,0.0,0.9491525423728814,0.9491525423728814,0.9491525423728814,0.9099358974358973,0.0,0.20649485259126316,0.0,0.0,1.6257304553856848,0.0,False,81,no recovery
final,redundancy_ablation,True,6301,localized_block_shock,0.8,0.7,0.05,0.7326849506104378,0.19402278120741792,0.7351893456447175,0.7999999999999999,0.3877438813941866,0.5153201482572667,0.9279661016949152,0.9533898305084746,0.9429087099270236,0.9613095238095238,0.19951338279725436,0.16529636602055986,0.0,0.1386294307721736,1.2382830634938433,4.163336342344337e-17,False,81,trajectory-corridor recovery
final,oracle_upper_bound_non_admissible,False,6301,localized_block_shock,0.8,0.7,0.05,0.7326849506104378,0.0,1.0,0.7999999999999999,8.090793174965511e-11,0.999999999898865,1.0,1.0,1.0,0.9999999999999998,0.9999999998988649,2.0883871932441897e-11,0.0,0.0914285714285714,0.9999999999985568,4.163336342344337e-17,True,10,exact-state recovery
final,passive_relaxation,True,6301,localized_block_shock,1.1,0.7,0.05,1.0367381159298927,1.0367381159298927,0.0,1.1000000000000003,1.1000000000000003,0.0,0.9491525423728814,0.9491525423728814,0.9491525423728814,0.9099358974358973,0.0,0.28393042231298665,0.0,0.0,2.1903793761553176,0.0,False,81,passive decay
final,operator_only_filtering,True,6301,localized_block_shock,1.1,0.7,0.05,1.0367381159298927,0.030513023130538167,0.9705682441286826,1.1000000000000003,0.9613313272773774,0.12606242974783902,0.0,0.9322033898305084,0.34480317214177575,0.8912545787545787,-2.3789926937928034,0.959398822541087,0.0,0.8033286643655894,0.0019447459077158223,4.0332320816460765e-17,False,10,wrong-attractor convergence
final,topology_altered,True,6301,localized_block_shock,1.1,0.7,0.05,1.0367381159298927,0.6533812909629172,0.3697720948777186,1.1000000000000003,1.1525181854134066,-0.047743804921278395,0.0847457627118644,0.4957627118644068,0.18618881498460027,-0.0456043956043956,-2.5540912044489423,1.0091146166180596,0.0,0.3241986787050137,0.3786406312941505,5.551115123125783e-17,False,81,wrong-attractor convergence
final,trivial_attractor,True,6301,localized_block_shock,1.1,0.7,0.05,1.0367381159298927,0.049996768403011906,0.9517749298161303,1.1000000000000003,0.9999943036984438,0.09091426936505137,0.0,0.9491525423728814,5.6294892057228494e-05,0.9099358974358973,-2.521968932911734,0.9999941264948476,0.0,0.16486726486644943,7.248890519391153e-11,1.1117307432712692e-21,False,81,wrong-attractor convergence
final,identity_scrambled,True,6301,localized_block_shock,1.1,0.7,0.05,1.0367381159298927,0.12346286340958236,0.8809121980637864,1.1000000000000003,1.0054254277844965,0.08597688383227617,0.0847457627118644,0.4533898305084746,0.169336967192506,-0.15668498168498168,-2.5341415573527217,1.0034503048930346,0.0,0.26304972221565237,0.013655600440686972,1.6479873021779667e-17,False,81,wrong-attractor convergence
final,signal_blind,True,6301,localized_block_shock,1.1,0.7,0.05,1.0367381159298927,12.760314868181418,-11.308137100502154,1.1000000000000003,13.902655228915224,-11.638777480832019,0.5127118644067796,0.5169491525423728,0.5143590059195341,0.057051282051282036,-10.125892537243695,3.158979366708509,11.667434237299826,320.86864628854875,193.7294473336693,3.469446951953614e-16,False,81,unstable correction
final,parameter_budget_matched,True,6301,localized_block_shock,1.1,0.7,0.05,1.0367381159298927,0.030513023130538167,0.9705682441286826,1.1000000000000003,0.9613313272773774,0.12606242974783902,0.0,0.9322033898305084,0.34480317214177575,0.8912545787545787,-2.3789926937928034,0.959398822541087,0.0,0.8033286643655894,0.0019447459077158223,4.0332320816460765e-17,False,10,wrong-attractor convergence
final,memory_ablation,True,6301,localized_block_shock,1.1,0.7,0.05,1.0367381159298927,1.0367381159298927,0.0,1.1000000000000003,1.1000000000000003,0.0,0.9491525423728814,0.9491525423728814,0.9491525423728814,0.9099358974358973,0.0,0.28393042231298665,0.0,0.0,2.1903793761553176,0.0,False,81,no recovery
final,redundancy_ablation,True,6301,localized_block_shock,1.1,0.7,0.05,1.0367381159298927,0.2557944792012335,0.7532699191137572,1.1000000000000003,0.47532565658454196,0.5678857667413256,0.9194915254237288,0.9491525423728814,0.9374760978177529,0.9560439560439559,0.23005395346532848,0.21861110615080376,0.0,0.32756887956827635,1.3778349256196594,1.3877787807814457e-17,False,81,trajectory-corridor recovery
final,oracle_upper_bound_non_admissible,False,6301,localized_block_shock,1.1,0.7,0.05,1.0367381159298927,0.0,1.0,1.1000000000000003,1.112483931738928e-10,0.9999999998988651,1.0,1.0,1.0,0.9999999999999998,0.9999999998988652,2.8715252826050814e-11,0.0,0.17285714285714285,0.9999999999980157,1.3877787807814457e-17,True,12,exact-state recovery
final,passive_relaxation,True,6301,sparse_node_corruption,0.25,0.7,0.05,0.09270745450195775,0.09270745450195775,0.0,0.25000000000000006,0.25000000000000006,0.0,0.9194915254237288,0.923728813559322,0.9202976790491098,0.9690018315018314,0.0,0.09943518311068508,0.0,0.0,1.0337303191179443,0.0,False,81,passive decay
final,operator_only_filtering,True,6301,sparse_node_corruption,0.25,0.7,0.05,0.09270745450195775,0.029406515353241666,0.6828031196496644,0.25000000000000006,0.9621387962038838,-2.848555184815534,0.0,0.9322033898305084,0.3191978555127006,0.9581043956043954,-8.657241734785655,0.9602696002425618,0.0,0.12057933448050828,0.0016048650713250837,1.734723475976807e-17,False,1,wrong-attractor convergence
final,topology_altered,True,6301,sparse_node_corruption,0.25,0.7,0.05,0.09270745450195775,0.11603987561591601,-0.2516779393772002,0.25000000000000006,0.9905038598864085,-2.9620154395456333,0.03389830508474578,0.4745762711864407,0.1359901357907222,-0.16153846153846152,-8.901341419218957,0.9845416970614476,1.3366403356884335,0.22435494546324414,0.011356339364612467,2.0816681711721685e-17,False,81,unstable correction
final,trivial_attractor,True,6301,sparse_node_corruption,0.25,0.7,0.05,0.09270745450195775,0.04999653598373682,0.4607064097237076,0.25000000000000006,0.9999943299956093,-2.999977319982437,0.0,0.923728813559322,4.4662798371582075e-05,0.9690018315018314,-9.056745775720076,0.9999943577063345,0.0,0.07780765842565737,3.4210502488450684e-11,1.0587911840678754e-22,False,81,wrong-attractor convergence
final,identity_scrambled,True,6301,sparse_node_corruption,0.25,0.7,0.05,0.09270745450195775,0.14419008483283252,-0.5553235239544582,0.25000000000000006,0.9197764449194574,-2.6791057796778293,0.30508474576271183,0.6567796610169492,0.38334444840008314,0.5835164835164834,-8.151855871159656,0.9100164643513587,0.555323523954458,0.06885946526319166,0.03575553434307898,1.734723475976807e-17,False,81,unstable correction
final,signal_blind,True,6301,sparse_node_corruption,0.25,0.7,0.05,0.09270745450195775,0.2128172851550409,-1.2955789941416926,0.25000000000000006,0.44049469212720477,-0.7619787685088186,0.788135593220339,0.7966101694915254,0.7874966725464231,0.9061355311355311,-0.6720930202787749,0.16626487564951845,1.2955789941416924,0.1366661972300698,1.285719971328214,1.1102230246251565e-16,False,81,unstable correction
final,parameter_budget_matched,True,6301,sparse_node_corruption,0.25,0.7,0.05,0.09270745450195775,0.029406515353241666,0.6828031196496644,0.25000000000000006,0.9621387962038838,-2.848555184815534,0.0,0.9322033898305084,0.3191978555127006,0.9581043956043954,-8.657241734785655,0.9602696002425618,0.0,0.12057933448050828,0.0016048650713250837,1.734723475976807e-17,False,1,wrong-attractor convergence
final,memory_ablation,True,6301,sparse_node_corruption,0.25,0.7,0.05,0.09270745450195775,0.09270745450195775,0.0,0.25000000000000006,0.25000000000000006,0.0,0.9194915254237288,0.923728813559322,0.9202976790491098,0.9690018315018314,0.0,0.09943518311068508,0.0,0.0,1.0337303191179443,0.0,False,81,no recovery
final,redundancy_ablation,True,6301,sparse_node_corruption,0.25,0.7,0.05,0.09270745450195775,0.06373367802439925,0.3125290909259799,0.25000000000000006,0.22792219356340415,0.0883112257463836,0.923728813559322,0.9533898305084746,0.9378935205176927,0.9765109890109889,0.044822018068339776,0.09497829753666928,0.0,0.0011792278385915462,1.0313118122235456,1.3877787807814457e-17,False,81,trajectory-corridor recovery
final,oracle_upper_bound_non_admissible,False,6301,sparse_node_corruption,0.25,0.7,0.05,0.09270745450195775,0.0,1.0,0.25000000000000006,2.5283707998249938e-11,0.9999999998988651,1.0,1.0,1.0,0.9999999999999998,0.9999999998988658,1.0056306033833028e-11,0.0,0.00892857142857143,0.9999999999970904,5.551115123125783e-17,True,4,exact-state recovery
final,passive_relaxation,True,6301,sparse_node_corruption,0.5,0.7,0.05,0.2807446298428867,0.2807446298428867,0.0,0.5,0.5,0.0,0.8728813559322034,0.8728813559322034,0.8728813559322034,0.9009157509157508,0.0,0.19887036622137022,0.0,0.0,1.1924606382358884,0.0,False,81,passive decay
final,operator_only_filtering,True,6301,sparse_node_corruption,0.5,0.7,0.05,0.2807446298428867,0.029792987527950218,0.8938786913052502,0.5,0.9623007249977289,-0.9246014499954578,0.0,0.9322033898305084,0.3204057244215058,0.9357142857142856,-3.8292537622787925,0.9603954642803134,0.0,0.2259530873368277,0.0016601033607352214,1.9081958235744878e-17,False,3,wrong-attractor convergence
final,topology_altered,True,6301,sparse_node_corruption,0.5,0.7,0.05,0.2807446298428867,0.07795297185746392,0.722334949376988,0.5,1.0107381661293442,-1.0214763322586884,0.0805084745762712,0.4745762711864407,0.1736249004108102,-0.15549450549450547,-4.075534336017166,1.009373372172873,0.0,0.3194335570005755,0.001757513942547834,1.8865117801247777e-17,False,81,wrong-attractor convergence
final,trivial_attractor,True,6301,sparse_node_corruption,0.5,0.7,0.05,0.2807446298428867,0.04999652068130315,0.821914596516832,0.5,0.9999944127512065,-0.999988825502413,0.0,0.8728813559322034,4.9778686375207596e-05,0.9009157509157508,-4.028373443320249,0.9999944681709104,0.0,0.08975510179973088,3.946355918684615e-11,0.0,False,81,wrong-attractor convergence
final,identity_scrambled,True,6301,sparse_node_corruption,0.5,0.7,0.05,0.2807446298428867,0.05708534937498357,0.7966645010915069,0.5,0.9970403449672608,-0.9940806899345216,0.05084745762711862,0.559322033898305,0.1578407774518967,0.09487179487179485,-4.020700122823227,0.9984684721135335,0.0,0.09603464205936174,0.0005747415080404565,1.8648277366750676e-17,False,81,wrong-attractor convergence
final,signal_blind,True,6301,sparse_node_corruption,0.5,0.7,0.05,0.2807446298428867,2.4181108970664074,-7.613204457088481,0.5,3.0238513121753035,-5.047702624350607,0.6059322033898304,0.6059322033898306,0.6055230579802797,0.3220238095238095,-2.2649678342704704,0.6493053489023625,7.6132044570884805,9.839398204911394,10.369420326211033,8.326672684688674e-17,False,81,unstable correction
final,parameter_budget_matched,True,6301,sparse_node_corruption,0.5,0.7,0.05,0.2807446298428867,0.029792987527950218,0.8938786913052502,0.5,0.9623007249977289,-0.9246014499954578,0.0,0.9322033898305084,0.3204057244215058,0.9357142857142856,-3.8292537622787925,0.9603954642803134,0.0,0.2259530873368277,0.0016601033607352214,1.9081958235744878e-17,False,3,wrong-attractor convergence
final,memory_ablation,True,6301,sparse_node_corruption,0.5,0.7,0.05,0.2807446298428867,0.2807446298428867,0.0,0.5,0.5,0.0,0.8728813559322034,0.8728813559322034,0.8728813559322034,0.9009157509157508,0.0,0.19887036622137022,0.0,0.0,1.1924606382358884,0.0,False,81,no recovery
final,redundancy_ablation,True,6301,sparse_node_corruption,0.5,0.7,0.05,0.2807446298428867,0.13954276234160387,0.5029548297337111,0.5,0.38720151266659725,0.2255969746668055,0.8686440677966102,0.9322033898305084,0.9055552050593039,0.9425366300366299,0.12089095804195713,0.1748287371227139,0.0,0.015537217596451275,1.1561514683381582,2.7755575615628914e-17,False,81,trajectory-corridor recovery
final,oracle_upper_bound_non_admissible,False,6301,sparse_node_corruption,0.5,0.7,0.05,0.2807446298428867,0.0,1.0,0.5,5.05674357447483e-11,0.9999999998988651,1.0,1.0,1.0,0.9999999999999998,0.9999999998988652,2.011271907930697e-11,0.0,0.03571428571428571,0.9999999999941809,5.551115123125783e-17,True,6,exact-state recovery
final,passive_relaxation,True,6301,sparse_node_corruption,0.8,0.7,0.05,0.5480959608666517,0.5480959608666517,0.0,0.8000000000000002,0.8000000000000002,0.0,0.8601694915254238,0.8601694915254238,0.8601694915254238,0.8177197802197802,0.0,0.3181925859541925,0.0,0.0,1.547937021177422,0.0,False,81,passive decay
final,operator_only_filtering,True,6301,sparse_node_corruption,0.8,0.7,0.05,0.5480959608666517,0.030396822140043966,0.9445410579344894,0.8000000000000002,0.962664708648803,-0.2033308858110036,0.0,0.9279661016949152,0.3173860830519515,0.9173992673992674,-2.0195725708198924,0.9608056047855306,0.0,0.4467081393760306,0.001722139540021436,1.474514954580286e-17,False,81,wrong-attractor convergence
final,topology_altered,True,6301,sparse_node_corruption,0.8,0.7,0.05,0.5480959608666517,0.09800093414862969,0.8211974888600343,0.8000000000000002,0.9877817781526324,-0.2347272226907902,0.211864406779661,0.5466101694915254,0.28232549615050967,0.13415750915750915,-2.0992166185652628,0.9861477502934892,0.0,0.32805191161553726,0.006722902921851245,3.122502256758253e-17,False,81,wrong-attractor convergence
final,trivial_attractor,True,6301,sparse_node_corruption,0.8,0.7,0.05,0.5480959608666517,0.04999650242352258,0.9087814798991258,0.8000000000000002,0.9999945120606444,-0.24999314007580523,0.0,0.8601694915254238,5.75326021940047e-05,0.8177197802197802,-2.142733818671621,0.9999946007288174,0.0,0.11651138868691781,5.122777414533115e-11,0.0,False,81,wrong-attractor convergence
final,identity_scrambled,True,6301,sparse_node_corruption,0.8,0.7,0.05,0.5480959608666517,0.324305264353385,0.40830568457283983,0.8000000000000002,1.0010731646479358,-0.25134145580991957,0.15254237288135597,0.5550847457627118,0.2431640058441574,0.19377289377289378,-1.9419706411487299,0.936113246108428,0.0,0.15915919227325728,0.16043049079023602,4.4885969940899884e-17,False,81,wrong-attractor convergence
final,signal_blind,True,6301,sparse_node_corruption,0.8,0.7,0.05,0.5480959608666517,19.968138274497985,-35.43182891354331,0.8000000000000002,23.101662786395586,-27.877078482994477,0.5423728813559322,0.5423728813559322,0.5423728813559322,0.29670329670329665,-30.41623946350939,9.996414475850203,35.43182891354331,385.6363083331408,543.9954823325003,2.7755575615628914e-17,False,81,unstable correction
final,parameter_budget_matched,True,6301,sparse_node_corruption,0.8,0.7,0.05,0.5480959608666517,0.030396822140043966,0.9445410579344894,0.8000000000000002,0.962664708648803,-0.2033308858110036,0.0,0.9279661016949152,0.3173860830519515,0.9173992673992674,-2.0195725708198924,0.9608056047855306,0.0,0.4467081393760306,0.001722139540021436,1.474514954580286e-17,False,81,wrong-attractor convergence
final,memory_ablation,True,6301,sparse_node_corruption,0.8,0.7,0.05,0.5480959608666517,0.5480959608666517,0.0,0.8000000000000002,0.8000000000000002,0.0,0.8601694915254238,0.8601694915254238,0.8601694915254238,0.8177197802197802,0.0,0.3181925859541925,0.0,0.0,1.547937021177422,0.0,False,81,no recovery
final,redundancy_ablation,True,6301,sparse_node_corruption,0.8,0.7,0.05,0.5480959608666517,0.21233191508667515,0.6126008395483612,0.8000000000000002,0.5604869652423717,0.29939129344703547,0.7838983050847458,0.885593220338983,0.834623098648925,0.9086538461538461,0.15443855564779924,0.2690513825615888,0.0,0.05842317096440551,1.3858435471976753,5.551115123125783e-17,False,81,trajectory-corridor recovery
final,oracle_upper_bound_non_admissible,False,6301,sparse_node_corruption,0.8,0.7,0.05,0.5480959608666517,0.0,1.0,0.8000000000000002,8.090790004407588e-11,0.9999999998988651,1.0,1.0,1.0,0.9999999999999998,0.9999999998988651,3.218035252749993e-11,0.0,0.09142857142857146,0.9999999999906892,5.551115123125783e-17,True,8,exact-state recovery
final,passive_relaxation,True,6301,sparse_node_corruption,1.1,0.7,0.05,0.8264483526610815,0.8264483526610815,0.0,1.1000000000000003,1.1000000000000003,0.0,0.8601694915254238,0.8601694915254238,0.8601694915254238,0.7393772893772893,0.0,0.43751480568701456,0.0,0.0,2.083413404118955,0.0,False,81,passive decay
final,operator_only_filtering,True,6301,sparse_node_corruption,1.1,0.7,0.05,0.8264483526610815,0.03173403512582345,0.9616019137510009,1.1000000000000003,0.9641025452913645,0.12354314064421432,0.0,0.8771186440677966,0.3071742617485303,0.865613553113553,-1.1999860103603606,0.9625264518369635,0.0,0.7703548004450511,0.0017478208788130627,5.811323644522304e-17,False,81,wrong-attractor convergence
final,topology_altered,True,6301,sparse_node_corruption,1.1,0.7,0.05,0.8264483526610815,0.06030382835645967,0.9270325505976419,1.1000000000000003,1.0054992827148532,0.08590974298649733,0.016949152542372836,0.4745762711864407,0.11856461895141605,-0.16510989010989008,-1.2991365913770911,1.005906299024253,0.0,0.5272738549191676,0.0004646225515537393,8.023096076392733e-18,False,81,wrong-attractor convergence
final,trivial_attractor,True,6301,sparse_node_corruption,1.1,0.7,0.05,0.8264483526610815,0.049996484280440144,0.9395044056661781,1.1000000000000003,0.9999946113730509,0.09091398966086307,0.0,0.8601694915254238,6.539516754680005e-05,0.7393772893772893,-1.2856248983778287,0.999994733287178,0.0,0.15681606267043055,6.894894938062748e-11,4.235164736271502e-22,False,81,wrong-attractor convergence
final,identity_scrambled,True,6301,sparse_node_corruption,1.1,0.7,0.05,0.8264483526610815,0.21786529573538713,0.7363836529725268,1.1000000000000003,0.9019799442157886,0.18001823253110147,0.4152542372881356,0.614406779661017,0.4616506009271433,0.5079670329670329,-0.9868245853190316,0.8692651723800394,0.0,0.19405209216384295,0.11404465549079783,3.8163916471489756e-17,False,81,wrong-attractor convergence
final,signal_blind,True,6301,sparse_node_corruption,1.1,0.7,0.05,0.8264483526610815,13.100809092479551,-14.85193926552851,1.1000000000000003,13.902988646259365,-11.639080587508511,0.5423728813559322,0.5423728813559322,0.5415771398219905,0.17206959706959704,-5.811558046441879,2.980157495114839,14.85193926552851,141.7558680392975,197.5626069697357,2.220446049250313e-16,False,81,unstable correction
final,parameter_budget_matched,True,6301,sparse_node_corruption,1.1,0.7,0.05,0.8264483526610815,0.03173403512582345,0.9616019137510009,1.1000000000000003,0.9641025452913645,0.12354314064421432,0.0,0.8771186440677966,0.3071742617485303,0.865613553113553,-1.1999860103603606,0.9625264518369635,0.0,0.7703548004450511,0.0017478208788130627,5.811323644522304e-17,False,81,wrong-attractor convergence
final,memory_ablation,True,6301,sparse_node_corruption,1.1,0.7,0.05,0.8264483526610815,0.8264483526610815,0.0,1.1000000000000003,1.1000000000000003,0.0,0.8601694915254238,0.8601694915254238,0.8601694915254238,0.7393772893772893,0.0,0.43751480568701456,0.0,0.0,2.083413404118955,0.0,False,81,no recovery
final,redundancy_ablation,True,6301,sparse_node_corruption,1.1,0.7,0.05,0.8264483526610815,0.2986530459974101,0.6386307201947018,1.1000000000000003,0.7269666956931892,0.33912118573346456,0.75,0.847457627118644,0.8048670556857401,0.8594322344322343,0.17404901657846145,0.36136578401867303,0.0,0.14391335650391,1.688376107143005,8.326672684688674e-17,False,81,trajectory-corridor recovery
final,oracle_upper_bound_non_admissible,False,6301,sparse_node_corruption,1.1,0.7,0.05,0.8264483526610815,0.0,1.0,1.1000000000000003,1.1124835611492279e-10,0.9999999998988651,1.0,1.0,1.0,0.9999999999999998,0.999999999898865,4.4248076614226916e-11,0.0,0.17285714285714288,0.9999999999871977,5.551115123125783e-17,True,9,exact-state recovery
final,passive_relaxation,True,6301,relational_twist,0.25,0.7,0.05,0.10025804030953596,0.10025804030953596,0.0,0.25,0.25,0.0,0.864406779661017,0.885593220338983,0.8671748263606303,0.9674908424908424,0.0,1.2715245759728216e-16,0.0,0.0,1.0625,0.0,False,81,passive decay
final,operator_only_filtering,True,6301,relational_twist,0.25,0.7,0.05,0.10025804030953596,0.029273918232198184,0.7080142585889561,0.25,0.9617622128092593,-2.8470488512370373,0.0,0.9533898305084746,0.3156646450896649,0.9718406593406591,0.0,0.9599355376011677,0.0,0.12031081684212765,0.0015875016114537935,1.3877787807814457e-17,False,1,wrong-attractor convergence
final,topology_altered,True,6301,relational_twist,0.25,0.7,0.05,0.10025804030953596,0.19002952524574898,-0.895404345218131,0.25,0.992629216625092,-2.970516866500368,0.0805084745762712,0.5296610169491526,0.18228648307279374,0.22408424908424907,0.0,0.9844079644067647,1.6340824010563875,0.14981712972586864,0.03511420220947911,1.2468324983583301e-17,False,81,unstable correction
final,trivial_attractor,True,6301,relational_twist,0.25,0.7,0.05,0.10025804030953596,0.04999655140719243,0.5013212780457963,0.25,0.9999942472431078,-2.9999769889724313,0.0,0.885593220338983,4.4788232944387086e-05,0.9674908424908424,0.0,0.9999942472420735,0.0,0.07997311827692322,3.5162612745067065e-11,2.117582368135751e-22,False,81,wrong-attractor convergence
final,identity_scrambled,True,6301,relational_twist,0.25,0.7,0.05,0.10025804030953596,0.11019898646264589,-0.09915360526116736,0.25,0.9987016978511688,-2.994806791404675,0.14406779661016944,0.4915254237288136,0.21607331007998798,0.09116300366300366,0.0,0.9894940240604783,0.3539606368523187,0.07850716770750743,0.010178065046513229,1.214306433183765e-17,False,81,wrong-attractor convergence
final,signal_blind,True,6301,relational_twist,0.25,0.7,0.05,0.10025804030953596,0.4164223045803983,-3.153505327799537,0.25,0.625835413772486,-1.5033416550899439,0.6822033898305084,0.7076271186440678,0.6918557911524895,0.789194139194139,0.0,0.19816458781839758,3.153505327799537,0.2551316066687776,1.0788359049796499,6.938893903907228e-17,False,81,unstable correction
final,parameter_budget_matched,True,6301,relational_twist,0.25,0.7,0.05,0.10025804030953596,0.029273918232198184,0.7080142585889561,0.25,0.9617622128092593,-2.8470488512370373,0.0,0.9533898305084746,0.3156646450896649,0.9718406593406591,0.0,0.9599355376011677,0.0,0.12031081684212765,0.0015875016114537935,1.3877787807814457e-17,False,1,wrong-attractor convergence
final,memory_ablation,True,6301,relational_twist,0.25,0.7,0.05,0.10025804030953596,0.10025804030953596,0.0,0.25,0.25,0.0,0.864406779661017,0.885593220338983,0.8671748263606303,0.9674908424908424,0.0,1.2715245759728216e-16,0.0,0.0,1.0625,0.0,False,81,no recovery
final,redundancy_ablation,True,6301,relational_twist,0.25,0.7,0.05,0.10025804030953596,0.08381837082348181,0.16397357693506104,0.25,0.23507425679800661,0.05970297280797354,0.864406779661017,0.9279661016949152,0.8947774293548084,0.9742673992673992,0.0,0.007334830769574145,0.0,0.0009755447209686121,1.060672208621196,0.0,False,81,trajectory-corridor recovery
final,oracle_upper_bound_non_admissible,False,6301,relational_twist,0.25,0.7,0.05,0.10025804030953596,0.0,1.0,0.25,2.5283721034326817e-11,0.9999999998988651,1.0,1.0,1.0,0.9999999999999998,0.0,2.785770770730023e-16,0.0,0.008928571428571426,0.9999999999999999,1.3877787807814457e-17,False,5,identity-preserving adaptation
final,passive_relaxation,True,6301,relational_twist,0.5,0.7,0.05,0.2805588248829876,0.2805588248829876,0.0,0.5,0.5,0.0,0.7203389830508475,0.7457627118644068,0.7226963232735755,0.884981684981685,0.0,1.13728615477473e-16,0.0,0.0,1.2499999999999998,0.0,False,81,passive decay
final,operator_only_filtering,True,6301,relational_twist,0.5,0.7,0.05,0.2805588248829876,0.029673373286302793,0.8942347534472364,0.5,0.9621638555906806,-0.9243277111813613,0.0,0.940677966101695,0.31078633420836416,0.9684981684981685,0.0,0.9602473571871284,0.0,0.22110165590496123,0.0015573765578265097,9.107298248878237e-18,False,2,wrong-attractor convergence
final,topology_altered,True,6301,relational_twist,0.5,0.7,0.05,0.2805588248829876,0.14035326208457266,0.4997367766167767,0.5,0.9988529194884114,-0.9977058389768227,0.18644067796610164,0.5169491525423728,0.24499479805317856,0.17184065934065934,0.0,0.995381737705839,0.030417912967749317,0.21149749055513364,0.014233065546681604,8.673617379884035e-19,False,81,wrong-attractor convergence
final,trivial_attractor,True,6301,relational_twist,0.5,0.7,0.05,0.2805588248829876,0.049996551531304334,0.8217965464028574,0.5,0.9999942472462104,-0.9999884944924209,0.0,0.7457627118644068,5.066469690105513e-05,0.884981684981685,0.0,0.9999942472420735,0.0,0.0940860215022626,4.1367779700078876e-11,4.235164736271502e-22,False,81,wrong-attractor convergence
final,identity_scrambled,True,6301,relational_twist,0.5,0.7,0.05,0.2805588248829876,0.16846602007869607,0.39953405440389184,0.5,0.9233777310651446,-0.8467554621302893,0.4152542372881356,0.6313559322033898,0.4695177409265199,0.3935897435897435,0.0,0.902722266304326,0.0,0.09825433951593801,0.053194947720741965,0.0,False,81,wrong-attractor convergence
final,signal_blind,True,6301,relational_twist,0.5,0.7,0.05,0.2805588248829876,2.8780716513662794,-9.258353671700164,0.5,3.242534976986014,-5.485069953972028,0.5296610169491525,0.5296610169491526,0.5283257420665138,0.23548534798534798,0.0,0.6433558298986528,9.258353671700164,12.5418395121722,11.108256064508955,2.220446049250313e-16,False,81,unstable correction
final,parameter_budget_matched,True,6301,relational_twist,0.5,0.7,0.05,0.2805588248829876,0.029673373286302793,0.8942347534472364,0.5,0.9621638555906806,-0.9243277111813613,0.0,0.940677966101695,0.31078633420836416,0.9684981684981685,0.0,0.9602473571871284,0.0,0.22110165590496123,0.0015573765578265097,9.107298248878237e-18,False,2,wrong-attractor convergence
final,memory_ablation,True,6301,relational_twist,0.5,0.7,0.05,0.2805588248829876,0.2805588248829876,0.0,0.5,0.5,0.0,0.7203389830508475,0.7457627118644068,0.7226963232735755,0.884981684981685,0.0,1.13728615477473e-16,0.0,0.0,1.2499999999999998,0.0,False,81,no recovery
final,redundancy_ablation,True,6301,relational_twist,0.5,0.7,0.05,0.2805588248829876,0.17691494863407475,0.36941941246061144,0.5,0.40046755048627447,0.19906489902745106,0.7203389830508475,0.8347457627118644,0.7846770682658059,0.9328296703296702,0.0,0.06044966687269463,0.0,0.009407668371617673,1.2237255028723224,2.7755575615628914e-17,False,81,trajectory-corridor recovery
final,oracle_upper_bound_non_admissible,False,6301,relational_twist,0.5,0.7,0.05,0.2805588248829876,0.0,1.0,0.5,5.056745923153084e-11,0.9999999998988651,1.0,1.0,1.0,0.9999999999999998,0.0,2.667172451892191e-16,0.0,0.035714285714285705,0.9999999999999999,6.938893903907228e-17,False,7,identity-preserving adaptation
final,passive_relaxation,True,6301,relational_twist,0.8,0.7,0.05,0.5507185916956095,0.5507185916956095,0.0,0.8,0.8,0.0,0.6567796610169492,0.6652542372881356,0.6619824057164609,0.7657509157509157,0.0,1.3928853853650114e-16,0.0,0.0,1.64,0.0,False,81,passive decay
final,operator_only_filtering,True,6301,relational_twist,0.8,0.7,0.05,0.5507185916956095,0.029595978363170208,0.9462593440471166,0.8,0.9620548419561312,-0.20256855244516397,0.0,0.940677966101695,0.3119292838015657,0.9684523809523808,0.0,0.9601662155102627,0.0,0.43135531122236054,0.001565546003041386,3.469446951953614e-18,False,2,wrong-attractor convergence
final,topology_altered,True,6301,relational_twist,0.8,0.7,0.05,0.5507185916956095,0.09340231994919776,0.8303991887006738,0.8,0.9984673988320519,-0.24808424854006486,0.0847457627118644,0.5042372881355932,0.1742955238774447,-0.009935897435897435,0.0,0.9986412281372318,0.0,0.3605472492815547,0.0051337197335245425,5.637851296924623e-18,False,81,wrong-attractor convergence
final,trivial_attractor,True,6301,relational_twist,0.8,0.7,0.05,0.5507185916956095,0.04999655178945708,0.9092157908896402,0.8,0.9999942472526637,-0.2499928090658296,0.0,0.6652542372881356,6.145762188249452e-05,0.7657509157509157,0.0,0.9999942472420735,0.0,0.12344086021096853,5.427452696650349e-11,4.235164736271502e-22,False,81,wrong-attractor convergence
final,identity_scrambled,True,6301,relational_twist,0.8,0.7,0.05,0.5507185916956095,0.1103385861895591,0.7996461571238458,0.8,0.9554331753958389,-0.19429146924479862,0.3347457627118644,0.6652542372881356,0.4026678797397265,0.5647435897435896,0.0,0.9479626089450248,0.0,0.19682877531215257,0.014637891532733188,2.7755575615628914e-17,False,81,wrong-attractor convergence
final,signal_blind,True,6301,relational_twist,0.8,0.7,0.05,0.5507185916956095,22.91613250343793,-40.611328996323444,0.8,21.618886187943016,-26.023607734928767,0.5042372881355932,0.5084745762711864,0.5049122995453397,-0.08118131868131867,0.0,3.9834291689350243,40.611328996323444,464.7303887145284,463.26989122975976,6.938893903907228e-16,False,81,unstable correction
final,parameter_budget_matched,True,6301,relational_twist,0.8,0.7,0.05,0.5507185916956095,0.029595978363170208,0.9462593440471166,0.8,0.9620548419561312,-0.20256855244516397,0.0,0.940677966101695,0.3119292838015657,0.9684523809523808,0.0,0.9601662155102627,0.0,0.43135531122236054,0.001565546003041386,3.469446951953614e-18,False,2,wrong-attractor convergence
final,memory_ablation,True,6301,relational_twist,0.8,0.7,0.05,0.5507185916956095,0.5507185916956095,0.0,0.8,0.8,0.0,0.6567796610169492,0.6652542372881356,0.6619824057164609,0.7657509157509157,0.0,1.3928853853650114e-16,0.0,0.0,1.64,0.0,False,81,no recovery
final,redundancy_ablation,True,6301,relational_twist,0.8,0.7,0.05,0.5507185916956095,0.2591699662424198,0.5293967370078058,0.8,0.5375355315325351,0.3280805855843312,0.6864406779661016,0.809322033898305,0.7574404660478136,0.9039835164835164,0.0,0.17126411886175774,0.0,0.041329913873795435,1.4960054714038926,5.551115123125783e-17,False,81,trajectory-corridor recovery
final,oracle_upper_bound_non_admissible,False,6301,relational_twist,0.8,0.7,0.05,0.5507185916956095,0.0,1.0,0.8,8.090794397632988e-11,0.9999999998988651,1.0,1.0,1.0,0.9999999999999998,0.0,0.0,0.0,0.09142857142857143,1.0000000000000002,2.7755575615628914e-17,False,9,identity-preserving adaptation
final,passive_relaxation,True,6301,relational_twist,1.1,0.7,0.05,0.8390780807104826,0.8390780807104826,0.0,1.1000000000000003,1.1000000000000003,0.0,0.6483050847457628,0.6483050847457628,0.6475737500221058,0.6522435897435896,0.0,1.2715245759728216e-16,0.0,0.0,2.21,0.0,False,81,passive decay
final,operator_only_filtering,True,6301,relational_twist,1.1,0.7,0.05,0.8390780807104826,0.02951320632415496,0.9648266269818836,1.1000000000000003,0.9620286680929814,0.12542848355183536,0.0,0.9449152542372882,0.31278908394137706,0.9689102564102563,0.0,0.9601120662148522,0.0,0.7381740618756681,0.0015696401342621938,1.8648277366750676e-17,False,3,wrong-attractor convergence
final,topology_altered,True,6301,relational_twist,1.1,0.7,0.05,0.8390780807104826,0.29927397281113693,0.6433300074318123,1.1000000000000003,1.008116906446243,0.08353008504887029,0.1694915254237288,0.5169491525423728,0.23458656618110232,0.07692307692307691,0.0,0.9455583625376706,0.0,0.46452163302502014,0.10003643639208386,1.734723475976807e-17,False,81,wrong-attractor convergence
final,trivial_attractor,True,6301,relational_twist,1.1,0.7,0.05,0.8390780807104826,0.049996552166757253,0.9404148990229574,1.1000000000000003,0.9999942472620956,0.09091432067082242,0.0,0.6483050847457628,7.313083132193635e-05,0.6522435897435896,0.0,0.9999942472420735,0.0,0.16634408601600031,7.313823450973946e-11,3.1763735522036263e-22,False,81,wrong-attractor convergence
final,identity_scrambled,True,6301,relational_twist,1.1,0.7,0.05,0.8390780807104826,0.42095789900015573,0.4983090266835322,1.1000000000000003,0.9455116566051297,0.14044394854079142,0.4110169491525424,0.597457627118644,0.44768032362228555,0.5402930402930401,0.0,0.7761011411841927,0.0,0.297020962578501,0.3443525548586035,6.938893903907228e-18,False,81,wrong-attractor convergence
final,signal_blind,True,6301,relational_twist,1.1,0.7,0.05,0.8390780807104826,35.12935587513443,-40.86661132345267,1.1000000000000003,32.19641594966488,-28.269469045149883,0.47881355932203384,0.4788135593220339,0.4788135593220339,-0.14656593406593404,0.0,5.8778033939187395,40.86661132345267,931.8477006939504,1028.8695954596926,1.3877787807814457e-16,False,81,unstable correction
final,parameter_budget_matched,True,6301,relational_twist,1.1,0.7,0.05,0.8390780807104826,0.02951320632415496,0.9648266269818836,1.1000000000000003,0.9620286680929814,0.12542848355183536,0.0,0.9449152542372882,0.31278908394137706,0.9689102564102563,0.0,0.9601120662148522,0.0,0.7381740618756681,0.0015696401342621938,1.8648277366750676e-17,False,3,wrong-attractor convergence
final,memory_ablation,True,6301,relational_twist,1.1,0.7,0.05,0.8390780807104826,0.8390780807104826,0.0,1.1000000000000003,1.1000000000000003,0.0,0.6483050847457628,0.6483050847457628,0.6475737500221058,0.6522435897435896,0.0,1.2715245759728216e-16,0.0,0.0,2.21,0.0,False,81,no recovery
final,redundancy_ablation,True,6301,relational_twist,1.1,0.7,0.05,0.8390780807104826,0.34827885629389777,0.5849267615249877,1.1000000000000003,0.6847091692650361,0.3775371188499673,0.6822033898305084,0.8008474576271186,0.7503877102067901,0.8791666666666667,0.0,0.28485296946698274,0.0,0.09786047067959901,1.82621593142242,8.326672684688674e-17,False,81,trajectory-corridor recovery
final,oracle_upper_bound_non_admissible,False,6301,relational_twist,1.1,0.7,0.05,0.8390780807104826,0.0,1.0,1.1000000000000003,1.1124836688001854e-10,0.9999999998988651,1.0,1.0,1.0,0.9999999999999998,0.0,1.60836550438157e-16,0.0,0.17285714285714288,1.0,2.7755575615628914e-17,False,10,identity-preserving adaptation
final,passive_relaxation,True,6302,localized_block_shock,0.25,0.7,0.05,0.21117615239847104,0.21117615239847104,0.0,0.25,0.25,0.0,0.9551569506726457,0.9551569506726457,0.9551569506726457,0.9833333333333332,0.0,0.07739616763431459,0.0,0.0,1.1104807634481113,0.0,False,81,passive decay
final,operator_only_filtering,True,6302,localized_block_shock,0.25,0.7,0.05,0.21117615239847104,0.038007619301991126,0.8200193588607768,0.25,0.9670018327202162,-2.868007330880865,0.0,0.8071748878923767,0.27710684489320064,0.8051282051282049,-11.288199900179771,0.9510595793982813,0.0,0.14838524288586563,0.0016389833272835233,5.551115123125783e-17,False,81,wrong-attractor convergence
final,topology_altered,True,6302,localized_block_shock,0.25,0.7,0.05,0.21117615239847104,0.23415587966896442,-0.10881781398844996,0.25,0.9667421535803751,-2.8669686143215003,0.12556053811659196,0.484304932735426,0.2069009220145766,0.12751831501831498,-11.052085814368478,0.9327852540320075,0.6043250382356891,0.20396627861537114,0.06843126904837746,4.5102810375396984e-17,False,81,unstable correction
final,trivial_attractor,True,6302,localized_block_shock,0.25,0.7,0.05,0.21117615239847104,0.04999616996662089,0.7632489776957274,0.25,0.9999941092322395,-2.999976436928958,0.0,0.9551569506726457,5.050325989540157e-05,0.9833333333333332,-11.92045772564326,0.9999939120459608,0.0,0.08358457359010242,3.675049886679751e-11,5.293955920339377e-22,False,81,wrong-attractor convergence
final,identity_scrambled,True,6302,localized_block_shock,0.25,0.7,0.05,0.21117615239847104,0.09217001133509656,0.5635396786604021,0.25,0.9429098499838896,-2.7716393999355584,0.2959641255605381,0.6053811659192825,0.38111918309244686,0.4711538461538461,-10.631587476254069,0.900240294165354,0.0,0.08065805443247441,0.015105598082161529,4.336808689942018e-17,False,81,wrong-attractor convergence
final,signal_blind,True,6302,localized_block_shock,0.25,0.7,0.05,0.21117615239847104,0.3673838952008059,-0.7397035177891887,0.25,0.5578109696603528,-1.2312438786414113,0.757847533632287,0.7757847533632287,0.7596276799659074,0.8697802197802197,-1.5362442833934797,0.19629558771909383,0.7397035177891886,0.3803661613594369,1.3128913923117316,3.469446951953614e-17,False,81,unstable correction
final,parameter_budget_matched,True,6302,localized_block_shock,0.25,0.7,0.05,0.21117615239847104,0.038007619301991126,0.8200193588607768,0.25,0.9670018327202162,-2.868007330880865,0.0,0.8071748878923767,0.27710684489320064,0.8051282051282049,-11.288199900179771,0.9510595793982813,0.0,0.14838524288586563,0.0016389833272835233,5.551115123125783e-17,False,81,wrong-attractor convergence
final,memory_ablation,True,6302,localized_block_shock,0.25,0.7,0.05,0.21117615239847104,0.21117615239847104,0.0,0.25,0.25,0.0,0.9551569506726457,0.9551569506726457,0.9551569506726457,0.9833333333333332,0.0,0.07739616763431459,0.0,0.0,1.1104807634481113,0.0,False,81,no recovery
final,redundancy_ablation,True,6302,localized_block_shock,0.25,0.7,0.05,0.21117615239847104,0.06076869428636355,0.7122369472302047,0.25,0.1654876682822987,0.33804932687080524,0.9730941704035875,0.9820627802690582,0.9786995483638935,0.9923992673992673,0.04535103026515604,0.0738861716935237,0.0,0.012865714927380817,1.0838144974684523,1.3877787807814457e-17,False,81,identity-preserving adaptation
final,oracle_upper_bound_non_admissible,False,6302,localized_block_shock,0.25,0.7,0.05,0.21117615239847104,0.0,1.0,0.25,2.5283729360726514e-11,0.9999999998988651,1.0,1.0,1.0,0.9999999999999998,0.9999999998988645,7.827495599484253e-12,0.0,0.008928571428571426,1.0000000000048526,3.469446951953614e-17,True,7,exact-state recovery
final,passive_relaxation,True,6302,localized_block_shock,0.5,0.7,0.05,0.49863748555108806,0.49863748555108806,0.0,0.5,0.5,0.0,0.9551569506726457,0.9551569506726457,0.9551569506726457,0.9544871794871793,0.0,0.15479233526862934,0.0,0.0,1.3459615268962224,0.0,False,81,passive decay
final,operator_only_filtering,True,6302,localized_block_shock,0.5,0.7,0.05,0.49863748555108806,0.038123505686585804,0.9235446455766314,0.5,0.9674197667389535,-0.9348395334779069,0.0,0.7982062780269058,0.2724377866487045,0.7991758241758241,-5.145524165359352,0.9512800370057684,0.0,0.26212709609445206,0.001616143491421919,2.47198095326695e-17,False,81,wrong-attractor convergence
final,topology_altered,True,6302,localized_block_shock,0.5,0.7,0.05,0.49863748555108806,0.06352860245256113,0.8725956144625787,0.5,1.0049524429817174,-1.0099048859634348,0.08071748878923768,0.43946188340807174,0.14508293596394445,-0.20581501831501828,-5.501839004530275,1.0064348430519017,0.0,0.2862114335762755,0.0005593657435594339,2.47198095326695e-17,False,81,wrong-attractor convergence
final,trivial_attractor,True,6302,localized_block_shock,0.5,0.7,0.05,0.49863748555108806,0.049996274109329226,0.8997342246460392,0.5,0.9999939712244551,-0.9999879424489102,0.0,0.9551569506726457,5.3428378439811576e-05,0.9544871794871793,-5.460226697365392,0.9999935768499338,0.0,0.10130893212862097,4.454355194353978e-11,2.117582368135751e-22,False,81,wrong-attractor convergence
final,identity_scrambled,True,6302,localized_block_shock,0.5,0.7,0.05,0.49863748555108806,0.22497334070583688,0.548823850543047,0.5,0.935178578197675,-0.87035715639535,0.34977578475336324,0.5739910313901345,0.3904313151930578,0.3661172161172161,-4.649486990913375,0.874497284393223,0.0,0.10022108285955814,0.18057004940056848,1.6479873021779667e-17,False,81,wrong-attractor convergence
final,signal_blind,True,6302,localized_block_shock,0.5,0.7,0.05,0.49863748555108806,8.71251804732728,-16.472649569653413,0.5,9.121469163598466,-17.24293832719693,0.5336322869955157,0.5336322869955157,0.5324689756719762,0.1579212454212454,-25.072758166957442,4.03586312355757,16.472649569653413,82.51418683297783,86.00343114952719,1.6653345369377348e-16,False,81,unstable correction
final,parameter_budget_matched,True,6302,localized_block_shock,0.5,0.7,0.05,0.49863748555108806,0.038123505686585804,0.9235446455766314,0.5,0.9674197667389535,-0.9348395334779069,0.0,0.7982062780269058,0.2724377866487045,0.7991758241758241,-5.145524165359352,0.9512800370057684,0.0,0.26212709609445206,0.001616143491421919,2.47198095326695e-17,False,81,wrong-attractor convergence
final,memory_ablation,True,6302,localized_block_shock,0.5,0.7,0.05,0.49863748555108806,0.49863748555108806,0.0,0.5,0.5,0.0,0.9551569506726457,0.9551569506726457,0.9551569506726457,0.9544871794871793,0.0,0.15479233526862934,0.0,0.0,1.3459615268962224,0.0,False,81,no recovery
final,redundancy_ablation,True,6302,localized_block_shock,0.5,0.7,0.05,0.49863748555108806,0.16235906810680556,0.6743945796065286,0.5,0.3022661078539401,0.3954677842921198,0.9730941704035875,0.9820627802690582,0.978699549259818,0.9915293040293041,0.07206457167735107,0.14363729192855865,0.0,0.06994899689853118,1.219922287225859,1.3877787807814457e-17,False,81,identity-preserving adaptation
final,oracle_upper_bound_non_admissible,False,6302,localized_block_shock,0.5,0.7,0.05,0.49863748555108806,0.0,1.0,0.5,5.056743345762856e-11,0.9999999998988651,1.0,1.0,1.0,0.9999999999999998,0.9999999998988656,1.5654826543288843e-11,0.0,0.035714285714285705,1.0000000000097051,0.0,True,9,exact-state recovery
final,passive_relaxation,True,6302,localized_block_shock,0.8,0.7,0.05,0.8497030115801436,0.8497030115801436,0.0,0.7999999999999999,0.7999999999999999,0.0,0.9551569506726457,0.9551569506726457,0.9551569506726457,0.9240384615384614,0.0,0.24766773642980686,0.0,0.0,1.793538443033956,0.0,False,81,passive decay
final,operator_only_filtering,True,6302,localized_block_shock,0.8,0.7,0.05,0.8497030115801436,0.03806436185348866,0.9552027457420652,0.7999999999999999,0.9682448617003686,-0.21030607712546087,0.0,0.8071748878923767,0.26438881363482364,0.801098901098901,-2.845190263654003,0.9523295687411192,0.0,0.4972481973974488,0.0015468768835149725,8.673617379884035e-18,False,81,wrong-attractor convergence
final,topology_altered,True,6302,localized_block_shock,0.8,0.7,0.05,0.8497030115801436,0.13272378877641683,0.8437997900824219,0.7999999999999999,0.9958395254687713,-0.24479940683596424,0.053811659192825156,0.4663677130044843,0.1373775626263902,0.10105311355311355,-2.967668165969208,0.9826633935701969,0.0,0.29288153383723464,0.0102955146520847,0.0,False,81,wrong-attractor convergence
final,trivial_attractor,True,6302,localized_block_shock,0.8,0.7,0.05,0.8497030115801436,0.04999639919174286,0.9411601482984421,0.7999999999999999,0.9999938056178187,-0.24999225702227348,0.0,0.9551569506726457,5.6938520693103607e-05,0.9240384615384614,-3.0376400617616564,0.999993174614815,0.0,0.13499751721314193,5.935576255604093e-11,4.764560328305439e-22,False,81,wrong-attractor convergence
final,identity_scrambled,True,6302,localized_block_shock,0.8,0.7,0.05,0.8497030115801436,0.061862656404200626,0.9271949662869169,0.7999999999999999,0.9863936606759669,-0.23299207584495873,0.1659192825112108,0.5650224215246636,0.26873751981494814,0.24404761904761899,-2.965121352110996,0.9820326299468255,0.0,0.1535778533125759,0.0037548593466355438,1.0408340855860843e-17,False,81,wrong-attractor convergence
final,signal_blind,True,6302,localized_block_shock,0.8,0.7,0.05,0.8497030115801436,17.545901754519104,-19.64945223848272,0.7999999999999999,21.190183791758706,-25.487729739698384,0.5829596412556054,0.5829596412556054,0.5829596412556054,0.16996336996336994,-21.679607910535754,5.617007154317932,19.64945223848272,338.3789117855037,458.4912477257708,1.3877787807814457e-17,False,81,unstable correction
final,parameter_budget_matched,True,6302,localized_block_shock,0.8,0.7,0.05,0.8497030115801436,0.03806436185348866,0.9552027457420652,0.7999999999999999,0.9682448617003686,-0.21030607712546087,0.0,0.8071748878923767,0.26438881363482364,0.801098901098901,-2.845190263654003,0.9523295687411192,0.0,0.4972481973974488,0.0015468768835149725,8.673617379884035e-18,False,81,wrong-attractor convergence
final,memory_ablation,True,6302,localized_block_shock,0.8,0.7,0.05,0.8497030115801436,0.8497030115801436,0.0,0.7999999999999999,0.7999999999999999,0.0,0.9551569506726457,0.9551569506726457,0.9551569506726457,0.9240384615384614,0.0,0.24766773642980686,0.0,0.0,1.793538443033956,0.0,False,81,no recovery
final,redundancy_ablation,True,6302,localized_block_shock,0.8,0.7,0.05,0.8497030115801436,0.28648869679444716,0.6628366701187975,0.7999999999999999,0.47670539746297574,0.40411825317128025,0.9551569506726457,0.968609865470852,0.9625767047317817,0.9864010989010987,0.06299059235352693,0.23206699900523614,0.0,0.1335383783600303,1.4431750929033789,2.7755575615628914e-17,False,81,trajectory-corridor recovery
final,oracle_upper_bound_non_admissible,False,6302,localized_block_shock,0.8,0.7,0.05,0.8497030115801436,0.0,1.0,0.7999999999999999,8.090792687396428e-11,0.999999999898865,1.0,1.0,1.0,0.9999999999999998,0.9999999998988651,2.5047855998588423e-11,0.0,0.09142857142857143,1.000000000015528,1.3877787807814457e-17,True,11,exact-state recovery
final,passive_relaxation,True,6302,localized_block_shock,1.1,0.7,0.05,1.2019264448546252,1.2019264448546252,0.0,1.1,1.1,0.0,0.9551569506726457,0.9551569506726457,0.9551569506726457,0.90260989010989,0.0,0.34054313759098465,0.0,0.0,2.421115359171689,0.0,False,81,passive decay
final,operator_only_filtering,True,6302,localized_block_shock,1.1,0.7,0.05,1.2019264448546252,0.03801608290878744,0.9683707076489314,1.1,0.9683613489080908,0.11967150099264481,0.0,0.8026905829596412,0.2609570336048837,0.8015109890109888,-1.7978305117518052,0.95278198091975,0.0,0.8397998686078737,0.001530785726171448,5.2475385148298415e-17,False,81,wrong-attractor convergence
final,topology_altered,True,6302,localized_block_shock,1.1,0.7,0.05,1.2019264448546252,0.0718244094310309,0.9402422588016871,1.1,1.0080943844121333,0.08355055962533345,0.08968609865470856,0.5022421524663677,0.19287791724990228,0.05064102564102563,-1.8923748456328848,0.9849784050210625,0.0,0.34455902145272255,0.0620569374537972,5.898059818321144e-17,False,81,wrong-attractor convergence
final,trivial_attractor,True,6302,localized_block_shock,1.1,0.7,0.05,1.2019264448546252,0.04999652439542507,0.9584030082627293,1.1,0.9999936400141334,0.09091487271442428,0.0,0.9551569506726457,6.044866294639564e-05,0.90260989010989,-1.9364643183057728,0.9999927723798198,0.0,0.18223448939398873,8.012493344535345e-11,5.293955920339377e-22,False,81,wrong-attractor convergence
final,identity_scrambled,True,6302,localized_block_shock,1.1,0.7,0.05,1.2019264448546252,0.12654277219203794,0.8947167085525408,1.1,0.9664711659706503,0.12138984911759071,0.2376681614349776,0.5246636771300448,0.31783932657669534,0.31245421245421245,-1.638068796296766,0.8983762250717728,0.0,0.36825357903884953,0.04151945364972457,9.71445146547012e-17,False,81,wrong-attractor convergence
final,signal_blind,True,6302,localized_block_shock,1.1,0.7,0.05,1.2019264448546252,78.03375748102843,-63.92390429970674,1.1,80.17512935127216,-71.88648122842923,0.47982062780269064,0.4798206278026906,0.4798206278026906,0.011263736263736262,-101.4931507291057,34.903339130875366,63.923904299706734,4835.903200012248,6430.261495366541,3.469446951953614e-15,False,81,unstable correction
final,parameter_budget_matched,True,6302,localized_block_shock,1.1,0.7,0.05,1.2019264448546252,0.03801608290878744,0.9683707076489314,1.1,0.9683613489080908,0.11967150099264481,0.0,0.8026905829596412,0.2609570336048837,0.8015109890109888,-1.7978305117518052,0.95278198091975,0.0,0.8397998686078737,0.001530785726171448,5.2475385148298415e-17,False,81,wrong-attractor convergence
final,memory_ablation,True,6302,localized_block_shock,1.1,0.7,0.05,1.2019264448546252,1.2019264448546252,0.0,1.1,1.1,0.0,0.9551569506726457,0.9551569506726457,0.9551569506726457,0.90260989010989,0.0,0.34054313759098465,0.0,0.0,2.421115359171689,0.0,False,81,no recovery
final,redundancy_ablation,True,6302,localized_block_shock,1.1,0.7,0.05,1.2019264448546252,0.41770720794949096,0.6524685768104442,1.1,0.6706931987725195,0.39027891020680044,0.9461883408071748,0.968609865470852,0.9585226931283634,0.9796703296703295,0.03270837987916847,0.3294045232814148,0.0,0.296864747588773,1.7608989271098285,1.3877787807814457e-17,False,81,trajectory-corridor recovery
final,oracle_upper_bound_non_admissible,False,6302,localized_block_shock,1.1,0.7,0.05,1.2019264448546252,0.0,1.0,1.1,1.1124838564272874e-10,0.9999999998988651,1.0,1.0,1.0,0.9999999999999998,0.9999999998988653,3.444073199841851e-11,0.0,0.17285714285714285,1.0000000000213511,4.163336342344337e-17,True,12,exact-state recovery
final,passive_relaxation,True,6302,sparse_node_corruption,0.25,0.7,0.05,0.11873300420725615,0.11873300420725615,0.0,0.24999999999999997,0.24999999999999997,0.0,0.8968609865470852,0.8968609865470852,0.8954410403324079,0.9681318681318679,0.0,0.03487906641316268,0.0,0.0,0.9993470133350282,0.0,False,81,passive decay
final,operator_only_filtering,True,6302,sparse_node_corruption,0.25,0.7,0.05,0.11873300420725615,0.0381299306972538,0.6788598843949443,0.24999999999999997,0.9673801350410483,-2.8695205401641934,0.0,0.8071748878923767,0.2760358293242174,0.8081043956043954,-26.275799942847627,0.9513544376787211,0.0,0.14085245209168373,0.0016167739383686028,4.7271214720367993e-17,False,81,wrong-attractor convergence
final,topology_altered,True,6302,sparse_node_corruption,0.25,0.7,0.05,0.11873300420725615,0.09023082784878945,0.24005268416113093,0.24999999999999997,0.9992611270289153,-2.997044508115662,0.11659192825112108,0.48878923766816146,0.20727519690762028,-0.05897435897435897,-27.797661083991578,1.0044355334922925,1.6573509238367192,0.22555898739072877,0.0037638656409575174,3.252606517456513e-17,False,81,unstable correction
final,trivial_attractor,True,6302,sparse_node_corruption,0.25,0.7,0.05,0.11873300420725615,0.049996245983654396,0.5789187149987151,0.24999999999999997,0.9999944288950136,-2.9999777155800547,0.0,0.8968609865470852,4.893535325698399e-05,0.9681318681318679,-27.670328512793212,0.999994292284906,0.0,0.07521966766788912,3.3072613673260186e-11,5.293955920339377e-22,False,81,wrong-attractor convergence
final,identity_scrambled,True,6302,sparse_node_corruption,0.25,0.7,0.05,0.11873300420725615,0.17745185379487963,-0.49454530338612446,0.24999999999999997,0.9835512208053123,-2.9342048832212497,0.17488789237668156,0.5695067264573991,0.2649056874877412,0.2450091575091575,-25.602999970080027,0.927887802745786,0.5033405531651418,0.07431526304425534,0.041087180412729275,3.469446951953614e-17,False,81,unstable correction
final,signal_blind,True,6302,sparse_node_corruption,0.25,0.7,0.05,0.11873300420725615,0.3806050285402741,-2.2055537639383185,0.24999999999999997,0.5776103514268645,-1.310441405707458,0.7219730941704036,0.7488789237668162,0.7294694233424205,0.8633699633699633,0.2632960965586325,0.02569554437496764,2.205553763938318,0.31425359663355407,1.2788721393811089,6.938893903907228e-17,False,81,unstable correction
final,parameter_budget_matched,True,6302,sparse_node_corruption,0.25,0.7,0.05,0.11873300420725615,0.0381299306972538,0.6788598843949443,0.24999999999999997,0.9673801350410483,-2.8695205401641934,0.0,0.8071748878923767,0.2760358293242174,0.8081043956043954,-26.275799942847627,0.9513544376787211,0.0,0.14085245209168373,0.0016167739383686028,4.7271214720367993e-17,False,81,wrong-attractor convergence
final,memory_ablation,True,6302,sparse_node_corruption,0.25,0.7,0.05,0.11873300420725615,0.11873300420725615,0.0,0.24999999999999997,0.24999999999999997,0.0,0.8968609865470852,0.8968609865470852,0.8954410403324079,0.9681318681318679,0.0,0.03487906641316268,0.0,0.0,0.9993470133350282,0.0,False,81,no recovery
final,redundancy_ablation,True,6302,sparse_node_corruption,0.25,0.7,0.05,0.11873300420725615,0.08263864486401247,0.3039960083907136,0.24999999999999997,0.22339673683752775,0.10641305264988889,0.905829596412556,0.9327354260089686,0.9214132791922707,0.973076923076923,0.1294977947415969,0.03036230423001241,0.0,0.002008664764480941,0.9948854779023921,1.3877787807814457e-17,False,81,trajectory-corridor recovery
final,oracle_upper_bound_non_admissible,False,6302,sparse_node_corruption,0.25,0.7,0.05,0.11873300420725615,0.0,1.0,0.24999999999999997,2.5283732422213833e-11,0.9999999998988651,1.0,1.0,1.0,0.9999999999999998,0.9999999998988603,3.527654331715916e-12,0.0,0.008928571428571426,0.999999999993613,1.249000902703301e-16,True,4,exact-state recovery
final,passive_relaxation,True,6302,sparse_node_corruption,0.5,0.7,0.05,0.3585533557520395,0.3585533557520395,0.0,0.49999999999999994,0.49999999999999994,0.0,0.8385650224215246,0.8385650224215246,0.8385650224215246,0.8869963369963368,0.0,0.06975813282632519,0.0,0.0,1.1236940266700564,0.0,False,81,passive decay
final,operator_only_filtering,True,6302,sparse_node_corruption,0.5,0.7,0.05,0.3585533557520395,0.038005227664534964,0.894003982796865,0.49999999999999994,0.9676883129576865,-0.9353766259153733,0.0,0.8116591928251121,0.27023332730176935,0.8133699633699634,-12.64863341250077,0.9521031824870487,0.0,0.2543596098359072,0.0015560300904957653,4.2500725161431774e-17,False,81,wrong-attractor convergence
final,topology_altered,True,6302,sparse_node_corruption,0.5,0.7,0.05,0.3585533557520395,0.18230576308460397,0.4915519262057081,0.49999999999999994,1.0095540380167232,-1.0191080760334466,0.11659192825112108,0.5201793721973094,0.20884742691536673,0.15892857142857142,-13.263387789038761,0.9949872999411506,0.01867777697941042,0.18085780638112403,0.04425338560976356,3.0357660829594124e-18,False,81,wrong-attractor convergence
final,trivial_attractor,True,6302,sparse_node_corruption,0.5,0.7,0.05,0.3585533557520395,0.0499964261481414,0.8605607077828695,0.49999999999999994,0.9999946105499891,-0.9999892210999783,0.0,0.8385650224215246,5.343933543891216e-05,0.8869963369963368,-13.335164902097272,0.9999943373277764,0.0,0.08457912028419443,3.718778155646516e-11,3.1763735522036263e-22,False,81,wrong-attractor convergence
final,identity_scrambled,True,6302,sparse_node_corruption,0.5,0.7,0.05,0.3585533557520395,0.21952863271638645,0.3877378939713417,0.49999999999999994,0.9075214520173683,-0.8150429040347369,0.39910313901345296,0.5650224215246636,0.4372420191789751,0.465521978021978,-10.78886579540444,0.8223692660275447,0.0,0.10067472770585956,0.10152255955461775,2.2551405187698492e-17,False,81,wrong-attractor convergence
final,signal_blind,True,6302,sparse_node_corruption,0.5,0.7,0.05,0.3585533557520395,3.7265788917351537,-9.393373348630154,0.49999999999999994,4.1085261872888275,-7.217052374577656,0.5156950672645739,0.5201793721973094,0.5180854691938752,0.1358974358974359,-19.54497422948458,1.4331790412138135,9.941704939239052,23.854021939867856,16.85801496195969,2.0816681711721685e-16,False,81,unstable correction
final,parameter_budget_matched,True,6302,sparse_node_corruption,0.5,0.7,0.05,0.3585533557520395,0.038005227664534964,0.894003982796865,0.49999999999999994,0.9676883129576865,-0.9353766259153733,0.0,0.8116591928251121,0.27023332730176935,0.8133699633699634,-12.64863341250077,0.9521031824870487,0.0,0.2543596098359072,0.0015560300904957653,4.2500725161431774e-17,False,81,wrong-attractor convergence
final,memory_ablation,True,6302,sparse_node_corruption,0.5,0.7,0.05,0.3585533557520395,0.3585533557520395,0.0,0.49999999999999994,0.49999999999999994,0.0,0.8385650224215246,0.8385650224215246,0.8385650224215246,0.8869963369963368,0.0,0.06975813282632519,0.0,0.0,1.1236940266700564,0.0,False,81,no recovery
final,redundancy_ablation,True,6302,sparse_node_corruption,0.5,0.7,0.05,0.3585533557520395,0.20689632168334993,0.4229692223925781,0.49999999999999994,0.40100211481622433,0.19799577036755125,0.8340807174887892,0.8878923766816144,0.8608316474948842,0.9308150183150181,0.059547236103643326,0.06560422882076669,0.0,0.014537236189016449,1.0816658061233475,2.7755575615628914e-17,False,81,trajectory-corridor recovery
final,oracle_upper_bound_non_admissible,False,6302,sparse_node_corruption,0.5,0.7,0.05,0.3585533557520395,0.0,1.0,0.49999999999999994,5.056745065485387e-11,0.9999999998988651,1.0,1.0,1.0,0.9999999999999998,0.9999999998988653,7.05496537240911e-12,0.0,0.035714285714285705,0.999999999987226,4.163336342344337e-17,True,6,exact-state recovery
final,passive_relaxation,True,6302,sparse_node_corruption,0.8,0.7,0.05,0.6848489181390071,0.6848489181390071,0.0,0.7999999999999999,0.7999999999999999,0.0,0.8251121076233183,0.8251121076233184,0.8251121076233184,0.8121794871794871,0.0,0.11161301252212033,0.0,0.0,1.4379104426720903,0.0,False,81,passive decay
final,operator_only_filtering,True,6302,sparse_node_corruption,0.8,0.7,0.05,0.6848489181390071,0.038313112352828735,0.9440561102776655,0.7999999999999999,0.9682409339516971,-0.21030116743962146,0.0,0.8071748878923767,0.2633248299642789,0.8077380952380951,-7.535393424493603,0.952660973169228,0.0,0.49860246562145094,0.001518131380796359,8.673617379884035e-18,False,81,wrong-attractor convergence
final,topology_altered,True,6302,sparse_node_corruption,0.8,0.7,0.05,0.6848489181390071,0.10523684860959057,0.8463356722595711,0.7999999999999999,1.0126035255567347,-0.2657544069459185,0.058295964125560484,0.5067264573991032,0.16902559221494623,-0.08603479853479852,-8.128457671282758,1.018854660372528,0.0,0.2682225027456475,0.007420775247907709,1.1709383462843448e-17,False,81,wrong-attractor convergence
final,trivial_attractor,True,6302,sparse_node_corruption,0.8,0.7,0.05,0.6848489181390071,0.04999664246295241,0.9269960992289917,0.7999999999999999,0.9999948285386463,-0.24999353567330798,0.0,0.8251121076233184,6.0702705300793425e-05,0.8121794871794871,-7.95947854808672,0.9999943913792715,0.0,0.10822981826205941,4.758652993672154e-11,6.352747104407253e-22,False,81,wrong-attractor convergence
final,identity_scrambled,True,6302,sparse_node_corruption,0.8,0.7,0.05,0.6848489181390071,0.11918640333194222,0.8259668663041527,0.7999999999999999,0.9867171394372307,-0.2333964242965385,0.20627802690582964,0.5964125560538116,0.29593527085085874,0.46350732600732597,-7.843810876772451,0.9870843741324675,0.0,0.16465719683720553,0.013794482379737844,8.673617379884035e-18,False,81,wrong-attractor convergence
final,signal_blind,True,6302,sparse_node_corruption,0.8,0.7,0.05,0.6848489181390071,5.913558528891813,-7.6348366366134925,0.7999999999999999,6.624766236977641,-7.280957796222053,0.547085201793722,0.547085201793722,0.547085201793722,0.20297619047619048,-27.73536874506705,3.207241071570914,7.6348366366134925,41.63362270262895,46.90494288328671,3.191891195797325e-16,False,81,unstable correction
final,parameter_budget_matched,True,6302,sparse_node_corruption,0.8,0.7,0.05,0.6848489181390071,0.038313112352828735,0.9440561102776655,0.7999999999999999,0.9682409339516971,-0.21030116743962146,0.0,0.8071748878923767,0.2633248299642789,0.8077380952380951,-7.535393424493603,0.952660973169228,0.0,0.49860246562145094,0.001518131380796359,8.673617379884035e-18,False,81,wrong-attractor convergence
final,memory_ablation,True,6302,sparse_node_corruption,0.8,0.7,0.05,0.6848489181390071,0.6848489181390071,0.0,0.7999999999999999,0.7999999999999999,0.0,0.8251121076233183,0.8251121076233184,0.8251121076233184,0.8121794871794871,0.0,0.11161301252212033,0.0,0.0,1.4379104426720903,0.0,False,81,no recovery
final,redundancy_ablation,True,6302,sparse_node_corruption,0.8,0.7,0.05,0.6848489181390071,0.37529130494049495,0.45200861825071864,0.7999999999999999,0.6154096335751867,0.23073795803101652,0.7937219730941704,0.8430493273542601,0.824242327579336,0.8510531135531135,-0.013181241577324799,0.11308421060334738,0.0,0.05294138118309077,1.2801963238887821,2.7755575615628914e-17,False,81,trajectory-corridor recovery
final,oracle_upper_bound_non_admissible,False,6302,sparse_node_corruption,0.8,0.7,0.05,0.6848489181390071,0.0,1.0,0.7999999999999999,8.090792816718752e-11,0.999999999898865,1.0,1.0,1.0,0.9999999999999998,0.9999999998988647,1.1288017676869028e-11,0.0,0.09142857142857143,0.9999999999795617,5.551115123125783e-17,True,8,exact-state recovery
final,passive_relaxation,True,6302,sparse_node_corruption,1.1,0.7,0.05,1.0214511655110392,1.0214511655110392,0.0,1.1,1.1,0.0,0.8251121076233183,0.8251121076233184,0.8251121076233184,0.7437728937728937,0.0,0.15346789221791537,0.0,0.0,1.9321268586741245,0.0,False,81,passive decay
final,operator_only_filtering,True,6302,sparse_node_corruption,1.1,0.7,0.05,1.0214511655110392,0.0386151314770889,0.9621958124079583,1.1,0.9691651223466868,0.1189407978666484,0.0,0.8071748878923767,0.2566566960629657,0.794047619047619,-5.213789005015404,0.9536171012865716,0.0,0.8609215770819142,0.0014691532531087247,4.336808689942018e-17,False,81,wrong-attractor convergence
final,topology_altered,True,6302,sparse_node_corruption,1.1,0.7,0.05,1.0214511655110392,0.23514331046097686,0.7697948581385847,1.1,1.0338912712106412,0.06009884435396265,0.094170403587444,0.5112107623318386,0.2153471715490584,0.13447802197802194,-5.5505854219745405,1.0053045375038365,0.0,0.3907324024898055,0.029442279055121517,5.117434254131581e-17,False,81,wrong-attractor convergence
final,trivial_attractor,True,6302,sparse_node_corruption,1.1,0.7,0.05,1.0214511655110392,0.04999685890586363,0.9510531089551895,1.1,0.9999950465302344,0.09091359406342334,0.0,0.8251121076233184,6.806774640612912e-05,0.7437728937728937,-5.51598475080956,0.9999944454308216,0.0,0.14542890333625025,6.394223859378929e-11,4.235164736271502e-22,False,81,wrong-attractor convergence
final,identity_scrambled,True,6302,sparse_node_corruption,1.1,0.7,0.05,1.0214511655110392,0.12208718658375829,0.8804767269293023,1.1,0.9493888616103597,0.13691921671785487,0.26905829596412556,0.5919282511210763,0.31839376906841577,0.4167124542124541,-5.009276040460212,0.922230927685049,0.0,0.24573166133754562,0.0718308089352093,5.898059818321144e-17,False,81,wrong-attractor convergence
final,signal_blind,True,6302,sparse_node_corruption,1.1,0.7,0.05,1.0214511655110392,61.20964912101232,-58.92420507972958,1.1,62.552201719044305,-55.865637926403906,0.4887892376681614,0.48878923766816146,0.48878923766816146,0.20636446886446883,-161.4400198787863,24.929327462633605,58.92420507972958,4538.724204285397,3937.3017482253535,2.6645352591003757e-15,False,81,unstable correction
final,parameter_budget_matched,True,6302,sparse_node_corruption,1.1,0.7,0.05,1.0214511655110392,0.0386151314770889,0.9621958124079583,1.1,0.9691651223466868,0.1189407978666484,0.0,0.8071748878923767,0.2566566960629657,0.794047619047619,-5.213789005015404,0.9536171012865716,0.0,0.8609215770819142,0.0014691532531087247,4.336808689942018e-17,False,81,wrong-attractor convergence
final,memory_ablation,True,6302,sparse_node_corruption,1.1,0.7,0.05,1.0214511655110392,1.0214511655110392,0.0,1.1,1.1,0.0,0.8251121076233183,0.8251121076233184,0.8251121076233184,0.7437728937728937,0.0,0.15346789221791537,0.0,0.0,1.9321268586741245,0.0,False,81,no recovery
final,redundancy_ablation,True,6302,sparse_node_corruption,1.1,0.7,0.05,1.0214511655110392,0.5432052001640176,0.46820247653029184,1.1,0.8243924439099904,0.2505523237181906,0.7668161434977578,0.8295964125560538,0.8025787940147877,0.8126373626373625,-0.09930929641813706,0.16870868061685104,0.0,0.1237407361576358,1.578050515392162,5.551115123125783e-17,False,81,trajectory-corridor recovery
final,oracle_upper_bound_non_admissible,False,6302,sparse_node_corruption,1.1,0.7,0.05,1.0214511655110392,0.0,1.0,1.1,1.1124840064309526e-10,0.9999999998988651,1.0,1.0,1.0,0.9999999999999998,0.9999999998988642,1.552107491489172e-11,0.0,0.17285714285714288,0.9999999999718974,2.7755575615628914e-17,True,9,exact-state recovery
final,passive_relaxation,True,6302,relational_twist,0.25,0.7,0.05,0.07758090020351541,0.07758090020351541,0.0,0.24999999999999997,0.24999999999999997,0.0,0.9013452914798207,0.905829596412556,0.9014721466408097,0.9604395604395602,0.0,9.645282650469861e-17,0.0,0.0,1.0625,0.0,False,81,passive decay
final,operator_only_filtering,True,6302,relational_twist,0.25,0.7,0.05,0.07758090020351541,0.03816900454512565,0.5080102906127905,0.24999999999999997,0.9669546945461045,-2.8678187781844184,0.0,0.8026905829596412,0.28067181465721663,0.803525641025641,0.0,0.9504816586283664,0.0,0.1429594071407932,0.001687108054965708,3.469446951953614e-17,False,1,wrong-attractor convergence
final,topology_altered,True,6302,relational_twist,0.25,0.7,0.05,0.07758090020351541,0.23899534039810572,-2.0805950919769836,0.24999999999999997,0.9741950428852102,-2.896780171540841,0.07623318385650224,0.4663677130044843,0.1571438748219879,-0.061355311355311346,0.0,0.8966036276163469,2.4396620974243888,0.23601908445411207,0.08818695607648322,5.551115123125783e-17,False,81,unstable correction
final,trivial_attractor,True,6302,relational_twist,0.25,0.7,0.05,0.07758090020351541,0.04999595788193468,0.3555635762052008,0.24999999999999997,0.9999942472431078,-2.9999769889724317,0.0,0.905829596412556,5.169484829728528e-05,0.9604395604395602,0.0,0.9999942472420735,0.0,0.07997311827692324,3.5162612745067065e-11,5.823351512373315e-22,False,81,wrong-attractor convergence
final,identity_scrambled,True,6302,relational_twist,0.25,0.7,0.05,0.07758090020351541,0.1863029664058286,-1.4014024833058936,0.24999999999999997,0.9505043630663595,-2.8020174522654386,0.2869955156950673,0.48878923766816146,0.3337489046645779,0.2838369963369963,0.0,0.8452684276769965,1.4918375168384097,0.08416669612214743,0.053131133223518055,2.0816681711721685e-17,False,81,unstable correction
final,signal_blind,True,6302,relational_twist,0.25,0.7,0.05,0.07758090020351541,0.09532879673742631,-0.22876631345283996,0.24999999999999997,0.2822633597905496,-0.1290534391621986,0.8834080717488789,0.905829596412556,0.8889986785917228,0.9483516483516483,0.0,0.07766635484117342,0.35505899929633755,0.041177848846961684,1.0816513119118272,1.6653345369377348e-16,False,81,no recovery
final,parameter_budget_matched,True,6302,relational_twist,0.25,0.7,0.05,0.07758090020351541,0.03816900454512565,0.5080102906127905,0.24999999999999997,0.9669546945461045,-2.8678187781844184,0.0,0.8026905829596412,0.28067181465721663,0.803525641025641,0.0,0.9504816586283664,0.0,0.1429594071407932,0.001687108054965708,3.469446951953614e-17,False,1,wrong-attractor convergence
final,memory_ablation,True,6302,relational_twist,0.25,0.7,0.05,0.07758090020351541,0.07758090020351541,0.0,0.24999999999999997,0.24999999999999997,0.0,0.9013452914798207,0.905829596412556,0.9014721466408097,0.9604395604395602,0.0,9.645282650469861e-17,0.0,0.0,1.0625,0.0,False,81,no recovery
final,redundancy_ablation,True,6302,relational_twist,0.25,0.7,0.05,0.07758090020351541,0.05170245976436207,0.33356715855664576,0.24999999999999997,0.23765192764395027,0.04939228942419883,0.9103139013452914,0.9506726457399103,0.9300606484569482,0.9641941391941392,0.0,0.0036046409094920863,0.0,0.0011777550124364305,1.0603241481098713,0.0,False,81,trajectory-corridor recovery
final,oracle_upper_bound_non_admissible,False,6302,relational_twist,0.25,0.7,0.05,0.07758090020351541,0.0,1.0,0.24999999999999997,2.5283751858161415e-11,0.999999999898865,1.0,1.0,1.0,0.9999999999999998,0.0,1.5627143955136816e-16,0.0,0.008928571428571426,1.0,0.0,False,4,identity-preserving adaptation
final,passive_relaxation,True,6302,relational_twist,0.5,0.7,0.05,0.2249097555057083,0.2249097555057083,0.0,0.49999999999999994,0.49999999999999994,0.0,0.7982062780269058,0.8116591928251121,0.8052974770066755,0.8708791208791208,0.0,1.364048953721639e-16,0.0,0.0,1.25,0.0,False,81,passive decay
final,operator_only_filtering,True,6302,relational_twist,0.5,0.7,0.05,0.2249097555057083,0.03830252168203573,0.8296982645509852,0.49999999999999994,0.9672436922507561,-0.9344873845015125,0.0,0.7982062780269058,0.27813638525453344,0.796657509157509,0.0,0.9509833709410652,0.0,0.24398093571093624,0.0016549988455000146,4.466912950640278e-17,False,81,wrong-attractor convergence
final,topology_altered,True,6302,relational_twist,0.5,0.7,0.05,0.2249097555057083,0.2010302306583854,0.1061738064390756,0.49999999999999994,0.9703942819365217,-0.9407885638730435,0.15695067264573992,0.5426008968609866,0.2476289827974368,0.19326923076923078,0.0,0.9249109199344014,0.4055830808894787,0.2588408935473949,0.08588992781139912,3.122502256758253e-17,False,81,wrong-attractor convergence
final,trivial_attractor,True,6302,relational_twist,0.5,0.7,0.05,0.2249097555057083,0.049995849941571635,0.7777070637547213,0.49999999999999994,0.9999942472462104,-0.9999884944924211,0.0,0.8116591928251121,5.722046052223409e-05,0.8708791208791208,0.0,0.9999942472420735,0.0,0.09408602150226263,4.1367779700078895e-11,3.705769144237564e-22,False,81,wrong-attractor convergence
final,identity_scrambled,True,6302,relational_twist,0.5,0.7,0.05,0.2249097555057083,0.16500671378318313,0.26634256743480744,0.49999999999999994,0.8883435267528546,-0.7766870535057093,0.30493273542600896,0.5336322869955157,0.3730734608738488,0.4620421245421245,0.0,0.8200895214319807,0.0,0.11314935584237601,0.08034704373614984,3.469446951953614e-17,False,81,wrong-attractor convergence
final,signal_blind,True,6302,relational_twist,0.5,0.7,0.05,0.2249097555057083,3.132273350911592,-12.926800746675896,0.49999999999999994,3.460533963737772,-5.921067927475545,0.57847533632287,0.5829596412556054,0.5800565723899649,0.2788919413919414,0.0,1.2458130275180672,12.926800746675898,9.959258981497156,13.250601079818686,1.1102230246251565e-16,False,81,unstable correction
final,parameter_budget_matched,True,6302,relational_twist,0.5,0.7,0.05,0.2249097555057083,0.03830252168203573,0.8296982645509852,0.49999999999999994,0.9672436922507561,-0.9344873845015125,0.0,0.7982062780269058,0.27813638525453344,0.796657509157509,0.0,0.9509833709410652,0.0,0.24398093571093624,0.0016549988455000146,4.466912950640278e-17,False,81,wrong-attractor convergence
final,memory_ablation,True,6302,relational_twist,0.5,0.7,0.05,0.2249097555057083,0.2249097555057083,0.0,0.49999999999999994,0.49999999999999994,0.0,0.7982062780269058,0.8116591928251121,0.8052974770066755,0.8708791208791208,0.0,1.364048953721639e-16,0.0,0.0,1.25,0.0,False,81,no recovery
final,redundancy_ablation,True,6302,relational_twist,0.5,0.7,0.05,0.2249097555057083,0.12955058078775178,0.4239886104697502,0.49999999999999994,0.4383243846548109,0.12335123069037814,0.7937219730941704,0.905829596412556,0.8514905142694185,0.909661172161172,0.0,0.014835093777939599,0.0,0.008715680030677301,1.2294424452246306,5.551115123125783e-17,False,81,trajectory-corridor recovery
final,oracle_upper_bound_non_admissible,False,6302,relational_twist,0.5,0.7,0.05,0.2249097555057083,0.0,1.0,0.49999999999999994,5.0567444887137045e-11,0.9999999998988651,1.0,1.0,1.0,0.9999999999999998,0.0,1.0230367152912292e-16,0.0,0.035714285714285705,1.0,0.0,False,6,identity-preserving adaptation
final,passive_relaxation,True,6302,relational_twist,0.8,0.7,0.05,0.45769662524343413,0.45769662524343413,0.0,0.7999999999999999,0.7999999999999999,0.0,0.7085201793721974,0.7085201793721974,0.7075154085428124,0.7183608058608058,0.0,1.5627143955136816e-16,0.0,0.0,1.6400000000000001,0.0,False,81,passive decay
final,operator_only_filtering,True,6302,relational_twist,0.8,0.7,0.05,0.45769662524343413,0.03843471234057743,0.9160257904018076,0.7999999999999999,0.9672710106973333,-0.2090887633716668,0.0,0.7982062780269058,0.2787917783946816,0.7966117216117214,0.0,0.9508898842062765,0.0,0.45386937874599986,0.0016636155017193599,2.3418766925686896e-17,False,81,wrong-attractor convergence
final,topology_altered,True,6302,relational_twist,0.8,0.7,0.05,0.45769662524343413,0.2838220207932444,0.3798905101336751,0.7999999999999999,1.0338294926084304,-0.2922868657605381,0.17488789237668156,0.5112107623318386,0.2433295115989455,0.001465201465201465,0.0,0.9971456128699231,0.0,0.3459364264189462,0.06311935795933477,2.42861286636753e-17,False,81,wrong-attractor convergence
final,trivial_attractor,True,6302,relational_twist,0.8,0.7,0.05,0.45769662524343413,0.0499957205264327,0.8907666830625164,0.7999999999999999,0.9999942472526637,-0.24999280906582977,0.0,0.7085201793721974,6.786984495040834e-05,0.7183608058608058,0.0,0.9999942472420735,0.0,0.12344086021096856,5.42745269665035e-11,6.88214269644119e-22,False,81,wrong-attractor convergence
final,identity_scrambled,True,6302,relational_twist,0.8,0.7,0.05,0.45769662524343413,0.19962885699686228,0.5638402251913347,0.7999999999999999,0.8999997681439904,-0.12499971017998811,0.20627802690582964,0.5829596412556054,0.2874432233592249,0.19793956043956043,0.0,0.7088994708776594,0.0,0.1502524472735121,0.410455070604071,1.3877787807814457e-17,False,81,wrong-attractor convergence
final,signal_blind,True,6302,relational_twist,0.8,0.7,0.05,0.45769662524343413,18.37591859634969,-39.148687105953925,0.7999999999999999,18.568402459605306,-22.210503074506633,0.47085201793721976,0.47085201793721976,0.47085201793721976,-0.008562271062271061,0.0,5.069356596301538,39.148687105953925,356.32260911476203,344.56837922676766,6.522560269672795e-16,False,81,unstable correction
final,parameter_budget_matched,True,6302,relational_twist,0.8,0.7,0.05,0.45769662524343413,0.03843471234057743,0.9160257904018076,0.7999999999999999,0.9672710106973333,-0.2090887633716668,0.0,0.7982062780269058,0.2787917783946816,0.7966117216117214,0.0,0.9508898842062765,0.0,0.45386937874599986,0.0016636155017193599,2.3418766925686896e-17,False,81,wrong-attractor convergence
final,memory_ablation,True,6302,relational_twist,0.8,0.7,0.05,0.45769662524343413,0.45769662524343413,0.0,0.7999999999999999,0.7999999999999999,0.0,0.7085201793721974,0.7085201793721974,0.7075154085428124,0.7183608058608058,0.0,1.5627143955136816e-16,0.0,0.0,1.6400000000000001,0.0,False,81,no recovery
final,redundancy_ablation,True,6302,relational_twist,0.8,0.7,0.05,0.45769662524343413,0.21066902305510835,0.5397190815137423,0.7999999999999999,0.6027631234011328,0.24654609574858394,0.7488789237668161,0.8654708520179372,0.8129477483882932,0.8511904761904762,0.0,0.08045028781157332,0.0,0.035062536548796985,1.5346339458102276,4.163336342344337e-17,False,81,trajectory-corridor recovery
final,oracle_upper_bound_non_admissible,False,6302,relational_twist,0.8,0.7,0.05,0.45769662524343413,0.0,1.0,0.7999999999999999,8.090791994156782e-11,0.999999999898865,1.0,1.0,1.0,0.9999999999999998,0.0,1.5250530925795249e-16,0.0,0.09142857142857143,1.0,0.0,False,8,identity-preserving adaptation
final,passive_relaxation,True,6302,relational_twist,1.1,0.7,0.05,0.727073207300713,0.727073207300713,0.0,1.1,1.1,0.0,0.695067264573991,0.695067264573991,0.695067264573991,0.5945970695970696,0.0,1.67061196039764e-16,0.0,0.0,2.21,0.0,False,81,passive decay
final,operator_only_filtering,True,6302,relational_twist,1.1,0.7,0.05,0.727073207300713,0.03831322767279759,0.9473048555660071,1.1,0.9668444173490162,0.12105052968271265,0.0,0.8026905829596412,0.2822132382097356,0.8002289377289376,0.0,0.9502210568114283,0.0,0.7608679115302001,0.0017029907116992795,2.7755575615628914e-17,False,81,wrong-attractor convergence
final,topology_altered,True,6302,relational_twist,1.1,0.7,0.05,0.727073207300713,0.3246319245715482,0.5535086132842708,1.1,1.0061905648973501,0.08528130463877266,0.09865470852017932,0.484304932735426,0.19821500523441096,0.02353479853479853,0.0,0.8823788990350884,0.0,0.3306621114286913,0.2351669809996493,2.6020852139652106e-17,False,81,wrong-attractor convergence
final,trivial_attractor,True,6302,relational_twist,1.1,0.7,0.05,0.727073207300713,0.04999559123489111,0.9312371976674788,1.1,0.9999942472620957,0.09091432067082213,0.0,0.695067264573991,8.023985223775126e-05,0.5945970695970696,0.0,0.9999942472420735,0.0,0.16634408601600037,7.313823450973949e-11,7.940933880509066e-22,False,81,wrong-attractor convergence
final,identity_scrambled,True,6302,relational_twist,1.1,0.7,0.05,0.727073207300713,0.22963631283341282,0.684163423259748,1.1,0.9158535435783856,0.16740586947419503,0.3677130044843049,0.6143497757847534,0.43184682950752307,0.5340659340659341,0.0,0.7928221674863807,0.0,0.2537751105944578,0.23086092699794186,5.204170427930421e-17,False,81,wrong-attractor convergence
final,signal_blind,True,6302,relational_twist,1.1,0.7,0.05,0.727073207300713,10.340011741179833,-13.221417647292384,1.1,11.96989524503292,-9.881722950029927,0.4977578475336323,0.5022421524663677,0.4981073231972693,0.13502747252747252,0.0,3.2854306281776764,13.221417647292382,170.17181513597356,145.18260507280786,1.942890293094024e-16,False,81,unstable correction
final,parameter_budget_matched,True,6302,relational_twist,1.1,0.7,0.05,0.727073207300713,0.03831322767279759,0.9473048555660071,1.1,0.9668444173490162,0.12105052968271265,0.0,0.8026905829596412,0.2822132382097356,0.8002289377289376,0.0,0.9502210568114283,0.0,0.7608679115302001,0.0017029907116992795,2.7755575615628914e-17,False,81,wrong-attractor convergence
final,memory_ablation,True,6302,relational_twist,1.1,0.7,0.05,0.727073207300713,0.727073207300713,0.0,1.1,1.1,0.0,0.695067264573991,0.695067264573991,0.695067264573991,0.5945970695970696,0.0,1.67061196039764e-16,0.0,0.0,2.21,0.0,False,81,no recovery
final,redundancy_ablation,True,6302,relational_twist,1.1,0.7,0.05,0.727073207300713,0.2993966327157629,0.5882166613905575,1.1,0.7674344734149825,0.30233229689547053,0.7399103139013453,0.852017937219731,0.8059341397133892,0.8173076923076922,0.0,0.1544012027576576,0.0,0.08856594829846946,1.9151149254021227,5.551115123125783e-17,False,81,trajectory-corridor recovery
final,oracle_upper_bound_non_admissible,False,6302,relational_twist,1.1,0.7,0.05,0.727073207300713,0.0,1.0,1.1,1.1124838520508919e-10,0.9999999998988651,1.0,1.0,1.0,0.9999999999999998,0.0,1.7050611921520488e-17,0.0,0.1728571428571429,1.0,2.7755575615628914e-17,False,9,identity-preserving adaptation
final,passive_relaxation,True,6303,localized_block_shock,0.25,0.7,0.05,0.12828169607966025,0.12828169607966025,0.0,0.25,0.25,0.0,0.9529914529914529,0.9529914529914529,0.9529914529914529,0.9858058608058609,0.0,0.06807296161667786,0.0,0.0,0.9735556317208718,0.0,False,81,passive decay
final,operator_only_filtering,True,6303,localized_block_shock,0.25,0.7,0.05,0.12828169607966025,0.037110516764375344,0.7107107412944518,0.25,0.9630394424562275,-2.85215776982491,0.0,0.8333333333333334,0.2938395068205171,0.9060897435897435,-13.054718282235214,0.9567462981598184,0.0,0.1225867232754054,0.0016992721908000283,1.3010426069826053e-17,False,2,wrong-attractor convergence
final,topology_altered,True,6303,localized_block_shock,0.25,0.7,0.05,0.12828169607966025,0.0744157191926615,0.4199038407907322,0.25,1.0038656004364372,-3.015462401745749,0.042735042735042694,0.48717948717948717,0.1419837194742731,-0.22953296703296702,-13.688188825713684,0.9998685141513244,0.6562262672723991,0.2586536320781507,0.001790224146230594,6.071532165918825e-18,False,81,unstable correction
final,trivial_attractor,True,6303,localized_block_shock,0.25,0.7,0.05,0.12828169607966025,0.04999654953610177,0.6102596780053877,0.25,0.9999945030807849,-2.9999780123231394,0.0,0.9529914529914529,4.477914883809679e-05,0.9858058608058609,-13.69003925229129,0.9999944781687162,0.0,0.07327838087979105,3.221906791904011e-11,0.0,False,81,wrong-attractor convergence
final,identity_scrambled,True,6303,localized_block_shock,0.25,0.7,0.05,0.12828169607966025,0.07367750917493376,0.42565844211179144,0.25,0.9401684243884301,-2.7606736975537203,0.31196581196581197,0.6538461538461539,0.3858177850828464,0.6436355311355311,-12.63659179664991,0.9282831899556535,0.019059147554387756,0.06074762368210866,0.011293972067724345,2.42861286636753e-17,False,81,wrong-attractor convergence
final,signal_blind,True,6303,localized_block_shock,0.25,0.7,0.05,0.12828169607966025,0.2598904827429749,-1.0259358169195731,0.25,0.471817843418503,-0.8872713736740121,0.7222222222222222,0.7564102564102564,0.7287413028772637,0.91753663003663,-1.5484429390898455,0.17348005837495678,1.025935816919573,0.1537606629153552,1.2768902630716967,1.3877787807814457e-16,False,81,unstable correction
final,parameter_budget_matched,True,6303,localized_block_shock,0.25,0.7,0.05,0.12828169607966025,0.037110516764375344,0.7107107412944518,0.25,0.9630394424562275,-2.85215776982491,0.0,0.8333333333333334,0.2938395068205171,0.9060897435897435,-13.054718282235214,0.9567462981598184,0.0,0.1225867232754054,0.0016992721908000283,1.3010426069826053e-17,False,2,wrong-attractor convergence
final,memory_ablation,True,6303,localized_block_shock,0.25,0.7,0.05,0.12828169607966025,0.12828169607966025,0.0,0.25,0.25,0.0,0.9529914529914529,0.9529914529914529,0.9529914529914529,0.9858058608058609,0.0,0.06807296161667786,0.0,0.0,0.9735556317208718,0.0,False,81,no recovery
final,redundancy_ablation,True,6303,localized_block_shock,0.25,0.7,0.05,0.12828169607966025,0.09307811156483807,0.2744240650900148,0.25,0.22449835355606657,0.10200658577573374,0.9529914529914529,0.9658119658119658,0.9610042735042735,0.9899267399267396,0.030728944801070128,0.0659811513367136,0.0,0.0008735439338504221,0.9714280802345203,2.7755575615628914e-17,False,81,trajectory-corridor recovery
final,oracle_upper_bound_non_admissible,False,6303,localized_block_shock,0.25,0.7,0.05,0.12828169607966025,0.0,1.0,0.25,2.5283728442289304e-11,0.9999999998988651,1.0,1.0,1.0,0.9999999999999998,0.9999999998988648,6.884574045065302e-12,0.0,0.008928571428571428,0.9999999999910046,2.7755575615628914e-17,True,4,exact-state recovery
final,passive_relaxation,True,6303,localized_block_shock,0.5,0.7,0.05,0.34489029578687985,0.34489029578687985,0.0,0.5,0.5,0.0,0.9401709401709402,0.9401709401709402,0.9401709401709402,0.9135073260073258,0.0,0.13614592323335561,0.0,0.0,1.0721112634417433,0.0,False,81,passive decay
final,operator_only_filtering,True,6303,localized_block_shock,0.5,0.7,0.05,0.34489029578687985,0.03682932478503658,0.8932143779197698,0.5,0.9628657541425127,-0.9257315082850255,0.0,0.8247863247863247,0.29650843706095226,0.9061813186813185,-6.024698847810451,0.9563841100714433,0.0,0.22559464939402693,0.0017321666428823425,6.071532165918825e-18,False,81,wrong-attractor convergence
final,topology_altered,True,6303,localized_block_shock,0.5,0.7,0.05,0.34489029578687985,0.18403720175737692,0.46638915618808785,0.5,0.997578022965193,-0.9951560459303861,0.07264957264957261,0.452991452991453,0.174010614975273,-0.0037087912087912078,-6.144731160244519,0.972726020065614,0.0,0.19353968210660064,0.030835835840062026,8.673617379884035e-18,False,81,wrong-attractor convergence
final,trivial_attractor,True,6303,localized_block_shock,0.5,0.7,0.05,0.34489029578687985,0.049996698314273086,0.8550359377314349,0.5,0.9999947589214991,-0.9999895178429983,0.0,0.9401709401709402,4.6713967440055446e-05,0.9135073260073258,-6.345021322316476,0.9999947090954591,0.0,0.08069654670799824,3.5480690048025034e-11,0.0,False,81,wrong-attractor convergence
final,identity_scrambled,True,6303,localized_block_shock,0.5,0.7,0.05,0.34489029578687985,0.07074949730794095,0.7948637634279522,0.5,0.976871030178191,-0.953742060356382,0.16666666666666663,0.46153846153846156,0.2359974068962217,0.2531135531135531,-6.028114094363224,0.9568490819664401,0.0,0.08422310806198349,0.004960277716455543,6.938893903907228e-18,False,81,wrong-attractor convergence
final,signal_blind,True,6303,localized_block_shock,0.5,0.7,0.05,0.34489029578687985,3.835063612757973,-10.119662279879853,0.5,3.9172408028784873,-6.834481605756975,0.5341880341880342,0.5384615384615384,0.535346861171325,0.23667582417582414,-5.993746596620642,0.952170087257056,10.119662279879853,16.286847366235136,16.008385653642293,1.6653345369377348e-16,False,81,unstable correction
final,parameter_budget_matched,True,6303,localized_block_shock,0.5,0.7,0.05,0.34489029578687985,0.03682932478503658,0.8932143779197698,0.5,0.9628657541425127,-0.9257315082850255,0.0,0.8247863247863247,0.29650843706095226,0.9061813186813185,-6.024698847810451,0.9563841100714433,0.0,0.22559464939402693,0.0017321666428823425,6.071532165918825e-18,False,81,wrong-attractor convergence
final,memory_ablation,True,6303,localized_block_shock,0.5,0.7,0.05,0.34489029578687985,0.34489029578687985,0.0,0.5,0.5,0.0,0.9401709401709402,0.9401709401709402,0.9401709401709402,0.9135073260073258,0.0,0.13614592323335561,0.0,0.0,1.0721112634417433,0.0,False,81,no recovery
final,redundancy_ablation,True,6303,localized_block_shock,0.5,0.7,0.05,0.34489029578687985,0.18738566411705948,0.4566803809613367,0.5,0.39916901434308716,0.20166197131382568,0.9316239316239316,0.9572649572649573,0.9476475640337916,0.967032967032967,0.08364828049758476,0.12475755085812924,0.0,0.012802168917484123,1.0332417980795394,0.0,False,81,trajectory-corridor recovery
final,oracle_upper_bound_non_admissible,False,6303,localized_block_shock,0.5,0.7,0.05,0.34489029578687985,0.0,1.0,0.5,5.0567421150614517e-11,0.9999999998988651,1.0,1.0,1.0,0.9999999999999998,0.9999999998988651,1.3769103098985338e-11,0.0,0.03571428571428571,0.9999999999820093,2.7755575615628914e-17,True,7,exact-state recovery
final,passive_relaxation,True,6303,localized_block_shock,0.8,0.7,0.05,0.6298600279919682,0.6298600279919682,0.0,0.7999999999999998,0.7999999999999998,0.0,0.9401709401709402,0.9401709401709402,0.9401709401709402,0.7864468864468863,0.0,0.21783347717336898,0.0,0.0,1.3553780215067892,0.0,False,81,passive decay
final,operator_only_filtering,True,6303,localized_block_shock,0.8,0.7,0.05,0.6298600279919682,0.037290609774175205,0.9407954019672277,0.7999999999999998,0.9634073817731382,-0.20425922721642306,0.0,0.8333333333333334,0.29079425460966174,0.9007783882783882,-3.3940995048087457,0.9571819741782679,0.0,0.4478553031121361,0.001691020145667651,1.1275702593849246e-17,False,81,wrong-attractor convergence
final,topology_altered,True,6303,localized_block_shock,0.8,0.7,0.05,0.6298600279919682,0.11471332206428106,0.8178748976498889,0.7999999999999998,0.9941457016391133,-0.24268212704889192,0.19658119658119655,0.5042735042735043,0.2796592478970329,0.06369047619047619,-3.5146028057103096,0.9834316272245243,0.0,0.2702189752333318,0.01345127062830644,2.6020852139652106e-17,False,81,wrong-attractor convergence
final,trivial_attractor,True,6303,localized_block_shock,0.8,0.7,0.05,0.6298600279919682,0.0499968769461177,0.9206222418883911,0.7999999999999998,0.999995065933,-0.2499938324162503,0.0,0.9401709401709402,4.968742127665231e-05,0.7864468864468863,-3.59063959857652,0.9999949862076821,0.0,0.10201770054014558,4.485518352321731e-11,4.235164736271502e-22,False,81,wrong-attractor convergence
final,identity_scrambled,True,6303,localized_block_shock,0.8,0.7,0.05,0.6298600279919682,0.15069947854624618,0.7607413205332536,0.7999999999999998,0.9774266426133553,-0.22178330326669443,0.09401709401709402,0.6068376068376068,0.21936221810292791,0.5123626373626373,-3.363856766761214,0.9505940933901307,0.0,0.14961198538742126,0.024156593089901562,4.336808689942018e-18,False,81,wrong-attractor convergence
final,signal_blind,True,6303,localized_block_shock,0.8,0.7,0.05,0.6298600279919682,12.105325282211249,-18.219072086228042,0.7999999999999998,12.626206236894646,-14.78275779611831,0.5427350427350428,0.5427350427350427,0.5427350427350427,0.06543040293040292,-15.081974939111936,3.503192520801732,18.219072086228042,178.5765233632564,160.98143617528908,3.3306690738754696e-16,False,81,unstable correction
final,parameter_budget_matched,True,6303,localized_block_shock,0.8,0.7,0.05,0.6298600279919682,0.037290609774175205,0.9407954019672277,0.7999999999999998,0.9634073817731382,-0.20425922721642306,0.0,0.8333333333333334,0.29079425460966174,0.9007783882783882,-3.3940995048087457,0.9571819741782679,0.0,0.4478553031121361,0.001691020145667651,1.1275702593849246e-17,False,81,wrong-attractor convergence
final,memory_ablation,True,6303,localized_block_shock,0.8,0.7,0.05,0.6298600279919682,0.6298600279919682,0.0,0.7999999999999998,0.7999999999999998,0.0,0.9401709401709402,0.9401709401709402,0.9401709401709402,0.7864468864468863,0.0,0.21783347717336898,0.0,0.0,1.3553780215067892,0.0,False,81,no recovery
final,redundancy_ablation,True,6303,localized_block_shock,0.8,0.7,0.05,0.6298600279919682,0.2931318124410693,0.5346080090594235,0.7999999999999998,0.5920362026762327,0.25995474665470897,0.9017094017094017,0.9401709401709402,0.9235877956162668,0.9266941391941391,0.14397904382318646,0.1864700214172674,0.0,0.04705973760512868,1.197880160200941,0.0,False,81,trajectory-corridor recovery
final,oracle_upper_bound_non_admissible,False,6303,localized_block_shock,0.8,0.7,0.05,0.6298600279919682,0.0,1.0,0.7999999999999998,8.090790716225192e-11,0.999999999898865,1.0,1.0,1.0,0.9999999999999998,0.9999999998988652,2.203053316968447e-11,0.0,0.0914285714285714,0.9999999999712148,5.551115123125783e-17,True,8,exact-state recovery
final,passive_relaxation,True,6303,localized_block_shock,1.1,0.7,0.05,0.9217053372086219,0.9217053372086219,0.0,1.1,1.1,0.0,0.9401709401709402,0.9401709401709402,0.9401709401709402,0.7621794871794871,0.0,0.29952103111338235,0.0,0.0,1.8186447795718355,0.0,False,81,passive decay
final,operator_only_filtering,True,6303,localized_block_shock,1.1,0.7,0.05,0.9217053372086219,0.037028991904265965,0.9598255641912544,1.1,0.9646298675937508,0.12306375673295389,0.0,0.8290598290598291,0.2801829090075848,0.8889652014652013,-2.200654696346195,0.958663394887502,0.0,0.7776007215399184,0.001597419622302596,3.642919299551295e-17,False,81,wrong-attractor convergence
final,topology_altered,True,6303,localized_block_shock,1.1,0.7,0.05,0.9217053372086219,0.24025874685787313,0.7393323688615115,1.1,0.973641799557878,0.11487109131102008,0.09401709401709402,0.46153846153846156,0.18240392903088357,0.063507326007326,-2.1249818247669574,0.9359977783647783,0.0,0.5353839283945199,0.06079732635377664,6.938893903907228e-18,False,81,wrong-attractor convergence
final,trivial_attractor,True,6303,localized_block_shock,1.1,0.7,0.05,0.9217053372086219,0.049997055684912924,0.9457559225637895,1.1,0.9999953729473853,0.09091329732055892,0.0,0.9401709401709402,5.266087511324916e-05,0.7621794871794871,-2.338647905967931,0.9999952633200495,0.0,0.13688724146861872,6.018663727522097e-11,8.470329472543003e-22,False,81,wrong-attractor convergence
final,identity_scrambled,True,6303,localized_block_shock,1.1,0.7,0.05,0.9217053372086219,0.09521393466152098,0.8966980760360186,1.1,1.0164282098840063,0.07597435465090345,0.042735042735042694,0.41452991452991456,0.13948141616550214,-0.458150183150183,-2.38517430636148,1.0139308987399194,0.0,0.282268535959136,0.004157809746475733,1.0408340855860843e-17,False,81,wrong-attractor convergence
final,signal_blind,True,6303,localized_block_shock,1.1,0.7,0.05,0.9217053372086219,10.949296373459193,-10.879389140372194,1.1,11.378857221741347,-9.344415656128497,0.5641025641025641,0.5641025641025641,0.5630723895352695,0.05892857142857142,-8.43501993565281,2.8259868997020483,10.879389140372192,130.29238605013853,130.42215520425793,4.996003610813204e-16,False,81,unstable correction
final,parameter_budget_matched,True,6303,localized_block_shock,1.1,0.7,0.05,0.9217053372086219,0.037028991904265965,0.9598255641912544,1.1,0.9646298675937508,0.12306375673295389,0.0,0.8290598290598291,0.2801829090075848,0.8889652014652013,-2.200654696346195,0.958663394887502,0.0,0.7776007215399184,0.001597419622302596,3.642919299551295e-17,False,81,wrong-attractor convergence
final,memory_ablation,True,6303,localized_block_shock,1.1,0.7,0.05,0.9217053372086219,0.9217053372086219,0.0,1.1,1.1,0.0,0.9401709401709402,0.9401709401709402,0.9401709401709402,0.7621794871794871,0.0,0.29952103111338235,0.0,0.0,1.8186447795718355,0.0,False,81,no recovery
final,redundancy_ablation,True,6303,localized_block_shock,1.1,0.7,0.05,0.9217053372086219,0.40261722057034965,0.5631822836247503,1.1,0.7867145034704436,0.28480499684505134,0.8803418803418803,0.9145299145299145,0.9015986297651388,0.844139194139194,0.1733021784901912,0.24761338391780485,0.0,0.10489563964826554,1.448768268103072,0.0,False,81,trajectory-corridor recovery
final,oracle_upper_bound_non_admissible,False,6303,localized_block_shock,1.1,0.7,0.05,0.9217053372086219,0.0,1.0,1.1,1.1124838436340569e-10,0.9999999998988651,1.0,1.0,1.0,0.9999999999999998,0.9999999998988649,3.029208791951231e-11,0.0,0.17285714285714285,0.9999999999604203,0.0,True,9,exact-state recovery
final,passive_relaxation,True,6303,sparse_node_corruption,0.25,0.7,0.05,0.10420419137628209,0.10420419137628209,0.0,0.24999999999999997,0.24999999999999997,0.0,0.9102564102564102,0.9102564102564102,0.9102564102564102,0.9772435897435896,0.0,0.113859432001308,0.0,0.0,1.1727456970232728,0.0,False,81,passive decay
final,operator_only_filtering,True,6303,sparse_node_corruption,0.25,0.7,0.05,0.10420419137628209,0.03595191646265705,0.6549858888800891,0.24999999999999997,0.9629907348875529,-2.851962939550212,0.0,0.8461538461538461,0.28839535578853587,0.9220695970695969,-7.403716076377173,0.9568423391565657,0.0,0.14130782837227346,0.0016488370732138892,3.469446951953614e-18,False,1,wrong-attractor convergence
final,topology_altered,True,6303,sparse_node_corruption,0.25,0.7,0.05,0.10420419137628209,0.15763102022248476,-0.512712858672623,0.24999999999999997,0.9848350712727884,-2.939340285091154,0.10683760683760679,0.5170940170940171,0.20541666123092228,0.01172161172161172,-7.6267762129005385,0.9822398396032502,1.8902455797157613,0.2635669278717647,0.0352575868927039,2.2551405187698492e-17,False,81,unstable correction
final,trivial_attractor,True,6303,sparse_node_corruption,0.25,0.7,0.05,0.10420419137628209,0.049996213711671934,0.5202091868729614,0.24999999999999997,0.9999939301346538,-2.9999757205386155,0.0,0.9102564102564102,4.910891308863401e-05,0.9772435897435896,-7.782706153816256,0.9999939341079114,0.0,0.08827118149345412,3.8811108510939376e-11,8.470329472543003e-22,False,81,wrong-attractor convergence
final,identity_scrambled,True,6303,sparse_node_corruption,0.25,0.7,0.05,0.10420419137628209,0.1284972519133942,-0.2331293992713757,0.24999999999999997,0.9991187909455377,-2.996475163782151,0.15384615384615385,0.6153846153846154,0.24683887526463116,0.5461538461538461,-7.692661272457494,0.9897414750617776,0.35329994252859986,0.08312341112357421,0.01408181952272539,2.0816681711721685e-17,False,81,wrong-attractor convergence
final,signal_blind,True,6303,sparse_node_corruption,0.25,0.7,0.05,0.10420419137628209,0.28689272066420446,-1.7531783210929852,0.24999999999999997,0.4940444790527647,-0.9761779162110591,0.7521367521367521,0.7649572649572649,0.7552627777018668,0.9086080586080585,-0.11532341411772827,0.12699009042920417,1.7633908157690832,0.22480486707041214,1.3092862282421014,8.326672684688674e-17,False,81,unstable correction
final,parameter_budget_matched,True,6303,sparse_node_corruption,0.25,0.7,0.05,0.10420419137628209,0.03595191646265705,0.6549858888800891,0.24999999999999997,0.9629907348875529,-2.851962939550212,0.0,0.8461538461538461,0.28839535578853587,0.9220695970695969,-7.403716076377173,0.9568423391565657,0.0,0.14130782837227346,0.0016488370732138892,3.469446951953614e-18,False,1,wrong-attractor convergence
final,memory_ablation,True,6303,sparse_node_corruption,0.25,0.7,0.05,0.10420419137628209,0.10420419137628209,0.0,0.24999999999999997,0.24999999999999997,0.0,0.9102564102564102,0.9102564102564102,0.9102564102564102,0.9772435897435896,0.0,0.113859432001308,0.0,0.0,1.1727456970232728,0.0,False,81,no recovery
final,redundancy_ablation,True,6303,sparse_node_corruption,0.25,0.7,0.05,0.10420419137628209,0.09147242841136352,0.12218091035267556,0.24999999999999997,0.23408939197547707,0.06364243209809163,0.9102564102564102,0.9273504273504274,0.9187147154066374,0.9792582417582417,-0.007786152200410489,0.11474595886832248,0.0,0.001118999136644432,1.1699657484881527,2.7755575615628914e-17,False,81,trajectory-corridor recovery
final,oracle_upper_bound_non_admissible,False,6303,sparse_node_corruption,0.25,0.7,0.05,0.10420419137628209,0.0,1.0,0.24999999999999997,2.5283741558570753e-11,0.999999999898865,1.0,1.0,1.0,0.9999999999999998,0.9999999998988648,1.1515189944729803e-11,0.0,0.008928571428571426,1.0000000000111497,1.1102230246251565e-16,True,4,exact-state recovery
final,passive_relaxation,True,6303,sparse_node_corruption,0.5,0.7,0.05,0.30302701137940874,0.30302701137940874,0.0,0.49999999999999994,0.49999999999999994,0.0,0.8675213675213675,0.8675213675213675,0.8675213675213675,0.9373168498168496,0.0,0.2277188640026158,0.0,0.0,1.4704913940465456,0.0,False,81,passive decay
final,operator_only_filtering,True,6303,sparse_node_corruption,0.5,0.7,0.05,0.30302701137940874,0.036355405647910836,0.8800258581490229,0.49999999999999994,0.9641677336006452,-0.9283354672012907,0.0,0.8418803418803419,0.27845284021495975,0.9106227106227104,-3.2073421351881963,0.958091171495396,0.0,0.2613879929102978,0.001567575482952582,1.214306433183765e-17,False,81,wrong-attractor convergence
final,topology_altered,True,6303,sparse_node_corruption,0.5,0.7,0.05,0.30302701137940874,0.10603934254641809,0.6500663684609613,0.49999999999999994,0.9952504584301,-0.9905009168602001,0.05982905982905984,0.5085470085470085,0.16284076753431648,-0.053754578754578744,-3.368438518937455,0.9947758569977067,0.0,0.3226903831661095,0.013026232692312066,2.6020852139652106e-17,False,81,wrong-attractor convergence
final,trivial_attractor,True,6303,sparse_node_corruption,0.5,0.7,0.05,0.30302701137940874,0.04999602667469918,0.8350113197925415,0.49999999999999994,0.9999936130292019,-0.999987226058404,0.0,0.8675213675213675,5.661657451644513e-05,0.9373168498168496,-3.3913517018185777,0.9999936209740801,0.0,0.11068214793532435,4.866477123182352e-11,6.352747104407253e-22,False,81,wrong-attractor convergence
final,identity_scrambled,True,6303,sparse_node_corruption,0.5,0.7,0.05,0.30302701137940874,0.25069122280921585,0.17270997833478682,0.49999999999999994,0.9628697159858687,-0.9257394319717376,0.30341880341880345,0.5769230769230769,0.36891670812280614,0.4061355311355311,-2.808083424490932,0.867172431452266,0.0,0.10512076228924713,0.17631457274252352,2.0816681711721685e-17,False,81,wrong-attractor convergence
final,signal_blind,True,6303,sparse_node_corruption,0.5,0.7,0.05,0.30302701137940874,5.776053947813769,-18.061185078916246,0.49999999999999994,6.066553247769565,-11.133106495539131,0.5470085470085471,0.5470085470085471,0.5466191459936532,0.05883699633699632,-5.81393131150132,1.5516606976469345,18.061185078916246,32.81881534344588,36.54971111659267,1.1102230246251565e-16,False,81,unstable correction
final,parameter_budget_matched,True,6303,sparse_node_corruption,0.5,0.7,0.05,0.30302701137940874,0.036355405647910836,0.8800258581490229,0.49999999999999994,0.9641677336006452,-0.9283354672012907,0.0,0.8418803418803419,0.27845284021495975,0.9106227106227104,-3.2073421351881963,0.958091171495396,0.0,0.2613879929102978,0.001567575482952582,1.214306433183765e-17,False,81,wrong-attractor convergence
final,memory_ablation,True,6303,sparse_node_corruption,0.5,0.7,0.05,0.30302701137940874,0.30302701137940874,0.0,0.49999999999999994,0.49999999999999994,0.0,0.8675213675213675,0.8675213675213675,0.8675213675213675,0.9373168498168496,0.0,0.2277188640026158,0.0,0.0,1.4704913940465456,0.0,False,81,no recovery
final,redundancy_ablation,True,6303,sparse_node_corruption,0.5,0.7,0.05,0.30302701137940874,0.26351883738876086,0.13037839039761764,0.49999999999999994,0.4625969699889913,0.0748060600220173,0.8675213675213675,0.8846153846153846,0.8780607819043384,0.9408424908424907,-0.014250151142302991,0.2309638922326066,0.0,0.007453338786372198,1.44838558695697,2.7755575615628914e-17,False,81,trajectory-corridor recovery
final,oracle_upper_bound_non_admissible,False,6303,sparse_node_corruption,0.5,0.7,0.05,0.30302701137940874,0.0,1.0,0.49999999999999994,5.0567456995284914e-11,0.9999999998988651,1.0,1.0,1.0,0.9999999999999998,0.9999999998988647,2.3030409075900956e-11,0.0,0.035714285714285705,1.0000000000222995,0.0,True,6,exact-state recovery
final,passive_relaxation,True,6303,sparse_node_corruption,0.8,0.7,0.05,0.570791438968246,0.570791438968246,0.0,0.7999999999999999,0.7999999999999999,0.0,0.8675213675213675,0.8675213675213675,0.8675213675213675,0.8875915750915748,0.0,0.3643501824041852,0.0,0.0,1.992786230474473,0.0,False,81,passive decay
final,operator_only_filtering,True,6303,sparse_node_corruption,0.8,0.7,0.05,0.570791438968246,0.03607691087267305,0.9367949334736254,0.7999999999999999,0.9660028294698394,-0.20750353683729936,0.0,0.8418803418803419,0.26603129597837993,0.8932692307692306,-1.6361270789492632,0.960473382055776,0.0,0.502131536872203,0.001439431136881203,3.903127820947816e-17,False,81,wrong-attractor convergence
final,topology_altered,True,6303,sparse_node_corruption,0.8,0.7,0.05,0.570791438968246,0.2456386785686979,0.5696524828530879,0.7999999999999999,1.003268162547608,-0.2540852031845102,0.16666666666666663,0.5128205128205128,0.24502852990236418,0.07793040293040292,-1.687117147715262,0.9790516229114695,0.0,0.4488988333982064,0.0572546579984617,5.0306980803327406e-17,False,81,wrong-attractor convergence
final,trivial_attractor,True,6303,sparse_node_corruption,0.8,0.7,0.05,0.570791438968246,0.04999580234063041,0.9124096842955423,0.7999999999999999,0.9999932325052571,-0.24999154063157145,0.0,0.8675213675213675,6.66768849379642e-05,0.8875915750915748,-1.7445937823206445,0.9999932452139194,0.0,0.1499946625038673,6.594971341729487e-11,6.352747104407253e-22,False,81,wrong-attractor convergence
final,identity_scrambled,True,6303,sparse_node_corruption,0.8,0.7,0.05,0.570791438968246,0.07971885233318912,0.8603362859168181,0.7999999999999999,0.9871948301827222,-0.23399353772840292,0.20512820512820518,0.5598290598290598,0.2878564377156356,0.3008699633699633,-1.6901755089766197,0.9801659373949032,0.0,0.1788023506434733,0.004150921272231924,4.5102810375396984e-17,False,81,wrong-attractor convergence
final,signal_blind,True,6303,sparse_node_corruption,0.8,0.7,0.05,0.570791438968246,15.10997715691556,-25.471975795972213,0.7999999999999999,14.908909494675754,-17.636136868344693,0.5427350427350428,0.5427350427350427,0.5427350427350427,0.05860805860805861,-6.049058681689254,2.568325816451285,25.471975795972213,223.28564576203416,221.84480705302025,4.163336342344337e-16,False,81,unstable correction
final,parameter_budget_matched,True,6303,sparse_node_corruption,0.8,0.7,0.05,0.570791438968246,0.03607691087267305,0.9367949334736254,0.7999999999999999,0.9660028294698394,-0.20750353683729936,0.0,0.8418803418803419,0.26603129597837993,0.8932692307692306,-1.6361270789492632,0.960473382055776,0.0,0.502131536872203,0.001439431136881203,3.903127820947816e-17,False,81,wrong-attractor convergence
final,memory_ablation,True,6303,sparse_node_corruption,0.8,0.7,0.05,0.570791438968246,0.570791438968246,0.0,0.7999999999999999,0.7999999999999999,0.0,0.8675213675213675,0.8675213675213675,0.8675213675213675,0.8875915750915748,0.0,0.3643501824041852,0.0,0.0,1.992786230474473,0.0,False,81,no recovery
final,redundancy_ablation,True,6303,sparse_node_corruption,0.8,0.7,0.05,0.570791438968246,0.4918575854525136,0.13828843273895636,0.7999999999999999,0.7359409071649542,0.08007386604380717,0.8376068376068376,0.8589743589743589,0.8500312789376454,0.8889652014652013,-0.015186339000498195,0.3698833277890685,0.0,0.022663334150332472,1.9225211160305875,0.0,False,81,trajectory-corridor recovery
final,oracle_upper_bound_non_admissible,False,6303,sparse_node_corruption,0.8,0.7,0.05,0.570791438968246,0.0,1.0,0.7999999999999999,8.090792789239147e-11,0.999999999898865,1.0,1.0,1.0,0.9999999999999998,0.9999999998988651,3.684854638710803e-11,0.0,0.09142857142857143,1.000000000035679,8.326672684688674e-17,True,8,exact-state recovery
final,passive_relaxation,True,6303,sparse_node_corruption,1.1,0.7,0.05,0.8446038087618303,0.8446038087618303,0.0,1.1,1.1,0.0,0.8675213675213675,0.8675213675213675,0.8675213675213675,0.8612637362637362,0.0,0.5009815008057549,0.0,0.0,2.6950810669024006,0.0,False,81,passive decay
final,operator_only_filtering,True,6303,sparse_node_corruption,1.1,0.7,0.05,0.8446038087618303,0.0363949565765414,0.9569088415195576,1.1,0.9675946039499209,0.12036854186370832,0.0,0.8333333333333334,0.25818061886879107,0.8527930402930401,-0.9204972837962833,0.9621336115296377,0.0,0.8480010610567539,0.0014168748478831106,3.469446951953614e-18,False,81,wrong-attractor convergence
final,topology_altered,True,6303,sparse_node_corruption,1.1,0.7,0.05,0.8446038087618303,0.17030374791295994,0.7983625622496051,1.1,0.9835515102842651,0.10586226337794086,0.11111111111111116,0.5470085470085471,0.2069182849360178,0.02477106227106227,-0.9086327895542877,0.9561897193979816,0.0,0.4823489728353841,0.02869122323670971,0.0,False,81,wrong-attractor convergence
final,trivial_attractor,True,6303,sparse_node_corruption,1.1,0.7,0.05,0.8446038087618303,0.04999557812688883,0.9408058812803826,1.1,0.999992851984146,0.0909155891053219,0.0,0.8675213675213675,7.673719535948332e-05,0.8612637362637362,-0.9960674552770798,0.9999928694542355,0.0,0.20285556416873612,8.919161587957763e-11,1.2705494208814505e-21,False,81,wrong-attractor convergence
final,identity_scrambled,True,6303,sparse_node_corruption,1.1,0.7,0.05,0.8446038087618303,0.22170590030510656,0.7375030777683534,1.1,0.800195079608006,0.27254992762908553,0.5384615384615384,0.6495726495726496,0.5623060811384859,0.7056776556776556,-0.49369066360059766,0.7483113903901714,0.0,0.2704466018165751,0.14840676130692043,1.3877787807814457e-17,False,81,wrong-attractor convergence
final,signal_blind,True,6303,sparse_node_corruption,1.1,0.7,0.05,0.8446038087618303,23.004721982732953,-26.237293680284658,1.1,21.293525330023037,-18.35775030002094,0.5256410256410257,0.5256410256410257,0.5256410256410257,-0.04203296703296703,-5.7365960036032835,3.3749099762072237,26.237293680284658,374.6366315240509,450.3538325627734,5.828670879282072e-16,False,81,unstable correction
final,parameter_budget_matched,True,6303,sparse_node_corruption,1.1,0.7,0.05,0.8446038087618303,0.0363949565765414,0.9569088415195576,1.1,0.9675946039499209,0.12036854186370832,0.0,0.8333333333333334,0.25818061886879107,0.8527930402930401,-0.9204972837962833,0.9621336115296377,0.0,0.8480010610567539,0.0014168748478831106,3.469446951953614e-18,False,81,wrong-attractor convergence
final,memory_ablation,True,6303,sparse_node_corruption,1.1,0.7,0.05,0.8446038087618303,0.8446038087618303,0.0,1.1,1.1,0.0,0.8675213675213675,0.8675213675213675,0.8675213675213675,0.8612637362637362,0.0,0.5009815008057549,0.0,0.0,2.6950810669024006,0.0,False,81,no recovery
final,redundancy_ablation,True,6303,sparse_node_corruption,1.1,0.7,0.05,0.8446038087618303,0.7260373860295529,0.14038111301687473,1.1,1.0079739748659111,0.08366002284917179,0.8376068376068376,0.8547008547008547,0.8482905953628042,0.8623626373626374,-0.014459090789921055,0.5082252378099762,0.0,0.046119385218009304,2.54718454248677,5.551115123125783e-17,False,81,trajectory-corridor recovery
final,oracle_upper_bound_non_admissible,False,6303,sparse_node_corruption,1.1,0.7,0.05,0.8446038087618303,0.0,1.0,1.1,1.112483963475815e-10,0.9999999998988651,1.0,1.0,1.0,0.9999999999999998,0.9999999998988649,5.066678996239807e-11,0.0,0.17285714285714288,1.0000000000490588,5.551115123125783e-17,True,9,exact-state recovery
final,passive_relaxation,True,6303,relational_twist,0.25,0.7,0.05,0.09501151087324146,0.09501151087324146,0.0,0.24999999999999997,0.24999999999999997,0.0,0.8803418803418803,0.9017094017094017,0.8868088664933098,0.9694597069597068,0.0,1.7229874910318766e-16,0.0,0.0,1.0625,0.0,False,81,passive decay
final,operator_only_filtering,True,6303,relational_twist,0.25,0.7,0.05,0.09501151087324146,0.037041705833650386,0.6101345458755081,0.24999999999999997,0.9631447314814996,-2.852578925925999,0.0,0.8333333333333334,0.2922269817945251,0.8963369963369963,0.0,0.9566837528500327,0.0,0.12796549804032684,0.0016947636328139121,3.903127820947816e-17,False,2,wrong-attractor convergence
final,topology_altered,True,6303,relational_twist,0.25,0.7,0.05,0.09501151087324146,0.06022603282637994,0.36611856528910663,0.24999999999999997,0.9761272070886817,-2.9045088283547273,0.08974358974358976,0.5128205128205128,0.17591754364237897,-0.049175824175824175,0.0,0.9549082029860585,1.2309947111782185,0.21386636369350456,0.06617691214836453,3.8163916471489756e-17,False,81,unstable correction
final,trivial_attractor,True,6303,relational_twist,0.25,0.7,0.05,0.09501151087324146,0.049996317806139584,0.47378673019060175,0.24999999999999997,0.9999942472431078,-2.9999769889724317,0.0,0.9017094017094017,4.753831994811245e-05,0.9694597069597068,0.0,0.9999942472420735,0.0,0.07997311827692324,3.5162612745067046e-11,0.0,False,81,wrong-attractor convergence
final,identity_scrambled,True,6303,relational_twist,0.25,0.7,0.05,0.09501151087324146,0.12528772541239028,-0.3186583842408473,0.24999999999999997,0.9955887557536042,-2.982355023014417,0.14102564102564108,0.5170940170940171,0.22374829919342995,0.2580128205128205,0.0,0.9791528451564343,0.4668486277504873,0.07793446257592809,0.016879958715304053,2.7755575615628914e-17,False,81,wrong-attractor convergence
final,signal_blind,True,6303,relational_twist,0.25,0.7,0.05,0.09501151087324146,0.22797554248713275,-1.399451817909556,0.24999999999999997,0.4219074961695478,-0.6876299846781915,0.8247863247863247,0.8376068376068376,0.8284424455860184,0.9167582417582416,0.0,0.06121985283122208,1.399451817909556,0.10318944562676816,1.1771555388301618,5.551115123125783e-17,False,81,unstable correction
final,parameter_budget_matched,True,6303,relational_twist,0.25,0.7,0.05,0.09501151087324146,0.037041705833650386,0.6101345458755081,0.24999999999999997,0.9631447314814996,-2.852578925925999,0.0,0.8333333333333334,0.2922269817945251,0.8963369963369963,0.0,0.9566837528500327,0.0,0.12796549804032684,0.0016947636328139121,3.903127820947816e-17,False,2,wrong-attractor convergence
final,memory_ablation,True,6303,relational_twist,0.25,0.7,0.05,0.09501151087324146,0.09501151087324146,0.0,0.24999999999999997,0.24999999999999997,0.0,0.8803418803418803,0.9017094017094017,0.8868088664933098,0.9694597069597068,0.0,1.7229874910318766e-16,0.0,0.0,1.0625,0.0,False,81,no recovery
final,redundancy_ablation,True,6303,relational_twist,0.25,0.7,0.05,0.09501151087324146,0.06571982826953339,0.3082961457458269,0.24999999999999997,0.22654382482436897,0.09382470070252404,0.8846153846153846,0.9444444444444444,0.9161520953336475,0.9763736263736262,0.0,0.010084014845665477,0.0,0.0016975341296835403,1.0588106095083663,0.0,False,81,trajectory-corridor recovery
final,oracle_upper_bound_non_admissible,False,6303,relational_twist,0.25,0.7,0.05,0.09501151087324146,0.0,1.0,0.24999999999999997,2.5283740153504837e-11,0.999999999898865,1.0,1.0,1.0,0.9999999999999998,0.0,1.0814260594133039e-16,0.0,0.008928571428571428,1.0,2.7755575615628914e-17,False,4,identity-preserving adaptation
final,passive_relaxation,True,6303,relational_twist,0.5,0.7,0.05,0.2607338789865566,0.2607338789865566,0.0,0.49999999999999994,0.49999999999999994,0.0,0.782051282051282,0.7863247863247863,0.780522613253676,0.8896520146520145,0.0,1.799601742078908e-16,0.0,0.0,1.25,0.0,False,81,passive decay
final,operator_only_filtering,True,6303,relational_twist,0.5,0.7,0.05,0.2607338789865566,0.03667661165993247,0.8593331568475475,0.49999999999999994,0.9628791398764495,-0.9257582797528991,0.0,0.8333333333333334,0.2945954465890958,0.9077380952380951,0.0,0.9565322256237084,0.0,0.22872592772228245,0.0017020825999657491,1.5612511283791264e-17,False,81,wrong-attractor convergence
final,topology_altered,True,6303,relational_twist,0.5,0.7,0.05,0.2607338789865566,0.1276730621330008,0.5103319038198959,0.49999999999999994,0.9942239758809729,-0.988447951761946,0.03418803418803418,0.48717948717948717,0.12795949807211168,-0.08498168498168497,0.0,0.9751949942978477,0.046400257444711546,0.3101473726593238,0.014577821752584817,2.42861286636753e-17,False,81,wrong-attractor convergence
final,trivial_attractor,True,6303,relational_twist,0.5,0.7,0.05,0.2607338789865566,0.049996234862333885,0.8082480303032975,0.49999999999999994,0.9999942472462104,-0.9999884944924211,0.0,0.7863247863247863,5.3524467108812626e-05,0.8896520146520145,0.0,0.9999942472420735,0.0,0.09408602150226263,4.136777970007887e-11,2.117582368135751e-22,False,81,wrong-attractor convergence
final,identity_scrambled,True,6303,relational_twist,0.5,0.7,0.05,0.2607338789865566,0.2537331606285646,0.02685005257162205,0.49999999999999994,0.9693537387489327,-0.9387074774978656,0.1367521367521367,0.5299145299145299,0.22079957956367455,0.10769230769230768,0.0,0.9390846536410162,0.0,0.10867253252046499,0.07575268048543726,5.204170427930421e-17,False,81,wrong-attractor convergence
final,signal_blind,True,6303,relational_twist,0.5,0.7,0.05,0.2607338789865566,2.0662773535601455,-6.924851812858131,0.49999999999999994,2.634793472948902,-4.269586945897805,0.5982905982905983,0.6025641025641025,0.599237415092643,0.4577380952380951,0.0,0.7253436687385751,6.924851812858131,7.002279856839673,8.85736586133732,1.1102230246251565e-16,False,81,unstable correction
final,parameter_budget_matched,True,6303,relational_twist,0.5,0.7,0.05,0.2607338789865566,0.03667661165993247,0.8593331568475475,0.49999999999999994,0.9628791398764495,-0.9257582797528991,0.0,0.8333333333333334,0.2945954465890958,0.9077380952380951,0.0,0.9565322256237084,0.0,0.22872592772228245,0.0017020825999657491,1.5612511283791264e-17,False,81,wrong-attractor convergence
final,memory_ablation,True,6303,relational_twist,0.5,0.7,0.05,0.2607338789865566,0.2607338789865566,0.0,0.49999999999999994,0.49999999999999994,0.0,0.782051282051282,0.7863247863247863,0.780522613253676,0.8896520146520145,0.0,1.799601742078908e-16,0.0,0.0,1.25,0.0,False,81,no recovery
final,redundancy_ablation,True,6303,relational_twist,0.5,0.7,0.05,0.2607338789865566,0.1708788493995867,0.34462352930975576,0.49999999999999994,0.41762147364038027,0.16475705271923938,0.7991452991452992,0.8803418803418803,0.839691874223352,0.9257326007326007,0.0,0.045078130074452175,0.0,0.012079802049671032,1.21599458776937,8.326672684688674e-17,False,81,trajectory-corridor recovery
final,oracle_upper_bound_non_admissible,False,6303,relational_twist,0.5,0.7,0.05,0.2607338789865566,0.0,1.0,0.49999999999999994,5.0567484770397185e-11,0.999999999898865,1.0,1.0,1.0,0.9999999999999998,0.0,1.8969467953920764e-16,0.0,0.03571428571428571,1.0,8.326672684688674e-17,False,6,identity-preserving adaptation
final,passive_relaxation,True,6303,relational_twist,0.8,0.7,0.05,0.5102289888259742,0.5102289888259742,0.0,0.8,0.8,0.0,0.7094017094017093,0.7264957264957265,0.7135900544377742,0.742628205128205,0.0,1.799601742078908e-16,0.0,0.0,1.6400000000000001,0.0,False,81,passive decay
final,operator_only_filtering,True,6303,relational_twist,0.8,0.7,0.05,0.5102289888259742,0.03704966920751625,0.9273861932212697,0.8,0.962825834870235,-0.20353229358779368,0.0,0.8247863247863247,0.29481147289866194,0.9062728937728936,0.0,0.9564934346016724,0.0,0.4389087629242554,0.0017083227398189047,1.734723475976807e-17,False,81,wrong-attractor convergence
final,topology_altered,True,6303,relational_twist,0.8,0.7,0.05,0.5102289888259742,0.15971305443918185,0.6869776944530767,0.8,0.9620616616850369,-0.2025770771062961,0.11965811965811968,0.5427350427350427,0.21310773087196286,0.16689560439560439,0.0,0.891651874230985,0.0,0.3092870291132528,0.15601469665397172,1.3877787807814457e-17,False,81,wrong-attractor convergence
final,trivial_attractor,True,6303,relational_twist,0.8,0.7,0.05,0.5102289888259742,0.04999613543834805,0.9020123581112315,0.8,0.9999942472526638,-0.24999280906582974,0.0,0.7264957264957265,6.388205702133422e-05,0.742628205128205,0.0,0.9999942472420735,0.0,0.12344086021096856,5.427452696650348e-11,4.235164736271502e-22,False,81,wrong-attractor convergence
final,identity_scrambled,True,6303,relational_twist,0.8,0.7,0.05,0.5102289888259742,0.16049094101568298,0.685453111190391,0.8,0.954850383165711,-0.19356297895713873,0.2692307692307693,0.5555555555555556,0.33628371405282964,0.45874542124542117,0.0,0.94280180791549,0.0,0.1944161169474508,0.045479273878401845,1.0408340855860843e-17,False,81,wrong-attractor convergence
final,signal_blind,True,6303,relational_twist,0.8,0.7,0.05,0.5102289888259742,7.815242273752576,-14.3171271035291,0.8,8.380054335602594,-9.475067919503243,0.5341880341880342,0.5341880341880342,0.5341880341880342,0.07509157509157507,0.0,2.986512670655863,14.3171271035291,94.30687334508096,70.16181314876934,1.3877787807814457e-16,False,81,unstable correction
final,parameter_budget_matched,True,6303,relational_twist,0.8,0.7,0.05,0.5102289888259742,0.03704966920751625,0.9273861932212697,0.8,0.962825834870235,-0.20353229358779368,0.0,0.8247863247863247,0.29481147289866194,0.9062728937728936,0.0,0.9564934346016724,0.0,0.4389087629242554,0.0017083227398189047,1.734723475976807e-17,False,81,wrong-attractor convergence
final,memory_ablation,True,6303,relational_twist,0.8,0.7,0.05,0.5102289888259742,0.5102289888259742,0.0,0.8,0.8,0.0,0.7094017094017093,0.7264957264957265,0.7135900544377742,0.742628205128205,0.0,1.799601742078908e-16,0.0,0.0,1.6400000000000001,0.0,False,81,no recovery
final,redundancy_ablation,True,6303,relational_twist,0.8,0.7,0.05,0.5102289888259742,0.30710795848161404,0.3980977850978974,0.8,0.6222552429549916,0.2221809463062606,0.7393162393162394,0.8376068376068376,0.799995889560005,0.8488553113553113,0.0,0.10950356023334816,0.0,0.0451461577180396,1.506837023223159,2.7755575615628914e-17,False,81,trajectory-corridor recovery
final,oracle_upper_bound_non_admissible,False,6303,relational_twist,0.8,0.7,0.05,0.5102289888259742,0.0,1.0,0.8,8.090792411934924e-11,0.9999999998988651,1.0,1.0,1.0,0.9999999999999998,0.0,1.3413439425718276e-16,0.0,0.09142857142857143,1.0,0.0,False,8,identity-preserving adaptation
final,passive_relaxation,True,6303,relational_twist,1.1,0.7,0.05,0.7815521306793926,0.7815521306793926,0.0,1.1,1.1,0.0,0.688034188034188,0.6923076923076923,0.6881963223037678,0.6119047619047618,0.0,1.8969467953920764e-16,0.0,0.0,2.21,0.0,False,81,passive decay
final,operator_only_filtering,True,6303,relational_twist,1.1,0.7,0.05,0.7815521306793926,0.03684411233392637,0.9528577673994717,1.1,0.962655493409326,0.12485864235515826,0.0,0.8247863247863247,0.29622396635732434,0.906730769230769,0.0,0.9562870417745772,0.0,0.7455957740290355,0.0017238357138219364,2.688821387764051e-17,False,81,wrong-attractor convergence
final,topology_altered,True,6303,relational_twist,1.1,0.7,0.05,0.7815521306793926,0.2319893022384484,0.7031684859757426,1.1,1.0248956730755188,0.06827666084043756,0.07264957264957261,0.5512820512820513,0.19897118984887519,0.0901098901098901,0.0,1.003447595407843,0.0,0.42457121120606034,0.04062201687369315,2.2551405187698492e-17,False,81,wrong-attractor convergence
final,trivial_attractor,True,6303,relational_twist,1.1,0.7,0.05,0.7815521306793926,0.04999603613281486,0.9360298127658433,1.1,0.9999942472620957,0.09091432067082213,0.0,0.6923076923076923,7.53354319228951e-05,0.6119047619047618,0.0,0.9999942472420735,0.0,0.16634408601600034,7.313823450973949e-11,1.0587911840678754e-21,False,81,wrong-attractor convergence
final,identity_scrambled,True,6303,relational_twist,1.1,0.7,0.05,0.7815521306793926,0.06103554394641197,0.9219047053286713,1.1,1.001560106072885,0.08949081266101377,0.042735042735042694,0.47435897435897434,0.14266379143044688,-0.077014652014652,0.0,1.000004301749492,0.0,0.2979229038239526,0.0005268697181360245,1.452830911130576e-17,False,81,wrong-attractor convergence
final,signal_blind,True,6303,relational_twist,1.1,0.7,0.05,0.7815521306793926,16.788539235994982,-20.481022924729196,1.1,16.888193663507675,-14.352903330461523,0.4487179487179487,0.44871794871794873,0.44871794871794873,-0.15590659340659338,0.0,7.956892202299772,21.13904063193941,390.01647622402777,278.0752748111314,1.0547118733938987e-15,False,81,unstable correction
final,parameter_budget_matched,True,6303,relational_twist,1.1,0.7,0.05,0.7815521306793926,0.03684411233392637,0.9528577673994717,1.1,0.962655493409326,0.12485864235515826,0.0,0.8247863247863247,0.29622396635732434,0.906730769230769,0.0,0.9562870417745772,0.0,0.7455957740290355,0.0017238357138219364,2.688821387764051e-17,False,81,wrong-attractor convergence
final,memory_ablation,True,6303,relational_twist,1.1,0.7,0.05,0.7815521306793926,0.7815521306793926,0.0,1.1,1.1,0.0,0.688034188034188,0.6923076923076923,0.6881963223037678,0.6119047619047618,0.0,1.8969467953920764e-16,0.0,0.0,2.21,0.0,False,81,no recovery
final,redundancy_ablation,True,6303,relational_twist,1.1,0.7,0.05,0.7815521306793926,0.44769558945685717,0.42717117402305393,1.1,0.8232897964200312,0.2515547305272444,0.7222222222222222,0.8247863247863247,0.783235508573019,0.7754578754578754,0.0,0.18151595663578812,0.0,0.0954657220371825,1.8928545546206226,2.7755575615628914e-17,False,81,trajectory-corridor recovery
final,oracle_upper_bound_non_admissible,False,6303,relational_twist,1.1,0.7,0.05,0.7815521306793926,0.0,1.0,1.1,1.1124840830720775e-10,0.9999999998988651,1.0,1.0,1.0,0.9999999999999998,0.0,2.7489370679503306e-16,0.0,0.17285714285714288,1.0,0.0,False,9,identity-preserving adaptation
final,passive_relaxation,True,6304,localized_block_shock,0.25,0.7,0.05,0.15111564090877833,0.15111564090877833,0.0,0.25,0.25,0.0,0.9576271186440678,0.9661016949152542,0.9582580418024931,0.9743131868131867,0.0,5.713825747483368e-17,0.0,0.0,1.0554072355208244,0.0,False,81,passive decay
final,operator_only_filtering,True,6304,localized_block_shock,0.25,0.7,0.05,0.15111564090877833,0.030651719446462358,0.797163819296737,0.25,0.9608551191509863,-2.8434204766039453,0.0,0.9449152542372882,0.30028462391621435,0.9697344322344321,0.0,0.9586050951275693,0.0,0.12714857551459552,0.0016452143591978443,3.642919299551295e-17,False,1,wrong-attractor convergence
final,topology_altered,True,6304,localized_block_shock,0.25,0.7,0.05,0.15111564090877833,0.26104415004343273,-0.7274462687883729,0.25,0.9833801669594661,-2.9335206678378642,0.14406779661016944,0.5211864406779662,0.2246043261685149,-0.01227106227106227,0.0,0.9335168230013006,1.3171124877834228,0.2318365142588169,0.10059954871947523,5.2909066017292616e-17,False,81,unstable correction
final,trivial_attractor,True,6304,localized_block_shock,0.25,0.7,0.05,0.15111564090877833,0.049996487051130356,0.669150812249071,0.25,0.9999942676445861,-2.9999770705783444,0.0,0.9661016949152542,4.539608052396364e-05,0.9743131868131867,0.0,0.9999942472420734,0.0,0.07943925428388468,3.492788321031579e-11,1.0587911840678754e-21,False,81,wrong-attractor convergence
final,identity_scrambled,True,6304,localized_block_shock,0.25,0.7,0.05,0.15111564090877833,0.26475719311759527,-0.752017140816133,0.25,0.9392044954702841,-2.7568179818811362,0.3771186440677966,0.6016949152542372,0.4305166227702911,0.47074175824175823,0.0,0.8708741003829004,0.7536441995898484,0.07876788115976899,0.10263048978608762,3.469446951953614e-17,False,81,unstable correction
final,signal_blind,True,6304,localized_block_shock,0.25,0.7,0.05,0.15111564090877833,0.37543392305847256,-1.4844147223986235,0.25,0.6080821174378438,-1.4323284697513752,0.6652542372881356,0.6864406779661016,0.6699465096761018,0.8377747252747251,0.0,0.1392723870532029,1.4844147223986233,0.2865090280146271,1.1067807674456653,8.326672684688674e-17,False,81,unstable correction
final,parameter_budget_matched,True,6304,localized_block_shock,0.25,0.7,0.05,0.15111564090877833,0.030651719446462358,0.797163819296737,0.25,0.9608551191509863,-2.8434204766039453,0.0,0.9449152542372882,0.30028462391621435,0.9697344322344321,0.0,0.9586050951275693,0.0,0.12714857551459552,0.0016452143591978443,3.642919299551295e-17,False,1,wrong-attractor convergence
final,memory_ablation,True,6304,localized_block_shock,0.25,0.7,0.05,0.15111564090877833,0.15111564090877833,0.0,0.25,0.25,0.0,0.9576271186440678,0.9661016949152542,0.9582580418024931,0.9743131868131867,0.0,5.713825747483368e-17,0.0,0.0,1.0554072355208244,0.0,False,81,no recovery
final,redundancy_ablation,True,6304,localized_block_shock,0.25,0.7,0.05,0.15111564090877833,0.08048343740095108,0.4674049825885641,0.25,0.1756395449509358,0.29744182019625676,0.9491525423728814,0.9788135593220338,0.9635732282297214,0.9898351648351646,0.0,0.012734945089810578,0.0,0.0026836338932658284,1.047930596635166,0.0,False,81,identity-preserving adaptation
final,oracle_upper_bound_non_admissible,False,6304,localized_block_shock,0.25,0.7,0.05,0.15111564090877833,0.0,1.0,0.25,2.5283723031899425e-11,0.9999999998988651,1.0,1.0,1.0,0.9999999999999998,0.0,5.702698520277693e-17,0.0,0.008928571428571428,0.9999999999992828,0.0,False,5,identity-preserving adaptation
final,passive_relaxation,True,6304,localized_block_shock,0.5,0.7,0.05,0.3998449255278951,0.3998449255278951,0.0,0.5,0.5,0.0,0.9533898305084746,0.9533898305084746,0.9533898305084746,0.9283882783882783,0.0,1.2751621546528386e-16,0.0,0.0,1.2358144710416488,0.0,False,81,passive decay
final,operator_only_filtering,True,6304,localized_block_shock,0.5,0.7,0.05,0.3998449255278951,0.030240041823730496,0.9243705749577636,0.5,0.9599350952304466,-0.9198701904608932,0.0,0.9449152542372882,0.3075258290531807,0.9711538461538459,0.0,0.9577742854375673,0.0,0.24934256867254712,0.0017135479208710716,3.8163916471489756e-17,False,2,wrong-attractor convergence
final,topology_altered,True,6304,localized_block_shock,0.5,0.7,0.05,0.3998449255278951,0.24496906931498363,0.3873398068224492,0.5,1.0170761667279413,-1.0341523334558826,0.13983050847457623,0.4279661016949153,0.20323119113292026,-0.27628205128205124,0.0,0.9839302172513686,0.0,0.27449346142001746,0.05570605664108575,7.112366251504909e-17,False,81,wrong-attractor convergence
final,trivial_attractor,True,6304,localized_block_shock,0.5,0.7,0.05,0.3998449255278951,0.049996438444935155,0.8749604277735239,0.5,0.9999942880491667,-0.9999885760983334,0.0,0.9533898305084746,4.983171618116441e-05,0.9283882783882783,0.0,0.9999942472420734,0.0,0.09301829351618551,4.089832063057637e-11,8.470329472543003e-22,False,81,wrong-attractor convergence
final,identity_scrambled,True,6304,localized_block_shock,0.5,0.7,0.05,0.3998449255278951,0.06915983533221298,0.8270333548915126,0.5,0.9427504938032524,-0.8855009876065048,0.31779661016949157,0.6949152542372882,0.4075962396625196,0.6906135531135531,0.0,0.9374550134193852,0.0,0.11985185383527933,0.009272761796724923,5.724587470723463e-17,False,81,wrong-attractor convergence
final,signal_blind,True,6304,localized_block_shock,0.5,0.7,0.05,0.3998449255278951,8.95477733799923,-21.39562581962667,0.5,9.739130413073898,-18.478260826147796,0.4915254237288136,0.4915254237288136,0.4915254237288136,0.053891941391941374,0.0,2.87162012416085,21.6508587639515,91.08707378617433,94.13467766291348,3.0531133177191805e-16,False,81,unstable correction
final,parameter_budget_matched,True,6304,localized_block_shock,0.5,0.7,0.05,0.3998449255278951,0.030240041823730496,0.9243705749577636,0.5,0.9599350952304466,-0.9198701904608932,0.0,0.9449152542372882,0.3075258290531807,0.9711538461538459,0.0,0.9577742854375673,0.0,0.24934256867254712,0.0017135479208710716,3.8163916471489756e-17,False,2,wrong-attractor convergence
final,memory_ablation,True,6304,localized_block_shock,0.5,0.7,0.05,0.3998449255278951,0.3998449255278951,0.0,0.5,0.5,0.0,0.9533898305084746,0.9533898305084746,0.9533898305084746,0.9283882783882783,0.0,1.2751621546528386e-16,0.0,0.0,1.2358144710416488,0.0,False,81,no recovery
final,redundancy_ablation,True,6304,localized_block_shock,0.5,0.7,0.05,0.3998449255278951,0.13585249281630327,0.660237046557627,0.5,0.2634233687746733,0.47315326245065337,0.9279661016949152,0.9491525423728814,0.9412054046608544,0.9788003663003663,0.0,0.04500438825826234,0.0,0.029551958279969526,1.1423607789790609,2.7755575615628914e-17,False,81,trajectory-corridor recovery
final,oracle_upper_bound_non_admissible,False,6304,localized_block_shock,0.5,0.7,0.05,0.3998449255278951,0.0,1.0,0.5,5.056745950790966e-11,0.9999999998988651,1.0,1.0,1.0,0.9999999999999998,0.0,5.702698520277693e-17,0.0,0.03571428571428571,0.9999999999985655,0.0,False,7,identity-preserving adaptation
final,passive_relaxation,True,6304,localized_block_shock,0.8,0.7,0.05,0.7167679699651518,0.7167679699651518,0.0,0.8,0.8,0.0,0.9533898305084746,0.9533898305084746,0.9533898305084746,0.8867216117216116,0.0,1.1494156332829876e-16,0.0,0.0,1.6173031536666382,0.0,False,81,passive decay
final,operator_only_filtering,True,6304,localized_block_shock,0.8,0.7,0.05,0.7167679699651518,0.03060237454201801,0.9573050473453693,0.8,0.9603918097607612,-0.20048976220095147,0.0,0.9449152542372882,0.3026217677422237,0.9721611721611721,0.0,0.9582330005274463,0.0,0.5045302334939917,0.0016740931769978653,4.336808689942018e-17,False,2,wrong-attractor convergence
final,topology_altered,True,6304,localized_block_shock,0.8,0.7,0.05,0.7167679699651518,0.20894613297905917,0.7084884624668457,0.8,0.9882409032490868,-0.2353011290613584,0.1313559322033898,0.5127118644067796,0.20738208516762635,-0.14913003663003663,0.0,0.9630268448398197,0.0,0.23816378406837124,0.042765641795939495,8.586881206085195e-17,False,81,wrong-attractor convergence
final,trivial_attractor,True,6304,localized_block_shock,0.8,0.7,0.05,0.7167679699651518,0.04999638025072255,0.9302474687127087,0.8,0.999994312537393,-0.2499928906717412,0.0,0.9533898305084746,5.5316337085596466e-05,0.8867216117216116,0.0,0.9999942472420734,0.0,0.12173249543324519,5.3523392455299434e-11,1.0587911840678754e-21,False,81,wrong-attractor convergence
final,identity_scrambled,True,6304,localized_block_shock,0.8,0.7,0.05,0.7167679699651518,0.18352424875645695,0.7439558456199158,0.8,0.9658037104214547,-0.20725463802681837,0.07203389830508478,0.5550847457627118,0.18439256930210263,0.14780219780219778,0.0,0.9390912109231586,0.0,0.15462963123566528,0.05818543087898217,7.979727989493313e-17,False,81,wrong-attractor convergence
final,signal_blind,True,6304,localized_block_shock,0.8,0.7,0.05,0.7167679699651518,11.795625225998041,-15.456685734117732,0.8,13.001104816601414,-15.251381020751765,0.5466101694915254,0.5466101694915254,0.5466101694915254,0.28937728937728935,0.0,4.210436116765578,15.456685734117734,167.18740132708166,175.75965406587886,3.0531133177191805e-16,False,81,unstable correction
final,parameter_budget_matched,True,6304,localized_block_shock,0.8,0.7,0.05,0.7167679699651518,0.03060237454201801,0.9573050473453693,0.8,0.9603918097607612,-0.20048976220095147,0.0,0.9449152542372882,0.3026217677422237,0.9721611721611721,0.0,0.9582330005274463,0.0,0.5045302334939917,0.0016740931769978653,4.336808689942018e-17,False,2,wrong-attractor convergence
final,memory_ablation,True,6304,localized_block_shock,0.8,0.7,0.05,0.7167679699651518,0.7167679699651518,0.0,0.8,0.8,0.0,0.9533898305084746,0.9533898305084746,0.9533898305084746,0.8867216117216116,0.0,1.1494156332829876e-16,0.0,0.0,1.6173031536666382,0.0,False,81,no recovery
final,redundancy_ablation,True,6304,localized_block_shock,0.8,0.7,0.05,0.7167679699651518,0.21833769015674748,0.6953858161834956,0.8,0.3763414785434323,0.5295731518207096,0.9194915254237288,0.9449152542372882,0.934528961747043,0.9695054945054943,0.0,0.08684669333604637,0.0,0.10156915306807246,1.288828538405082,0.0,False,81,trajectory-corridor recovery
final,oracle_upper_bound_non_admissible,False,6304,localized_block_shock,0.8,0.7,0.05,0.7167679699651518,0.0,1.0,0.8,8.090793443202393e-11,0.9999999998988651,1.0,1.0,1.0,0.9999999999999998,0.0,5.702698520277693e-17,0.0,0.09142857142857146,0.9999999999977046,0.0,False,9,identity-preserving adaptation
final,passive_relaxation,True,6304,localized_block_shock,1.1,0.7,0.05,1.0368675461138546,1.0368675461138546,0.0,1.1,1.1,0.0,0.9533898305084746,0.9533898305084746,0.9533898305084746,0.8867216117216116,0.0,1.2771530413524953e-16,0.0,0.0,2.1787918362916274,0.0,False,81,passive decay
final,operator_only_filtering,True,6304,localized_block_shock,1.1,0.7,0.05,1.0368675461138546,0.030430891320316105,0.9706511295156549,1.1,0.9607612582032079,0.12658067436072015,0.0,0.9576271186440678,0.3001673526126175,0.9712912087912088,0.0,0.9586479210635489,0.0,0.8781658033957533,0.0016413616793553311,4.336808689942018e-17,False,3,wrong-attractor convergence
final,topology_altered,True,6304,localized_block_shock,1.1,0.7,0.05,1.0368675461138546,0.08532629420949923,0.9177076237661219,1.1,0.9980256715044535,0.0927039349959514,0.07627118644067798,0.461864406779661,0.17129879404708923,-0.09615384615384615,0.0,0.992050132520645,0.0,0.4329451621387461,0.011331000266494667,1.1535911115245767e-16,False,81,wrong-attractor convergence
final,trivial_attractor,True,6304,localized_block_shock,1.1,0.7,0.05,1.0368675461138546,0.04999632220184313,0.951781379994747,1.1,0.9999943370285972,0.09091423906491172,0.0,0.9533898305084746,6.0800957990028546e-05,0.8867216117216116,0.0,0.9999942472420734,0.0,0.1639950844466307,7.210542455683394e-11,1.2705494208814505e-21,False,81,wrong-attractor convergence
final,identity_scrambled,True,6304,localized_block_shock,1.1,0.7,0.05,1.0368675461138546,0.057170911439256414,0.944861895182725,1.1,0.9905011190741431,0.09954443720532456,0.0805084745762712,0.5296610169491526,0.1816197627554736,0.43054029304029307,0.0,0.9886293118172731,0.0,0.33809757362224707,0.001054172088561149,1.0408340855860843e-16,False,81,wrong-attractor convergence
final,signal_blind,True,6304,localized_block_shock,1.1,0.7,0.05,1.0368675461138546,9.02807760637654,-7.707069326466507,1.1,11.374985866033342,-9.340896241848492,0.5423728813559322,0.5423728813559322,0.5423728813559322,0.25467032967032965,0.0,4.149358991634531,7.707069326466508,105.501978432948,134.10503851759512,1.3877787807814457e-16,False,81,unstable correction
final,parameter_budget_matched,True,6304,localized_block_shock,1.1,0.7,0.05,1.0368675461138546,0.030430891320316105,0.9706511295156549,1.1,0.9607612582032079,0.12658067436072015,0.0,0.9576271186440678,0.3001673526126175,0.9712912087912088,0.0,0.9586479210635489,0.0,0.8781658033957533,0.0016413616793553311,4.336808689942018e-17,False,3,wrong-attractor convergence
final,memory_ablation,True,6304,localized_block_shock,1.1,0.7,0.05,1.0368675461138546,1.0368675461138546,0.0,1.1,1.1,0.0,0.9533898305084746,0.9533898305084746,0.9533898305084746,0.8867216117216116,0.0,1.2771530413524953e-16,0.0,0.0,2.1787918362916274,0.0,False,81,no recovery
final,redundancy_ablation,True,6304,localized_block_shock,1.1,0.7,0.05,1.0368675461138546,0.2998123545220553,0.7108479712324471,1.1,0.4871635344695699,0.5571240595731183,0.9152542372881356,0.9449152542372882,0.9329984783253863,0.9622710622710621,0.0,0.1325349248589801,0.0,0.2127718195284974,1.468528815550523,5.551115123125783e-17,False,81,trajectory-corridor recovery
final,oracle_upper_bound_non_admissible,False,6304,localized_block_shock,1.1,0.7,0.05,1.0368675461138546,0.0,1.0,1.1,1.1124838420265261e-10,0.9999999998988651,1.0,1.0,1.0,0.9999999999999998,0.0,1.1405397040555386e-16,0.0,0.17285714285714288,0.999999999996844,0.0,False,10,identity-preserving adaptation
final,passive_relaxation,True,6304,sparse_node_corruption,0.25,0.7,0.05,0.1263393082717277,0.1263393082717277,0.0,0.25,0.25,0.0,0.9110169491525424,0.9194915254237288,0.9132143527901411,0.9630036630036629,0.0,0.06091180240374924,0.0,0.0,1.0284412204271347,0.0,False,81,passive decay
final,operator_only_filtering,True,6304,sparse_node_corruption,0.25,0.7,0.05,0.1263393082717277,0.030389639491679048,0.7594601402572372,0.25,0.9602532945078245,-2.841013178031298,0.0,0.9279661016949152,0.30639343184570766,0.9697344322344321,-14.727121991491472,0.9579673471253879,0.0,0.12031982215406402,0.0017024589635996562,1.214306433183765e-17,False,2,wrong-attractor convergence
final,topology_altered,True,6304,sparse_node_corruption,0.25,0.7,0.05,0.1263393082717277,0.19167594054909037,-0.5171520500716857,0.25,0.9755408365488866,-2.9021633461955463,0.14830508474576276,0.5211864406779662,0.21992727076706653,-0.05361721611721611,-14.479282640409094,0.9428710055443846,0.8648050340049298,0.19136834245875928,0.07269022319567978,4.597017211338539e-17,False,81,unstable correction
final,trivial_attractor,True,6304,sparse_node_corruption,0.25,0.7,0.05,0.1263393082717277,0.049996628301979304,0.6042670409873727,0.25,0.99999434520906,-2.99997738083624,0.0,0.9194915254237288,4.41506523007951e-05,0.9630036630036629,-15.417087495471128,0.9999943895692,0.0,0.0774095542231365,3.403546387288798e-11,2.117582368135751e-22,False,81,wrong-attractor convergence
final,identity_scrambled,True,6304,sparse_node_corruption,0.25,0.7,0.05,0.1263393082717277,0.20191864177362703,-0.5982250064195778,0.25,0.9774547198321989,-2.9098188793287956,0.11440677966101698,0.5423728813559322,0.21559024840094662,0.294551282051282,-14.621194650344039,0.9515151218522608,0.5985708769409235,0.06806994951969023,0.043620746760485635,3.2959746043559335e-17,False,81,unstable correction
final,signal_blind,True,6304,sparse_node_corruption,0.25,0.7,0.05,0.1263393082717277,0.4986761677201956,-2.947118078624067,0.25,0.6919966498123973,-1.7679865992495891,0.6864406779661016,0.7245762711864406,0.6928777187572179,0.7746794871794871,-1.0693620630480516,0.1260485730861978,3.3837556838734963,0.534826457838757,1.2388034656558946,5.551115123125783e-17,False,81,unstable correction
final,parameter_budget_matched,True,6304,sparse_node_corruption,0.25,0.7,0.05,0.1263393082717277,0.030389639491679048,0.7594601402572372,0.25,0.9602532945078245,-2.841013178031298,0.0,0.9279661016949152,0.30639343184570766,0.9697344322344321,-14.727121991491472,0.9579673471253879,0.0,0.12031982215406402,0.0017024589635996562,1.214306433183765e-17,False,2,wrong-attractor convergence
final,memory_ablation,True,6304,sparse_node_corruption,0.25,0.7,0.05,0.1263393082717277,0.1263393082717277,0.0,0.25,0.25,0.0,0.9110169491525424,0.9194915254237288,0.9132143527901411,0.9630036630036629,0.0,0.06091180240374924,0.0,0.0,1.0284412204271347,0.0,False,81,no recovery
final,redundancy_ablation,True,6304,sparse_node_corruption,0.25,0.7,0.05,0.1263393082717277,0.12278444588904817,0.02813742160938396,0.25,0.24637871090719637,0.014485156371214503,0.9110169491525424,0.9279661016949152,0.918908649558441,0.9647893772893773,0.00850222809239594,0.060393916366193616,0.0,7.211176605081786e-05,1.028365120701261,2.7755575615628914e-17,False,81,trajectory-corridor recovery
final,oracle_upper_bound_non_admissible,False,6304,sparse_node_corruption,0.25,0.7,0.05,0.1263393082717277,0.0,1.0,0.25,2.528372774668565e-11,0.9999999998988651,1.0,1.0,1.0,0.9999999999999998,0.9999999998988649,6.1603234131807205e-12,0.0,0.008928571428571428,0.9999999999965555,2.7755575615628914e-17,True,4,exact-state recovery
final,passive_relaxation,True,6304,sparse_node_corruption,0.5,0.7,0.05,0.34079523491476094,0.34079523491476094,0.0,0.5,0.5,0.0,0.864406779661017,0.864406779661017,0.8640227133719217,0.8883241758241758,0.0,0.12182360480749846,0.0,0.0,1.1818824408542694,0.0,False,81,passive decay
final,operator_only_filtering,True,6304,sparse_node_corruption,0.5,0.7,0.05,0.34079523491476094,0.030205743489316747,0.91136688429088,0.5,0.9599276656711342,-0.9198553313422684,0.0,0.9322033898305084,0.31149191189637393,0.967032967032967,-6.862793033698926,0.9578737912204899,0.0,0.22351865870330168,0.0017386841227312595,2.3418766925686896e-17,False,3,wrong-attractor convergence
final,topology_altered,True,6304,sparse_node_corruption,0.5,0.7,0.05,0.34079523491476094,0.11133028109126815,0.6733220723608009,0.5,1.0117879477186646,-1.0235758954373293,0.0847457627118644,0.4788135593220339,0.16541554016925902,-0.22005494505494505,-7.296815098835725,1.0107479237614496,0.0,0.267987330685568,0.007195632979869462,8.673617379884035e-18,False,81,wrong-attractor convergence
final,trivial_attractor,True,6304,sparse_node_corruption,0.5,0.7,0.05,0.34079523491476094,0.049996720926314214,0.8532939554192437,0.5,0.9999944431781054,-0.9999888863562107,0.0,0.864406779661017,4.838686405819599e-05,0.8883241758241758,-7.208544916041406,0.9999945318964288,0.0,0.08895889339468915,3.911348195572075e-11,0.0,False,81,wrong-attractor convergence
final,identity_scrambled,True,6304,sparse_node_corruption,0.5,0.7,0.05,0.34079523491476094,0.05909295666168184,0.8266027496644368,0.5,0.9882691220345055,-0.9765382440690109,0.1694915254237288,0.5847457627118644,0.2628695932428244,0.2252289377289377,-7.087239093127193,0.9852166192648794,0.0,0.09514376741213723,0.002880169683044502,3.642919299551295e-17,False,81,wrong-attractor convergence
final,signal_blind,True,6304,sparse_node_corruption,0.5,0.7,0.05,0.34079523491476094,3.1629196214153183,-8.280997201168091,0.5,3.2409778869068,-5.4819557738136,0.5296610169491525,0.5296610169491526,0.5296610169491526,0.12019230769230768,-4.674393795522439,0.6912751072678468,8.280997201168091,10.938204404097029,10.056026163427855,1.3877787807814457e-16,False,81,unstable correction
final,parameter_budget_matched,True,6304,sparse_node_corruption,0.5,0.7,0.05,0.34079523491476094,0.030205743489316747,0.91136688429088,0.5,0.9599276656711342,-0.9198553313422684,0.0,0.9322033898305084,0.31149191189637393,0.967032967032967,-6.862793033698926,0.9578737912204899,0.0,0.22351865870330168,0.0017386841227312595,2.3418766925686896e-17,False,3,wrong-attractor convergence
final,memory_ablation,True,6304,sparse_node_corruption,0.5,0.7,0.05,0.34079523491476094,0.34079523491476094,0.0,0.5,0.5,0.0,0.864406779661017,0.864406779661017,0.8640227133719217,0.8883241758241758,0.0,0.12182360480749846,0.0,0.0,1.1818824408542694,0.0,False,81,no recovery
final,redundancy_ablation,True,6304,sparse_node_corruption,0.5,0.7,0.05,0.34079523491476094,0.2512988088986254,0.26261055568608593,0.5,0.4217325273411641,0.15653494531767176,0.8601694915254238,0.8983050847457628,0.8840042343884931,0.9264652014652013,0.04148286569490865,0.11677001257079937,0.0,0.005488762358171645,1.1668019060148223,0.0,False,81,trajectory-corridor recovery
final,oracle_upper_bound_non_admissible,False,6304,sparse_node_corruption,0.5,0.7,0.05,0.34079523491476094,0.0,1.0,0.5,5.056744589322344e-11,0.9999999998988651,1.0,1.0,1.0,0.9999999999999998,0.999999999898865,1.2320628913414236e-11,0.0,0.03571428571428571,0.999999999993111,5.551115123125783e-17,True,7,exact-state recovery
final,passive_relaxation,True,6304,sparse_node_corruption,0.8,0.7,0.05,0.6352955669635529,0.6352955669635529,0.0,0.8000000000000002,0.8000000000000002,0.0,0.8559322033898304,0.8559322033898306,0.8559322033898306,0.8019230769230768,0.0,0.1949177676919976,0.0,0.0,1.5310119053668316,0.0,False,81,passive decay
final,operator_only_filtering,True,6304,sparse_node_corruption,0.8,0.7,0.05,0.6352955669635529,0.030741403333666137,0.951610864403482,0.8000000000000002,0.9601117424184343,-0.2001396780230427,0.0,0.8940677966101694,0.3156619204083521,0.9528388278388277,-3.9149017022969486,0.95800166823732,0.0,0.43988454350201395,0.0017880516395889462,1.0408340855860843e-17,False,81,wrong-attractor convergence
final,topology_altered,True,6304,sparse_node_corruption,0.8,0.7,0.05,0.6352955669635529,0.21254866453070617,0.6654334209404295,0.8000000000000002,1.033746431359798,-0.29218303919974714,0.06779661016949157,0.5,0.155933935041211,-0.029487179487179487,-4.206545779789176,1.0148482807826968,0.0,0.3166836933821479,0.03556108649875019,1.5612511283791264e-17,False,81,wrong-attractor convergence
final,trivial_attractor,True,6304,sparse_node_corruption,0.8,0.7,0.05,0.6352955669635529,0.049996832181915855,0.9213014622140686,0.8000000000000002,0.9999945607436773,-0.2499932009295964,0.0,0.8559322033898306,5.5240575915915793e-05,0.8019230769230768,-4.130341448755951,0.9999947026892388,0.0,0.11523745523885101,5.0667650575530484e-11,4.235164736271502e-22,False,81,wrong-attractor convergence
final,identity_scrambled,True,6304,sparse_node_corruption,0.8,0.7,0.05,0.6352955669635529,0.0709087986732263,0.8883845530165735,0.8000000000000002,0.9829330038085363,-0.22866625476067015,0.22457627118644063,0.5677966101694916,0.30287378885732164,0.37147435897435893,-4.054473524118178,0.9852066961794194,0.0,0.1586365337936994,0.003957831490675453,9.107298248878237e-18,False,81,wrong-attractor convergence
final,signal_blind,True,6304,sparse_node_corruption,0.8,0.7,0.05,0.6352955669635529,25.747239438303858,-39.52796962107715,0.8000000000000002,25.43677184034783,-30.79596480043478,0.4576271186440678,0.4576271186440678,0.4576271186440678,-0.18956043956043953,-57.51360136282766,11.405340557261795,39.52796962107715,516.7521301544058,635.5374791963268,0.0,False,81,unstable correction
final,parameter_budget_matched,True,6304,sparse_node_corruption,0.8,0.7,0.05,0.6352955669635529,0.030741403333666137,0.951610864403482,0.8000000000000002,0.9601117424184343,-0.2001396780230427,0.0,0.8940677966101694,0.3156619204083521,0.9528388278388277,-3.9149017022969486,0.95800166823732,0.0,0.43988454350201395,0.0017880516395889462,1.0408340855860843e-17,False,81,wrong-attractor convergence
final,memory_ablation,True,6304,sparse_node_corruption,0.8,0.7,0.05,0.6352955669635529,0.6352955669635529,0.0,0.8000000000000002,0.8000000000000002,0.0,0.8559322033898304,0.8559322033898306,0.8559322033898306,0.8019230769230768,0.0,0.1949177676919976,0.0,0.0,1.5310119053668316,0.0,False,81,no recovery
final,redundancy_ablation,True,6304,sparse_node_corruption,0.8,0.7,0.05,0.6352955669635529,0.3746352283546079,0.4102977451185319,0.8000000000000002,0.603610789563095,0.2454865130461314,0.8220338983050848,0.864406779661017,0.8414930771000707,0.8902930402930401,0.030181282788342745,0.1890348994248129,0.0,0.030188399405992765,1.4213860607147986,2.7755575615628914e-17,False,81,trajectory-corridor recovery
final,oracle_upper_bound_non_admissible,False,6304,sparse_node_corruption,0.8,0.7,0.05,0.6352955669635529,0.0,1.0,0.8000000000000002,8.090791622684606e-11,0.9999999998988651,1.0,1.0,1.0,0.9999999999999998,0.9999999998988651,1.971297252840067e-11,0.0,0.09142857142857147,0.9999999999889775,2.7755575615628914e-17,True,8,exact-state recovery
final,passive_relaxation,True,6304,sparse_node_corruption,1.1,0.7,0.05,0.9413889315794105,0.9413889315794105,0.0,1.1,1.1,0.0,0.8559322033898304,0.8559322033898306,0.8559322033898306,0.7271062271062271,0.0,0.26801193057649664,0.0,0.0,2.060141369879393,0.0,False,81,passive decay
final,operator_only_filtering,True,6304,sparse_node_corruption,1.1,0.7,0.05,0.9413889315794105,0.03195832103778706,0.9660519473240787,1.1,0.9613442672438408,0.12605066614196297,0.0,0.8771186440677966,0.3073565608341929,0.9401556776556775,-2.579344723633886,0.9593070895799146,0.0,0.7571206906149011,0.0017464489880942122,1.9081958235744878e-17,False,81,wrong-attractor convergence
final,topology_altered,True,6304,sparse_node_corruption,1.1,0.7,0.05,0.9413889315794105,0.058873527732961194,0.937460994326557,1.1,1.0031933127821062,0.08800607928899443,0.025423728813559365,0.5,0.13707869561117586,-0.10393772893772893,-2.7422474813040805,1.0029669721593386,0.0,0.41581314387415824,0.0004485968252048123,3.859759734048396e-17,False,81,wrong-attractor convergence
final,trivial_attractor,True,6304,sparse_node_corruption,1.1,0.7,0.05,0.9413889315794105,0.049996943553589204,0.9468902364618765,1.1,0.9999946783122139,0.09091392880707835,0.0,0.8559322033898306,6.2178133580147e-05,0.7271062271062271,-2.7311580545358423,0.9999948734821964,0.0,0.1550644041793387,6.817877947215158e-11,0.0,False,81,wrong-attractor convergence
final,identity_scrambled,True,6304,sparse_node_corruption,1.1,0.7,0.05,0.9413889315794105,0.17621024162475096,0.8128188725045714,1.1,0.9704679140860983,0.11775644173991068,0.15677966101694918,0.5720338983050848,0.25526772828059763,0.4291208791208791,-2.5182000765059516,0.9429195946587382,0.0,0.22814954807423668,0.03571562410655128,2.0816681711721685e-17,False,81,wrong-attractor convergence
final,signal_blind,True,6304,sparse_node_corruption,1.1,0.7,0.05,0.9413889315794105,32.731396004426024,-33.7692594489199,1.1,34.188153125734665,-30.080139205213328,0.47881355932203384,0.4788135593220339,0.4788135593220339,-0.028067765567765565,-26.00393253210516,7.237376091086967,33.7692594489199,1519.3137932841819,1169.8423767355239,8.604228440844963e-16,False,81,unstable correction
final,parameter_budget_matched,True,6304,sparse_node_corruption,1.1,0.7,0.05,0.9413889315794105,0.03195832103778706,0.9660519473240787,1.1,0.9613442672438408,0.12605066614196297,0.0,0.8771186440677966,0.3073565608341929,0.9401556776556775,-2.579344723633886,0.9593070895799146,0.0,0.7571206906149011,0.0017464489880942122,1.9081958235744878e-17,False,81,wrong-attractor convergence
final,memory_ablation,True,6304,sparse_node_corruption,1.1,0.7,0.05,0.9413889315794105,0.9413889315794105,0.0,1.1,1.1,0.0,0.8559322033898304,0.8559322033898306,0.8559322033898306,0.7271062271062271,0.0,0.26801193057649664,0.0,0.0,2.060141369879393,0.0,False,81,no recovery
final,redundancy_ablation,True,6304,sparse_node_corruption,1.1,0.7,0.05,0.9413889315794105,0.5083599504360826,0.45998945453587997,1.1,0.7939433208526573,0.27823334467940253,0.7966101694915254,0.8389830508474576,0.8218683254439344,0.8596611721611721,0.008534718598780817,0.26572452416791026,0.0,0.08090725902012705,1.761217255633556,5.551115123125783e-17,False,81,trajectory-corridor recovery
final,oracle_upper_bound_non_admissible,False,6304,sparse_node_corruption,1.1,0.7,0.05,0.9413889315794105,0.0,1.0,1.1,1.1124837174910133e-10,0.9999999998988651,1.0,1.0,1.0,0.9999999999999998,0.999999999898865,2.7105352727685903e-11,0.0,0.17285714285714288,0.9999999999848441,2.7755575615628914e-17,True,9,exact-state recovery
final,passive_relaxation,True,6304,relational_twist,0.25,0.7,0.05,0.09687091304992095,0.09687091304992095,0.0,0.24999999999999997,0.24999999999999997,0.0,0.8559322033898304,0.8686440677966102,0.8542145535195969,0.9686813186813185,0.0,1.7439947695788421e-16,0.0,0.0,1.0625,0.0,False,81,passive decay
final,operator_only_filtering,True,6304,relational_twist,0.25,0.7,0.05,0.09687091304992095,0.030687638173212347,0.6832110154944245,0.24999999999999997,0.9608648312502694,-2.8434593250010782,0.0,0.9449152542372882,0.3022674092988566,0.9696886446886446,0.0,0.9586855731613929,0.0,0.12076652382666461,0.001641834704816805,6.071532165918825e-17,False,1,wrong-attractor convergence
final,topology_altered,True,6304,relational_twist,0.25,0.7,0.05,0.09687091304992095,0.1240746840563531,-0.28082496747411784,0.24999999999999997,0.9996977284349344,-2.998790913739738,0.11016949152542377,0.5,0.2034813289739687,-0.09354395604395603,0.0,0.9949406522927584,1.7047914828406716,0.18879568415935627,0.008061508808258814,5.0306980803327406e-17,False,81,unstable correction
final,trivial_attractor,True,6304,relational_twist,0.25,0.7,0.05,0.09687091304992095,0.04999654934053935,0.4838848136511897,0.24999999999999997,0.9999942472431077,-2.9999769889724313,0.0,0.8686440677966102,4.476791298186072e-05,0.9686813186813185,0.0,0.9999942472420734,0.0,0.07997311827692324,3.516261274506704e-11,2.117582368135751e-22,False,81,wrong-attractor convergence
final,identity_scrambled,True,6304,relational_twist,0.25,0.7,0.05,0.09687091304992095,0.05846402374499623,0.3964749386137438,0.24999999999999997,0.9721138651665953,-2.8884554606663815,0.15254237288135597,0.6483050847457628,0.2635570137718201,0.588095238095238,0.0,0.9724791478623852,0.1271891351518779,0.07299385039585587,0.0029581558582103947,4.336808689942018e-17,False,81,wrong-attractor convergence
final,signal_blind,True,6304,relational_twist,0.25,0.7,0.05,0.09687091304992095,0.3134005041377852,-2.2352384660220865,0.24999999999999997,0.5058340436614128,-1.0233361746456515,0.75,0.7584745762711864,0.7490913008760652,0.8989468864468863,0.0,0.07330396135413093,2.235238466022087,0.22235420109714663,1.3923104971584725,8.326672684688674e-17,False,81,unstable correction
final,parameter_budget_matched,True,6304,relational_twist,0.25,0.7,0.05,0.09687091304992095,0.030687638173212347,0.6832110154944245,0.24999999999999997,0.9608648312502694,-2.8434593250010782,0.0,0.9449152542372882,0.3022674092988566,0.9696886446886446,0.0,0.9586855731613929,0.0,0.12076652382666461,0.001641834704816805,6.071532165918825e-17,False,1,wrong-attractor convergence
final,memory_ablation,True,6304,relational_twist,0.25,0.7,0.05,0.09687091304992095,0.09687091304992095,0.0,0.24999999999999997,0.24999999999999997,0.0,0.8559322033898304,0.8686440677966102,0.8542145535195969,0.9686813186813185,0.0,1.7439947695788421e-16,0.0,0.0,1.0625,0.0,False,81,no recovery
final,redundancy_ablation,True,6304,relational_twist,0.25,0.7,0.05,0.09687091304992095,0.06879420072816084,0.2898363547713358,0.24999999999999997,0.23684301571315544,0.05262793714737813,0.8686440677966102,0.9067796610169492,0.882741769694637,0.9717032967032967,0.0,0.003666116098245434,0.0,0.0012168060640075145,1.0597036687966073,5.551115123125783e-17,False,81,trajectory-corridor recovery
final,oracle_upper_bound_non_admissible,False,6304,relational_twist,0.25,0.7,0.05,0.09687091304992095,0.0,1.0,0.24999999999999997,2.528370520001922e-11,0.9999999998988652,1.0,1.0,1.0,0.9999999999999998,0.0,8.08891730986591e-17,0.0,0.008928571428571426,1.0,2.7755575615628914e-17,False,4,identity-preserving adaptation
final,passive_relaxation,True,6304,relational_twist,0.5,0.7,0.05,0.27420213335110405,0.27420213335110405,0.0,0.49999999999999994,0.49999999999999994,0.0,0.75,0.7627118644067796,0.7511277673457003,0.8903388278388277,0.0,1.6349674015042573e-16,0.0,0.0,1.25,0.0,False,81,passive decay
final,operator_only_filtering,True,6304,relational_twist,0.5,0.7,0.05,0.27420213335110405,0.03024523169573357,0.8896973144369893,0.49999999999999994,0.9604342846327805,-0.9208685692655612,0.0,0.9491525423728814,0.30492433233578037,0.9702838827838827,0.0,0.9582970190151731,0.0,0.22173078505098986,0.0016675490116529056,2.6020852139652106e-17,False,2,wrong-attractor convergence
final,topology_altered,True,6304,relational_twist,0.5,0.7,0.05,0.27420213335110405,0.06264550668060297,0.7715353053056371,0.49999999999999994,0.9730377855206984,-0.9460755710413971,0.10169491525423724,0.4915254237288136,0.1907911082342018,-0.00022893772893772894,0.0,0.9350858475732885,0.08907238239027748,0.1803381860382693,0.1095013751454169,4.163336342344337e-17,False,81,wrong-attractor convergence
final,trivial_attractor,True,6304,relational_twist,0.5,0.7,0.05,0.27420213335110405,0.049996563002418525,0.8176653026313253,0.49999999999999994,0.9999942472462103,-0.9999884944924209,0.0,0.7627118644067796,5.027931106572372e-05,0.8903388278388277,0.0,0.9999942472420734,0.0,0.09408602150226263,4.1367779700078895e-11,8.470329472543003e-22,False,81,wrong-attractor convergence
final,identity_scrambled,True,6304,relational_twist,0.5,0.7,0.05,0.27420213335110405,0.15058735345123844,0.450816258754567,0.49999999999999994,0.9662408654395712,-0.9324817308791427,0.26694915254237284,0.5550847457627118,0.3236616596982017,0.3998168498168498,0.0,0.9567101821094252,0.0,0.10936897993963163,0.0213914432696677,3.469446951953614e-17,False,81,wrong-attractor convergence
final,signal_blind,True,6304,relational_twist,0.5,0.7,0.05,0.27420213335110405,5.592947185219896,-19.397168748714172,0.49999999999999994,5.592095790656412,-10.184191581312826,0.5042372881355932,0.5042372881355932,0.5027751219339772,-0.01955128205128205,0.0,2.1668552511667927,19.397168748714172,32.10016076106156,30.17251009724457,2.7755575615628914e-17,False,81,unstable correction
final,parameter_budget_matched,True,6304,relational_twist,0.5,0.7,0.05,0.27420213335110405,0.03024523169573357,0.8896973144369893,0.49999999999999994,0.9604342846327805,-0.9208685692655612,0.0,0.9491525423728814,0.30492433233578037,0.9702838827838827,0.0,0.9582970190151731,0.0,0.22173078505098986,0.0016675490116529056,2.6020852139652106e-17,False,2,wrong-attractor convergence
final,memory_ablation,True,6304,relational_twist,0.5,0.7,0.05,0.27420213335110405,0.27420213335110405,0.0,0.49999999999999994,0.49999999999999994,0.0,0.75,0.7627118644067796,0.7511277673457003,0.8903388278388277,0.0,1.6349674015042573e-16,0.0,0.0,1.25,0.0,False,81,no recovery
final,redundancy_ablation,True,6304,relational_twist,0.5,0.7,0.05,0.27420213335110405,0.18045322361804708,0.34189708368539756,0.49999999999999994,0.4316757278265425,0.1366485443469149,0.7542372881355932,0.8347457627118644,0.8019125694245665,0.9250457875457873,0.0,0.02351295536860518,0.0,0.0092336562120207,1.2257557121628375,0.0,False,81,trajectory-corridor recovery
final,oracle_upper_bound_non_admissible,False,6304,relational_twist,0.5,0.7,0.05,0.27420213335110405,0.0,1.0,0.49999999999999994,5.056741694382567e-11,0.9999999998988651,1.0,1.0,1.0,0.9999999999999998,0.0,1.3047369362162228e-16,0.0,0.03571428571428571,1.0,5.551115123125783e-17,False,6,identity-preserving adaptation
final,passive_relaxation,True,6304,relational_twist,0.8,0.7,0.05,0.5331408829833912,0.5331408829833912,0.0,0.8,0.8,0.0,0.6822033898305084,0.690677966101695,0.6827084303778084,0.7670329670329669,0.0,1.502147140949497e-16,0.0,0.0,1.64,0.0,False,81,passive decay
final,operator_only_filtering,True,6304,relational_twist,0.8,0.7,0.05,0.5331408829833912,0.030541761852413266,0.9427135250226819,0.8,0.9609691290499998,-0.20121141131249964,0.0,0.9449152542372882,0.3004345367269073,0.9711538461538459,0.0,0.9588757626927714,0.0,0.43177212938436216,0.0016228195472311603,3.642919299551295e-17,False,3,wrong-attractor convergence
final,topology_altered,True,6304,relational_twist,0.8,0.7,0.05,0.5331408829833912,0.06016712691100912,0.8871459142763143,0.8,1.002530090524466,-0.2531626131555825,0.04661016949152541,0.5127118644067796,0.1472510624639833,-0.06717032967032967,0.0,1.0015595410474725,0.0,0.36792705455910607,0.0005377286836874029,3.404394821604484e-17,False,81,wrong-attractor convergence
final,trivial_attractor,True,6304,relational_twist,0.8,0.7,0.05,0.5331408829833912,0.04999657950173298,0.9062225743747915,0.8,0.9999942472526637,-0.2499928090658296,0.0,0.690677966101695,5.988361745632959e-05,0.7670329670329669,0.0,0.9999942472420734,0.0,0.12344086021096858,5.427452696650349e-11,4.235164736271502e-22,False,81,wrong-attractor convergence
final,identity_scrambled,True,6304,relational_twist,0.8,0.7,0.05,0.5331408829833912,0.09967134026952064,0.8130487766914967,0.8,0.9748958147905639,-0.21861976848820477,0.2076271186440678,0.6483050847457628,0.3168804442272838,0.6021520146520146,0.0,0.9675634827356453,0.0,0.16101955278285796,0.009219918374106689,5.637851296924623e-17,False,81,wrong-attractor convergence
final,signal_blind,True,6304,relational_twist,0.8,0.7,0.05,0.5331408829833912,7.156148458672767,-12.42262183801744,0.8,7.063630411004313,-7.829538013755391,0.5550847457627119,0.5550847457627118,0.5550442686154852,0.21163003663003663,0.0,1.5487253132154568,12.42262183801744,68.79214474643815,52.172178005392865,5.551115123125783e-17,False,81,unstable correction
final,parameter_budget_matched,True,6304,relational_twist,0.8,0.7,0.05,0.5331408829833912,0.030541761852413266,0.9427135250226819,0.8,0.9609691290499998,-0.20121141131249964,0.0,0.9449152542372882,0.3004345367269073,0.9711538461538459,0.0,0.9588757626927714,0.0,0.43177212938436216,0.0016228195472311603,3.642919299551295e-17,False,3,wrong-attractor convergence
final,memory_ablation,True,6304,relational_twist,0.8,0.7,0.05,0.5331408829833912,0.5331408829833912,0.0,0.8,0.8,0.0,0.6822033898305084,0.690677966101695,0.6827084303778084,0.7670329670329669,0.0,1.502147140949497e-16,0.0,0.0,1.64,0.0,False,81,no recovery
final,redundancy_ablation,True,6304,relational_twist,0.8,0.7,0.05,0.5331408829833912,0.2934612833621134,0.4495614710319345,0.8,0.607437411958299,0.24070323505212626,0.7076271186440678,0.8177966101694916,0.7714195304092398,0.8784340659340659,0.0,0.0876088494051746,0.0,0.03878162043214579,1.5261679341623182,2.7755575615628914e-17,False,81,trajectory-corridor recovery
final,oracle_upper_bound_non_admissible,False,6304,relational_twist,0.8,0.7,0.05,0.5331408829833912,0.0,1.0,0.8,8.090789773139866e-11,0.9999999998988651,1.0,1.0,1.0,0.9999999999999998,0.0,2.4218116685077547e-16,0.0,0.09142857142857146,1.0,1.1102230246251565e-16,False,8,identity-preserving adaptation
final,passive_relaxation,True,6304,relational_twist,1.1,0.7,0.05,0.8118104448505016,0.8118104448505016,0.0,1.1,1.1,0.0,0.6398305084745763,0.6398305084745762,0.6398305084745762,0.6448260073260073,0.0,1.369315766773595e-16,0.0,0.0,2.2100000000000004,0.0,False,81,passive decay
final,operator_only_filtering,True,6304,relational_twist,1.1,0.7,0.05,0.8118104448505016,0.03017884739854016,0.9628252536168124,1.1,0.9604223312656551,0.1268887897584954,0.0,0.9576271186440678,0.30509028869001487,0.9709706959706959,0.0,0.9582683595912567,0.0,0.7385725181868896,0.001669152918742397,5.551115123125783e-17,False,3,wrong-attractor convergence
final,topology_altered,True,6304,relational_twist,1.1,0.7,0.05,0.8118104448505016,0.1569503062612543,0.8066663132301071,1.1,1.0002917563120313,0.09064385789815346,0.06355932203389836,0.538135593220339,0.17604991316327648,0.08104395604395603,0.0,0.9979249175173067,0.0,0.4587692425230686,0.018171695071737565,5.898059818321144e-17,False,81,wrong-attractor convergence
final,trivial_attractor,True,6304,relational_twist,1.1,0.7,0.05,0.8118104448505016,0.04999659611565762,0.938413460392389,1.1,0.9999942472620956,0.09091432067082224,0.0,0.6398305084745762,7.075721293215803e-05,0.6448260073260073,0.0,0.9999942472420734,0.0,0.16634408601600034,7.313823450973947e-11,1.4823076576950256e-21,False,81,wrong-attractor convergence
final,identity_scrambled,True,6304,relational_twist,1.1,0.7,0.05,0.8118104448505016,0.06841079521998782,0.9157305801447455,1.1,0.969336225478458,0.11878524956503826,0.2033898305084746,0.6567796610169492,0.3237740114667973,0.682554945054945,0.0,0.9678953748992599,0.0,0.314064741642557,0.005113866110883308,9.020562075079397e-17,False,81,wrong-attractor convergence
final,signal_blind,True,6304,relational_twist,1.1,0.7,0.05,0.8118104448505016,46.59673172818768,-56.398536842881676,1.1,45.7927818595867,-40.629801690533355,0.5254237288135593,0.5254237288135594,0.5254237288135594,-0.08113553113553114,0.0,10.26429900406257,56.398536842881676,1585.3978240578158,2092.557060198321,3.885780586188048e-16,False,81,unstable correction
final,parameter_budget_matched,True,6304,relational_twist,1.1,0.7,0.05,0.8118104448505016,0.03017884739854016,0.9628252536168124,1.1,0.9604223312656551,0.1268887897584954,0.0,0.9576271186440678,0.30509028869001487,0.9709706959706959,0.0,0.9582683595912567,0.0,0.7385725181868896,0.001669152918742397,5.551115123125783e-17,False,3,wrong-attractor convergence
final,memory_ablation,True,6304,relational_twist,1.1,0.7,0.05,0.8118104448505016,0.8118104448505016,0.0,1.1,1.1,0.0,0.6398305084745763,0.6398305084745762,0.6398305084745762,0.6448260073260073,0.0,1.369315766773595e-16,0.0,0.0,2.2100000000000004,0.0,False,81,no recovery
final,redundancy_ablation,True,6304,relational_twist,1.1,0.7,0.05,0.8118104448505016,0.3740601007069471,0.5392272875032645,1.1,0.757458624799223,0.3114012501825246,0.6779661016949152,0.8050847457627118,0.7447281440950115,0.8535714285714284,0.0,0.18335651472049672,0.0,0.09700686428650153,1.9071245787679016,2.7755575615628914e-17,False,81,trajectory-corridor recovery
final,oracle_upper_bound_non_admissible,False,6304,relational_twist,1.1,0.7,0.05,0.8118104448505016,0.0,1.0,1.1,1.112484182830949e-10,0.9999999998988651,1.0,1.0,1.0,0.9999999999999998,0.0,1.1405745100339729e-16,0.0,0.17285714285714288,1.0,1.1102230246251565e-16,False,9,identity-preserving adaptation
final,passive_relaxation,True,6305,localized_block_shock,0.25,0.7,0.05,0.1549391503750308,0.1549391503750308,0.0,0.24999999999999997,0.24999999999999997,0.0,0.9513274336283186,0.9513274336283186,0.9513274336283186,0.980128205128205,0.0,0.07278730519506817,0.0,0.0,1.1056646751444996,0.0,False,81,passive decay
final,operator_only_filtering,True,6305,localized_block_shock,0.25,0.7,0.05,0.1549391503750308,0.03635146925014451,0.7653822861287438,0.24999999999999997,0.9592793353981873,-2.8371173415927498,0.0,0.8141592920353983,0.34840974029518307,0.893315018315018,-11.989615764007961,0.945479126981516,0.0,0.14012440406950236,0.00235381076764122,0.0,False,81,wrong-attractor convergence
final,topology_altered,True,6305,localized_block_shock,0.25,0.7,0.05,0.1549391503750308,0.21641116717746672,-0.39674941197007124,0.24999999999999997,0.967875303406131,-2.8715012136245246,0.15486725663716816,0.5176991150442478,0.23761169122985112,0.11639194139194138,-11.541505422048248,0.912862382760228,0.9133543190750035,0.190050396066616,0.0693855284836319,1.0408340855860843e-17,False,81,unstable correction
final,trivial_attractor,True,6305,localized_block_shock,0.25,0.7,0.05,0.1549391503750308,0.049996256768495284,0.677316826331633,0.24999999999999997,0.9999941230851366,-2.9999764923405468,0.0,0.9513274336283186,4.89091168941621e-05,0.980128205128205,-12.738575822371354,0.9999939113285283,0.0,0.0832220723199501,3.6591114162829557e-11,7.940933880509066e-23,False,81,wrong-attractor convergence
final,identity_scrambled,True,6305,localized_block_shock,0.25,0.7,0.05,0.1549391503750308,0.24148871578920172,-0.5586035886002818,0.24999999999999997,0.9769716382280704,-2.907886552912282,0.23008849557522126,0.5663716814159292,0.3016167337285818,0.3309523809523809,-11.234523008895687,0.8905179601645741,0.5614997639452313,0.06455131621441912,0.08444670410940011,2.42861286636753e-17,False,81,unstable correction
final,signal_blind,True,6305,localized_block_shock,0.25,0.7,0.05,0.1549391503750308,0.3368669676838357,-1.174188814566544,0.24999999999999997,0.5111772865336857,-1.0447091461347429,0.7876106194690266,0.8053097345132744,0.789935702793984,0.9043040293040292,-0.05305521940247093,0.07664905164190712,1.174188814566544,0.24260746426217739,1.3684324579052576,2.7755575615628914e-17,False,81,unstable correction
final,parameter_budget_matched,True,6305,localized_block_shock,0.25,0.7,0.05,0.1549391503750308,0.03635146925014451,0.7653822861287438,0.24999999999999997,0.9592793353981873,-2.8371173415927498,0.0,0.8141592920353983,0.34840974029518307,0.893315018315018,-11.989615764007961,0.945479126981516,0.0,0.14012440406950236,0.00235381076764122,0.0,False,81,wrong-attractor convergence
final,memory_ablation,True,6305,localized_block_shock,0.25,0.7,0.05,0.1549391503750308,0.1549391503750308,0.0,0.24999999999999997,0.24999999999999997,0.0,0.9513274336283186,0.9513274336283186,0.9513274336283186,0.980128205128205,0.0,0.07278730519506817,0.0,0.0,1.1056646751444996,0.0,False,81,no recovery
final,redundancy_ablation,True,6305,localized_block_shock,0.25,0.7,0.05,0.1549391503750308,0.09479941174012405,0.38815069328402985,0.24999999999999997,0.21058599414345586,0.1576560234261765,0.9424778761061947,0.9601769911504425,0.9521370468295418,0.986584249084249,0.10469452402138953,0.06516687292287089,0.0,0.003004853623284031,1.0971819251405388,6.938893903907228e-18,False,81,trajectory-corridor recovery
final,oracle_upper_bound_non_admissible,False,6305,localized_block_shock,0.25,0.7,0.05,0.1549391503750308,0.0,1.0,0.24999999999999997,2.5283731430311282e-11,0.9999999998988651,1.0,1.0,1.0,0.9999999999999998,0.9999999998988662,7.361247982590227e-12,0.0,0.008928571428571426,1.0000000000043656,6.938893903907228e-18,True,5,exact-state recovery
final,passive_relaxation,True,6305,localized_block_shock,0.5,0.7,0.05,0.3710992856887081,0.3710992856887081,0.0,0.49999999999999994,0.49999999999999994,0.0,0.9513274336283186,0.9513274336283186,0.9513274336283186,0.9575549450549449,0.0,0.14557461039013636,0.0,0.0,1.3363293502889992,0.0,False,81,passive decay
final,operator_only_filtering,True,6305,localized_block_shock,0.5,0.7,0.05,0.3710992856887081,0.036116822651001905,0.9026761191847239,0.49999999999999994,0.960017111783892,-0.9200342235677843,0.0,0.8097345132743363,0.3417900521744363,0.8988553113553113,-5.5024266072701575,0.9465882199438095,0.0,0.25229291407466903,0.002245047159377168,1.474514954580286e-17,False,81,wrong-attractor convergence
final,topology_altered,True,6305,localized_block_shock,0.5,0.7,0.05,0.3710992856887081,0.40347993651609954,-0.08725603113812927,0.49999999999999994,1.0429209114001194,-1.085841822800239,0.1415929203539823,0.5619469026548672,0.23617337352007464,0.19052197802197804,-5.381798633397631,0.9290278496451647,0.16331970002344343,0.24379618234027314,0.20249694858614553,1.734723475976807e-17,False,81,wrong-attractor convergence
final,trivial_attractor,True,6305,localized_block_shock,0.5,0.7,0.05,0.3710992856887081,0.049996231241082545,0.865275323426461,0.49999999999999994,0.9999939989302525,-0.9999879978605053,0.0,0.9513274336283186,5.2757502943739895e-05,0.9575549450549449,-5.869285603685199,0.9999935754150456,0.0,0.10058392958831636,4.4224782535603904e-11,3.1763735522036263e-22,False,81,wrong-attractor convergence
final,identity_scrambled,True,6305,localized_block_shock,0.5,0.7,0.05,0.3710992856887081,0.16957702910189787,0.5430413486590611,0.49999999999999994,0.8997586872463137,-0.7995173744926276,0.41150442477876104,0.6460176991150443,0.4644181736497378,0.7164835164835165,-4.789302204558551,0.8427754128593686,0.0,0.1307858879019108,0.06651216620548642,4.5102810375396984e-17,False,81,wrong-attractor convergence
final,signal_blind,True,6305,localized_block_shock,0.5,0.7,0.05,0.3710992856887081,3.621386004190734,-8.758536714696044,0.49999999999999994,3.895569623033683,-6.791139246067367,0.5353982300884956,0.5398230088495575,0.5368076016563547,0.2538003663003663,-6.063946813248814,1.0283313051553413,8.758536714696044,13.127789276976324,16.446762883568955,3.469446951953614e-17,False,81,unstable correction
final,parameter_budget_matched,True,6305,localized_block_shock,0.5,0.7,0.05,0.3710992856887081,0.036116822651001905,0.9026761191847239,0.49999999999999994,0.960017111783892,-0.9200342235677843,0.0,0.8097345132743363,0.3417900521744363,0.8988553113553113,-5.5024266072701575,0.9465882199438095,0.0,0.25229291407466903,0.002245047159377168,1.474514954580286e-17,False,81,wrong-attractor convergence
final,memory_ablation,True,6305,localized_block_shock,0.5,0.7,0.05,0.3710992856887081,0.3710992856887081,0.0,0.49999999999999994,0.49999999999999994,0.0,0.9513274336283186,0.9513274336283186,0.9513274336283186,0.9575549450549449,0.0,0.14557461039013636,0.0,0.0,1.3363293502889992,0.0,False,81,no recovery
final,redundancy_ablation,True,6305,localized_block_shock,0.5,0.7,0.05,0.3710992856887081,0.20739015411611997,0.4411464475572002,0.49999999999999994,0.37808795261848016,0.2438240947630396,0.9247787610619469,0.9557522123893806,0.9441361382406579,0.9701007326007325,0.17039498594935992,0.12076942669812553,0.0,0.019084410979504685,1.275736557730969,0.0,False,81,trajectory-corridor recovery
final,oracle_upper_bound_non_admissible,False,6305,localized_block_shock,0.5,0.7,0.05,0.3710992856887081,0.0,1.0,0.49999999999999994,5.0567447961129e-11,0.9999999998988651,1.0,1.0,1.0,0.9999999999999998,0.9999999998988661,1.4722533530343638e-11,0.0,0.035714285714285705,1.0000000000087308,6.245004513516506e-17,True,8,exact-state recovery
final,passive_relaxation,True,6305,localized_block_shock,0.8,0.7,0.05,0.6361604473626814,0.6361604473626814,0.0,0.8,0.8,0.0,0.9513274336283186,0.9513274336283186,0.9513274336283186,0.9548534798534798,0.0,0.23291937662421833,0.0,0.0,1.7781269604623988,0.0,False,81,passive decay
final,operator_only_filtering,True,6305,localized_block_shock,0.8,0.7,0.05,0.6361604473626814,0.0363710134425917,0.9428272952312984,0.8,0.9608141283476833,-0.2010176604346041,0.0,0.8097345132743363,0.33503186446563327,0.8930860805860804,-3.067758099282758,0.9474596807430552,0.0,0.48548846891190256,0.0021779317338289257,1.3227266504323154e-17,False,81,wrong-attractor convergence
final,topology_altered,True,6305,localized_block_shock,0.8,0.7,0.05,0.6361604473626814,0.05685730752706124,0.9106242650532999,0.8,0.9999786308227089,-0.24997328852838605,0.05752212389380529,0.5442477876106194,0.16295798651852322,-0.02994505494505494,-3.3002813069133214,1.0016188413150298,0.0,0.30452075850591553,0.00043375394487378343,2.1033522146218786e-17,False,81,wrong-attractor convergence
final,trivial_attractor,True,6305,localized_block_shock,0.8,0.7,0.05,0.6361604473626814,0.049996200722068576,0.9214094479948621,0.8,0.9999938499471015,-0.24999231243387682,0.0,0.9513274336283186,5.737556620323324e-05,0.9548534798534798,-3.2933017716782444,0.9999931723189488,0.0,0.13383751314865455,5.884573150334352e-11,7.940933880509066e-22,False,81,wrong-attractor convergence
final,identity_scrambled,True,6305,localized_block_shock,0.8,0.7,0.05,0.6361604473626814,0.16888272453891737,0.7345280970562514,0.8,0.9709858989877423,-0.21373237373467788,0.30530973451327437,0.6238938053097345,0.3776266805137137,0.3809065934065934,-2.970020039277484,0.9246945927341663,0.0,0.14899413966697667,0.03410730258389735,1.734723475976807e-17,False,81,wrong-attractor convergence
final,signal_blind,True,6305,localized_block_shock,0.8,0.7,0.05,0.6361604473626814,11.331169176240508,-16.81181024883884,0.8,12.041174389171529,-14.05146798646441,0.49557522123893805,0.504424778761062,0.4971126550155037,0.09047619047619047,-24.576207605800473,5.957194331954637,16.811810248838835,166.05391827385307,145.56438637809862,6.314393452555578e-16,False,81,unstable correction
final,parameter_budget_matched,True,6305,localized_block_shock,0.8,0.7,0.05,0.6361604473626814,0.0363710134425917,0.9428272952312984,0.8,0.9608141283476833,-0.2010176604346041,0.0,0.8097345132743363,0.33503186446563327,0.8930860805860804,-3.067758099282758,0.9474596807430552,0.0,0.48548846891190256,0.0021779317338289257,1.3227266504323154e-17,False,81,wrong-attractor convergence
final,memory_ablation,True,6305,localized_block_shock,0.8,0.7,0.05,0.6361604473626814,0.6361604473626814,0.0,0.8,0.8,0.0,0.9513274336283186,0.9513274336283186,0.9513274336283186,0.9548534798534798,0.0,0.23291937662421833,0.0,0.0,1.7781269604623988,0.0,False,81,no recovery
final,redundancy_ablation,True,6305,localized_block_shock,0.8,0.7,0.05,0.6361604473626814,0.33679427362913733,0.4705828144057382,0.8,0.5714928679979222,0.28563391500259727,0.915929203539823,0.9513274336283186,0.9372099458825639,0.9607600732600731,0.2043588240184598,0.18532024672618033,0.0,0.059582907707682105,1.5727007191227784,4.85722573273506e-17,False,81,trajectory-corridor recovery
final,oracle_upper_bound_non_admissible,False,6305,localized_block_shock,0.8,0.7,0.05,0.6361604473626814,0.0,1.0,0.8,8.090792270011684e-11,0.9999999998988651,1.0,1.0,1.0,0.9999999999999998,0.9999999998988655,2.3556193657859255e-11,0.0,0.09142857142857146,1.0000000000139695,0.0,True,9,exact-state recovery
final,passive_relaxation,True,6305,localized_block_shock,1.1,0.7,0.05,0.9022680158881338,0.9022680158881338,0.0,1.1,1.1,0.0,0.9513274336283186,0.9513274336283186,0.9513274336283186,0.9548534798534798,0.0,0.3202641428583001,0.0,0.0,2.3999245706357986,0.0,False,81,passive decay
final,operator_only_filtering,True,6305,localized_block_shock,1.1,0.7,0.05,0.9022680158881338,0.0367410037283784,0.9592792794586507,1.1,0.9613957386548402,0.12600387395014537,0.0,0.8141592920353983,0.3288817634146026,0.8922619047619046,-1.9604923195482384,0.9481395351586973,0.0,0.826207747247528,0.0021209269263035334,6.830473686658678e-17,False,81,wrong-attractor convergence
final,topology_altered,True,6305,localized_block_shock,1.1,0.7,0.05,0.9022680158881338,0.21883417529802418,0.7574621160846335,1.1,1.0168985567994342,0.075546766545969,0.16371681415929207,0.5132743362831859,0.2468033061471056,-0.07284798534798534,-2.1893561651150693,1.0214364184904128,0.0,0.43817492669345337,0.02712315756414535,4.7704895589362195e-17,False,81,wrong-attractor convergence
final,trivial_attractor,True,6305,localized_block_shock,1.1,0.7,0.05,0.9022680158881338,0.049996170327289,0.9445883380027873,1.1,0.9999937009669069,0.090914817302812,0.0,0.9513274336283186,6.19936294627266e-05,0.9548534798534798,-2.1224000298571855,0.9999927692229422,0.0,0.18063948380531852,7.942364074789451e-11,1.0587911840678754e-22,False,81,wrong-attractor convergence
final,identity_scrambled,True,6305,localized_block_shock,1.1,0.7,0.05,0.9022680158881338,0.23918558657738279,0.7349062779955199,1.1,1.004061046583798,0.08721723037836551,0.23451327433628322,0.5176991150442478,0.29262808117854944,0.114514652014652,-1.9741357364237835,0.9525090323700023,0.0,0.27024941895705,0.06185630945840745,3.469446951953614e-18,False,81,wrong-attractor convergence
final,signal_blind,True,6305,localized_block_shock,1.1,0.7,0.05,0.9022680158881338,46.95009216638814,-51.03563834652116,1.1,52.87746084223798,-47.07041894748907,0.5530973451327434,0.5530973451327433,0.5530973451327433,0.2474816849816849,-55.75036145431474,18.175105868064826,51.03563834652116,2259.3565305124125,2826.2289402954398,4.4825254619240695e-15,False,81,unstable correction
final,parameter_budget_matched,True,6305,localized_block_shock,1.1,0.7,0.05,0.9022680158881338,0.0367410037283784,0.9592792794586507,1.1,0.9613957386548402,0.12600387395014537,0.0,0.8141592920353983,0.3288817634146026,0.8922619047619046,-1.9604923195482384,0.9481395351586973,0.0,0.826207747247528,0.0021209269263035334,6.830473686658678e-17,False,81,wrong-attractor convergence
final,memory_ablation,True,6305,localized_block_shock,1.1,0.7,0.05,0.9022680158881338,0.9022680158881338,0.0,1.1,1.1,0.0,0.9513274336283186,0.9513274336283186,0.9513274336283186,0.9548534798534798,0.0,0.3202641428583001,0.0,0.0,2.3999245706357986,0.0,False,81,no recovery
final,redundancy_ablation,True,6305,localized_block_shock,1.1,0.7,0.05,0.9022680158881338,0.4677201580234446,0.48161726916247677,1.1,0.7706037549313967,0.29945113188054856,0.915929203539823,0.9469026548672567,0.9352746558342736,0.9569597069597069,0.20504745389390852,0.2545947957916907,0.0,0.12777035703472542,1.9569250352187306,4.163336342344337e-17,False,81,trajectory-corridor recovery
final,oracle_upper_bound_non_admissible,False,6305,localized_block_shock,1.1,0.7,0.05,0.9022680158881338,0.0,1.0,1.1,1.1124840223710557e-10,0.9999999998988651,1.0,1.0,1.0,0.9999999999999998,0.9999999998988653,3.238983499932998e-11,0.0,0.17285714285714285,1.000000000019208,8.326672684688674e-17,True,11,exact-state recovery
final,passive_relaxation,True,6305,sparse_node_corruption,0.25,0.7,0.05,0.12518302715006344,0.12518302715006344,0.0,0.25,0.25,0.0,0.915929203539823,0.915929203539823,0.915929203539823,0.9454212454212454,0.0,0.04426671481041175,0.0,0.0,1.1192064716652737,0.0,False,81,passive decay
final,operator_only_filtering,True,6305,sparse_node_corruption,0.25,0.7,0.05,0.12518302715006344,0.036771989911876926,0.706254188374943,0.25,0.9597323212653583,-2.8389292850614334,0.0,0.8053097345132744,0.3416029468655198,0.886675824175824,-20.35968048103309,0.9455228842954103,0.0,0.14744180321064237,0.0023634391335471683,7.26415455565288e-18,False,1,wrong-attractor convergence
final,topology_altered,True,6305,sparse_node_corruption,0.25,0.7,0.05,0.12518302715006344,0.1389405378549182,-0.1098991693847035,0.25,1.005977421263108,-3.0239096850524323,0.09734513274336287,0.5176991150442478,0.18890229954439416,-0.06904761904761904,-21.291290064000986,0.9867621800192968,0.8645135900703409,0.18802565417478556,0.01688862872126383,5.204170427930421e-18,False,81,unstable correction
final,trivial_attractor,True,6305,sparse_node_corruption,0.25,0.7,0.05,0.12518302715006344,0.049996169737146524,0.6006154278629682,0.25,0.9999940841337923,-2.9999763365351693,0.0,0.915929203539823,4.996031718653691e-05,0.9454212454212454,-21.590205382907317,0.9999941791937866,0.0,0.08424134732685637,3.703926940700131e-11,2.6469779601696886e-23,False,81,wrong-attractor convergence
final,identity_scrambled,True,6305,sparse_node_corruption,0.25,0.7,0.05,0.12518302715006344,0.1163587184340646,0.07049125521961275,0.25,0.9094083984119938,-2.6376335936479753,0.34513274336283184,0.6283185840707964,0.41158852010421276,0.6494505494505494,-18.810520703486105,0.876946670226977,0.08832120885660721,0.07729782473492475,0.03764796166457107,3.469446951953614e-17,False,81,wrong-attractor convergence
final,signal_blind,True,6305,sparse_node_corruption,0.25,0.7,0.05,0.12518302715006344,0.20293092246292715,-0.6210737755978952,0.25,0.4073213289800997,-0.6292853159203988,0.8230088495575221,0.8407079646017699,0.8290968884844268,0.8905677655677655,-1.377009634124917,0.10522240757540888,0.6505749685982365,0.119022209823629,1.2923541778324186,6.938893903907228e-17,False,81,unstable correction
final,parameter_budget_matched,True,6305,sparse_node_corruption,0.25,0.7,0.05,0.12518302715006344,0.036771989911876926,0.706254188374943,0.25,0.9597323212653583,-2.8389292850614334,0.0,0.8053097345132744,0.3416029468655198,0.886675824175824,-20.35968048103309,0.9455228842954103,0.0,0.14744180321064237,0.0023634391335471683,7.26415455565288e-18,False,1,wrong-attractor convergence
final,memory_ablation,True,6305,sparse_node_corruption,0.25,0.7,0.05,0.12518302715006344,0.12518302715006344,0.0,0.25,0.25,0.0,0.915929203539823,0.915929203539823,0.915929203539823,0.9454212454212454,0.0,0.04426671481041175,0.0,0.0,1.1192064716652737,0.0,False,81,no recovery
final,redundancy_ablation,True,6305,sparse_node_corruption,0.25,0.7,0.05,0.12518302715006344,0.07705460632780915,0.3844644271508168,0.25,0.21950205849906937,0.12199176600372252,0.8982300884955752,0.9336283185840708,0.91753143868874,0.9603021978021976,0.14021891058286795,0.03805968428461331,0.0,0.002308700068141246,1.113352451583098,1.3877787807814457e-17,False,81,trajectory-corridor recovery
final,oracle_upper_bound_non_admissible,False,6305,sparse_node_corruption,0.25,0.7,0.05,0.12518302715006344,0.0,1.0,0.25,2.5283721438038448e-11,0.9999999998988651,1.0,1.0,1.0,0.9999999999999998,0.9999999998988652,4.476907977136537e-12,0.0,0.00892857142857143,1.000000000005735,0.0,True,4,exact-state recovery
final,passive_relaxation,True,6305,sparse_node_corruption,0.5,0.7,0.05,0.3250584887064497,0.3250584887064497,0.0,0.5,0.5,0.0,0.8893805309734513,0.8938053097345132,0.8913955224257948,0.8929945054945054,0.0,0.08853342962082345,0.0,0.0,1.3634129433305477,0.0,False,81,passive decay
final,operator_only_filtering,True,6305,sparse_node_corruption,0.5,0.7,0.05,0.3250584887064497,0.03781202799858606,0.8836762327018233,0.5,0.9599388930208916,-0.9198777860417833,0.0,0.8185840707964602,0.34547320903160644,0.8874084249084248,-9.683727148810679,0.945867005617311,0.0,0.26631440412487817,0.002374164144042743,3.686287386450715e-18,False,2,wrong-attractor convergence
final,topology_altered,True,6305,sparse_node_corruption,0.5,0.7,0.05,0.3250584887064497,0.15563965154253676,0.5211949327584239,0.5,1.0203324309171455,-1.040664861834291,0.0752212389380531,0.4469026548672566,0.1521527085423999,-0.22339743589743588,-10.61735414627437,1.0285242056893633,0.0,0.26137539742562554,0.013301658522641065,1.734723475976807e-17,False,81,wrong-attractor convergence
final,trivial_attractor,True,6305,sparse_node_corruption,0.5,0.7,0.05,0.3250584887064497,0.049996057175039056,0.8461936577198912,0.5,0.9999939210275528,-0.9999878420551056,0.0,0.8938053097345132,5.586328993628595e-05,0.8929945054945054,-10.295101922837482,0.9999941111455598,0.0,0.10262247960212886,4.51210930239474e-11,7.940933880509066e-23,False,81,wrong-attractor convergence
final,identity_scrambled,True,6305,sparse_node_corruption,0.5,0.7,0.05,0.3250584887064497,0.17458227711048596,0.46292041839846915,0.5,0.9445177830924286,-0.8890355661848572,0.3097345132743363,0.5707964601769911,0.3651678853660636,0.5644688644688644,-8.871566336511233,0.8739636235008071,0.0,0.10210555633067706,0.04559567492879882,3.642919299551295e-17,False,81,wrong-attractor convergence
final,signal_blind,True,6305,sparse_node_corruption,0.5,0.7,0.05,0.3250584887064497,4.642236614427716,-13.281234841462568,0.5,5.245210251515621,-9.490420503031242,0.5398230088495575,0.5398230088495575,0.5384690125004669,0.2241300366300366,-26.201923067108705,2.4082795414129223,13.281234841462568,32.94768605123831,28.5337893829387,2.185751579730777e-16,False,81,unstable correction
final,parameter_budget_matched,True,6305,sparse_node_corruption,0.5,0.7,0.05,0.3250584887064497,0.03781202799858606,0.8836762327018233,0.5,0.9599388930208916,-0.9198777860417833,0.0,0.8185840707964602,0.34547320903160644,0.8874084249084248,-9.683727148810679,0.945867005617311,0.0,0.26631440412487817,0.002374164144042743,3.686287386450715e-18,False,2,wrong-attractor convergence
final,memory_ablation,True,6305,sparse_node_corruption,0.5,0.7,0.05,0.3250584887064497,0.3250584887064497,0.0,0.5,0.5,0.0,0.8893805309734513,0.8938053097345132,0.8913955224257948,0.8929945054945054,0.0,0.08853342962082345,0.0,0.0,1.3634129433305477,0.0,False,81,no recovery
final,redundancy_ablation,True,6305,sparse_node_corruption,0.5,0.7,0.05,0.3250584887064497,0.19514308934770486,0.3996677640252842,0.5,0.41928019532547467,0.16143960934905066,0.8761061946902655,0.915929203539823,0.8999518284635512,0.9121794871794873,0.24122399531286423,0.06717704200893813,0.0,0.014752379539258512,1.3195944431897615,3.469446951953614e-18,False,81,trajectory-corridor recovery
final,oracle_upper_bound_non_admissible,False,6305,sparse_node_corruption,0.5,0.7,0.05,0.3250584887064497,0.0,1.0,0.5,5.056744479606121e-11,0.9999999998988651,1.0,1.0,1.0,0.9999999999999998,0.9999999998988648,8.953848161238388e-12,0.0,0.03571428571428571,1.00000000001147,1.734723475976807e-17,True,6,exact-state recovery
final,passive_relaxation,True,6305,sparse_node_corruption,0.8,0.7,0.05,0.5875309313186999,0.5875309313186999,0.0,0.8,0.8,0.0,0.8761061946902655,0.8761061946902655,0.8761061946902655,0.8242673992673992,0.0,0.1416534873933175,0.0,0.0,1.8214607093288766,0.0,False,81,passive decay
final,operator_only_filtering,True,6305,sparse_node_corruption,0.8,0.7,0.05,0.5875309313186999,0.03786226776004064,0.9355569796554206,0.8,0.9592736440778865,-0.19909205509735808,0.0,0.7964601769911505,0.3497517119439026,0.8777014652014651,-5.67189117231272,0.9450966520667863,0.0,0.5064187972396692,0.002453507032657106,1.5178830414797062e-17,False,81,wrong-attractor convergence
final,topology_altered,True,6305,sparse_node_corruption,0.8,0.7,0.05,0.5875309313186999,0.07492655415003767,0.8724721539649551,0.8,0.9568391533656526,-0.19604894170706572,0.16814159292035402,0.5353982300884956,0.24108611630459773,0.20938644688644686,-5.634035157199569,0.9397342155071943,0.0,0.30603692983083,0.08079921250517132,2.42861286636753e-17,False,81,wrong-attractor convergence
final,trivial_attractor,True,6305,sparse_node_corruption,0.8,0.7,0.05,0.5875309313186999,0.04999592220997535,0.9149050381096351,0.8,0.9999937253027606,-0.24999215662845076,0.0,0.8761061946902655,6.441296320563468e-05,0.8242673992673992,-6.05943812531185,0.9999940294877672,0.0,0.13709919317075459,6.02798282846931e-11,3.970466940254533e-22,False,81,wrong-attractor convergence
final,identity_scrambled,True,6305,sparse_node_corruption,0.8,0.7,0.05,0.5875309313186999,0.09505459174475756,0.8382134681293976,0.8,0.9874319318342193,-0.23428991479277406,0.17699115044247793,0.5575221238938053,0.2571791141273994,0.3491300366300366,-5.918239530516351,0.9799927561199487,0.0,0.21181540885597538,0.009495949851712336,1.214306433183765e-17,False,81,wrong-attractor convergence
final,signal_blind,True,6305,sparse_node_corruption,0.8,0.7,0.05,0.5875309313186999,14.906339988622955,-24.371157830220124,0.8,14.69424995800787,-17.367812447509834,0.5176991150442478,0.5176991150442478,0.5176991150442478,0.04780219780219779,-35.061332185355305,5.1082134641044625,24.371157830220124,254.1551780110289,216.82269106913986,6.730727086790012e-16,False,81,unstable correction
final,parameter_budget_matched,True,6305,sparse_node_corruption,0.8,0.7,0.05,0.5875309313186999,0.03786226776004064,0.9355569796554206,0.8,0.9592736440778865,-0.19909205509735808,0.0,0.7964601769911505,0.3497517119439026,0.8777014652014651,-5.67189117231272,0.9450966520667863,0.0,0.5064187972396692,0.002453507032657106,1.5178830414797062e-17,False,81,wrong-attractor convergence
final,memory_ablation,True,6305,sparse_node_corruption,0.8,0.7,0.05,0.5875309313186999,0.5875309313186999,0.0,0.8,0.8,0.0,0.8761061946902655,0.8761061946902655,0.8761061946902655,0.8242673992673992,0.0,0.1416534873933175,0.0,0.0,1.8214607093288766,0.0,False,81,no recovery
final,redundancy_ablation,True,6305,sparse_node_corruption,0.8,0.7,0.05,0.5875309313186999,0.35197756092383725,0.4009207989546498,0.8,0.6619574365129577,0.17255320435880295,0.8274336283185841,0.8672566371681416,0.8523190013050932,0.8647435897435897,0.2812323642759512,0.10181594222576118,0.0,0.0447586102928332,1.6791682798591587,1.0408340855860843e-17,False,81,trajectory-corridor recovery
final,oracle_upper_bound_non_admissible,False,6305,sparse_node_corruption,0.8,0.7,0.05,0.5875309313186999,0.0,1.0,0.8,8.090791704965901e-11,0.9999999998988651,1.0,1.0,1.0,0.9999999999999998,0.9999999998988652,1.4326094187281266e-11,0.0,0.09142857142857146,1.000000000018352,6.938893903907228e-18,True,8,exact-state recovery
final,passive_relaxation,True,6305,sparse_node_corruption,1.1,0.7,0.05,0.8617429347065158,0.8617429347065158,0.0,1.1,1.1,0.0,0.8761061946902655,0.8761061946902655,0.8761061946902655,0.8021520146520146,0.0,0.19477354516581155,0.0,0.0,2.459508475327205,0.0,False,81,passive decay
final,operator_only_filtering,True,6305,sparse_node_corruption,1.1,0.7,0.05,0.8617429347065158,0.03709939763157041,0.956948416822001,1.1,0.959931098431303,0.1273353650624519,0.0,0.8230088495575221,0.3415674637631618,0.8984890109890109,-3.860514535833765,0.9466996474743015,0.0,0.8534713294769036,0.002325704739815691,1.452830911130576e-17,False,81,wrong-attractor convergence
final,topology_altered,True,6305,sparse_node_corruption,1.1,0.7,0.05,0.8617429347065158,0.07473562699949557,0.9132738732288553,1.1,1.0053076957037794,0.08608391299656423,0.10619469026548678,0.49557522123893805,0.1927265459875583,0.01945970695970696,-4.1692377381547665,1.006830760065305,0.0,0.45069940283052967,0.0013899692074674274,7.37257477290143e-18,False,81,wrong-attractor convergence
final,trivial_attractor,True,6305,sparse_node_corruption,1.1,0.7,0.05,0.8617429347065158,0.04999578736432919,0.941982944854249,1.1,0.9999935295809086,0.09091497310826499,0.0,0.8761061946902655,7.310639829638811e-05,0.8021520146520146,-4.134136399164281,0.9999939478300611,0.0,0.1851242938357061,8.139552382225021e-11,5.558653716356346e-22,False,81,wrong-attractor convergence
final,identity_scrambled,True,6305,sparse_node_corruption,1.1,0.7,0.05,0.8617429347065158,0.1981722939680575,0.7700331665201884,1.1,0.9784297368963281,0.1105184210033382,0.24336283185840712,0.5619469026548672,0.326372369787982,0.2953754578754579,-3.831263450145304,0.9410023098148109,0.0,0.3223483898384383,0.048153715276247094,1.734723475976807e-17,False,81,wrong-attractor convergence
final,signal_blind,True,6305,sparse_node_corruption,1.1,0.7,0.05,0.8617429347065158,23.628431239627375,-26.419350119388586,1.1,22.264215250768842,-19.240195682517125,0.5176991150442478,0.5176991150442478,0.5176991150442478,-0.06762820512820512,-25.853384470222498,5.230328892965784,26.41935011938859,467.79599708035755,493.3182730439839,1.1449174941446927e-16,False,81,unstable correction
final,parameter_budget_matched,True,6305,sparse_node_corruption,1.1,0.7,0.05,0.8617429347065158,0.03709939763157041,0.956948416822001,1.1,0.959931098431303,0.1273353650624519,0.0,0.8230088495575221,0.3415674637631618,0.8984890109890109,-3.860514535833765,0.9466996474743015,0.0,0.8534713294769036,0.002325704739815691,1.452830911130576e-17,False,81,wrong-attractor convergence
final,memory_ablation,True,6305,sparse_node_corruption,1.1,0.7,0.05,0.8617429347065158,0.8617429347065158,0.0,1.1,1.1,0.0,0.8761061946902655,0.8761061946902655,0.8761061946902655,0.8021520146520146,0.0,0.19477354516581155,0.0,0.0,2.459508475327205,0.0,False,81,no recovery
final,redundancy_ablation,True,6305,sparse_node_corruption,1.1,0.7,0.05,0.8617429347065158,0.51530810856704,0.40201643922669494,1.1,0.9019080858089196,0.18008355835552772,0.8141592920353982,0.8539823008849557,0.8390414973202724,0.8241758241758241,0.305330351929417,0.1353032700737941,0.0,0.09168204970608179,2.1589593146121,6.245004513516506e-17,False,81,trajectory-corridor recovery
final,oracle_upper_bound_non_admissible,False,6305,sparse_node_corruption,1.1,0.7,0.05,0.8617429347065158,0.0,1.0,1.1,1.1124838491471566e-10,0.9999999998988651,1.0,1.0,1.0,0.9999999999999998,0.9999999998988648,1.9698454020468752e-11,0.0,0.17285714285714288,1.000000000025234,2.42861286636753e-17,True,9,exact-state recovery
final,passive_relaxation,True,6305,relational_twist,0.25,0.7,0.05,0.09618392760810805,0.09618392760810805,0.0,0.24999999999999997,0.24999999999999997,0.0,0.8407079646017699,0.8761061946902655,0.8529925721415418,0.9533424908424908,0.0,2.6054222487035064e-16,0.0,0.0,1.0625,0.0,False,81,passive decay
final,operator_only_filtering,True,6305,relational_twist,0.25,0.7,0.05,0.09618392760810805,0.03696234891914531,0.6157117947008282,0.24999999999999997,0.9592755255595146,-2.8371021022380587,0.0,0.831858407079646,0.3480367076693675,0.9055402930402929,0.0,0.9455351198024323,0.0,0.1362514153816725,0.002359831079341224,1.973247953923618e-17,False,2,wrong-attractor convergence
final,topology_altered,True,6305,relational_twist,0.25,0.7,0.05,0.09618392760810805,0.160693527157998,-0.670690011877327,0.24999999999999997,0.9921025094053646,-2.968410037621459,0.06194690265486724,0.5088495575221239,0.16640347573915712,0.15517399267399265,0.0,0.9848396527219996,1.8563776891050678,0.1895903415248073,0.024006748471262246,4.163336342344337e-17,False,81,unstable correction
final,trivial_attractor,True,6305,relational_twist,0.25,0.7,0.05,0.09618392760810805,0.0499962895816954,0.4802012059083264,0.24999999999999997,0.9999942472431078,-2.9999769889724317,0.0,0.8761061946902655,4.79842792584137e-05,0.9533424908424908,0.0,0.9999942472420735,0.0,0.07997311827692323,3.516261274506705e-11,1.852884572118782e-22,False,81,wrong-attractor convergence
final,identity_scrambled,True,6305,relational_twist,0.25,0.7,0.05,0.09618392760810805,0.12132294124970922,-0.2613639749047013,0.24999999999999997,0.9858600436502033,-2.9434401746008136,0.1504424778761062,0.5442477876106194,0.26686665390661835,0.48553113553113547,0.0,0.9725779894864053,0.2885493114987936,0.07718837923553756,0.01315455648814419,1.9081958235744878e-17,False,81,wrong-attractor convergence
final,signal_blind,True,6305,relational_twist,0.25,0.7,0.05,0.09618392760810805,0.15608363586162277,-0.6227621364930135,0.24999999999999997,0.3528236211011518,-0.4112944844046073,0.831858407079646,0.8451327433628318,0.8341606897750091,0.9014652014652014,0.0,0.10929241236172375,0.6633979222289921,0.058074035163257334,1.0888437189969005,7.632783294297951e-17,False,81,unstable correction
final,parameter_budget_matched,True,6305,relational_twist,0.25,0.7,0.05,0.09618392760810805,0.03696234891914531,0.6157117947008282,0.24999999999999997,0.9592755255595146,-2.8371021022380587,0.0,0.831858407079646,0.3480367076693675,0.9055402930402929,0.0,0.9455351198024323,0.0,0.1362514153816725,0.002359831079341224,1.973247953923618e-17,False,2,wrong-attractor convergence
final,memory_ablation,True,6305,relational_twist,0.25,0.7,0.05,0.09618392760810805,0.09618392760810805,0.0,0.24999999999999997,0.24999999999999997,0.0,0.8407079646017699,0.8761061946902655,0.8529925721415418,0.9533424908424908,0.0,2.6054222487035064e-16,0.0,0.0,1.0625,0.0,False,81,no recovery
final,redundancy_ablation,True,6305,relational_twist,0.25,0.7,0.05,0.09618392760810805,0.0731492742557116,0.23948547252352675,0.24999999999999997,0.22662328357481662,0.09350686570073342,0.8628318584070797,0.9336283185840708,0.8992218086731362,0.9621336996336997,0.0,0.005443058865143405,0.0,0.001548035452140081,1.0592554051086827,6.938893903907228e-18,False,81,trajectory-corridor recovery
final,oracle_upper_bound_non_admissible,False,6305,relational_twist,0.25,0.7,0.05,0.09618392760810805,0.0,1.0,0.24999999999999997,2.5283767165444374e-11,0.9999999998988649,1.0,1.0,1.0,0.9999999999999998,0.0,3.2070530922364045e-17,0.0,0.008928571428571428,1.0,6.938893903907228e-18,False,4,identity-preserving adaptation
final,passive_relaxation,True,6305,relational_twist,0.5,0.7,0.05,0.27518390960816996,0.27518390960816996,0.0,0.5,0.5,0.0,0.7610619469026548,0.7699115044247787,0.7632150311346495,0.8749999999999998,0.0,3.2070530922364045e-17,0.0,0.0,1.25,0.0,False,81,passive decay
final,operator_only_filtering,True,6305,relational_twist,0.5,0.7,0.05,0.27518390960816996,0.03697720828370939,0.8656272878150447,0.5,0.9596555055145856,-0.9193110110291711,0.0,0.8097345132743363,0.346055099831304,0.9009615384615384,0.0,0.9458784951495255,0.0,0.2372236087883178,0.0023330346566950676,8.673617379884035e-19,False,81,wrong-attractor convergence
final,topology_altered,True,6305,relational_twist,0.5,0.7,0.05,0.27518390960816996,0.24026471566736737,0.12689402512858938,0.5,0.9778857438244447,-0.9557714876488894,0.10176991150442483,0.5265486725663717,0.19676942065622063,0.10842490842490841,0.0,0.9437223337007798,0.11010597066025496,0.24565396928744665,0.09201945482644866,0.0,False,81,wrong-attractor convergence
final,trivial_attractor,True,6305,relational_twist,0.5,0.7,0.05,0.27518390960816996,0.04999629686337823,0.818316787000493,0.5,0.9999942472462103,-0.9999884944924207,0.0,0.7699115044247787,5.355388653494151e-05,0.8749999999999998,0.0,0.9999942472420735,0.0,0.09408602150226265,4.136777970007888e-11,5.293955920339377e-23,False,81,wrong-attractor convergence
final,identity_scrambled,True,6305,relational_twist,0.5,0.7,0.05,0.27518390960816996,0.20978308434579868,0.23766224324487029,0.5,0.9735509360533734,-0.9471018721067468,0.16814159292035402,0.5707964601769911,0.24912181398528432,0.2772435897435897,0.0,0.9630065292355711,0.0,0.11437340341938955,0.04620797991305065,1.734723475976807e-18,False,81,wrong-attractor convergence
final,signal_blind,True,6305,relational_twist,0.5,0.7,0.05,0.27518390960816996,0.5670097360057879,-1.0604756172450056,0.5,0.884683803946318,-0.7693676078926359,0.6548672566371682,0.6637168141592921,0.6528467016034402,0.7610805860805859,0.0,0.2715483431753134,1.0604756172450056,0.661421907042355,2.197457269971348,1.1102230246251565e-16,False,81,unstable correction
final,parameter_budget_matched,True,6305,relational_twist,0.5,0.7,0.05,0.27518390960816996,0.03697720828370939,0.8656272878150447,0.5,0.9596555055145856,-0.9193110110291711,0.0,0.8097345132743363,0.346055099831304,0.9009615384615384,0.0,0.9458784951495255,0.0,0.2372236087883178,0.0023330346566950676,8.673617379884035e-19,False,81,wrong-attractor convergence
final,memory_ablation,True,6305,relational_twist,0.5,0.7,0.05,0.27518390960816996,0.27518390960816996,0.0,0.5,0.5,0.0,0.7610619469026548,0.7699115044247787,0.7632150311346495,0.8749999999999998,0.0,3.2070530922364045e-17,0.0,0.0,1.25,0.0,False,81,no recovery
final,redundancy_ablation,True,6305,relational_twist,0.5,0.7,0.05,0.27518390960816996,0.18157757896365256,0.34015917128949136,0.5,0.40736603966865464,0.1852679206626907,0.7920353982300885,0.8761061946902655,0.8383430980170302,0.9090659340659338,0.0,0.012944386255511569,0.0,0.01268717611393105,1.2142990236595503,2.7755575615628914e-17,False,81,trajectory-corridor recovery
final,oracle_upper_bound_non_admissible,False,6305,relational_twist,0.5,0.7,0.05,0.27518390960816996,0.0,1.0,0.5,5.056747378805051e-11,0.999999999898865,1.0,1.0,1.0,0.9999999999999998,0.0,1.9242318553418426e-16,0.0,0.035714285714285705,1.0,6.245004513516506e-17,False,6,identity-preserving adaptation
final,passive_relaxation,True,6305,relational_twist,0.8,0.7,0.05,0.5308003258654644,0.5308003258654644,0.0,0.8,0.8,0.0,0.6814159292035398,0.6902654867256637,0.6850465657943346,0.7479395604395603,0.0,7.171188721691504e-17,0.0,0.0,1.6400000000000001,0.0,False,81,passive decay
final,operator_only_filtering,True,6305,relational_twist,0.8,0.7,0.05,0.5308003258654644,0.03641215599398079,0.9314014061038656,0.8,0.9586067443571512,-0.19825843044643895,0.0,0.827433628318584,0.35197020565190984,0.9084249084249083,0.0,0.9447375762862295,0.0,0.4471527867553089,0.002416198909175014,1.7564075194265172e-17,False,81,wrong-attractor convergence
final,topology_altered,True,6305,relational_twist,0.8,0.7,0.05,0.5308003258654644,0.11149988567740216,0.78994005797641,0.8,1.0033758108913127,-0.2542197636141408,0.2079646017699115,0.4778761061946903,0.2645878636791935,-0.034157509157509154,0.0,1.0062729304765121,0.0,0.3406718298783907,0.008998845550515517,1.9949319973733282e-17,False,81,wrong-attractor convergence
final,trivial_attractor,True,6305,relational_twist,0.8,0.7,0.05,0.5308003258654644,0.04999630570986072,0.9058095798484256,0.8,0.9999942472526637,-0.2499928090658296,0.0,0.6902654867256637,6.303118831761358e-05,0.7479395604395603,0.0,0.9999942472420735,0.0,0.12344086021096858,5.4274526966503495e-11,1.0587911840678754e-22,False,81,wrong-attractor convergence
final,identity_scrambled,True,6305,relational_twist,0.8,0.7,0.05,0.5308003258654644,0.20563029440333172,0.6126033003690161,0.8,1.0034089314168468,-0.2542611642710585,0.09734513274336287,0.45132743362831856,0.17115328819257694,-0.0618131868131868,0.0,0.9623808061977162,0.0,0.16519086408713146,0.06344966562946454,3.469446951953614e-18,False,81,wrong-attractor convergence
final,signal_blind,True,6305,relational_twist,0.8,0.7,0.05,0.5308003258654644,6.946251086947413,-12.08637306433756,0.8,6.580314320118977,-7.225392900148721,0.5132743362831859,0.5176991150442478,0.5156950535921878,-0.10173992673992673,0.0,2.0451787010040343,12.08637306433756,45.18975177404653,40.852796820292326,8.326672684688674e-17,False,81,unstable correction
final,parameter_budget_matched,True,6305,relational_twist,0.8,0.7,0.05,0.5308003258654644,0.03641215599398079,0.9314014061038656,0.8,0.9586067443571512,-0.19825843044643895,0.0,0.827433628318584,0.35197020565190984,0.9084249084249083,0.0,0.9447375762862295,0.0,0.4471527867553089,0.002416198909175014,1.7564075194265172e-17,False,81,wrong-attractor convergence
final,memory_ablation,True,6305,relational_twist,0.8,0.7,0.05,0.5308003258654644,0.5308003258654644,0.0,0.8,0.8,0.0,0.6814159292035398,0.6902654867256637,0.6850465657943346,0.7479395604395603,0.0,7.171188721691504e-17,0.0,0.0,1.6400000000000001,0.0,False,81,no recovery
final,redundancy_ablation,True,6305,relational_twist,0.8,0.7,0.05,0.5308003258654644,0.33136212298880235,0.375731123660258,0.8,0.6107360355346095,0.23657995558173814,0.7123893805309734,0.827433628318584,0.7775213113988454,0.8430860805860806,0.0,0.03054559245710057,0.0,0.04473733560680485,1.4961488864907841,0.0,False,81,trajectory-corridor recovery
final,oracle_upper_bound_non_admissible,False,6305,relational_twist,0.8,0.7,0.05,0.5308003258654644,0.0,1.0,0.8,8.090792579412492e-11,0.9999999998988651,1.0,1.0,1.0,0.9999999999999998,0.0,1.8423117399125528e-16,0.0,0.09142857142857144,1.0,6.938893903907228e-18,False,8,identity-preserving adaptation
final,passive_relaxation,True,6305,relational_twist,1.1,0.7,0.05,0.8091376884740192,0.8091376884740192,0.0,1.1,1.1,0.0,0.6548672566371682,0.6637168141592921,0.6560719328275527,0.6393772893772893,0.0,1.4342377443383007e-16,0.0,0.0,2.21,0.0,False,81,passive decay
final,operator_only_filtering,True,6305,relational_twist,1.1,0.7,0.05,0.8091376884740192,0.03676839575851908,0.9545585426531523,1.1,0.9593496106455195,0.12786399032225507,0.0,0.8053097345132744,0.34904354828307516,0.8966117216117215,0.0,0.9454502360671436,0.0,0.7542175527395001,0.002363493717468278,2.5153490401663703e-17,False,81,wrong-attractor convergence
final,topology_altered,True,6305,relational_twist,1.1,0.7,0.05,0.8091376884740192,0.08419637773908296,0.8959430775028268,1.1,0.9996188333274859,0.09125560606592197,0.15929203539823011,0.5,0.2332418618095726,-0.05535714285714285,0.0,1.0030158185918174,0.0,0.40886922095136136,0.002407634194863579,2.6020852139652106e-18,False,81,wrong-attractor convergence
final,trivial_attractor,True,6305,relational_twist,1.1,0.7,0.05,0.8091376884740192,0.04999631467466651,0.9382103745915529,1.1,0.9999942472620956,0.09091432067082224,0.0,0.6637168141592921,7.393942844630648e-05,0.6393772893772893,0.0,0.9999942472420735,0.0,0.16634408601600037,7.31382345097395e-11,2.6469779601696886e-23,False,81,wrong-attractor convergence
final,identity_scrambled,True,6305,relational_twist,1.1,0.7,0.05,0.8091376884740192,0.40053299548714516,0.504987839285395,1.1,0.9626393040783039,0.12487335992881471,0.3672566371681416,0.5398230088495575,0.3945662945106802,0.4803571428571428,0.0,0.7753335230026878,0.0,0.25047205441516257,0.2771532967244147,3.469446951953614e-18,False,81,wrong-attractor convergence
final,signal_blind,True,6305,relational_twist,1.1,0.7,0.05,0.8091376884740192,25.739044857270844,-30.810463440175425,1.1,25.643157758251572,-22.311961598410516,0.5575221238938053,0.5575221238938053,0.5575221238938053,0.10256410256410256,0.0,6.457590994372418,30.81046344017543,560.2269631399765,661.0155908404065,2.0122792321330962e-16,False,81,unstable correction
final,parameter_budget_matched,True,6305,relational_twist,1.1,0.7,0.05,0.8091376884740192,0.03676839575851908,0.9545585426531523,1.1,0.9593496106455195,0.12786399032225507,0.0,0.8053097345132744,0.34904354828307516,0.8966117216117215,0.0,0.9454502360671436,0.0,0.7542175527395001,0.002363493717468278,2.5153490401663703e-17,False,81,wrong-attractor convergence
final,memory_ablation,True,6305,relational_twist,1.1,0.7,0.05,0.8091376884740192,0.8091376884740192,0.0,1.1,1.1,0.0,0.6548672566371682,0.6637168141592921,0.6560719328275527,0.6393772893772893,0.0,1.4342377443383007e-16,0.0,0.0,2.21,0.0,False,81,no recovery
final,redundancy_ablation,True,6305,relational_twist,1.1,0.7,0.05,0.8091376884740192,0.49125181921459776,0.3928699327538845,1.1,0.8125402258860475,0.26132706737632055,0.6946902654867257,0.8053097345132744,0.7563515925480196,0.7722985347985348,0.0,0.050045374546770695,0.0,0.09674751606390442,1.871913737322789,0.0,False,81,trajectory-corridor recovery
final,oracle_upper_bound_non_admissible,False,6305,relational_twist,1.1,0.7,0.05,0.8091376884740192,0.0,1.0,1.1,1.112484007328002e-10,0.9999999998988651,1.0,1.0,1.0,0.9999999999999998,0.0,3.2070530922364045e-17,0.0,0.17285714285714288,1.0,1.3877787807814457e-17,False,9,identity-preserving adaptation
final,passive_relaxation,True,6306,localized_block_shock,0.25,0.7,0.05,0.1264256411742075,0.1264256411742075,0.0,0.25,0.25,0.0,0.9591836734693877,0.9591836734693877,0.9591836734693877,0.9690934065934064,0.0,0.03423301133608138,0.0,0.0,1.074275123519453,0.0,False,81,passive decay
final,operator_only_filtering,True,6306,localized_block_shock,0.25,0.7,0.05,0.1264256411742075,0.029657617533575476,0.7654145372875039,0.25,0.9602666735016043,-2.8410666940064173,0.0,0.9387755102040817,0.3167470722106629,0.9743131868131867,-27.02140681095253,0.9592571370122859,0.0,0.12844428725544454,0.0016867420864875777,2.0816681711721685e-17,False,1,wrong-attractor convergence
final,topology_altered,True,6306,localized_block_shock,0.25,0.7,0.05,0.1264256411742075,0.1141187194089094,0.09734514020253086,0.25,0.9993105121391936,-2.9972420485567746,0.07755102040816331,0.4857142857142857,0.15754392458508468,0.02234432234432234,-27.951734286498983,0.9911050480289356,1.080312296570371,0.23674091781448636,0.010970977925336299,2.6020852139652106e-17,False,81,unstable correction
final,trivial_attractor,True,6306,localized_block_shock,0.25,0.7,0.05,0.1264256411742075,0.04999655910645939,0.6045378244309877,0.25,0.9999942133733897,-2.9999768534935587,0.0,0.9591836734693877,4.4445281997215407e-05,0.9690934065934064,-28.211400378427896,0.999994200297534,0.0,0.08085941789663767,3.555230131762221e-11,2.117582368135751e-22,False,81,wrong-attractor convergence
final,identity_scrambled,True,6306,localized_block_shock,0.25,0.7,0.05,0.1264256411742075,0.09388248555783625,0.2574094567693636,0.25,0.995470407111913,-2.981881628447652,0.17551020408163265,0.5387755102040817,0.2559760334556904,0.34702380952380946,-27.98691787419998,0.9923094881855478,0.0,0.07834678385706932,0.005302163906574672,1.5178830414797062e-17,False,81,wrong-attractor convergence
final,signal_blind,True,6306,localized_block_shock,0.25,0.7,0.05,0.1264256411742075,0.2580181594985701,-1.0408689020847872,0.25,0.4698597975898763,-0.8794391903595051,0.7755102040816326,0.7836734693877551,0.778582270045239,0.9144230769230768,-1.551345107616524,0.08734022599129224,1.118367587247831,0.15414305437796189,1.1811539351640508,0.0,False,81,unstable correction
final,parameter_budget_matched,True,6306,localized_block_shock,0.25,0.7,0.05,0.1264256411742075,0.029657617533575476,0.7654145372875039,0.25,0.9602666735016043,-2.8410666940064173,0.0,0.9387755102040817,0.3167470722106629,0.9743131868131867,-27.02140681095253,0.9592571370122859,0.0,0.12844428725544454,0.0016867420864875777,2.0816681711721685e-17,False,1,wrong-attractor convergence
final,memory_ablation,True,6306,localized_block_shock,0.25,0.7,0.05,0.1264256411742075,0.1264256411742075,0.0,0.25,0.25,0.0,0.9591836734693877,0.9591836734693877,0.9591836734693877,0.9690934065934064,0.0,0.03423301133608138,0.0,0.0,1.074275123519453,0.0,False,81,no recovery
final,redundancy_ablation,True,6306,localized_block_shock,0.25,0.7,0.05,0.1264256411742075,0.0986310262861554,0.21984950702961162,0.25,0.22758922978079765,0.08964308087680939,0.9591836734693877,0.9714285714285714,0.9642547657350928,0.9787545787545786,-0.16739222581187263,0.03996335129987111,0.0,0.0009608964958029323,1.071810910867657,2.7755575615628914e-17,False,81,identity-preserving adaptation
final,oracle_upper_bound_non_admissible,False,6306,localized_block_shock,0.25,0.7,0.05,0.1264256411742075,0.0,1.0,0.25,2.5283729970802848e-11,0.9999999998988651,1.0,1.0,1.0,0.9999999999999998,0.9999999998988655,3.4621410838187727e-12,0.0,0.008928571428571428,1.0000000000011908,0.0,True,3,exact-state recovery
final,passive_relaxation,True,6306,localized_block_shock,0.5,0.7,0.05,0.3545180889370121,0.3545180889370121,0.0,0.5,0.5,0.0,0.9551020408163265,0.9551020408163265,0.9551020408163265,0.9226648351648351,0.0,0.06846602267216274,0.0,0.0,1.2735502470389055,0.0,False,81,passive decay
final,operator_only_filtering,True,6306,localized_block_shock,0.5,0.7,0.05,0.3545180889370121,0.029897204451829005,0.9156680423798038,0.5,0.9610829859569032,-0.9221659719138064,0.0,0.9306122448979591,0.310706246977283,0.9753205128205128,-13.023768883390355,0.9601516783193744,0.0,0.258072518671103,0.001613480171481824,1.9081958235744878e-17,False,2,wrong-attractor convergence
final,topology_altered,True,6306,localized_block_shock,0.5,0.7,0.05,0.3545180889370121,0.18353489452933464,0.4822975180768741,0.5,0.9831224089970673,-0.9662448179941345,0.13469387755102036,0.49387755102040815,0.2163390699599866,0.09345238095238093,-13.16332532734915,0.9697065529755038,0.0,0.2646369500468182,0.035287243561476805,3.122502256758253e-17,False,81,wrong-attractor convergence
final,trivial_attractor,True,6306,localized_block_shock,0.5,0.7,0.05,0.3545180889370121,0.04999648880260947,0.8589733772047596,0.5,0.9999941795067729,-0.9999883590135459,0.0,0.9551020408163265,4.873339389639646e-05,0.9226648351648351,-13.605699503552641,0.9999941533530312,0.0,0.09585862074169148,4.214715684518919e-11,0.0,False,81,wrong-attractor convergence
final,identity_scrambled,True,6306,localized_block_shock,0.5,0.7,0.05,0.3545180889370121,0.15856052842453888,0.5527434752343183,0.5,0.9858079246191385,-0.9716158492382769,0.0653061224489796,0.5061224489795918,0.16249768998639338,-0.11556776556776557,-13.041050394199258,0.961334874630226,0.0,0.0994872370388355,0.03847991403913562,3.2959746043559335e-17,False,81,wrong-attractor convergence
final,signal_blind,True,6306,localized_block_shock,0.5,0.7,0.05,0.3545180889370121,3.3669851995249593,-8.4973579757821,0.5,3.956528218060676,-6.913056436121352,0.5224489795918368,0.5224489795918368,0.5208644362227893,0.26712454212454206,-11.711983793139831,0.870338970589277,8.62993948961613,14.110629569815718,17.492798254508855,1.1102230246251565e-16,False,81,unstable correction
final,parameter_budget_matched,True,6306,localized_block_shock,0.5,0.7,0.05,0.3545180889370121,0.029897204451829005,0.9156680423798038,0.5,0.9610829859569032,-0.9221659719138064,0.0,0.9306122448979591,0.310706246977283,0.9753205128205128,-13.023768883390355,0.9601516783193744,0.0,0.258072518671103,0.001613480171481824,1.9081958235744878e-17,False,2,wrong-attractor convergence
final,memory_ablation,True,6306,localized_block_shock,0.5,0.7,0.05,0.3545180889370121,0.3545180889370121,0.0,0.5,0.5,0.0,0.9551020408163265,0.9551020408163265,0.9551020408163265,0.9226648351648351,0.0,0.06846602267216274,0.0,0.0,1.2735502470389055,0.0,False,81,no recovery
final,redundancy_ablation,True,6306,localized_block_shock,0.5,0.7,0.05,0.3545180889370121,0.26034841529094044,0.26562727427655447,0.5,0.43423870870510367,0.13152258258979266,0.9387755102040817,0.9591836734693877,0.9512407990375241,0.9427655677655677,-0.3026164906084702,0.08918497017913259,0.0,0.009953791232431742,1.2430715258646403,2.7755575615628914e-17,False,81,trajectory-corridor recovery
final,oracle_upper_bound_non_admissible,False,6306,localized_block_shock,0.5,0.7,0.05,0.3545180889370121,0.0,1.0,0.5,5.0567446063802656e-11,0.9999999998988651,1.0,1.0,1.0,0.9999999999999998,0.9999999998988659,6.924251762085856e-12,0.0,0.03571428571428571,1.0000000000023819,0.0,True,6,exact-state recovery
final,passive_relaxation,True,6306,localized_block_shock,0.8,0.7,0.05,0.6384458551942032,0.6384458551942032,0.0,0.8,0.8,0.0,0.9551020408163265,0.9551020408163265,0.9551020408163265,0.9099358974358973,0.0,0.10954563627546049,0.0,0.0,1.6776803952622488,0.0,False,81,passive decay
final,operator_only_filtering,True,6306,localized_block_shock,0.8,0.7,0.05,0.6384458551942032,0.029615306196684617,0.9536134412092374,0.8,0.9611586593489438,-0.20144832418617975,0.0,0.9387755102040817,0.30918410305051186,0.979120879120879,-7.766521877336388,0.9603342169755591,0.0,0.5270608960129932,0.001593281171333959,4.683753385137379e-17,False,3,wrong-attractor convergence
final,topology_altered,True,6306,localized_block_shock,0.8,0.7,0.05,0.6384458551942032,0.06282324346276343,0.9015997316739509,0.8,1.0054335316066458,-0.25679191450830724,0.061224489795918324,0.4326530612244898,0.13718816200439896,-0.26304945054945056,-8.180913504701198,1.0057290114624609,0.0,0.40202142962925685,0.0005569959836629911,2.461138931542095e-17,False,81,wrong-attractor convergence
final,trivial_attractor,True,6306,localized_block_shock,0.8,0.7,0.05,0.6384458551942032,0.049996404562680556,0.9216904547881002,0.8,0.9999941388695618,-0.24999267358695218,0.0,0.9551020408163265,5.401653893086979e-05,0.9099358974358973,-8.128561675474849,0.999994097019676,0.0,0.12627701899405472,5.552153039867997e-11,2.117582368135751e-22,False,81,wrong-attractor convergence
final,identity_scrambled,True,6306,localized_block_shock,0.8,0.7,0.05,0.6384458551942032,0.05807674104498369,0.9090341951905728,0.8,0.9686816671991468,-0.2108520839989335,0.19183673469387752,0.5877551020408164,0.2919522803304691,0.5339285714285714,-7.832017815677634,0.9675090112146091,0.0,0.27770012547611106,0.0035713958364795547,3.848917712323541e-18,False,81,wrong-attractor convergence
final,signal_blind,True,6306,localized_block_shock,0.8,0.7,0.05,0.6384458551942032,7.941322179752841,-11.438521004004702,0.8,8.832993181079287,-10.041241476349107,0.49795918367346936,0.49795918367346936,0.49738978622512303,0.31794871794871793,-31.681844912702093,3.580153495617872,11.875318837058423,94.9529870633906,83.21799696686013,2.220446049250313e-16,False,81,unstable correction
final,parameter_budget_matched,True,6306,localized_block_shock,0.8,0.7,0.05,0.6384458551942032,0.029615306196684617,0.9536134412092374,0.8,0.9611586593489438,-0.20144832418617975,0.0,0.9387755102040817,0.30918410305051186,0.979120879120879,-7.766521877336388,0.9603342169755591,0.0,0.5270608960129932,0.001593281171333959,4.683753385137379e-17,False,3,wrong-attractor convergence
final,memory_ablation,True,6306,localized_block_shock,0.8,0.7,0.05,0.6384458551942032,0.6384458551942032,0.0,0.8,0.8,0.0,0.9551020408163265,0.9551020408163265,0.9551020408163265,0.9099358974358973,0.0,0.10954563627546049,0.0,0.0,1.6776803952622488,0.0,False,81,no recovery
final,redundancy_ablation,True,6306,localized_block_shock,0.8,0.7,0.05,0.6384458551942032,0.44666755369997246,0.3003830315977153,0.8,0.663725103517087,0.17034362060364128,0.926530612244898,0.9510204081632653,0.941829012275859,0.9172161172161171,-0.43665177146032413,0.15737893241088866,0.0,0.03385058674063554,1.5642134081391075,5.551115123125783e-17,False,81,trajectory-corridor recovery
final,oracle_upper_bound_non_admissible,False,6306,localized_block_shock,0.8,0.7,0.05,0.6384458551942032,0.0,1.0,0.8,8.090792705945144e-11,0.9999999998988651,1.0,1.0,1.0,0.9999999999999998,0.9999999998988655,1.1078844343078956e-11,0.0,0.09142857142857146,1.0000000000038107,0.0,True,7,exact-state recovery
final,passive_relaxation,True,6306,localized_block_shock,1.1,0.7,0.05,0.9241831924554743,0.9241831924554743,0.0,1.1,1.1,0.0,0.9551020408163265,0.9551020408163265,0.9551020408163265,0.9099358974358973,0.0,0.15062524987875828,0.0,0.0,2.261810543485592,0.0,False,81,passive decay
final,operator_only_filtering,True,6306,localized_block_shock,1.1,0.7,0.05,0.9241831924554743,0.03015444493051358,0.9673717882161481,1.1,0.9621855463687804,0.12528586693747243,0.0,0.9510204081632653,0.2996116239308547,0.9737637362637361,-5.3817221584211,0.9612484947689868,0.0,0.9198886569765389,0.0015279627157527376,2.2551405187698492e-17,False,7,wrong-attractor convergence
final,topology_altered,True,6306,localized_block_shock,1.1,0.7,0.05,0.9241831924554743,0.2501570848133912,0.7293208891315739,1.1,0.9735565680453828,0.11494857450419751,0.07755102040816331,0.5346938775510204,0.18021795646463812,0.04162087912087911,-5.16233823606266,0.9282037366443646,0.0,0.63445973303378,0.07022128914363297,1.734723475976807e-17,False,81,wrong-attractor convergence
final,trivial_attractor,True,6306,localized_block_shock,1.1,0.7,0.05,0.9241831924554743,0.04999632045877881,0.945902153526572,1.1,0.9999940982353274,0.09091445614970246,0.0,0.9551020408163265,5.9299683965343146e-05,0.9099358974358973,-5.638953571803476,0.9999940406863733,0.0,0.17024380434274383,7.485286422898216e-11,6.352747104407253e-22,False,81,wrong-attractor convergence
final,identity_scrambled,True,6306,localized_block_shock,1.1,0.7,0.05,0.9241831924554743,0.06341070064039754,0.9313873037747843,1.1,0.9786715984641563,0.11029854685076707,0.12244897959183676,0.5673469387755102,0.2364277525936523,0.34679487179487173,-5.5068687728405825,0.980098734837402,0.0,0.2661809109156192,0.0046606931218488405,1.0408340855860843e-17,False,81,wrong-attractor convergence
final,signal_blind,True,6306,localized_block_shock,1.1,0.7,0.05,0.9241831924554743,48.672310012524804,-51.66521876816079,1.1,44.67193928427092,-39.61085389479174,0.48571428571428577,0.4857142857142857,0.4857142857142857,-0.11336996336996334,-50.65552476118671,7.780626324772134,52.8517486559315,2072.9090281075732,1982.9046400464745,2.6367796834847468e-15,False,81,unstable correction
final,parameter_budget_matched,True,6306,localized_block_shock,1.1,0.7,0.05,0.9241831924554743,0.03015444493051358,0.9673717882161481,1.1,0.9621855463687804,0.12528586693747243,0.0,0.9510204081632653,0.2996116239308547,0.9737637362637361,-5.3817221584211,0.9612484947689868,0.0,0.9198886569765389,0.0015279627157527376,2.2551405187698492e-17,False,7,wrong-attractor convergence
final,memory_ablation,True,6306,localized_block_shock,1.1,0.7,0.05,0.9241831924554743,0.9241831924554743,0.0,1.1,1.1,0.0,0.9551020408163265,0.9551020408163265,0.9551020408163265,0.9099358974358973,0.0,0.15062524987875828,0.0,0.0,2.261810543485592,0.0,False,81,no recovery
final,redundancy_ablation,True,6306,localized_block_shock,1.1,0.7,0.05,0.9241831924554743,0.6318276077462299,0.3163394304244822,1.1,0.8926297630877563,0.18851839719294886,0.9224489795918367,0.9510204081632653,0.940115119983917,0.9086538461538461,-0.5212390301784738,0.22913700904595252,0.0,0.0756305977610198,2.0001799654490444,2.7755575615628914e-17,False,81,trajectory-corridor recovery
final,oracle_upper_bound_non_admissible,False,6306,localized_block_shock,1.1,0.7,0.05,0.9241831924554743,0.0,1.0,1.1,1.1124839851411884e-10,0.9999999998988651,1.0,1.0,1.0,0.9999999999999998,0.9999999998988656,1.5233406518932682e-11,0.0,0.17285714285714288,1.0000000000052398,5.551115123125783e-17,True,8,exact-state recovery
final,passive_relaxation,True,6306,sparse_node_corruption,0.25,0.7,0.05,0.14670066974470997,0.14670066974470997,0.0,0.25,0.25,0.0,0.9102040816326531,0.9142857142857143,0.9126072902379337,0.974679487179487,0.0,0.0652349607508057,0.0,0.0,1.0845304601980854,0.0,False,81,passive decay
final,operator_only_filtering,True,6306,sparse_node_corruption,0.25,0.7,0.05,0.14670066974470997,0.029520353935280953,0.798771512177466,0.25,0.9614146278139991,-2.8456585112559964,0.0,0.9510204081632653,0.30359446760269015,0.9821428571428571,-13.723972110047102,0.9605177426948805,0.0,0.12772970344875229,0.0015632827146335334,3.8163916471489756e-17,False,1,wrong-attractor convergence
final,topology_altered,True,6306,sparse_node_corruption,0.25,0.7,0.05,0.14670066974470997,0.13737898879748253,0.06354218398218031,0.25,1.007411061066982,-3.029644244267928,0.07346938775510203,0.5387755102040817,0.1784405997152647,0.03782051282051282,-14.301691267067076,0.9982052292280671,0.6080300500976166,0.20126726716725843,0.013434816852551924,5.4643789493269423e-17,False,81,unstable correction
final,trivial_attractor,True,6306,sparse_node_corruption,0.25,0.7,0.05,0.14670066974470997,0.049996659256595216,0.6591926993680403,0.25,0.9999941838751535,-2.999976735500614,0.0,0.9142857142857143,4.405123315238662e-05,0.974679487179487,-14.329114158157163,0.9999941604520025,0.0,0.08163132495844468,3.589169372439964e-11,0.0,False,81,wrong-attractor convergence
final,identity_scrambled,True,6306,sparse_node_corruption,0.25,0.7,0.05,0.14670066974470997,0.0588509861206675,0.5988362819128188,0.25,0.9612514851790774,-2.8450059407163097,0.25306122448979596,0.6489795918367347,0.3462640072127758,0.6867216117216116,-13.68685103125039,0.9580961505765494,0.0,0.07703219519189478,0.004233593576133245,3.8163916471489756e-17,False,81,wrong-attractor convergence
final,signal_blind,True,6306,sparse_node_corruption,0.25,0.7,0.05,0.14670066974470997,0.5066819335301401,-2.4538488093604025,0.25,0.705686803897535,-1.82274721559014,0.7020408163265306,0.710204081632653,0.7053912102639561,0.7846611721611721,-1.662297739487975,0.1736748885424568,2.5484942460706486,0.5889238962984378,1.290410755443337,2.7755575615628914e-17,False,81,unstable correction
final,parameter_budget_matched,True,6306,sparse_node_corruption,0.25,0.7,0.05,0.14670066974470997,0.029520353935280953,0.798771512177466,0.25,0.9614146278139991,-2.8456585112559964,0.0,0.9510204081632653,0.30359446760269015,0.9821428571428571,-13.723972110047102,0.9605177426948805,0.0,0.12772970344875229,0.0015632827146335334,3.8163916471489756e-17,False,1,wrong-attractor convergence
final,memory_ablation,True,6306,sparse_node_corruption,0.25,0.7,0.05,0.14670066974470997,0.14670066974470997,0.0,0.25,0.25,0.0,0.9102040816326531,0.9142857142857143,0.9126072902379337,0.974679487179487,0.0,0.0652349607508057,0.0,0.0,1.0845304601980854,0.0,False,81,no recovery
final,redundancy_ablation,True,6306,sparse_node_corruption,0.25,0.7,0.05,0.14670066974470997,0.14102420320689796,0.03869421010613145,0.25,0.24063935620422108,0.03744257518311567,0.9102040816326531,0.926530612244898,0.9204081632653062,0.9773351648351647,-0.011789743858677074,0.06600406422868856,0.0,0.0004500790871966712,1.0835316256247578,5.551115123125783e-17,False,81,trajectory-corridor recovery
final,oracle_upper_bound_non_admissible,False,6306,sparse_node_corruption,0.25,0.7,0.05,0.14670066974470997,0.0,1.0,0.25,2.5283723632313264e-11,0.9999999998988651,1.0,1.0,1.0,0.9999999999999998,0.9999999998988647,6.597549570084981e-12,0.0,0.008928571428571428,1.000000000002228,2.7755575615628914e-17,True,5,exact-state recovery
final,passive_relaxation,True,6306,sparse_node_corruption,0.5,0.7,0.05,0.3856696408773544,0.3856696408773544,0.0,0.49999999999999994,0.49999999999999994,0.0,0.8612244897959184,0.8653061224489796,0.8631176108519472,0.9262362637362636,0.0,0.13046992150161132,0.0,0.0,1.2940609203961706,0.0,False,81,passive decay
final,operator_only_filtering,True,6306,sparse_node_corruption,0.5,0.7,0.05,0.3856696408773544,0.02988504115870188,0.9225112946647374,0.49999999999999994,0.9617805373771584,-0.923561074754317,0.0,0.9755102040816327,0.2988534253396839,0.9795329670329669,-6.365207502732509,0.9609380447245892,0.0,0.253716748268406,0.0015324570025943307,6.245004513516506e-17,False,2,identity-preserving adaptation
final,topology_altered,True,6306,sparse_node_corruption,0.5,0.7,0.05,0.3856696408773544,0.08073471655111987,0.7906635420733206,0.49999999999999994,1.001281572795911,-1.0025631455918222,0.07346938775510203,0.5346938775510204,0.1748755169700121,-0.005173992673992673,-6.654918841619597,0.9987366603673142,0.0,0.27407807910832166,0.0035882175109992163,4.597017211338539e-17,False,81,wrong-attractor convergence
final,trivial_attractor,True,6306,sparse_node_corruption,0.5,0.7,0.05,0.3856696408773544,0.04999668910134112,0.8703639493437846,0.49999999999999994,0.9999941205102979,-0.999988241020596,0.0,0.8653061224489796,4.968323015985981e-05,0.9262362637362636,-6.664556413868269,0.9999940736620646,0.0,0.09740243486530552,4.282594165874407e-11,4.235164736271502e-22,False,81,wrong-attractor convergence
final,identity_scrambled,True,6306,sparse_node_corruption,0.5,0.7,0.05,0.3856696408773544,0.06383086437363165,0.834493417142133,0.49999999999999994,0.9957329935685272,-0.9914659871370546,0.15102040816326534,0.5306122448979592,0.22807686501900173,0.04500915750915751,-6.6189648744500325,0.9940457490930297,0.0,0.11600799220977404,0.001855144865910541,3.382710778154774e-17,False,81,wrong-attractor convergence
final,signal_blind,True,6306,sparse_node_corruption,0.5,0.7,0.05,0.3856696408773544,2.7228686114763834,-6.060106170872481,0.49999999999999994,2.9441327061831295,-4.88826541236626,0.5836734693877551,0.5836734693877551,0.582332187164514,0.32719780219780215,-3.866323938208179,0.6349089022194332,6.060106170872481,8.243209743104185,9.840107820766224,1.3877787807814457e-17,False,81,unstable correction
final,parameter_budget_matched,True,6306,sparse_node_corruption,0.5,0.7,0.05,0.3856696408773544,0.02988504115870188,0.9225112946647374,0.49999999999999994,0.9617805373771584,-0.923561074754317,0.0,0.9755102040816327,0.2988534253396839,0.9795329670329669,-6.365207502732509,0.9609380447245892,0.0,0.253716748268406,0.0015324570025943307,6.245004513516506e-17,False,2,identity-preserving adaptation
final,memory_ablation,True,6306,sparse_node_corruption,0.5,0.7,0.05,0.3856696408773544,0.3856696408773544,0.0,0.49999999999999994,0.49999999999999994,0.0,0.8612244897959184,0.8653061224489796,0.8631176108519472,0.9262362637362636,0.0,0.13046992150161132,0.0,0.0,1.2940609203961706,0.0,False,81,no recovery
final,redundancy_ablation,True,6306,sparse_node_corruption,0.5,0.7,0.05,0.3856696408773544,0.31956018685311566,0.17141472135023975,0.49999999999999994,0.4359461359947821,0.1281077280104357,0.8612244897959184,0.8938775510204081,0.8810757123383663,0.9456959706959704,-0.08623099005381323,0.14172047200493856,0.0,0.007652264949293965,1.2723053670269249,0.0,False,81,trajectory-corridor recovery
final,oracle_upper_bound_non_admissible,False,6306,sparse_node_corruption,0.5,0.7,0.05,0.3856696408773544,0.0,1.0,0.49999999999999994,5.0567436293261466e-11,0.9999999998988651,1.0,1.0,1.0,0.9999999999999998,0.9999999998988649,1.319507600145613e-11,0.0,0.03571428571428571,1.0000000000044562,2.7755575615628914e-17,True,7,exact-state recovery
final,passive_relaxation,True,6306,sparse_node_corruption,0.8,0.7,0.05,0.7041915827176647,0.7041915827176647,0.0,0.8,0.8,0.0,0.8571428571428572,0.8571428571428571,0.8571428571428571,0.8651556776556776,0.0,0.20875187440257817,0.0,0.0,1.7104974726338733,0.0,False,81,passive decay
final,operator_only_filtering,True,6306,sparse_node_corruption,0.8,0.7,0.05,0.7041915827176647,0.0313786271082943,0.9554402127512008,0.8,0.9633803921112875,-0.20422549013910926,0.0,0.9551020408163265,0.28172880485035817,0.9657509157509158,-3.6107796103100354,0.9625088861094088,0.0,0.5145379756225843,0.0014473315360805815,2.42861286636753e-17,False,9,wrong-attractor convergence
final,topology_altered,True,6306,sparse_node_corruption,0.8,0.7,0.05,0.7041915827176647,0.17794965472974483,0.7472993726465895,0.8,0.980446585092924,-0.225558231366155,0.04081632653061229,0.4489795918367347,0.12541236308035564,-0.20705128205128204,-3.6145206803492993,0.9632898414923765,0.0,0.37801286794907557,0.05008319328845037,3.122502256758253e-17,False,81,wrong-attractor convergence
final,trivial_attractor,True,6306,sparse_node_corruption,0.8,0.7,0.05,0.7041915827176647,0.04999672503769359,0.929001245875813,0.8,0.999994044475196,-0.24999255559399497,0.0,0.8571428571428571,5.7890866130287374e-05,0.8651556776556776,-3.7903472597607717,0.9999939695143151,0.0,0.12874712159183718,5.660758610036782e-11,6.352747104407253e-22,False,81,wrong-attractor convergence
final,identity_scrambled,True,6306,sparse_node_corruption,0.8,0.7,0.05,0.7041915827176647,0.13471162714096807,0.8087003161539085,0.8,0.979384941456997,-0.22423117682124613,0.15918367346938778,0.6204081632653061,0.27399235464566274,0.4172161172161172,-3.637719400550841,0.9681326178181893,0.0,0.2308287307552388,0.022364108058364474,2.3418766925686896e-17,False,81,wrong-attractor convergence
final,signal_blind,True,6306,sparse_node_corruption,0.8,0.7,0.05,0.7041915827176647,26.925642544073384,-37.236245937732015,0.8,25.48685042812326,-30.858563035154074,0.4571428571428572,0.45714285714285713,0.45714285714285713,0.016895604395604395,-32.07708315281499,6.904903107920069,37.236245937732015,540.2328040176301,648.143971743172,7.771561172376096e-16,False,81,unstable correction
final,parameter_budget_matched,True,6306,sparse_node_corruption,0.8,0.7,0.05,0.7041915827176647,0.0313786271082943,0.9554402127512008,0.8,0.9633803921112875,-0.20422549013910926,0.0,0.9551020408163265,0.28172880485035817,0.9657509157509158,-3.6107796103100354,0.9625088861094088,0.0,0.5145379756225843,0.0014473315360805815,2.42861286636753e-17,False,9,wrong-attractor convergence
final,memory_ablation,True,6306,sparse_node_corruption,0.8,0.7,0.05,0.7041915827176647,0.7041915827176647,0.0,0.8,0.8,0.0,0.8571428571428572,0.8571428571428571,0.8571428571428571,0.8651556776556776,0.0,0.20875187440257817,0.0,0.0,1.7104974726338733,0.0,False,81,no recovery
final,redundancy_ablation,True,6306,sparse_node_corruption,0.8,0.7,0.05,0.7041915827176647,0.5341054051174318,0.2415339543591598,0.8,0.667647364292416,0.16544079463448005,0.8040816326530612,0.8571428571428571,0.8315475110875948,0.9163461538461537,-0.15664266531631102,0.24145132439877381,0.0,0.031455435995511434,1.6126474942022238,0.0,False,81,trajectory-corridor recovery
final,oracle_upper_bound_non_admissible,False,6306,sparse_node_corruption,0.8,0.7,0.05,0.7041915827176647,0.0,1.0,0.8,8.090790333547108e-11,0.9999999998988651,1.0,1.0,1.0,0.9999999999999998,0.9999999998988651,2.1112091271901942e-11,0.0,0.09142857142857146,1.0000000000071299,8.326672684688674e-17,True,9,exact-state recovery
final,passive_relaxation,True,6306,sparse_node_corruption,1.1,0.7,0.05,1.0315157443759984,1.0315157443759984,0.0,1.1,1.1,0.0,0.8571428571428572,0.8571428571428571,0.8571428571428571,0.8071886446886446,0.0,0.28703382730354504,0.0,0.0,2.306934024871576,0.0,False,81,passive decay
final,operator_only_filtering,True,6306,sparse_node_corruption,1.1,0.7,0.05,1.0315157443759984,0.03227568438910026,0.9687104297098006,1.1,0.9639211966440758,0.12370800305084023,0.0,0.9183673469387755,0.2806614051383699,0.942216117216117,-2.3553349304388735,0.963094626969144,0.0,0.8951567486911945,0.0014697936253861464,4.336808689942018e-17,False,81,wrong-attractor convergence
final,topology_altered,True,6306,sparse_node_corruption,1.1,0.7,0.05,1.0315157443759984,0.12963095202026162,0.874329642831889,1.1,0.9817059918538978,0.10754000740554749,0.1428571428571429,0.5346938775510204,0.2376403777265456,0.3152472527472527,-2.3711682300174206,0.967639319546018,0.0,0.3278372709722819,0.021804579304939984,2.7321894746634712e-17,False,81,wrong-attractor convergence
final,trivial_attractor,True,6306,sparse_node_corruption,1.1,0.7,0.05,1.0315157443759984,0.04999676110785382,0.9515307823652284,1.1,0.9999939684430669,0.09091457414266656,0.0,0.8571428571428571,6.613287341247334e-05,0.8071886446886446,-2.483888553348942,0.9999938653667576,0.0,0.1736401954146947,7.634619081880293e-11,0.0,False,81,wrong-attractor convergence
final,identity_scrambled,True,6306,sparse_node_corruption,1.1,0.7,0.05,1.0315157443759984,0.058461673359142076,0.9433244972964444,1.1,0.9814878345857806,0.10773833219474499,0.12653061224489792,0.6530612244897959,0.25272083861640704,0.48273809523809513,-2.4073674164178636,0.9780297105638116,0.0,0.3462393476145274,0.0024542951488042064,2.168404344971009e-18,False,81,wrong-attractor convergence
final,signal_blind,True,6306,sparse_node_corruption,1.1,0.7,0.05,1.0315157443759984,32.116161415010836,-30.134921197387133,1.1,30.393929210222804,-26.630844736566182,0.48571428571428577,0.4857142857142857,0.4857142857142857,0.09175824175824174,-17.41552870770904,5.285879686792033,30.13492119738713,862.1295930637212,927.6620979241402,8.881784197001252e-16,False,81,unstable correction
final,parameter_budget_matched,True,6306,sparse_node_corruption,1.1,0.7,0.05,1.0315157443759984,0.03227568438910026,0.9687104297098006,1.1,0.9639211966440758,0.12370800305084023,0.0,0.9183673469387755,0.2806614051383699,0.942216117216117,-2.3553349304388735,0.963094626969144,0.0,0.8951567486911945,0.0014697936253861464,4.336808689942018e-17,False,81,wrong-attractor convergence
final,memory_ablation,True,6306,sparse_node_corruption,1.1,0.7,0.05,1.0315157443759984,1.0315157443759984,0.0,1.1,1.1,0.0,0.8571428571428572,0.8571428571428571,0.8571428571428571,0.8071886446886446,0.0,0.28703382730354504,0.0,0.0,2.306934024871576,0.0,False,81,no recovery
final,redundancy_ablation,True,6306,sparse_node_corruption,1.1,0.7,0.05,1.0315157443759984,0.7468239744755755,0.2759936253543501,1.1,0.8968910072366296,0.18464453887579133,0.763265306122449,0.8163265306122449,0.7936158311987067,0.8685897435897434,-0.21292153973097377,0.3481495117678903,0.0,0.07290712163895281,2.0694171599987214,0.0,False,81,trajectory-corridor recovery
final,oracle_upper_bound_non_admissible,False,6306,sparse_node_corruption,1.1,0.7,0.05,1.0315157443759984,0.0,1.0,1.1,1.1124835940632228e-10,0.9999999998988651,1.0,1.0,1.0,0.9999999999999998,0.999999999898865,2.9029177971729667e-11,0.0,0.1728571428571429,1.0000000000098035,0.0,True,10,exact-state recovery
final,passive_relaxation,True,6306,relational_twist,0.25,0.7,0.05,0.09495768901985453,0.09495768901985453,0.0,0.25,0.25,0.0,0.8734693877551021,0.8979591836734694,0.8790179959441409,0.9653388278388276,0.0,2.251631069053202e-16,0.0,0.0,1.0625,0.0,False,81,passive decay
final,operator_only_filtering,True,6306,relational_twist,0.25,0.7,0.05,0.09495768901985453,0.02954526789314358,0.6888586043099046,0.25,0.9605224962097995,-2.842089984839198,0.0,0.9346938775510204,0.3144355758416594,0.9767399267399265,0.0,0.9595863300948562,0.0,0.11855310305874053,0.0016602035718619901,1.9081958235744878e-17,False,1,wrong-attractor convergence
final,topology_altered,True,6306,relational_twist,0.25,0.7,0.05,0.09495768901985453,0.16954507286617837,-0.7854801924542255,0.25,1.0011048111375238,-3.0044192445500952,0.07346938775510203,0.4816326530612245,0.17131079149224748,0.06607142857142856,0.0,0.9944908346173824,1.5126051526328879,0.22166541295930553,0.02163271776261548,1.5612511283791264e-17,False,81,unstable correction
final,trivial_attractor,True,6306,relational_twist,0.25,0.7,0.05,0.09495768901985453,0.04999661309148216,0.47348536377050565,0.25,0.9999942472431078,-2.9999769889724313,0.0,0.8979591836734694,4.397268923472799e-05,0.9653388278388276,0.0,0.9999942472420736,0.0,0.07997311827692324,3.516261274506705e-11,6.352747104407253e-22,False,81,wrong-attractor convergence
final,identity_scrambled,True,6306,relational_twist,0.25,0.7,0.05,0.09495768901985453,0.06834169732531213,0.28029317024530065,0.25,0.9624157679669293,-2.849663071867717,0.24489795918367352,0.5836734693877551,0.3246421769454351,0.3884615384615384,0.0,0.9626122231473586,0.12166124942463852,0.07126626833262499,0.007778050350817151,4.5102810375396984e-17,False,81,wrong-attractor convergence
final,signal_blind,True,6306,relational_twist,0.25,0.7,0.05,0.09495768901985453,0.11715347548227945,-0.2337439620901477,0.25,0.3033787216508576,-0.21351488660343043,0.8571428571428572,0.8653061224489796,0.8561260547627217,0.9484432234432234,0.0,0.06703804935137223,0.2885083834016797,0.056293330828846244,1.1818684839987736,1.1102230246251565e-16,False,81,no recovery
final,parameter_budget_matched,True,6306,relational_twist,0.25,0.7,0.05,0.09495768901985453,0.02954526789314358,0.6888586043099046,0.25,0.9605224962097995,-2.842089984839198,0.0,0.9346938775510204,0.3144355758416594,0.9767399267399265,0.0,0.9595863300948562,0.0,0.11855310305874053,0.0016602035718619901,1.9081958235744878e-17,False,1,wrong-attractor convergence
final,memory_ablation,True,6306,relational_twist,0.25,0.7,0.05,0.09495768901985453,0.09495768901985453,0.0,0.25,0.25,0.0,0.8734693877551021,0.8979591836734694,0.8790179959441409,0.9653388278388276,0.0,2.251631069053202e-16,0.0,0.0,1.0625,0.0,False,81,no recovery
final,redundancy_ablation,True,6306,relational_twist,0.25,0.7,0.05,0.09495768901985453,0.05556954683230847,0.4147967646865381,0.25,0.2172861008798823,0.13085559648047085,0.8775510204081632,0.9469387755102041,0.9088178914132921,0.9781135531135531,0.0,0.010918066076729863,0.0,0.002174674352681875,1.0578014971706389,0.0,False,81,trajectory-corridor recovery
final,oracle_upper_bound_non_admissible,False,6306,relational_twist,0.25,0.7,0.05,0.09495768901985453,0.0,1.0,0.25,2.5283729088261544e-11,0.9999999998988651,1.0,1.0,1.0,0.9999999999999998,0.0,2.3164083564260743e-16,0.0,0.00892857142857143,1.0,0.0,False,4,identity-preserving adaptation
final,passive_relaxation,True,6306,relational_twist,0.5,0.7,0.05,0.2798612144486421,0.2798612144486421,0.0,0.5,0.5,0.0,0.763265306122449,0.7714285714285715,0.7641457624955313,0.8769688644688644,0.0,5.618115485651828e-17,0.0,0.0,1.25,0.0,False,81,passive decay
final,operator_only_filtering,True,6306,relational_twist,0.5,0.7,0.05,0.2798612144486421,0.0295475883537359,0.8944205669515587,0.5,0.9605161979940811,-0.9210323959881621,0.0,0.9346938775510204,0.31447552585387106,0.9764652014652014,0.0,0.9595778884918218,0.0,0.21930291931408177,0.0016609087216757083,3.469446951953614e-18,False,2,wrong-attractor convergence
final,topology_altered,True,6306,relational_twist,0.5,0.7,0.05,0.2798612144486421,0.25123793917863557,0.1022766778397556,0.5,1.0036877626131502,-1.0073755252263004,0.10204081632653061,0.5142857142857142,0.19339114435551968,-0.06712454212454212,0.0,0.9755189854975784,0.23166551766243892,0.30632615771572536,0.07018069533729404,2.6020852139652106e-17,False,81,wrong-attractor convergence
final,trivial_attractor,True,6306,relational_twist,0.5,0.7,0.05,0.2798612144486421,0.04999659676097669,0.8213521767942172,0.5,0.9999942472462103,-0.9999884944924207,0.0,0.7714285714285715,5.0156239222743223e-05,0.8769688644688644,0.0,0.9999942472420736,0.0,0.09408602150226264,4.136777970007888e-11,6.352747104407253e-22,False,81,wrong-attractor convergence
final,identity_scrambled,True,6306,relational_twist,0.5,0.7,0.05,0.2798612144486421,0.1084576421987799,0.6124591883428592,0.5,0.9851498690963019,-0.9702997381926037,0.1959183673469388,0.5918367346938775,0.29263372692975725,0.5328296703296702,0.0,0.9788743872146478,0.0,0.11287299073960161,0.009236402458339982,5.377642775528102e-17,False,81,wrong-attractor convergence
final,signal_blind,True,6306,relational_twist,0.5,0.7,0.05,0.2798612144486421,1.55264979144063,-4.547927727318428,0.5,1.9770549239689161,-2.9541098479378323,0.5959183673469388,0.6081632653061224,0.601245021885693,0.520558608058608,0.0,0.5788223150472012,4.547927727318428,4.20598677300738,5.499199927485526,8.326672684688674e-17,False,81,unstable correction
final,parameter_budget_matched,True,6306,relational_twist,0.5,0.7,0.05,0.2798612144486421,0.0295475883537359,0.8944205669515587,0.5,0.9605161979940811,-0.9210323959881621,0.0,0.9346938775510204,0.31447552585387106,0.9764652014652014,0.0,0.9595778884918218,0.0,0.21930291931408177,0.0016609087216757083,3.469446951953614e-18,False,2,wrong-attractor convergence
final,memory_ablation,True,6306,relational_twist,0.5,0.7,0.05,0.2798612144486421,0.2798612144486421,0.0,0.5,0.5,0.0,0.763265306122449,0.7714285714285715,0.7641457624955313,0.8769688644688644,0.0,5.618115485651828e-17,0.0,0.0,1.25,0.0,False,81,no recovery
final,redundancy_ablation,True,6306,relational_twist,0.5,0.7,0.05,0.2798612144486421,0.15176123796258018,0.45772679411269335,0.5,0.3875760896561751,0.22484782068764975,0.7714285714285715,0.8612244897959184,0.8194822535026957,0.9408424908424907,0.0,0.04988014831219864,0.0,0.01774233810204603,1.2039065952480912,2.7755575615628914e-17,False,81,trajectory-corridor recovery
final,oracle_upper_bound_non_admissible,False,6306,relational_twist,0.5,0.7,0.05,0.2798612144486421,0.0,1.0,0.5,5.056748376269636e-11,0.999999999898865,1.0,1.0,1.0,0.9999999999999998,0.0,1.2872719738001545e-16,0.0,0.03571428571428571,1.0,2.7755575615628914e-17,False,6,identity-preserving adaptation
final,passive_relaxation,True,6306,relational_twist,0.8,0.7,0.05,0.552428390087004,0.552428390087004,0.0,0.8,0.8,0.0,0.7346938775510203,0.746938775510204,0.738048647006333,0.756547619047619,0.0,1.1236230971303656e-16,0.0,0.0,1.6400000000000001,0.0,False,81,passive decay
final,operator_only_filtering,True,6306,relational_twist,0.8,0.7,0.05,0.552428390087004,0.029444527491488712,0.9466998292994112,0.8,0.9603368272050377,-0.20042103400629702,0.0,0.9346938775510204,0.31594766793369683,0.974587912087912,0.0,0.9593771599827401,0.0,0.4294466535332299,0.0016770233807534812,9.8879238130678e-17,False,3,wrong-attractor convergence
final,topology_altered,True,6306,relational_twist,0.8,0.7,0.05,0.552428390087004,0.07020084178590025,0.872923182360624,0.8,1.003363769314842,-0.2542047116435525,0.06938775510204087,0.4897959183673469,0.16136786404490364,-0.1527014652014652,0.0,1.002522833603279,0.0,0.3725096847905431,0.0011834075223657785,5.919743861770854e-17,False,81,wrong-attractor convergence
final,trivial_attractor,True,6306,relational_twist,0.8,0.7,0.05,0.552428390087004,0.04999657727364525,0.9094967272305264,0.8,0.9999942472526638,-0.24999280906582974,0.0,0.746938775510204,6.049024519036109e-05,0.756547619047619,0.0,0.9999942472420736,0.0,0.12344086021096859,5.4274526966503515e-11,1.0587911840678754e-21,False,81,wrong-attractor convergence
final,identity_scrambled,True,6306,relational_twist,0.8,0.7,0.05,0.552428390087004,0.19134718331480688,0.6536253625837896,0.8,0.9944648875416734,-0.24308110942709169,0.11020408163265305,0.5836734693877551,0.223103762080716,0.42838827838827837,0.0,0.9707722780576498,0.0,0.1982196580631411,0.04010321200464444,7.28583859910259e-17,False,81,wrong-attractor convergence
final,signal_blind,True,6306,relational_twist,0.8,0.7,0.05,0.552428390087004,23.23114360739205,-41.05276923536332,0.8,22.24880806974261,-26.811010087178257,0.49795918367346936,0.49795918367346936,0.49795918367346936,0.05769230769230769,0.0,6.279626927700118,41.05276923536332,401.8053512965184,495.65158749430424,9.159339953157541e-16,False,81,unstable correction
final,parameter_budget_matched,True,6306,relational_twist,0.8,0.7,0.05,0.552428390087004,0.029444527491488712,0.9466998292994112,0.8,0.9603368272050377,-0.20042103400629702,0.0,0.9346938775510204,0.31594766793369683,0.974587912087912,0.0,0.9593771599827401,0.0,0.4294466535332299,0.0016770233807534812,9.8879238130678e-17,False,3,wrong-attractor convergence
final,memory_ablation,True,6306,relational_twist,0.8,0.7,0.05,0.552428390087004,0.552428390087004,0.0,0.8,0.8,0.0,0.7346938775510203,0.746938775510204,0.738048647006333,0.756547619047619,0.0,1.1236230971303656e-16,0.0,0.0,1.6400000000000001,0.0,False,81,no recovery
final,redundancy_ablation,True,6306,relational_twist,0.8,0.7,0.05,0.552428390087004,0.2922443535651705,0.47098237742788013,0.8,0.5828975464431594,0.2713780669460508,0.6938775510204082,0.7918367346938775,0.7489873646761316,0.8761904761904761,0.0,0.1138497150180394,0.0,0.06028534944984558,1.4656488222582342,8.326672684688674e-17,False,81,trajectory-corridor recovery
final,oracle_upper_bound_non_admissible,False,6306,relational_twist,0.8,0.7,0.05,0.552428390087004,0.0,1.0,0.8,8.090796723231452e-11,0.9999999998988651,1.0,1.0,1.0,0.9999999999999998,0.0,2.247246194260731e-16,0.0,0.09142857142857147,1.0,2.7755575615628914e-17,False,8,identity-preserving adaptation
final,passive_relaxation,True,6306,relational_twist,1.1,0.7,0.05,0.8399424250611199,0.8399424250611199,0.0,1.1,1.1,0.0,0.7142857142857143,0.7183673469387755,0.7140154295191409,0.647069597069597,0.0,2.528151968543322e-16,0.0,0.0,2.2100000000000004,0.0,False,81,passive decay
final,operator_only_filtering,True,6306,relational_twist,1.1,0.7,0.05,0.8399424250611199,0.029552421628690626,0.9648161341218832,1.1,0.9605332864610936,0.12678792139900588,0.0,0.9346938775510204,0.31430473513030915,0.9764652014652014,0.0,0.9595931559371912,0.0,0.7362961017500752,0.0016593301908772594,4.85722573273506e-17,False,3,wrong-attractor convergence
final,topology_altered,True,6306,relational_twist,1.1,0.7,0.05,0.8399424250611199,0.36525128053806516,0.5651472414773108,1.1,0.9983427667675657,0.09241566657494032,0.16326530612244894,0.46938775510204084,0.22966440080909364,0.21089743589743584,0.0,0.8918361225610592,0.0,0.38225255892501664,0.22512026303167454,5.204170427930421e-17,False,81,wrong-attractor convergence
final,trivial_attractor,True,6306,relational_twist,1.1,0.7,0.05,0.8399424250611199,0.0499965579055232,0.9404762083521557,1.1,0.9999942472620957,0.09091432067082213,0.0,0.7183673469387755,7.129698144952617e-05,0.647069597069597,0.0,0.9999942472420736,0.0,0.16634408601600037,7.313823450973949e-11,4.235164736271502e-22,False,81,wrong-attractor convergence
final,identity_scrambled,True,6306,relational_twist,1.1,0.7,0.05,0.8399424250611199,0.08386626572403931,0.9001523637552459,1.1,0.9427358564348638,0.142967403241033,0.24081632653061225,0.636734693877551,0.3237172343569499,0.5425824175824174,0.0,0.940259601669819,0.0,0.2988530258233018,0.01718812613703364,3.903127820947816e-17,False,81,wrong-attractor convergence
final,signal_blind,True,6306,relational_twist,1.1,0.7,0.05,0.8399424250611199,20.681180389134123,-23.622140484961477,1.1,21.157512809268244,-18.23410255388022,0.5346938775510204,0.5346938775510204,0.5346938775510204,0.11222527472527473,0.0,3.355847015160386,23.622140484961477,496.09719521247274,452.1762554873691,7.771561172376096e-16,False,81,unstable correction
final,parameter_budget_matched,True,6306,relational_twist,1.1,0.7,0.05,0.8399424250611199,0.029552421628690626,0.9648161341218832,1.1,0.9605332864610936,0.12678792139900588,0.0,0.9346938775510204,0.31430473513030915,0.9764652014652014,0.0,0.9595931559371912,0.0,0.7362961017500752,0.0016593301908772594,4.85722573273506e-17,False,3,wrong-attractor convergence
final,memory_ablation,True,6306,relational_twist,1.1,0.7,0.05,0.8399424250611199,0.8399424250611199,0.0,1.1,1.1,0.0,0.7142857142857143,0.7183673469387755,0.7140154295191409,0.647069597069597,0.0,2.528151968543322e-16,0.0,0.0,2.2100000000000004,0.0,False,81,no recovery
final,redundancy_ablation,True,6306,relational_twist,1.1,0.7,0.05,0.8399424250611199,0.4328106822074983,0.48471386931550214,1.1,0.7741453077100402,0.29623153844541805,0.6489795918367347,0.7591836734693878,0.7178508608244389,0.799084249084249,0.0,0.19484559064856682,0.0,0.1292648945682843,1.8167817685051828,0.0,False,81,trajectory-corridor recovery
final,oracle_upper_bound_non_admissible,False,6306,relational_twist,1.1,0.7,0.05,0.8399424250611199,0.0,1.0,1.1,1.1124840674671256e-10,0.9999999998988651,1.0,1.0,1.0,0.9999999999999998,0.0,1.1236230971303656e-16,0.0,0.17285714285714288,1.0,5.551115123125783e-17,False,9,identity-preserving adaptation
final,passive_relaxation,True,6307,localized_block_shock,0.25,0.7,0.05,0.18599823507116287,0.18599823507116287,0.0,0.24999999999999997,0.24999999999999997,0.0,0.9658119658119658,0.9658119658119658,0.9658119658119658,0.9474358974358973,0.0,0.07612409171339608,0.0,0.0,1.0158751847445755,0.0,False,81,passive decay
final,operator_only_filtering,True,6307,localized_block_shock,0.25,0.7,0.05,0.18599823507116287,0.03952543913852072,0.7874956226149227,0.24999999999999997,0.9685141766179791,-2.874056706471917,0.0,0.7948717948717948,0.2463608794786969,0.821153846153846,-11.542626255091358,0.9547960313694241,0.0,0.13948561189034234,0.0014561727604331587,2.42861286636753e-17,False,1,wrong-attractor convergence
final,topology_altered,True,6307,localized_block_shock,0.25,0.7,0.05,0.18599823507116287,0.24299556654648458,-0.30644017376570565,0.24999999999999997,0.9628337461371761,-2.851334984548705,0.2136752136752137,0.5085470085470085,0.2888565077519396,0.13310439560439558,-11.144831461658617,0.9245142640310388,0.6804523076869928,0.2187071493801482,0.06970831324519636,6.938893903907228e-18,False,81,unstable correction
final,trivial_attractor,True,6307,localized_block_shock,0.25,0.7,0.05,0.18599823507116287,0.04999634961635337,0.7311998708093936,0.24999999999999997,0.9999943813537365,-2.9999775254149466,0.0,0.9658119658119658,4.7705436661685236e-05,0.9474358974358973,-12.136371660097497,0.999994361034519,0.0,0.07646372358039451,3.3619600676232446e-11,0.0,False,81,wrong-attractor convergence
final,identity_scrambled,True,6307,localized_block_shock,0.25,0.7,0.05,0.18599823507116287,0.09510076026558667,0.4887007383204408,0.24999999999999997,0.9561799657433023,-2.8247198629732098,0.3076923076923077,0.5811965811965812,0.3617614970337194,0.4992673992673992,-10.845011310552517,0.9016907273507136,0.0,0.07883549203702522,0.012724546391849983,0.0,False,81,wrong-attractor convergence
final,signal_blind,True,6307,localized_block_shock,0.25,0.7,0.05,0.18599823507116287,0.2218385450625515,-0.19269166708854057,0.24999999999999997,0.4074698714379522,-0.6298794857518091,0.7991452991452992,0.811965811965812,0.8005254055961822,0.9157967032967034,-0.8223986697175459,0.1387284434719495,0.2652153802742587,0.21900293403614338,1.1460721692365954,1.1102230246251565e-16,False,81,no recovery
final,parameter_budget_matched,True,6307,localized_block_shock,0.25,0.7,0.05,0.18599823507116287,0.03952543913852072,0.7874956226149227,0.24999999999999997,0.9685141766179791,-2.874056706471917,0.0,0.7948717948717948,0.2463608794786969,0.821153846153846,-11.542626255091358,0.9547960313694241,0.0,0.13948561189034234,0.0014561727604331587,2.42861286636753e-17,False,1,wrong-attractor convergence
final,memory_ablation,True,6307,localized_block_shock,0.25,0.7,0.05,0.18599823507116287,0.18599823507116287,0.0,0.24999999999999997,0.24999999999999997,0.0,0.9658119658119658,0.9658119658119658,0.9658119658119658,0.9474358974358973,0.0,0.07612409171339608,0.0,0.0,1.0158751847445755,0.0,False,81,no recovery
final,redundancy_ablation,True,6307,localized_block_shock,0.25,0.7,0.05,0.18599823507116287,0.10681442400487202,0.425723453967158,0.24999999999999997,0.178040065570483,0.287839737718068,0.9615384615384616,0.9658119658119658,0.9642094017094017,0.9671245421245421,0.036177014270262285,0.0733701493611698,0.0,0.006616507864701589,0.9954384701174743,0.0,False,81,trajectory-corridor recovery
final,oracle_upper_bound_non_admissible,False,6307,localized_block_shock,0.25,0.7,0.05,0.18599823507116287,0.0,1.0,0.24999999999999997,2.5283737416689475e-11,0.999999999898865,1.0,1.0,1.0,0.9999999999999998,0.9999999998988631,7.698955277769666e-12,0.0,0.008928571428571428,0.9999999999952845,5.551115123125783e-17,True,4,exact-state recovery
final,passive_relaxation,True,6307,localized_block_shock,0.5,0.7,0.05,0.4608514159196952,0.4608514159196952,0.0,0.5,0.5,0.0,0.9572649572649573,0.9572649572649573,0.9572649572649573,0.8843406593406592,0.0,0.152248183426792,0.0,0.0,1.1567503694891508,0.0,False,81,passive decay
final,operator_only_filtering,True,6307,localized_block_shock,0.5,0.7,0.05,0.4608514159196952,0.039979194155773286,0.9132492756347746,0.5,0.9684998558901865,-0.936999711780373,0.0,0.7606837606837606,0.25050746664154055,0.7978937728937727,-5.271508051211227,0.9548257081434098,0.0,0.24606935971097338,0.0015095540157924457,3.122502256758253e-17,False,81,wrong-attractor convergence
final,topology_altered,True,6307,localized_block_shock,0.5,0.7,0.05,0.4608514159196952,0.062195363235710635,0.8650424820512034,0.5,0.9963908359264795,-0.992781671852959,0.08119658119658124,0.47435897435897434,0.16445604738519448,-0.19555860805860803,-5.525461908221594,0.9934897215474654,0.0,0.2161251215898318,0.02429694585038529,2.0816681711721685e-17,False,81,wrong-attractor convergence
final,trivial_attractor,True,6307,localized_block_shock,0.5,0.7,0.05,0.4608514159196952,0.04999642407318606,0.891512920767725,0.5,0.9999945154674499,-0.9999890309348998,0.0,0.9572649572649573,5.0602208586929116e-05,0.8843406593406592,-5.568186577464072,0.9999944748271432,0.0,0.0870672321092052,3.828175556240963e-11,2.117582368135751e-22,False,81,wrong-attractor convergence
final,identity_scrambled,True,6307,localized_block_shock,0.5,0.7,0.05,0.4608514159196952,0.10481546658544305,0.772561257349576,0.5,0.9995624128426688,-0.9991248256853376,0.1495726495726496,0.4829059829059829,0.229647720867049,0.15645604395604396,-5.507029983185994,0.9906834944437365,0.0,0.11257214615316964,0.0061869375117057,1.9081958235744878e-17,False,81,wrong-attractor convergence
final,signal_blind,True,6307,localized_block_shock,0.5,0.7,0.05,0.4608514159196952,4.783474242685159,-9.379645320475037,0.5,4.826561505361189,-8.653123010722378,0.5726495726495726,0.5769230769230769,0.5726563028029951,0.10352564102564102,-6.59368860249323,1.156125295238329,9.379645320475037,20.30321297816477,24.263912939016414,5.551115123125783e-17,False,81,unstable correction
final,parameter_budget_matched,True,6307,localized_block_shock,0.5,0.7,0.05,0.4608514159196952,0.039979194155773286,0.9132492756347746,0.5,0.9684998558901865,-0.936999711780373,0.0,0.7606837606837606,0.25050746664154055,0.7978937728937727,-5.271508051211227,0.9548257081434098,0.0,0.24606935971097338,0.0015095540157924457,3.122502256758253e-17,False,81,wrong-attractor convergence
final,memory_ablation,True,6307,localized_block_shock,0.5,0.7,0.05,0.4608514159196952,0.4608514159196952,0.0,0.5,0.5,0.0,0.9572649572649573,0.9572649572649573,0.9572649572649573,0.8843406593406592,0.0,0.152248183426792,0.0,0.0,1.1567503694891508,0.0,False,81,no recovery
final,redundancy_ablation,True,6307,localized_block_shock,0.5,0.7,0.05,0.4608514159196952,0.29087949623504156,0.3688215199370718,0.5,0.35207977747983,0.29584044504034,0.9615384615384616,0.9658119658119658,0.9642094017094017,0.9381410256410255,0.0370248142201572,0.1466112227200586,0.0,0.03226929258087399,1.0536007856226408,0.0,False,81,trajectory-corridor recovery
final,oracle_upper_bound_non_admissible,False,6307,localized_block_shock,0.5,0.7,0.05,0.4608514159196952,0.0,1.0,0.5,5.056743770627532e-11,0.9999999998988651,1.0,1.0,1.0,0.9999999999999998,0.9999999998988645,1.5397704048443108e-11,0.0,0.03571428571428571,0.9999999999905692,1.1102230246251565e-16,True,7,exact-state recovery
final,passive_relaxation,True,6307,localized_block_shock,0.8,0.7,0.05,0.8013530064856851,0.8013530064856851,0.0,0.7999999999999998,0.7999999999999998,0.0,0.9572649572649573,0.9572649572649573,0.9572649572649573,0.8549908424908423,0.0,0.24359709348286715,0.0,0.0,1.4908005911826412,0.0,False,81,passive decay
final,operator_only_filtering,True,6307,localized_block_shock,0.8,0.7,0.05,0.8013530064856851,0.04176593733571504,0.9478807254759315,0.7999999999999998,0.9682747995448433,-0.2103434994310544,0.0,0.7435897435897436,0.2669415612320806,0.7614468864468864,-2.916514487059102,0.9540515456311396,0.0,0.4725786383916785,0.0017071064445674405,1.9081958235744878e-17,False,81,wrong-attractor convergence
final,topology_altered,True,6307,localized_block_shock,0.8,0.7,0.05,0.8013530064856851,0.13591942188016848,0.830387581028441,0.7999999999999998,1.0008358587016926,-0.251044823377116,0.11111111111111116,0.5128205128205128,0.21840505211052488,-0.015155677655677654,-3.053932961132618,0.9875262865062988,0.0,0.32715193675938065,0.015254985684624054,3.144186300207963e-18,False,81,wrong-attractor convergence
final,trivial_attractor,True,6307,localized_block_shock,0.8,0.7,0.05,0.8013530064856851,0.0499965135312428,0.9376098758891523,0.7999999999999998,0.9999946764066125,-0.24999334550826596,0.0,0.9572649572649573,5.431902588267519e-05,0.8549908424908423,-3.1051171714775028,0.9999946113785284,0.0,0.11221079718207666,4.9336888346232686e-11,4.235164736271502e-22,False,81,wrong-attractor convergence
final,identity_scrambled,True,6307,localized_block_shock,0.8,0.7,0.05,0.8013530064856851,0.10188554795309814,0.8728580948364881,0.7999999999999998,0.974003201779598,-0.21750400222449776,0.2222222222222222,0.5128205128205128,0.2989126020029969,0.3978937728937728,-2.894912648223302,0.9487894004768533,0.0,0.19945204741486108,0.00944552351131079,1.3877787807814457e-17,False,81,wrong-attractor convergence
final,signal_blind,True,6307,localized_block_shock,0.8,0.7,0.05,0.8013530064856851,31.466014646761977,-38.26610918296227,0.7999999999999998,30.561105201739178,-37.20138150217398,0.46153846153846156,0.46153846153846156,0.46153846153846156,-0.08818681318681318,-35.40640883489506,8.868495376329413,38.26610918296226,851.552945519227,926.1747405874389,1.3322676295501878e-15,False,81,unstable correction
final,parameter_budget_matched,True,6307,localized_block_shock,0.8,0.7,0.05,0.8013530064856851,0.04176593733571504,0.9478807254759315,0.7999999999999998,0.9682747995448433,-0.2103434994310544,0.0,0.7435897435897436,0.2669415612320806,0.7614468864468864,-2.916514487059102,0.9540515456311396,0.0,0.4725786383916785,0.0017071064445674405,1.9081958235744878e-17,False,81,wrong-attractor convergence
final,memory_ablation,True,6307,localized_block_shock,0.8,0.7,0.05,0.8013530064856851,0.8013530064856851,0.0,0.7999999999999998,0.7999999999999998,0.0,0.9572649572649573,0.9572649572649573,0.9572649572649573,0.8549908424908423,0.0,0.24359709348286715,0.0,0.0,1.4908005911826412,0.0,False,81,no recovery
final,redundancy_ablation,True,6307,localized_block_shock,0.8,0.7,0.05,0.8013530064856851,0.5139472786233564,0.3586505891114576,0.7999999999999998,0.5620186221247553,0.29747672234405576,0.9615384615384616,0.9658119658119658,0.9642094017094017,0.9143772893772893,0.037197114805700295,0.23453598443025003,0.0,0.08855988061709248,1.2045860404193167,0.0,False,81,trajectory-corridor recovery
final,oracle_upper_bound_non_admissible,False,6307,localized_block_shock,0.8,0.7,0.05,0.8013530064856851,0.0,1.0,0.7999999999999998,8.090792313045534e-11,0.999999999898865,1.0,1.0,1.0,0.9999999999999998,0.9999999998988648,2.4636224803168932e-11,0.0,0.0914285714285714,0.9999999999849107,5.551115123125783e-17,True,8,exact-state recovery
final,passive_relaxation,True,6307,localized_block_shock,1.1,0.7,0.05,1.144337036021339,1.144337036021339,0.0,1.1,1.1,0.0,0.9572649572649573,0.9572649572649573,0.9572649572649573,0.8549908424908423,0.0,0.3349460035389422,0.0,0.0,2.004850812876132,0.0,False,81,passive decay
final,operator_only_filtering,True,6307,localized_block_shock,1.1,0.7,0.05,1.144337036021339,0.042553238094922,0.962814068971435,1.1,0.9689042923390687,0.11917791605539214,0.0,0.7350427350427351,0.2712591529235575,0.7212454212454212,-1.8503857976993423,0.9547253314835545,0.0,0.8066402403445424,0.001812703788903864,7.979727989493313e-17,False,81,wrong-attractor convergence
final,topology_altered,True,6307,localized_block_shock,1.1,0.7,0.05,1.144337036021339,0.16179355279711718,0.8586137233138541,1.1,0.9548154293051797,0.13198597335892762,0.10683760683760679,0.5256410256410257,0.1976638481277643,0.06021062271062271,-1.7605272484979295,0.9246275695447339,0.0,0.3191838979045575,0.0776287673729203,2.7755575615628914e-17,False,81,wrong-attractor convergence
final,trivial_attractor,True,6307,localized_block_shock,1.1,0.7,0.05,1.144337036021339,0.04999660310914348,0.9563095473314637,1.1,0.9999948373487277,0.0909137842284294,0.0,0.9572649572649573,5.8035843178421265e-05,0.8549908424908423,-1.985540168757104,0.9999947479301711,0.0,0.150902749351274,6.634898140686712e-11,0.0,False,81,wrong-attractor convergence
final,identity_scrambled,True,6307,localized_block_shock,1.1,0.7,0.05,1.144337036021339,0.2922529240900532,0.7446093983760538,1.1,0.9305940190253793,0.15400543724965524,0.2350427350427351,0.5384615384615384,0.30700590634648256,0.4387820512820512,-1.5730644179898572,0.861837643653957,0.0,0.2237971380277856,0.10626463464216408,6.245004513516506e-17,False,81,wrong-attractor convergence
final,signal_blind,True,6307,localized_block_shock,1.1,0.7,0.05,1.144337036021339,36.609087773396816,-30.991525766464967,1.1,40.001523554542686,-35.36502141322062,0.5213675213675213,0.5213675213675214,0.5213675213675214,0.10984432234432233,-22.371725872649737,7.828266176851725,30.991525766464967,1328.5341113072222,1609.189327878241,1.1657341758564144e-15,False,81,unstable correction
final,parameter_budget_matched,True,6307,localized_block_shock,1.1,0.7,0.05,1.144337036021339,0.042553238094922,0.962814068971435,1.1,0.9689042923390687,0.11917791605539214,0.0,0.7350427350427351,0.2712591529235575,0.7212454212454212,-1.8503857976993423,0.9547253314835545,0.0,0.8066402403445424,0.001812703788903864,7.979727989493313e-17,False,81,wrong-attractor convergence
final,memory_ablation,True,6307,localized_block_shock,1.1,0.7,0.05,1.144337036021339,1.144337036021339,0.0,1.1,1.1,0.0,0.9572649572649573,0.9572649572649573,0.9572649572649573,0.8549908424908423,0.0,0.3349460035389422,0.0,0.0,2.004850812876132,0.0,False,81,no recovery
final,redundancy_ablation,True,6307,localized_block_shock,1.1,0.7,0.05,1.144337036021339,0.7373582230525245,0.3556459331105887,1.1,0.7722312620525014,0.2979715799522715,0.9615384615384616,0.9658119658119658,0.9642094017094017,0.9143772893772893,0.037249150605583176,0.32246954940838196,0.0,0.17267655560983275,1.4441427237874211,1.1102230246251565e-16,False,81,trajectory-corridor recovery
final,oracle_upper_bound_non_admissible,False,6307,localized_block_shock,1.1,0.7,0.05,1.144337036021339,0.0,1.0,1.1,1.1124841158715852e-10,0.9999999998988651,1.0,1.0,1.0,0.9999999999999998,0.9999999998988646,3.3874879720433194e-11,0.0,0.17285714285714285,0.999999999979252,0.0,True,10,exact-state recovery
final,passive_relaxation,True,6307,sparse_node_corruption,0.25,0.7,0.05,0.12395652462633992,0.12395652462633992,0.0,0.25,0.25,0.0,0.9188034188034188,0.9273504273504274,0.9205657138882264,0.9639652014652013,0.0,0.07096497919319845,0.0,0.0,1.0394880343024786,0.0,False,81,passive decay
final,operator_only_filtering,True,6307,sparse_node_corruption,0.25,0.7,0.05,0.12395652462633992,0.03948989751360583,0.6814213884049594,0.25,0.9684212598743777,-2.8736850394975106,0.0,0.782051282051282,0.24489960841472877,0.8160256410256409,-12.454618955961404,0.9548067542622145,0.0,0.13995063895186785,0.0014400301931040008,5.551115123125783e-17,False,81,wrong-attractor convergence
final,topology_altered,True,6307,sparse_node_corruption,0.25,0.7,0.05,0.12395652462633992,0.15929311396479925,-0.2850724433020329,0.25,1.00207257698203,-3.00829030792812,0.10256410256410253,0.45726495726495725,0.18808261472070542,-0.09198717948717948,-12.901307643139125,0.9865060076536186,0.9767724944066292,0.20677206876905996,0.018745164506183954,6.245004513516506e-17,False,81,unstable correction
final,trivial_attractor,True,6307,sparse_node_corruption,0.25,0.7,0.05,0.12395652462633992,0.049996321924208977,0.5966624421350943,0.25,0.9999943134342396,-2.9999772537369584,0.0,0.9273504273504274,4.7859226772516276e-05,0.9639652014652013,-13.091377694697057,0.9999943249076775,0.0,0.07824103483738216,3.440104960311439e-11,4.235164736271502e-22,False,81,wrong-attractor convergence
final,identity_scrambled,True,6307,sparse_node_corruption,0.25,0.7,0.05,0.12395652462633992,0.23047293802337918,-0.859304612791679,0.25,0.9769171633643731,-2.9076686534574923,0.1709401709401709,0.5085470085470085,0.2520721835082843,0.30508241758241755,-12.097125954686463,0.9294372708650244,0.8596093470412596,0.08029164564951205,0.05695052327947993,4.5102810375396984e-17,False,81,unstable correction
final,signal_blind,True,6307,sparse_node_corruption,0.25,0.7,0.05,0.12395652462633992,0.3841045824984991,-2.0987040307588574,0.25,0.6033134492145116,-1.4132537968580463,0.7435897435897436,0.7478632478632479,0.7422297669609859,0.823580586080586,-1.5107972938951566,0.17817867771960877,2.0987040307588574,0.24952739103020016,1.0851969329842093,0.0,False,81,unstable correction
final,parameter_budget_matched,True,6307,sparse_node_corruption,0.25,0.7,0.05,0.12395652462633992,0.03948989751360583,0.6814213884049594,0.25,0.9684212598743777,-2.8736850394975106,0.0,0.782051282051282,0.24489960841472877,0.8160256410256409,-12.454618955961404,0.9548067542622145,0.0,0.13995063895186785,0.0014400301931040008,5.551115123125783e-17,False,81,wrong-attractor convergence
final,memory_ablation,True,6307,sparse_node_corruption,0.25,0.7,0.05,0.12395652462633992,0.12395652462633992,0.0,0.25,0.25,0.0,0.9188034188034188,0.9273504273504274,0.9205657138882264,0.9639652014652013,0.0,0.07096497919319845,0.0,0.0,1.0394880343024786,0.0,False,81,no recovery
final,redundancy_ablation,True,6307,sparse_node_corruption,0.25,0.7,0.05,0.12395652462633992,0.08073039011456952,0.34872012297919125,0.25,0.2229982473590857,0.10800701056365725,0.9273504273504274,0.9529914529914529,0.9428334210322881,0.971474358974359,0.10686448136507012,0.06338134349663431,0.0,0.0016973300765542895,1.0353616865713153,5.551115123125783e-17,False,81,trajectory-corridor recovery
final,oracle_upper_bound_non_admissible,False,6307,sparse_node_corruption,0.25,0.7,0.05,0.12395652462633992,0.0,1.0,0.25,2.5283723632370395e-11,0.9999999998988651,1.0,1.0,1.0,0.9999999999999998,0.9999999998988649,7.177053965101859e-12,0.0,0.008928571428571428,0.9999999999976728,5.551115123125783e-17,True,4,exact-state recovery
final,passive_relaxation,True,6307,sparse_node_corruption,0.5,0.7,0.05,0.32319891639941983,0.32319891639941983,0.0,0.5,0.5,0.0,0.8632478632478633,0.8675213675213675,0.8650208532813258,0.8827380952380952,0.0,0.14192995838639685,0.0,0.0,1.2039760686049572,0.0,False,81,passive decay
final,operator_only_filtering,True,6307,sparse_node_corruption,0.5,0.7,0.05,0.32319891639941983,0.03950413593660856,0.8777714468331074,0.5,0.9685736889508432,-0.9371473779016863,0.0,0.7735042735042735,0.2438722852371275,0.800091575091575,-5.72773163653937,0.9548666712088785,0.0,0.24173484728492745,0.0014529062822390873,5.0306980803327406e-17,False,81,wrong-attractor convergence
final,topology_altered,True,6307,sparse_node_corruption,0.5,0.7,0.05,0.32319891639941983,0.055329081911540505,0.8288079597297814,0.5,0.9961590535025576,-0.9923181070051152,0.03418803418803418,0.5769230769230769,0.15827416000464783,0.2419871794871795,-6.011171802121731,0.9950953221150163,0.0,0.2287224635469804,0.00036464990840930165,7.502679033599691e-17,False,81,wrong-attractor convergence
final,trivial_attractor,True,6307,sparse_node_corruption,0.5,0.7,0.05,0.32319891639941983,0.049996368679175965,0.8453077465848036,0.5,0.9999943796284697,-0.9999887592569394,0.0,0.8675213675213675,5.2262408119455937e-05,0.8827380952380952,-6.045689394560448,0.9999944025734421,0.0,0.0906218546231805,3.984465341617356e-11,4.235164736271502e-22,False,81,wrong-attractor convergence
final,identity_scrambled,True,6307,sparse_node_corruption,0.5,0.7,0.05,0.32319891639941983,0.11765814948893588,0.6359574753538775,0.5,0.9881596382179023,-0.9763192764358046,0.17521367521367526,0.49145299145299143,0.2567065803096787,0.11776556776556775,-5.753761963341777,0.9585611544087284,0.0,0.09783331431450146,0.014610540844657615,1.0581813203458523e-16,False,81,wrong-attractor convergence
final,signal_blind,True,6307,sparse_node_corruption,0.5,0.7,0.05,0.32319891639941983,2.436892283414414,-6.539914770019904,0.5,2.608108745368095,-4.21621749073619,0.517094017094017,0.5213675213675214,0.5190465910200834,0.24624542124542126,-3.432470475316349,0.6291003501105821,6.539914770019904,6.358001301789943,7.210432939190956,1.6653345369377348e-16,False,81,unstable correction
final,parameter_budget_matched,True,6307,sparse_node_corruption,0.5,0.7,0.05,0.32319891639941983,0.03950413593660856,0.8777714468331074,0.5,0.9685736889508432,-0.9371473779016863,0.0,0.7735042735042735,0.2438722852371275,0.800091575091575,-5.72773163653937,0.9548666712088785,0.0,0.24173484728492745,0.0014529062822390873,5.0306980803327406e-17,False,81,wrong-attractor convergence
final,memory_ablation,True,6307,sparse_node_corruption,0.5,0.7,0.05,0.32319891639941983,0.32319891639941983,0.0,0.5,0.5,0.0,0.8632478632478633,0.8675213675213675,0.8650208532813258,0.8827380952380952,0.0,0.14192995838639685,0.0,0.0,1.2039760686049572,0.0,False,81,no recovery
final,redundancy_ablation,True,6307,sparse_node_corruption,0.5,0.7,0.05,0.32319891639941983,0.1878127479054934,0.41889425249994267,0.5,0.39913041749213196,0.20173916501573608,0.858974358974359,0.9102564102564102,0.8903277078406316,0.932142857142857,0.1652787431113123,0.11847195325445233,0.0,0.015059744513225247,1.1635760221162257,5.551115123125783e-17,False,81,trajectory-corridor recovery
final,oracle_upper_bound_non_admissible,False,6307,sparse_node_corruption,0.5,0.7,0.05,0.32319891639941983,0.0,1.0,0.5,5.0567431904722484e-11,0.9999999998988651,1.0,1.0,1.0,0.9999999999999998,0.9999999998988649,1.4354097126035181e-11,0.0,0.03571428571428571,0.9999999999953454,0.0,True,7,exact-state recovery
final,passive_relaxation,True,6307,sparse_node_corruption,0.8,0.7,0.05,0.6004998443514656,0.6004998443514656,0.0,0.8000000000000002,0.8000000000000002,0.0,0.8632478632478633,0.8632478632478633,0.8632478632478633,0.8103021978021977,0.0,0.22708793341823516,0.0,0.0,1.5663617097679317,0.0,False,81,passive decay
final,operator_only_filtering,True,6307,sparse_node_corruption,0.8,0.7,0.05,0.6004998443514656,0.03997755481976705,0.9334262028611474,0.8000000000000002,0.9697636901235993,-0.21220461265449891,0.0,0.782051282051282,0.23558867892942473,0.7790750915750915,-3.212308166583688,0.9565643564702447,0.0,0.455379288311796,0.0013925974806278428,3.469446951953614e-18,False,81,wrong-attractor convergence
final,topology_altered,True,6307,sparse_node_corruption,0.8,0.7,0.05,0.6004998443514656,0.12743834016584096,0.7877795617025126,0.8000000000000002,0.9917741041752017,-0.23971763021900191,0.0854700854700855,0.5213675213675214,0.17957705252249806,0.1861263736263736,-3.359444998427001,0.9899773555432491,0.0,0.3312077050913168,0.01415295061257665,2.949029909160572e-17,False,81,wrong-attractor convergence
final,trivial_attractor,True,6307,sparse_node_corruption,0.8,0.7,0.05,0.6004998443514656,0.04999642488216197,0.9167419852770193,0.8000000000000002,0.9999944590642703,-0.24999307383033764,0.0,0.8632478632478633,5.924906156587021e-05,0.8103021978021977,-3.4035562820101473,0.9999944957725715,0.0,0.11789819320443719,5.183752491225496e-11,0.0,False,81,wrong-attractor convergence
final,identity_scrambled,True,6307,sparse_node_corruption,0.8,0.7,0.05,0.6004998443514656,0.2664476433724716,0.5562902374100819,0.8000000000000002,0.9883037496341207,-0.23537968704265064,0.07264957264957261,0.5170940170940171,0.1737982870163839,0.05329670329670329,-3.1899615043676355,0.9514896991288061,0.0,0.1419924438472791,0.09338982736420233,0.0,False,81,wrong-attractor convergence
final,signal_blind,True,6307,sparse_node_corruption,0.8,0.7,0.05,0.6004998443514656,14.756464794811809,-23.57363633582396,0.8000000000000002,15.480711089568729,-18.350888861960907,0.4871794871794872,0.48717948717948717,0.48717948717948717,0.1138278388278388,-6.869468312538319,1.7870612961946133,23.57363633582396,259.44922056783815,240.54968857572806,9.992007221626409e-16,False,81,unstable correction
final,parameter_budget_matched,True,6307,sparse_node_corruption,0.8,0.7,0.05,0.6004998443514656,0.03997755481976705,0.9334262028611474,0.8000000000000002,0.9697636901235993,-0.21220461265449891,0.0,0.782051282051282,0.23558867892942473,0.7790750915750915,-3.212308166583688,0.9565643564702447,0.0,0.455379288311796,0.0013925974806278428,3.469446951953614e-18,False,81,wrong-attractor convergence
final,memory_ablation,True,6307,sparse_node_corruption,0.8,0.7,0.05,0.6004998443514656,0.6004998443514656,0.0,0.8000000000000002,0.8000000000000002,0.0,0.8632478632478633,0.8632478632478633,0.8632478632478633,0.8103021978021977,0.0,0.22708793341823516,0.0,0.0,1.5663617097679317,0.0,False,81,no recovery
final,redundancy_ablation,True,6307,sparse_node_corruption,0.8,0.7,0.05,0.6004998443514656,0.34432423946214247,0.4266039488586221,0.8000000000000002,0.6066982093561122,0.2416272383048599,0.8376068376068376,0.8931623931623932,0.8723244935714002,0.8655677655677655,0.15054783980394085,0.1929003355965787,0.0,0.05135143512934379,1.4120013874395296,0.0,False,81,trajectory-corridor recovery
final,oracle_upper_bound_non_admissible,False,6307,sparse_node_corruption,0.8,0.7,0.05,0.6004998443514656,0.0,1.0,0.8000000000000002,8.09079121125632e-11,0.9999999998988651,1.0,1.0,1.0,0.9999999999999998,0.9999999998988649,2.2966578365685467e-11,0.0,0.09142857142857147,0.9999999999925526,5.551115123125783e-17,True,8,exact-state recovery
final,passive_relaxation,True,6307,sparse_node_corruption,1.1,0.7,0.05,0.8882850211943247,0.8882850211943247,0.0,1.1,1.1,0.0,0.8632478632478633,0.8632478632478633,0.8632478632478633,0.74514652014652,0.0,0.3122459084500732,0.0,0.0,2.1087473509309063,0.0,False,81,passive decay
final,operator_only_filtering,True,6307,sparse_node_corruption,1.1,0.7,0.05,0.8882850211943247,0.04068727829202456,0.9541956947137087,1.1,0.9702887986201693,0.11791927398166438,0.0,0.7606837606837606,0.23487997683544004,0.7525641025641024,-2.065697046002804,0.9572513591618513,0.0,0.769029015204595,0.001421520178925832,5.204170427930421e-18,False,81,wrong-attractor convergence
final,topology_altered,True,6307,sparse_node_corruption,1.1,0.7,0.05,0.8882850211943247,0.2676260964122072,0.6987159638779271,1.1,1.0471334278163322,0.04806052016697078,0.05555555555555558,0.49572649572649574,0.16086039346366124,-0.13846153846153844,-2.30967751187585,1.0334332613724528,0.0,0.4427513657701248,0.05141650328469738,5.204170427930421e-18,False,81,wrong-attractor convergence
final,trivial_attractor,True,6307,sparse_node_corruption,1.1,0.7,0.05,0.8882850211943247,0.049996481190993765,0.9437157218706986,1.1,0.999994538503043,0.09091405590632463,0.0,0.8632478632478633,6.624591459475296e-05,0.74514652014652,-2.202586685397119,0.9999945889719323,0.0,0.1587229188820197,6.978735668514774e-11,4.235164736271502e-22,False,81,wrong-attractor convergence
final,identity_scrambled,True,6307,sparse_node_corruption,1.1,0.7,0.05,0.8882850211943247,0.3231196787313727,0.6362432428535956,1.1,1.0240682464394495,0.0690288668732278,0.20512820512820518,0.5897435897435898,0.28870342474843325,0.47756410256410253,-1.8506416110778785,0.8901011795165925,0.0,0.2263801657938077,0.209883200520426,1.5612511283791264e-17,False,81,wrong-attractor convergence
final,signal_blind,True,6307,sparse_node_corruption,1.1,0.7,0.05,0.8882850211943247,23.406702967956793,-25.350442042224024,1.1,22.495872093030787,-19.450792811846167,0.4572649572649573,0.45726495726495725,0.45726495726495725,-0.10398351648351646,-19.147455833700594,6.290960649751569,26.213970635790986,480.11254185375077,502.9326981854757,1.1102230246251565e-15,False,81,unstable correction
final,parameter_budget_matched,True,6307,sparse_node_corruption,1.1,0.7,0.05,0.8882850211943247,0.04068727829202456,0.9541956947137087,1.1,0.9702887986201693,0.11791927398166438,0.0,0.7606837606837606,0.23487997683544004,0.7525641025641024,-2.065697046002804,0.9572513591618513,0.0,0.769029015204595,0.001421520178925832,5.204170427930421e-18,False,81,wrong-attractor convergence
final,memory_ablation,True,6307,sparse_node_corruption,1.1,0.7,0.05,0.8882850211943247,0.8882850211943247,0.0,1.1,1.1,0.0,0.8632478632478633,0.8632478632478633,0.8632478632478633,0.74514652014652,0.0,0.3122459084500732,0.0,0.0,2.1087473509309063,0.0,False,81,no recovery
final,redundancy_ablation,True,6307,sparse_node_corruption,1.1,0.7,0.05,0.8882850211943247,0.5102845022124527,0.4255396747247178,1.1,0.8195062824836636,0.25499428865121493,0.8076923076923077,0.8803418803418803,0.8465564847158651,0.8252747252747251,0.13860626576473398,0.26896666907949157,0.0,0.10886984464645863,1.7584422718954968,5.551115123125783e-17,False,81,trajectory-corridor recovery
final,oracle_upper_bound_non_admissible,False,6307,sparse_node_corruption,1.1,0.7,0.05,0.8882850211943247,0.0,1.0,1.1,1.1124834185218567e-10,0.9999999998988651,1.0,1.0,1.0,0.9999999999999998,0.9999999998988651,3.157894914251503e-11,0.0,0.17285714285714288,0.99999999998976,0.0,True,9,exact-state recovery
final,passive_relaxation,True,6307,relational_twist,0.25,0.7,0.05,0.09708105816259256,0.09708105816259256,0.0,0.25,0.25,0.0,0.8888888888888888,0.9145299145299145,0.8980742816469662,0.9577838827838827,0.0,4.1925924285296184e-17,0.0,0.0,1.0625,0.0,False,81,passive decay
final,operator_only_filtering,True,6307,relational_twist,0.25,0.7,0.05,0.09708105816259256,0.039275675474771406,0.5954342050022569,0.25,0.968131548729099,-2.872526194916396,0.0,0.7948717948717948,0.24934677733052232,0.8327838827838827,0.0,0.9542336900033153,0.0,0.14122912569746898,0.001475766572521164,3.9898639947466563e-17,False,81,wrong-attractor convergence
final,topology_altered,True,6307,relational_twist,0.25,0.7,0.05,0.09708105816259256,0.13514142145269753,-0.39204726452776195,0.25,0.9925737026582403,-2.970294810632961,0.10683760683760679,0.5170940170940171,0.21398897072759848,0.07202380952380952,0.0,0.9771971345678208,1.5671116814670145,0.17833497314904762,0.01196958752821717,7.28583859910259e-17,False,81,unstable correction
final,trivial_attractor,True,6307,relational_twist,0.25,0.7,0.05,0.09708105816259256,0.049996166984033516,0.4850059534755038,0.25,0.9999942472431078,-2.9999769889724313,0.0,0.9145299145299145,4.942611346931619e-05,0.9577838827838827,0.0,0.9999942472420736,0.0,0.07997311827692324,3.5162612745067065e-11,4.235164736271502e-22,False,81,wrong-attractor convergence
final,identity_scrambled,True,6307,relational_twist,0.25,0.7,0.05,0.09708105816259256,0.1952678651010592,-1.0113899538880402,0.25,0.9579278669830983,-2.831711467932393,0.31196581196581197,0.594017094017094,0.37696044216763264,0.3751831501831501,0.0,0.9169108818676034,1.1362994721517476,0.07502949130491948,0.04498886284933365,3.8163916471489756e-17,False,81,unstable correction
final,signal_blind,True,6307,relational_twist,0.25,0.7,0.05,0.09708105816259256,0.2710084641752066,-1.7915689147240057,0.25,0.5030472864479643,-1.012189145791857,0.7863247863247863,0.8034188034188035,0.7879896069289848,0.871565934065934,0.0,0.13707064224454102,1.985577670089051,0.2707270873894444,1.2996926161177975,0.0,False,81,unstable correction
final,parameter_budget_matched,True,6307,relational_twist,0.25,0.7,0.05,0.09708105816259256,0.039275675474771406,0.5954342050022569,0.25,0.968131548729099,-2.872526194916396,0.0,0.7948717948717948,0.24934677733052232,0.8327838827838827,0.0,0.9542336900033153,0.0,0.14122912569746898,0.001475766572521164,3.9898639947466563e-17,False,81,wrong-attractor convergence
final,memory_ablation,True,6307,relational_twist,0.25,0.7,0.05,0.09708105816259256,0.09708105816259256,0.0,0.25,0.25,0.0,0.8888888888888888,0.9145299145299145,0.8980742816469662,0.9577838827838827,0.0,4.1925924285296184e-17,0.0,0.0,1.0625,0.0,False,81,no recovery
final,redundancy_ablation,True,6307,relational_twist,0.25,0.7,0.05,0.09708105816259256,0.0706217853021576,0.27254825360597784,0.25,0.22520710088914497,0.0991715964434201,0.8846153846153846,0.9444444444444444,0.9170533795917002,0.9729395604395603,0.0,0.01450552624099834,0.0,0.0016334568106526777,1.058980540524348,1.1102230246251565e-16,False,81,trajectory-corridor recovery
final,oracle_upper_bound_non_admissible,False,6307,relational_twist,0.25,0.7,0.05,0.09708105816259256,0.0,1.0,0.25,2.5283787061051074e-11,0.9999999998988649,1.0,1.0,1.0,0.9999999999999998,0.0,3.354073942823695e-17,0.0,0.008928571428571428,1.0,5.551115123125783e-17,False,4,identity-preserving adaptation
final,passive_relaxation,True,6307,relational_twist,0.5,0.7,0.05,0.25922264590558436,0.25922264590558436,0.0,0.5,0.5,0.0,0.8034188034188035,0.8205128205128205,0.8089916410829625,0.8570970695970695,0.0,1.3835555014147743e-16,0.0,0.0,1.25,0.0,False,81,passive decay
final,operator_only_filtering,True,6307,relational_twist,0.5,0.7,0.05,0.25922264590558436,0.03912536945595369,0.8490665454043542,0.5,0.9682829347279267,-0.9365658694558534,0.0,0.8034188034188035,0.24709737455742278,0.8313644688644688,0.0,0.9544991795001704,0.0,0.2421725712397588,0.0014543698865246055,1.214306433183765e-17,False,81,wrong-attractor convergence
final,topology_altered,True,6307,relational_twist,0.5,0.7,0.05,0.25922264590558436,0.21050712016974643,0.18792928204884304,0.5,0.9876757648271319,-0.9753515296542639,0.07264957264957261,0.5042735042735043,0.17422886711764715,0.12284798534798533,0.0,0.9332102660901315,0.008912739008168913,0.2359042931716881,0.06592642121472028,3.469446951953614e-18,False,81,wrong-attractor convergence
final,trivial_attractor,True,6307,relational_twist,0.5,0.7,0.05,0.25922264590558436,0.04999605880351607,0.8071308213491273,0.5,0.9999942472462103,-0.9999884944924207,0.0,0.8205128205128205,5.522325814545068e-05,0.8570970695970695,0.0,0.9999942472420736,0.0,0.09408602150226264,4.13677797000789e-11,0.0,False,81,wrong-attractor convergence
final,identity_scrambled,True,6307,relational_twist,0.5,0.7,0.05,0.25922264590558436,0.209574732093411,0.19152614401697154,0.5,0.8645996424297903,-0.7291992848595805,0.4273504273504274,0.6153846153846154,0.46329135494308854,0.5174450549450549,0.0,0.7699242318099413,0.0,0.0960796238947835,0.11926914843703942,2.0816681711721685e-17,False,81,wrong-attractor convergence
final,signal_blind,True,6307,relational_twist,0.5,0.7,0.05,0.25922264590558436,2.022772924160395,-6.80322613054857,0.5,2.2297513071512296,-3.459502614302459,0.5811965811965811,0.5811965811965812,0.5795365079343979,0.3748626373626373,0.0,0.5497170559862256,6.80322613054857,5.404949951504907,6.046611881755368,8.326672684688674e-17,False,81,unstable correction
final,parameter_budget_matched,True,6307,relational_twist,0.5,0.7,0.05,0.25922264590558436,0.03912536945595369,0.8490665454043542,0.5,0.9682829347279267,-0.9365658694558534,0.0,0.8034188034188035,0.24709737455742278,0.8313644688644688,0.0,0.9544991795001704,0.0,0.2421725712397588,0.0014543698865246055,1.214306433183765e-17,False,81,wrong-attractor convergence
final,memory_ablation,True,6307,relational_twist,0.5,0.7,0.05,0.25922264590558436,0.25922264590558436,0.0,0.5,0.5,0.0,0.8034188034188035,0.8205128205128205,0.8089916410829625,0.8570970695970695,0.0,1.3835555014147743e-16,0.0,0.0,1.25,0.0,False,81,no recovery
final,redundancy_ablation,True,6307,relational_twist,0.5,0.7,0.05,0.25922264590558436,0.15799498735473572,0.39050468834315655,0.5,0.4168025236487098,0.16639495270258042,0.8162393162393162,0.9017094017094017,0.8606081810008858,0.9261446886446886,0.0,0.05754713073367204,0.0,0.011552566600837444,1.2156672408615559,5.551115123125783e-17,False,81,trajectory-corridor recovery
final,oracle_upper_bound_non_admissible,False,6307,relational_twist,0.5,0.7,0.05,0.25922264590558436,0.0,1.0,0.5,5.056747044111926e-11,0.999999999898865,1.0,1.0,1.0,0.9999999999999998,0.0,2.715816268018167e-16,0.0,0.03571428571428572,1.0,5.551115123125783e-17,False,6,identity-preserving adaptation
final,passive_relaxation,True,6307,relational_twist,0.8,0.7,0.05,0.49497781736882435,0.49497781736882435,0.0,0.8,0.8,0.0,0.7435897435897436,0.7435897435897436,0.7421126892944717,0.7143772893772894,0.0,1.9431207263510115e-16,0.0,0.0,1.6400000000000001,0.0,False,81,passive decay
final,operator_only_filtering,True,6307,relational_twist,0.8,0.7,0.05,0.49497781736882435,0.03894687100805581,0.9213159264084047,0.8,0.9682228987795284,-0.21027862347441043,0.0,0.7991452991452992,0.24822250017364653,0.8352564102564102,0.0,0.9543884813018674,0.0,0.4521443679653671,0.0014605636894113607,6.938893903907228e-18,False,81,wrong-attractor convergence
final,topology_altered,True,6307,relational_twist,0.8,0.7,0.05,0.49497781736882435,0.11403171591708615,0.769622573142268,0.8,0.9835546838685966,-0.22944335483574566,0.20940170940170943,0.5042735042735043,0.284534329655794,0.1602106227106227,0.0,0.9444326476374201,0.0,0.39637375880887693,0.17338361850760653,1.9949319973733282e-17,False,81,wrong-attractor convergence
final,trivial_attractor,True,6307,relational_twist,0.8,0.7,0.05,0.49497781736882435,0.04999592909011387,0.8989935966102897,0.8,0.9999942472526637,-0.2499928090658296,0.0,0.7435897435897436,6.498355042428273e-05,0.7143772893772894,0.0,0.9999942472420736,0.0,0.12344086021096859,5.427452696650351e-11,6.352747104407253e-22,False,81,wrong-attractor convergence
final,identity_scrambled,True,6307,relational_twist,0.8,0.7,0.05,0.49497781736882435,0.05403653231449243,0.8908303959928209,0.8,0.9887881527261433,-0.23598519090767905,0.05555555555555558,0.5854700854700855,0.20316805914699915,0.45064102564102554,0.0,0.9832354493401988,0.0,0.17120260817656782,0.0007555493530233494,3.2959746043559335e-17,False,81,wrong-attractor convergence
final,signal_blind,True,6307,relational_twist,0.8,0.7,0.05,0.49497781736882435,10.842459060432741,-20.904939332571477,0.8,10.29968369460232,-11.8746046182529,0.43162393162393164,0.43162393162393164,0.43162393162393164,-0.12646520146520146,0.0,2.575834387401014,20.904939332571477,108.81112944463968,102.82369676852136,9.992007221626409e-16,False,81,unstable correction
final,parameter_budget_matched,True,6307,relational_twist,0.8,0.7,0.05,0.49497781736882435,0.03894687100805581,0.9213159264084047,0.8,0.9682228987795284,-0.21027862347441043,0.0,0.7991452991452992,0.24822250017364653,0.8352564102564102,0.0,0.9543884813018674,0.0,0.4521443679653671,0.0014605636894113607,6.938893903907228e-18,False,81,wrong-attractor convergence
final,memory_ablation,True,6307,relational_twist,0.8,0.7,0.05,0.49497781736882435,0.49497781736882435,0.0,0.8,0.8,0.0,0.7435897435897436,0.7435897435897436,0.7421126892944717,0.7143772893772894,0.0,1.9431207263510115e-16,0.0,0.0,1.6400000000000001,0.0,False,81,no recovery
final,redundancy_ablation,True,6307,relational_twist,0.8,0.7,0.05,0.49497781736882435,0.27088462353142356,0.4527338114435571,0.8,0.6262704845539455,0.21716189430756816,0.7606837606837606,0.8504273504273504,0.8125161282306942,0.8594780219780219,0.0,0.1095246199373947,0.0,0.03841627862602849,1.5066608278609106,5.551115123125783e-17,False,81,trajectory-corridor recovery
final,oracle_upper_bound_non_admissible,False,6307,relational_twist,0.8,0.7,0.05,0.49497781736882435,0.0,1.0,0.8,8.090792146430522e-11,0.9999999998988651,1.0,1.0,1.0,0.9999999999999998,0.0,7.696576601700544e-17,0.0,0.09142857142857146,1.0,0.0,False,8,identity-preserving adaptation
final,passive_relaxation,True,6307,relational_twist,1.1,0.7,0.05,0.7537839045291961,0.7537839045291961,0.0,1.1,1.1,0.0,0.7051282051282051,0.717948717948718,0.7085221539170691,0.5952838827838828,0.0,1.40561311709384e-16,0.0,0.0,2.2100000000000004,0.0,False,81,passive decay
final,operator_only_filtering,True,6307,relational_twist,1.1,0.7,0.05,0.7537839045291961,0.03899339028933604,0.948269802452613,1.1,0.9683139226177003,0.11971461580209068,0.0,0.8076923076923077,0.2478024757680137,0.8359432234432234,0.0,0.9546300476749675,0.0,0.7590890059343743,0.001448258997831262,1.734723475976807e-17,False,81,wrong-attractor convergence
final,topology_altered,True,6307,relational_twist,1.1,0.7,0.05,0.7537839045291961,0.22745459144907404,0.6982496043197696,1.1,0.9891654780638675,0.10075865630557511,0.11538461538461542,0.49572649572649574,0.21653820171093266,-0.008745421245421246,0.0,0.9578116826085102,0.0,0.498166635766777,0.05621301225457857,6.938893903907228e-18,False,81,wrong-attractor convergence
final,trivial_attractor,True,6307,relational_twist,1.1,0.7,0.05,0.7537839045291961,0.04999579948931478,0.9336735645469354,1.1,0.9999942472620956,0.09091432067082224,0.0,0.717948717948718,7.589028355092061e-05,0.5952838827838828,0.0,0.9999942472420736,0.0,0.16634408601600034,7.313823450973949e-11,2.117582368135751e-22,False,81,wrong-attractor convergence
final,identity_scrambled,True,6307,relational_twist,1.1,0.7,0.05,0.7537839045291961,0.16242687569045733,0.7845179835832299,1.1,0.9879426764783089,0.10187029411062834,0.0641025641025641,0.4444444444444444,0.14789053224843263,-0.12637362637362637,0.0,0.9833136760658745,0.0,0.2837959931256362,0.025244703750770432,1.734723475976807e-17,False,81,wrong-attractor convergence
final,signal_blind,True,6307,relational_twist,1.1,0.7,0.05,0.7537839045291961,28.966335274530618,-37.4279036743596,1.1,28.685587954105223,-25.077807231004744,0.5256410256410257,0.5256410256410257,0.5256410256410257,0.07161172161172161,0.0,6.3062253920560005,37.4279036743596,818.0307014361658,828.8402058266992,4.996003610813204e-16,False,81,unstable correction
final,parameter_budget_matched,True,6307,relational_twist,1.1,0.7,0.05,0.7537839045291961,0.03899339028933604,0.948269802452613,1.1,0.9683139226177003,0.11971461580209068,0.0,0.8076923076923077,0.2478024757680137,0.8359432234432234,0.0,0.9546300476749675,0.0,0.7590890059343743,0.001448258997831262,1.734723475976807e-17,False,81,wrong-attractor convergence
final,memory_ablation,True,6307,relational_twist,1.1,0.7,0.05,0.7537839045291961,0.7537839045291961,0.0,1.1,1.1,0.0,0.7051282051282051,0.717948717948718,0.7085221539170691,0.5952838827838828,0.0,1.40561311709384e-16,0.0,0.0,2.2100000000000004,0.0,False,81,no recovery
final,redundancy_ablation,True,6307,relational_twist,1.1,0.7,0.05,0.7537839045291961,0.38669870959629854,0.48698996188061927,1.1,0.8282271862663159,0.24706619430334928,0.7051282051282051,0.8162393162393162,0.772384224495187,0.7527472527472527,0.0,0.16664662264010108,0.0,0.09385240120328994,1.8987024092556544,5.551115123125783e-17,False,81,trajectory-corridor recovery
final,oracle_upper_bound_non_admissible,False,6307,relational_twist,1.1,0.7,0.05,0.7537839045291961,0.0,1.0,1.1,1.1124837268576098e-10,0.9999999998988651,1.0,1.0,1.0,0.9999999999999998,0.0,4.1925924285296184e-17,0.0,0.17285714285714288,1.0,5.551115123125783e-17,False,9,identity-preserving adaptation
final,passive_relaxation,True,6308,localized_block_shock,0.25,0.7,0.05,0.12349147407234934,0.12349147407234934,0.0,0.25,0.25,0.0,0.9673469387755103,0.9673469387755103,0.9673469387755103,0.9773351648351647,0.0,0.06357461792860047,0.0,0.0,1.142210069920024,0.0,False,81,passive decay
final,operator_only_filtering,True,6308,localized_block_shock,0.25,0.7,0.05,0.12349147407234934,0.02937947985646712,0.7620930507376185,0.25,0.960536550595136,-2.842146202380544,0.0,0.9346938775510204,0.31659788031933683,0.9774267399267399,-14.097275331705426,0.9598035109760573,0.0,0.1285174932766149,0.0016672874153651775,3.209238430557093e-17,False,1,wrong-attractor convergence
final,topology_altered,True,6308,localized_block_shock,0.25,0.7,0.05,0.12349147407234934,0.0842418494622371,0.31783266743675964,0.25,1.0035747025969237,-3.014298810387695,0.09795918367346934,0.49387755102040815,0.19226855854773253,-0.01652930402930403,-14.761699945667214,1.002044051951036,1.3451799413568968,0.2703524847672205,0.0026737505372247386,3.9898639947466563e-17,False,81,unstable correction
final,trivial_attractor,True,6308,localized_block_shock,0.25,0.7,0.05,0.12349147407234934,0.04999645975651888,0.5951424166560058,0.25,0.9999940179667134,-2.9999760718668536,0.0,0.9673469387755103,4.560176985858665e-05,0.9773351648351647,-14.729453876053421,0.9999940203956401,0.0,0.08597280095887702,3.78005556349306e-11,4.235164736271502e-22,False,81,wrong-attractor convergence
final,identity_scrambled,True,6308,localized_block_shock,0.25,0.7,0.05,0.12349147407234934,0.07595102373560803,0.38496949440322514,0.25,0.9420267938162303,-2.7681071752649213,0.35510204081632657,0.6163265306122448,0.4019037690747253,0.5614926739926739,-13.691794029676712,0.9340251921223905,0.13854655814066863,0.06858171411509051,0.01243925947255536,8.673617379884035e-18,False,81,wrong-attractor convergence
final,signal_blind,True,6308,localized_block_shock,0.25,0.7,0.05,0.12349147407234934,0.22446229343228943,-0.8176339307504323,0.25,0.4368575997409087,-0.7474303989636348,0.7959183673469388,0.8163265306122449,0.803401403458953,0.9249542124542123,0.07101509526455689,0.059059860379993105,0.9884428067887696,0.16690466522096414,1.2607216829659809,6.938893903907228e-17,False,81,unstable correction
final,parameter_budget_matched,True,6308,localized_block_shock,0.25,0.7,0.05,0.12349147407234934,0.02937947985646712,0.7620930507376185,0.25,0.960536550595136,-2.842146202380544,0.0,0.9346938775510204,0.31659788031933683,0.9774267399267399,-14.097275331705426,0.9598035109760573,0.0,0.1285174932766149,0.0016672874153651775,3.209238430557093e-17,False,1,wrong-attractor convergence
final,memory_ablation,True,6308,localized_block_shock,0.25,0.7,0.05,0.12349147407234934,0.12349147407234934,0.0,0.25,0.25,0.0,0.9673469387755103,0.9673469387755103,0.9673469387755103,0.9773351648351647,0.0,0.06357461792860047,0.0,0.0,1.142210069920024,0.0,False,81,no recovery
final,redundancy_ablation,True,6308,localized_block_shock,0.25,0.7,0.05,0.12349147407234934,0.06105953183866711,0.5055567010003098,0.25,0.19021827334891955,0.2391269066043218,0.9673469387755103,0.9877551020408163,0.9800993249629384,0.9874084249084248,-0.018141517000468566,0.06472795794055047,0.0,0.0039032215278622133,1.1307697775472552,2.7755575615628914e-17,False,81,identity-preserving adaptation
final,oracle_upper_bound_non_admissible,False,6308,localized_block_shock,0.25,0.7,0.05,0.12349147407234934,0.0,1.0,0.25,2.528373852656193e-11,0.999999999898865,1.0,1.0,1.0,0.9999999999999998,0.9999999998988646,6.4296446165423075e-12,0.0,0.008928571428571428,1.0000000000080613,5.551115123125783e-17,True,4,exact-state recovery
final,passive_relaxation,True,6308,localized_block_shock,0.5,0.7,0.05,0.30274531578898667,0.30274531578898667,0.0,0.5,0.5,0.0,0.963265306122449,0.963265306122449,0.963265306122449,0.9647435897435895,0.0,0.12714923585720064,0.0,0.0,1.4094201398400477,0.0,False,81,passive decay
final,operator_only_filtering,True,6308,localized_block_shock,0.5,0.7,0.05,0.30274531578898667,0.02972357706666326,0.9018198613933944,0.5,0.960265480806203,-0.920530961612406,0.0,0.9306122448979591,0.3175741013534643,0.9710164835164833,-6.546403401398211,0.9595194259579624,0.0,0.2473962094424811,0.0017083108406959003,4.8138576458356397e-17,False,2,wrong-attractor convergence
final,topology_altered,True,6308,localized_block_shock,0.5,0.7,0.05,0.30274531578898667,0.16670338253494382,0.44936098482482884,0.5,0.9954805857072552,-0.9909611714145103,0.08163265306122447,0.5020408163265306,0.17271346279647115,0.0035714285714285718,-6.759660461016767,0.9866348981296151,0.0,0.4196601679732072,0.021458603936850024,1.734723475976807e-17,False,81,wrong-attractor convergence
final,trivial_attractor,True,6308,localized_block_shock,0.5,0.7,0.05,0.30274531578898667,0.04999627055676493,0.8348569971215928,0.5,0.9999937886933689,-0.9999875773867377,0.0,0.963265306122449,5.053404024879693e-05,0.9647435897435895,-6.864725153931452,0.9999937935492889,0.0,0.1060853868661702,4.664366547980597e-11,8.470329472543003e-22,False,81,wrong-attractor convergence
final,identity_scrambled,True,6308,localized_block_shock,0.5,0.7,0.05,0.30274531578898667,0.14406513906155854,0.5241375124628787,0.5,0.983084022721674,-0.9661680454433479,0.05714285714285716,0.5183673469387755,0.17103703372236653,0.09207875457875456,-6.595762337425704,0.9657953769565825,0.0,0.09439251855065997,0.031075227867092336,7.719519468096792e-17,False,81,wrong-attractor convergence
final,signal_blind,True,6308,localized_block_shock,0.5,0.7,0.05,0.30274531578898667,2.650488027367695,-7.7548440525338584,0.5,3.010570712172671,-5.021141424345342,0.5918367346938775,0.5959183673469388,0.5925377582826515,0.389514652014652,-4.225509857192057,0.6644195853062397,7.7548440525338584,9.641100962707492,10.934210235562269,2.7755575615628914e-17,False,81,unstable correction
final,parameter_budget_matched,True,6308,localized_block_shock,0.5,0.7,0.05,0.30274531578898667,0.02972357706666326,0.9018198613933944,0.5,0.960265480806203,-0.920530961612406,0.0,0.9306122448979591,0.3175741013534643,0.9710164835164833,-6.546403401398211,0.9595194259579624,0.0,0.2473962094424811,0.0017083108406959003,4.8138576458356397e-17,False,2,wrong-attractor convergence
final,memory_ablation,True,6308,localized_block_shock,0.5,0.7,0.05,0.30274531578898667,0.30274531578898667,0.0,0.5,0.5,0.0,0.963265306122449,0.963265306122449,0.963265306122449,0.9647435897435895,0.0,0.12714923585720064,0.0,0.0,1.4094201398400477,0.0,False,81,no recovery
final,redundancy_ablation,True,6308,localized_block_shock,0.5,0.7,0.05,0.30274531578898667,0.11567059624797121,0.6179277094791004,0.5,0.35839342604078456,0.2832131479184309,0.9591836734693877,0.9795918367346939,0.9715198208976348,0.9738095238095238,-0.053799577345892774,0.13398981100617127,0.0,0.022511114037421648,1.3306458890115496,2.7755575615628914e-17,False,81,identity-preserving adaptation
final,oracle_upper_bound_non_admissible,False,6308,localized_block_shock,0.5,0.7,0.05,0.30274531578898667,0.0,1.0,0.5,5.0567447578692034e-11,0.9999999998988651,1.0,1.0,1.0,0.9999999999999998,0.9999999998988635,1.2859429288657171e-11,0.0,0.035714285714285705,1.000000000016123,2.7755575615628914e-17,True,7,exact-state recovery
final,passive_relaxation,True,6308,localized_block_shock,0.8,0.7,0.05,0.5305427516450963,0.5305427516450963,0.0,0.7999999999999998,0.7999999999999998,0.0,0.963265306122449,0.963265306122449,0.963265306122449,0.956730769230769,0.0,0.20343877737152102,0.0,0.0,1.8950722237440762,0.0,False,81,passive decay
final,operator_only_filtering,True,6308,localized_block_shock,0.8,0.7,0.05,0.5305427516450963,0.030049479343521195,0.943360871013044,0.7999999999999998,0.9601840550279632,-0.2002300687849543,0.0,0.926530612244898,0.3203061568857119,0.9628205128205128,-3.7161649880898526,0.9594508390593737,0.0,0.48858247318320686,0.0017484197012830457,4.2500725161431774e-17,False,6,wrong-attractor convergence
final,topology_altered,True,6308,localized_block_shock,0.8,0.7,0.05,0.5305427516450963,0.17711331494299945,0.6661658002228661,0.7999999999999998,0.9989957601598828,-0.24874470019985376,0.11836734693877549,0.42448979591836733,0.18104205364684947,-0.15627289377289375,-3.8367695290786363,0.9839864794235853,0.0,0.4380964954242006,0.030269894741904883,5.204170427930421e-17,False,81,wrong-attractor convergence
final,trivial_attractor,True,6308,localized_block_shock,0.8,0.7,0.05,0.5305427516450963,0.04999604363204988,0.9057643451408521,0.7999999999999998,0.9999935135680162,-0.24999189196002058,0.0,0.963265306122449,5.6568937882461355e-05,0.956730769230769,-3.915451883136234,0.9999935213337761,0.0,0.14263984479322064,6.271594421406682e-11,7.411538288475128e-22,False,81,wrong-attractor convergence
final,identity_scrambled,True,6308,localized_block_shock,0.8,0.7,0.05,0.5305427516450963,0.05818791153130485,0.8903238026513849,0.7999999999999998,1.0025854295831762,-0.25323178697897053,0.01632653061224487,0.4897959183673469,0.12829144266478412,-0.07577838827838827,-3.924097284763129,1.0017523312706373,0.0,0.1927828015455742,0.0004572383934951129,1.6479873021779667e-17,False,81,wrong-attractor convergence
final,signal_blind,True,6308,localized_block_shock,0.8,0.7,0.05,0.5305427516450963,28.28585621896035,-52.31494235149219,0.7999999999999998,27.142599072657582,-32.928248840821986,0.43673469387755104,0.43673469387755104,0.43673469387755104,-0.076510989010989,-28.907403649934736,6.084325632899288,52.31494235149219,944.2352019482846,730.9356506833271,1.8041124150158794e-15,False,81,unstable correction
final,parameter_budget_matched,True,6308,localized_block_shock,0.8,0.7,0.05,0.5305427516450963,0.030049479343521195,0.943360871013044,0.7999999999999998,0.9601840550279632,-0.2002300687849543,0.0,0.926530612244898,0.3203061568857119,0.9628205128205128,-3.7161649880898526,0.9594508390593737,0.0,0.48858247318320686,0.0017484197012830457,4.2500725161431774e-17,False,6,wrong-attractor convergence
final,memory_ablation,True,6308,localized_block_shock,0.8,0.7,0.05,0.5305427516450963,0.5305427516450963,0.0,0.7999999999999998,0.7999999999999998,0.0,0.963265306122449,0.963265306122449,0.963265306122449,0.956730769230769,0.0,0.20343877737152102,0.0,0.0,1.8950722237440762,0.0,False,81,no recovery
final,redundancy_ablation,True,6308,localized_block_shock,0.8,0.7,0.05,0.5305427516450963,0.20214946993361885,0.6189760970123561,0.7999999999999998,0.5659960550668446,0.2925049311664441,0.9469387755102041,0.9673469387755103,0.9596835001223657,0.9565934065934064,-0.07218643639922251,0.2181242977353859,0.0,0.06675842294488321,1.651687769138122,2.7755575615628914e-17,False,81,trajectory-corridor recovery
final,oracle_upper_bound_non_admissible,False,6308,localized_block_shock,0.8,0.7,0.05,0.5305427516450963,0.0,1.0,0.7999999999999998,8.09079229664617e-11,0.999999999898865,1.0,1.0,1.0,0.9999999999999998,0.9999999998988647,2.0574851564908487e-11,0.0,0.0914285714285714,1.0000000000257967,4.163336342344337e-17,True,8,exact-state recovery
final,passive_relaxation,True,6308,localized_block_shock,1.1,0.7,0.05,0.7607704746328026,0.7607704746328026,0.0,1.1,1.1,0.0,0.963265306122449,0.963265306122449,0.963265306122449,0.956730769230769,0.0,0.27972831888584154,0.0,0.0,2.560724307648105,0.0,False,81,passive decay
final,operator_only_filtering,True,6308,localized_block_shock,1.1,0.7,0.05,0.7607704746328026,0.030378037198018185,0.9600693793845237,1.1,0.9608548220934684,0.12649561627866515,0.0,0.9061224489795918,0.31593704858576666,0.9572344322344322,-2.4325730005413098,0.9601878748943493,0.0,0.8373222647978439,0.001716990345243353,6.591949208711867e-17,False,81,wrong-attractor convergence
final,topology_altered,True,6308,localized_block_shock,1.1,0.7,0.05,0.7607704746328026,0.09628976337743463,0.8734312560908593,1.1,1.001003467869556,0.08999684739131274,0.07755102040816331,0.4897959183673469,0.17628245275129692,0.009249084249084247,-2.5729738071935797,0.999461956509405,0.0,0.43335802908047494,0.005362583948050768,3.3393426912553537e-17,False,81,wrong-attractor convergence
final,trivial_attractor,True,6308,localized_block_shock,1.1,0.7,0.05,0.7607704746328026,0.049995816832779746,0.9342826535731279,1.1,0.9999932384455665,0.09091523777675777,0.0,0.963265306122449,6.260383551612579e-05,0.956730769230769,-2.5748731236842834,0.9999932491183817,0.0,0.19274268981659698,8.474518322513903e-11,6.352747104407253e-22,False,81,wrong-attractor convergence
final,identity_scrambled,True,6308,localized_block_shock,1.1,0.7,0.05,0.7607704746328026,0.05285393092162371,0.9305257857869228,1.1,0.9918597344568835,0.0983093323119242,0.06938775510204087,0.5551020408163265,0.18002991481706496,0.35036630036630034,-2.5443844663601425,0.9914647082600133,0.0,0.2436935985885927,0.0007175507023954555,1.0408340855860843e-17,False,81,wrong-attractor convergence
final,signal_blind,True,6308,localized_block_shock,1.1,0.7,0.05,0.7607704746328026,36.82914590854951,-47.41032497525047,1.1,35.49160750973632,-31.265097736123924,0.4816326530612245,0.4816326530612245,0.4816326530612245,-0.003250915750915751,-20.37967557899901,5.980500708038074,47.41032497525047,1232.216265532371,1254.2690393981159,6.38378239159465e-16,False,81,unstable correction
final,parameter_budget_matched,True,6308,localized_block_shock,1.1,0.7,0.05,0.7607704746328026,0.030378037198018185,0.9600693793845237,1.1,0.9608548220934684,0.12649561627866515,0.0,0.9061224489795918,0.31593704858576666,0.9572344322344322,-2.4325730005413098,0.9601878748943493,0.0,0.8373222647978439,0.001716990345243353,6.591949208711867e-17,False,81,wrong-attractor convergence
final,memory_ablation,True,6308,localized_block_shock,1.1,0.7,0.05,0.7607704746328026,0.7607704746328026,0.0,1.1,1.1,0.0,0.963265306122449,0.963265306122449,0.963265306122449,0.956730769230769,0.0,0.27972831888584154,0.0,0.0,2.560724307648105,0.0,False,81,no recovery
final,redundancy_ablation,True,6308,localized_block_shock,1.1,0.7,0.05,0.7607704746328026,0.30340927406706436,0.6011815860578587,1.1,0.7751313299842616,0.2953351545597622,0.9469387755102041,0.9673469387755103,0.9596795540272129,0.9398351648351648,-0.08139101211107279,0.3024956898760891,0.0,0.12828375314698687,2.0613010669922427,5.551115123125783e-17,False,81,trajectory-corridor recovery
final,oracle_upper_bound_non_admissible,False,6308,localized_block_shock,1.1,0.7,0.05,0.7607704746328026,0.0,1.0,1.1,1.1124838994338253e-10,0.9999999998988651,1.0,1.0,1.0,0.9999999999999998,0.9999999998988647,2.8290413898648846e-11,0.0,0.17285714285714285,1.0000000000354705,5.551115123125783e-17,True,10,exact-state recovery
final,passive_relaxation,True,6308,sparse_node_corruption,0.25,0.7,0.05,0.11874812687155109,0.11874812687155109,0.0,0.24999999999999997,0.24999999999999997,0.0,0.9142857142857143,0.9224489795918367,0.9156604535418806,0.9694139194139193,0.0,0.048010601039963144,0.0,0.0,1.0326302760448625,0.0,False,81,passive decay
final,operator_only_filtering,True,6308,sparse_node_corruption,0.25,0.7,0.05,0.11874812687155109,0.029200056370125346,0.7541009097203628,0.24999999999999997,0.9604260086673405,-2.8417040346693625,0.0,0.9591836734693877,0.31026308479890863,0.9856227106227103,-18.990863369037594,0.9597733656552774,0.0,0.12403591733517731,0.0016327351729333364,1.214306433183765e-17,False,1,wrong-attractor convergence
final,topology_altered,True,6308,sparse_node_corruption,0.25,0.7,0.05,0.11874812687155109,0.0547665815693629,0.538800459323426,0.24999999999999997,0.9965724223183695,-2.9862896892734785,0.02857142857142858,0.5428571428571428,0.15299933067740185,0.19015567765567762,-19.754929747877796,0.9964566517378237,0.42566053774827317,0.1717022362353375,0.000355714709963522,9.920449878242366e-18,False,81,wrong-attractor convergence
final,trivial_attractor,True,6308,sparse_node_corruption,0.25,0.7,0.05,0.11874812687155109,0.049996634185588,0.5789690709002175,0.24999999999999997,0.9999943331597498,-2.999977332639,0.0,0.9224489795918367,4.399926044141266e-05,0.9694139194139193,-19.828615540653814,0.9999943509371065,0.0,0.07772485948467547,3.417409741684442e-11,1.0587911840678754e-22,False,81,wrong-attractor convergence
final,identity_scrambled,True,6308,sparse_node_corruption,0.25,0.7,0.05,0.11874812687155109,0.2050513130795526,-0.7267751372731545,0.24999999999999997,0.9417642644418096,-2.767057057767239,0.31836734693877555,0.5795918367346938,0.37885318099854776,0.4318681318681318,-18.075018887457578,0.9158031216354874,0.7617105972889722,0.06933793575051497,0.056627881231812095,3.642919299551295e-17,False,81,unstable correction
final,signal_blind,True,6308,sparse_node_corruption,0.25,0.7,0.05,0.11874812687155109,0.31744860847861434,-1.67329360758672,0.24999999999999997,0.48594824329256725,-0.9437929731702692,0.7061224489795919,0.7387755102040816,0.709795673090089,0.8819139194139194,-1.52334473549818,0.12114729738229445,1.6732936075867197,0.16566973071819052,1.0278860098666713,5.551115123125783e-17,False,81,unstable correction
final,parameter_budget_matched,True,6308,sparse_node_corruption,0.25,0.7,0.05,0.11874812687155109,0.029200056370125346,0.7541009097203628,0.24999999999999997,0.9604260086673405,-2.8417040346693625,0.0,0.9591836734693877,0.31026308479890863,0.9856227106227103,-18.990863369037594,0.9597733656552774,0.0,0.12403591733517731,0.0016327351729333364,1.214306433183765e-17,False,1,wrong-attractor convergence
final,memory_ablation,True,6308,sparse_node_corruption,0.25,0.7,0.05,0.11874812687155109,0.11874812687155109,0.0,0.24999999999999997,0.24999999999999997,0.0,0.9142857142857143,0.9224489795918367,0.9156604535418806,0.9694139194139193,0.0,0.048010601039963144,0.0,0.0,1.0326302760448625,0.0,False,81,no recovery
final,redundancy_ablation,True,6308,sparse_node_corruption,0.25,0.7,0.05,0.11874812687155109,0.08116609515401074,0.316485259242805,0.24999999999999997,0.21634282601700755,0.13462869593196972,0.9142857142857143,0.9469387755102041,0.933240681142375,0.9777930402930401,-0.0031601051693261398,0.048162319588491986,0.0,0.003070940946924742,1.0265740117548927,1.3877787807814457e-17,False,81,trajectory-corridor recovery
final,oracle_upper_bound_non_admissible,False,6308,sparse_node_corruption,0.25,0.7,0.05,0.11874812687155109,0.0,1.0,0.24999999999999997,2.5283731195443286e-11,0.9999999998988651,1.0,1.0,1.0,0.9999999999999998,0.9999999998988621,4.855694642982761e-12,0.0,0.008928571428571432,0.9999999999969792,5.551115123125783e-17,True,4,exact-state recovery
final,passive_relaxation,True,6308,sparse_node_corruption,0.5,0.7,0.05,0.33321895604732477,0.33321895604732477,0.0,0.49999999999999994,0.49999999999999994,0.0,0.8612244897959184,0.8612244897959184,0.8612244897959184,0.8890567765567766,0.0,0.09602120207992626,0.0,0.0,1.1902605520897247,0.0,False,81,passive decay
final,operator_only_filtering,True,6308,sparse_node_corruption,0.5,0.7,0.05,0.33321895604732477,0.02985105489556328,0.9104160962219576,0.49999999999999994,0.9617675674412076,-0.9235351348824155,0.0,0.9510204081632653,0.29895739195897475,0.9846153846153846,-9.009572686611934,0.961131201674875,0.0,0.24679631419125364,0.0015286729508158761,2.6020852139652106e-17,False,2,wrong-attractor convergence
final,topology_altered,True,6308,sparse_node_corruption,0.5,0.7,0.05,0.33321895604732477,0.09490155945372576,0.7151975968610635,0.49999999999999994,0.9937988660904297,-0.9875977321808596,0.17959183673469392,0.5020408163265306,0.2547098671675581,0.06016483516483516,-9.32925134795194,0.991827131016044,0.0,0.2021292977274664,0.006093294441150358,8.673617379884035e-18,False,81,wrong-attractor convergence
final,trivial_attractor,True,6308,sparse_node_corruption,0.5,0.7,0.05,0.33321895604732477,0.0499966194158737,0.849958657787845,0.49999999999999994,0.999994419079487,-0.9999888381589743,0.0,0.8612244897959184,4.9873069762038555e-05,0.8890567765567766,-9.41430885024568,0.9999944546322049,0.0,0.08958950391776707,3.9390749043633614e-11,3.1763735522036263e-22,False,81,wrong-attractor convergence
final,identity_scrambled,True,6308,sparse_node_corruption,0.5,0.7,0.05,0.33321895604732477,0.05647287520667595,0.8305232214980727,0.49999999999999994,0.9810740603625367,-0.9621481207250737,0.17551020408163265,0.5673469387755102,0.2679842804842813,0.4172161172161172,-9.193629920163623,0.9788045984920138,0.0,0.09627134074994875,0.002291987334363812,6.938893903907228e-18,False,81,wrong-attractor convergence
final,signal_blind,True,6308,sparse_node_corruption,0.5,0.7,0.05,0.33321895604732477,5.006032202809099,-14.023251564650263,0.49999999999999994,5.106749196899871,-9.213498393799744,0.5142857142857142,0.5142857142857142,0.5142857142857142,0.015888278388278387,-13.691604785459116,1.4107055519829814,14.023251564650263,26.53180967827246,25.249251587034585,6.38378239159465e-16,False,81,unstable correction
final,parameter_budget_matched,True,6308,sparse_node_corruption,0.5,0.7,0.05,0.33321895604732477,0.02985105489556328,0.9104160962219576,0.49999999999999994,0.9617675674412076,-0.9235351348824155,0.0,0.9510204081632653,0.29895739195897475,0.9846153846153846,-9.009572686611934,0.961131201674875,0.0,0.24679631419125364,0.0015286729508158761,2.6020852139652106e-17,False,2,wrong-attractor convergence
final,memory_ablation,True,6308,sparse_node_corruption,0.5,0.7,0.05,0.33321895604732477,0.33321895604732477,0.0,0.49999999999999994,0.49999999999999994,0.0,0.8612244897959184,0.8612244897959184,0.8612244897959184,0.8890567765567766,0.0,0.09602120207992626,0.0,0.0,1.1902605520897247,0.0,False,81,no recovery
final,redundancy_ablation,True,6308,sparse_node_corruption,0.5,0.7,0.05,0.33321895604732477,0.1893620503516207,0.43171885357948564,0.49999999999999994,0.37067758798368405,0.25864482403263184,0.8489795918367347,0.9102040816326531,0.8842169936069839,0.9375457875457874,-0.13172215666359766,0.10866932190332527,0.0,0.02076562699227326,1.1367568790482168,0.0,False,81,trajectory-corridor recovery
final,oracle_upper_bound_non_admissible,False,6308,sparse_node_corruption,0.5,0.7,0.05,0.33321895604732477,0.0,1.0,0.49999999999999994,5.056746273248876e-11,0.9999999998988651,1.0,1.0,1.0,0.9999999999999998,0.9999999998988633,9.711264040175412e-12,0.0,0.03571428571428571,0.9999999999939584,8.326672684688674e-17,True,6,exact-state recovery
final,passive_relaxation,True,6308,sparse_node_corruption,0.8,0.7,0.05,0.6298051749184875,0.6298051749184875,0.0,0.8,0.8,0.0,0.8612244897959184,0.8612244897959184,0.8612244897959184,0.8010073260073258,0.0,0.1536339233278819,0.0,0.0,1.5444168833435592,0.0,False,81,passive decay
final,operator_only_filtering,True,6308,sparse_node_corruption,0.8,0.7,0.05,0.6298051749184875,0.030390879996015974,0.9517455854503747,0.8,0.9627467928430601,-0.20343349105382505,0.0,0.963265306122449,0.28711422012866183,0.986584249084249,-5.261954372412756,0.962048617933956,0.0,0.5044143375224512,0.0014535201826529945,4.336808689942018e-17,False,6,wrong-attractor convergence
final,topology_altered,True,6308,sparse_node_corruption,0.8,0.7,0.05,0.6298051749184875,0.07060236801903393,0.887898082088367,0.8,1.005175973014471,-0.2564699662680886,0.08571428571428574,0.49387755102040815,0.1740740875383824,-0.08081501831501832,-5.536214490299365,1.0041842758572432,0.0,0.3589348046527335,0.0014280807833650553,3.3176586478056436e-17,False,81,wrong-attractor convergence
final,trivial_attractor,True,6308,sparse_node_corruption,0.8,0.7,0.05,0.6298051749184875,0.04999660180848608,0.9206157653198754,0.8,0.999994522185892,-0.24999315273236497,0.0,0.8612244897959184,5.814095468178343e-05,0.8010073260073258,-5.5089438413431955,0.9999945790664095,0.0,0.11624643207577567,5.1111277916191036e-11,1.0587911840678754e-22,False,81,wrong-attractor convergence
final,identity_scrambled,True,6308,sparse_node_corruption,0.8,0.7,0.05,0.6298051749184875,0.08110164599828507,0.8712274061438418,0.8,0.9838017219453837,-0.2297521524317296,0.11836734693877549,0.4857142857142857,0.20197751580934606,0.13717948717948716,-5.368068993627578,0.9783514235136413,0.0,0.2119791089196281,0.005337599485659076,1.5612511283791264e-17,False,81,wrong-attractor convergence
final,signal_blind,True,6308,sparse_node_corruption,0.8,0.7,0.05,0.6298051749184875,14.16682902053618,-21.493986370260803,0.8,13.548460089966659,-15.935575112458322,0.4938775510204082,0.49387755102040815,0.49387755102040815,0.13502747252747252,-17.048482068178636,2.7728591102472078,21.493986370260806,270.38628431065376,185.8813232305021,5.967448757360216e-16,False,81,unstable correction
final,parameter_budget_matched,True,6308,sparse_node_corruption,0.8,0.7,0.05,0.6298051749184875,0.030390879996015974,0.9517455854503747,0.8,0.9627467928430601,-0.20343349105382505,0.0,0.963265306122449,0.28711422012866183,0.986584249084249,-5.261954372412756,0.962048617933956,0.0,0.5044143375224512,0.0014535201826529945,4.336808689942018e-17,False,6,wrong-attractor convergence
final,memory_ablation,True,6308,sparse_node_corruption,0.8,0.7,0.05,0.6298051749184875,0.6298051749184875,0.0,0.8,0.8,0.0,0.8612244897959184,0.8612244897959184,0.8612244897959184,0.8010073260073258,0.0,0.1536339233278819,0.0,0.0,1.5444168833435592,0.0,False,81,no recovery
final,redundancy_ablation,True,6308,sparse_node_corruption,0.8,0.7,0.05,0.6298051749184875,0.3396629253281413,0.46068571860797725,0.8,0.5586892791039741,0.3016384011200324,0.8204081632653062,0.8938775510204081,0.8579278206132497,0.9070970695970695,-0.2560629828472326,0.19297388400174237,0.0,0.0667721648062148,1.3463353308886443,4.163336342344337e-17,False,81,trajectory-corridor recovery
final,oracle_upper_bound_non_admissible,False,6308,sparse_node_corruption,0.8,0.7,0.05,0.6298051749184875,0.0,1.0,0.8,8.090793096198588e-11,0.9999999998988651,1.0,1.0,1.0,0.9999999999999998,0.9999999998988648,1.5537779723677557e-11,0.0,0.09142857142857144,0.9999999999903334,8.326672684688674e-17,True,8,exact-state recovery
final,passive_relaxation,True,6308,sparse_node_corruption,1.1,0.7,0.05,0.9335624135760955,0.9335624135760955,0.0,1.1,1.1,0.0,0.8612244897959184,0.8612244897959184,0.8612244897959184,0.7133699633699633,0.0,0.21124664457583767,0.0,0.0,2.078573214597394,0.0,False,81,passive decay
final,operator_only_filtering,True,6308,sparse_node_corruption,1.1,0.7,0.05,0.9335624135760955,0.031126066854689136,0.9666588260173652,1.1,0.9634142027261732,0.12416890661256991,0.0,0.9510204081632653,0.28038229928717473,0.9738095238095238,-3.557976983662294,0.9628573438525572,0.0,0.8819616091192508,0.0014251464531708881,6.938893903907228e-18,False,81,wrong-attractor convergence
final,topology_altered,True,6308,sparse_node_corruption,1.1,0.7,0.05,0.9335624135760955,0.10579222632131163,0.886678999943812,1.1,0.9952899548431321,0.09519095014260726,0.09795918367346934,0.5061224489795918,0.200160095787277,0.057417582417582415,-3.684452061886044,0.989574779749791,0.0,0.47115213621188395,0.009106058713983529,4.336808689942018e-18,False,81,wrong-attractor convergence
final,trivial_attractor,True,6308,sparse_node_corruption,1.1,0.7,0.05,0.9335624135760955,0.04999658432793807,0.9464453756911425,1.1,0.9999946252952651,0.09091397700430456,0.0,0.8612244897959184,6.640883960152832e-05,0.7133699633699633,-3.7337779282061447,0.9999947035007086,0.0,0.1564517473301101,6.878876706555985e-11,1.0587911840678754e-22,False,81,wrong-attractor convergence
final,identity_scrambled,True,6308,sparse_node_corruption,1.1,0.7,0.05,0.9335624135760955,0.055164781694515296,0.9409093801418144,1.1,0.9974771161049272,0.09320262172279355,0.020408163265306145,0.5224489795918368,0.12593099042207262,0.13699633699633698,-3.717852318210626,0.9966304718263319,0.0,0.266332369599102,0.00031327841291539773,2.1467203015212988e-17,False,81,wrong-attractor convergence
final,signal_blind,True,6308,sparse_node_corruption,1.1,0.7,0.05,0.9335624135760955,34.87655685382416,-36.35857008234334,1.1,34.67293642396757,-30.520851294515968,0.5183673469387755,0.5224489795918368,0.5193555788762124,-0.11739926739926738,-26.981416831073584,5.910980416042164,36.35857008234334,1275.0644605853136,1192.9723942158892,1.790234627208065e-15,False,81,unstable correction
final,parameter_budget_matched,True,6308,sparse_node_corruption,1.1,0.7,0.05,0.9335624135760955,0.031126066854689136,0.9666588260173652,1.1,0.9634142027261732,0.12416890661256991,0.0,0.9510204081632653,0.28038229928717473,0.9738095238095238,-3.557976983662294,0.9628573438525572,0.0,0.8819616091192508,0.0014251464531708881,6.938893903907228e-18,False,81,wrong-attractor convergence
final,memory_ablation,True,6308,sparse_node_corruption,1.1,0.7,0.05,0.9335624135760955,0.9335624135760955,0.0,1.1,1.1,0.0,0.8612244897959184,0.8612244897959184,0.8612244897959184,0.7133699633699633,0.0,0.21124664457583767,0.0,0.0,2.078573214597394,0.0,False,81,no recovery
final,redundancy_ablation,True,6308,sparse_node_corruption,1.1,0.7,0.05,0.9335624135760955,0.4917944330944325,0.4732066909050362,1.1,0.7467618925514223,0.32112555222597977,0.7795918367346939,0.8448979591836735,0.8203804428477787,0.8531593406593406,-0.3537327611776625,0.285971503451165,0.0,0.14247821507701613,1.6368171884918392,8.326672684688674e-17,False,81,trajectory-corridor recovery
final,oracle_upper_bound_non_admissible,False,6308,sparse_node_corruption,1.1,0.7,0.05,0.9335624135760955,0.0,1.0,1.1,1.1124838890577654e-10,0.9999999998988651,1.0,1.0,1.0,0.9999999999999998,0.9999999998988647,2.136448668451258e-11,0.0,0.17285714285714288,0.9999999999867082,2.7755575615628914e-17,True,9,exact-state recovery
final,passive_relaxation,True,6308,relational_twist,0.25,0.7,0.05,0.09222707218844423,0.09222707218844423,0.0,0.25,0.25,0.0,0.8653061224489795,0.8857142857142857,0.8748381381337116,0.9699175824175824,0.0,2.309876306164834e-16,0.0,0.0,1.0625,0.0,False,81,passive decay
final,operator_only_filtering,True,6308,relational_twist,0.25,0.7,0.05,0.09222707218844423,0.029425338719958394,0.6809468410768297,0.25,0.9609658577232262,-2.8438634308929047,0.0,0.9428571428571428,0.3102473000760334,0.9749084249084249,0.0,0.9601985208080959,0.0,0.11808477628175942,0.001618185528212458,3.5561831257524545e-17,False,1,wrong-attractor convergence
final,topology_altered,True,6308,relational_twist,0.25,0.7,0.05,0.09222707218844423,0.05775278126953498,0.37379795434109825,0.25,0.997664567208676,-2.990658268834704,0.04489795918367345,0.5346938775510204,0.1591317107417246,0.11964285714285712,0.0,0.9974596648743791,2.073098012828501,0.20729499124485565,0.0004284058582175477,2.3635607360183997e-17,False,81,unstable correction
final,trivial_attractor,True,6308,relational_twist,0.25,0.7,0.05,0.09222707218844423,0.04999660368296657,0.45789666204723134,0.25,0.9999942472431079,-2.9999769889724317,0.0,0.8857142857142857,4.40745609330787e-05,0.9699175824175824,0.0,0.9999942472420735,0.0,0.07997311827692324,3.5162612745067065e-11,8.470329472543003e-22,False,81,wrong-attractor convergence
final,identity_scrambled,True,6308,relational_twist,0.25,0.7,0.05,0.09222707218844423,0.16472394649132172,-0.7860693458288176,0.25,0.9651060652260902,-2.860424260904361,0.22857142857142854,0.6204081632653061,0.33182133734549213,0.5298076923076922,0.0,0.9493150633160761,0.7890732259075852,0.07186134559804637,0.032071368508219296,3.469446951953614e-18,False,81,unstable correction
final,signal_blind,True,6308,relational_twist,0.25,0.7,0.05,0.09222707218844423,0.21985054973850873,-1.3837962598367657,0.25,0.3933193873586862,-0.5732775494347448,0.7959183673469388,0.8244897959183674,0.8042838564081584,0.9438186813186812,0.0,0.06894791155634881,1.4431326160709652,0.1366422449214641,1.2133160419465245,5.551115123125783e-17,False,81,unstable correction
final,parameter_budget_matched,True,6308,relational_twist,0.25,0.7,0.05,0.09222707218844423,0.029425338719958394,0.6809468410768297,0.25,0.9609658577232262,-2.8438634308929047,0.0,0.9428571428571428,0.3102473000760334,0.9749084249084249,0.0,0.9601985208080959,0.0,0.11808477628175942,0.001618185528212458,3.5561831257524545e-17,False,1,wrong-attractor convergence
final,memory_ablation,True,6308,relational_twist,0.25,0.7,0.05,0.09222707218844423,0.09222707218844423,0.0,0.25,0.25,0.0,0.8653061224489795,0.8857142857142857,0.8748381381337116,0.9699175824175824,0.0,2.309876306164834e-16,0.0,0.0,1.0625,0.0,False,81,no recovery
final,redundancy_ablation,True,6308,relational_twist,0.25,0.7,0.05,0.09222707218844423,0.06252231204750397,0.32208287042058104,0.25,0.22117118374611777,0.11531526501552891,0.889795918367347,0.9387755102040817,0.9157036864323138,0.9775183150183149,0.0,0.010116169316742007,0.0,0.0018439774925182323,1.0585002486892472,4.163336342344337e-17,False,81,trajectory-corridor recovery
final,oracle_upper_bound_non_admissible,False,6308,relational_twist,0.25,0.7,0.05,0.09222707218844423,0.0,1.0,0.25,2.5283697169247568e-11,0.9999999998988652,1.0,1.0,1.0,0.9999999999999998,0.0,2.0961785916413505e-16,0.0,0.008928571428571426,1.0,1.3877787807814457e-17,False,3,identity-preserving adaptation
final,passive_relaxation,True,6308,relational_twist,0.5,0.7,0.05,0.27674996960570825,0.27674996960570825,0.0,0.49999999999999994,0.49999999999999994,0.0,0.7591836734693878,0.7755102040816326,0.7642151178985319,0.8916208791208791,0.0,2.0199282332499146e-16,0.0,0.0,1.25,0.0,False,81,passive decay
final,operator_only_filtering,True,6308,relational_twist,0.5,0.7,0.05,0.27674996960570825,0.0294341665222265,0.8936434697204773,0.49999999999999994,0.9607714389494357,-0.9215428778988717,0.0,0.9428571428571428,0.31159438869895345,0.9763736263736262,0.0,0.9600083667483421,0.0,0.21910434980420457,0.0016352919779032379,4.2500725161431774e-17,False,2,wrong-attractor convergence
final,topology_altered,True,6308,relational_twist,0.5,0.7,0.05,0.27674996960570825,0.059582981635434955,0.7847046497590437,0.49999999999999994,1.001079045484261,-1.0021580909685224,0.05306122448979589,0.4775510204081633,0.14543064232079378,-0.021978021978021976,0.0,1.0010254608125793,0.29050498604086616,0.30565041651814173,0.0004463898587752002,1.1167282376600696e-17,False,81,wrong-attractor convergence
final,trivial_attractor,True,6308,relational_twist,0.5,0.7,0.05,0.27674996960570825,0.04999655840491033,0.8193439425625176,0.49999999999999994,0.9999942472462106,-0.9999884944924213,0.0,0.7755102040816326,5.0556981410509475e-05,0.8916208791208791,0.0,0.9999942472420735,0.0,0.09408602150226265,4.1367779700078876e-11,3.1763735522036263e-22,False,81,wrong-attractor convergence
final,identity_scrambled,True,6308,relational_twist,0.5,0.7,0.05,0.27674996960570825,0.06512902473723811,0.7646647447512682,0.49999999999999994,1.0115641936856359,-1.023128387371272,0.05306122448979589,0.39183673469387753,0.1311229635027878,-0.3294871794871794,0.0,1.0123395995423152,0.0,0.11890440232445887,0.0008712355224260858,1.1275702593849246e-17,False,81,wrong-attractor convergence
final,signal_blind,True,6308,relational_twist,0.5,0.7,0.05,0.27674996960570825,4.046260261187955,-13.62063488914832,0.49999999999999994,3.7714957924925714,-6.542991584985144,0.5061224489795919,0.5061224489795918,0.50467863510634,0.07573260073260073,0.0,1.075569945057011,13.62063488914832,21.358567785095865,13.504324582944959,3.191891195797325e-16,False,81,unstable correction
final,parameter_budget_matched,True,6308,relational_twist,0.5,0.7,0.05,0.27674996960570825,0.0294341665222265,0.8936434697204773,0.49999999999999994,0.9607714389494357,-0.9215428778988717,0.0,0.9428571428571428,0.31159438869895345,0.9763736263736262,0.0,0.9600083667483421,0.0,0.21910434980420457,0.0016352919779032379,4.2500725161431774e-17,False,2,wrong-attractor convergence
final,memory_ablation,True,6308,relational_twist,0.5,0.7,0.05,0.27674996960570825,0.27674996960570825,0.0,0.49999999999999994,0.49999999999999994,0.0,0.7591836734693878,0.7755102040816326,0.7642151178985319,0.8916208791208791,0.0,2.0199282332499146e-16,0.0,0.0,1.25,0.0,False,81,no recovery
final,redundancy_ablation,True,6308,relational_twist,0.5,0.7,0.05,0.27674996960570825,0.15682965310454433,0.43331645771096927,0.49999999999999994,0.3819034287844232,0.23619314243115355,0.7714285714285715,0.8816326530612245,0.8338478741409262,0.9445970695970696,0.0,0.061575982100340515,0.0,0.01553491979105588,1.206260101635045,5.551115123125783e-17,False,81,trajectory-corridor recovery
final,oracle_upper_bound_non_admissible,False,6308,relational_twist,0.5,0.7,0.05,0.27674996960570825,0.0,1.0,0.49999999999999994,5.056743184616403e-11,0.9999999998988651,1.0,1.0,1.0,0.9999999999999998,0.0,2.0961785916413505e-16,0.0,0.035714285714285705,1.0000000000000002,2.7755575615628914e-17,False,6,identity-preserving adaptation
final,passive_relaxation,True,6308,relational_twist,0.8,0.7,0.05,0.5412940380018368,0.5412940380018368,0.0,0.7999999999999999,0.7999999999999999,0.0,0.7142857142857143,0.726530612244898,0.7161663921985209,0.7669413919413919,0.0,1.2527063115020098e-16,0.0,0.0,1.6399999999999997,0.0,False,81,passive decay
final,operator_only_filtering,True,6308,relational_twist,0.8,0.7,0.05,0.5412940380018368,0.029525700831016393,0.9454534896781623,0.7999999999999999,0.9608111354830173,-0.20101391935377178,0.0,0.9510204081632653,0.31067493461165463,0.9780677655677654,0.0,0.9600392503027901,0.0,0.42911727774268027,0.0016306392209986557,3.9898639947466563e-17,False,2,wrong-attractor convergence
final,topology_altered,True,6308,relational_twist,0.8,0.7,0.05,0.5412940380018368,0.33952006524838324,0.3727622301148805,0.7999999999999999,1.0039351587986067,-0.2549189484982585,0.08571428571428574,0.49795918367346936,0.17943569716934704,-0.1324175824175824,0.0,0.9525410440781819,0.0,0.3536860628048173,0.1168639209337719,3.469446951953614e-17,False,81,wrong-attractor convergence
final,trivial_attractor,True,6308,relational_twist,0.8,0.7,0.05,0.5412940380018368,0.0499965041799615,0.9076352210260409,0.7999999999999999,0.9999942472526638,-0.2499928090658299,0.0,0.726530612244898,6.095629965560795e-05,0.7669413919413919,0.0,0.9999942472420735,0.0,0.12344086021096859,5.4274526966503495e-11,0.0,False,81,wrong-attractor convergence
final,identity_scrambled,True,6308,relational_twist,0.8,0.7,0.05,0.5412940380018368,0.06165934338497042,0.8860890032844567,0.7999999999999999,0.9888222219517122,-0.23602777743964037,0.12653061224489792,0.5306122448979592,0.2020295531614523,0.17586996336996336,0.0,0.9866305556847479,0.0,0.16975226989601172,0.0019111353001416095,4.683753385137379e-17,False,81,wrong-attractor convergence
final,signal_blind,True,6308,relational_twist,0.8,0.7,0.05,0.5412940380018368,23.499903011120825,-42.41430232239336,0.7999999999999999,22.407717157091554,-27.009646446364442,0.4897959183673469,0.4897959183673469,0.4897959183673469,0.023489010989010985,0.0,0.7491165109179498,42.41430232239336,411.31175171114927,502.9104836638023,1.2212453270876722e-15,False,81,unstable correction
final,parameter_budget_matched,True,6308,relational_twist,0.8,0.7,0.05,0.5412940380018368,0.029525700831016393,0.9454534896781623,0.7999999999999999,0.9608111354830173,-0.20101391935377178,0.0,0.9510204081632653,0.31067493461165463,0.9780677655677654,0.0,0.9600392503027901,0.0,0.42911727774268027,0.0016306392209986557,3.9898639947466563e-17,False,2,wrong-attractor convergence
final,memory_ablation,True,6308,relational_twist,0.8,0.7,0.05,0.5412940380018368,0.5412940380018368,0.0,0.7999999999999999,0.7999999999999999,0.0,0.7142857142857143,0.726530612244898,0.7161663921985209,0.7669413919413919,0.0,1.2527063115020098e-16,0.0,0.0,1.6399999999999997,0.0,False,81,no recovery
final,redundancy_ablation,True,6308,relational_twist,0.8,0.7,0.05,0.5412940380018368,0.25161012847029174,0.5351692226297199,0.7999999999999999,0.5377923756670949,0.32775953041613126,0.7142857142857143,0.8448979591836735,0.791292046630624,0.9119963369963368,0.0,0.15926413484601373,0.0,0.058280079538818745,1.4607492767555497,2.7755575615628914e-17,False,81,trajectory-corridor recovery
final,oracle_upper_bound_non_admissible,False,6308,relational_twist,0.8,0.7,0.05,0.5412940380018368,0.0,1.0,0.7999999999999999,8.090789642704025e-11,0.999999999898865,1.0,1.0,1.0,0.9999999999999998,0.0,2.1697509784836854e-16,0.0,0.09142857142857144,1.0,1.3877787807814457e-17,False,7,identity-preserving adaptation
final,passive_relaxation,True,6308,relational_twist,1.1,0.7,0.05,0.82106238781485,0.82106238781485,0.0,1.1,1.1,0.0,0.6775510204081633,0.6857142857142857,0.677935990108353,0.6283424908424907,0.0,7.922810367229473e-17,0.0,0.0,2.2099999999999995,0.0,False,81,passive decay
final,operator_only_filtering,True,6308,relational_twist,1.1,0.7,0.05,0.82106238781485,0.029390775480414588,0.9642039680338612,1.1,0.9607914509543657,0.12655322640512218,0.0,0.9469387755102041,0.31127107672382287,0.9759157509157508,0.0,0.9600382070535892,0.0,0.7358900290672905,0.0016302436801047776,1.2576745200831851e-17,False,3,wrong-attractor convergence
final,topology_altered,True,6308,relational_twist,1.1,0.7,0.05,0.82106238781485,0.3358992289087522,0.5908968259979561,1.1,1.0246289243341775,0.06851915969620233,0.12653061224489792,0.5306122448979592,0.21350602687930725,0.14235347985347985,0.0,0.9258697307295528,0.0,0.5783830236386991,0.16848221022165677,1.5612511283791264e-17,False,81,wrong-attractor convergence
final,trivial_attractor,True,6308,relational_twist,1.1,0.7,0.05,0.82106238781485,0.0499964500736152,0.9391076112904475,1.1,0.9999942472620957,0.09091432067082213,0.0,0.6857142857142857,7.209034595040348e-05,0.6283424908424907,0.0,0.9999942472420735,0.0,0.16634408601600034,7.313823450973947e-11,4.235164736271502e-22,False,81,wrong-attractor convergence
final,identity_scrambled,True,6308,relational_twist,1.1,0.7,0.05,0.82106238781485,0.0645178319743064,0.9214215229782816,1.1,0.9232173891233344,0.16071146443333242,0.3877551020408163,0.7020408163265306,0.4463609814520671,0.779029304029304,0.0,0.919204428461125,0.0,0.28025386779960937,0.017277229508333058,1.0408340855860843e-17,False,81,wrong-attractor convergence
final,signal_blind,True,6308,relational_twist,1.1,0.7,0.05,0.82106238781485,33.21722930346573,-39.45640111693466,1.1,32.77397970594906,-28.794527005408234,0.5020408163265306,0.5020408163265306,0.5020408163265306,-0.019826007326007325,0.0,3.798704678864699,39.45640111693465,958.890378336692,1075.9385046480563,7.771561172376096e-16,False,81,unstable correction
final,parameter_budget_matched,True,6308,relational_twist,1.1,0.7,0.05,0.82106238781485,0.029390775480414588,0.9642039680338612,1.1,0.9607914509543657,0.12655322640512218,0.0,0.9469387755102041,0.31127107672382287,0.9759157509157508,0.0,0.9600382070535892,0.0,0.7358900290672905,0.0016302436801047776,1.2576745200831851e-17,False,3,wrong-attractor convergence
final,memory_ablation,True,6308,relational_twist,1.1,0.7,0.05,0.82106238781485,0.82106238781485,0.0,1.1,1.1,0.0,0.6775510204081633,0.6857142857142857,0.677935990108353,0.6283424908424907,0.0,7.922810367229473e-17,0.0,0.0,2.2099999999999995,0.0,False,81,no recovery
final,redundancy_ablation,True,6308,relational_twist,1.1,0.7,0.05,0.82106238781485,0.33999410459847307,0.5859095366634406,1.1,0.6940729535226406,0.3690245877066904,0.6816326530612244,0.8163265306122449,0.7623477014653764,0.8672619047619047,0.0,0.2677705482678968,0.0,0.1272787307607429,1.7804842540928927,0.0,False,81,trajectory-corridor recovery
final,oracle_upper_bound_non_admissible,False,6308,relational_twist,1.1,0.7,0.05,0.82106238781485,0.0,1.0,1.1,1.1124839099174326e-10,0.9999999998988651,1.0,1.0,1.0,0.9999999999999998,0.0,1.2527063115020098e-16,0.0,0.17285714285714288,1.0,1.3877787807814457e-17,False,8,identity-preserving adaptation
