feature_id,haos_loss_score,max_abs_change,mean_abs_change,trajectory_total_variation
SSA1,1.6632865989240666,2.3970000000000002,1.2236,3.8130000000000006
HTA2,0.750731881161357,1.8279999999999998,0.6451999999999999,3.372
RPL23A,1.2849594060124416,1.947,0.9381999999999999,3.237
HSP26,4.858570581070724,6.232,3.4802,10.625
SSE2,3.5555395842381117,4.644,2.5796,7.411
APA1,0.9265013861455014,1.585,0.6082,3.4880000000000004
SPB1,1.642673643465075,2.468,1.1798,3.857
PWP2,1.1748762822838312,1.813,0.7121999999999999,3.528
YCR061W,2.0219000277537216,2.6660000000000004,1.6156,3.6710000000000003
YDL026W,1.4078299098121971,2.1470000000000002,1.0166,3.7060000000000004
YDL124W,2.598291081644948,3.44,1.9888,5.088
RPP1B,1.2918653266095117,1.8541072423398326,0.6991694505307897,3.6786669578022066
FMP45,4.603762500104562,6.319,3.3259999999999996,10.921
TPS2,3.4836972948350393,4.1080000000000005,2.3934,6.964
SUP35,1.1324410524011475,1.693,0.7190000000000001,3.1559999999999997
GGA1,1.8767313746947958,2.4450000000000003,1.2646000000000002,4.489000000000001
RPS18A,1.391762598787661,1.975,1.0482,3.0949999999999998
VAB2,1.3673189852053902,1.916,1.0062,3.026
GLC3,3.9190957350778146,5.2219999999999995,2.7589999999999995,8.875
GPA2,1.4589344841041325,1.624,1.0766000000000002,2.332
YAT2,1.0386437873016063,1.906,0.9061999999999999,2.825
RPL23B,1.1348785292986445,1.802,0.8016,3.227
AVT6,1.9008023790453696,2.71,1.5518,3.779
HSP12,5.682904587232908,7.755,4.6844,10.083
MDJ1,2.7108531202842303,3.5709999999999997,1.7933999999999997,6.326
BNA6,1.072801497862806,1.709,0.9934,1.863
MAD1,0.7660368527955811,1.175,0.5492000000000001,3.654
ATG1,1.70886385302021,2.448,1.3728,3.5659999999999994
STR3,1.3147132336527005,2.375,1.3242,2.873
TPN1,0.44349164062276974,1.382,0.5401999999999999,2.223
YGR011W,0.5750864871388437,3.3721072423398324,0.9989401103376714,3.3959659985050616
UGA1,1.7194334025692188,2.49,1.4864000000000002,2.9799999999999995
CLB6,0.8621115726344815,1.387,0.5426,3.138
YGR111W,1.1750369154073201,1.669,0.9179999999999999,2.571
YGR201C,1.2309624896808273,2.223,1.0744,3.2449999999999997
TDA10,2.1031319396999164,2.737,1.4562000000000002,4.721
ZPR1,1.8772477536606735,2.658,1.2209999999999999,6.135
RPL14B,1.2269654046429967,1.849,0.9024000000000001,2.902
PRS3,1.5586604148158827,2.602,0.9565999999999999,5.254
CIC1,2.213830354688265,3.501,1.5262,5.675
RPL42B,1.2122552810118465,1.87,0.9182,2.9130000000000003
IMP3,1.5073478322763414,2.184,0.9266,4.058
VID28,1.3501189908722908,1.823,0.998,2.87
FAF1,1.491826841827802,2.388,1.0066000000000002,4.116
AYR1,1.5283735315902391,2.202,1.2003999999999997,3.384
YPS6,2.7998472691330583,3.721,2.1732,5.617
ARG3,2.0804478619157827,2.862,1.827,3.105
RPS22A,1.573189980952407,2.409,1.2098,3.7019999999999995
PTK2,1.85900906616518,2.471,1.3488,3.925
RPA12,1.5100382000924208,2.716,0.9476000000000001,5.017
DAN1,0.9720896532157354,2.264,0.9192,4.444
MPH3,0.7254777737683977,1.187,0.6306,4.037999999999999
MDH1,1.3802759969850884,2.053,0.9846,3.5869999999999997
YKL091C,2.6065069868343196,3.575,1.8448,6.208
MBR1,1.3547210333977344,1.953,1.0138,3.045
STE3,1.387540666399521,1.8719999999999999,1.201,2.066
RPL17A,1.2902369249631442,1.9369999999999998,0.9394,3.429
PXA2,1.342606670259315,1.77,0.932,3.0020000000000002
FMP46,1.5406760244455713,2.169,1.1428,3.2960000000000003
RPS21A,1.4573338480276807,2.2039999999999997,1.0928,3.3529999999999998
TIF1,1.1228687853555488,1.8159999999999998,0.9012,2.911
UBI4,3.5535968541942324,4.752,2.6477999999999997,7.644000000000001
SDH2,1.6477554378493289,2.187,1.2605999999999997,3.341
RPL8B,1.6629456262826063,2.873,1.332,4.8149999999999995
XYL2,1.2886983549115112,1.847,0.9905999999999999,2.976
BUD20,1.3937553773992404,2.325,0.9259999999999999,4.147
SHH4,1.2691251805381172,1.647,0.9789999999999999,2.387
DCS1,1.6161129525574263,2.278,1.2164000000000001,3.6980000000000004
ATG33,1.221349332734453,1.93,1.0111999999999999,2.811
TSL1,5.487103178715104,6.489999999999999,4.0722,9.625
URA5,1.2432517311401032,1.9500000000000002,0.8398,3.612
DDR48,1.834066214529765,2.484,1.4342000000000001,3.575
YMR181C,1.323681934283247,1.911,0.9074000000000002,3.486
RTP1,1.0924493176470031,1.7240000000000002,0.6612,3.7600000000000002
TDA1,2.5328378149936075,2.909,1.7833999999999999,4.798
POR1,1.8648967504425773,2.635,1.5963999999999998,3.131
YNL057W,0.9853315773311967,1.5470000000000002,0.7282000000000002,2.625
NOP2,2.413527151096524,3.7,1.6808,6.425000000000001
RPC31,1.5448369022528476,2.342,1.0270000000000001,4.282
YNL247W,1.166710624321949,1.725,0.7736000000000001,3.434
GIS2,1.575335550433898,2.293,1.1964000000000001,3.436
ATO2,2.7186511074047512,4.103,1.8914000000000002,7.392000000000001
URK1,1.0705104389547693,1.844,0.6294000000000001,3.7190000000000003
YOL118C,1.3057402104217428,1.642,1.0303999999999998,2.262
RPL18A,1.1362091568249677,1.663,0.8311999999999999,2.861
SMF1,0.7324520173194364,1.625,0.7369999999999999,2.1149999999999998
TRM11,1.4164785381299039,2.358,0.9508000000000001,4.245
TMC1,2.6404613543038735,3.308,1.8242,5.709999999999999
VHS3,1.4141885126531708,1.931,0.9548,3.4859999999999998
NOB1,2.10551271839217,3.0220000000000002,1.473,5.147
YOR146W,2.0530826023173017,3.422,1.2786000000000002,6.203
ATG40,1.486702841528175,2.046,1.1989999999999998,2.936
TYE7,0.8890509598143665,1.856,0.6072,4.176
YPL044C,2.4413352359897,3.66,1.6582000000000001,6.141
YPL142C,1.2747562408902913,1.931,0.9852000000000001,2.9060000000000006
USV1,3.6456894040360805,4.587,2.6098,7.542
RRP9,1.7137793600958076,2.295,1.0596,4.103
RRP15,1.555629944233324,2.296,1.1072,3.5370000000000004
GIP2,3.512500701153975,4.6290000000000004,2.4158,8.19
FIT3,2.3053473331114387,3.548,1.7546,5.746
NOG1,3.4081674497335355,4.763,2.276,8.576
PAI3,2.2595082477027493,2.822,1.6835999999999998,4.422
ENA2,1.4886677340360022,1.866,1.0778,3.035
NUD1,1.654321026838975,2.159,1.357,2.7649999999999997
SNX4,0.8066637292546723,1.4460000000000002,0.5496,3.0950000000000006
MHP1,1.6913808434835322,1.943,1.2382,2.891
MTR4,1.789163537036067,3.274,1.1099999999999999,6.146999999999999
VPS8,3.043269876844538,4.509,2.1648,7.722000000000001
FLO9,1.1840018458134847,1.8940000000000001,0.734,3.477
SWM2,1.7871322534766048,2.588,1.3638,3.7270000000000003
MDM38,0.7951240512409684,1.651,0.5478,2.791
YOL118C,0.6243401565028655,1.4360000000000002,0.35280000000000006,3.193
RPL18A,0.7956652731976019,2.3021072423398325,0.8652428969359331,4.037892757660167
SMF1,0.7944039864339569,1.245,0.5082,4.562
DBP5,1.0755406634592843,2.5651072423398324,0.6378458207718208,5.625010000991077
RAT1,1.8519613230085095,2.078,1.3980000000000001,3.4370000000000003
TMC1,0.9598987126620803,1.9801072423398325,0.9074502210204223,2.740965998505062
VHS3,0.7244441900976892,1.0198927576601675,0.48664289693593304,3.1308927576601677
YOR146W,1.940570240751661,2.9139999999999997,1.2071999999999998,5.372000000000001
ATG40,1.9418829600109975,2.423,1.5124,3.503
TYE7,0.7377738011723555,1.8920000000000001,0.4863999999999999,4.145
PMA2,1.0147750364975578,1.647,0.7186,4.738
YPL044C,2.114679315218673,3.376,1.434,5.921999999999999
ODC1,1.1088213412979522,1.593,0.9074,2.114
YPL136W,1.3231683571799504,1.6840000000000002,1.03,2.4370000000000003
YPL142C,1.3008344208579112,1.724,1.0684,2.187
USV1,3.710156288603244,4.754,2.6285999999999996,7.935
YPL238C,1.3908574964711635,1.95,1.0867999999999998,2.577
TIF5,1.1758098118006721,1.922,0.693,3.735
RRP9,2.0930332057074255,2.7649999999999997,1.3559999999999999,4.9110000000000005
RRP15,1.9232407777248124,2.646,1.3439999999999999,4.394
UBC4,1.1016198236195505,1.7229999999999999,0.7747999999999999,3.03
RPL19A,1.4469048890241456,2.0469999999999997,1.0627999999999997,3.32
RPS6B,1.7492467843214181,2.6109999999999998,1.3004,4.2669999999999995
REI1,2.259752441464217,3.202,1.5577999999999999,5.474
SDH8,1.495209880109114,2.0330000000000004,1.1636000000000002,3.1050000000000004
EFM2,1.3455016491321872,1.901,0.9478,3.029
CHA1,1.1738815901067543,1.641,0.8455999999999999,4.210999999999999
RSA4,2.1027978233321747,3.1609999999999996,1.3649999999999998,5.926
PRM7,0.7391224152683247,0.9710000000000001,0.5836,2.841
SDH4,1.860603310435947,2.545,1.371,4.112
CDC1,0.4159396840605657,3.6801072423398327,0.8405401103376715,3.703965998505062
ATC1,1.4770503923687763,2.429,0.9719999999999999,4.622
YEL020C,0.9544057086945719,1.496,0.7942,2.043
ARB1,1.0933296056032897,1.6669999999999998,0.7505999999999999,2.9659999999999997
KRE29,0.9509086615113964,1.379,0.65,3.056
LCP5,1.8799321642843818,2.874,1.2692,5.074
RPS26B,1.896104566822287,2.5469999999999997,1.5162,3.5379999999999994
HXK1,4.220203716630383,5.909,2.9654,10.132
YGL102C,1.2464268458364494,1.8559999999999999,1.012,2.738
MTL1,1.5214093455287858,2.067,1.0746,3.3119999999999994
MEP1,1.2105893547341005,1.9709999999999999,0.8273999999999999,3.9459999999999997
PPT1,2.0707355917786354,3.4770000000000003,1.4568,6.0040000000000004
YGR127W,1.0081280277765594,1.386,0.654,2.91
AIM17,4.198708116857852,5.484,2.9458,9.286
RPP1,1.211781977781589,1.979,0.7540000000000001,4.1209999999999996
SSF1,2.0151972628509442,2.9939999999999998,1.4025999999999998,5.318999999999999
OM45,1.8964979670751285,2.915,1.2833999999999999,5.429
RPC17,0.7482080371795441,1.222,0.42679999999999996,3.665
SAP185,1.1189461223808204,1.449,0.75,3.1260000000000003
PRM10,1.1779854046665508,1.577,0.7829999999999999,2.91
CDC6,0.7524447206184974,1.1849999999999998,0.5569999999999998,5.015
PHO90,1.215838539288725,1.9940000000000002,0.7776000000000001,3.7940000000000005
ACO2,1.881523222707517,3.236,1.1898,6.703
YJR071W,2.135915188405766,3.357,1.4614,6.1690000000000005
OPI3,1.32402413749183,2.524,1.1982,3.5469999999999997
AUR1,1.3708050045520923,2.031,0.8714000000000002,4.081
MRT4,2.6939078065698405,3.9370000000000003,1.9124000000000003,6.522
YPF1,1.1335285056649615,1.584,0.8426,2.5700000000000003
GPT2,1.5969601454118543,2.277,1.1414000000000002,4.016
EMP46,1.25746747201006,1.653,0.883,3.072
TFS1,3.248111575091614,4.705,2.4662,7.821
SAM1,2.445150052406846,4.089,1.552,7.844
EMG1,1.923308940375162,3.1270000000000002,1.2004000000000001,5.9239999999999995
DBP9,2.491704453979195,4.067,1.7073999999999998,7.126
ELO3,1.7018117351648567,2.59,1.1019999999999999,5.0169999999999995
YMR090W,1.185892182862984,2.109,0.8452,4.211
AIP1,0.8864924950388506,1.4649999999999999,0.6845999999999999,2.418
SPG5,0.7703858819323759,0.97,0.6606,1.946
YMR196W,1.275286442153782,2.17,0.9516,5.404
AQR1,1.7726010091661224,2.491,1.0066,4.882000000000001
RPL9B,1.47543278173389,2.2119999999999997,1.0415999999999996,4.234
RPL16B,1.1754895048697565,1.717,0.8535999999999999,2.9490000000000003
IMP4,2.193129406188318,3.351,1.485,5.9479999999999995
YNR014W,3.098472910874292,3.762,1.9631999999999998,7.1930000000000005
ACC1,0.4071356714463068,1.6280000000000001,0.4484,4.146000000000001
RPP2A,0.9201852996114401,1.645,0.7154,2.948
CIR2,1.1955291394361263,2.153,0.8658000000000001,6.594
PDR12,0.8799626479926796,1.653,0.7328,5.675
PEP4,1.3055254342946117,1.944,1.0368,2.972
HSP82,2.2720662374362544,3.205,1.671,4.8740000000000006
ATG41,2.906335458924451,4.136,1.7411999999999999,7.708
NCE102,1.9148097788722331,2.742,1.4286,4.391
YFR057W,0.9250416696561208,1.394,0.5936000000000001,5.74
ENT2,1.1313462001118655,1.738,0.7975999999999999,2.9859999999999998
CDC60,1.0612560172719328,1.591,0.6994,3.193
PUS1,2.001783323590194,2.7720000000000002,1.338,4.981
FMP40,1.4828611798195206,2.21,1.262,2.7560000000000002
RPS30A,0.7508072001408281,1.189,0.6275999999999999,4.299
RPL2A,1.508455090233935,2.388,1.1361999999999999,3.7880000000000003
RPC10,1.3489989436164156,2.153,0.8901999999999999,3.932
YKL083W,1.1600325657398662,1.938,0.8863999999999999,2.955
PTK2,1.5526764714112382,2.289,1.0806,3.8970000000000002
RAD27,0.8919246983595497,1.5979999999999999,0.6049999999999999,3.298
YPL247C,1.700455575730384,2.584,1.0495999999999999,5.172
BUD14,2.8027389433152843,3.362,1.7754,6.505
SPT7,0.8141248923487061,1.583,0.542,3.1119999999999997
YNR014W,1.3429592819551148,2.074,0.9553999999999998,4.211
ACC1,0.8019903981909757,2.0898927576601674,0.686157103064067,6.183892757660168
MSE1,1.1083651370451966,1.9801072423398325,0.759442896935933,6.232107242339833
YOL035C,0.7973453684062712,1.5651072423398324,0.6918,5.352892757660168
YOL037C,1.9342355067427264,2.537,1.3921999999999999,6.366
RPP2A,1.1072699040683025,1.922,0.7836,5.936999999999999
NOP12,3.473459899531453,4.082,2.7252,6.765000000000001
NTG2,0.7303843942439903,0.97,0.6252000000000001,2.178
YGK3,0.7224958198588503,1.1181072423398324,0.5196384966873314,3.1041072423398326
GAS4,0.9250774755364164,1.3021072423398325,0.592042896935933,3.5651072423398324
YOL134C,2.305165388430322,3.4,1.8297999999999999,5.207
RTC1,0.7932663014383099,1.6048927576601675,0.697557103064067,5.248892757660167
SLD7,0.7922153391034438,1.6201072423398326,0.436085793871866,3.1731072423398325
YOR062C,0.825889953023096,1.663,0.8368898893172491,3.8951011068275094
YNG1,0.88927377035195,2.6801072423398327,1.017489889317249,7.494791650832658
TMA16,1.2377628556623108,2.0140000000000002,0.8928,3.301
PUT4,1.072973115748399,1.326,0.8078,3.5860000000000003
POC4,0.6701760200440212,1.279,0.5164,3.121
NOP53,1.3849240152325932,2.358,0.9743999999999999,3.791
PEP4,1.162644258431391,2.005,0.9936,2.929
HSP82,2.2117160677020173,3.222,1.6128,5.108
ATG41,2.3259566804576384,3.8040000000000003,1.355,7.769
YPR059C,0.7175351665115162,1.361,0.4678,3.1220000000000003
NCE102,1.769146295578276,2.436,1.324,3.9019999999999997
YAL004W,0.43509624915747613,1.783,0.4282,4.1739999999999995
PHO11,1.7858028180794245,2.867,1.303,5.159000000000001
HTB2,0.44055176842920546,1.495,0.4558000000000001,3.3520000000000003
RPL32,1.1260045441773456,1.839,0.9538,2.644
TIP1,0.44100938106799253,1.286,0.476,2.412
TAT1,1.314628626876702,1.903,0.9123999999999999,3.415
YBR266C,2.2474617993426698,3.2489999999999997,1.5183999999999997,5.79
YCL053C,1.9595966823325712,2.8360000000000003,1.3638,5.011000000000001
KRR1,1.9937162794030483,3.51,1.5546,6.202999999999999
YIH1,1.2165096812061251,2.047,0.8158,4.682
YCR061W,1.7284379259174578,2.425,1.4288,3.1979999999999995
DBP10,1.1184087253318988,2.105,0.7491999999999999,3.976
LYS21,1.5042326686404475,2.507,1.220110110682751,7.9598988931724906
HBT1,1.1180037576227633,2.526,0.9490000000000001,4.849
PPH3,1.4342165494238488,1.9569999999999999,0.9477999999999998,3.657
SED1,1.1981665280257432,2.729,1.1844000000000001,3.7819999999999996
TRM82,1.713565748224264,2.752,1.1388,5.215999999999999
HSP42,4.9559130678788454,6.188,3.2588,10.857999999999997
BCP1,2.5269212174751887,3.6390000000000002,1.8470000000000002,6.025
ESF1,1.395187287754596,2.0860000000000003,1.0876,3.3880000000000003
TSA2,1.010570563413148,2.002,0.8702,3.812
UBC8,0.4642523080304426,1.27,0.4568,3.032
GCD11,1.674245590482827,2.669,1.1608,4.737
SHO1,1.0496536394798737,1.536,0.673,3.3480000000000003
BUD27,1.6956943101108028,2.379,1.0806,4.523
MSB2,0.946448439490172,1.4460000000000002,0.6248,3.392
YGR210C,0.7055645549737214,1.237,0.5660000000000001,3.985
YHL012W,1.2718621688552814,1.9929999999999999,0.8702,3.223
SKG6,2.084737118118982,2.467,1.3178,5.011
RPL2B,1.6481928392835261,2.4370000000000003,1.2084000000000001,4.228000000000001
PRM5,0.6220887779074056,1.549,0.5156,2.951
SIM1,0.8316363764300421,1.154,0.5718,2.858
GTT1,1.0291582886583943,1.965,0.9492,3.0090000000000003
MNN11,1.0945186450387543,1.361,0.6652,2.698
RPL39,1.1626485742092347,1.6789999999999998,0.9401999999999999,2.431
RPS14B,0.9359550492155032,1.613,0.5424,3.129
PRS1,2.064105283051454,2.948,1.4746000000000001,4.861
FAT3,1.0180156707253287,1.4629999999999999,0.7352,5.568
TRM2,2.2422227855461703,3.37,1.4688,6.2379999999999995
GLG1,0.7611872095128399,1.236,0.5347999999999999,3.101
UTP30,1.8693347543945458,2.52,1.2464,4.593
YLL044W,1.7297232324032765,2.915,1.3668,4.948
RFU1,1.4499685082297487,1.8969999999999998,0.9411999999999999,3.733
RPL10,1.3994331201662202,2.221,1.155,3.354
RPS31,1.529984431386333,2.386,1.2714,3.444
YLR169W,0.9804473612521754,1.621,0.8442000000000001,2.26
CBF5,3.0930151160424435,5.315,2.0420000000000003,9.647000000000002
BOP2,0.790451926276564,1.2810000000000001,0.6050000000000001,3.4780000000000006
ADE13,1.1355090794441614,1.6099999999999999,0.7838,2.897
RPS22B,1.2948352556910192,1.7109999999999999,0.9682000000000001,2.683
PDS5,1.0461342540990186,1.459,0.7762,3.289
HAS1,2.3484642766143677,3.295,1.7542000000000002,5.553000000000001
YNL060C,1.8874640952003667,2.8049999999999997,1.414,4.7139999999999995
GCD10,1.8340332009148381,2.6470000000000002,1.258,4.8759999999999994
YGP1,2.2837338668815237,3.3449999999999998,1.8921999999999997,4.555
RPA49,2.987167106065712,4.577,2.0208,8.326
RTC4,1.2975231060974883,1.7069999999999999,0.8026,3.312
FOL1,1.6873645634847865,2.124,1.1644,3.739
RPC34,1.4345267633275955,2.426,0.9898,4.654
NRM1,1.2800529380629189,1.814,0.8806,3.631
TSR4,1.6665538873370247,2.5220000000000002,1.1566,4.616
OPI10,1.75424440649844,2.2039999999999997,1.0872,4.186999999999999
MCH4,0.8155306577242104,1.259,0.6334,4.3549999999999995
RPS19A,1.5639963682061522,2.2279999999999998,1.1692,3.6759999999999993
HRP1,1.6744267410023572,2.791,1.1078,5.105
TRM13,1.5378450517770794,2.465,0.9931999999999999,4.667
RPL25,1.5832264849792124,2.351,1.2289999999999999,3.814
RSB1,0.7972582108422986,1.487,0.6224000000000001,3.69
ETT1,1.3967841056577752,1.9129999999999998,1.1123999999999998,2.747
PNO1,2.5088210067778554,3.523,1.7088,6.224
PUS7,2.6816225400421807,3.899,1.8854,6.744
RPA190,1.4011589626746872,2.6260000000000003,1.1184,7.119000000000001
NOP4,2.8683929691213046,4.287,1.9478000000000002,7.648999999999999
RPL33A,1.5511948509016107,2.253,1.1202,3.8440000000000003
SUI3,1.7715012258154759,2.334,1.3348,3.6509999999999994
YAR1,0.5260702770741288,1.6059999999999999,0.529,4.019
YPR044C,1.1024653573632226,1.738,0.922,2.5069999999999997
TAH18,1.4069391183835918,1.973,0.8988000000000002,3.7970000000000006
YPR142C,1.8522153957391925,2.26,1.3712,3.667
NOC4,2.562854115580195,3.837,1.6698,7.32
FAS1,0.9690476203643089,1.44,0.6712,2.855
VTS1,2.193143780139467,3.075,1.45,5.502000000000001
RPL41B,0.9177517824167184,2.278,0.9488,4.094
MNN10,1.3674504597644899,1.639,0.9533999999999999,2.822
UTP20,1.8960192410692551,2.526,1.3681999999999999,4.295
NUP170,1.1058774270107796,1.334,0.7260000000000001,2.616
RIF1,1.0259341029844415,1.127,0.7202000000000001,2.596
RRP12,3.323145909817743,4.664,2.2255999999999996,8.77
TRM44,1.7406527180280338,2.148,1.2324,3.4640000000000004
YDL239W,0.9817167475243528,1.9089999999999998,0.7791999999999999,4.308
YAL004W,1.5263767957887313,2.379,1.0726,4.493
FUN12,1.4038574324097564,1.819,0.9827999999999999,3.8970000000000002
RPC34,1.7956512077378637,2.71,1.333,4.149
NRM1,1.2363235000761383,1.718,0.8373999999999999,3.184
PRP2,1.1607663993617634,1.924,0.8495999999999999,3.609
YOL024W,0.8625516190553033,2.0198927576601675,0.5778,5.3618927576601685
MIM1,0.7864395404138331,1.685,0.4299926759155106,3.326
YAP7,0.7168370793547062,3.1501072423398324,1.0403644271485564,6.359892757660167
OPI10,1.2336837194717725,1.8659999999999999,0.9431999999999998,3.804
MCH4,1.4053765821401631,2.3418927576601676,0.9947999999999999,8.663892757660168
HRP1,0.9534949644343947,1.985,0.8256,5.285
RSB1,0.7914416557586207,2.3,0.8437999999999999,2.44
ETT1,2.8473669438619824,3.466,2.2410000000000005,5.6080000000000005
PNO1,2.5252574116255033,3.592,1.7542000000000002,6.325
PUS7,2.508588896639643,3.723,1.7564,6.545
SRL1,1.078608146641487,1.363,0.7076,2.9050000000000002
TEA1,1.265729362330072,2.225,1.1722000000000001,2.285
UBC11,2.310113742387774,2.572,1.6968,3.794
RPA190,1.2453030411513324,2.126,1.002,3.284
NOP4,3.014360474483172,4.498,2.121,7.663000000000001
RPL33A,1.4642145468546477,2.0709999999999997,1.0866,3.3630000000000004
SUI3,1.7064393038844714,2.448,1.229,4.0680000000000005
YAR1,0.5924742853269206,1.618,0.5464,4.316
PUF2,1.3303967260118705,1.9529999999999998,1.1925999999999999,2.079
YPR044C,1.1861830833569749,2.054,0.9513999999999999,3.4539999999999997
TAH18,1.200779963119045,1.7309999999999999,0.7814,3.2889999999999997
YPR142C,1.729009241470549,2.51,1.3154,4.0040000000000004
NOC4,2.5055938582130843,3.694,1.7304,6.576
MAK16,3.0689265277985447,4.316,2.0782,7.607000000000001
RPG1,1.1687391154770201,1.5510000000000002,0.8550000000000001,2.6020000000000003
MIS1,1.7149981668325598,2.4379999999999997,1.241,4.430999999999999
POL30,1.5051683990566196,1.7679999999999998,0.9975999999999999,3.7939999999999996
SMY2,0.9432606599280446,1.2999999999999998,0.5757999999999999,2.855
PRM7,0.7573462994691985,1.333,0.6748000000000001,2.017
RRP8,1.4314863232985713,2.0060000000000002,1.0856000000000001,3.327
AFR1,1.0037519400362391,1.262,0.6926,5.146
RRP1,2.1028353019313415,2.875,1.5230000000000001,4.741
CSN9,1.230643913863011,2.21,0.7438,7.395999999999999
PHM6,1.9643790071765102,3.025,1.2402000000000002,6.087
RMT2,1.74577577981263,2.8609999999999998,1.3272,5.101999999999999
RPL27B,1.9728776661773813,3.011,1.3654000000000002,5.061
URA3,1.0422841327900982,1.477,0.7404000000000001,3.112
PHM8,1.188131356352033,1.738,0.8802,4.167
HVG1,0.4845205808905134,1.5330000000000001,0.44799999999999995,4.138
DSE1,0.8367515575844142,1.583,0.49959999999999993,3.6879999999999997
NSA2,2.5645509037204333,3.6900000000000004,1.8519999999999999,6.3180000000000005
LSG1,1.9137315586303814,2.8209999999999997,1.3864,4.680999999999999
YGL101W,1.4914561206230696,1.6880000000000002,1.0828000000000002,2.548
RPL28,1.5924743724158055,2.012,1.1548000000000003,3.278
RPS26A,1.3474556392628299,2.145,1.1099999999999999,3.234
RPS23A,1.5074675045412242,2.02,1.169,3.057
UTP8,2.4414193655465937,3.486,1.6398,6.256
RPS0A,1.5985186060085836,2.423,1.155,4.237
SPO11,1.0346595647472223,2.384,0.7878000000000001,5.542
RRP3,2.163025379858378,3.401,1.3798,6.209
RRP4,1.4599149514285128,2.174,0.8928,4.130000000000001
SPO16,0.9406238866539988,1.271,0.6454,2.838
YAP1801,0.9876746410341359,1.407,0.6662000000000001,2.7439999999999998
RRT14,2.205540107429878,2.854,1.4940000000000002,5.144
FKH1,1.186652297114026,1.3929999999999998,0.7856,2.8919999999999995
RPL16A,1.6231100256173754,2.404,1.1688,4.134
NOP9,1.4642767123263094,2.341,1.0004,8.114
SET4,1.0661663417776959,1.286,0.659,2.677
UTP10,2.091391464284889,3.307,1.3923999999999999,6.377000000000001
YJL195C,1.1836054110761385,1.931,0.7762,3.659
TOR1,1.5454227985109843,2.815,1.1238,4.965
LIA1,3.06923311620693,4.923,2.0212000000000003,9.29
NPA3,1.0775930947333638,1.564,0.6738000000000001,3.1630000000000003
RPL14A,1.6127240579226445,2.137,1.2262,3.338
CWP1,1.7464790680958444,3.0549999999999997,1.5501999999999998,4.137
UTP11,2.6981770895059967,3.965,1.8244,7.399
HSL1,0.7702122217368084,1.1920000000000002,0.593,3.2350000000000003
APE1,1.916200503096129,3.211,1.569,5.036
DPH2,2.051756039512267,3.109,1.339,6.010999999999999
MIA40,1.3936947112452107,1.9849999999999999,1.1248880569075252,3.609440284537626
PTK1,1.4814234910932682,1.991,1.0890000000000002,3.2830000000000004
MHT1,0.9495209703368984,1.471,0.5900000000000001,3.3049999999999997
EMP70,1.5290475571977042,2.38,0.9753999999999999,4.551
CSF1,0.625641305935876,2.604,0.8182,4.118
ALT1,0.6819637720829723,1.291,0.6434,2.8859999999999997
YLR177W,1.7241887795649107,2.3810000000000002,1.0724,4.638
VTA1,1.1337582973716462,1.64,0.713,3.191
TOS4,1.346076893955332,1.677,0.9321999999999999,3.6
RPL37A,1.4667598287848864,2.157,1.0448,3.694
GLO1,0.8979428270329315,1.387,0.6965999999999999,2.673
DAT1,1.8971335816355555,2.331,1.1394,4.6770000000000005
UTP15,2.545862881428951,3.659,1.5433999999999999,7.102
VTI1,0.6472617079326572,0.9710000000000001,0.49800000000000005,3.115
CLN1,1.0103332282584185,1.259,0.6464,2.764
PRC1,0.8732656086125854,1.558,0.8455999999999999,1.8039999999999998
ATM1,1.365379886600696,1.9449999999999998,0.8629999999999999,3.768
SCW10,2.1824001323605735,3.508,1.4214,7.274000000000001
SUN4,1.2756553113971534,1.835,0.8036000000000001,3.997
RNH201,1.1491419821736537,1.439,0.7132,2.8449999999999998
RPL42A,1.939105354852659,2.8739999999999997,1.3522,4.913
IBD2,1.5588138339429503,1.878,0.9811999999999997,3.7279999999999998
POL2,1.5660562279723838,1.677,1.1162,2.718
SMM1,1.575902879012205,2.159,1.0128,4.068
YNR025C,1.3452126759974297,1.7409999999999999,0.9301999999999999,3.1319999999999997
RPS15,1.435594853526021,2.425,1.113,4.258
CDC33,1.7545369341356636,2.473,1.3152,3.8689999999999998
RPL3,1.4877632482391165,2.216,1.1082,3.904
CYT1,0.8020851990086566,1.319,0.6881999999999999,1.803
PNS1,3.0887186641358815,3.928,2.2534,6.178
PYK2,1.6872569429984572,2.266,1.2906,3.371
GDS1,0.9634931137743046,1.617,0.5232,3.324
PXA1,1.120279092050382,1.8780000000000001,0.7368,5.220999999999999
CIN2,1.2399260347967966,1.79,0.7942,3.599
YPL245W,1.5416018750438085,2.314,0.9658000000000001,4.619
YPL247C,1.6678066824319522,2.3689999999999998,1.1028,4.409999999999999
YPL251W,1.7573834719746562,2.336,1.0686,5.036
TFB4,1.3653470088907977,1.704,0.9339999999999999,2.8869999999999996
YMC1,1.2889294022741655,1.846,0.8634000000000001,3.643
ARO7,1.3753379350608204,1.689,0.9823999999999999,2.968
PIN3,1.9026864785297892,2.621,1.1252,4.882999999999999
CUR1,1.126509243472206,1.3130000000000002,0.8008,3.5540000000000003
TEL1,1.364647605641932,1.831,1.156,2.061
EDS1,1.2365540137479725,1.6709999999999998,0.7487999999999999,3.5149999999999997
RPS11B,1.580161309466861,2.043,1.1806,3.2750000000000004
DEG1,1.8093152413047402,2.27,1.2432,3.752
PHO4,1.0984870564024902,1.353,0.707,3.204
YLR031W,1.1397300614478099,1.416,0.7032,2.748
YLR177W,1.0658135758728855,1.695,0.6332000000000001,3.587
NEW1,2.2777360591295377,3.482,1.53,6.416
SPC24,0.6941445776920483,1.6629999999999998,0.434,4.154999999999999
YER066C-A,0.5743555367821498,0.9801072423398326,0.5088,3.0981072423398324
YAL058C-A,0.8384008522576564,1.2021072423398325,0.5107309538434583,3.888452473122541
YEL076W-C,1.382859376467825,2.144,1.016511943092475,3.8594402845376266
QCR10,0.433498893138649,1.9801072423398325,0.6186,4.166107242339832
MEI4,1.1952818281418673,1.51,0.795,3.395
QCR10,0.8847862835232314,1.338,0.6422,3.069
VRP1,0.9913275269932647,1.81,0.8798,2.5520000000000005
HXT6,3.3694007548842784,4.769,2.2787999999999995,8.892999999999999
MDN1,2.0575302521690135,2.765,1.5506000000000002,4.439
MCD4,1.049856987048923,1.238,0.7174,2.9459999999999997
YPL102C,1.3620098651622072,1.635,0.9384,2.689
POC4,1.453078283425329,1.879,0.9556000000000001,3.467
ENA1,1.2959209489619836,1.613,0.9254,2.681
ADE1,1.2238314312077292,1.681,0.7712000000000001,3.4690000000000003
IST2,1.611488863619801,1.915,1.2132,2.7359999999999998
SMM1,0.5489567497141044,2.3021072423398325,0.5798073240844894,4.869965998505062
SMC5,1.120924566765699,2.0198927576601675,0.6232836566589237,4.104408470636525
PRE6,0.9669716795094858,1.467,0.6789101106827509,3.860898893172491
RPS15,0.6727271911434589,2.7671072423398324,0.9911571030640669,7.064892757660167
VPS68,0.7976950838529272,1.441,0.6466000000000001,4.805
MED7,2.463664275545109,4.0920000000000005,1.6618000000000002,6.829000000000001
BSC6,1.264479826849652,1.708,0.9582,4.03
CKA2,0.6088965409057736,1.3591072423398325,0.6311571030640669,4.872892757660168
CYT1,0.6942844095290537,1.1589999999999998,0.517,4.181
ALG8,1.4002729457447742,2.378,0.9186,4.478
VPS5,0.9193028197951139,1.0198927576601675,0.6098880569075253,6.069333042197794
SME1,1.459589615271599,1.86,1.149,2.939
PNS1,1.9421524641677193,2.662,1.3264,4.837
OSW1,1.5277296367631021,1.851,1.093,3.343
PYK2,1.3329798651633646,2.279,0.9349999999999999,3.8179999999999996
GDS1,1.2924788816276624,1.7229999999999999,0.8198000000000001,3.097
PXA1,0.6339587801136986,1.483,0.6146,3.8890000000000002
ATG5,0.6807137738815455,1.392,0.5258,2.796
CIN2,1.2797724025468789,1.795,0.9046000000000001,3.1689999999999996
YPL245W,1.6563279333252012,2.488,1.1138000000000001,4.435
YPL247C,0.6812594821145392,1.231,0.5742,3.556
GYP5,2.0168508606624065,2.324,1.5592000000000001,3.458
YPL251W,2.074919624433777,2.6310000000000002,1.33,4.706
PIN3,1.9517860669112888,2.636,1.2094,4.856999999999999
CUR1,1.125660571609919,1.5310000000000001,0.7308000000000001,3.6940000000000004
DRS2,1.7933036061092253,3.0170000000000003,1.4346,4.766
YAL028AW,1.2320294903937445,2.1029999999999998,0.8888,4.228000000000001
POP5,0.5528975491397973,1.369,0.5432,3.9709999999999996
FUN19,1.132441894200153,1.745,0.8282,2.895
ACH1,1.6003416258913363,2.387,1.1583999999999999,3.956
UGA2,2.1827346696460435,2.918,1.6876000000000002,4.183
YBR089W,1.2891020565412727,1.643,0.8360000000000001,3.646
YBR096W,0.9232078542104782,1.698,0.7892,2.622
YPC1,1.7558608591380773,2.326,1.2686000000000002,3.962
GDT1,0.6454033175922654,1.6048927576601675,0.41784515997159233,4.069333042197794
RPS9B,1.741399837610766,2.613,1.2588000000000001,4.159
RPL21A,1.2515972600274994,1.85,0.9551999999999999,2.9040000000000004
YBR285W,3.163051222453009,4.252,2.2018,7.565
YBR287W,1.4607575851647199,1.751,1.0159999999999998,3.029
YCLX03C,1.1947774314118216,1.485,0.8474,2.6800000000000006
YCR087W,1.6371953747419261,2.528,1.301,3.992
KIN82,1.9551292987112299,2.77,1.3344,4.837
YDL050C,1.0670445583462005,1.899,0.7096,3.533
MCH1,1.2633705665620503,1.678,1.0226,2.263
USO1,0.6191353179348132,1.6048927576601675,0.4130854890686475,3.6718487551741514
TSR1,0.9214775946176179,1.8980000000000001,0.5386,4.213
LDB17,1.425860362589831,1.832,0.9907999999999999,3.255
NOP14,1.5615187382009956,2.508,1.0782,4.07
RPC53,1.0870898454516642,2.04,0.593,4.178
GIS1,1.8120888027398765,2.34,1.1686,4.433
MRX10,0.9991600481175225,1.5430000000000001,0.7594000000000001,2.495
YDR290W,1.2956860639371066,1.4889999999999999,0.9282,2.517
ARO10,3.9165365572361184,5.715999999999999,2.8648,9.469999999999999
RPP2B,0.9834260528919574,1.869,0.8018000000000001,3.224
RIP1,1.606462246665199,2.116,1.2224,3.2619999999999996
SNU13,1.4354317149175473,2.281,0.9962,4.191
YER0441C,1.4303600961648768,2.588,0.9902,4.259
TPA1,1.5228911098130875,2.466,0.9356,4.901
LAM5,1.3226691088749587,1.92,0.975,3.097
MPO1,1.225867668808059,1.6320000000000001,0.9969999999999999,2.1390000000000002
VPS73,1.6604651828679111,2.29,1.2403999999999997,3.77
SIP2,1.8001755831217867,2.144,1.3458,3.1660000000000004
YGR035C,1.0221783623690097,1.33,0.8538,3.484
NQM1,3.0348898381290104,4.286,2.3684,6.627
FHN1,1.6563728079653295,2.013,1.286,2.859
YGR137W,1.7022905048736643,2.312,1.2314,3.8489999999999998
YGR139W,1.2534440013445398,1.6099999999999999,0.9456000000000001,3.1629999999999994
AMA1,1.527489765337253,1.751,1.1218,2.6990000000000003
RPL8A,1.4268873208973452,2.66,1.1518000000000002,4.612
VMR1,1.1349043270709465,2.019,0.775,3.6460000000000004
TRM5,1.3159153323500032,2.075,0.8662000000000001,3.6970000000000005
ERG7,1.0839527433260039,1.6400000000000001,0.6708000000000001,3.1180000000000003
NMD3,2.3816181963477323,4.149,1.5764,7.882999999999999
PIG2,1.5438733805379639,1.657,1.0758,2.841
YJL015C,1.0476183228009919,1.758,0.851,2.8520000000000003
BBC1,1.3353739291846796,1.9060000000000001,1.0333999999999999,2.9400000000000004
NCA3,1.334687857235429,2.3449999999999998,1.2642,2.771
YJL118W,1.4555233447855151,1.792,1.136,2.515
NUC1,1.3142307961064232,2.159,0.7933999999999999,4.169
MAK11,1.768199192935552,2.434,1.2886000000000002,3.8280000000000003
YKL202W,1.6940848493072425,2.189,1.2708,3.165
YKR075C,0.7120068424497767,1.263,0.51,4.752999999999999
TRZ1,1.433026187750238,2.5060000000000002,0.7964,4.904000000000001
RPF2,2.094428041833843,3.222,1.4356000000000002,5.467
NOC3,2.27690366801675,3.875,1.5317999999999998,6.8020000000000005
PWP1,2.9275131167015447,5.005,1.9495999999999998,8.929
YLR198C,2.0422616062583185,3.408,1.447,5.986
RPS29A,1.2862900651303906,1.899,1.0050000000000001,2.911
NDI1,1.7789143750399727,2.3129999999999997,1.2708,3.8599999999999994
PGA3,0.7785526355930481,1.532,0.4438,3.17
YML131W,1.3563245134903223,1.986,0.9094,4.837
YPK2,2.1003343340473357,2.582,1.4344,4.717
YMR310C,1.850416444982503,3.0669999999999997,1.145,5.679
DIA1,1.5160420375866945,2.603,1.0412000000000001,5.929
APJ1,1.444853594166485,1.9100000000000001,1.0568000000000002,4.291
MDG1,1.7399235659688805,2.3819999999999997,1.2925999999999997,3.9479999999999995
NOP13,2.138471133364055,3.669,1.5231999999999999,6.286
SOL1,1.6436959192720546,2.031,1.1222,3.745
MRPS12,1.57168980363129,1.8379999999999999,1.1938,3.604
LDS2,2.602474563444719,2.966,1.8680000000000003,4.718
YOL053C,4.661989576073963,6.045999999999999,3.3598,10.011999999999999
YOL150C,1.9127240764787383,2.5549999999999997,1.2391999999999999,4.746
BUD21,1.2629495091020408,1.659,0.9129999999999999,2.697
YOR268C,1.3941336152143213,1.591,0.9202,3.1820000000000004
YTM1,1.8046826405442555,2.911,1.3156,4.846
YPL062W,0.9865466022592537,1.48,0.6968,3.921
YPL068C,0.7365326824571534,1.399,0.47519999999999996,2.9960000000000004
ATG29,2.2443436208825025,2.932,1.5543999999999998,5.196
YAH1,1.1315182598047737,2.098,0.6304000000000001,4.21
CLN2,1.327446207682649,2.144,0.8535999999999999,4.772
TIF3,1.9346184669522333,2.941,1.4242000000000001,4.895
YLR280C,1.0145355330678711,1.471,0.6894,3.267
FAS2,0.6919165950621275,1.62,0.3748000000000001,3.365
GYP5,1.1584874093629094,1.738,0.8550000000000001,2.78
TIF6,1.4818760143780851,2.077,1.0517999999999998,3.226
RPL6A,1.5948354879434505,2.333,1.2288000000000001,3.4390000000000005
PMC1,1.3137522239454968,1.452,0.8915999999999998,2.5909999999999997
IMD4,2.0263823199547923,3.197,1.4102000000000001,5.568
RPA135,1.4209167996027667,2.527,0.9414,4.759
MCX1,1.6496791734771699,2.1399999999999997,1.0976000000000001,4.0
PPG1,3.1817757717037067,4.163,2.2058,7.147
MRPS12,1.4666890247191986,1.722,1.0466,2.9309999999999996
PSK2,1.9510221035293087,2.613,1.4484,4.022
LDS2,0.9889330252125161,1.897,0.6476,3.901
GSH2,1.791343971481687,2.844,1.466,3.665
GAL11,0.7277301270402122,1.2418927576601675,0.48924289693593304,3.2038927576601677
YOL053C,0.8394129845766872,1.729,0.6804,5.072
ARG8,1.1728606062014968,2.7871072423398324,1.2066428969359329,4.996892757660167
RRP40,0.7072741354855168,1.457,0.5203955997513985,3.8360000000000003
SPT20,0.716541350952951,1.7858927576601675,0.793889889317249,6.061892757660168
YOL150C,1.112615778214996,1.6801072423398327,0.6756,5.682892757660167
GYP1,0.8009603437005547,1.9801072423398325,0.41532655359485676,3.9704524731225415
YOR072W,0.5572343281399342,1.5651072423398324,0.4663309538434583,3.140452473122541
CDC21,0.39145523183408715,2.3021072423398325,0.6758972134017386,4.456864891677553
SKI7,1.6476337342090575,3.2418927576601675,1.433757103064067,9.885892757660168
DIA2,0.669047235544289,1.5651072423398324,0.4126458207718208,3.499010000991077
YOR268C,1.1636524964045742,1.5010000000000001,0.7868000000000002,3.253
YTM1,1.623491859565764,2.697,1.2033999999999998,4.3709999999999996
YPL062W,0.864565670100629,1.2570000000000001,0.6849999999999999,3.7620000000000005
MLH3,1.3665489205580923,1.6920000000000002,0.9486000000000001,2.727
ATG29,2.11598620814822,2.722,1.4146,5.006
CLN2,1.536971167686969,2.382,0.9468000000000002,5.038
TIF3,1.9447321260898076,3.02,1.4598,4.822
RBG1,1.191204949137675,2.036,0.7569999999999999,4.071
GCV3,0.7530413553264348,1.381,0.7616,2.2159999999999997
RPL19B,2.026406507297503,2.841,1.541,4.335000000000001
POL12,0.9903770460025128,1.533,0.6666000000000001,3.225
HHT1,0.9102713259884405,2.111,0.7932,4.486000000000001
YMC2,1.2355051119992222,1.75,0.938,2.823
PHO88,1.277747484058405,1.763,0.8771999999999999,3.0489999999999995
COS111,1.4633925599850592,2.008,0.9042,3.8920000000000003
MAL33,1.290150634999668,2.214,0.8385999999999999,4.874
CIT2,0.9481874583335012,1.294,0.6894,3.091
YCR102C,0.38946411597343267,1.324,0.5212,1.598
YDL062W,1.7099280626491495,2.617,1.1663999999999999,4.9079999999999995
YET3,0.8964535862797562,1.515,0.7076,2.529
RPL4B,1.181144121364596,1.703,0.9128000000000001,2.688
COQ4,1.3946822184046113,1.96,1.059,3.0970000000000004
PRO1,1.6209155854251833,2.845,1.1186,5.0360000000000005
UTP5,2.5743900159349034,4.231,1.6987999999999999,7.816
IZH1,2.161937310939945,3.2350000000000003,1.5144,5.658000000000001
PUF6,2.852416484955442,4.315,2.0156,7.245000000000001
GDA1,1.2861009323644876,1.54,0.883,3.265
PIC2,1.6350305421787685,2.057,1.1178,3.747
FCY2,2.2470677866766335,3.654,1.4082,6.854000000000001
FCY21,0.9098860652369624,1.608,0.5671999999999999,3.422
GPP2,2.111825006224305,2.694,1.6341999999999999,3.669
ZNF1,0.7399941405714663,1.2730000000000001,0.6060000000000001,3.053
YFL054C,1.899063903564306,2.6559999999999997,1.2591999999999999,4.933
SCW11,0.944409298175139,1.559,0.5342,3.073
RPL30,1.3959838607432964,2.008,1.1274,2.891
PRP43,1.8474676587256091,2.842,1.3576000000000001,4.802
SCM4,0.597174335009023,2.3021072423398325,0.6682458207718208,4.192010000991077
YGR051C,1.4213351950253006,2.3,1.1245926759155105,3.900926759155106
VPS62,1.7500672241612256,2.245,1.1631999999999998,3.726
ENP2,2.172094381434545,3.761,1.469,6.839999999999999
YGR149W,1.2223633008264536,1.8900000000000001,0.9532,3.148
YGR237C,1.1854466509831627,1.807,0.7687999999999999,3.314
MPC3,3.298080090372329,4.163,2.0463999999999998,8.487
SDA1,2.184569949758565,3.268,1.6164,5.593
YHL037C,1.1556440674214077,1.502,0.6794,2.8320000000000003
EFM1,1.2124682740168131,2.017,0.8517999999999999,3.6399999999999997
LRP1,1.1248069612163576,1.626,0.9561999999999999,1.935
RTC3,4.0983371258289525,5.452999999999999,2.7051999999999996,10.161999999999999
GAR1,2.7643720098835165,4.229,2.0056000000000003,6.799
RRN7,0.772689457406831,1.109,0.523,3.0840000000000005
HCA4,0.9951611947934724,2.215,0.8785999999999999,3.655
ALB1,2.453721171405513,3.2279999999999998,1.6402,5.963
URA2,0.7992510324097725,1.231,0.607,4.723000000000001
YJL132W,1.9763927569794004,2.2359999999999998,1.5084,3.0559999999999996
MPP10,1.8671856957110395,2.9979999999999998,1.3459999999999999,4.975
YJR096W,1.5221492340223042,2.1,1.1542,3.3550000000000004
MAE1,1.5576244088956888,2.821,1.1507999999999998,7.116999999999999
URA1,2.2051462331636893,3.573,1.5968,6.802999999999999
MRPL20,0.6528872838244199,1.404,0.4282,3.1799999999999997
SRL3,1.737461290769907,2.6100000000000003,1.3696,4.148
MLP1,0.7309879213433588,1.415,0.531,4.385
EXG1,1.1096418652864217,1.381,0.7316,3.169
ACO1,1.0351332167469691,2.749,0.9532,5.074
YLR400W,1.517682123246018,2.832,1.1066,7.164
PLB1,1.606348717633661,2.0,1.2904,2.565
HFD1,1.1895770659634675,1.8090000000000002,0.8512000000000002,3.431
GUA1,2.176258619901347,3.875,1.7096,6.851999999999999
YPT53,0.743782751042848,0.8,0.5718000000000001,2.357
YNL195C,2.2232315927663935,2.974,1.4507999999999999,6.317
DBP6,1.2808262152333372,2.276,0.8131999999999999,4.187
TRM112,1.1096547577121862,1.8479999999999999,0.7325999999999999,3.42
FRE7,0.8599575857534822,1.155,0.7506,4.473000000000001
ENB1,0.6720208612924521,0.74,0.5202,2.295
YOL160W,0.7121472028827233,1.493,0.39991194309247474,3.9004402845376265
GAC1,2.2670318373670604,3.1369999999999996,1.408,5.998
RPS30B,1.117108825549404,1.704,0.8315999999999999,2.826
CAF20,1.0714758613630102,1.613,0.8774000000000001,2.284
ALD4,4.410301584036738,5.997,3.1923999999999997,9.789
YOR376W,1.0004071558116743,1.505,0.751,4.092
YPL080C,1.2348925470838505,2.321,0.8112,5.302
MOT1,1.1993463483209261,2.2079999999999997,0.8949999999999999,5.757000000000001
DIM1,2.2845958452624107,3.7030000000000003,1.5506,6.544
ECM16,1.3724586328930761,2.1510000000000002,0.9314,4.23
GPH1,4.40125163255966,6.253,3.0995999999999997,11.114
ADE17,1.2218109350904296,2.464,1.2664,2.6679999999999993
ESP1,0.9393934939328121,1.9819999999999998,0.6996,6.757999999999999
VMR1,2.7750022976433213,3.3609999999999998,2.0637999999999996,4.805
MIP6,0.9615758701170074,1.419,0.5578,5.3950000000000005
YMR031W-A,1.0480867919273238,1.6549999999999998,0.6918,3.8969999999999994
RPL13B,1.637911379752744,2.455,1.346,3.536
GID7,1.4841895861062482,2.027,0.9480000000000001,3.843
DBP6,2.238583628577939,2.443,1.6463999999999999,3.516
YNR042W,1.4206312991213879,1.7029999999999998,0.8774000000000001,3.2809999999999997
ARG1,0.8592750647650191,1.4751072423398326,0.7656,6.1808927576601675
MET22,0.9510732439218639,1.4000000000000001,0.5267999999999999,2.7220000000000004
RIB2,2.177892728264579,2.6,1.5444,3.863
HXT11,0.6877648851030124,2.8541072423398326,0.8142384966873315,5.099936760146184
ENB1,1.6264843007960061,1.904,1.2270880569075253,3.8084402845376264
YOL160W,0.9179533506586167,1.9801072423398325,0.6884384966873315,5.300936760146183
YOR082C,1.0205980720763634,2.507,1.0281145109313525,2.6409559975139842
TCB1,1.154211439081628,2.207,0.6795882756669089,4.284
PTC5,2.007516937537506,2.507,1.5456073240844899,6.105073240844895
GAC1,2.0505171769312627,2.984,1.2446000000000002,5.6819999999999995
YOR186W,0.8682302584261519,1.578,0.6052,4.2090000000000005
CAF20,1.1096410493008848,1.5910000000000002,0.9298,2.056
YOR282W,0.7124689548032422,1.145,0.4574,3.274
ALD4,4.347314964603358,5.806,3.1424,9.458
YOR376W,1.0542243448707218,1.918,0.7102,3.354
YPL080C,1.1007894648209273,1.768,0.6352,5.3260000000000005
MOT1,1.1450822279919513,2.2070000000000003,0.9768000000000001,8.631
YPL264C,1.7454322750140958,1.9449999999999998,1.2753999999999999,2.854
DIM1,2.170831533221767,3.63,1.5333999999999999,6.258000000000001
DPM1,0.48060888786785705,2.207,0.5721999999999999,4.353999999999999
FUN12,1.0956499610197001,1.5730000000000002,0.8304,2.534
POP8,1.2353094130601767,1.924,0.9068000000000002,3.5500000000000003
NCL1,2.1320937029886755,3.0140000000000002,1.4732,6.8469999999999995
NTH2,1.1519549594361804,1.792,0.8770000000000001,2.805
COQ1,0.5966802168612592,1.174,0.5362,3.314
PHO5,1.676068935487417,2.433,1.1805999999999999,4.584999999999999
SAF1,1.3946094125070072,2.0460000000000003,0.9178000000000001,4.127000000000001
YCLX02C,1.3575529229876766,2.13,1.0759999999999998,4.409
LHP1,1.5908552937747724,2.351,1.174,3.9979999999999998
PSA1,1.0395556101749017,1.718,0.6494000000000001,3.633
RPS29B,1.2223010455265748,1.9809999999999999,0.9882,3.1029999999999998
SAS10,2.4159226263595537,3.659,1.8056,6.093999999999999
AAD4,1.3484630962300155,1.8359999999999999,1.1443999999999999,2.274
NTH1,1.98001495944035,2.815,1.4582,4.737
RLI1,2.223288089653943,3.599,1.4769999999999999,6.444
MSH6,1.2553647737276687,2.253,0.9170000000000001,4.598
ARX1,3.1293104662347413,4.154,2.1816,7.071
EFT2,1.3570214562231113,1.8689999999999998,1.0033999999999998,3.1899999999999995
SAH1,1.1781990109429423,1.5590000000000002,0.8616000000000001,2.681
SEC53,1.426627204455563,1.92,1.0053999999999998,3.5829999999999997
YGL015C,0.9103695111632387,1.81,0.6434,3.09
NSA1,2.105138850894394,3.123,1.4696000000000002,5.461
RPL26B,2.0325267916110206,2.9290000000000003,1.466,4.844
YGR130C,1.4961749208702857,2.273,1.0211999999999999,3.967
CBF2,1.013342108323261,1.842,1.0164000000000002,3.4
BNS1,0.461000218743433,2.355,0.6279999999999999,3.4650000000000003
YHB1,1.8674507640894458,4.074999999999999,1.8653999999999997,5.336999999999999
DBP8,2.224511282906686,3.367,1.5172,6.0089999999999995
MET30,0.6490188050576049,1.0830000000000002,0.548,2.443
RPL34B,1.7822071876145025,2.517,1.4482,3.5259999999999994
BBC1,0.8369424317796152,1.342,0.49400000000000005,3.981
CCT7,1.3097311231987094,1.6139999999999999,0.8803999999999998,3.554
YJL113W,0.6487619290869286,1.7320000000000002,0.6552000000000001,2.8000000000000003
RPE1,1.0690315983261345,1.445,0.7678,2.5980000000000003
LAA1,1.224078640499663,1.72,0.9652,2.2760000000000002
REE1,0.9696682045386296,1.92,0.8462,3.592
URB1,1.3561522610518206,1.8940000000000001,1.0038,3.2590000000000003
HAP4,1.3653827719999074,1.815,0.8532,3.7
RAD27,1.0771635606009813,1.763,0.8373999999999999,3.024
MTD1,0.735394267668269,1.056,0.5558,2.882
CMS1,2.4919497939200506,3.464,1.7880000000000003,5.753
NSE1,1.3953292590824133,1.6680000000000001,0.9274000000000001,2.894
CDC45,0.9777612727428286,1.474,0.6422,2.972
UPS1,0.38965407727029056,1.6179999999999999,0.4946,2.546
NOP56,3.027739364808375,4.69,2.1630000000000003,7.929000000000001
YLR287C,1.3389677406601879,2.24,0.9405999999999999,3.7680000000000002
CTF3,1.2281340288581561,1.839,1.1126,2.3099999999999996
SWC7,1.176670397096509,1.8519999999999999,0.8677999999999999,3.4530000000000003
YML018C,1.9390813584081257,2.524,1.2314,4.471000000000001
APT1,1.7110314858470501,2.322,1.2470000000000003,3.795
PHO84,2.9407090443128903,3.6420000000000003,1.8432000000000002,6.761000000000001
MSC1,2.253144057389761,3.596,1.5424,7.119999999999999
ERO1,1.2270810864293005,1.98,0.7159999999999999,3.7399999999999998
PGM2,4.067422092386105,5.557,2.8582,10.05
YMR206W,0.6895302284902299,1.915,0.7582,4.039
GAS1,1.0235807905507623,1.657,0.6466000000000001,3.447
NIP1,2.1643342014834355,3.024,1.455,5.194
YMR315W,1.30778082202633,2.2169999999999996,1.0664,3.5089999999999995
TOP2,0.6109743605425981,1.977,0.6317999999999999,4.7620000000000005
YNL174W,2.4461963678522336,3.7960000000000003,1.8400000000000003,6.548
RPS3,1.9305044311780528,3.2489999999999997,1.6309999999999998,4.844
IPI3,2.5908783962744875,3.6879999999999997,1.8012000000000001,6.55
GOR1,1.2936933149108567,2.3040000000000003,0.8808,5.135
YOL050C,0.6060297680937294,1.579,0.6538,3.1470000000000002
AIM39,0.7247806980752309,1.457,0.48319999999999996,3.317
PPM2,1.824724632026276,2.7489999999999997,1.2806,4.931
GRE2,1.773849179295789,2.622,1.0828000000000002,5.209
YOR169C,1.0966763970480051,1.7429999999999999,0.78,2.999
DCS2,2.2934776476146626,2.922,1.5208000000000002,4.784
HRK1,1.332522366702551,1.7069999999999999,1.0474,3.461
FSF1,1.3533918317861309,1.9809999999999999,0.9319999999999998,3.335
TPO4,2.875812657514926,3.429,1.8099999999999998,6.397
PRT1,1.6239550813191563,2.085,1.2917999999999998,2.896
YOR365C,1.2988283736134192,1.7149999999999999,0.9901101106827509,3.2448988931724907
RPS12,1.3449377027707892,2.169,1.081,3.4599999999999995
ALD6,0.9986119761023295,1.734,0.7018000000000001,4.029
SVS1,1.3239861055604905,2.352,0.8271999999999998,4.72
SET6,1.672818084278155,2.612,1.0436,5.273000000000001
YPL257W,0.6598049663554258,2.864,0.8086,4.834
KEL3,1.1859180917838785,1.94,0.9075999999999999,3.465
HOS1,2.188523298015962,2.7600000000000002,1.8304000000000002,3.338
MED1,0.8368164630609163,1.1740000000000002,0.737,4.927
TIF5,1.463561358991481,1.983,0.9550000000000001,3.595
YAR075W,1.3713645692460932,2.075,1.1122,3.0889999999999995
RPL41B,0.8671107565684129,1.879,0.9527999999999999,1.879
FMN1,0.633604975303561,2.5,0.7449999999999999,3.966
GIM5,1.1630976004648212,1.77,0.8824,2.728
PYC1,1.5643061304099946,2.451,1.402,2.89
RPS17A,1.4463384764840437,1.975,1.1314,2.9290000000000003
RPS18B,1.6690240898393913,2.109,1.3379999999999999,2.759
PTR2,0.6989079164467649,1.42,0.6901999999999999,3.6980000000000004
UBI4,2.6683134065846157,3.96,1.918,7.007
SAM4,1.4978247863670822,1.9100000000000001,1.1804000000000001,2.688
CSR2,0.7746174483267148,1.287,0.542,4.039
YPR136C,2.161569484100809,2.834,1.4758,6.236
SNF5,0.8551800193540608,1.494,0.6018,3.056
YOL050C,2.2169840117428734,3.5071072423398326,1.7116813936232642,10.291151244825848
SPE2,0.9622546296191259,1.9801072423398325,0.6082953809920146,6.053406283042688
THI20,0.8033890531824581,2.0198927576601675,0.5414898893172491,5.055791650832658
PPM2,1.3135979824730195,3.3,1.2491926759155105,6.218
CTR9,0.8880333655673684,2.1069999999999998,1.011489889317249,3.507
YOR169C,1.1483883990523918,1.811,0.7794000000000001,3.2089999999999996
DCS2,0.6885515944290042,1.0330000000000001,0.5454,5.03
HRK1,1.7125890527466465,2.778,1.4248,5.298
FSF1,0.9263079609388574,1.653,0.5913999999999999,3.338
TPO4,3.015465232997763,3.717,1.8852,7.0360000000000005
PRT1,1.1597804813147357,1.789,0.8353999999999999,2.9899999999999998
RPS12,1.1461916983457725,2.286,1.0748000000000002,3.177
ALD6,1.1590849664509555,1.823,0.8380000000000001,4.447
SVS1,1.6144652122729914,2.9450000000000003,1.0328,5.726000000000001
SET6,0.7912737960339495,1.19,0.5428,2.958
YPL257W,0.4843880319123018,3.4659999999999997,0.8228,4.02
KEL3,0.9587901920909682,1.571,0.7278,2.821
HOS1,1.8159456921605015,2.677,1.5170000000000001,5.063000000000001
MED1,1.5824137171392745,3.052,1.1460000000000001,6.495000000000001
YBL028C,2.6351310200177234,3.76,1.9462,6.234
HHF1,0.9191984717756331,2.394,0.8348000000000001,4.538
FES1,1.560223079876387,1.847,1.0752000000000002,4.705
LDH1,0.5696476301167737,1.4169999999999998,0.542,3.1149999999999998
PHO89,1.0553305662668906,1.745,0.8747999999999999,2.616
SYO1,2.291075748451574,3.063,1.7142000000000004,5.053000000000001
NRP1,1.9847865473046236,2.859,1.2506,5.478
TMS1,0.45761470414110855,1.7570000000000001,0.625,4.159
SUR2,0.8777406217321355,1.47,0.5912,2.915
YDR391C,1.1619851727719823,1.854,0.7934,3.5549999999999997
SXM1,1.1234413668000964,1.627,0.7212000000000001,3.3009999999999997
HPT1,2.365014863639805,3.612,1.5834,6.576
CYC7,1.4274522402684608,2.357,0.9103999999999999,4.74
YER0561C,1.5718953394115665,2.0199999999999996,1.2309999999999999,2.8779999999999992
SPI1,3.1541621095784174,4.2780000000000005,1.9512,8.253
YER156C,1.6689441621182106,2.2329999999999997,1.295,5.954999999999999
CGR1,2.654788921767251,3.78,1.8998000000000002,6.2330000000000005
RPL24A,1.618934438845138,2.6929999999999996,1.3295999999999997,4.210999999999999
GPG1,0.5992022467180538,1.189,0.6132,4.603
RPS2,1.824795701941112,2.552,1.4028,3.894
MET13,0.984646599090643,1.5659999999999998,0.6634,2.9859999999999998
FMP48,1.1024037046480375,2.059,0.9692000000000001,5.742
BTN2,3.1691600678111285,4.28,1.7744,8.63
RPL24B,1.6302227189125231,2.2800000000000002,1.286,3.422
CCM1,1.4197368145627536,2.2110000000000003,1.0608,3.523
RSR1,1.38864206009259,1.513,1.0148,2.308
LSC2,1.1673432411219826,2.06,1.0992000000000002,2.386
SOL4,2.693762374881161,3.753,1.8948,6.782
STE12,1.1447245182533776,1.625,0.6749999999999999,3.0060000000000002
RPF1,2.0690234317366034,3.24,1.4528000000000003,5.993
HXT4,0.4541924448991607,1.5220000000000002,0.5516,2.498
VHR1,1.0415099020090262,1.771,0.6305999999999999,3.331
EFM4,1.6340011868660407,2.577,1.0954,4.945
KAR2,1.6516041599597926,2.4530000000000003,1.1732,3.833
GCD14,1.6538604138299497,1.822,1.1606,3.098
MRX12,1.3239420314686587,1.911,0.8837999999999999,3.4690000000000003
JJJ3,1.3830328703006027,2.042,0.9128000000000001,4.188
URA6,1.0449735053141755,1.684,0.7935999999999999,3.0069999999999997
YKL030W,1.2728903688912052,2.0820000000000003,0.9392000000000001,5.525
RRN3,1.3086403490591092,1.442,0.9141999999999999,2.519
JEN1,0.716998142302558,1.5210000000000001,0.43579999999999997,3.1470000000000002
SRP40,1.8510749670135604,2.839,1.1896,5.574
RPL40B,1.507253825916565,2.158,1.1368000000000003,3.4320000000000004
RLP24,2.848253803290676,4.413,1.818,8.412
MEU1,1.1099015961724263,1.812,0.6956,3.783
MET17,0.6453007979924315,1.753,0.6654,3.3989999999999996
AFG2,1.278046314554684,1.859,0.7609999999999999,3.6799999999999997
DUS3,1.946365079395991,3.143,1.2512,6.042999999999999
YOX1,1.275484796047794,2.073,0.8092,4.502
HXT2,1.4556795552610273,1.856,0.889,4.2989999999999995
FET4,1.2207201672388217,2.029,1.0972000000000002,2.533
YMR321C,1.4886035771857415,1.952,1.1545999999999998,2.859
RLP7,3.175894749037658,4.772,2.2458,8.120000000000001
YNL092W,0.6892831083924331,1.277,0.5119999999999999,3.2089999999999996
RPS7B,1.6408420296596038,2.44,1.224,3.7690000000000006
UBP10,1.7308205847918106,2.326,1.1069999999999998,4.2909999999999995
YNL194C,2.8662890112236776,3.899,1.7915999999999996,8.306000000000001
PUS4,1.3800387832154688,1.9929999999999999,0.8924,3.663
YOL153C,0.7137559601154478,1.4549999999999998,0.5032,3.4469999999999996
HPF1,1.121912927739111,1.7610000000000001,0.9385999999999999,2.457
TMA46,1.792003255278462,2.821,1.1388000000000003,5.431
GSP2,1.5954462399661147,2.517,1.3048,3.7570000000000006
YOR277C,1.1378089419291724,1.663,0.9152000000000001,2.467
RDL1,0.835133497509611,1.631,0.7098000000000001,3.0949999999999998
NUD1,1.2969830421059365,2.567,1.1956,3.749
ATF1,0.9663601531494586,1.7730000000000001,0.7686,3.1380000000000003
RPL21B,1.5219743342526257,2.26,1.1041999999999998,3.811
RPS9A,1.4880681869259051,2.363,0.9346,4.362
DIP5,1.40391894843186,2.18,1.0512000000000001,3.914
SAM4,1.3622262459815468,2.009,1.0959999999999999,3.0229999999999997
GDB1,1.64732924028067,2.401,1.2178,7.486
MAL12,0.7970319040192173,1.1280000000000001,0.5234,4.034
ARN1,0.9278028165040306,1.504,0.6314,3.912
ERG11,1.4614143282875327,2.077,0.9818000000000001,3.7409999999999997
NUP188,0.7530410797353876,1.091,0.5496000000000001,4.118
YMR103C,0.8045245751403818,1.45,0.5864,2.969
DDR48,1.3659828800579052,1.911,1.0654,2.779
ASC1,1.4430377769678988,2.237,1.1236,3.7060000000000004
GTO3,2.5643618271344097,3.52,1.9347999999999999,5.654
YOL053C,2.3847180537752477,3.6959999999999997,1.709,6.644
TIF4631,1.2387708478721267,1.9409999999999998,0.8432000000000001,3.233
EFM1,1.1670034498088362,1.798,0.8013999999999999,3.346
RPS16A,1.3458167396162974,1.908,1.067,2.8419999999999996
ZRG17,0.41991937646993177,1.0198927576601675,0.4893644271485565,1.8339659985050618
COQ2,1.0708203436527586,1.922,1.065,2.0149999999999997
MVD1,2.310330758351496,3.125,1.6865999999999999,5.148
PRS5,0.7406983902916161,0.9801072423398326,0.5616428969359331,2.6581072423398324
RTG1,1.3884120615893818,1.922,1.2448,3.566
IMA2,1.1449975078002284,2.4391072423398326,0.6304880569075253,6.275333042197794
YOL159C,0.9120193997910131,1.6978927576601675,0.9131571030640669,6.867892757660167
PAU20,1.090041709177432,3.2678927576601677,1.1745571030640671,8.437892757660169
YOL163W,1.2175996938227365,1.985,0.9437926759155107,5.289000000000001
YVC1,1.228823151063287,1.5651072423398324,0.8279738507793913,3.100666957802206
VPS21,1.9165863304445208,3.6630000000000003,1.2884836566589237,7.212559715462373
TMA46,1.173155051582824,2.407,1.0131999999999999,7.01
CMR2,2.085492284177289,3.507,1.3875236674255658,5.913515712976357
GSP2,1.3326776341911564,2.217,1.1019999999999999,4.292
YOR277C,1.3684156383837736,1.9689999999999999,1.0663999999999998,3.082
RDL1,1.0643827376770991,1.79,0.8506,3.1470000000000002
RPL21B,2.031195716121634,2.8360000000000003,1.5142000000000002,4.376
RPS9A,1.8176972453215874,2.726,1.184,4.982
DIP5,1.4061376010833437,2.212,1.1002,3.6950000000000003
ACM1,1.4077909070644805,1.766,1.0552,2.6870000000000003
SAM4,1.5343515734070154,2.178,1.0976,3.655
FDH2,0.7475185376047218,1.6048927576601675,0.5320208431607074,5.140452473122542
YPR078C,0.8593536327515863,1.131,0.5168,2.971
GDB1,1.5882467849240196,1.968,1.1698,7.823
COT1,1.3654638810724369,1.556,0.907,3.173
PNCA,2.595474315376694,3.583,1.8181999999999998,6.013999999999999
ACS1,1.3051194596366211,1.764,0.9876000000000001,2.883
BDH2,3.918705759181587,4.877,2.6529999999999996,8.600000000000001
URA7,2.391618443744421,3.9109999999999996,1.6369999999999998,6.997
COR1,0.9798071251624754,1.6620000000000001,0.7246,2.683
EDE1,0.8456745928773677,1.3820000000000001,0.6312,2.4250000000000003
MOH1,0.9440010194104487,1.533,0.7762,2.351
GAL7,1.9063756998267563,2.4059999999999997,1.3581999999999999,3.9739999999999998
ETR1,1.5279713126082706,2.272,1.1493999999999998,3.6859999999999995
YBR116C,2.602406589188504,3.438,1.8370000000000002,5.893000000000001
YBR209W,1.190160583137262,1.609,0.9944000000000001,1.9909999999999999
MET8,1.6847166322382048,2.875,1.1248763325744342,4.825559715462373
YCRX01W,1.5929621332278208,2.02,1.1674,3.0319999999999996
RPL13A,1.3032402463057848,2.134,0.9126000000000001,3.3919999999999995
YDR018C,2.1141992981626623,2.999,1.5977999999999999,4.481
ATG31,1.613375814027793,1.8290000000000002,1.2429999999999999,2.292
TRM1,2.1371309710552815,3.137,1.496,5.332
KIN1,1.5115623483611205,1.976,1.0772,3.271
AHA1,2.805268801689299,3.608,2.0844,5.351
ADR1,1.7128034645709693,2.287,1.1736,4.02
SSF2,1.4266233266887984,2.217,0.8906000000000001,4.138999999999999
RAD34,1.5657134598879914,1.755,1.1558,2.549
PDR15,1.7202601963029247,2.174,1.199,3.747
RRP17,1.4175742378537024,2.084,0.9902,3.439
RPL37B,1.2665860971724843,1.9089999999999998,0.9288000000000001,3.0669999999999997
SAM2,0.7095581434850913,1.27,0.47919999999999996,3.223
RPL12A,1.3102172819773306,1.931,0.9810000000000001,3.0330000000000004
RNR1,1.7932023471388372,2.427,1.2389999999999999,5.963
RPS24A,1.2709298327648426,1.9020000000000001,0.9442,2.968
GCG1,1.0936493684153021,1.671,0.9072000000000001,2.3600000000000003
PAB1,1.3598725773675975,2.112,0.9794,3.6870000000000003
YGL036W,1.3667842127581613,1.967,0.9796000000000001,3.2720000000000002
YGL138C,1.2369504781637,1.532,0.8582000000000001,3.5010000000000003
YGR067C,1.6617352995183374,2.0919999999999996,1.1114000000000002,3.752
NSR1,0.34780594761300704,1.3860000000000001,0.44880000000000003,2.2800000000000002
RTS3,3.016919692666684,3.7190000000000003,1.9482,6.62
MGA1,2.9105381783285136,4.375,1.9898,8.423
COQ6,1.119744612665713,1.733,0.8224,3.002
YHR097C,2.210386137299724,2.94,1.4398,5.478
TRA1,1.312678367927083,1.7870000000000001,0.9104000000000001,3.069
UTP9,2.4885323973529605,3.6819999999999995,1.6512,6.460999999999999
YIL067C,0.8312360492726261,1.9801072423398325,0.4529382779279477,3.9545257139674357
SPO22,0.8870540751044182,2.6431072423398323,0.7840637400966404,7.569768064629715
RPN2,0.6906392251919298,1.3591072423398325,0.45168805690752534,4.487333042197794
SUC2,0.9091231723183707,1.688,0.614,2.888
MHP1,1.3683483518184105,1.7069999999999999,0.8785999999999999,3.106
UBX6,1.573554044356348,1.8900000000000001,1.1396000000000002,2.9600000000000004
TIF2,1.0342939646914049,1.705,0.8470000000000001,2.6710000000000003
YJL142C,2.111577766443434,2.757,1.3808000000000002,5.074
YJL144W,3.916554594712435,4.7509999999999994,2.6757999999999997,7.913
MHO1,2.107124342628362,2.878,1.4140000000000001,5.376
UGP1,2.4757172200312394,3.806,1.6682,7.1129999999999995
AIM26,1.8278385505295318,2.452,1.2461999999999998,4.405
PHD1,1.3691897131024038,2.1820000000000004,0.7614000000000001,4.329000000000001
FOX2,1.228649834302587,1.596,0.8798,2.698
YKR011C,2.1286078836181086,2.9459999999999997,1.4468,5.327999999999999
BAS1,1.4182004588193404,1.8359999999999999,0.9218,3.175
YPS1,1.7342717455535381,1.965,1.2706000000000002,2.892
FRE1,1.2670186524723945,1.6149999999999998,0.8395999999999999,2.8579999999999997
CPR6,2.5816359983725867,3.69,1.8273999999999997,6.3020000000000005
UTP13,2.536347769439005,3.9059999999999997,1.6364,6.99
ATG39,2.3214362169572156,2.641,1.6786,4.106999999999999
EST2,1.2899749314904232,1.6280000000000001,0.8290000000000001,3.454
RPL31B,1.3311394956643179,1.584,0.9084000000000001,2.939
CAT2,1.3371478444384584,1.815,0.9593999999999999,3.277
PRM6,0.9933923866107341,1.365,0.6902,3.5620000000000003
BUD22,1.944862202440178,3.045,1.2575999999999998,5.547
REC114,2.1238730753052577,2.544,1.629,3.464
RIM11,1.392113766875556,1.863,0.9218,3.376
YMR141C,1.3230521394121026,1.663,0.8456000000000001,3.308
SIS1,2.416865748022021,3.5170000000000003,1.5288,6.375
PBI2,2.1322482524936683,2.815,1.5803999999999998,4.5649999999999995
CYB5,1.3945977025800627,2.107,0.8072000000000001,4.545999999999999
MSB3,1.3069941196237551,1.877,0.8837999999999999,3.458
TRF5,1.179195099566218,2.061,0.8493999999999999,3.4429999999999996
RPL18B,1.4042834306880643,1.854,1.1138,2.604
ESF2,1.7900323266580598,3.197,1.121,5.9799999999999995
FRE4,1.135735216121416,2.283,0.6844,4.8389999999999995
UTP23,2.442324704441347,3.559,1.7506,5.581
RPS7A,1.6659757845977214,2.3049999999999997,1.323,3.2699999999999996
CRC1,2.4719591522602595,2.699,1.7550000000000001,4.383
MPD1,1.4445166654398216,2.077,1.0582,3.2460000000000004
YOR292C,1.2905442488114511,1.681,0.9708,2.6750000000000003
RRS1,3.153099582460243,4.578,2.1882,7.835
FIT2,2.3101495234054954,3.692,1.6400000000000001,7.173
PHR1,2.272391369921644,3.016,1.5592000000000001,5.17
FDH1,1.3306647556704456,1.895,1.0984,3.693
YOR392W,0.9732361499639897,1.4020000000000001,0.8288,5.277
ELP3,1.43055553593757,2.628,0.9678000000000001,4.727
RPS6A,1.4979976652748608,2.379,1.2452,3.4649999999999994
TCO89,1.8806959508605927,2.6020000000000003,1.2488000000000001,4.5600000000000005
UIP4,2.442519314549272,3.2910000000000004,1.6766,6.03
HSP32,1.5358630002323133,1.792,1.0562,3.3140000000000005
ASR1,1.1992112653430014,1.5459999999999998,0.8235999999999999,2.8309999999999995
RPO26,1.6761911157347222,2.245,1.2553999999999998,3.246
QCR2,1.1858725830630457,1.823,0.8615999999999999,3.1180000000000003
HPA2,1.2156680386355103,1.509,0.8712,3.367
YPR195C,0.9002264397025261,1.618,0.5871999999999999,3.574
TMA17,2.733168177684842,3.9960000000000004,1.951,6.815
IPI1,1.109782012302711,2.141,0.7926,4.256
GCV2,1.5849670819932182,3.033,1.592,3.356
ERR3,1.2394186413270611,1.817,0.8183999999999999,3.838
YMR084W,2.161701556002004,2.818,1.4626000000000003,4.901
ERC1,1.4631839454615283,1.899,1.04,3.4930000000000003
PIH1,1.220197946302192,1.658,0.8615999999999999,3.9349999999999996
SRB2,0.7486350073264343,1.446,0.6212000000000001,5.492
PDR11,1.5421745401838232,2.05,1.0932,3.9149999999999996
YMR290W-A,1.7792051552111432,2.135,1.1336,4.209
ERO1,1.6736464217471907,2.3129999999999997,1.074,4.03
ADY3,1.7211837973904969,2.441,1.1572,4.335999999999999
ENA1,1.3082585712147394,1.921,0.7838,4.247000000000001
LYS9,2.7587581392786005,3.5,2.128,7.308
POP2,2.862949954344085,3.258,2.3628,3.3789999999999996
BIO5,1.7664939971837512,2.441,1.3574,4.6290000000000004
BIO3,1.5867575821860895,2.3890000000000002,0.9652000000000001,4.332000000000001
FRE4,1.7925662345890159,2.246,1.1645999999999999,3.993
NBA1,1.4540434978141514,2.4139999999999997,1.0871999999999997,4.741
THP1,1.7095312663359574,2.1501072423398324,1.151,7.529892757660168
MDM20,0.7201838310803268,1.6048927576601675,0.6287955997513983,4.588892757660167
AVO1,1.5043590242691411,1.922,1.2061119430924747,3.1124402845376267
BDS1,0.7013045005381541,1.9801072423398325,0.6098880569075253,5.970452473122542
YOL166C,3.0835466652223706,3.4,2.5014,4.714999999999999
ARF3,1.0930906328669276,2.2439999999999998,1.104011724333091,4.568073240844894
NUP1,0.6655608674852864,1.5651072423398324,0.6768073240844894,5.202965998505062
CRC1,0.8867924306379862,1.6048927576601675,0.7544073240844895,4.606892757660168
YOR102W,2.1918699543623785,2.833,1.5999926759155108,4.418
MPD1,1.4386397445478405,2.145,1.0432000000000001,3.3890000000000002
RRS1,3.2478651068060667,4.677,2.241,8.100999999999999
FIT2,3.005761387474789,4.563,2.1198,8.556999999999999
PHR1,2.0535102836490964,2.946,1.3518000000000001,5.596
YOR392W,1.0213127298314135,1.264,0.7108000000000001,3.1740000000000004
ELP3,1.358430922283659,2.247,0.969,3.818
RPS6A,1.6241174751187328,2.446,1.2038,3.8710000000000004
SSU1,1.0570281756621105,1.635,0.9912000000000001,2.388
TCO89,2.036255485589087,2.672,1.299,5.381
UIP4,3.069754712387434,4.395,2.1258,7.914
HSP32,1.46818977007494,1.8820000000000001,1.0584,3.329
CIT3,1.0822328797402738,1.5579999999999998,0.7475999999999999,2.908
RPO26,1.3780773571322187,1.782,1.0844,2.37
SKI3,1.14157901689908,1.432,0.7831999999999999,3.1670000000000003
QCR2,1.2736640895680793,1.8290000000000002,0.9464,3.1000000000000005
HPA2,1.062828224063172,1.765,0.8046,3.6850000000000005
YPR195C,1.2707422739820609,2.009,0.8012,3.77
HMT1,2.8350798749123776,3.3489999999999998,1.9741999999999997,5.38
TPS1,2.623240138068774,3.526,1.8896000000000002,5.938
AGP2,2.2998559029039907,3.176,1.6374,5.375
SYP1,1.1171275087597747,1.572,0.8128,2.7430000000000003
LYS20,1.3230531719804377,1.813,0.9298,3.1109999999999998
YDL186W,0.41032285758422066,2.1501072423398324,0.6570502210204224,2.1739659985050617
PST2,1.3097410222104158,2.447,1.1785999999999999,3.4320000000000004
YDR222W,0.7442801129569321,2.129,0.8132000000000001,4.681
UTP4,2.0658471100205955,4.156,1.2233999999999998,7.813
RPL12B,1.3347287522709717,1.935,1.0118,2.96
EMI2,2.40804099790937,3.407,1.504,6.571
PRB1,2.538842208921807,3.1390000000000002,1.8407999999999998,5.114000000000001
UTP7,1.5940043515916946,2.54,1.1564,4.268
YER084W,1.1935924086075582,1.603,0.7722,3.273
ILV1,1.2156894506253413,2.1149999999999998,0.8088,3.8579999999999997
CMK1,0.9174352306862636,1.599,0.578,3.337
GPI10,0.634774177904347,1.3418927576601676,0.511489889317249,4.418892757660167
ARO2,1.3638414429100976,2.05,1.038,3.4669999999999996
MTO1,0.7178110154621391,0.9650000000000001,0.5272,2.772
YGR079W,2.161886226881961,2.691,1.4936,4.849
RBG2,1.5991313547446684,2.757,1.054,5.001
YGR265W,0.9715386178120002,1.6179999999999999,0.8033999999999999,2.4739999999999998
RPS27B,1.041771026206498,1.832,0.7624000000000001,2.986
YHR202W,1.184607226571414,1.5939999999999999,0.8821999999999999,2.6799999999999997
BAT1,1.2589649016719902,1.941,0.9156000000000001,3.053
YHR210C,1.1437276792007214,1.693,0.756,3.4829999999999997
AIR1,1.0252503049594421,1.996,0.6574,4.159
MTR4,1.0420093383116307,1.823,0.7404,3.635
RPA34,2.3539732196473433,3.383,1.7431999999999999,5.182
YJL150W,1.151270609368718,1.9801072423398325,0.7493309538434583,6.029547526877458
YJR120W,0.4921421567608799,1.119,0.39859999999999995,2.915
YJR124C,1.1800638856801673,2.0010000000000003,0.7956000000000001,3.4960000000000004
MRP8,1.5238174101904698,2.112,1.022,3.9560000000000004
RPC25,0.9646392119813265,1.7309999999999999,0.6708000000000001,3.495
SDH1,2.033885299852982,2.6639999999999997,1.4776,4.209999999999999
MCR1,1.7713187132703974,2.431,1.1785999999999999,4.3629999999999995
PRY2,0.7941911528072506,1.302,0.6138000000000001,3.515
SOF1,1.6907784201349974,2.9850000000000003,1.1784000000000001,5.189
USB1,1.4226632240672155,1.671,0.9183999999999999,3.116
TIS11,1.043887260308837,1.3599999999999999,0.6204,2.9239999999999995
YLR416C,0.5179044921140369,1.289,0.3624,2.9179999999999997
DCK1,0.5391409421627618,1.7489999999999999,0.5894,3.755
CYB2,1.2531033399742586,1.701,0.9548,2.588
RPS1B,1.7788585154925414,2.607,1.4812,3.5570000000000004
RPL15B,1.1712751641793226,2.113,1.0406,3.002
RRB1,2.328220883252725,4.013,1.6771999999999998,7.234999999999999
RNT1,1.5377449838070456,2.409,1.137,5.087
YHM2,1.412161044068779,2.281,0.8604,4.301
GTO3,1.4753632380027901,1.908,0.8997999999999999,3.8529999999999998
YNL017C,0.8100045998822292,1.697,0.545,4.0520000000000005
FAP1,0.7610303987367526,1.275,0.506,3.034
RPC19,1.3695850225289474,2.507,0.9697999999999999,4.262
YNL115C,1.5567251690219626,2.073,1.2106,3.129
NCS2,1.3631855836322129,2.032,1.0286,3.2880000000000003
SSB2,2.01956352942148,3.085,1.5632000000000001,5.038
YNL217W,1.0733215962868365,1.62,0.7988,3.5370000000000004
BXI1,1.968461788131896,2.229,1.4252,3.5620000000000003
EMW1,1.5241224190284104,2.581,1.0148,5.016
YNR068C,0.9209823667966051,1.6310000000000002,0.664,4.881
ATG19,1.2231561946084755,1.678,0.8186,3.106
PHM7,5.933018778200365,6.736000000000001,4.1164000000000005,11.231
TIR2,0.4286307196319326,1.432,0.5354,2.458
YOR012W,0.46154343471339077,1.5779999999999998,0.5438,2.4139999999999997
ERP4,0.6769356220665479,1.5839999999999999,0.517,4.559
ROD1,1.4208557243880588,1.7269999999999999,0.966,3.0819999999999994
HSP10,1.912919921906233,2.5330000000000004,1.4752000000000003,3.6880000000000006
LEU9,1.1906343329190232,1.935,0.7442,3.635
TFC7,0.5943835275377818,1.4580000000000002,0.36619999999999997,3.595
YOR114W,0.6656284998705373,1.201,0.46580000000000005,3.8630000000000004
NOC2,2.702905681173093,4.459,1.8867999999999998,7.909
MUM3,0.500468580937485,1.0999999999999999,0.4193999999999999,2.9519999999999995
LSP1,1.565411951292043,2.417,1.0764,4.473
NCR1,0.6359271539671955,1.509,0.47459999999999997,4.231999999999999
CHL1,0.8309670346277298,1.731,0.5768000000000001,4.306
PNG1,0.7149971564524507,1.365,0.4558,3.096
ATG21,1.5987095113364984,2.791,0.9646000000000001,9.301
YPL102C,1.0723173708075595,1.627,0.73,4.1770000000000005
SSE1,1.1972912912279672,1.863,0.837,3.1310000000000002
OXR1,1.2567560608266164,1.723,0.8246,3.218
RPL7B,1.4888975975621965,2.181,1.1385999999999998,3.346
CSM4,0.7904270559708098,1.469,0.6548,4.8420000000000005
HAL1,1.7523751581837153,2.209,1.2309999999999999,3.414
REC8,1.0752740285609774,1.866,0.825,5.965
YPR015C,0.8380783243984755,1.51,0.5142,3.125
YDL183C,0.9842787199839521,1.8,0.6338,3.416
FMP16,2.4006662225685464,2.9930000000000003,1.6522000000000001,5.521
YIL055C,2.0359930016538588,2.373,1.4520000000000002,3.6959999999999997
YIL086C,0.7994070310688656,2.077,0.49139999999999995,4.7090000000000005
STH1,0.6219559860890309,1.565,0.41740000000000005,3.4819999999999998
APJ1,3.563025446122985,4.68,2.2436,8.306
RPL22B,1.5827699318302004,2.546,1.0619999999999998,4.312
RIX7,1.1911513160379141,2.06,0.826,4.37
YMR306C-A,0.8271965020200133,1.2449999999999999,0.5898,3.096
HFA1,0.9677164306853303,1.855,0.893,4.443
FET4,0.8324002484756314,1.608,0.8010000000000002,2.118
SUI1,0.9718982178335822,1.786,0.7032,3.420000000000001
NOP16,0.8873464296079936,1.266,0.5134000000000001,4.5249999999999995
YNR064C,0.9362364430343999,1.911,0.8612000000000002,2.609
YNR068C,1.5202637528946,2.452,1.173,3.743
ATG19,1.3826040400926636,1.741,1.1074,2.2880000000000003
MPD2,1.2977340033652047,1.6171072423398325,0.7718,4.528107242339832
MSH2,1.3183053423881497,2.092,1.1724,2.7220000000000004
YOR012W,1.47487715849951,2.3021072423398325,0.856442896935933,4.846107242339833
RTS1,1.6091320893921637,2.1501072423398324,0.8699309538434582,4.369547526877458
HSP10,0.9743675665873548,2.2531072423398326,0.6616637400966404,6.345768064629715
TFC7,0.5421926082759179,2.663,0.6452,5.733
YOR114W,0.45239969499129523,2.0198927576601675,0.555357103064067,3.4938927576601673
RPO31,1.7010343616339847,2.185,1.254,3.67
NOC2,2.898321731467978,5.141,1.9566,9.234
RPB10,1.093977134007912,1.698,0.891,2.2430000000000003
YOR300W,1.2940059611792454,1.9220000000000002,0.8454,3.4680000000000004
LSP1,1.699442759263292,2.419,1.1346,4.582
NCR1,1.1788407711799371,2.029,0.9955999999999999,6.378
ATG21,0.5949507291569428,1.3900000000000001,0.40920000000000006,3.29
YPL102C,0.6821297468385226,1.2810000000000001,0.47940000000000005,4.008000000000001
SSE1,1.0359666175719453,1.809,0.6474,3.6740000000000004
OXR1,1.3769394273271374,1.63,0.8700000000000001,3.1660000000000004
RPL7B,1.375250631902935,1.9909999999999999,1.0695999999999999,2.894
HAL1,1.6388056587343307,1.979,1.1658000000000002,3.0870000000000006
REC8,0.9765787208982417,1.6560000000000001,0.6534,3.911
BDH1,1.9891411096600233,2.7030000000000003,1.5734000000000001,3.7500000000000004
FUI1,2.7346289015396144,3.881,1.7945999999999998,8.385
YBL044W,0.6991948633182078,3.8630000000000004,0.9848000000000001,5.553000000000001
FUR4,1.7137767465198193,2.661,1.1785999999999999,6.568999999999999
TKL2,1.2932853348203288,2.3689999999999998,0.9,4.8420000000000005
GRS1,1.3251779437162936,2.075,1.032,3.475
"DUR1,2",0.8649607532079592,1.683,0.7262000000000001,4.44
NGR1,1.0985360733020797,1.631,0.7407999999999999,3.0980000000000003
SDS24,0.5867660477121308,1.115,0.5614000000000001,3.425
YCL006C,0.4907688441214096,2.6879999999999997,0.6956,3.862
YCR016W,2.069172746773964,2.9539999999999997,1.5332000000000001,4.628
SRD1,1.2129843613722602,2.574,0.6984,5.662
HSP30,2.447081332320626,4.21,1.4647999999999999,9.012
RPL31A,1.1159558767845998,1.77,0.9347999999999999,2.548
VAM6,1.3158246908547846,1.7429999999999999,1.075,3.0829999999999997
MRK1,0.9285443683055992,1.6400000000000001,0.6342000000000001,3.881
RPP1A,1.1817589921655052,2.118,1.0026,3.2880000000000003
RPS16B,1.566552614374018,2.434,1.1714000000000002,3.7470000000000003
NDE2,1.510326143864101,3.122,1.2159999999999997,5.692
AIR2,0.6295756721690596,3.548,0.9384,4.577999999999999
INH1,2.2950997663709556,3.156,1.7520000000000002,4.714
GCV1,1.5936929338875707,2.996,1.5424,3.4999999999999996
RPS11A,1.3499255171890412,1.9020000000000001,1.0814,2.648
DPB4,1.5224555872778485,2.0780000000000003,1.0716,3.3470000000000004
YDR215C,0.7482138511020591,1.2799999999999998,0.6828000000000001,2.36
TFB1,0.330750393565595,2.164,0.5086,2.922
YDR413C,1.8471296469983427,2.589,1.3342,4.324
GIN4,1.3753230576947941,1.769,0.8666,3.554
RGI1,3.913110671637717,5.714,2.4676,11.271
"ARG5,6",1.7184380899433949,4.415,1.8079999999999998,4.415
ALD5,0.7240431435122107,1.413,0.45940000000000003,3.1710000000000003
LOC1,2.171716661606446,2.792,1.653,4.145
HOP2,0.6470762880962321,1.074,0.5247999999999999,4.1739999999999995
PNC1,2.9939748349906616,4.12,2.0804,7.457
SNT2,1.776319034876931,2.283,1.5078,2.541
ITC1,1.7468353443637548,5.46,1.9518,5.472
RPL1B,1.0161775052855389,1.9989999999999999,0.8375999999999999,3.413
VID30,0.900691617658473,1.539,0.5488,3.1959999999999997
YGL235W,1.1185697585719332,1.4369999999999998,0.6973999999999999,3.354
YGR066C,1.0846932944418668,1.9649999999999999,0.736,5.903
MTR3,1.2066062440632388,1.9449999999999998,0.7854,3.491
YGR160W,4.873369505608318,6.5969999999999995,3.5230000000000006,11.072
TIF4631,1.9686752446381672,3.012,1.3838000000000001,5.111
YGR250C,4.612008774711386,5.742,3.0556000000000005,9.318999999999999
ENO1,1.8506134600638622,2.301,1.443,2.8890000000000002
GND2,2.543004947289326,3.851,2.0968000000000004,5.518
RAD2,1.4417606100079021,1.967,1.0612,2.929
STP2,1.8719320490163402,2.778,1.2294,4.758
SOD2,0.7178169448080425,1.137,0.6194,3.203
RPL27A,1.6182533951645421,2.435,1.1683999999999999,3.9650000000000003
HXT1,1.3791815734461066,2.005,0.933,6.454
HXT5,3.482135357561484,4.752,2.4202,8.578
GRE3,3.1696338913070976,4.232,2.2428,7.131
NVJ1,0.9067107220546986,1.449,0.5870000000000001,3.0919999999999996
RIX1,2.43507863978377,3.406,1.718,5.7540000000000004
AIM46,1.089985239761935,1.835,0.8263999999999999,2.886
RNR3,1.250007869032556,1.9801072423398325,0.7413738507793913,3.930666957802206
MAM33,0.5357289152587446,4.803107242339833,1.0930972134017387,6.127864891677553
YIL074W,0.26169397543912504,1.4651072423398328,0.30529538099201475,2.940452473122541
SEC28,0.8057889600275884,1.663,0.45199999999999996,3.348
YIL169C,1.132823362749654,1.505,0.9791999999999998,1.629
YJL045W,0.7076768658410428,1.2229999999999999,0.535,4.495
YAK1,1.9393446902974307,2.52,1.2724,4.41
TDH2,1.4637324246615258,1.752,1.113,2.3930000000000002
MET3,1.2915548179345249,4.766,1.5226,5.232
ILV3,1.0569832445060765,1.7570000000000001,0.7474000000000001,3.7800000000000002
YKL036C,1.173281862742782,2.026,0.8687999999999999,4.824999999999999
YKL044W,0.6531274038239853,1.025,0.5542,2.836
MRPL13,0.5092193107762827,3.436,0.8657999999999999,3.5959999999999996
YKR012C,0.7689291132890395,1.444,0.6176,4.146
RPL15A,1.2835467614190215,2.378,1.1301999999999999,3.531
YLR217W,2.2008159202172526,3.051,1.7478000000000002,3.96
RSA3,1.6270034907225037,2.706,1.2495999999999998,4.2780000000000005
DUS4,1.4639822471818964,2.176,1.0236,3.4949999999999997
UTP21,2.7240029923556603,4.291,1.7413999999999998,8.174
INA1,3.1544540424680023,4.243,2.3098,7.098
RRN11,2.073717623255165,2.831,1.4266,5.022
ERG5,0.6260917100509229,1.09,0.5974,2.841
STB4,0.9769844453509907,6.219,1.5888000000000002,7.049
GAT2,2.3718149969752824,2.633,1.7042000000000002,3.8110000000000004
TIF34,1.4793742129331684,2.175,1.0954000000000002,3.288
RRP5,2.8172954211634718,4.753,1.9607999999999997,8.922
LST8,2.117870983134084,2.898,1.2222,5.582999999999999
YNL010W,1.0276299530645274,1.81,0.8706000000000002,2.797
POL1,0.8842160794475913,1.183,0.6718,2.8930000000000002
INP52,0.6423998948394926,2.4699999999999998,0.7452,3.29
NOP15,2.72944062463204,4.5,2.0542000000000002,7.273
DBP2,3.032001032559513,5.402,2.7842,6.933
YNL198C,0.7910067826451646,0.996,0.6374,2.426
YNL200C,1.9810920988975977,2.608,1.4456000000000002,4.423
SPS18,0.8352757404706758,1.306,0.6488,2.461
YNL208W,1.126655070906876,2.01,0.9654,3.0119999999999996
TOS6,1.2868475805828374,1.738,0.8602000000000001,3.801
NOG2,3.6333776629438352,4.995,2.4210000000000003,9.046999999999999
SDH5,0.9586105800935388,1.6429999999999998,0.8074,2.4499999999999997
DSC2,1.0433290732296758,3.181,1.152,3.549
BRX1,3.6143309654699207,5.515000000000001,2.4970000000000003,9.703
RRP6,1.876818131549493,2.739,1.2836,4.688000000000001
YSP3,1.271124251479415,1.866,1.0144,2.786
RKI1,2.8172186141628366,3.914,2.0592,6.841
RAS1,2.0929899913115584,2.6609999999999996,1.4198,4.769
RRP36,2.10309341302185,3.338,1.45,5.615
YOR289W,1.3574336157701978,1.962,0.8822000000000001,3.836
YPK9,0.598058915919321,2.815,0.7891999999999999,3.6329999999999996
RPS10A,1.6218202993330766,2.363,1.2154,3.828
UAF30,0.9677416267836717,1.6920000000000002,0.6036,3.4859999999999998
FIT3,2.172515305330439,3.2800000000000002,1.6658000000000002,5.21
YOR385W,1.0414352049283493,1.592,0.5702,3.2439999999999998
ERR1,1.0493147623385208,2.4299999999999997,0.7741999999999999,6.069
YDC1,1.822579520737762,2.445,1.3725999999999998,3.8989999999999996
RLM1,0.6425996116899357,3.455,0.8865999999999999,5.203
NOG1,1.8758328785605145,1.885,1.4866,1.992
RTT10,1.6400506667699206,2.949,1.1014,5.343
YPL185W,1.1478397988768092,2.582,1.0714000000000001,5.194
MF(ALPHA)1,0.93292472846136,1.145,0.7215999999999999,2.9339999999999997
ERR2,0.7139186084322455,5.184,1.186,6.140000000000001
YRF1-7,0.4564962247165465,1.627,0.5406000000000001,3.109
PDH1,0.8770313375721026,1.429,0.788,5.26
YPR096C,0.6397589297560049,1.196,0.6557999999999999,2.467
RPC82,1.5860753619869246,2.1260000000000003,1.0992000000000002,3.966
PLB2,1.3536751604470414,2.208,0.9516000000000002,4.381
YMR085W,0.7320644742237431,1.1119999999999999,0.5367999999999999,2.8489999999999998
SAE3,0.47532807099535257,2.115,0.6552,2.115
BCD1,1.3361792726026476,1.729,1.0638,3.923
HXT4,0.5282368340768526,1.5651072423398324,0.4847644271485564,4.581892757660167
YMR158W-A,0.7168398161930801,0.9690000000000001,0.5736000000000001,2.678
YMR173W-A,1.9408789181107757,2.6310000000000002,1.4609999999999999,3.9419999999999997
RPL36A,1.6303723217079338,2.7439999999999998,1.1755999999999998,4.6209999999999996
RPS10B,1.1229433622330405,1.899,0.8878,3.1479999999999997
HOR7,1.557504410727953,2.206,1.0286,4.417
PLB1,1.8946047998355435,2.318,1.5442,2.66
OST4,3.01017801836561,4.448,2.0138000000000003,8.079
BRE5,1.063843946284395,2.663,0.9768000000000001,7.075
NOG2,1.3241121625673513,2.037,1.2188898893172488,3.2221011068275094
HOL1,1.9669711532432879,4.0,1.701888056907525,9.571559715462374
BIO4,1.0869186878253574,3.1761072423398327,0.9433309538434583,9.344666957802207
MNT4,1.2179619104105202,2.177,1.0992000000000002,7.433
YNR061C,0.8733530832924243,0.9510000000000001,0.652,2.6
SDH5,0.6414626086714128,1.5651072423398324,0.5320208431607074,5.140452473122541
BRX1,2.1350242362133613,3.207,1.8117926759155103,5.207
YOL079W,1.4539926043872349,3.4000000000000004,1.242889889317249,6.207000000000001
AAD15,0.7370652614864596,3.6048927576601675,0.7912880569075254,7.883333042197794
RRP6,1.8168491871139825,4.051,1.156,9.735
YSP3,0.3522982876721922,1.7871072423398324,0.4309327862531821,3.3118927576601673
DNL4,0.3403851132693838,2.3021072423398325,0.6153401103376716,2.325965998505062
SGT2,1.1931296821130326,1.8565505534137545,0.8075101106827509,3.961101106827509
TIR4,1.6872486141280896,2.594,1.2071101106827509,6.22689889317249
OST2,0.6892356159880723,1.5651072423398324,0.4714637400966404,4.443768064629715
YOR105W,0.9092361089691072,1.7871072423398324,0.6242073240844894,5.939965998505062
RRP36,1.8187320877757553,3.39,1.339,5.813000000000001
YOR289W,1.2732396652972018,1.597,0.8446,3.4379999999999997
RPS10A,1.6533310118263613,2.527,1.2202,4.189
UAF30,1.1445566426461702,2.166,0.7451999999999999,5.16
FIT3,2.236827265543722,3.332,1.7207999999999999,5.272
YOR385W,0.815266987175089,1.448,0.4862,3.295
YDC1,2.062259075795768,2.8,1.5917999999999999,4.021
RLM1,0.3509150997218499,1.311,0.4678,3.3670000000000004
NOG1,1.9034747421762597,2.092,1.4056000000000002,3.4770000000000003
CTI6,1.0478411867184543,1.947,0.7792,4.706
RTT10,1.7417521102802314,2.66,1.158,4.8100000000000005
YPL185W,0.9498562183756649,1.434,0.7150000000000001,3.9939999999999998
MF(ALPHA)1,0.7499834823159881,0.864,0.5917999999999999,2.746
ERR2,0.5298015856440226,2.065,0.6315999999999999,3.501
YRF1-7,0.3731363203089868,2.185,0.6238,2.3129999999999997
PDH1,1.1717210227722878,1.8920000000000001,0.8944000000000001,4.196
RPC82,1.69280874509887,2.258,1.1994000000000002,4.021
COT1,1.5808016124973179,2.224,1.3204,2.8930000000000002
TOD6,3.4445657987925333,4.41,2.376,7.901999999999999
YEL1,0.46523831575131935,0.9329999999999999,0.3958,3.0409999999999995
RPL4A,1.1104135055393456,1.643,0.8558,2.665
OM14,2.134985340962886,3.01,1.5501999999999998,5.242000000000001
AGP1,0.7091900713117785,1.6960000000000002,0.43600000000000005,3.6990000000000007
YCRX16C,1.6196453528583008,2.27,1.2026,3.7010000000000005
RPL35A,1.2037610349527221,2.021,1.0432000000000001,2.858
KRS1,1.010455535301122,1.527,0.7514,2.7089999999999996
YDR133C,1.152728740915999,1.758,0.7425999999999999,3.257
HTA1,1.1886883471355516,2.7249999999999996,1.0457999999999998,4.733
ASP1,1.473913256878354,2.351,1.1481999999999999,3.962
YDR417C,1.1965320356735896,1.75,0.8713999999999998,2.969
GRX2,1.4855665430539937,2.3920000000000003,1.076,4.204
SIT1,0.7065245781367234,1.546,0.7242,4.0440000000000005
YER079W,1.4854935610106281,2.158,0.9551999999999999,4.137
PDA1,1.0267063464630453,1.762,0.7036,5.9079999999999995
GSY1,1.7250586406972013,2.45,0.9911999999999999,5.24
IGD1,1.0390480523194623,1.856,0.6140000000000001,3.561
OLE1,1.6557303555391316,2.875,1.3001999999999998,4.987
RPL9A,2.0247968744460705,3.3560000000000003,1.6316000000000002,5.438000000000001
ROM1,0.626821191205041,1.246,0.42919999999999997,3.063
YGR176W,1.6420862072524653,2.356,1.1636000000000002,3.8609999999999998
MES1,1.27665860687129,2.008,1.0144,3.224
HUA1,0.784878343023562,1.419,0.5216000000000001,2.827
EFG1,2.0255974769322984,2.328,1.5734,2.936
YSC84,1.5131718226706976,2.2169999999999996,1.0845999999999996,4.01
YHR020W,1.829700004097067,2.7889999999999997,1.2848,5.122
YHR112C,0.7669826060161242,1.301,0.7284,2.1630000000000003
RPS4B,1.4011699121225876,2.224,1.1426,3.4130000000000003
CRG1,1.1396900933774892,1.9140000000000001,0.8362,4.656000000000001
THS1,1.102971897614357,2.263,0.9827999999999999,3.557
AIM19,0.7641681716899176,1.059,0.5774,3.34
IKS1,0.8236414896781102,1.612,0.49260000000000004,3.803
DAS1,1.208996155413626,1.9769999999999999,0.875,3.1449999999999996
FBP26,1.043713427902149,1.7770000000000001,0.6752,3.657
FAR1,1.7512760731277932,2.8899999999999997,1.1328,5.317999999999999
YJR115W,1.3480589558242309,1.702,0.8534,2.964
RPS5,1.7103976567629875,2.408,1.3279999999999998,3.7389999999999994
TMA19,1.1790156674880767,2.091,0.9914,3.313
LTV1,3.2140669311607617,4.739,2.307,8.393
YKL151C,2.369866204011087,3.6769999999999996,1.6892,6.571
DBP7,2.715827602495124,3.247,1.877,5.375
DRS1,2.6765034529290355,4.03,1.9628,7.014
YEH1,1.2432132053147913,1.787,0.71,3.423
DIP2,2.6438598718926416,4.324,1.7099999999999997,8.224
RPL38,1.5186035337296613,2.154,1.2431999999999999,2.969
TMA10,2.599815775466692,3.852,1.6263999999999998,7.456999999999999
EIS1,1.0687784479797182,1.579,0.7078,3.452
ECM16,1.4091626779177906,1.889,1.032,3.252
RPL20A,2.171830010170874,2.999,1.6469999999999998,4.599
FAA4,1.7225146373575464,3.2359999999999998,1.3264,6.0440000000000005
GAD1,3.7263264828985108,4.885,2.7402,7.889
RCM1,1.362782857796706,1.819,1.0048,3.0890000000000004
EFM6,1.697150874601712,2.025,1.3286,2.7279999999999998
YNL114C,2.409952409700859,3.354,1.6678000000000002,5.720000000000001
YNL120C,1.6436186575379241,1.9580000000000002,1.2076,2.954
NAF1,1.5437089621069164,2.37,1.2222,5.077
KRI1,2.280763481584926,3.123,1.6168,5.402
IRA2,2.82721186539169,3.511,2.0614000000000003,5.844
ATG34,1.6942084257606242,2.683,1.2795999999999998,4.328
SFM1,1.7003446609720232,2.261,1.2954,3.559
RET1,1.2295876021104855,1.8290000000000002,0.8236000000000001,3.899
YOR309C,2.77153345143938,4.643,1.8564,8.584
TPK2,1.5620613344687397,2.223,1.0467999999999997,3.7969999999999997
RPA135,1.9302685848934367,2.92,1.3606,5.636000000000001
TIF6,1.5614614461295968,2.0709999999999997,1.1387999999999998,3.207
RPL11A,1.6626982905403305,2.372,1.3202000000000003,3.5460000000000003
RPC40,2.233106248942323,3.2,1.5972000000000002,5.405
MRD1,2.2385955288808703,3.257,1.6329999999999998,5.771000000000001
DLD1,1.0592520629514723,1.8239999999999998,0.9468,2.38
RPL41A,0.5978692389359254,1.5550000000000002,0.7358,2.481
MAK21,2.413431638589546,3.959,1.6862000000000001,7.002
FIS1,1.347439917626049,2.688,0.8064,6.416
PRM5,0.8007748823218568,1.407,0.5843999999999999,3.0079999999999996
NRD1,1.4680236025500843,2.022,0.9136,4.08
YHR049C-A,0.5156924808813983,1.0919999999999999,0.518,2.62
ALD3,3.1996709583173706,4.571,2.3862,7.499
YJL213W,1.6250975136096304,2.4859999999999998,1.2213999999999998,3.751
UBI4,1.434440289033895,2.558,0.9857999999999999,5.005
YMR304C-A,1.223437191430431,1.814,0.8071999999999999,3.5730000000000004
YMR316C-A,0.7126575362510571,1.38,0.5212,3.2880000000000003
DDR2,2.299213456906579,3.7540000000000004,1.5664,7.784000000000001
YPL197C,1.480525748217035,2.01,1.1583999999999999,2.9599999999999995
RPS19B,1.6082885735761203,2.2510000000000003,1.2294,3.391
PDR15,0.5477152953632829,1.036,0.5236000000000001,4.2
SEC3,0.9839368233295811,1.638,0.7979999999999999,2.223
YNR063W,1.2273206127834642,2.1550000000000002,0.8088000000000001,4.802
DSE4,0.4592155001696375,1.512,0.42560000000000003,3.395
IRA2,0.26902703989927823,1.0198927576601675,0.39009721340173853,3.0278648916775524
DUF1,0.3717456830787359,1.5651072423398324,0.4525283860045805,2.7748927576601674
YOR013W,1.496836299121661,2.5651072423398324,1.199485793871866,5.828107242339833
PET127,0.7431063957731217,2.9801072423398325,0.8482458207718209,5.314010000991077
SFM1,0.6547120797028827,1.4080000000000001,0.6023955997513986,4.052
INP53,1.2277049425523263,1.908,0.8427955997513983,3.526955997513984
YOR111W,0.6008835224671156,1.1181072423398324,0.515,4.054892757660167
AZF1,0.762056894777206,1.5651072423398324,0.5294073240844894,3.6589659985050615
RET1,1.3467784544724037,1.975,0.8846,4.021000000000001
YOR309C,2.83089273271417,4.633,1.9683999999999997,8.21
TPK2,1.6806159994041459,2.591,1.1194000000000002,4.453
ICL2,0.8645707916744123,1.522,0.6958,3.504
RPA135,1.9486281463102948,2.974,1.3592000000000002,5.676
TIF6,1.4423558646075585,1.908,1.0312,3.09
RPL11A,1.6609556465399027,2.4000000000000004,1.2756000000000003,3.9080000000000004
RPC40,2.069671191587229,3.186,1.4844,5.442
MRD1,2.3234676777663483,3.336,1.7009999999999998,5.813000000000001
BUD14,1.2993698131512061,1.7,0.9022,2.938
ZTA1,2.3841978293976567,2.936,1.7786000000000002,4.316
REG2,2.043613727800989,2.137,1.5493999999999999,2.91
RFS1,3.0036476891806267,3.799,2.2676,5.322
MEC1,1.5494796207098886,1.663,1.1374,2.662
YBR138C,1.3160844362282171,1.7269999999999999,0.9408,2.854
MAK5,1.3640796846773728,2.456,0.8694,4.887
YBR241C,2.3252456991947357,2.926,1.8626,3.666
GFD2,0.942725687307157,1.24,0.608,3.7570000000000006
ELO2,0.979651522226633,1.871,0.527,3.738
MATALPHA1,1.6751977654152237,2.067,1.2426,4.331
PER1,1.3180943084850492,1.686,1.1030000000000002,1.9979999999999998
SNF3,1.3888180776236447,1.826,1.0014,2.926
YDL196W,1.4270404810036168,1.6520000000000001,1.0902,2.7680000000000002
RTN2,2.799504535067552,4.4510000000000005,2.0065999999999997,7.619
BAP3,0.5496143429306415,2.97,0.7836000000000001,3.7860000000000005
DBF4,1.6113006079378331,2.017,1.2864,4.186
MKC7,0.620013938579421,1.47,0.35140000000000005,3.0989999999999998
LYS4,1.5821446135250474,3.2479999999999998,0.8622,6.585999999999999
HSP78,4.085986636710744,4.986,2.8456,8.314
SWR1,0.5768597911608854,1.7920000000000003,0.5316000000000001,3.882
CYM1,1.1330710814238985,1.77,0.9015119430924747,3.4515597154623734
PPZ2,1.696499916397682,2.1609999999999996,1.2364,3.4309999999999996
MNN1,0.8929763498307093,1.073,0.6984,3.342
MET6,0.8349861063708447,2.7199999999999998,1.1221999999999999,3.518
PYC1,2.425763779930384,3.177,2.0582000000000003,3.511
AMS1,2.495613094128653,3.432,2.0416,4.242
RCK1,1.5505413600614186,2.495,0.9856,4.881
PDE1,1.4933903551351997,1.874,1.1088,2.9130000000000003
RMR1,2.010840397105836,4.067107242339833,1.1824,11.258892757660167
VEL1,1.3350338659726908,1.6179999999999999,0.9682000000000001,3.0060000000000002
SLX9,0.8889236161615948,1.712,0.6098000000000001,3.857
RPL11B,1.3593956651586496,2.284,0.9594000000000001,4.176
ATF2,1.762700228415847,2.8120000000000003,1.0224,5.8180000000000005
HGH1,1.501507052284809,2.412,0.8859999999999999,4.572
YGR273C,1.5266400497833794,2.099,1.0908000000000002,3.1410000000000005
YOR1,0.9568258603548597,1.423,0.6934,2.58
YGR283C,1.1847439117906047,1.698,0.6946,4.321
YHR033W,1.3839960499940245,2.256,0.9418,4.173
LYS12,0.7090616364123029,1.25,0.4476,2.977
BMT5,0.9779758430533037,1.811,0.5952,3.335
MET28,1.8499138582430068,1.955,1.3896000000000002,2.5020000000000002
FLO11,1.3199242329081144,1.5230000000000001,0.9084000000000001,2.5900000000000003
MPM1,1.9495189367510941,2.4459999999999997,1.3858000000000001,3.758
YJL068C,1.3101085492654327,1.9449999999999998,1.1484,2.3259999999999996
YJL070C,1.1272759460789321,1.333,0.7724000000000001,2.7560000000000002
PIR5,0.9175996294533612,2.014,0.5132,4.350999999999999
TPK1,2.036638868035735,2.961,1.3947999999999998,4.936
QCR8,1.1547141059023986,1.857,0.7358,3.6420000000000003
RAD26,1.1756358220683905,1.8010000000000002,0.8200000000000001,3.119
YJR037W,1.4199571811187655,1.8,0.9591999999999998,3.404
YJR039W,1.5231105567070142,1.9849999999999999,1.066,3.3120000000000003
YET1,1.0219840243174272,1.576,0.6696,3.075
RPS27A,1.4622919933836578,2.205,1.0278,4.366
KNS1,2.2737977503651505,2.8179999999999996,1.684,4.0120000000000005
POM33,0.7798809427976658,1.445,0.5682,4.143000000000001
RPS0B,1.479519846758141,2.496,1.0422,4.385
OSW2,1.160275416739636,1.8639999999999999,0.9114000000000001,5.103
PUT1,3.247160619332177,3.88,2.3770000000000002,5.89
SPE4,1.2688154050839717,1.635,0.8100000000000002,2.79
PEP3,1.0529036182112328,2.072,0.8096,3.94
SGD1,0.7937792650815332,1.355,0.4542,2.872
YLR338W,1.4384557268546283,1.848,1.1366,2.4530000000000003
FKS1,0.6740038474000837,1.1860000000000002,0.5446000000000001,3.2760000000000002
CAR2,1.8575634796209506,2.979,1.2176000000000002,5.529000000000001
DAK1,0.903439750685739,1.823,0.6974,4.771
BET5,2.6016781806294214,3.4850000000000003,1.9706,5.344
TRM732,0.777413934192459,1.428,0.45899999999999996,3.8049999999999997
TPS3,1.556080830026461,2.037,1.0132,3.751
IDH1,1.5799199907185177,2.1229999999999998,1.2342,2.7800000000000002
ESBP6,1.7673285332549655,2.886,1.2196,4.726
ATG4,1.2686208721246657,1.639,0.9316000000000001,2.709
YNL319W,1.0590023725661357,1.5579999999999998,0.755,3.5239999999999996
CSI2,0.8091841549537185,1.098,0.6156,2.93
YPQ1,1.2611690664719633,2.162,0.8973999999999999,4.326
COQ3,1.1784739194426406,1.69,0.8436,2.971
CIN5,3.449309387782101,3.955,2.3764000000000003,8.181000000000001
HMS1,1.7615568211547434,1.9700000000000002,1.3218,2.6990000000000003
GCY1,2.381367846061239,3.465,1.6896,6.252
UBP2,1.0426609706039176,1.696,0.8043999999999999,2.8920000000000003
SPR2,1.380402538260514,2.078,0.905,3.6209999999999996
RCN2,2.25770535994908,2.776,1.5313999999999999,4.788
RPB8,1.0289571452903385,1.624,0.571,3.206
NOP58,2.575966344881235,4.771,1.5681999999999998,8.695
RPL20B,1.2481106999479383,2.118,0.8448,4.09
RRP12,1.4116865444655025,3.213,0.8172,6.836
YPL014W,1.4212805731298521,1.632,0.9927999999999999,2.822
SWI1,1.0405636941544654,1.22,0.792,3.439
CTF19,1.3754966980173353,1.904,1.0462,2.657
ULP1,1.4834747635659884,1.8,0.9937999999999999,2.885
RAD1,1.2953854818745105,1.75,0.775,3.3549999999999995
GDE1,0.9308648266034986,1.5610000000000002,0.6636,4.198
AGC1,0.9858951023537741,1.758,0.6648,4.067
RGC1,1.5879317024487982,2.077,1.076,3.4410000000000003
YPR117W,1.1449958628623245,1.633,0.6962,3.3289999999999997
YDR215C,0.8061008935612863,1.31,0.5494,3.229
HSP78,5.629374281924104,6.7170000000000005,4.0858,10.429
GUT2,2.18903884326191,2.917,1.5932,4.734
YJL113W,1.200344017875842,1.571,0.8058,2.916
BSC5,2.3837216925604015,2.811,1.6492,4.638
CMK2,2.6315020590015674,3.22,1.7811999999999997,6.4190000000000005
DCK1,1.314481877920995,2.3,1.0528,3.96
MYO5,0.45605059676838977,1.693,0.44279999999999997,3.482
YPR012W,0.8914504839825039,1.4929999999999999,0.5508,3.1709999999999994
YBR286W-1000,1.2967660022494225,2.636,0.7734000000000001,4.925
TPO4,3.691101556551758,4.074,2.5328,7.118
NSR1,0.911383612714919,4.05,0.974,8.057
YSC84,1.1837198345605304,1.629,0.7802,4.067
PFA4,0.7315939430093428,1.399,0.4586,3.1689999999999996
RPB11,3.5253555455626775,5.002000000000001,2.3690000000000007,9.369000000000002
CSI2,2.1721308529704646,3.24,1.5559999999999998,4.994
YPQ1,1.915463427421141,2.5020000000000002,1.282,10.99
RFC4,1.1258833977746947,1.371,0.8778,6.246
COQ3,1.3758912383504787,2.9571072423398324,0.8348073240844892,5.9579659985050615
SDD3,1.57340791136492,3.445,0.8492073240844894,8.073073240844893
TPT1,1.154984572824974,2.6691072423398325,0.7040502210204224,5.378965998505063
YOR022C,1.6790498647502168,3.2741072423398325,1.3018502210204221,6.065965998505062
YOR024W,0.8982635442671782,1.6281072423398326,0.526442896935933,3.2761072423398327
BUB3,1.2384989105773336,2.6681072423398327,0.7489309538434583,5.346452473122541
CIN5,1.4844347209521809,2.2871072423398324,0.9272,6.633892757660167
DFG16,2.2393647913165586,3.753,1.8527999999999998,6.239000000000001
HMS1,2.047680538622875,3.251,1.8125779462247742,4.052559715462373
GCY1,1.0653077841700158,2.4271072423398325,0.6092073240844894,4.897965998505062
UBP2,1.1881921619020523,2.7151072423398324,0.6783382779279477,5.424525713967435
IAH1,1.301235143051858,2.8481072423398324,0.9316073240844893,7.3249659985050615
ADE2,1.3394094495470363,3.1061072423398324,0.8090073240844893,6.840965998505061
SPR2,1.0977054535573703,1.631,0.6976,3.5060000000000002
RCN2,2.410983395885414,2.7430000000000003,1.7088,4.673
RPB8,0.9038620556809824,1.483,0.5624,3.7220000000000004
NOP58,2.384750245677343,4.462,1.486,8.317
RPL20B,1.3450546823627256,2.21,0.9822,4.395
RRP12,1.3603947416204187,1.9100000000000001,0.9314,3.043
YPL014W,1.7101602887175051,2.118,1.1996,3.6319999999999997
SWI1,1.8561876111511386,2.632,1.254,4.749
ULP1,1.1586681248895918,1.923,0.6778000000000001,3.763
GDE1,1.5706989765284085,1.837,1.1446,2.9859999999999998
PEX25,1.0560100687026788,1.72,0.6184,3.3859999999999997
YPL114W,1.393884230206726,1.846,0.9724,3.101
HRR25,0.6525319466036057,1.619,0.5761999999999999,4.757
THI6,0.9089287108903199,2.523,0.8024000000000001,4.710000000000001
YPR027C,0.7849889926241538,1.294,0.5179955997513984,3.13
RGC1,0.9275783601421903,1.226,0.672,2.8819999999999997
YPR117W,0.8463146282979668,1.119,0.5430044002486016,2.7819999999999996
SSA3,3.4197721940847607,4.742,2.48,8.218
YBL083C,0.7797347147167044,1.486,0.5342,3.341
BOI1,1.1884433690404808,1.685,0.7696,3.248
YRO2,2.346340714853802,2.887,1.876,3.378
YBR056W,1.9505940818668395,2.726,1.3923999999999999,4.695
RPB5,1.2741835713205405,1.9289999999999998,0.9148,3.131
ENP1,2.6085245102060184,3.9789999999999996,1.6881999999999997,7.5329999999999995
ARO4,1.235435932018599,2.109,0.9725999999999999,3.6100000000000003
GLK1,3.931551883364383,5.151999999999999,2.9086,8.203
YCL042W,3.5397453201144535,4.325,2.5692,6.945
YCR056W,1.9894023931754496,3.566,1.2610000000000001,6.887
NOP1,2.4281334614623047,3.9190000000000005,1.7504000000000002,6.696000000000001
RPN4,1.2923467542646807,1.742,0.8394,2.932
GPD1,2.760900850280568,3.2809999999999997,1.964,4.901999999999999
DIA3,1.5989766860484784,2.146,1.186,3.382
TMA17,1.5016643507916019,2.455,1.0337999999999998,4.561999999999999
YDL206W,2.200166601220942,3.078,1.9081999999999997,3.078
UGA4,0.6854573594634967,1.3418927576601676,0.7218898893172491,3.3021072423398325
SHR3,1.9761448284281147,2.4494402845376264,1.686888056907525,3.3074402845376265
RRI1,0.30201153431887584,1.4991072423398326,0.39988988931724906,2.499791650832658
RPS13,1.4320079954281817,1.88,1.119,2.701
HXT7,3.597805744972704,5.0440000000000005,2.408,9.562
SVF1,1.349336281914829,1.7469999999999999,1.0288,2.74
FIT1,1.3961023520540907,1.5899999999999999,0.9504000000000001,2.642
SSA4,5.681360746218472,7.441000000000001,3.8774,13.499
YFL012W,0.6021198255622788,1.46,0.3628,3.379
RPL7A,1.592684939096217,2.317,1.2804,3.4139999999999997
DBP3,2.5780866619830145,3.939,1.8318,6.785
SPO74,0.7898227721738939,1.108,0.623,3.351
YGL262W,0.9196422432015761,1.799,0.6082,3.3760000000000003
NOP7,3.0111294754037736,4.885,2.3562000000000003,8.187999999999999
CRH1,0.482003695881708,1.237,0.5262,2.0149999999999997
IMA1,1.4091618113920283,2.028,0.9907999999999999,3.447
MAL11,1.5311631564540231,1.935,0.9958,3.506
PUT2,0.9672246975965431,1.911,0.6796,4.136
BCD1,1.14057520443376,2.021,0.8188000000000001,3.602
NCP1,0.8940817731716719,1.44,0.5906,2.976
ARO9,3.4205219989233657,5.21,2.3436,9.33
TIR3,0.9621106671105403,1.6949999999999998,0.9166000000000001,1.739
YIL102C,1.0790790255749974,1.538,0.7246,3.3910000000000005
DAL1,1.4296159869848342,1.643,1.1958,1.987
SMC3,0.6822876919134446,0.984,0.49939999999999996,3.5860000000000003
PRY3,0.8257050552504958,1.5139999999999998,0.5136,3.375
IML2,1.8474383166411084,2.144,1.2396,3.753
CPS1,1.2719731651336519,1.5450000000000002,1.0580000000000003,1.6630000000000003
URB2,1.5641124530520472,2.886,1.0719999999999998,5.151000000000001
BAT2,1.2854351819063004,2.644,1.1734000000000002,3.91
TEF4,0.8866349579980679,1.74,0.8099999999999999,2.4800000000000004
KKQ8,1.214224073538035,1.538,0.7288,3.068
EBP2,2.6668964535905206,4.32,1.9314,7.146000000000001
GAP1,1.3678101370058822,1.724,0.999,3.6630000000000003
GRC3,1.17507220520941,1.917,0.7652,3.5749999999999997
ERG3,1.3943373908990337,2.485,0.8398,5.1610000000000005
SHM2,0.6389986591629513,2.2649999999999997,0.9174,2.5749999999999993
YLR062C,1.6246143380611877,2.355,1.2442,3.8129999999999997
YLR152C,1.8309031789743524,2.443,1.2128,4.303
YLR162W,0.8979317780945254,1.5859999999999999,0.5748,3.3129999999999997
YLR252W,2.5549612545737856,3.178,1.7526,5.444
GSY2,3.267811730674436,4.383,2.3007999999999997,7.323
RPL26A,1.1658360176380862,1.875,0.8854,3.029
CIS1,0.9233382894353844,1.682,0.5808,3.1079999999999997
DIC1,0.7743497851270058,1.4249999999999998,0.7626,1.5350000000000001
RPL6B,1.3383058718167675,2.096,0.9480000000000001,3.699
HMG2,1.4537218760281383,2.198,1.0226,3.835000000000001
AIM33,1.0758259310161051,1.9409999999999998,0.722,4.189
YML089C,1.2477197834725038,1.6429999999999998,0.7951999999999999,3.412
RPM2,1.8626326226608452,2.466,1.1522000000000001,4.7490000000000006
UTP14,1.87890962205436,3.687,1.2451999999999999,7.23
STB2,1.7005928008797273,2.034,1.1492,3.3959999999999995
ATG16,1.3681863744985172,2.081,0.8295999999999999,4.028
TMA23,1.2042903370522313,1.633,0.8667999999999999,4.352
PRM15,1.374391819601839,1.9209999999999998,1.0722,2.533
LAP2,1.2296935132428997,1.771,0.9468,2.872
AAH1,2.551360942837392,3.887,1.8188,6.819000000000001
YTP1,1.788344172886368,1.901,1.2742,3.08
ZWF1,1.4673668524929506,2.268,1.1072,3.9789999999999996
IRC10,1.16101513127522,2.1310000000000002,0.7532000000000001,4.025
GLO4,1.4391311724454714,2.133,1.065,3.9469999999999996
BAG7,2.3591104976243646,3.017,1.6789999999999998,5.082
IDH2,1.638153114616466,2.963,1.3108,5.126999999999999
RPL33B,1.0665266894830348,2.122,0.7306000000000001,3.863
DFR1,1.221188237593074,2.035,0.8559999999999999,4.4319999999999995
NAN1,2.091030308985932,3.646,1.387,7.1000000000000005
RPL1A,1.593275703981607,2.542,1.3068000000000002,3.838
NEW1,2.144618019576998,3.62,1.4195999999999998,6.669
RPS21B,1.0337331737420263,1.452,0.8712,1.7659999999999998
MPP10,1.98327133549498,3.256,1.402,5.604
YOR062C,1.3636100910486104,1.921,0.9601999999999998,3.325
DCS2,2.5334691819628916,3.42,1.7382000000000002,6.298
ESC1,1.5747979608816207,2.196,1.2246,5.247
YKU70,1.3835426103000095,1.7469999999999999,0.9056000000000001,3.195
POL1,0.9450669493598534,1.508,0.7564,3.599
YBR286W-1400,0.9558576337154447,1.408,0.6552,3.434
YBR286W-1600,1.179662206250127,1.397,0.7866,2.6559999999999997
RPA43,2.640012672435204,3.957,1.7668,7.143
YOR342C,1.0373973401191978,2.123,0.6636,3.922
MDM12,1.6829748342233226,2.074,1.1016,4.492
ESC8,0.9916108479455705,1.717,0.7512000000000001,2.6750000000000003
NDJ1,1.4570437813448462,1.8370000000000002,1.0908000000000002,2.766
YOL106W,1.2962763714064653,1.71,0.8870000000000001,3.3419999999999996
INO4,1.5041669763955223,2.9501072423398327,1.0872073240844895,6.943965998505062
SHR5,3.2392295794661905,5.335,2.1107926759155107,10.007000000000001
MSB4,2.229713377660196,3.692,1.8083926759155105,5.9319999999999995
PTH4,0.9702718859054135,1.8461072423398326,0.7022502210204224,3.1949659985050616
AKR2,1.9216904896319202,2.7531072423398326,1.0449694505307896,5.476666957802205
PEP12,0.9219261168052482,1.537,0.7276,2.633
HIR2,1.3460821744879437,2.9501072423398327,0.8022953809920146,7.993406283042688
GLO4,1.8556020332038559,3.7641072423398323,1.2324,8.072892757660167
CUE5,0.9117651277761732,1.0198927576601675,0.6,4.019892757660168
IRC23,1.47509305596479,1.922,0.8560000000000001,7.993
VPS17,1.6057387043590174,2.0671072423398327,1.0960428969359328,6.434892757660167
BAG7,1.5159736810470554,2.534,1.1280000000000001,4.0969999999999995
IDH2,1.1230746147703332,2.3021072423398325,0.9342384966873315,6.851936760146183
SFL1,1.4863399736011975,2.0951072423398327,1.0258,6.8938927576601685
MCP1,1.1309084814048829,1.545,0.7074,3.065
WTM1,1.1211775748816684,1.711,0.8009999999999999,2.875
DFR1,0.9510146728534679,1.528,0.7632,2.239
PDR10,1.6967258714901394,2.018,1.2952,2.6619999999999995
TRM44,0.9036697874175559,1.5090000000000001,0.5616,3.1239999999999997
SVL3,1.2702024622337316,1.8451072423398327,0.7924428969359331,3.9581072423398327
NAN1,1.856104756246924,2.806,1.3346000000000002,5.175
RPL1A,1.5529831200439885,2.3840000000000003,1.2548000000000001,3.6159999999999997
NEW1,1.7993694058490495,2.849,1.193,5.37
HTS1,1.0118612839783436,1.58,0.6828,3.006
CTF4,1.3035626713743778,1.775,0.8320000000000001,3.179
MST28,0.6756697035101038,1.7859999999999998,0.6426,2.9909999999999997
PRX1,2.5994237461374254,3.533,1.9316,5.822
PRS4,1.6626117479970461,2.593,1.1645999999999999,6.079
RPS8A,1.5785886486399856,2.379,1.2776,3.553
YBR053C,2.1305689329793918,2.981,1.6471999999999998,4.4559999999999995
YBR137W,1.3000427759876032,2.0039999999999996,0.9461999999999999,3.3129999999999993
YBR139W,2.2476419377015633,3.135,1.7082000000000002,4.784
SUP45,1.481669568800869,1.936,1.0634,3.146
RTC2,1.860232696612306,2.6399999999999997,1.3695999999999997,4.148
YBR238C,1.612065782691384,2.782,1.1166,4.9719999999999995
GRX1,1.1089904505228727,1.8490000000000002,0.8766,3.0740000000000003
SRO9,1.6260219190526863,2.904,1.0364,5.7780000000000005
RRT12,1.6333917866905359,2.6740000000000004,1.2306880569075254,4.083559715462374
MCD1,1.013289035840217,1.386,0.7322,3.1109999999999998
YDL109C,1.093351185714348,1.7850000000000001,0.844,5.085
YDL199C,2.057709754811665,2.6310000000000002,1.4834,4.1259999999999994
TRM8,1.9635800960870609,2.9370000000000003,1.2828,5.526
NRG1,1.899053016747698,2.209,1.3778000000000001,3.148
RPC11,1.3308353601772285,1.931,0.8654,3.685
RMD5,1.0606109420742182,1.729,0.7234,3.021
FCF1,1.2255452523433936,1.642,0.8306000000000001,2.917
TIF35,1.639428600282403,2.351,1.1808,3.8369999999999997
PPM1,0.7812209579264349,1.111,0.5812,2.678
QCR7,1.171455880089487,2.018,0.8475999999999999,3.2969999999999997
HSP31,1.9975928221955441,2.804,1.5834,4.13
NUG1,1.4898874694687656,2.269,1.1283999999999998,3.903
SHC1,0.7826470324032633,1.544,0.6992,2.298
YFL-TYB,0.7486335441556153,1.495,0.553,3.9209999999999994
SPB4,1.6730310015929835,2.357,1.1614,3.93
ARI1,1.2825362095787638,1.768,0.9644,2.5729999999999995
HXK2,0.4852367932103804,1.097,0.5196,2.1060000000000003
ZRT1,0.9060235269817953,2.382,0.9911999999999999,2.382
YPS5,1.5502641427989188,2.311,1.1028,5.146
PIL1,0.9914454849709047,1.6,0.6774000000000001,2.9640000000000004
CTT1,3.853259344551126,5.166,2.6056000000000004,9.33
BUB1,0.8274347042365165,2.124,0.7536,5.6129999999999995
PXR1,1.814473420773088,3.176,1.4168,5.616
SLT2,0.7789444380241837,1.404,0.6396,3.315
FUR1,1.1320512404736203,1.73,0.7728,3.082
PHO12,1.8199170218136473,2.8579999999999997,1.3871999999999998,4.890000000000001
RSM25,0.36351461236654553,1.482,0.45220000000000005,2.3440000000000003
FYV10,1.043198616477192,1.5339999999999998,0.6252,3.125
SGA1,2.2230279670964332,3.266,1.4789999999999999,6.115
XBP1,3.394257186284169,4.5,2.432,7.163
SQT1,1.4824388600566085,2.302,0.9970000000000001,4.12
YIR016W,1.7987424668499687,2.622,1.1724,4.889
YJL067W,1.6149761991921814,2.428,1.2036,3.822
UTP18,2.057433702007316,2.8550000000000004,1.3282,5.476000000000001
HSP150,1.0990884090810207,2.21,0.9189999999999999,3.745
FMP33,2.2667496291735927,3.4450000000000003,1.686,5.713000000000001
YJL163C,1.8348911922189488,2.2910000000000004,1.2486000000000002,4.1930000000000005
HAL5,1.3062260024164098,2.003,0.778,3.8009999999999997
HUL4,0.8940833111569934,1.5290000000000001,0.5412,3.2689999999999997
RSF2,1.4837662224932089,1.983,1.0694,2.9250000000000003
MSN4,1.215960547034321,2.231,0.7499999999999999,4.155
PIR3,0.9678299208954578,2.399,0.8455999999999999,4.306
YLL020C,1.877038420556659,2.58,1.3706,3.9170000000000003
SSA2,1.3724144391086257,2.315,0.9016,4.167000000000001
HSP104,4.735336453272794,6.422000000000001,3.2456000000000005,11.001999999999999
FCF2,1.4662209042772543,1.9289999999999998,1.0615999999999999,3.1929999999999996
YLR149C,2.4144045178464517,3.3840000000000003,1.5806,6.618
CSC1,1.2218684086726839,1.609,0.9635999999999999,2.203
VRP1,1.3863955200500384,2.13,1.0762,3.333
YLR339C,0.6829820516485663,1.759,0.6457999999999999,2.9080000000000004
GAS2,0.8697074464129205,1.446,0.7205999999999999,4.156000000000001
TSR2,1.7607311463330166,2.435,1.2734,4.191
DUS1,1.219621407437283,2.4299999999999997,0.766,4.967
YET2,1.7534072684674835,1.9040000000000001,1.3254000000000001,2.62
ERB1,2.138941998355502,3.691,1.4092,7.3999999999999995
YIM1,1.1296567712836716,2.025,0.7817999999999999,3.8259999999999996
TIF11,1.0011037654910284,2.3569999999999998,0.9218,3.8709999999999996
HHF2,0.619764384795351,1.8840000000000001,0.5968000000000001,3.6660000000000004
NCE103,2.955345688201109,3.616,2.2232000000000003,5.210000000000001
YNL040W,1.706769013411416,2.634,1.5592,2.634
KRE33,2.7717230981067944,5.186,1.7930000000000004,9.943000000000001
YNL134C,1.765438249153169,2.535,1.2500000000000002,4.460000000000001
YNL226W,0.9057049417569525,1.4,0.734,2.522
YNL228W,0.9840789539159185,1.818,0.7578,3.3229999999999995
TOP1,1.2860880332035531,1.76,1.0695999999999999,2.498
STI1,2.300654303700654,3.444,1.5524,6.167000000000002
YOR029W,0.908583742675144,2.31,0.8922000000000001,7.161
YOR121C,1.8340435272656168,2.723,1.3032,4.883000000000001
DSC3,1.54471807610954,1.767,1.171,2.3489999999999998
SFG1,1.4289337497090417,2.333,0.9968,4.147
FAA1,2.9096504819384896,3.7439999999999998,2.1881999999999997,5.526
IRC15,1.5058332234021574,1.8119999999999998,1.1831999999999998,2.4399999999999995
VTC3,1.3179472153544318,1.921,0.8666,3.787
CAR1,1.4710336424257355,2.26,0.9527999999999999,3.875
IDI1,1.1082610872182737,2.3249999999999997,0.6769999999999998,4.478
TYW1,1.3987796917251103,2.278,0.9276,4.683
NIP7,2.381507896626821,3.8329999999999997,1.7026,6.764
YME1,1.0875904160435463,1.669,0.8135999999999999,2.62
ATH1,2.3118870354864667,3.3360000000000003,1.8792000000000002,4.721
MRI1,1.2066731104714874,1.884,0.9141999999999999,3.311
UTP10,1.3602927670019338,2.529,0.825,5.022
URA2,0.5596011736444109,1.054,0.507,2.384
YNR068C,1.436318240146573,1.834,0.9334,3.207
PDR18,0.4214926715698497,1.527,0.40759999999999996,3.2569999999999997
NOP12,3.160566918594691,4.938,2.1158,8.575
AVO1,0.8637512006023331,1.5190000000000001,0.5258,4.255000000000001
ECM12,1.1793148091418355,1.873,0.9512,2.979
YLR419W,1.2448228186929562,1.929,0.8863999999999999,3.114
SEN1,0.8581304034253538,1.343,0.5105999999999999,3.646
HMG1,1.1988084349860855,2.197,0.6547999999999999,4.448
ECM5,1.0196875227199125,1.8719999999999999,0.6135999999999999,3.6869999999999994
YBR286W-850,0.9761929591744067,1.5299999999999998,0.6804,3.7359999999999998
ALA1,1.292079240073709,2.031,0.8868,3.91
IZH2,1.5045059989118326,2.213,0.9213999999999999,4.289
TRM10,2.472423885909713,4.680107242339833,1.4098384966873314,10.117107242339832
HMI1,1.6026443898794802,2.476,1.4188880569075253,3.111559715462374
IZH4,0.9893350787632851,2.3021072423398325,0.5678502210204224,4.454965998505062
ITR2,1.7201269268191721,2.5991072423398327,1.302685793871866,4.481107242339833
AHC1,1.3705149013541784,1.7171072423398326,0.9290428969359329,3.8981072423398326
HST3,1.1859440980640146,2.3461072423398326,0.8735382779279478,4.686525713967436
STI1,2.0909972774211827,3.6801072423398327,1.5198073240844894,7.725965998505062
YOR029W,0.6050429006802421,3.3021072423398325,0.7323401103376715,6.325965998505062
CRS5,1.3310188255901125,2.0220000000000002,1.2486000000000002,5.008
EXO1,0.8550919138256103,2.496,0.9042,6.006
RIO1,1.7917392490000221,2.8289999999999997,1.1006,9.625
YOR121C,1.5414093672922389,3.3301072423398326,1.0234428969359333,6.105892757660167
LEO1,1.3034309590329083,2.3301072423398326,0.9654073240844895,5.188965998505061
CAT5,2.121415872561902,3.6431072423398323,1.4780857938718661,6.447107242339833
RGA1,1.4982682828477816,2.6121072423398326,0.8878,7.605892757660168
AFI1,1.2850223617799397,2.3,0.9059999999999999,4.785
SPS4,0.8371097032113148,1.5150000000000001,0.7152000000000001,2.503
SFG1,1.7508036072876323,2.3729999999999998,1.279,3.763
FAA1,2.7605580750055845,3.83,2.0104,6.065
IRC15,1.6376924606030205,2.3259999999999996,1.3439999999999999,3.2039999999999997
VTC3,1.2640977314045747,1.853,0.8022,3.5869999999999997
ECM23,0.43636517940866143,1.948,0.53,3.4099999999999997
CAR1,1.4440380441924265,2.46,0.8452,4.804
DBP1,1.1370532866118717,2.8481072423398324,0.5818953809920147,5.789406283042688
TYW1,1.6672092052659515,2.872,1.094,5.3629999999999995
NIP7,2.5278471458939555,3.8649999999999998,1.8543999999999996,6.402
ATH1,2.3837610198196426,3.423,1.8608,5.116
YOP1,1.1114737785622153,1.683,0.8722,2.444
AXL1,1.034523513633671,1.347,0.693,3.4719999999999995
YAR037W,1.0715332810623468,1.848,0.9814,2.058
ILS1,1.2456600558072213,1.978,0.8596,4.377000000000001
PET112,1.1969903765663452,1.633,0.8328000000000001,3.61
CDC27,1.0047586986829522,1.703,0.5978000000000001,3.6120000000000005
MUM2,1.0343490451127129,1.795,0.7222,3.175
AKL1,1.8595273867042517,2.278,1.2217999999999998,4.23
ECM2,1.0240293875749429,1.6909999999999998,0.7712,3.0309999999999997
SPO23,0.9882725680933119,2.109,0.977,2.109
DUT1,0.9661364996946797,1.345,0.6567999999999999,3.034
BUD23,2.2068045705579666,2.897,1.4784,5.332
YCR051W,1.4018252036362133,2.007,0.9516,3.685
PWP2,2.9269125421437936,4.839,1.8592000000000002,9.27
PWP2,2.6791680631022676,4.04,1.7658,7.494000000000001
GPM2,1.2143303565155534,1.916,0.9364000000000001,3.6519999999999997
YDL023C,2.384366451271782,2.785,1.7258,4.212
ATG20,1.60122912838795,2.148,1.2898880569075253,2.6824402845376265
CYK3,0.757890641070325,1.1139999999999999,0.64,2.89
YDL121C,3.507747457527441,4.2620000000000005,2.4791119430924744,6.481440284537626
GLE1,1.5574598175106218,1.7284494465862454,1.1450825652327599,2.548898893172491
CWC2,2.5484245715259655,3.137,1.5904,6.459
YDL211C,0.34418202223414934,1.7171072423398326,0.4932073240844894,3.214965998505062
TIM22,1.0852548150195032,1.9809999999999999,0.9231999999999999,6.042
PST1,1.3632322253322067,2.567,1.2426000000000001,4.178999999999999
ACL4,2.05930043765256,2.8810000000000002,1.4758,4.755000000000001
HXT6,3.713366856964877,5.189,2.5380000000000003,9.494
RPS17B,1.6925675012416805,2.332,1.2822,3.7940000000000005
UTP6,2.324915661292793,3.294,1.5336,6.101
HEM14,0.9724202302299287,1.645,0.7567999999999999,2.9210000000000003
SPC25,0.6185934809591085,1.867,0.6644,3.225
RPS8B,1.4959611791732854,2.471,1.2076,3.9800000000000004
KAP123,1.7724139670588561,3.197,1.2858,6.351
YFR031BC,1.4863473140001406,2.181,1.1098000000000001,3.5969999999999995
AFT1,1.529848507825522,3.4000000000000004,1.4682000000000002,4.956
SUA5,1.5830325381706012,2.274,0.9808,4.577
ROK1,2.7041456873153167,4.428,1.7814,8.452
STF2,1.562067956790341,2.6799999999999997,0.9815999999999999,5.465
XKS1,2.2224503638787048,3.3289999999999997,1.5372,5.5969999999999995
ELP2,1.6970005471944107,2.808,1.0572,5.681
BIO2,0.7284902459263485,1.0630000000000002,0.5680000000000001,2.941
MSC7,0.7345492501612515,1.692,0.6752,4.1259999999999994
WSS1,0.6546519400689785,1.3418927576601676,0.4774898893172491,4.663892757660168
SPL2,1.2938481547047522,1.804,0.8846,3.0949999999999998
YHR138C,1.4929062156073083,2.592,0.9962,5.213
YHR140W,0.716603538214613,1.581,0.6306,3.511
URM1,0.927563566464978,1.953,0.7767999999999999,3.4370000000000003
PFK26,1.2969258239507713,1.945,1.0304,3.0020000000000002
COX5B,1.4620499992643197,2.1310000000000002,1.0632,3.6660000000000004
SDP1,1.8794718663406855,2.4589999999999996,1.1922,4.744999999999999
YVH1,2.0035692727878085,2.725,1.492,4.5120000000000005
RPL17B,1.5558563801979606,2.29,1.1316000000000002,3.969
NUP85,0.6741655794101893,1.4249999999999998,0.5337101106827509,4.644
TAH11,1.544653121555458,2.401,0.9614,4.32
CYC1,0.5899655291745229,1.738,0.6262,3.308
RPS4A,1.495251659077807,2.128,1.1356000000000002,3.513
HMS2,0.9737326086759936,1.198,0.6006,2.6029999999999998
YJR149W,0.6427508805509243,1.727,0.5428,4.159000000000001
DHR2,3.0333208525369737,4.45,2.1986,7.787
RRP14,1.6895804151835048,2.319,1.2092,3.901
PET10,0.8238648223942358,1.617,0.6968000000000001,3.593
TPO1,1.530823600147405,2.02,0.9324,4.064
YLL032C,2.252389354398627,3.537,2.0344,4.097
RIX7,2.217289208607662,3.436,1.4726000000000001,6.497
RPL22A,1.5586773040011623,2.2729999999999997,1.1556,3.6339999999999995
BMT6,1.418061981198527,1.9060000000000001,0.913,3.753
YEF3,1.935563843188225,3.277,1.461,5.963
SYM1,2.198548681179151,3.2249999999999996,1.5695999999999999,5.29
YLR255C,0.7714161661164671,0.978,0.5978000000000001,4.538000000000001
HSP60,1.8226990423856546,2.446,1.5282,2.904
YLR345W,1.478021942613624,2.068,1.0097999999999998,3.7199999999999998
ILV5,2.2125789711485107,2.898,1.376,5.205
RPS1A,1.5805088352343675,2.4,1.2833999999999999,3.5890000000000004
FPR4,1.9420405458877048,2.836,1.4609999999999999,4.62
YML090W,1.2849248076417512,1.8850000000000002,0.8144000000000002,3.4720000000000004
RAD10,0.8390137033185898,1.561,0.5568,5.446999999999999
FET3,0.6780089366668076,1.9489999999999998,0.7246,3.205
DNF3,0.5334154945528068,1.451,0.4766000000000001,4.57
ALD2,2.64286880029878,3.917,2.062,6.135999999999999
YNL144C,1.1014989912839437,1.328,0.7192,3.1580000000000004
CIT1,2.138872070484598,3.011,1.5902,5.111
RCL1,2.986983995710548,3.9320000000000004,1.8436,7.687
YOL014W,0.8469268805887719,1.17,0.6219999999999999,4.051
CMK2,2.5963421130806923,3.486,1.6448000000000005,6.213000000000001
EFT1,1.168018943820114,1.87,0.9168000000000001,3.112
YOR135C,1.4912355267604716,2.673,1.2234,4.38
HER1,1.2686501721840129,1.7559999999999998,1.0108,2.3099999999999996
KIN4,1.0681164472278402,1.425,0.7446,3.2880000000000003
HES1,0.81920043805579,1.287,0.6466,3.142
SRL4,0.7411039006131763,0.909,0.6052000000000001,2.54
RNY1,1.5013205097760123,2.395,1.1352,4.05
BMS1,1.2958830248142226,2.085,0.9486000000000001,3.965
GRE1,2.219714531372368,2.919,1.7890000000000001,3.947
CSR2,2.2200538284672495,3.638,1.4712,6.811
RPS23B,1.5680157630921538,2.2039999999999997,1.2393999999999998,3.3129999999999997
YPR136C,1.2934797711203032,1.701,0.9024000000000001,2.8729999999999998
PUF6,3.0592864347804105,4.147,2.1754000000000002,6.859
TOR1,1.791002768804908,3.138,1.3062,5.6080000000000005
RRP5,2.176026638620958,3.561,1.5530000000000002,6.478
TPS3,1.7291653233643485,2.583,1.2056,4.524000000000001
YBR286W-1250,1.369418194535934,1.722,1.1148,2.181
YBR286W-1350,1.1977358237463986,2.4299999999999997,0.7207999999999999,6.579999999999999
RPA190,1.1744390238344384,1.671,0.8947999999999998,2.758
GDS1,0.9582156989973394,1.455,0.5748,3.378
PRT1,1.3436399756903514,2.036,0.9532,3.3569999999999998
RTT107,2.828549822916199,3.775,1.7272000000000003,7.452
RSM25,0.7265681204783002,1.167,0.5782,3.373
SLM1,2.38562368084874,3.378,1.4431999999999998,6.4510000000000005
RCL1,1.3389631531869128,3.005,1.0634000000000001,8.322
HTZ1,1.410374613803119,1.923,0.9206,4.462
TLG2,1.4049398484261095,2.116,0.9231999999999999,3.979
WSC3,2.4032469226723365,5.871107242339833,1.2694953809920146,12.665406283042689
YOL107W,1.3060799081727257,2.7171072423398326,0.8852502210204225,4.740965998505062
MDY2,2.350481230023542,5.787107242339833,1.282245820771821,12.069010000991078
PAP2,1.432525392769494,2.6241072423398326,0.9916073240844894,5.291965998505062
SHE4,2.0011349920150954,4.439107242339833,1.2348073240844895,9.506965998505061
CYC2,1.746846679452887,3.9431072423398326,1.0778502210204224,7.192965998505062
TOM6,1.2874187165604807,3.2281072423398327,0.6578953809920147,6.549406283042688
EFT1,0.8953278477331176,1.9501072423398327,0.6622458207718209,5.132010000991078
SIA1,0.5921764522980968,1.4711072423398326,0.3064953809920147,3.0354062830426884
ARP8,1.0275315513994605,2.2201072423398327,0.7260502210204225,4.955965998505063
RNY1,1.7093495506099434,2.651,1.2413999999999998,4.802
HHO1,1.0047801187808265,1.698,0.9782,2.304
RPL5,1.0085648807684748,1.4651072423398328,0.7310000000000001,4.744892757660168
BMS1,1.0790093100292146,2.0700000000000003,0.805,4.018000000000001
FLC1,1.441917291826012,1.7279999999999998,1.1216,2.174
GRE1,1.1505351915738993,2.088,0.9065999999999999,3.8710000000000004
CSR2,2.4299108941084944,3.553,1.7226,6.106999999999999
RPS23B,1.3602122518384436,1.8719999999999999,1.1198,2.463
