pair_type,mode,left_observation_id,right_observation_id,left_group,right_group,equivalent,available_component_count,failure_reasons,boundary_hits,boundary_sensitive,hash_equality_used_for_equivalence,component_results_json
target_target,strict,obs_15dfea45916d6869fc8b2e34,obs_1a5fe18454a72c010723b68e,target,target,True,6,,,False,False,"[{""availability"": ""available"", ""component"": ""d_inv"", ""passed"": true, ""tolerance"": 0.4, ""value"": 0.3770421455678638, ""within_boundary_epsilon"": false}, {""availability"": ""available"", ""component"": ""d_struct"", ""passed"": true, ""tolerance"": 0.5, ""value"": 0.33333333333333337, ""within_boundary_epsilon"": false}, {""availability"": ""available"", ""component"": ""d_spec"", ""passed"": true, ""tolerance"": 0.5, ""value"": 0.47727968175725527, ""within_boundary_epsilon"": false}, {""availability"": ""available"", ""component"": ""d_causal"", ""passed"": true, ""tolerance"": 0.1, ""value"": 0.0, ""within_boundary_epsilon"": false}, {""availability"": ""available"", ""component"": ""d_time"", ""passed"": true, ""tolerance"": 0.25, ""value"": 0.17819353741496596, ""within_boundary_epsilon"": false}, {""availability"": ""available"", ""component"": ""d_addr"", ""passed"": true, ""tolerance"": 0.05, ""value"": 0.0, ""within_boundary_epsilon"": false}]"
target_target,exploratory,obs_15dfea45916d6869fc8b2e34,obs_1a5fe18454a72c010723b68e,target,target,True,6,,,False,False,"[{""availability"": ""available"", ""component"": ""d_inv"", ""passed"": true, ""tolerance"": 0.45, ""value"": 0.3770421455678638, ""within_boundary_epsilon"": false}, {""availability"": ""available"", ""component"": ""d_struct"", ""passed"": true, ""tolerance"": 0.55, ""value"": 0.33333333333333337, ""within_boundary_epsilon"": false}, {""availability"": ""available"", ""component"": ""d_spec"", ""passed"": true, ""tolerance"": 0.55, ""value"": 0.47727968175725527, ""within_boundary_epsilon"": false}, {""availability"": ""available"", ""component"": ""d_causal"", ""passed"": true, ""tolerance"": 0.2, ""value"": 0.0, ""within_boundary_epsilon"": false}, {""availability"": ""available"", ""component"": ""d_time"", ""passed"": true, ""tolerance"": 0.3, ""value"": 0.17819353741496596, ""within_boundary_epsilon"": false}, {""availability"": ""available"", ""component"": ""d_addr"", ""passed"": true, ""tolerance"": 0.25, ""value"": 0.0, ""within_boundary_epsilon"": false}]"
target_target,strict,obs_423d19db444cd1e59704599b,obs_8e2a3670273441ac539de39a,target,target,True,6,,,False,False,"[{""availability"": ""available"", ""component"": ""d_inv"", ""passed"": true, ""tolerance"": 0.4, ""value"": 0.2668084637230561, ""within_boundary_epsilon"": false}, {""availability"": ""available"", ""component"": ""d_struct"", ""passed"": true, ""tolerance"": 0.5, ""value"": 0.45454545454545453, ""within_boundary_epsilon"": false}, {""availability"": ""available"", ""component"": ""d_spec"", ""passed"": true, ""tolerance"": 0.5, ""value"": 0.39431611175798237, ""within_boundary_epsilon"": false}, {""availability"": ""available"", ""component"": ""d_causal"", ""passed"": true, ""tolerance"": 0.1, ""value"": 0.0, ""within_boundary_epsilon"": false}, {""availability"": ""available"", ""component"": ""d_time"", ""passed"": true, ""tolerance"": 0.25, ""value"": 0.1577853231292517, ""within_boundary_epsilon"": false}, {""availability"": ""available"", ""component"": ""d_addr"", ""passed"": true, ""tolerance"": 0.05, ""value"": 0.0, ""within_boundary_epsilon"": false}]"
target_target,exploratory,obs_423d19db444cd1e59704599b,obs_8e2a3670273441ac539de39a,target,target,True,6,,,False,False,"[{""availability"": ""available"", ""component"": ""d_inv"", ""passed"": true, ""tolerance"": 0.45, ""value"": 0.2668084637230561, ""within_boundary_epsilon"": false}, {""availability"": ""available"", ""component"": ""d_struct"", ""passed"": true, ""tolerance"": 0.55, ""value"": 0.45454545454545453, ""within_boundary_epsilon"": false}, {""availability"": ""available"", ""component"": ""d_spec"", ""passed"": true, ""tolerance"": 0.55, ""value"": 0.39431611175798237, ""within_boundary_epsilon"": false}, {""availability"": ""available"", ""component"": ""d_causal"", ""passed"": true, ""tolerance"": 0.2, ""value"": 0.0, ""within_boundary_epsilon"": false}, {""availability"": ""available"", ""component"": ""d_time"", ""passed"": true, ""tolerance"": 0.3, ""value"": 0.1577853231292517, ""within_boundary_epsilon"": false}, {""availability"": ""available"", ""component"": ""d_addr"", ""passed"": true, ""tolerance"": 0.25, ""value"": 0.0, ""within_boundary_epsilon"": false}]"
target_target,strict,obs_4b796329fed4f21f3f9c32db,obs_0fcedd9b2f9a3aa20b670c73,target,target,True,6,,,False,False,"[{""availability"": ""available"", ""component"": ""d_inv"", ""passed"": true, ""tolerance"": 0.4, ""value"": 0.2134558758081538, ""within_boundary_epsilon"": false}, {""availability"": ""available"", ""component"": ""d_struct"", ""passed"": true, ""tolerance"": 0.5, ""value"": 0.33333333333333337, ""within_boundary_epsilon"": false}, {""availability"": ""available"", ""component"": ""d_spec"", ""passed"": true, ""tolerance"": 0.5, ""value"": 0.431956626556699, ""within_boundary_epsilon"": false}, {""availability"": ""available"", ""component"": ""d_causal"", ""passed"": true, ""tolerance"": 0.1, ""value"": 0.0, ""within_boundary_epsilon"": false}, {""availability"": ""available"", ""component"": ""d_time"", ""passed"": true, ""tolerance"": 0.25, ""value"": 0.1572184523809524, ""within_boundary_epsilon"": false}, {""availability"": ""available"", ""component"": ""d_addr"", ""passed"": true, ""tolerance"": 0.05, ""value"": 0.0, ""within_boundary_epsilon"": false}]"
target_target,exploratory,obs_4b796329fed4f21f3f9c32db,obs_0fcedd9b2f9a3aa20b670c73,target,target,True,6,,,False,False,"[{""availability"": ""available"", ""component"": ""d_inv"", ""passed"": true, ""tolerance"": 0.45, ""value"": 0.2134558758081538, ""within_boundary_epsilon"": false}, {""availability"": ""available"", ""component"": ""d_struct"", ""passed"": true, ""tolerance"": 0.55, ""value"": 0.33333333333333337, ""within_boundary_epsilon"": false}, {""availability"": ""available"", ""component"": ""d_spec"", ""passed"": true, ""tolerance"": 0.55, ""value"": 0.431956626556699, ""within_boundary_epsilon"": false}, {""availability"": ""available"", ""component"": ""d_causal"", ""passed"": true, ""tolerance"": 0.2, ""value"": 0.0, ""within_boundary_epsilon"": false}, {""availability"": ""available"", ""component"": ""d_time"", ""passed"": true, ""tolerance"": 0.3, ""value"": 0.1572184523809524, ""within_boundary_epsilon"": false}, {""availability"": ""available"", ""component"": ""d_addr"", ""passed"": true, ""tolerance"": 0.25, ""value"": 0.0, ""within_boundary_epsilon"": false}]"
target_control:periodic_diagonal_augmented_control,strict,obs_1a5fe18454a72c010723b68e,obs_8b93a56688ebc2bf7c184bb9,target,periodic_diagonal_augmented_control,False,6,d_causal=0.179777635908 > 0.1|d_addr=0.25 > 0.05,,False,False,"[{""availability"": ""available"", ""component"": ""d_inv"", ""passed"": true, ""tolerance"": 0.4, ""value"": 0.3372410553516729, ""within_boundary_epsilon"": false}, {""availability"": ""available"", ""component"": ""d_struct"", ""passed"": true, ""tolerance"": 0.5, ""value"": 0.0, ""within_boundary_epsilon"": false}, {""availability"": ""available"", ""component"": ""d_spec"", ""passed"": true, ""tolerance"": 0.5, ""value"": 0.23279508364559562, ""within_boundary_epsilon"": false}, {""availability"": ""available"", ""component"": ""d_causal"", ""passed"": false, ""tolerance"": 0.1, ""value"": 0.17977763590786575, ""within_boundary_epsilon"": false}, {""availability"": ""available"", ""component"": ""d_time"", ""passed"": true, ""tolerance"": 0.25, ""value"": 0.018140561224489794, ""within_boundary_epsilon"": false}, {""availability"": ""available"", ""component"": ""d_addr"", ""passed"": false, ""tolerance"": 0.05, ""value"": 0.25, ""within_boundary_epsilon"": false}]"
target_control:periodic_diagonal_augmented_control,exploratory,obs_1a5fe18454a72c010723b68e,obs_8b93a56688ebc2bf7c184bb9,target,periodic_diagonal_augmented_control,True,6,,d_addr,True,False,"[{""availability"": ""available"", ""component"": ""d_inv"", ""passed"": true, ""tolerance"": 0.45, ""value"": 0.3372410553516729, ""within_boundary_epsilon"": false}, {""availability"": ""available"", ""component"": ""d_struct"", ""passed"": true, ""tolerance"": 0.55, ""value"": 0.0, ""within_boundary_epsilon"": false}, {""availability"": ""available"", ""component"": ""d_spec"", ""passed"": true, ""tolerance"": 0.55, ""value"": 0.23279508364559562, ""within_boundary_epsilon"": false}, {""availability"": ""available"", ""component"": ""d_causal"", ""passed"": true, ""tolerance"": 0.2, ""value"": 0.17977763590786575, ""within_boundary_epsilon"": false}, {""availability"": ""available"", ""component"": ""d_time"", ""passed"": true, ""tolerance"": 0.3, ""value"": 0.018140561224489794, ""within_boundary_epsilon"": false}, {""availability"": ""available"", ""component"": ""d_addr"", ""passed"": true, ""tolerance"": 0.25, ""value"": 0.25, ""within_boundary_epsilon"": true}]"
target_control:periodic_diagonal_augmented_control,strict,obs_15dfea45916d6869fc8b2e34,obs_2bcac2dffc36231c7b632bfe,target,periodic_diagonal_augmented_control,False,6,d_causal=0.179777635908 > 0.1|d_addr=0.25 > 0.05,,False,False,"[{""availability"": ""available"", ""component"": ""d_inv"", ""passed"": true, ""tolerance"": 0.4, ""value"": 0.07678802885549603, ""within_boundary_epsilon"": false}, {""availability"": ""available"", ""component"": ""d_struct"", ""passed"": true, ""tolerance"": 0.5, ""value"": 0.4, ""within_boundary_epsilon"": false}, {""availability"": ""available"", ""component"": ""d_spec"", ""passed"": true, ""tolerance"": 0.5, ""value"": 0.1383355558182464, ""within_boundary_epsilon"": false}, {""availability"": ""available"", ""component"": ""d_causal"", ""passed"": false, ""tolerance"": 0.1, ""value"": 0.17977763590786575, ""within_boundary_epsilon"": false}, {""availability"": ""available"", ""component"": ""d_time"", ""passed"": true, ""tolerance"": 0.25, ""value"": 0.17063491496598637, ""within_boundary_epsilon"": false}, {""availability"": ""available"", ""component"": ""d_addr"", ""passed"": false, ""tolerance"": 0.05, ""value"": 0.25, ""within_boundary_epsilon"": false}]"
target_control:periodic_diagonal_augmented_control,exploratory,obs_15dfea45916d6869fc8b2e34,obs_2bcac2dffc36231c7b632bfe,target,periodic_diagonal_augmented_control,True,6,,d_addr,True,False,"[{""availability"": ""available"", ""component"": ""d_inv"", ""passed"": true, ""tolerance"": 0.45, ""value"": 0.07678802885549603, ""within_boundary_epsilon"": false}, {""availability"": ""available"", ""component"": ""d_struct"", ""passed"": true, ""tolerance"": 0.55, ""value"": 0.4, ""within_boundary_epsilon"": false}, {""availability"": ""available"", ""component"": ""d_spec"", ""passed"": true, ""tolerance"": 0.55, ""value"": 0.1383355558182464, ""within_boundary_epsilon"": false}, {""availability"": ""available"", ""component"": ""d_causal"", ""passed"": true, ""tolerance"": 0.2, ""value"": 0.17977763590786575, ""within_boundary_epsilon"": false}, {""availability"": ""available"", ""component"": ""d_time"", ""passed"": true, ""tolerance"": 0.3, ""value"": 0.17063491496598637, ""within_boundary_epsilon"": false}, {""availability"": ""available"", ""component"": ""d_addr"", ""passed"": true, ""tolerance"": 0.25, ""value"": 0.25, ""within_boundary_epsilon"": true}]"
target_control:periodic_diagonal_augmented_control,strict,obs_8e2a3670273441ac539de39a,obs_55d3a12bb558684967717fdc,target,periodic_diagonal_augmented_control,False,6,d_spec=0.664265574722 > 0.5|d_causal=0.143459398105 > 0.1|d_addr=0.25 > 0.05,,False,False,"[{""availability"": ""available"", ""component"": ""d_inv"", ""passed"": true, ""tolerance"": 0.4, ""value"": 0.33297454377969765, ""within_boundary_epsilon"": false}, {""availability"": ""available"", ""component"": ""d_struct"", ""passed"": true, ""tolerance"": 0.5, ""value"": 0.25, ""within_boundary_epsilon"": false}, {""availability"": ""available"", ""component"": ""d_spec"", ""passed"": false, ""tolerance"": 0.5, ""value"": 0.6642655747216146, ""within_boundary_epsilon"": false}, {""availability"": ""available"", ""component"": ""d_causal"", ""passed"": false, ""tolerance"": 0.1, ""value"": 0.14345939810471708, ""within_boundary_epsilon"": false}, {""availability"": ""available"", ""component"": ""d_time"", ""passed"": true, ""tolerance"": 0.25, ""value"": 0.03760396258503401, ""within_boundary_epsilon"": false}, {""availability"": ""available"", ""component"": ""d_addr"", ""passed"": false, ""tolerance"": 0.05, ""value"": 0.25, ""within_boundary_epsilon"": false}]"
target_control:periodic_diagonal_augmented_control,exploratory,obs_8e2a3670273441ac539de39a,obs_55d3a12bb558684967717fdc,target,periodic_diagonal_augmented_control,False,6,d_spec=0.664265574722 > 0.55,d_addr,True,False,"[{""availability"": ""available"", ""component"": ""d_inv"", ""passed"": true, ""tolerance"": 0.45, ""value"": 0.33297454377969765, ""within_boundary_epsilon"": false}, {""availability"": ""available"", ""component"": ""d_struct"", ""passed"": true, ""tolerance"": 0.55, ""value"": 0.25, ""within_boundary_epsilon"": false}, {""availability"": ""available"", ""component"": ""d_spec"", ""passed"": false, ""tolerance"": 0.55, ""value"": 0.6642655747216146, ""within_boundary_epsilon"": false}, {""availability"": ""available"", ""component"": ""d_causal"", ""passed"": true, ""tolerance"": 0.2, ""value"": 0.14345939810471708, ""within_boundary_epsilon"": false}, {""availability"": ""available"", ""component"": ""d_time"", ""passed"": true, ""tolerance"": 0.3, ""value"": 0.03760396258503401, ""within_boundary_epsilon"": false}, {""availability"": ""available"", ""component"": ""d_addr"", ""passed"": true, ""tolerance"": 0.25, ""value"": 0.25, ""within_boundary_epsilon"": true}]"
target_control:periodic_diagonal_augmented_control,strict,obs_423d19db444cd1e59704599b,obs_f0d4a7c013a3ea485b20d9a1,target,periodic_diagonal_augmented_control,False,6,d_causal=0.143459398105 > 0.1|d_addr=0.25 > 0.05,,False,False,"[{""availability"": ""available"", ""component"": ""d_inv"", ""passed"": true, ""tolerance"": 0.4, ""value"": 0.04201427710272975, ""within_boundary_epsilon"": false}, {""availability"": ""available"", ""component"": ""d_struct"", ""passed"": true, ""tolerance"": 0.5, ""value"": 0.0, ""within_boundary_epsilon"": false}, {""availability"": ""available"", ""component"": ""d_spec"", ""passed"": true, ""tolerance"": 0.5, ""value"": 0.18243177145415104, ""within_boundary_epsilon"": false}, {""availability"": ""available"", ""component"": ""d_causal"", ""passed"": false, ""tolerance"": 0.1, ""value"": 0.14345939810471708, ""within_boundary_epsilon"": false}, {""availability"": ""available"", ""component"": ""d_time"", ""passed"": true, ""tolerance"": 0.25, ""value"": 0.009637193877551012, ""within_boundary_epsilon"": false}, {""availability"": ""available"", ""component"": ""d_addr"", ""passed"": false, ""tolerance"": 0.05, ""value"": 0.25, ""within_boundary_epsilon"": false}]"
target_control:periodic_diagonal_augmented_control,exploratory,obs_423d19db444cd1e59704599b,obs_f0d4a7c013a3ea485b20d9a1,target,periodic_diagonal_augmented_control,True,6,,d_addr,True,False,"[{""availability"": ""available"", ""component"": ""d_inv"", ""passed"": true, ""tolerance"": 0.45, ""value"": 0.04201427710272975, ""within_boundary_epsilon"": false}, {""availability"": ""available"", ""component"": ""d_struct"", ""passed"": true, ""tolerance"": 0.55, ""value"": 0.0, ""within_boundary_epsilon"": false}, {""availability"": ""available"", ""component"": ""d_spec"", ""passed"": true, ""tolerance"": 0.55, ""value"": 0.18243177145415104, ""within_boundary_epsilon"": false}, {""availability"": ""available"", ""component"": ""d_causal"", ""passed"": true, ""tolerance"": 0.2, ""value"": 0.14345939810471708, ""within_boundary_epsilon"": false}, {""availability"": ""available"", ""component"": ""d_time"", ""passed"": true, ""tolerance"": 0.3, ""value"": 0.009637193877551012, ""within_boundary_epsilon"": false}, {""availability"": ""available"", ""component"": ""d_addr"", ""passed"": true, ""tolerance"": 0.25, ""value"": 0.25, ""within_boundary_epsilon"": true}]"
target_control:periodic_diagonal_augmented_control,strict,obs_0fcedd9b2f9a3aa20b670c73,obs_3a706a092842cf3bb03e1590,target,periodic_diagonal_augmented_control,False,6,d_struct=0.545454545455 > 0.5|d_spec=0.628343488316 > 0.5,,False,False,"[{""availability"": ""available"", ""component"": ""d_inv"", ""passed"": true, ""tolerance"": 0.4, ""value"": 0.1789158165143011, ""within_boundary_epsilon"": false}, {""availability"": ""available"", ""component"": ""d_struct"", ""passed"": false, ""tolerance"": 0.5, ""value"": 0.5454545454545454, ""within_boundary_epsilon"": false}, {""availability"": ""available"", ""component"": ""d_spec"", ""passed"": false, ""tolerance"": 0.5, ""value"": 0.6283434883162855, ""within_boundary_epsilon"": false}, {""availability"": ""available"", ""component"": ""d_causal"", ""passed"": true, ""tolerance"": 0.1, ""value"": 0.037263872224944296, ""within_boundary_epsilon"": false}, {""availability"": ""available"", ""component"": ""d_time"", ""passed"": true, ""tolerance"": 0.25, ""value"": 0.034958418367346936, ""within_boundary_epsilon"": false}, {""availability"": ""available"", ""component"": ""d_addr"", ""passed"": true, ""tolerance"": 0.05, ""value"": 0.0, ""within_boundary_epsilon"": false}]"
target_control:periodic_diagonal_augmented_control,exploratory,obs_0fcedd9b2f9a3aa20b670c73,obs_3a706a092842cf3bb03e1590,target,periodic_diagonal_augmented_control,False,6,d_spec=0.628343488316 > 0.55,d_struct,True,False,"[{""availability"": ""available"", ""component"": ""d_inv"", ""passed"": true, ""tolerance"": 0.45, ""value"": 0.1789158165143011, ""within_boundary_epsilon"": false}, {""availability"": ""available"", ""component"": ""d_struct"", ""passed"": true, ""tolerance"": 0.55, ""value"": 0.5454545454545454, ""within_boundary_epsilon"": true}, {""availability"": ""available"", ""component"": ""d_spec"", ""passed"": false, ""tolerance"": 0.55, ""value"": 0.6283434883162855, ""within_boundary_epsilon"": false}, {""availability"": ""available"", ""component"": ""d_causal"", ""passed"": true, ""tolerance"": 0.2, ""value"": 0.037263872224944296, ""within_boundary_epsilon"": false}, {""availability"": ""available"", ""component"": ""d_time"", ""passed"": true, ""tolerance"": 0.3, ""value"": 0.034958418367346936, ""within_boundary_epsilon"": false}, {""availability"": ""available"", ""component"": ""d_addr"", ""passed"": true, ""tolerance"": 0.25, ""value"": 0.0, ""within_boundary_epsilon"": false}]"
target_control:periodic_diagonal_augmented_control,strict,obs_4b796329fed4f21f3f9c32db,obs_ebdaee582ef94660e1c15de0,target,periodic_diagonal_augmented_control,True,6,,,False,False,"[{""availability"": ""available"", ""component"": ""d_inv"", ""passed"": true, ""tolerance"": 0.4, ""value"": 0.03370013733406297, ""within_boundary_epsilon"": false}, {""availability"": ""available"", ""component"": ""d_struct"", ""passed"": true, ""tolerance"": 0.5, ""value"": 0.2121212121212121, ""within_boundary_epsilon"": false}, {""availability"": ""available"", ""component"": ""d_spec"", ""passed"": true, ""tolerance"": 0.5, ""value"": 0.26125373705514504, ""within_boundary_epsilon"": false}, {""availability"": ""available"", ""component"": ""d_causal"", ""passed"": true, ""tolerance"": 0.1, ""value"": 0.037263872224944296, ""within_boundary_epsilon"": false}, {""availability"": ""available"", ""component"": ""d_time"", ""passed"": true, ""tolerance"": 0.25, ""value"": 0.009637193877551012, ""within_boundary_epsilon"": false}, {""availability"": ""available"", ""component"": ""d_addr"", ""passed"": true, ""tolerance"": 0.05, ""value"": 0.0, ""within_boundary_epsilon"": false}]"
target_control:periodic_diagonal_augmented_control,exploratory,obs_4b796329fed4f21f3f9c32db,obs_ebdaee582ef94660e1c15de0,target,periodic_diagonal_augmented_control,True,6,,,False,False,"[{""availability"": ""available"", ""component"": ""d_inv"", ""passed"": true, ""tolerance"": 0.45, ""value"": 0.03370013733406297, ""within_boundary_epsilon"": false}, {""availability"": ""available"", ""component"": ""d_struct"", ""passed"": true, ""tolerance"": 0.55, ""value"": 0.2121212121212121, ""within_boundary_epsilon"": false}, {""availability"": ""available"", ""component"": ""d_spec"", ""passed"": true, ""tolerance"": 0.55, ""value"": 0.26125373705514504, ""within_boundary_epsilon"": false}, {""availability"": ""available"", ""component"": ""d_causal"", ""passed"": true, ""tolerance"": 0.2, ""value"": 0.037263872224944296, ""within_boundary_epsilon"": false}, {""availability"": ""available"", ""component"": ""d_time"", ""passed"": true, ""tolerance"": 0.3, ""value"": 0.009637193877551012, ""within_boundary_epsilon"": false}, {""availability"": ""available"", ""component"": ""d_addr"", ""passed"": true, ""tolerance"": 0.25, ""value"": 0.0, ""within_boundary_epsilon"": false}]"
target_control:randomized_edge_control,strict,obs_1a5fe18454a72c010723b68e,obs_532ada1626dd5c5eb1bf5d73,target,randomized_edge_control,False,6,d_addr=0.416666666667 > 0.05,,False,False,"[{""availability"": ""available"", ""component"": ""d_inv"", ""passed"": true, ""tolerance"": 0.4, ""value"": 0.0, ""within_boundary_epsilon"": false}, {""availability"": ""available"", ""component"": ""d_struct"", ""passed"": true, ""tolerance"": 0.5, ""value"": 0.4, ""within_boundary_epsilon"": false}, {""availability"": ""available"", ""component"": ""d_spec"", ""passed"": true, ""tolerance"": 0.5, ""value"": 0.0, ""within_boundary_epsilon"": false}, {""availability"": ""available"", ""component"": ""d_causal"", ""passed"": true, ""tolerance"": 0.1, ""value"": 0.0, ""within_boundary_epsilon"": false}, {""availability"": ""available"", ""component"": ""d_time"", ""passed"": true, ""tolerance"": 0.25, ""value"": 0.21428571428571427, ""within_boundary_epsilon"": false}, {""availability"": ""available"", ""component"": ""d_addr"", ""passed"": false, ""tolerance"": 0.05, ""value"": 0.41666666666666663, ""within_boundary_epsilon"": false}]"
target_control:randomized_edge_control,exploratory,obs_1a5fe18454a72c010723b68e,obs_532ada1626dd5c5eb1bf5d73,target,randomized_edge_control,False,6,d_addr=0.416666666667 > 0.25,,False,False,"[{""availability"": ""available"", ""component"": ""d_inv"", ""passed"": true, ""tolerance"": 0.45, ""value"": 0.0, ""within_boundary_epsilon"": false}, {""availability"": ""available"", ""component"": ""d_struct"", ""passed"": true, ""tolerance"": 0.55, ""value"": 0.4, ""within_boundary_epsilon"": false}, {""availability"": ""available"", ""component"": ""d_spec"", ""passed"": true, ""tolerance"": 0.55, ""value"": 0.0, ""within_boundary_epsilon"": false}, {""availability"": ""available"", ""component"": ""d_causal"", ""passed"": true, ""tolerance"": 0.2, ""value"": 0.0, ""within_boundary_epsilon"": false}, {""availability"": ""available"", ""component"": ""d_time"", ""passed"": true, ""tolerance"": 0.3, ""value"": 0.21428571428571427, ""within_boundary_epsilon"": false}, {""availability"": ""available"", ""component"": ""d_addr"", ""passed"": false, ""tolerance"": 0.25, ""value"": 0.41666666666666663, ""within_boundary_epsilon"": false}]"
target_control:randomized_edge_control,strict,obs_15dfea45916d6869fc8b2e34,obs_8900fb7fe3eaba076a789ee6,target,randomized_edge_control,False,6,d_addr=0.416666666667 > 0.05,,False,False,"[{""availability"": ""available"", ""component"": ""d_inv"", ""passed"": true, ""tolerance"": 0.4, ""value"": 0.0, ""within_boundary_epsilon"": false}, {""availability"": ""available"", ""component"": ""d_struct"", ""passed"": true, ""tolerance"": 0.5, ""value"": 0.45454545454545453, ""within_boundary_epsilon"": false}, {""availability"": ""available"", ""component"": ""d_spec"", ""passed"": true, ""tolerance"": 0.5, ""value"": 0.0, ""within_boundary_epsilon"": false}, {""availability"": ""available"", ""component"": ""d_causal"", ""passed"": true, ""tolerance"": 0.1, ""value"": 0.0, ""within_boundary_epsilon"": false}, {""availability"": ""available"", ""component"": ""d_time"", ""passed"": true, ""tolerance"": 0.25, ""value"": 0.16666666666666666, ""within_boundary_epsilon"": false}, {""availability"": ""available"", ""component"": ""d_addr"", ""passed"": false, ""tolerance"": 0.05, ""value"": 0.41666666666666663, ""within_boundary_epsilon"": false}]"
target_control:randomized_edge_control,exploratory,obs_15dfea45916d6869fc8b2e34,obs_8900fb7fe3eaba076a789ee6,target,randomized_edge_control,False,6,d_addr=0.416666666667 > 0.25,,False,False,"[{""availability"": ""available"", ""component"": ""d_inv"", ""passed"": true, ""tolerance"": 0.45, ""value"": 0.0, ""within_boundary_epsilon"": false}, {""availability"": ""available"", ""component"": ""d_struct"", ""passed"": true, ""tolerance"": 0.55, ""value"": 0.45454545454545453, ""within_boundary_epsilon"": false}, {""availability"": ""available"", ""component"": ""d_spec"", ""passed"": true, ""tolerance"": 0.55, ""value"": 0.0, ""within_boundary_epsilon"": false}, {""availability"": ""available"", ""component"": ""d_causal"", ""passed"": true, ""tolerance"": 0.2, ""value"": 0.0, ""within_boundary_epsilon"": false}, {""availability"": ""available"", ""component"": ""d_time"", ""passed"": true, ""tolerance"": 0.3, ""value"": 0.16666666666666666, ""within_boundary_epsilon"": false}, {""availability"": ""available"", ""component"": ""d_addr"", ""passed"": false, ""tolerance"": 0.25, ""value"": 0.41666666666666663, ""within_boundary_epsilon"": false}]"
target_control:randomized_edge_control,strict,obs_8e2a3670273441ac539de39a,obs_b1d77d51d00a56d26a76bf13,target,randomized_edge_control,False,6,d_addr=0.416666666667 > 0.05,d_time,True,False,"[{""availability"": ""available"", ""component"": ""d_inv"", ""passed"": true, ""tolerance"": 0.4, ""value"": 0.0, ""within_boundary_epsilon"": false}, {""availability"": ""available"", ""component"": ""d_struct"", ""passed"": true, ""tolerance"": 0.5, ""value"": 0.45454545454545453, ""within_boundary_epsilon"": false}, {""availability"": ""available"", ""component"": ""d_spec"", ""passed"": true, ""tolerance"": 0.5, ""value"": 0.0, ""within_boundary_epsilon"": false}, {""availability"": ""available"", ""component"": ""d_causal"", ""passed"": true, ""tolerance"": 0.1, ""value"": 0.0, ""within_boundary_epsilon"": false}, {""availability"": ""available"", ""component"": ""d_time"", ""passed"": true, ""tolerance"": 0.25, ""value"": 0.23809523809523808, ""within_boundary_epsilon"": true}, {""availability"": ""available"", ""component"": ""d_addr"", ""passed"": false, ""tolerance"": 0.05, ""value"": 0.41666666666666663, ""within_boundary_epsilon"": false}]"
target_control:randomized_edge_control,exploratory,obs_8e2a3670273441ac539de39a,obs_b1d77d51d00a56d26a76bf13,target,randomized_edge_control,False,6,d_addr=0.416666666667 > 0.25,,False,False,"[{""availability"": ""available"", ""component"": ""d_inv"", ""passed"": true, ""tolerance"": 0.45, ""value"": 0.0, ""within_boundary_epsilon"": false}, {""availability"": ""available"", ""component"": ""d_struct"", ""passed"": true, ""tolerance"": 0.55, ""value"": 0.45454545454545453, ""within_boundary_epsilon"": false}, {""availability"": ""available"", ""component"": ""d_spec"", ""passed"": true, ""tolerance"": 0.55, ""value"": 0.0, ""within_boundary_epsilon"": false}, {""availability"": ""available"", ""component"": ""d_causal"", ""passed"": true, ""tolerance"": 0.2, ""value"": 0.0, ""within_boundary_epsilon"": false}, {""availability"": ""available"", ""component"": ""d_time"", ""passed"": true, ""tolerance"": 0.3, ""value"": 0.23809523809523808, ""within_boundary_epsilon"": false}, {""availability"": ""available"", ""component"": ""d_addr"", ""passed"": false, ""tolerance"": 0.25, ""value"": 0.41666666666666663, ""within_boundary_epsilon"": false}]"
target_control:randomized_edge_control,strict,obs_423d19db444cd1e59704599b,obs_b33bc77b5e5e549dbdedd5e3,target,randomized_edge_control,False,6,d_addr=0.416666666667 > 0.05,,False,False,"[{""availability"": ""available"", ""component"": ""d_inv"", ""passed"": true, ""tolerance"": 0.4, ""value"": 0.0, ""within_boundary_epsilon"": false}, {""availability"": ""available"", ""component"": ""d_struct"", ""passed"": true, ""tolerance"": 0.5, ""value"": 0.45454545454545453, ""within_boundary_epsilon"": false}, {""availability"": ""available"", ""component"": ""d_spec"", ""passed"": true, ""tolerance"": 0.5, ""value"": 0.0, ""within_boundary_epsilon"": false}, {""availability"": ""available"", ""component"": ""d_causal"", ""passed"": true, ""tolerance"": 0.1, ""value"": 0.0, ""within_boundary_epsilon"": false}, {""availability"": ""available"", ""component"": ""d_time"", ""passed"": true, ""tolerance"": 0.25, ""value"": 0.16666666666666666, ""within_boundary_epsilon"": false}, {""availability"": ""available"", ""component"": ""d_addr"", ""passed"": false, ""tolerance"": 0.05, ""value"": 0.41666666666666663, ""within_boundary_epsilon"": false}]"
target_control:randomized_edge_control,exploratory,obs_423d19db444cd1e59704599b,obs_b33bc77b5e5e549dbdedd5e3,target,randomized_edge_control,False,6,d_addr=0.416666666667 > 0.25,,False,False,"[{""availability"": ""available"", ""component"": ""d_inv"", ""passed"": true, ""tolerance"": 0.45, ""value"": 0.0, ""within_boundary_epsilon"": false}, {""availability"": ""available"", ""component"": ""d_struct"", ""passed"": true, ""tolerance"": 0.55, ""value"": 0.45454545454545453, ""within_boundary_epsilon"": false}, {""availability"": ""available"", ""component"": ""d_spec"", ""passed"": true, ""tolerance"": 0.55, ""value"": 0.0, ""within_boundary_epsilon"": false}, {""availability"": ""available"", ""component"": ""d_causal"", ""passed"": true, ""tolerance"": 0.2, ""value"": 0.0, ""within_boundary_epsilon"": false}, {""availability"": ""available"", ""component"": ""d_time"", ""passed"": true, ""tolerance"": 0.3, ""value"": 0.16666666666666666, ""within_boundary_epsilon"": false}, {""availability"": ""available"", ""component"": ""d_addr"", ""passed"": false, ""tolerance"": 0.25, ""value"": 0.41666666666666663, ""within_boundary_epsilon"": false}]"
target_control:randomized_edge_control,strict,obs_0fcedd9b2f9a3aa20b670c73,obs_6f69814936292b09dd18e84c,target,randomized_edge_control,False,6,d_addr=0.416666666667 > 0.05,,False,False,"[{""availability"": ""available"", ""component"": ""d_inv"", ""passed"": true, ""tolerance"": 0.4, ""value"": 0.0, ""within_boundary_epsilon"": false}, {""availability"": ""available"", ""component"": ""d_struct"", ""passed"": true, ""tolerance"": 0.5, ""value"": 0.4, ""within_boundary_epsilon"": false}, {""availability"": ""available"", ""component"": ""d_spec"", ""passed"": true, ""tolerance"": 0.5, ""value"": 0.0, ""within_boundary_epsilon"": false}, {""availability"": ""available"", ""component"": ""d_causal"", ""passed"": true, ""tolerance"": 0.1, ""value"": 0.0, ""within_boundary_epsilon"": false}, {""availability"": ""available"", ""component"": ""d_time"", ""passed"": true, ""tolerance"": 0.25, ""value"": 0.21428571428571427, ""within_boundary_epsilon"": false}, {""availability"": ""available"", ""component"": ""d_addr"", ""passed"": false, ""tolerance"": 0.05, ""value"": 0.41666666666666663, ""within_boundary_epsilon"": false}]"
target_control:randomized_edge_control,exploratory,obs_0fcedd9b2f9a3aa20b670c73,obs_6f69814936292b09dd18e84c,target,randomized_edge_control,False,6,d_addr=0.416666666667 > 0.25,,False,False,"[{""availability"": ""available"", ""component"": ""d_inv"", ""passed"": true, ""tolerance"": 0.45, ""value"": 0.0, ""within_boundary_epsilon"": false}, {""availability"": ""available"", ""component"": ""d_struct"", ""passed"": true, ""tolerance"": 0.55, ""value"": 0.4, ""within_boundary_epsilon"": false}, {""availability"": ""available"", ""component"": ""d_spec"", ""passed"": true, ""tolerance"": 0.55, ""value"": 0.0, ""within_boundary_epsilon"": false}, {""availability"": ""available"", ""component"": ""d_causal"", ""passed"": true, ""tolerance"": 0.2, ""value"": 0.0, ""within_boundary_epsilon"": false}, {""availability"": ""available"", ""component"": ""d_time"", ""passed"": true, ""tolerance"": 0.3, ""value"": 0.21428571428571427, ""within_boundary_epsilon"": false}, {""availability"": ""available"", ""component"": ""d_addr"", ""passed"": false, ""tolerance"": 0.25, ""value"": 0.41666666666666663, ""within_boundary_epsilon"": false}]"
target_control:randomized_edge_control,strict,obs_4b796329fed4f21f3f9c32db,obs_33a770c6deb0c60f951d4482,target,randomized_edge_control,False,6,d_addr=0.416666666667 > 0.05,,False,False,"[{""availability"": ""available"", ""component"": ""d_inv"", ""passed"": true, ""tolerance"": 0.4, ""value"": 0.0, ""within_boundary_epsilon"": false}, {""availability"": ""available"", ""component"": ""d_struct"", ""passed"": true, ""tolerance"": 0.5, ""value"": 0.45454545454545453, ""within_boundary_epsilon"": false}, {""availability"": ""available"", ""component"": ""d_spec"", ""passed"": true, ""tolerance"": 0.5, ""value"": 0.0, ""within_boundary_epsilon"": false}, {""availability"": ""available"", ""component"": ""d_causal"", ""passed"": true, ""tolerance"": 0.1, ""value"": 0.0, ""within_boundary_epsilon"": false}, {""availability"": ""available"", ""component"": ""d_time"", ""passed"": true, ""tolerance"": 0.25, ""value"": 0.16666666666666666, ""within_boundary_epsilon"": false}, {""availability"": ""available"", ""component"": ""d_addr"", ""passed"": false, ""tolerance"": 0.05, ""value"": 0.41666666666666663, ""within_boundary_epsilon"": false}]"
target_control:randomized_edge_control,exploratory,obs_4b796329fed4f21f3f9c32db,obs_33a770c6deb0c60f951d4482,target,randomized_edge_control,False,6,d_addr=0.416666666667 > 0.25,,False,False,"[{""availability"": ""available"", ""component"": ""d_inv"", ""passed"": true, ""tolerance"": 0.45, ""value"": 0.0, ""within_boundary_epsilon"": false}, {""availability"": ""available"", ""component"": ""d_struct"", ""passed"": true, ""tolerance"": 0.55, ""value"": 0.45454545454545453, ""within_boundary_epsilon"": false}, {""availability"": ""available"", ""component"": ""d_spec"", ""passed"": true, ""tolerance"": 0.55, ""value"": 0.0, ""within_boundary_epsilon"": false}, {""availability"": ""available"", ""component"": ""d_causal"", ""passed"": true, ""tolerance"": 0.2, ""value"": 0.0, ""within_boundary_epsilon"": false}, {""availability"": ""available"", ""component"": ""d_time"", ""passed"": true, ""tolerance"": 0.3, ""value"": 0.16666666666666666, ""within_boundary_epsilon"": false}, {""availability"": ""available"", ""component"": ""d_addr"", ""passed"": false, ""tolerance"": 0.25, ""value"": 0.41666666666666663, ""within_boundary_epsilon"": false}]"
target_control:shuffled_structure_control,strict,obs_1a5fe18454a72c010723b68e,obs_df6bd63d4ea4f66e9890768b,target,shuffled_structure_control,False,6,d_addr=0.333333333333 > 0.05,,False,False,"[{""availability"": ""available"", ""component"": ""d_inv"", ""passed"": true, ""tolerance"": 0.4, ""value"": 0.0, ""within_boundary_epsilon"": false}, {""availability"": ""available"", ""component"": ""d_struct"", ""passed"": true, ""tolerance"": 0.5, ""value"": 0.4, ""within_boundary_epsilon"": false}, {""availability"": ""available"", ""component"": ""d_spec"", ""passed"": true, ""tolerance"": 0.5, ""value"": 0.0, ""within_boundary_epsilon"": false}, {""availability"": ""available"", ""component"": ""d_causal"", ""passed"": true, ""tolerance"": 0.1, ""value"": 0.0, ""within_boundary_epsilon"": false}, {""availability"": ""available"", ""component"": ""d_time"", ""passed"": true, ""tolerance"": 0.25, ""value"": 0.21428571428571427, ""within_boundary_epsilon"": false}, {""availability"": ""available"", ""component"": ""d_addr"", ""passed"": false, ""tolerance"": 0.05, ""value"": 0.3333333333333333, ""within_boundary_epsilon"": false}]"
target_control:shuffled_structure_control,exploratory,obs_1a5fe18454a72c010723b68e,obs_df6bd63d4ea4f66e9890768b,target,shuffled_structure_control,False,6,d_addr=0.333333333333 > 0.25,,False,False,"[{""availability"": ""available"", ""component"": ""d_inv"", ""passed"": true, ""tolerance"": 0.45, ""value"": 0.0, ""within_boundary_epsilon"": false}, {""availability"": ""available"", ""component"": ""d_struct"", ""passed"": true, ""tolerance"": 0.55, ""value"": 0.4, ""within_boundary_epsilon"": false}, {""availability"": ""available"", ""component"": ""d_spec"", ""passed"": true, ""tolerance"": 0.55, ""value"": 0.0, ""within_boundary_epsilon"": false}, {""availability"": ""available"", ""component"": ""d_causal"", ""passed"": true, ""tolerance"": 0.2, ""value"": 0.0, ""within_boundary_epsilon"": false}, {""availability"": ""available"", ""component"": ""d_time"", ""passed"": true, ""tolerance"": 0.3, ""value"": 0.21428571428571427, ""within_boundary_epsilon"": false}, {""availability"": ""available"", ""component"": ""d_addr"", ""passed"": false, ""tolerance"": 0.25, ""value"": 0.3333333333333333, ""within_boundary_epsilon"": false}]"
target_control:shuffled_structure_control,strict,obs_15dfea45916d6869fc8b2e34,obs_87551ea8b2b9c797843f600f,target,shuffled_structure_control,False,6,d_addr=0.333333333333 > 0.05,,False,False,"[{""availability"": ""available"", ""component"": ""d_inv"", ""passed"": true, ""tolerance"": 0.4, ""value"": 0.0, ""within_boundary_epsilon"": false}, {""availability"": ""available"", ""component"": ""d_struct"", ""passed"": true, ""tolerance"": 0.5, ""value"": 0.45454545454545453, ""within_boundary_epsilon"": false}, {""availability"": ""available"", ""component"": ""d_spec"", ""passed"": true, ""tolerance"": 0.5, ""value"": 0.0, ""within_boundary_epsilon"": false}, {""availability"": ""available"", ""component"": ""d_causal"", ""passed"": true, ""tolerance"": 0.1, ""value"": 0.0, ""within_boundary_epsilon"": false}, {""availability"": ""available"", ""component"": ""d_time"", ""passed"": true, ""tolerance"": 0.25, ""value"": 0.21428571428571427, ""within_boundary_epsilon"": false}, {""availability"": ""available"", ""component"": ""d_addr"", ""passed"": false, ""tolerance"": 0.05, ""value"": 0.3333333333333333, ""within_boundary_epsilon"": false}]"
target_control:shuffled_structure_control,exploratory,obs_15dfea45916d6869fc8b2e34,obs_87551ea8b2b9c797843f600f,target,shuffled_structure_control,False,6,d_addr=0.333333333333 > 0.25,,False,False,"[{""availability"": ""available"", ""component"": ""d_inv"", ""passed"": true, ""tolerance"": 0.45, ""value"": 0.0, ""within_boundary_epsilon"": false}, {""availability"": ""available"", ""component"": ""d_struct"", ""passed"": true, ""tolerance"": 0.55, ""value"": 0.45454545454545453, ""within_boundary_epsilon"": false}, {""availability"": ""available"", ""component"": ""d_spec"", ""passed"": true, ""tolerance"": 0.55, ""value"": 0.0, ""within_boundary_epsilon"": false}, {""availability"": ""available"", ""component"": ""d_causal"", ""passed"": true, ""tolerance"": 0.2, ""value"": 0.0, ""within_boundary_epsilon"": false}, {""availability"": ""available"", ""component"": ""d_time"", ""passed"": true, ""tolerance"": 0.3, ""value"": 0.21428571428571427, ""within_boundary_epsilon"": false}, {""availability"": ""available"", ""component"": ""d_addr"", ""passed"": false, ""tolerance"": 0.25, ""value"": 0.3333333333333333, ""within_boundary_epsilon"": false}]"
target_control:shuffled_structure_control,strict,obs_8e2a3670273441ac539de39a,obs_dcfe2a58eca6c0b9e9c2a07b,target,shuffled_structure_control,False,6,d_addr=0.333333333333 > 0.05,,False,False,"[{""availability"": ""available"", ""component"": ""d_inv"", ""passed"": true, ""tolerance"": 0.4, ""value"": 0.0, ""within_boundary_epsilon"": false}, {""availability"": ""available"", ""component"": ""d_struct"", ""passed"": true, ""tolerance"": 0.5, ""value"": 0.45454545454545453, ""within_boundary_epsilon"": false}, {""availability"": ""available"", ""component"": ""d_spec"", ""passed"": true, ""tolerance"": 0.5, ""value"": 0.0, ""within_boundary_epsilon"": false}, {""availability"": ""available"", ""component"": ""d_causal"", ""passed"": true, ""tolerance"": 0.1, ""value"": 0.0, ""within_boundary_epsilon"": false}, {""availability"": ""available"", ""component"": ""d_time"", ""passed"": true, ""tolerance"": 0.25, ""value"": 0.19047619047619047, ""within_boundary_epsilon"": false}, {""availability"": ""available"", ""component"": ""d_addr"", ""passed"": false, ""tolerance"": 0.05, ""value"": 0.3333333333333333, ""within_boundary_epsilon"": false}]"
target_control:shuffled_structure_control,exploratory,obs_8e2a3670273441ac539de39a,obs_dcfe2a58eca6c0b9e9c2a07b,target,shuffled_structure_control,False,6,d_addr=0.333333333333 > 0.25,,False,False,"[{""availability"": ""available"", ""component"": ""d_inv"", ""passed"": true, ""tolerance"": 0.45, ""value"": 0.0, ""within_boundary_epsilon"": false}, {""availability"": ""available"", ""component"": ""d_struct"", ""passed"": true, ""tolerance"": 0.55, ""value"": 0.45454545454545453, ""within_boundary_epsilon"": false}, {""availability"": ""available"", ""component"": ""d_spec"", ""passed"": true, ""tolerance"": 0.55, ""value"": 0.0, ""within_boundary_epsilon"": false}, {""availability"": ""available"", ""component"": ""d_causal"", ""passed"": true, ""tolerance"": 0.2, ""value"": 0.0, ""within_boundary_epsilon"": false}, {""availability"": ""available"", ""component"": ""d_time"", ""passed"": true, ""tolerance"": 0.3, ""value"": 0.19047619047619047, ""within_boundary_epsilon"": false}, {""availability"": ""available"", ""component"": ""d_addr"", ""passed"": false, ""tolerance"": 0.25, ""value"": 0.3333333333333333, ""within_boundary_epsilon"": false}]"
target_control:shuffled_structure_control,strict,obs_423d19db444cd1e59704599b,obs_1522cd85ce8eecb80ea222f7,target,shuffled_structure_control,False,6,d_addr=0.333333333333 > 0.05,,False,False,"[{""availability"": ""available"", ""component"": ""d_inv"", ""passed"": true, ""tolerance"": 0.4, ""value"": 0.0, ""within_boundary_epsilon"": false}, {""availability"": ""available"", ""component"": ""d_struct"", ""passed"": true, ""tolerance"": 0.5, ""value"": 0.45454545454545453, ""within_boundary_epsilon"": false}, {""availability"": ""available"", ""component"": ""d_spec"", ""passed"": true, ""tolerance"": 0.5, ""value"": 0.0, ""within_boundary_epsilon"": false}, {""availability"": ""available"", ""component"": ""d_causal"", ""passed"": true, ""tolerance"": 0.1, ""value"": 0.0, ""within_boundary_epsilon"": false}, {""availability"": ""available"", ""component"": ""d_time"", ""passed"": true, ""tolerance"": 0.25, ""value"": 0.21428571428571427, ""within_boundary_epsilon"": false}, {""availability"": ""available"", ""component"": ""d_addr"", ""passed"": false, ""tolerance"": 0.05, ""value"": 0.3333333333333333, ""within_boundary_epsilon"": false}]"
target_control:shuffled_structure_control,exploratory,obs_423d19db444cd1e59704599b,obs_1522cd85ce8eecb80ea222f7,target,shuffled_structure_control,False,6,d_addr=0.333333333333 > 0.25,,False,False,"[{""availability"": ""available"", ""component"": ""d_inv"", ""passed"": true, ""tolerance"": 0.45, ""value"": 0.0, ""within_boundary_epsilon"": false}, {""availability"": ""available"", ""component"": ""d_struct"", ""passed"": true, ""tolerance"": 0.55, ""value"": 0.45454545454545453, ""within_boundary_epsilon"": false}, {""availability"": ""available"", ""component"": ""d_spec"", ""passed"": true, ""tolerance"": 0.55, ""value"": 0.0, ""within_boundary_epsilon"": false}, {""availability"": ""available"", ""component"": ""d_causal"", ""passed"": true, ""tolerance"": 0.2, ""value"": 0.0, ""within_boundary_epsilon"": false}, {""availability"": ""available"", ""component"": ""d_time"", ""passed"": true, ""tolerance"": 0.3, ""value"": 0.21428571428571427, ""within_boundary_epsilon"": false}, {""availability"": ""available"", ""component"": ""d_addr"", ""passed"": false, ""tolerance"": 0.25, ""value"": 0.3333333333333333, ""within_boundary_epsilon"": false}]"
target_control:shuffled_structure_control,strict,obs_0fcedd9b2f9a3aa20b670c73,obs_a1385b47c97d83ece629aced,target,shuffled_structure_control,False,6,d_addr=0.333333333333 > 0.05,,False,False,"[{""availability"": ""available"", ""component"": ""d_inv"", ""passed"": true, ""tolerance"": 0.4, ""value"": 0.0, ""within_boundary_epsilon"": false}, {""availability"": ""available"", ""component"": ""d_struct"", ""passed"": true, ""tolerance"": 0.5, ""value"": 0.4, ""within_boundary_epsilon"": false}, {""availability"": ""available"", ""component"": ""d_spec"", ""passed"": true, ""tolerance"": 0.5, ""value"": 0.0, ""within_boundary_epsilon"": false}, {""availability"": ""available"", ""component"": ""d_causal"", ""passed"": true, ""tolerance"": 0.1, ""value"": 0.0, ""within_boundary_epsilon"": false}, {""availability"": ""available"", ""component"": ""d_time"", ""passed"": true, ""tolerance"": 0.25, ""value"": 0.21428571428571427, ""within_boundary_epsilon"": false}, {""availability"": ""available"", ""component"": ""d_addr"", ""passed"": false, ""tolerance"": 0.05, ""value"": 0.3333333333333333, ""within_boundary_epsilon"": false}]"
target_control:shuffled_structure_control,exploratory,obs_0fcedd9b2f9a3aa20b670c73,obs_a1385b47c97d83ece629aced,target,shuffled_structure_control,False,6,d_addr=0.333333333333 > 0.25,,False,False,"[{""availability"": ""available"", ""component"": ""d_inv"", ""passed"": true, ""tolerance"": 0.45, ""value"": 0.0, ""within_boundary_epsilon"": false}, {""availability"": ""available"", ""component"": ""d_struct"", ""passed"": true, ""tolerance"": 0.55, ""value"": 0.4, ""within_boundary_epsilon"": false}, {""availability"": ""available"", ""component"": ""d_spec"", ""passed"": true, ""tolerance"": 0.55, ""value"": 0.0, ""within_boundary_epsilon"": false}, {""availability"": ""available"", ""component"": ""d_causal"", ""passed"": true, ""tolerance"": 0.2, ""value"": 0.0, ""within_boundary_epsilon"": false}, {""availability"": ""available"", ""component"": ""d_time"", ""passed"": true, ""tolerance"": 0.3, ""value"": 0.21428571428571427, ""within_boundary_epsilon"": false}, {""availability"": ""available"", ""component"": ""d_addr"", ""passed"": false, ""tolerance"": 0.25, ""value"": 0.3333333333333333, ""within_boundary_epsilon"": false}]"
target_control:shuffled_structure_control,strict,obs_4b796329fed4f21f3f9c32db,obs_809864511f78fa4554b81eb9,target,shuffled_structure_control,False,6,d_addr=0.333333333333 > 0.05,,False,False,"[{""availability"": ""available"", ""component"": ""d_inv"", ""passed"": true, ""tolerance"": 0.4, ""value"": 0.0, ""within_boundary_epsilon"": false}, {""availability"": ""available"", ""component"": ""d_struct"", ""passed"": true, ""tolerance"": 0.5, ""value"": 0.45454545454545453, ""within_boundary_epsilon"": false}, {""availability"": ""available"", ""component"": ""d_spec"", ""passed"": true, ""tolerance"": 0.5, ""value"": 0.0, ""within_boundary_epsilon"": false}, {""availability"": ""available"", ""component"": ""d_causal"", ""passed"": true, ""tolerance"": 0.1, ""value"": 0.0, ""within_boundary_epsilon"": false}, {""availability"": ""available"", ""component"": ""d_time"", ""passed"": true, ""tolerance"": 0.25, ""value"": 0.21428571428571427, ""within_boundary_epsilon"": false}, {""availability"": ""available"", ""component"": ""d_addr"", ""passed"": false, ""tolerance"": 0.05, ""value"": 0.3333333333333333, ""within_boundary_epsilon"": false}]"
target_control:shuffled_structure_control,exploratory,obs_4b796329fed4f21f3f9c32db,obs_809864511f78fa4554b81eb9,target,shuffled_structure_control,False,6,d_addr=0.333333333333 > 0.25,,False,False,"[{""availability"": ""available"", ""component"": ""d_inv"", ""passed"": true, ""tolerance"": 0.45, ""value"": 0.0, ""within_boundary_epsilon"": false}, {""availability"": ""available"", ""component"": ""d_struct"", ""passed"": true, ""tolerance"": 0.55, ""value"": 0.45454545454545453, ""within_boundary_epsilon"": false}, {""availability"": ""available"", ""component"": ""d_spec"", ""passed"": true, ""tolerance"": 0.55, ""value"": 0.0, ""within_boundary_epsilon"": false}, {""availability"": ""available"", ""component"": ""d_causal"", ""passed"": true, ""tolerance"": 0.2, ""value"": 0.0, ""within_boundary_epsilon"": false}, {""availability"": ""available"", ""component"": ""d_time"", ""passed"": true, ""tolerance"": 0.3, ""value"": 0.21428571428571427, ""within_boundary_epsilon"": false}, {""availability"": ""available"", ""component"": ""d_addr"", ""passed"": false, ""tolerance"": 0.25, ""value"": 0.3333333333333333, ""within_boundary_epsilon"": false}]"
target_control:phase_2_2_invariant_control,strict,obs_1a5fe18454a72c010723b68e,obs_736a243b00d05a7f03003eab,target,phase_2_2_invariant_control,False,6,d_inv=0.670506977153 > 0.4,,False,False,"[{""availability"": ""available"", ""component"": ""d_inv"", ""passed"": false, ""tolerance"": 0.4, ""value"": 0.670506977152825, ""within_boundary_epsilon"": false}, {""availability"": ""available"", ""component"": ""d_struct"", ""passed"": true, ""tolerance"": 0.5, ""value"": 0.0, ""within_boundary_epsilon"": false}, {""availability"": ""available"", ""component"": ""d_spec"", ""passed"": true, ""tolerance"": 0.5, ""value"": 0.0, ""within_boundary_epsilon"": false}, {""availability"": ""available"", ""component"": ""d_causal"", ""passed"": true, ""tolerance"": 0.1, ""value"": 0.0, ""within_boundary_epsilon"": false}, {""availability"": ""available"", ""component"": ""d_time"", ""passed"": true, ""tolerance"": 0.25, ""value"": 0.0, ""within_boundary_epsilon"": false}, {""availability"": ""available"", ""component"": ""d_addr"", ""passed"": true, ""tolerance"": 0.05, ""value"": 0.0, ""within_boundary_epsilon"": false}]"
target_control:phase_2_2_invariant_control,exploratory,obs_1a5fe18454a72c010723b68e,obs_736a243b00d05a7f03003eab,target,phase_2_2_invariant_control,False,6,d_inv=0.670506977153 > 0.45,,False,False,"[{""availability"": ""available"", ""component"": ""d_inv"", ""passed"": false, ""tolerance"": 0.45, ""value"": 0.670506977152825, ""within_boundary_epsilon"": false}, {""availability"": ""available"", ""component"": ""d_struct"", ""passed"": true, ""tolerance"": 0.55, ""value"": 0.0, ""within_boundary_epsilon"": false}, {""availability"": ""available"", ""component"": ""d_spec"", ""passed"": true, ""tolerance"": 0.55, ""value"": 0.0, ""within_boundary_epsilon"": false}, {""availability"": ""available"", ""component"": ""d_causal"", ""passed"": true, ""tolerance"": 0.2, ""value"": 0.0, ""within_boundary_epsilon"": false}, {""availability"": ""available"", ""component"": ""d_time"", ""passed"": true, ""tolerance"": 0.3, ""value"": 0.0, ""within_boundary_epsilon"": false}, {""availability"": ""available"", ""component"": ""d_addr"", ""passed"": true, ""tolerance"": 0.25, ""value"": 0.0, ""within_boundary_epsilon"": false}]"
target_control:phase_2_2_invariant_control,strict,obs_15dfea45916d6869fc8b2e34,obs_993a974862a984fd3f92c8a7,target,phase_2_2_invariant_control,False,6,d_inv=0.861395906996 > 0.4,,False,False,"[{""availability"": ""available"", ""component"": ""d_inv"", ""passed"": false, ""tolerance"": 0.4, ""value"": 0.861395906995802, ""within_boundary_epsilon"": false}, {""availability"": ""available"", ""component"": ""d_struct"", ""passed"": true, ""tolerance"": 0.5, ""value"": 0.0, ""within_boundary_epsilon"": false}, {""availability"": ""available"", ""component"": ""d_spec"", ""passed"": true, ""tolerance"": 0.5, ""value"": 0.0, ""within_boundary_epsilon"": false}, {""availability"": ""available"", ""component"": ""d_causal"", ""passed"": true, ""tolerance"": 0.1, ""value"": 0.0, ""within_boundary_epsilon"": false}, {""availability"": ""available"", ""component"": ""d_time"", ""passed"": true, ""tolerance"": 0.25, ""value"": 0.0, ""within_boundary_epsilon"": false}, {""availability"": ""available"", ""component"": ""d_addr"", ""passed"": true, ""tolerance"": 0.05, ""value"": 0.0, ""within_boundary_epsilon"": false}]"
target_control:phase_2_2_invariant_control,exploratory,obs_15dfea45916d6869fc8b2e34,obs_993a974862a984fd3f92c8a7,target,phase_2_2_invariant_control,False,6,d_inv=0.861395906996 > 0.45,,False,False,"[{""availability"": ""available"", ""component"": ""d_inv"", ""passed"": false, ""tolerance"": 0.45, ""value"": 0.861395906995802, ""within_boundary_epsilon"": false}, {""availability"": ""available"", ""component"": ""d_struct"", ""passed"": true, ""tolerance"": 0.55, ""value"": 0.0, ""within_boundary_epsilon"": false}, {""availability"": ""available"", ""component"": ""d_spec"", ""passed"": true, ""tolerance"": 0.55, ""value"": 0.0, ""within_boundary_epsilon"": false}, {""availability"": ""available"", ""component"": ""d_causal"", ""passed"": true, ""tolerance"": 0.2, ""value"": 0.0, ""within_boundary_epsilon"": false}, {""availability"": ""available"", ""component"": ""d_time"", ""passed"": true, ""tolerance"": 0.3, ""value"": 0.0, ""within_boundary_epsilon"": false}, {""availability"": ""available"", ""component"": ""d_addr"", ""passed"": true, ""tolerance"": 0.25, ""value"": 0.0, ""within_boundary_epsilon"": false}]"
target_control:phase_2_2_invariant_control,strict,obs_8e2a3670273441ac539de39a,obs_2efe73990c37591f3bffed38,target,phase_2_2_invariant_control,False,6,d_inv=0.707245149644 > 0.4,,False,False,"[{""availability"": ""available"", ""component"": ""d_inv"", ""passed"": false, ""tolerance"": 0.4, ""value"": 0.7072451496436657, ""within_boundary_epsilon"": false}, {""availability"": ""available"", ""component"": ""d_struct"", ""passed"": true, ""tolerance"": 0.5, ""value"": 0.0, ""within_boundary_epsilon"": false}, {""availability"": ""available"", ""component"": ""d_spec"", ""passed"": true, ""tolerance"": 0.5, ""value"": 0.0, ""within_boundary_epsilon"": false}, {""availability"": ""available"", ""component"": ""d_causal"", ""passed"": true, ""tolerance"": 0.1, ""value"": 0.0, ""within_boundary_epsilon"": false}, {""availability"": ""available"", ""component"": ""d_time"", ""passed"": true, ""tolerance"": 0.25, ""value"": 0.0, ""within_boundary_epsilon"": false}, {""availability"": ""available"", ""component"": ""d_addr"", ""passed"": true, ""tolerance"": 0.05, ""value"": 0.0, ""within_boundary_epsilon"": false}]"
target_control:phase_2_2_invariant_control,exploratory,obs_8e2a3670273441ac539de39a,obs_2efe73990c37591f3bffed38,target,phase_2_2_invariant_control,False,6,d_inv=0.707245149644 > 0.45,,False,False,"[{""availability"": ""available"", ""component"": ""d_inv"", ""passed"": false, ""tolerance"": 0.45, ""value"": 0.7072451496436657, ""within_boundary_epsilon"": false}, {""availability"": ""available"", ""component"": ""d_struct"", ""passed"": true, ""tolerance"": 0.55, ""value"": 0.0, ""within_boundary_epsilon"": false}, {""availability"": ""available"", ""component"": ""d_spec"", ""passed"": true, ""tolerance"": 0.55, ""value"": 0.0, ""within_boundary_epsilon"": false}, {""availability"": ""available"", ""component"": ""d_causal"", ""passed"": true, ""tolerance"": 0.2, ""value"": 0.0, ""within_boundary_epsilon"": false}, {""availability"": ""available"", ""component"": ""d_time"", ""passed"": true, ""tolerance"": 0.3, ""value"": 0.0, ""within_boundary_epsilon"": false}, {""availability"": ""available"", ""component"": ""d_addr"", ""passed"": true, ""tolerance"": 0.25, ""value"": 0.0, ""within_boundary_epsilon"": false}]"
target_control:phase_2_2_invariant_control,strict,obs_423d19db444cd1e59704599b,obs_0ef55eafbbbf0c0b294d37bb,target,phase_2_2_invariant_control,False,6,d_inv=0.850723886533 > 0.4,,False,False,"[{""availability"": ""available"", ""component"": ""d_inv"", ""passed"": false, ""tolerance"": 0.4, ""value"": 0.850723886533136, ""within_boundary_epsilon"": false}, {""availability"": ""available"", ""component"": ""d_struct"", ""passed"": true, ""tolerance"": 0.5, ""value"": 0.0, ""within_boundary_epsilon"": false}, {""availability"": ""available"", ""component"": ""d_spec"", ""passed"": true, ""tolerance"": 0.5, ""value"": 0.0, ""within_boundary_epsilon"": false}, {""availability"": ""available"", ""component"": ""d_causal"", ""passed"": true, ""tolerance"": 0.1, ""value"": 0.0, ""within_boundary_epsilon"": false}, {""availability"": ""available"", ""component"": ""d_time"", ""passed"": true, ""tolerance"": 0.25, ""value"": 0.0, ""within_boundary_epsilon"": false}, {""availability"": ""available"", ""component"": ""d_addr"", ""passed"": true, ""tolerance"": 0.05, ""value"": 0.0, ""within_boundary_epsilon"": false}]"
target_control:phase_2_2_invariant_control,exploratory,obs_423d19db444cd1e59704599b,obs_0ef55eafbbbf0c0b294d37bb,target,phase_2_2_invariant_control,False,6,d_inv=0.850723886533 > 0.45,,False,False,"[{""availability"": ""available"", ""component"": ""d_inv"", ""passed"": false, ""tolerance"": 0.45, ""value"": 0.850723886533136, ""within_boundary_epsilon"": false}, {""availability"": ""available"", ""component"": ""d_struct"", ""passed"": true, ""tolerance"": 0.55, ""value"": 0.0, ""within_boundary_epsilon"": false}, {""availability"": ""available"", ""component"": ""d_spec"", ""passed"": true, ""tolerance"": 0.55, ""value"": 0.0, ""within_boundary_epsilon"": false}, {""availability"": ""available"", ""component"": ""d_causal"", ""passed"": true, ""tolerance"": 0.2, ""value"": 0.0, ""within_boundary_epsilon"": false}, {""availability"": ""available"", ""component"": ""d_time"", ""passed"": true, ""tolerance"": 0.3, ""value"": 0.0, ""within_boundary_epsilon"": false}, {""availability"": ""available"", ""component"": ""d_addr"", ""passed"": true, ""tolerance"": 0.25, ""value"": 0.0, ""within_boundary_epsilon"": false}]"
target_control:phase_2_2_invariant_control,strict,obs_0fcedd9b2f9a3aa20b670c73,obs_636101efe48fe1e0db71431c,target,phase_2_2_invariant_control,False,6,d_inv=0.748807152809 > 0.4,,False,False,"[{""availability"": ""available"", ""component"": ""d_inv"", ""passed"": false, ""tolerance"": 0.4, ""value"": 0.7488071528085204, ""within_boundary_epsilon"": false}, {""availability"": ""available"", ""component"": ""d_struct"", ""passed"": true, ""tolerance"": 0.5, ""value"": 0.0, ""within_boundary_epsilon"": false}, {""availability"": ""available"", ""component"": ""d_spec"", ""passed"": true, ""tolerance"": 0.5, ""value"": 0.0, ""within_boundary_epsilon"": false}, {""availability"": ""available"", ""component"": ""d_causal"", ""passed"": true, ""tolerance"": 0.1, ""value"": 0.0, ""within_boundary_epsilon"": false}, {""availability"": ""available"", ""component"": ""d_time"", ""passed"": true, ""tolerance"": 0.25, ""value"": 0.0, ""within_boundary_epsilon"": false}, {""availability"": ""available"", ""component"": ""d_addr"", ""passed"": true, ""tolerance"": 0.05, ""value"": 0.0, ""within_boundary_epsilon"": false}]"
target_control:phase_2_2_invariant_control,exploratory,obs_0fcedd9b2f9a3aa20b670c73,obs_636101efe48fe1e0db71431c,target,phase_2_2_invariant_control,False,6,d_inv=0.748807152809 > 0.45,,False,False,"[{""availability"": ""available"", ""component"": ""d_inv"", ""passed"": false, ""tolerance"": 0.45, ""value"": 0.7488071528085204, ""within_boundary_epsilon"": false}, {""availability"": ""available"", ""component"": ""d_struct"", ""passed"": true, ""tolerance"": 0.55, ""value"": 0.0, ""within_boundary_epsilon"": false}, {""availability"": ""available"", ""component"": ""d_spec"", ""passed"": true, ""tolerance"": 0.55, ""value"": 0.0, ""within_boundary_epsilon"": false}, {""availability"": ""available"", ""component"": ""d_causal"", ""passed"": true, ""tolerance"": 0.2, ""value"": 0.0, ""within_boundary_epsilon"": false}, {""availability"": ""available"", ""component"": ""d_time"", ""passed"": true, ""tolerance"": 0.3, ""value"": 0.0, ""within_boundary_epsilon"": false}, {""availability"": ""available"", ""component"": ""d_addr"", ""passed"": true, ""tolerance"": 0.25, ""value"": 0.0, ""within_boundary_epsilon"": false}]"
target_control:phase_2_2_invariant_control,strict,obs_4b796329fed4f21f3f9c32db,obs_d64ba5eb22c30573e11a7417,target,phase_2_2_invariant_control,False,6,d_inv=0.851035080702 > 0.4,,False,False,"[{""availability"": ""available"", ""component"": ""d_inv"", ""passed"": false, ""tolerance"": 0.4, ""value"": 0.8510350807015988, ""within_boundary_epsilon"": false}, {""availability"": ""available"", ""component"": ""d_struct"", ""passed"": true, ""tolerance"": 0.5, ""value"": 0.0, ""within_boundary_epsilon"": false}, {""availability"": ""available"", ""component"": ""d_spec"", ""passed"": true, ""tolerance"": 0.5, ""value"": 0.0, ""within_boundary_epsilon"": false}, {""availability"": ""available"", ""component"": ""d_causal"", ""passed"": true, ""tolerance"": 0.1, ""value"": 0.0, ""within_boundary_epsilon"": false}, {""availability"": ""available"", ""component"": ""d_time"", ""passed"": true, ""tolerance"": 0.25, ""value"": 0.0, ""within_boundary_epsilon"": false}, {""availability"": ""available"", ""component"": ""d_addr"", ""passed"": true, ""tolerance"": 0.05, ""value"": 0.0, ""within_boundary_epsilon"": false}]"
target_control:phase_2_2_invariant_control,exploratory,obs_4b796329fed4f21f3f9c32db,obs_d64ba5eb22c30573e11a7417,target,phase_2_2_invariant_control,False,6,d_inv=0.851035080702 > 0.45,,False,False,"[{""availability"": ""available"", ""component"": ""d_inv"", ""passed"": false, ""tolerance"": 0.45, ""value"": 0.8510350807015988, ""within_boundary_epsilon"": false}, {""availability"": ""available"", ""component"": ""d_struct"", ""passed"": true, ""tolerance"": 0.55, ""value"": 0.0, ""within_boundary_epsilon"": false}, {""availability"": ""available"", ""component"": ""d_spec"", ""passed"": true, ""tolerance"": 0.55, ""value"": 0.0, ""within_boundary_epsilon"": false}, {""availability"": ""available"", ""component"": ""d_causal"", ""passed"": true, ""tolerance"": 0.2, ""value"": 0.0, ""within_boundary_epsilon"": false}, {""availability"": ""available"", ""component"": ""d_time"", ""passed"": true, ""tolerance"": 0.3, ""value"": 0.0, ""within_boundary_epsilon"": false}, {""availability"": ""available"", ""component"": ""d_addr"", ""passed"": true, ""tolerance"": 0.25, ""value"": 0.0, ""within_boundary_epsilon"": false}]"
target_control:phase_2_2_structural_control,strict,obs_1a5fe18454a72c010723b68e,obs_a3c9233e002d4cdee5dc75f6,target,phase_2_2_structural_control,False,6,d_addr=0.25 > 0.05,d_struct,True,False,"[{""availability"": ""available"", ""component"": ""d_inv"", ""passed"": true, ""tolerance"": 0.4, ""value"": 0.0, ""within_boundary_epsilon"": false}, {""availability"": ""available"", ""component"": ""d_struct"", ""passed"": true, ""tolerance"": 0.5, ""value"": 0.5, ""within_boundary_epsilon"": true}, {""availability"": ""available"", ""component"": ""d_spec"", ""passed"": true, ""tolerance"": 0.5, ""value"": 0.0, ""within_boundary_epsilon"": false}, {""availability"": ""available"", ""component"": ""d_causal"", ""passed"": true, ""tolerance"": 0.1, ""value"": 0.0, ""within_boundary_epsilon"": false}, {""availability"": ""available"", ""component"": ""d_time"", ""passed"": true, ""tolerance"": 0.25, ""value"": 0.14285714285714285, ""within_boundary_epsilon"": false}, {""availability"": ""available"", ""component"": ""d_addr"", ""passed"": false, ""tolerance"": 0.05, ""value"": 0.25, ""within_boundary_epsilon"": false}]"
target_control:phase_2_2_structural_control,exploratory,obs_1a5fe18454a72c010723b68e,obs_a3c9233e002d4cdee5dc75f6,target,phase_2_2_structural_control,True,6,,d_addr,True,False,"[{""availability"": ""available"", ""component"": ""d_inv"", ""passed"": true, ""tolerance"": 0.45, ""value"": 0.0, ""within_boundary_epsilon"": false}, {""availability"": ""available"", ""component"": ""d_struct"", ""passed"": true, ""tolerance"": 0.55, ""value"": 0.5, ""within_boundary_epsilon"": false}, {""availability"": ""available"", ""component"": ""d_spec"", ""passed"": true, ""tolerance"": 0.55, ""value"": 0.0, ""within_boundary_epsilon"": false}, {""availability"": ""available"", ""component"": ""d_causal"", ""passed"": true, ""tolerance"": 0.2, ""value"": 0.0, ""within_boundary_epsilon"": false}, {""availability"": ""available"", ""component"": ""d_time"", ""passed"": true, ""tolerance"": 0.3, ""value"": 0.14285714285714285, ""within_boundary_epsilon"": false}, {""availability"": ""available"", ""component"": ""d_addr"", ""passed"": true, ""tolerance"": 0.25, ""value"": 0.25, ""within_boundary_epsilon"": true}]"
target_control:phase_2_2_structural_control,strict,obs_15dfea45916d6869fc8b2e34,obs_5cea029c13d8453fdc6a73a8,target,phase_2_2_structural_control,False,6,d_addr=0.25 > 0.05,d_struct,True,False,"[{""availability"": ""available"", ""component"": ""d_inv"", ""passed"": true, ""tolerance"": 0.4, ""value"": 0.0, ""within_boundary_epsilon"": false}, {""availability"": ""available"", ""component"": ""d_struct"", ""passed"": true, ""tolerance"": 0.5, ""value"": 0.5, ""within_boundary_epsilon"": true}, {""availability"": ""available"", ""component"": ""d_spec"", ""passed"": true, ""tolerance"": 0.5, ""value"": 0.0, ""within_boundary_epsilon"": false}, {""availability"": ""available"", ""component"": ""d_causal"", ""passed"": true, ""tolerance"": 0.1, ""value"": 0.0, ""within_boundary_epsilon"": false}, {""availability"": ""available"", ""component"": ""d_time"", ""passed"": true, ""tolerance"": 0.25, ""value"": 0.14285714285714285, ""within_boundary_epsilon"": false}, {""availability"": ""available"", ""component"": ""d_addr"", ""passed"": false, ""tolerance"": 0.05, ""value"": 0.25, ""within_boundary_epsilon"": false}]"
target_control:phase_2_2_structural_control,exploratory,obs_15dfea45916d6869fc8b2e34,obs_5cea029c13d8453fdc6a73a8,target,phase_2_2_structural_control,True,6,,d_addr,True,False,"[{""availability"": ""available"", ""component"": ""d_inv"", ""passed"": true, ""tolerance"": 0.45, ""value"": 0.0, ""within_boundary_epsilon"": false}, {""availability"": ""available"", ""component"": ""d_struct"", ""passed"": true, ""tolerance"": 0.55, ""value"": 0.5, ""within_boundary_epsilon"": false}, {""availability"": ""available"", ""component"": ""d_spec"", ""passed"": true, ""tolerance"": 0.55, ""value"": 0.0, ""within_boundary_epsilon"": false}, {""availability"": ""available"", ""component"": ""d_causal"", ""passed"": true, ""tolerance"": 0.2, ""value"": 0.0, ""within_boundary_epsilon"": false}, {""availability"": ""available"", ""component"": ""d_time"", ""passed"": true, ""tolerance"": 0.3, ""value"": 0.14285714285714285, ""within_boundary_epsilon"": false}, {""availability"": ""available"", ""component"": ""d_addr"", ""passed"": true, ""tolerance"": 0.25, ""value"": 0.25, ""within_boundary_epsilon"": true}]"
target_control:phase_2_2_structural_control,strict,obs_8e2a3670273441ac539de39a,obs_a9bdebd6e52a36a6ff89548d,target,phase_2_2_structural_control,False,6,d_addr=0.25 > 0.05,d_struct,True,False,"[{""availability"": ""available"", ""component"": ""d_inv"", ""passed"": true, ""tolerance"": 0.4, ""value"": 0.0, ""within_boundary_epsilon"": false}, {""availability"": ""available"", ""component"": ""d_struct"", ""passed"": true, ""tolerance"": 0.5, ""value"": 0.5, ""within_boundary_epsilon"": true}, {""availability"": ""available"", ""component"": ""d_spec"", ""passed"": true, ""tolerance"": 0.5, ""value"": 0.0, ""within_boundary_epsilon"": false}, {""availability"": ""available"", ""component"": ""d_causal"", ""passed"": true, ""tolerance"": 0.1, ""value"": 0.0, ""within_boundary_epsilon"": false}, {""availability"": ""available"", ""component"": ""d_time"", ""passed"": true, ""tolerance"": 0.25, ""value"": 0.14285714285714285, ""within_boundary_epsilon"": false}, {""availability"": ""available"", ""component"": ""d_addr"", ""passed"": false, ""tolerance"": 0.05, ""value"": 0.25, ""within_boundary_epsilon"": false}]"
target_control:phase_2_2_structural_control,exploratory,obs_8e2a3670273441ac539de39a,obs_a9bdebd6e52a36a6ff89548d,target,phase_2_2_structural_control,True,6,,d_addr,True,False,"[{""availability"": ""available"", ""component"": ""d_inv"", ""passed"": true, ""tolerance"": 0.45, ""value"": 0.0, ""within_boundary_epsilon"": false}, {""availability"": ""available"", ""component"": ""d_struct"", ""passed"": true, ""tolerance"": 0.55, ""value"": 0.5, ""within_boundary_epsilon"": false}, {""availability"": ""available"", ""component"": ""d_spec"", ""passed"": true, ""tolerance"": 0.55, ""value"": 0.0, ""within_boundary_epsilon"": false}, {""availability"": ""available"", ""component"": ""d_causal"", ""passed"": true, ""tolerance"": 0.2, ""value"": 0.0, ""within_boundary_epsilon"": false}, {""availability"": ""available"", ""component"": ""d_time"", ""passed"": true, ""tolerance"": 0.3, ""value"": 0.14285714285714285, ""within_boundary_epsilon"": false}, {""availability"": ""available"", ""component"": ""d_addr"", ""passed"": true, ""tolerance"": 0.25, ""value"": 0.25, ""within_boundary_epsilon"": true}]"
target_control:phase_2_2_structural_control,strict,obs_423d19db444cd1e59704599b,obs_524077c2515f18b762e7ca0f,target,phase_2_2_structural_control,False,6,d_addr=0.25 > 0.05,d_struct,True,False,"[{""availability"": ""available"", ""component"": ""d_inv"", ""passed"": true, ""tolerance"": 0.4, ""value"": 0.0, ""within_boundary_epsilon"": false}, {""availability"": ""available"", ""component"": ""d_struct"", ""passed"": true, ""tolerance"": 0.5, ""value"": 0.5, ""within_boundary_epsilon"": true}, {""availability"": ""available"", ""component"": ""d_spec"", ""passed"": true, ""tolerance"": 0.5, ""value"": 0.0, ""within_boundary_epsilon"": false}, {""availability"": ""available"", ""component"": ""d_causal"", ""passed"": true, ""tolerance"": 0.1, ""value"": 0.0, ""within_boundary_epsilon"": false}, {""availability"": ""available"", ""component"": ""d_time"", ""passed"": true, ""tolerance"": 0.25, ""value"": 0.14285714285714285, ""within_boundary_epsilon"": false}, {""availability"": ""available"", ""component"": ""d_addr"", ""passed"": false, ""tolerance"": 0.05, ""value"": 0.25, ""within_boundary_epsilon"": false}]"
target_control:phase_2_2_structural_control,exploratory,obs_423d19db444cd1e59704599b,obs_524077c2515f18b762e7ca0f,target,phase_2_2_structural_control,True,6,,d_addr,True,False,"[{""availability"": ""available"", ""component"": ""d_inv"", ""passed"": true, ""tolerance"": 0.45, ""value"": 0.0, ""within_boundary_epsilon"": false}, {""availability"": ""available"", ""component"": ""d_struct"", ""passed"": true, ""tolerance"": 0.55, ""value"": 0.5, ""within_boundary_epsilon"": false}, {""availability"": ""available"", ""component"": ""d_spec"", ""passed"": true, ""tolerance"": 0.55, ""value"": 0.0, ""within_boundary_epsilon"": false}, {""availability"": ""available"", ""component"": ""d_causal"", ""passed"": true, ""tolerance"": 0.2, ""value"": 0.0, ""within_boundary_epsilon"": false}, {""availability"": ""available"", ""component"": ""d_time"", ""passed"": true, ""tolerance"": 0.3, ""value"": 0.14285714285714285, ""within_boundary_epsilon"": false}, {""availability"": ""available"", ""component"": ""d_addr"", ""passed"": true, ""tolerance"": 0.25, ""value"": 0.25, ""within_boundary_epsilon"": true}]"
target_control:phase_2_2_structural_control,strict,obs_0fcedd9b2f9a3aa20b670c73,obs_600086fc1640d225eae13699,target,phase_2_2_structural_control,False,6,d_addr=0.25 > 0.05,d_struct,True,False,"[{""availability"": ""available"", ""component"": ""d_inv"", ""passed"": true, ""tolerance"": 0.4, ""value"": 0.0, ""within_boundary_epsilon"": false}, {""availability"": ""available"", ""component"": ""d_struct"", ""passed"": true, ""tolerance"": 0.5, ""value"": 0.5, ""within_boundary_epsilon"": true}, {""availability"": ""available"", ""component"": ""d_spec"", ""passed"": true, ""tolerance"": 0.5, ""value"": 0.0, ""within_boundary_epsilon"": false}, {""availability"": ""available"", ""component"": ""d_causal"", ""passed"": true, ""tolerance"": 0.1, ""value"": 0.0, ""within_boundary_epsilon"": false}, {""availability"": ""available"", ""component"": ""d_time"", ""passed"": true, ""tolerance"": 0.25, ""value"": 0.14285714285714285, ""within_boundary_epsilon"": false}, {""availability"": ""available"", ""component"": ""d_addr"", ""passed"": false, ""tolerance"": 0.05, ""value"": 0.25, ""within_boundary_epsilon"": false}]"
target_control:phase_2_2_structural_control,exploratory,obs_0fcedd9b2f9a3aa20b670c73,obs_600086fc1640d225eae13699,target,phase_2_2_structural_control,True,6,,d_addr,True,False,"[{""availability"": ""available"", ""component"": ""d_inv"", ""passed"": true, ""tolerance"": 0.45, ""value"": 0.0, ""within_boundary_epsilon"": false}, {""availability"": ""available"", ""component"": ""d_struct"", ""passed"": true, ""tolerance"": 0.55, ""value"": 0.5, ""within_boundary_epsilon"": false}, {""availability"": ""available"", ""component"": ""d_spec"", ""passed"": true, ""tolerance"": 0.55, ""value"": 0.0, ""within_boundary_epsilon"": false}, {""availability"": ""available"", ""component"": ""d_causal"", ""passed"": true, ""tolerance"": 0.2, ""value"": 0.0, ""within_boundary_epsilon"": false}, {""availability"": ""available"", ""component"": ""d_time"", ""passed"": true, ""tolerance"": 0.3, ""value"": 0.14285714285714285, ""within_boundary_epsilon"": false}, {""availability"": ""available"", ""component"": ""d_addr"", ""passed"": true, ""tolerance"": 0.25, ""value"": 0.25, ""within_boundary_epsilon"": true}]"
target_control:phase_2_2_structural_control,strict,obs_4b796329fed4f21f3f9c32db,obs_3c0c28571136df68b55f692a,target,phase_2_2_structural_control,False,6,d_addr=0.25 > 0.05,d_struct,True,False,"[{""availability"": ""available"", ""component"": ""d_inv"", ""passed"": true, ""tolerance"": 0.4, ""value"": 0.0, ""within_boundary_epsilon"": false}, {""availability"": ""available"", ""component"": ""d_struct"", ""passed"": true, ""tolerance"": 0.5, ""value"": 0.5, ""within_boundary_epsilon"": true}, {""availability"": ""available"", ""component"": ""d_spec"", ""passed"": true, ""tolerance"": 0.5, ""value"": 0.0, ""within_boundary_epsilon"": false}, {""availability"": ""available"", ""component"": ""d_causal"", ""passed"": true, ""tolerance"": 0.1, ""value"": 0.0, ""within_boundary_epsilon"": false}, {""availability"": ""available"", ""component"": ""d_time"", ""passed"": true, ""tolerance"": 0.25, ""value"": 0.14285714285714285, ""within_boundary_epsilon"": false}, {""availability"": ""available"", ""component"": ""d_addr"", ""passed"": false, ""tolerance"": 0.05, ""value"": 0.25, ""within_boundary_epsilon"": false}]"
target_control:phase_2_2_structural_control,exploratory,obs_4b796329fed4f21f3f9c32db,obs_3c0c28571136df68b55f692a,target,phase_2_2_structural_control,True,6,,d_addr,True,False,"[{""availability"": ""available"", ""component"": ""d_inv"", ""passed"": true, ""tolerance"": 0.45, ""value"": 0.0, ""within_boundary_epsilon"": false}, {""availability"": ""available"", ""component"": ""d_struct"", ""passed"": true, ""tolerance"": 0.55, ""value"": 0.5, ""within_boundary_epsilon"": false}, {""availability"": ""available"", ""component"": ""d_spec"", ""passed"": true, ""tolerance"": 0.55, ""value"": 0.0, ""within_boundary_epsilon"": false}, {""availability"": ""available"", ""component"": ""d_causal"", ""passed"": true, ""tolerance"": 0.2, ""value"": 0.0, ""within_boundary_epsilon"": false}, {""availability"": ""available"", ""component"": ""d_time"", ""passed"": true, ""tolerance"": 0.3, ""value"": 0.14285714285714285, ""within_boundary_epsilon"": false}, {""availability"": ""available"", ""component"": ""d_addr"", ""passed"": true, ""tolerance"": 0.25, ""value"": 0.25, ""within_boundary_epsilon"": true}]"
target_control:phase_2_2_spectral_control,strict,obs_1a5fe18454a72c010723b68e,obs_d9f1777dfb25e284eeccaf9f,target,phase_2_2_spectral_control,False,6,d_spec=0.811674797577 > 0.5,,False,False,"[{""availability"": ""available"", ""component"": ""d_inv"", ""passed"": true, ""tolerance"": 0.4, ""value"": 0.0, ""within_boundary_epsilon"": false}, {""availability"": ""available"", ""component"": ""d_struct"", ""passed"": true, ""tolerance"": 0.5, ""value"": 0.0, ""within_boundary_epsilon"": false}, {""availability"": ""available"", ""component"": ""d_spec"", ""passed"": false, ""tolerance"": 0.5, ""value"": 0.8116747975769204, ""within_boundary_epsilon"": false}, {""availability"": ""available"", ""component"": ""d_causal"", ""passed"": true, ""tolerance"": 0.1, ""value"": 0.0, ""within_boundary_epsilon"": false}, {""availability"": ""available"", ""component"": ""d_time"", ""passed"": true, ""tolerance"": 0.25, ""value"": 0.0, ""within_boundary_epsilon"": false}, {""availability"": ""available"", ""component"": ""d_addr"", ""passed"": true, ""tolerance"": 0.05, ""value"": 0.0, ""within_boundary_epsilon"": false}]"
target_control:phase_2_2_spectral_control,exploratory,obs_1a5fe18454a72c010723b68e,obs_d9f1777dfb25e284eeccaf9f,target,phase_2_2_spectral_control,False,6,d_spec=0.811674797577 > 0.55,,False,False,"[{""availability"": ""available"", ""component"": ""d_inv"", ""passed"": true, ""tolerance"": 0.45, ""value"": 0.0, ""within_boundary_epsilon"": false}, {""availability"": ""available"", ""component"": ""d_struct"", ""passed"": true, ""tolerance"": 0.55, ""value"": 0.0, ""within_boundary_epsilon"": false}, {""availability"": ""available"", ""component"": ""d_spec"", ""passed"": false, ""tolerance"": 0.55, ""value"": 0.8116747975769204, ""within_boundary_epsilon"": false}, {""availability"": ""available"", ""component"": ""d_causal"", ""passed"": true, ""tolerance"": 0.2, ""value"": 0.0, ""within_boundary_epsilon"": false}, {""availability"": ""available"", ""component"": ""d_time"", ""passed"": true, ""tolerance"": 0.3, ""value"": 0.0, ""within_boundary_epsilon"": false}, {""availability"": ""available"", ""component"": ""d_addr"", ""passed"": true, ""tolerance"": 0.25, ""value"": 0.0, ""within_boundary_epsilon"": false}]"
target_control:phase_2_2_spectral_control,strict,obs_15dfea45916d6869fc8b2e34,obs_3bd9cc24ec03efa2bc67fb6a,target,phase_2_2_spectral_control,False,6,d_spec=0.653622045026 > 0.5,,False,False,"[{""availability"": ""available"", ""component"": ""d_inv"", ""passed"": true, ""tolerance"": 0.4, ""value"": 0.0, ""within_boundary_epsilon"": false}, {""availability"": ""available"", ""component"": ""d_struct"", ""passed"": true, ""tolerance"": 0.5, ""value"": 0.0, ""within_boundary_epsilon"": false}, {""availability"": ""available"", ""component"": ""d_spec"", ""passed"": false, ""tolerance"": 0.5, ""value"": 0.6536220450257075, ""within_boundary_epsilon"": false}, {""availability"": ""available"", ""component"": ""d_causal"", ""passed"": true, ""tolerance"": 0.1, ""value"": 0.0, ""within_boundary_epsilon"": false}, {""availability"": ""available"", ""component"": ""d_time"", ""passed"": true, ""tolerance"": 0.25, ""value"": 0.0, ""within_boundary_epsilon"": false}, {""availability"": ""available"", ""component"": ""d_addr"", ""passed"": true, ""tolerance"": 0.05, ""value"": 0.0, ""within_boundary_epsilon"": false}]"
target_control:phase_2_2_spectral_control,exploratory,obs_15dfea45916d6869fc8b2e34,obs_3bd9cc24ec03efa2bc67fb6a,target,phase_2_2_spectral_control,False,6,d_spec=0.653622045026 > 0.55,,False,False,"[{""availability"": ""available"", ""component"": ""d_inv"", ""passed"": true, ""tolerance"": 0.45, ""value"": 0.0, ""within_boundary_epsilon"": false}, {""availability"": ""available"", ""component"": ""d_struct"", ""passed"": true, ""tolerance"": 0.55, ""value"": 0.0, ""within_boundary_epsilon"": false}, {""availability"": ""available"", ""component"": ""d_spec"", ""passed"": false, ""tolerance"": 0.55, ""value"": 0.6536220450257075, ""within_boundary_epsilon"": false}, {""availability"": ""available"", ""component"": ""d_causal"", ""passed"": true, ""tolerance"": 0.2, ""value"": 0.0, ""within_boundary_epsilon"": false}, {""availability"": ""available"", ""component"": ""d_time"", ""passed"": true, ""tolerance"": 0.3, ""value"": 0.0, ""within_boundary_epsilon"": false}, {""availability"": ""available"", ""component"": ""d_addr"", ""passed"": true, ""tolerance"": 0.25, ""value"": 0.0, ""within_boundary_epsilon"": false}]"
target_control:phase_2_2_spectral_control,strict,obs_8e2a3670273441ac539de39a,obs_1bb4ba6862c5f6ed8a054a09,target,phase_2_2_spectral_control,False,6,d_spec=0.705582521077 > 0.5,,False,False,"[{""availability"": ""available"", ""component"": ""d_inv"", ""passed"": true, ""tolerance"": 0.4, ""value"": 0.0, ""within_boundary_epsilon"": false}, {""availability"": ""available"", ""component"": ""d_struct"", ""passed"": true, ""tolerance"": 0.5, ""value"": 0.0, ""within_boundary_epsilon"": false}, {""availability"": ""available"", ""component"": ""d_spec"", ""passed"": false, ""tolerance"": 0.5, ""value"": 0.7055825210766526, ""within_boundary_epsilon"": false}, {""availability"": ""available"", ""component"": ""d_causal"", ""passed"": true, ""tolerance"": 0.1, ""value"": 0.0, ""within_boundary_epsilon"": false}, {""availability"": ""available"", ""component"": ""d_time"", ""passed"": true, ""tolerance"": 0.25, ""value"": 0.0, ""within_boundary_epsilon"": false}, {""availability"": ""available"", ""component"": ""d_addr"", ""passed"": true, ""tolerance"": 0.05, ""value"": 0.0, ""within_boundary_epsilon"": false}]"
target_control:phase_2_2_spectral_control,exploratory,obs_8e2a3670273441ac539de39a,obs_1bb4ba6862c5f6ed8a054a09,target,phase_2_2_spectral_control,False,6,d_spec=0.705582521077 > 0.55,,False,False,"[{""availability"": ""available"", ""component"": ""d_inv"", ""passed"": true, ""tolerance"": 0.45, ""value"": 0.0, ""within_boundary_epsilon"": false}, {""availability"": ""available"", ""component"": ""d_struct"", ""passed"": true, ""tolerance"": 0.55, ""value"": 0.0, ""within_boundary_epsilon"": false}, {""availability"": ""available"", ""component"": ""d_spec"", ""passed"": false, ""tolerance"": 0.55, ""value"": 0.7055825210766526, ""within_boundary_epsilon"": false}, {""availability"": ""available"", ""component"": ""d_causal"", ""passed"": true, ""tolerance"": 0.2, ""value"": 0.0, ""within_boundary_epsilon"": false}, {""availability"": ""available"", ""component"": ""d_time"", ""passed"": true, ""tolerance"": 0.3, ""value"": 0.0, ""within_boundary_epsilon"": false}, {""availability"": ""available"", ""component"": ""d_addr"", ""passed"": true, ""tolerance"": 0.25, ""value"": 0.0, ""within_boundary_epsilon"": false}]"
target_control:phase_2_2_spectral_control,strict,obs_423d19db444cd1e59704599b,obs_cf5f1686a2be20f7e1ad9203,target,phase_2_2_spectral_control,False,6,d_spec=0.632663500596 > 0.5,,False,False,"[{""availability"": ""available"", ""component"": ""d_inv"", ""passed"": true, ""tolerance"": 0.4, ""value"": 0.0, ""within_boundary_epsilon"": false}, {""availability"": ""available"", ""component"": ""d_struct"", ""passed"": true, ""tolerance"": 0.5, ""value"": 0.0, ""within_boundary_epsilon"": false}, {""availability"": ""available"", ""component"": ""d_spec"", ""passed"": false, ""tolerance"": 0.5, ""value"": 0.6326635005958107, ""within_boundary_epsilon"": false}, {""availability"": ""available"", ""component"": ""d_causal"", ""passed"": true, ""tolerance"": 0.1, ""value"": 0.0, ""within_boundary_epsilon"": false}, {""availability"": ""available"", ""component"": ""d_time"", ""passed"": true, ""tolerance"": 0.25, ""value"": 0.0, ""within_boundary_epsilon"": false}, {""availability"": ""available"", ""component"": ""d_addr"", ""passed"": true, ""tolerance"": 0.05, ""value"": 0.0, ""within_boundary_epsilon"": false}]"
target_control:phase_2_2_spectral_control,exploratory,obs_423d19db444cd1e59704599b,obs_cf5f1686a2be20f7e1ad9203,target,phase_2_2_spectral_control,False,6,d_spec=0.632663500596 > 0.55,,False,False,"[{""availability"": ""available"", ""component"": ""d_inv"", ""passed"": true, ""tolerance"": 0.45, ""value"": 0.0, ""within_boundary_epsilon"": false}, {""availability"": ""available"", ""component"": ""d_struct"", ""passed"": true, ""tolerance"": 0.55, ""value"": 0.0, ""within_boundary_epsilon"": false}, {""availability"": ""available"", ""component"": ""d_spec"", ""passed"": false, ""tolerance"": 0.55, ""value"": 0.6326635005958107, ""within_boundary_epsilon"": false}, {""availability"": ""available"", ""component"": ""d_causal"", ""passed"": true, ""tolerance"": 0.2, ""value"": 0.0, ""within_boundary_epsilon"": false}, {""availability"": ""available"", ""component"": ""d_time"", ""passed"": true, ""tolerance"": 0.3, ""value"": 0.0, ""within_boundary_epsilon"": false}, {""availability"": ""available"", ""component"": ""d_addr"", ""passed"": true, ""tolerance"": 0.25, ""value"": 0.0, ""within_boundary_epsilon"": false}]"
target_control:phase_2_2_spectral_control,strict,obs_0fcedd9b2f9a3aa20b670c73,obs_518294fd7b049d0d3182c33f,target,phase_2_2_spectral_control,False,6,d_spec=0.547143194894 > 0.5,,False,False,"[{""availability"": ""available"", ""component"": ""d_inv"", ""passed"": true, ""tolerance"": 0.4, ""value"": 0.0, ""within_boundary_epsilon"": false}, {""availability"": ""available"", ""component"": ""d_struct"", ""passed"": true, ""tolerance"": 0.5, ""value"": 0.0, ""within_boundary_epsilon"": false}, {""availability"": ""available"", ""component"": ""d_spec"", ""passed"": false, ""tolerance"": 0.5, ""value"": 0.547143194894418, ""within_boundary_epsilon"": false}, {""availability"": ""available"", ""component"": ""d_causal"", ""passed"": true, ""tolerance"": 0.1, ""value"": 0.0, ""within_boundary_epsilon"": false}, {""availability"": ""available"", ""component"": ""d_time"", ""passed"": true, ""tolerance"": 0.25, ""value"": 0.0, ""within_boundary_epsilon"": false}, {""availability"": ""available"", ""component"": ""d_addr"", ""passed"": true, ""tolerance"": 0.05, ""value"": 0.0, ""within_boundary_epsilon"": false}]"
target_control:phase_2_2_spectral_control,exploratory,obs_0fcedd9b2f9a3aa20b670c73,obs_518294fd7b049d0d3182c33f,target,phase_2_2_spectral_control,True,6,,d_spec,True,False,"[{""availability"": ""available"", ""component"": ""d_inv"", ""passed"": true, ""tolerance"": 0.45, ""value"": 0.0, ""within_boundary_epsilon"": false}, {""availability"": ""available"", ""component"": ""d_struct"", ""passed"": true, ""tolerance"": 0.55, ""value"": 0.0, ""within_boundary_epsilon"": false}, {""availability"": ""available"", ""component"": ""d_spec"", ""passed"": true, ""tolerance"": 0.55, ""value"": 0.547143194894418, ""within_boundary_epsilon"": true}, {""availability"": ""available"", ""component"": ""d_causal"", ""passed"": true, ""tolerance"": 0.2, ""value"": 0.0, ""within_boundary_epsilon"": false}, {""availability"": ""available"", ""component"": ""d_time"", ""passed"": true, ""tolerance"": 0.3, ""value"": 0.0, ""within_boundary_epsilon"": false}, {""availability"": ""available"", ""component"": ""d_addr"", ""passed"": true, ""tolerance"": 0.25, ""value"": 0.0, ""within_boundary_epsilon"": false}]"
target_control:phase_2_2_spectral_control,strict,obs_4b796329fed4f21f3f9c32db,obs_ef6d94de035c7621078d761e,target,phase_2_2_spectral_control,False,6,d_spec=0.613981300538 > 0.5,,False,False,"[{""availability"": ""available"", ""component"": ""d_inv"", ""passed"": true, ""tolerance"": 0.4, ""value"": 0.0, ""within_boundary_epsilon"": false}, {""availability"": ""available"", ""component"": ""d_struct"", ""passed"": true, ""tolerance"": 0.5, ""value"": 0.0, ""within_boundary_epsilon"": false}, {""availability"": ""available"", ""component"": ""d_spec"", ""passed"": false, ""tolerance"": 0.5, ""value"": 0.6139813005384889, ""within_boundary_epsilon"": false}, {""availability"": ""available"", ""component"": ""d_causal"", ""passed"": true, ""tolerance"": 0.1, ""value"": 0.0, ""within_boundary_epsilon"": false}, {""availability"": ""available"", ""component"": ""d_time"", ""passed"": true, ""tolerance"": 0.25, ""value"": 0.0, ""within_boundary_epsilon"": false}, {""availability"": ""available"", ""component"": ""d_addr"", ""passed"": true, ""tolerance"": 0.05, ""value"": 0.0, ""within_boundary_epsilon"": false}]"
target_control:phase_2_2_spectral_control,exploratory,obs_4b796329fed4f21f3f9c32db,obs_ef6d94de035c7621078d761e,target,phase_2_2_spectral_control,False,6,d_spec=0.613981300538 > 0.55,,False,False,"[{""availability"": ""available"", ""component"": ""d_inv"", ""passed"": true, ""tolerance"": 0.45, ""value"": 0.0, ""within_boundary_epsilon"": false}, {""availability"": ""available"", ""component"": ""d_struct"", ""passed"": true, ""tolerance"": 0.55, ""value"": 0.0, ""within_boundary_epsilon"": false}, {""availability"": ""available"", ""component"": ""d_spec"", ""passed"": false, ""tolerance"": 0.55, ""value"": 0.6139813005384889, ""within_boundary_epsilon"": false}, {""availability"": ""available"", ""component"": ""d_causal"", ""passed"": true, ""tolerance"": 0.2, ""value"": 0.0, ""within_boundary_epsilon"": false}, {""availability"": ""available"", ""component"": ""d_time"", ""passed"": true, ""tolerance"": 0.3, ""value"": 0.0, ""within_boundary_epsilon"": false}, {""availability"": ""available"", ""component"": ""d_addr"", ""passed"": true, ""tolerance"": 0.25, ""value"": 0.0, ""within_boundary_epsilon"": false}]"
target_control:phase_2_2_causal_control,strict,obs_1a5fe18454a72c010723b68e,obs_5b3ea7eaa5bcfdf3960e2a10,target,phase_2_2_causal_control,False,6,d_causal=0.380047603932 > 0.1|d_addr=0.25 > 0.05,,False,False,"[{""availability"": ""available"", ""component"": ""d_inv"", ""passed"": true, ""tolerance"": 0.4, ""value"": 0.0, ""within_boundary_epsilon"": false}, {""availability"": ""available"", ""component"": ""d_struct"", ""passed"": true, ""tolerance"": 0.5, ""value"": 0.0, ""within_boundary_epsilon"": false}, {""availability"": ""available"", ""component"": ""d_spec"", ""passed"": true, ""tolerance"": 0.5, ""value"": 0.0, ""within_boundary_epsilon"": false}, {""availability"": ""available"", ""component"": ""d_causal"", ""passed"": false, ""tolerance"": 0.1, ""value"": 0.380047603931994, ""within_boundary_epsilon"": false}, {""availability"": ""available"", ""component"": ""d_time"", ""passed"": true, ""tolerance"": 0.25, ""value"": 0.0, ""within_boundary_epsilon"": false}, {""availability"": ""available"", ""component"": ""d_addr"", ""passed"": false, ""tolerance"": 0.05, ""value"": 0.25, ""within_boundary_epsilon"": false}]"
target_control:phase_2_2_causal_control,exploratory,obs_1a5fe18454a72c010723b68e,obs_5b3ea7eaa5bcfdf3960e2a10,target,phase_2_2_causal_control,False,6,d_causal=0.380047603932 > 0.2,d_addr,True,False,"[{""availability"": ""available"", ""component"": ""d_inv"", ""passed"": true, ""tolerance"": 0.45, ""value"": 0.0, ""within_boundary_epsilon"": false}, {""availability"": ""available"", ""component"": ""d_struct"", ""passed"": true, ""tolerance"": 0.55, ""value"": 0.0, ""within_boundary_epsilon"": false}, {""availability"": ""available"", ""component"": ""d_spec"", ""passed"": true, ""tolerance"": 0.55, ""value"": 0.0, ""within_boundary_epsilon"": false}, {""availability"": ""available"", ""component"": ""d_causal"", ""passed"": false, ""tolerance"": 0.2, ""value"": 0.380047603931994, ""within_boundary_epsilon"": false}, {""availability"": ""available"", ""component"": ""d_time"", ""passed"": true, ""tolerance"": 0.3, ""value"": 0.0, ""within_boundary_epsilon"": false}, {""availability"": ""available"", ""component"": ""d_addr"", ""passed"": true, ""tolerance"": 0.25, ""value"": 0.25, ""within_boundary_epsilon"": true}]"
target_control:phase_2_2_causal_control,strict,obs_15dfea45916d6869fc8b2e34,obs_232f196314e3f3550d15fa8e,target,phase_2_2_causal_control,False,6,d_causal=0.380047603932 > 0.1|d_addr=0.25 > 0.05,,False,False,"[{""availability"": ""available"", ""component"": ""d_inv"", ""passed"": true, ""tolerance"": 0.4, ""value"": 0.0, ""within_boundary_epsilon"": false}, {""availability"": ""available"", ""component"": ""d_struct"", ""passed"": true, ""tolerance"": 0.5, ""value"": 0.0, ""within_boundary_epsilon"": false}, {""availability"": ""available"", ""component"": ""d_spec"", ""passed"": true, ""tolerance"": 0.5, ""value"": 0.0, ""within_boundary_epsilon"": false}, {""availability"": ""available"", ""component"": ""d_causal"", ""passed"": false, ""tolerance"": 0.1, ""value"": 0.380047603931994, ""within_boundary_epsilon"": false}, {""availability"": ""available"", ""component"": ""d_time"", ""passed"": true, ""tolerance"": 0.25, ""value"": 0.0, ""within_boundary_epsilon"": false}, {""availability"": ""available"", ""component"": ""d_addr"", ""passed"": false, ""tolerance"": 0.05, ""value"": 0.25, ""within_boundary_epsilon"": false}]"
target_control:phase_2_2_causal_control,exploratory,obs_15dfea45916d6869fc8b2e34,obs_232f196314e3f3550d15fa8e,target,phase_2_2_causal_control,False,6,d_causal=0.380047603932 > 0.2,d_addr,True,False,"[{""availability"": ""available"", ""component"": ""d_inv"", ""passed"": true, ""tolerance"": 0.45, ""value"": 0.0, ""within_boundary_epsilon"": false}, {""availability"": ""available"", ""component"": ""d_struct"", ""passed"": true, ""tolerance"": 0.55, ""value"": 0.0, ""within_boundary_epsilon"": false}, {""availability"": ""available"", ""component"": ""d_spec"", ""passed"": true, ""tolerance"": 0.55, ""value"": 0.0, ""within_boundary_epsilon"": false}, {""availability"": ""available"", ""component"": ""d_causal"", ""passed"": false, ""tolerance"": 0.2, ""value"": 0.380047603931994, ""within_boundary_epsilon"": false}, {""availability"": ""available"", ""component"": ""d_time"", ""passed"": true, ""tolerance"": 0.3, ""value"": 0.0, ""within_boundary_epsilon"": false}, {""availability"": ""available"", ""component"": ""d_addr"", ""passed"": true, ""tolerance"": 0.25, ""value"": 0.25, ""within_boundary_epsilon"": true}]"
target_control:phase_2_2_causal_control,strict,obs_8e2a3670273441ac539de39a,obs_d99b0e8ecc9d0b5f2e815d6a,target,phase_2_2_causal_control,False,6,d_causal=0.375489822912 > 0.1|d_addr=0.25 > 0.05,,False,False,"[{""availability"": ""available"", ""component"": ""d_inv"", ""passed"": true, ""tolerance"": 0.4, ""value"": 0.0, ""within_boundary_epsilon"": false}, {""availability"": ""available"", ""component"": ""d_struct"", ""passed"": true, ""tolerance"": 0.5, ""value"": 0.0, ""within_boundary_epsilon"": false}, {""availability"": ""available"", ""component"": ""d_spec"", ""passed"": true, ""tolerance"": 0.5, ""value"": 0.0, ""within_boundary_epsilon"": false}, {""availability"": ""available"", ""component"": ""d_causal"", ""passed"": false, ""tolerance"": 0.1, ""value"": 0.3754898229117926, ""within_boundary_epsilon"": false}, {""availability"": ""available"", ""component"": ""d_time"", ""passed"": true, ""tolerance"": 0.25, ""value"": 0.0, ""within_boundary_epsilon"": false}, {""availability"": ""available"", ""component"": ""d_addr"", ""passed"": false, ""tolerance"": 0.05, ""value"": 0.25, ""within_boundary_epsilon"": false}]"
target_control:phase_2_2_causal_control,exploratory,obs_8e2a3670273441ac539de39a,obs_d99b0e8ecc9d0b5f2e815d6a,target,phase_2_2_causal_control,False,6,d_causal=0.375489822912 > 0.2,d_addr,True,False,"[{""availability"": ""available"", ""component"": ""d_inv"", ""passed"": true, ""tolerance"": 0.45, ""value"": 0.0, ""within_boundary_epsilon"": false}, {""availability"": ""available"", ""component"": ""d_struct"", ""passed"": true, ""tolerance"": 0.55, ""value"": 0.0, ""within_boundary_epsilon"": false}, {""availability"": ""available"", ""component"": ""d_spec"", ""passed"": true, ""tolerance"": 0.55, ""value"": 0.0, ""within_boundary_epsilon"": false}, {""availability"": ""available"", ""component"": ""d_causal"", ""passed"": false, ""tolerance"": 0.2, ""value"": 0.3754898229117926, ""within_boundary_epsilon"": false}, {""availability"": ""available"", ""component"": ""d_time"", ""passed"": true, ""tolerance"": 0.3, ""value"": 0.0, ""within_boundary_epsilon"": false}, {""availability"": ""available"", ""component"": ""d_addr"", ""passed"": true, ""tolerance"": 0.25, ""value"": 0.25, ""within_boundary_epsilon"": true}]"
target_control:phase_2_2_causal_control,strict,obs_423d19db444cd1e59704599b,obs_2925e6917d8e64329e96a116,target,phase_2_2_causal_control,False,6,d_causal=0.375489822912 > 0.1|d_addr=0.25 > 0.05,,False,False,"[{""availability"": ""available"", ""component"": ""d_inv"", ""passed"": true, ""tolerance"": 0.4, ""value"": 0.0, ""within_boundary_epsilon"": false}, {""availability"": ""available"", ""component"": ""d_struct"", ""passed"": true, ""tolerance"": 0.5, ""value"": 0.0, ""within_boundary_epsilon"": false}, {""availability"": ""available"", ""component"": ""d_spec"", ""passed"": true, ""tolerance"": 0.5, ""value"": 0.0, ""within_boundary_epsilon"": false}, {""availability"": ""available"", ""component"": ""d_causal"", ""passed"": false, ""tolerance"": 0.1, ""value"": 0.3754898229117926, ""within_boundary_epsilon"": false}, {""availability"": ""available"", ""component"": ""d_time"", ""passed"": true, ""tolerance"": 0.25, ""value"": 0.0, ""within_boundary_epsilon"": false}, {""availability"": ""available"", ""component"": ""d_addr"", ""passed"": false, ""tolerance"": 0.05, ""value"": 0.25, ""within_boundary_epsilon"": false}]"
target_control:phase_2_2_causal_control,exploratory,obs_423d19db444cd1e59704599b,obs_2925e6917d8e64329e96a116,target,phase_2_2_causal_control,False,6,d_causal=0.375489822912 > 0.2,d_addr,True,False,"[{""availability"": ""available"", ""component"": ""d_inv"", ""passed"": true, ""tolerance"": 0.45, ""value"": 0.0, ""within_boundary_epsilon"": false}, {""availability"": ""available"", ""component"": ""d_struct"", ""passed"": true, ""tolerance"": 0.55, ""value"": 0.0, ""within_boundary_epsilon"": false}, {""availability"": ""available"", ""component"": ""d_spec"", ""passed"": true, ""tolerance"": 0.55, ""value"": 0.0, ""within_boundary_epsilon"": false}, {""availability"": ""available"", ""component"": ""d_causal"", ""passed"": false, ""tolerance"": 0.2, ""value"": 0.3754898229117926, ""within_boundary_epsilon"": false}, {""availability"": ""available"", ""component"": ""d_time"", ""passed"": true, ""tolerance"": 0.3, ""value"": 0.0, ""within_boundary_epsilon"": false}, {""availability"": ""available"", ""component"": ""d_addr"", ""passed"": true, ""tolerance"": 0.25, ""value"": 0.25, ""within_boundary_epsilon"": true}]"
target_control:phase_2_2_causal_control,strict,obs_0fcedd9b2f9a3aa20b670c73,obs_efe86cb47f7d4c7c69754d43,target,phase_2_2_causal_control,False,6,d_causal=0.379235962975 > 0.1|d_addr=0.25 > 0.05,,False,False,"[{""availability"": ""available"", ""component"": ""d_inv"", ""passed"": true, ""tolerance"": 0.4, ""value"": 0.0, ""within_boundary_epsilon"": false}, {""availability"": ""available"", ""component"": ""d_struct"", ""passed"": true, ""tolerance"": 0.5, ""value"": 0.0, ""within_boundary_epsilon"": false}, {""availability"": ""available"", ""component"": ""d_spec"", ""passed"": true, ""tolerance"": 0.5, ""value"": 0.0, ""within_boundary_epsilon"": false}, {""availability"": ""available"", ""component"": ""d_causal"", ""passed"": false, ""tolerance"": 0.1, ""value"": 0.3792359629752408, ""within_boundary_epsilon"": false}, {""availability"": ""available"", ""component"": ""d_time"", ""passed"": true, ""tolerance"": 0.25, ""value"": 0.0, ""within_boundary_epsilon"": false}, {""availability"": ""available"", ""component"": ""d_addr"", ""passed"": false, ""tolerance"": 0.05, ""value"": 0.25, ""within_boundary_epsilon"": false}]"
target_control:phase_2_2_causal_control,exploratory,obs_0fcedd9b2f9a3aa20b670c73,obs_efe86cb47f7d4c7c69754d43,target,phase_2_2_causal_control,False,6,d_causal=0.379235962975 > 0.2,d_addr,True,False,"[{""availability"": ""available"", ""component"": ""d_inv"", ""passed"": true, ""tolerance"": 0.45, ""value"": 0.0, ""within_boundary_epsilon"": false}, {""availability"": ""available"", ""component"": ""d_struct"", ""passed"": true, ""tolerance"": 0.55, ""value"": 0.0, ""within_boundary_epsilon"": false}, {""availability"": ""available"", ""component"": ""d_spec"", ""passed"": true, ""tolerance"": 0.55, ""value"": 0.0, ""within_boundary_epsilon"": false}, {""availability"": ""available"", ""component"": ""d_causal"", ""passed"": false, ""tolerance"": 0.2, ""value"": 0.3792359629752408, ""within_boundary_epsilon"": false}, {""availability"": ""available"", ""component"": ""d_time"", ""passed"": true, ""tolerance"": 0.3, ""value"": 0.0, ""within_boundary_epsilon"": false}, {""availability"": ""available"", ""component"": ""d_addr"", ""passed"": true, ""tolerance"": 0.25, ""value"": 0.25, ""within_boundary_epsilon"": true}]"
target_control:phase_2_2_causal_control,strict,obs_4b796329fed4f21f3f9c32db,obs_c17bc4160af2febbe34cf5f4,target,phase_2_2_causal_control,False,6,d_causal=0.379235962975 > 0.1|d_addr=0.25 > 0.05,,False,False,"[{""availability"": ""available"", ""component"": ""d_inv"", ""passed"": true, ""tolerance"": 0.4, ""value"": 0.0, ""within_boundary_epsilon"": false}, {""availability"": ""available"", ""component"": ""d_struct"", ""passed"": true, ""tolerance"": 0.5, ""value"": 0.0, ""within_boundary_epsilon"": false}, {""availability"": ""available"", ""component"": ""d_spec"", ""passed"": true, ""tolerance"": 0.5, ""value"": 0.0, ""within_boundary_epsilon"": false}, {""availability"": ""available"", ""component"": ""d_causal"", ""passed"": false, ""tolerance"": 0.1, ""value"": 0.3792359629752408, ""within_boundary_epsilon"": false}, {""availability"": ""available"", ""component"": ""d_time"", ""passed"": true, ""tolerance"": 0.25, ""value"": 0.0, ""within_boundary_epsilon"": false}, {""availability"": ""available"", ""component"": ""d_addr"", ""passed"": false, ""tolerance"": 0.05, ""value"": 0.25, ""within_boundary_epsilon"": false}]"
target_control:phase_2_2_causal_control,exploratory,obs_4b796329fed4f21f3f9c32db,obs_c17bc4160af2febbe34cf5f4,target,phase_2_2_causal_control,False,6,d_causal=0.379235962975 > 0.2,d_addr,True,False,"[{""availability"": ""available"", ""component"": ""d_inv"", ""passed"": true, ""tolerance"": 0.45, ""value"": 0.0, ""within_boundary_epsilon"": false}, {""availability"": ""available"", ""component"": ""d_struct"", ""passed"": true, ""tolerance"": 0.55, ""value"": 0.0, ""within_boundary_epsilon"": false}, {""availability"": ""available"", ""component"": ""d_spec"", ""passed"": true, ""tolerance"": 0.55, ""value"": 0.0, ""within_boundary_epsilon"": false}, {""availability"": ""available"", ""component"": ""d_causal"", ""passed"": false, ""tolerance"": 0.2, ""value"": 0.3792359629752408, ""within_boundary_epsilon"": false}, {""availability"": ""available"", ""component"": ""d_time"", ""passed"": true, ""tolerance"": 0.3, ""value"": 0.0, ""within_boundary_epsilon"": false}, {""availability"": ""available"", ""component"": ""d_addr"", ""passed"": true, ""tolerance"": 0.25, ""value"": 0.25, ""within_boundary_epsilon"": true}]"
target_control:phase_2_2_temporal_control,strict,obs_1a5fe18454a72c010723b68e,obs_e360df5e5b00ca25a8440b17,target,phase_2_2_temporal_control,False,6,d_time=0.424792142857 > 0.25|d_addr=0.416666666667 > 0.05,d_struct,True,False,"[{""availability"": ""available"", ""component"": ""d_inv"", ""passed"": true, ""tolerance"": 0.4, ""value"": 0.0, ""within_boundary_epsilon"": false}, {""availability"": ""available"", ""component"": ""d_struct"", ""passed"": true, ""tolerance"": 0.5, ""value"": 0.5, ""within_boundary_epsilon"": true}, {""availability"": ""available"", ""component"": ""d_spec"", ""passed"": true, ""tolerance"": 0.5, ""value"": 0.0, ""within_boundary_epsilon"": false}, {""availability"": ""available"", ""component"": ""d_causal"", ""passed"": true, ""tolerance"": 0.1, ""value"": 0.0, ""within_boundary_epsilon"": false}, {""availability"": ""available"", ""component"": ""d_time"", ""passed"": false, ""tolerance"": 0.25, ""value"": 0.42479214285714284, ""within_boundary_epsilon"": false}, {""availability"": ""available"", ""component"": ""d_addr"", ""passed"": false, ""tolerance"": 0.05, ""value"": 0.41666666666666663, ""within_boundary_epsilon"": false}]"
target_control:phase_2_2_temporal_control,exploratory,obs_1a5fe18454a72c010723b68e,obs_e360df5e5b00ca25a8440b17,target,phase_2_2_temporal_control,False,6,d_time=0.424792142857 > 0.3|d_addr=0.416666666667 > 0.25,,False,False,"[{""availability"": ""available"", ""component"": ""d_inv"", ""passed"": true, ""tolerance"": 0.45, ""value"": 0.0, ""within_boundary_epsilon"": false}, {""availability"": ""available"", ""component"": ""d_struct"", ""passed"": true, ""tolerance"": 0.55, ""value"": 0.5, ""within_boundary_epsilon"": false}, {""availability"": ""available"", ""component"": ""d_spec"", ""passed"": true, ""tolerance"": 0.55, ""value"": 0.0, ""within_boundary_epsilon"": false}, {""availability"": ""available"", ""component"": ""d_causal"", ""passed"": true, ""tolerance"": 0.2, ""value"": 0.0, ""within_boundary_epsilon"": false}, {""availability"": ""available"", ""component"": ""d_time"", ""passed"": false, ""tolerance"": 0.3, ""value"": 0.42479214285714284, ""within_boundary_epsilon"": false}, {""availability"": ""available"", ""component"": ""d_addr"", ""passed"": false, ""tolerance"": 0.25, ""value"": 0.41666666666666663, ""within_boundary_epsilon"": false}]"
target_control:phase_2_2_temporal_control,strict,obs_15dfea45916d6869fc8b2e34,obs_b00c7bb295948ac4e4b30a6f,target,phase_2_2_temporal_control,False,6,d_time=0.553287993197 > 0.25|d_addr=0.416666666667 > 0.05,d_struct,True,False,"[{""availability"": ""available"", ""component"": ""d_inv"", ""passed"": true, ""tolerance"": 0.4, ""value"": 0.0, ""within_boundary_epsilon"": false}, {""availability"": ""available"", ""component"": ""d_struct"", ""passed"": true, ""tolerance"": 0.5, ""value"": 0.5, ""within_boundary_epsilon"": true}, {""availability"": ""available"", ""component"": ""d_spec"", ""passed"": true, ""tolerance"": 0.5, ""value"": 0.0, ""within_boundary_epsilon"": false}, {""availability"": ""available"", ""component"": ""d_causal"", ""passed"": true, ""tolerance"": 0.1, ""value"": 0.0, ""within_boundary_epsilon"": false}, {""availability"": ""available"", ""component"": ""d_time"", ""passed"": false, ""tolerance"": 0.25, ""value"": 0.553287993197279, ""within_boundary_epsilon"": false}, {""availability"": ""available"", ""component"": ""d_addr"", ""passed"": false, ""tolerance"": 0.05, ""value"": 0.41666666666666663, ""within_boundary_epsilon"": false}]"
target_control:phase_2_2_temporal_control,exploratory,obs_15dfea45916d6869fc8b2e34,obs_b00c7bb295948ac4e4b30a6f,target,phase_2_2_temporal_control,False,6,d_time=0.553287993197 > 0.3|d_addr=0.416666666667 > 0.25,,False,False,"[{""availability"": ""available"", ""component"": ""d_inv"", ""passed"": true, ""tolerance"": 0.45, ""value"": 0.0, ""within_boundary_epsilon"": false}, {""availability"": ""available"", ""component"": ""d_struct"", ""passed"": true, ""tolerance"": 0.55, ""value"": 0.5, ""within_boundary_epsilon"": false}, {""availability"": ""available"", ""component"": ""d_spec"", ""passed"": true, ""tolerance"": 0.55, ""value"": 0.0, ""within_boundary_epsilon"": false}, {""availability"": ""available"", ""component"": ""d_causal"", ""passed"": true, ""tolerance"": 0.2, ""value"": 0.0, ""within_boundary_epsilon"": false}, {""availability"": ""available"", ""component"": ""d_time"", ""passed"": false, ""tolerance"": 0.3, ""value"": 0.553287993197279, ""within_boundary_epsilon"": false}, {""availability"": ""available"", ""component"": ""d_addr"", ""passed"": false, ""tolerance"": 0.25, ""value"": 0.41666666666666663, ""within_boundary_epsilon"": false}]"
target_control:phase_2_2_temporal_control,strict,obs_8e2a3670273441ac539de39a,obs_0f9c43ca8d15616efce32771,target,phase_2_2_temporal_control,False,6,d_time=0.445956122449 > 0.25|d_addr=0.416666666667 > 0.05,d_struct,True,False,"[{""availability"": ""available"", ""component"": ""d_inv"", ""passed"": true, ""tolerance"": 0.4, ""value"": 0.0, ""within_boundary_epsilon"": false}, {""availability"": ""available"", ""component"": ""d_struct"", ""passed"": true, ""tolerance"": 0.5, ""value"": 0.5, ""within_boundary_epsilon"": true}, {""availability"": ""available"", ""component"": ""d_spec"", ""passed"": true, ""tolerance"": 0.5, ""value"": 0.0, ""within_boundary_epsilon"": false}, {""availability"": ""available"", ""component"": ""d_causal"", ""passed"": true, ""tolerance"": 0.1, ""value"": 0.0, ""within_boundary_epsilon"": false}, {""availability"": ""available"", ""component"": ""d_time"", ""passed"": false, ""tolerance"": 0.25, ""value"": 0.44595612244897953, ""within_boundary_epsilon"": false}, {""availability"": ""available"", ""component"": ""d_addr"", ""passed"": false, ""tolerance"": 0.05, ""value"": 0.41666666666666663, ""within_boundary_epsilon"": false}]"
target_control:phase_2_2_temporal_control,exploratory,obs_8e2a3670273441ac539de39a,obs_0f9c43ca8d15616efce32771,target,phase_2_2_temporal_control,False,6,d_time=0.445956122449 > 0.3|d_addr=0.416666666667 > 0.25,,False,False,"[{""availability"": ""available"", ""component"": ""d_inv"", ""passed"": true, ""tolerance"": 0.45, ""value"": 0.0, ""within_boundary_epsilon"": false}, {""availability"": ""available"", ""component"": ""d_struct"", ""passed"": true, ""tolerance"": 0.55, ""value"": 0.5, ""within_boundary_epsilon"": false}, {""availability"": ""available"", ""component"": ""d_spec"", ""passed"": true, ""tolerance"": 0.55, ""value"": 0.0, ""within_boundary_epsilon"": false}, {""availability"": ""available"", ""component"": ""d_causal"", ""passed"": true, ""tolerance"": 0.2, ""value"": 0.0, ""within_boundary_epsilon"": false}, {""availability"": ""available"", ""component"": ""d_time"", ""passed"": false, ""tolerance"": 0.3, ""value"": 0.44595612244897953, ""within_boundary_epsilon"": false}, {""availability"": ""available"", ""component"": ""d_addr"", ""passed"": false, ""tolerance"": 0.25, ""value"": 0.41666666666666663, ""within_boundary_epsilon"": false}]"
target_control:phase_2_2_temporal_control,strict,obs_423d19db444cd1e59704599b,obs_33cc00ce7af1b573c800f0c0,target,phase_2_2_temporal_control,False,6,d_time=0.544217687075 > 0.25|d_addr=0.416666666667 > 0.05,d_struct,True,False,"[{""availability"": ""available"", ""component"": ""d_inv"", ""passed"": true, ""tolerance"": 0.4, ""value"": 0.0, ""within_boundary_epsilon"": false}, {""availability"": ""available"", ""component"": ""d_struct"", ""passed"": true, ""tolerance"": 0.5, ""value"": 0.5, ""within_boundary_epsilon"": true}, {""availability"": ""available"", ""component"": ""d_spec"", ""passed"": true, ""tolerance"": 0.5, ""value"": 0.0, ""within_boundary_epsilon"": false}, {""availability"": ""available"", ""component"": ""d_causal"", ""passed"": true, ""tolerance"": 0.1, ""value"": 0.0, ""within_boundary_epsilon"": false}, {""availability"": ""available"", ""component"": ""d_time"", ""passed"": false, ""tolerance"": 0.25, ""value"": 0.5442176870748299, ""within_boundary_epsilon"": false}, {""availability"": ""available"", ""component"": ""d_addr"", ""passed"": false, ""tolerance"": 0.05, ""value"": 0.41666666666666663, ""within_boundary_epsilon"": false}]"
target_control:phase_2_2_temporal_control,exploratory,obs_423d19db444cd1e59704599b,obs_33cc00ce7af1b573c800f0c0,target,phase_2_2_temporal_control,False,6,d_time=0.544217687075 > 0.3|d_addr=0.416666666667 > 0.25,,False,False,"[{""availability"": ""available"", ""component"": ""d_inv"", ""passed"": true, ""tolerance"": 0.45, ""value"": 0.0, ""within_boundary_epsilon"": false}, {""availability"": ""available"", ""component"": ""d_struct"", ""passed"": true, ""tolerance"": 0.55, ""value"": 0.5, ""within_boundary_epsilon"": false}, {""availability"": ""available"", ""component"": ""d_spec"", ""passed"": true, ""tolerance"": 0.55, ""value"": 0.0, ""within_boundary_epsilon"": false}, {""availability"": ""available"", ""component"": ""d_causal"", ""passed"": true, ""tolerance"": 0.2, ""value"": 0.0, ""within_boundary_epsilon"": false}, {""availability"": ""available"", ""component"": ""d_time"", ""passed"": false, ""tolerance"": 0.3, ""value"": 0.5442176870748299, ""within_boundary_epsilon"": false}, {""availability"": ""available"", ""component"": ""d_addr"", ""passed"": false, ""tolerance"": 0.25, ""value"": 0.41666666666666663, ""within_boundary_epsilon"": false}]"
target_control:phase_2_2_temporal_control,strict,obs_0fcedd9b2f9a3aa20b670c73,obs_e3d1f53a62524659473b7aac,target,phase_2_2_temporal_control,False,6,d_time=0.437263741497 > 0.25|d_addr=0.416666666667 > 0.05,d_struct,True,False,"[{""availability"": ""available"", ""component"": ""d_inv"", ""passed"": true, ""tolerance"": 0.4, ""value"": 0.0, ""within_boundary_epsilon"": false}, {""availability"": ""available"", ""component"": ""d_struct"", ""passed"": true, ""tolerance"": 0.5, ""value"": 0.5, ""within_boundary_epsilon"": true}, {""availability"": ""available"", ""component"": ""d_spec"", ""passed"": true, ""tolerance"": 0.5, ""value"": 0.0, ""within_boundary_epsilon"": false}, {""availability"": ""available"", ""component"": ""d_causal"", ""passed"": true, ""tolerance"": 0.1, ""value"": 0.0, ""within_boundary_epsilon"": false}, {""availability"": ""available"", ""component"": ""d_time"", ""passed"": false, ""tolerance"": 0.25, ""value"": 0.43726374149659863, ""within_boundary_epsilon"": false}, {""availability"": ""available"", ""component"": ""d_addr"", ""passed"": false, ""tolerance"": 0.05, ""value"": 0.41666666666666663, ""within_boundary_epsilon"": false}]"
target_control:phase_2_2_temporal_control,exploratory,obs_0fcedd9b2f9a3aa20b670c73,obs_e3d1f53a62524659473b7aac,target,phase_2_2_temporal_control,False,6,d_time=0.437263741497 > 0.3|d_addr=0.416666666667 > 0.25,,False,False,"[{""availability"": ""available"", ""component"": ""d_inv"", ""passed"": true, ""tolerance"": 0.45, ""value"": 0.0, ""within_boundary_epsilon"": false}, {""availability"": ""available"", ""component"": ""d_struct"", ""passed"": true, ""tolerance"": 0.55, ""value"": 0.5, ""within_boundary_epsilon"": false}, {""availability"": ""available"", ""component"": ""d_spec"", ""passed"": true, ""tolerance"": 0.55, ""value"": 0.0, ""within_boundary_epsilon"": false}, {""availability"": ""available"", ""component"": ""d_causal"", ""passed"": true, ""tolerance"": 0.2, ""value"": 0.0, ""within_boundary_epsilon"": false}, {""availability"": ""available"", ""component"": ""d_time"", ""passed"": false, ""tolerance"": 0.3, ""value"": 0.43726374149659863, ""within_boundary_epsilon"": false}, {""availability"": ""available"", ""component"": ""d_addr"", ""passed"": false, ""tolerance"": 0.25, ""value"": 0.41666666666666663, ""within_boundary_epsilon"": false}]"
target_control:phase_2_2_temporal_control,strict,obs_4b796329fed4f21f3f9c32db,obs_fc5240b31204b2ed22a67412,target,phase_2_2_temporal_control,False,6,d_time=0.544217687075 > 0.25|d_addr=0.416666666667 > 0.05,d_struct,True,False,"[{""availability"": ""available"", ""component"": ""d_inv"", ""passed"": true, ""tolerance"": 0.4, ""value"": 0.0, ""within_boundary_epsilon"": false}, {""availability"": ""available"", ""component"": ""d_struct"", ""passed"": true, ""tolerance"": 0.5, ""value"": 0.5, ""within_boundary_epsilon"": true}, {""availability"": ""available"", ""component"": ""d_spec"", ""passed"": true, ""tolerance"": 0.5, ""value"": 0.0, ""within_boundary_epsilon"": false}, {""availability"": ""available"", ""component"": ""d_causal"", ""passed"": true, ""tolerance"": 0.1, ""value"": 0.0, ""within_boundary_epsilon"": false}, {""availability"": ""available"", ""component"": ""d_time"", ""passed"": false, ""tolerance"": 0.25, ""value"": 0.5442176870748299, ""within_boundary_epsilon"": false}, {""availability"": ""available"", ""component"": ""d_addr"", ""passed"": false, ""tolerance"": 0.05, ""value"": 0.41666666666666663, ""within_boundary_epsilon"": false}]"
target_control:phase_2_2_temporal_control,exploratory,obs_4b796329fed4f21f3f9c32db,obs_fc5240b31204b2ed22a67412,target,phase_2_2_temporal_control,False,6,d_time=0.544217687075 > 0.3|d_addr=0.416666666667 > 0.25,,False,False,"[{""availability"": ""available"", ""component"": ""d_inv"", ""passed"": true, ""tolerance"": 0.45, ""value"": 0.0, ""within_boundary_epsilon"": false}, {""availability"": ""available"", ""component"": ""d_struct"", ""passed"": true, ""tolerance"": 0.55, ""value"": 0.5, ""within_boundary_epsilon"": false}, {""availability"": ""available"", ""component"": ""d_spec"", ""passed"": true, ""tolerance"": 0.55, ""value"": 0.0, ""within_boundary_epsilon"": false}, {""availability"": ""available"", ""component"": ""d_causal"", ""passed"": true, ""tolerance"": 0.2, ""value"": 0.0, ""within_boundary_epsilon"": false}, {""availability"": ""available"", ""component"": ""d_time"", ""passed"": false, ""tolerance"": 0.3, ""value"": 0.5442176870748299, ""within_boundary_epsilon"": false}, {""availability"": ""available"", ""component"": ""d_addr"", ""passed"": false, ""tolerance"": 0.25, ""value"": 0.41666666666666663, ""within_boundary_epsilon"": false}]"
target_control:phase_2_2_address_control,strict,obs_1a5fe18454a72c010723b68e,obs_b67ab125eb18258505edad8c,target,phase_2_2_address_control,False,6,d_addr=0.666666666667 > 0.05,,False,False,"[{""availability"": ""available"", ""component"": ""d_inv"", ""passed"": true, ""tolerance"": 0.4, ""value"": 0.0, ""within_boundary_epsilon"": false}, {""availability"": ""available"", ""component"": ""d_struct"", ""passed"": true, ""tolerance"": 0.5, ""value"": 0.0, ""within_boundary_epsilon"": false}, {""availability"": ""available"", ""component"": ""d_spec"", ""passed"": true, ""tolerance"": 0.5, ""value"": 0.0, ""within_boundary_epsilon"": false}, {""availability"": ""available"", ""component"": ""d_causal"", ""passed"": true, ""tolerance"": 0.1, ""value"": 0.0, ""within_boundary_epsilon"": false}, {""availability"": ""available"", ""component"": ""d_time"", ""passed"": true, ""tolerance"": 0.25, ""value"": 0.0, ""within_boundary_epsilon"": false}, {""availability"": ""available"", ""component"": ""d_addr"", ""passed"": false, ""tolerance"": 0.05, ""value"": 0.6666666666666666, ""within_boundary_epsilon"": false}]"
target_control:phase_2_2_address_control,exploratory,obs_1a5fe18454a72c010723b68e,obs_b67ab125eb18258505edad8c,target,phase_2_2_address_control,False,6,d_addr=0.666666666667 > 0.25,,False,False,"[{""availability"": ""available"", ""component"": ""d_inv"", ""passed"": true, ""tolerance"": 0.45, ""value"": 0.0, ""within_boundary_epsilon"": false}, {""availability"": ""available"", ""component"": ""d_struct"", ""passed"": true, ""tolerance"": 0.55, ""value"": 0.0, ""within_boundary_epsilon"": false}, {""availability"": ""available"", ""component"": ""d_spec"", ""passed"": true, ""tolerance"": 0.55, ""value"": 0.0, ""within_boundary_epsilon"": false}, {""availability"": ""available"", ""component"": ""d_causal"", ""passed"": true, ""tolerance"": 0.2, ""value"": 0.0, ""within_boundary_epsilon"": false}, {""availability"": ""available"", ""component"": ""d_time"", ""passed"": true, ""tolerance"": 0.3, ""value"": 0.0, ""within_boundary_epsilon"": false}, {""availability"": ""available"", ""component"": ""d_addr"", ""passed"": false, ""tolerance"": 0.25, ""value"": 0.6666666666666666, ""within_boundary_epsilon"": false}]"
target_control:phase_2_2_address_control,strict,obs_15dfea45916d6869fc8b2e34,obs_86d405735a536be3e79b53d0,target,phase_2_2_address_control,False,6,d_addr=0.666666666667 > 0.05,,False,False,"[{""availability"": ""available"", ""component"": ""d_inv"", ""passed"": true, ""tolerance"": 0.4, ""value"": 0.0, ""within_boundary_epsilon"": false}, {""availability"": ""available"", ""component"": ""d_struct"", ""passed"": true, ""tolerance"": 0.5, ""value"": 0.0, ""within_boundary_epsilon"": false}, {""availability"": ""available"", ""component"": ""d_spec"", ""passed"": true, ""tolerance"": 0.5, ""value"": 0.0, ""within_boundary_epsilon"": false}, {""availability"": ""available"", ""component"": ""d_causal"", ""passed"": true, ""tolerance"": 0.1, ""value"": 0.0, ""within_boundary_epsilon"": false}, {""availability"": ""available"", ""component"": ""d_time"", ""passed"": true, ""tolerance"": 0.25, ""value"": 0.0, ""within_boundary_epsilon"": false}, {""availability"": ""available"", ""component"": ""d_addr"", ""passed"": false, ""tolerance"": 0.05, ""value"": 0.6666666666666666, ""within_boundary_epsilon"": false}]"
target_control:phase_2_2_address_control,exploratory,obs_15dfea45916d6869fc8b2e34,obs_86d405735a536be3e79b53d0,target,phase_2_2_address_control,False,6,d_addr=0.666666666667 > 0.25,,False,False,"[{""availability"": ""available"", ""component"": ""d_inv"", ""passed"": true, ""tolerance"": 0.45, ""value"": 0.0, ""within_boundary_epsilon"": false}, {""availability"": ""available"", ""component"": ""d_struct"", ""passed"": true, ""tolerance"": 0.55, ""value"": 0.0, ""within_boundary_epsilon"": false}, {""availability"": ""available"", ""component"": ""d_spec"", ""passed"": true, ""tolerance"": 0.55, ""value"": 0.0, ""within_boundary_epsilon"": false}, {""availability"": ""available"", ""component"": ""d_causal"", ""passed"": true, ""tolerance"": 0.2, ""value"": 0.0, ""within_boundary_epsilon"": false}, {""availability"": ""available"", ""component"": ""d_time"", ""passed"": true, ""tolerance"": 0.3, ""value"": 0.0, ""within_boundary_epsilon"": false}, {""availability"": ""available"", ""component"": ""d_addr"", ""passed"": false, ""tolerance"": 0.25, ""value"": 0.6666666666666666, ""within_boundary_epsilon"": false}]"
target_control:phase_2_2_address_control,strict,obs_8e2a3670273441ac539de39a,obs_51f78d4a3c460abebb1337c3,target,phase_2_2_address_control,False,6,d_addr=0.666666666667 > 0.05,,False,False,"[{""availability"": ""available"", ""component"": ""d_inv"", ""passed"": true, ""tolerance"": 0.4, ""value"": 0.0, ""within_boundary_epsilon"": false}, {""availability"": ""available"", ""component"": ""d_struct"", ""passed"": true, ""tolerance"": 0.5, ""value"": 0.0, ""within_boundary_epsilon"": false}, {""availability"": ""available"", ""component"": ""d_spec"", ""passed"": true, ""tolerance"": 0.5, ""value"": 0.0, ""within_boundary_epsilon"": false}, {""availability"": ""available"", ""component"": ""d_causal"", ""passed"": true, ""tolerance"": 0.1, ""value"": 0.0, ""within_boundary_epsilon"": false}, {""availability"": ""available"", ""component"": ""d_time"", ""passed"": true, ""tolerance"": 0.25, ""value"": 0.0, ""within_boundary_epsilon"": false}, {""availability"": ""available"", ""component"": ""d_addr"", ""passed"": false, ""tolerance"": 0.05, ""value"": 0.6666666666666666, ""within_boundary_epsilon"": false}]"
target_control:phase_2_2_address_control,exploratory,obs_8e2a3670273441ac539de39a,obs_51f78d4a3c460abebb1337c3,target,phase_2_2_address_control,False,6,d_addr=0.666666666667 > 0.25,,False,False,"[{""availability"": ""available"", ""component"": ""d_inv"", ""passed"": true, ""tolerance"": 0.45, ""value"": 0.0, ""within_boundary_epsilon"": false}, {""availability"": ""available"", ""component"": ""d_struct"", ""passed"": true, ""tolerance"": 0.55, ""value"": 0.0, ""within_boundary_epsilon"": false}, {""availability"": ""available"", ""component"": ""d_spec"", ""passed"": true, ""tolerance"": 0.55, ""value"": 0.0, ""within_boundary_epsilon"": false}, {""availability"": ""available"", ""component"": ""d_causal"", ""passed"": true, ""tolerance"": 0.2, ""value"": 0.0, ""within_boundary_epsilon"": false}, {""availability"": ""available"", ""component"": ""d_time"", ""passed"": true, ""tolerance"": 0.3, ""value"": 0.0, ""within_boundary_epsilon"": false}, {""availability"": ""available"", ""component"": ""d_addr"", ""passed"": false, ""tolerance"": 0.25, ""value"": 0.6666666666666666, ""within_boundary_epsilon"": false}]"
target_control:phase_2_2_address_control,strict,obs_423d19db444cd1e59704599b,obs_ce74fec6855bc79ffb3c9174,target,phase_2_2_address_control,False,6,d_addr=0.666666666667 > 0.05,,False,False,"[{""availability"": ""available"", ""component"": ""d_inv"", ""passed"": true, ""tolerance"": 0.4, ""value"": 0.0, ""within_boundary_epsilon"": false}, {""availability"": ""available"", ""component"": ""d_struct"", ""passed"": true, ""tolerance"": 0.5, ""value"": 0.0, ""within_boundary_epsilon"": false}, {""availability"": ""available"", ""component"": ""d_spec"", ""passed"": true, ""tolerance"": 0.5, ""value"": 0.0, ""within_boundary_epsilon"": false}, {""availability"": ""available"", ""component"": ""d_causal"", ""passed"": true, ""tolerance"": 0.1, ""value"": 0.0, ""within_boundary_epsilon"": false}, {""availability"": ""available"", ""component"": ""d_time"", ""passed"": true, ""tolerance"": 0.25, ""value"": 0.0, ""within_boundary_epsilon"": false}, {""availability"": ""available"", ""component"": ""d_addr"", ""passed"": false, ""tolerance"": 0.05, ""value"": 0.6666666666666666, ""within_boundary_epsilon"": false}]"
target_control:phase_2_2_address_control,exploratory,obs_423d19db444cd1e59704599b,obs_ce74fec6855bc79ffb3c9174,target,phase_2_2_address_control,False,6,d_addr=0.666666666667 > 0.25,,False,False,"[{""availability"": ""available"", ""component"": ""d_inv"", ""passed"": true, ""tolerance"": 0.45, ""value"": 0.0, ""within_boundary_epsilon"": false}, {""availability"": ""available"", ""component"": ""d_struct"", ""passed"": true, ""tolerance"": 0.55, ""value"": 0.0, ""within_boundary_epsilon"": false}, {""availability"": ""available"", ""component"": ""d_spec"", ""passed"": true, ""tolerance"": 0.55, ""value"": 0.0, ""within_boundary_epsilon"": false}, {""availability"": ""available"", ""component"": ""d_causal"", ""passed"": true, ""tolerance"": 0.2, ""value"": 0.0, ""within_boundary_epsilon"": false}, {""availability"": ""available"", ""component"": ""d_time"", ""passed"": true, ""tolerance"": 0.3, ""value"": 0.0, ""within_boundary_epsilon"": false}, {""availability"": ""available"", ""component"": ""d_addr"", ""passed"": false, ""tolerance"": 0.25, ""value"": 0.6666666666666666, ""within_boundary_epsilon"": false}]"
target_control:phase_2_2_address_control,strict,obs_0fcedd9b2f9a3aa20b670c73,obs_352eea40352b0c42fe85b13b,target,phase_2_2_address_control,False,6,d_addr=0.666666666667 > 0.05,,False,False,"[{""availability"": ""available"", ""component"": ""d_inv"", ""passed"": true, ""tolerance"": 0.4, ""value"": 0.0, ""within_boundary_epsilon"": false}, {""availability"": ""available"", ""component"": ""d_struct"", ""passed"": true, ""tolerance"": 0.5, ""value"": 0.0, ""within_boundary_epsilon"": false}, {""availability"": ""available"", ""component"": ""d_spec"", ""passed"": true, ""tolerance"": 0.5, ""value"": 0.0, ""within_boundary_epsilon"": false}, {""availability"": ""available"", ""component"": ""d_causal"", ""passed"": true, ""tolerance"": 0.1, ""value"": 0.0, ""within_boundary_epsilon"": false}, {""availability"": ""available"", ""component"": ""d_time"", ""passed"": true, ""tolerance"": 0.25, ""value"": 0.0, ""within_boundary_epsilon"": false}, {""availability"": ""available"", ""component"": ""d_addr"", ""passed"": false, ""tolerance"": 0.05, ""value"": 0.6666666666666666, ""within_boundary_epsilon"": false}]"
target_control:phase_2_2_address_control,exploratory,obs_0fcedd9b2f9a3aa20b670c73,obs_352eea40352b0c42fe85b13b,target,phase_2_2_address_control,False,6,d_addr=0.666666666667 > 0.25,,False,False,"[{""availability"": ""available"", ""component"": ""d_inv"", ""passed"": true, ""tolerance"": 0.45, ""value"": 0.0, ""within_boundary_epsilon"": false}, {""availability"": ""available"", ""component"": ""d_struct"", ""passed"": true, ""tolerance"": 0.55, ""value"": 0.0, ""within_boundary_epsilon"": false}, {""availability"": ""available"", ""component"": ""d_spec"", ""passed"": true, ""tolerance"": 0.55, ""value"": 0.0, ""within_boundary_epsilon"": false}, {""availability"": ""available"", ""component"": ""d_causal"", ""passed"": true, ""tolerance"": 0.2, ""value"": 0.0, ""within_boundary_epsilon"": false}, {""availability"": ""available"", ""component"": ""d_time"", ""passed"": true, ""tolerance"": 0.3, ""value"": 0.0, ""within_boundary_epsilon"": false}, {""availability"": ""available"", ""component"": ""d_addr"", ""passed"": false, ""tolerance"": 0.25, ""value"": 0.6666666666666666, ""within_boundary_epsilon"": false}]"
target_control:phase_2_2_address_control,strict,obs_4b796329fed4f21f3f9c32db,obs_66aa0ea8e9f9aca04adb74f5,target,phase_2_2_address_control,False,6,d_addr=0.666666666667 > 0.05,,False,False,"[{""availability"": ""available"", ""component"": ""d_inv"", ""passed"": true, ""tolerance"": 0.4, ""value"": 0.0, ""within_boundary_epsilon"": false}, {""availability"": ""available"", ""component"": ""d_struct"", ""passed"": true, ""tolerance"": 0.5, ""value"": 0.0, ""within_boundary_epsilon"": false}, {""availability"": ""available"", ""component"": ""d_spec"", ""passed"": true, ""tolerance"": 0.5, ""value"": 0.0, ""within_boundary_epsilon"": false}, {""availability"": ""available"", ""component"": ""d_causal"", ""passed"": true, ""tolerance"": 0.1, ""value"": 0.0, ""within_boundary_epsilon"": false}, {""availability"": ""available"", ""component"": ""d_time"", ""passed"": true, ""tolerance"": 0.25, ""value"": 0.0, ""within_boundary_epsilon"": false}, {""availability"": ""available"", ""component"": ""d_addr"", ""passed"": false, ""tolerance"": 0.05, ""value"": 0.6666666666666666, ""within_boundary_epsilon"": false}]"
target_control:phase_2_2_address_control,exploratory,obs_4b796329fed4f21f3f9c32db,obs_66aa0ea8e9f9aca04adb74f5,target,phase_2_2_address_control,False,6,d_addr=0.666666666667 > 0.25,,False,False,"[{""availability"": ""available"", ""component"": ""d_inv"", ""passed"": true, ""tolerance"": 0.45, ""value"": 0.0, ""within_boundary_epsilon"": false}, {""availability"": ""available"", ""component"": ""d_struct"", ""passed"": true, ""tolerance"": 0.55, ""value"": 0.0, ""within_boundary_epsilon"": false}, {""availability"": ""available"", ""component"": ""d_spec"", ""passed"": true, ""tolerance"": 0.55, ""value"": 0.0, ""within_boundary_epsilon"": false}, {""availability"": ""available"", ""component"": ""d_causal"", ""passed"": true, ""tolerance"": 0.2, ""value"": 0.0, ""within_boundary_epsilon"": false}, {""availability"": ""available"", ""component"": ""d_time"", ""passed"": true, ""tolerance"": 0.3, ""value"": 0.0, ""within_boundary_epsilon"": false}, {""availability"": ""available"", ""component"": ""d_addr"", ""passed"": false, ""tolerance"": 0.25, ""value"": 0.6666666666666666, ""within_boundary_epsilon"": false}]"
known_positive:seed_repeat_control,strict,obs_1a5fe18454a72c010723b68e,obs_c98395e710971fedc66d00d0,target,seed_repeat_control,True,6,,,False,False,"[{""availability"": ""available"", ""component"": ""d_inv"", ""passed"": true, ""tolerance"": 0.4, ""value"": 0.0, ""within_boundary_epsilon"": false}, {""availability"": ""available"", ""component"": ""d_struct"", ""passed"": true, ""tolerance"": 0.5, ""value"": 0.0, ""within_boundary_epsilon"": false}, {""availability"": ""available"", ""component"": ""d_spec"", ""passed"": true, ""tolerance"": 0.5, ""value"": 0.0, ""within_boundary_epsilon"": false}, {""availability"": ""available"", ""component"": ""d_causal"", ""passed"": true, ""tolerance"": 0.1, ""value"": 0.0, ""within_boundary_epsilon"": false}, {""availability"": ""available"", ""component"": ""d_time"", ""passed"": true, ""tolerance"": 0.25, ""value"": 0.0, ""within_boundary_epsilon"": false}, {""availability"": ""available"", ""component"": ""d_addr"", ""passed"": true, ""tolerance"": 0.05, ""value"": 0.0, ""within_boundary_epsilon"": false}]"
known_positive:seed_repeat_control,exploratory,obs_1a5fe18454a72c010723b68e,obs_c98395e710971fedc66d00d0,target,seed_repeat_control,True,6,,,False,False,"[{""availability"": ""available"", ""component"": ""d_inv"", ""passed"": true, ""tolerance"": 0.45, ""value"": 0.0, ""within_boundary_epsilon"": false}, {""availability"": ""available"", ""component"": ""d_struct"", ""passed"": true, ""tolerance"": 0.55, ""value"": 0.0, ""within_boundary_epsilon"": false}, {""availability"": ""available"", ""component"": ""d_spec"", ""passed"": true, ""tolerance"": 0.55, ""value"": 0.0, ""within_boundary_epsilon"": false}, {""availability"": ""available"", ""component"": ""d_causal"", ""passed"": true, ""tolerance"": 0.2, ""value"": 0.0, ""within_boundary_epsilon"": false}, {""availability"": ""available"", ""component"": ""d_time"", ""passed"": true, ""tolerance"": 0.3, ""value"": 0.0, ""within_boundary_epsilon"": false}, {""availability"": ""available"", ""component"": ""d_addr"", ""passed"": true, ""tolerance"": 0.25, ""value"": 0.0, ""within_boundary_epsilon"": false}]"
known_positive:seed_repeat_control,strict,obs_15dfea45916d6869fc8b2e34,obs_cf418539cfddbfa109a08130,target,seed_repeat_control,True,6,,,False,False,"[{""availability"": ""available"", ""component"": ""d_inv"", ""passed"": true, ""tolerance"": 0.4, ""value"": 0.0, ""within_boundary_epsilon"": false}, {""availability"": ""available"", ""component"": ""d_struct"", ""passed"": true, ""tolerance"": 0.5, ""value"": 0.0, ""within_boundary_epsilon"": false}, {""availability"": ""available"", ""component"": ""d_spec"", ""passed"": true, ""tolerance"": 0.5, ""value"": 0.0, ""within_boundary_epsilon"": false}, {""availability"": ""available"", ""component"": ""d_causal"", ""passed"": true, ""tolerance"": 0.1, ""value"": 0.0, ""within_boundary_epsilon"": false}, {""availability"": ""available"", ""component"": ""d_time"", ""passed"": true, ""tolerance"": 0.25, ""value"": 0.0, ""within_boundary_epsilon"": false}, {""availability"": ""available"", ""component"": ""d_addr"", ""passed"": true, ""tolerance"": 0.05, ""value"": 0.0, ""within_boundary_epsilon"": false}]"
known_positive:seed_repeat_control,exploratory,obs_15dfea45916d6869fc8b2e34,obs_cf418539cfddbfa109a08130,target,seed_repeat_control,True,6,,,False,False,"[{""availability"": ""available"", ""component"": ""d_inv"", ""passed"": true, ""tolerance"": 0.45, ""value"": 0.0, ""within_boundary_epsilon"": false}, {""availability"": ""available"", ""component"": ""d_struct"", ""passed"": true, ""tolerance"": 0.55, ""value"": 0.0, ""within_boundary_epsilon"": false}, {""availability"": ""available"", ""component"": ""d_spec"", ""passed"": true, ""tolerance"": 0.55, ""value"": 0.0, ""within_boundary_epsilon"": false}, {""availability"": ""available"", ""component"": ""d_causal"", ""passed"": true, ""tolerance"": 0.2, ""value"": 0.0, ""within_boundary_epsilon"": false}, {""availability"": ""available"", ""component"": ""d_time"", ""passed"": true, ""tolerance"": 0.3, ""value"": 0.0, ""within_boundary_epsilon"": false}, {""availability"": ""available"", ""component"": ""d_addr"", ""passed"": true, ""tolerance"": 0.25, ""value"": 0.0, ""within_boundary_epsilon"": false}]"
known_positive:seed_repeat_control,strict,obs_8e2a3670273441ac539de39a,obs_5ec62844266841696ce178fd,target,seed_repeat_control,True,6,,,False,False,"[{""availability"": ""available"", ""component"": ""d_inv"", ""passed"": true, ""tolerance"": 0.4, ""value"": 0.0, ""within_boundary_epsilon"": false}, {""availability"": ""available"", ""component"": ""d_struct"", ""passed"": true, ""tolerance"": 0.5, ""value"": 0.0, ""within_boundary_epsilon"": false}, {""availability"": ""available"", ""component"": ""d_spec"", ""passed"": true, ""tolerance"": 0.5, ""value"": 0.0, ""within_boundary_epsilon"": false}, {""availability"": ""available"", ""component"": ""d_causal"", ""passed"": true, ""tolerance"": 0.1, ""value"": 0.0, ""within_boundary_epsilon"": false}, {""availability"": ""available"", ""component"": ""d_time"", ""passed"": true, ""tolerance"": 0.25, ""value"": 0.0, ""within_boundary_epsilon"": false}, {""availability"": ""available"", ""component"": ""d_addr"", ""passed"": true, ""tolerance"": 0.05, ""value"": 0.0, ""within_boundary_epsilon"": false}]"
known_positive:seed_repeat_control,exploratory,obs_8e2a3670273441ac539de39a,obs_5ec62844266841696ce178fd,target,seed_repeat_control,True,6,,,False,False,"[{""availability"": ""available"", ""component"": ""d_inv"", ""passed"": true, ""tolerance"": 0.45, ""value"": 0.0, ""within_boundary_epsilon"": false}, {""availability"": ""available"", ""component"": ""d_struct"", ""passed"": true, ""tolerance"": 0.55, ""value"": 0.0, ""within_boundary_epsilon"": false}, {""availability"": ""available"", ""component"": ""d_spec"", ""passed"": true, ""tolerance"": 0.55, ""value"": 0.0, ""within_boundary_epsilon"": false}, {""availability"": ""available"", ""component"": ""d_causal"", ""passed"": true, ""tolerance"": 0.2, ""value"": 0.0, ""within_boundary_epsilon"": false}, {""availability"": ""available"", ""component"": ""d_time"", ""passed"": true, ""tolerance"": 0.3, ""value"": 0.0, ""within_boundary_epsilon"": false}, {""availability"": ""available"", ""component"": ""d_addr"", ""passed"": true, ""tolerance"": 0.25, ""value"": 0.0, ""within_boundary_epsilon"": false}]"
known_positive:seed_repeat_control,strict,obs_423d19db444cd1e59704599b,obs_0671155ca4337bbcd909bca9,target,seed_repeat_control,True,6,,,False,False,"[{""availability"": ""available"", ""component"": ""d_inv"", ""passed"": true, ""tolerance"": 0.4, ""value"": 0.0, ""within_boundary_epsilon"": false}, {""availability"": ""available"", ""component"": ""d_struct"", ""passed"": true, ""tolerance"": 0.5, ""value"": 0.0, ""within_boundary_epsilon"": false}, {""availability"": ""available"", ""component"": ""d_spec"", ""passed"": true, ""tolerance"": 0.5, ""value"": 0.0, ""within_boundary_epsilon"": false}, {""availability"": ""available"", ""component"": ""d_causal"", ""passed"": true, ""tolerance"": 0.1, ""value"": 0.0, ""within_boundary_epsilon"": false}, {""availability"": ""available"", ""component"": ""d_time"", ""passed"": true, ""tolerance"": 0.25, ""value"": 0.0, ""within_boundary_epsilon"": false}, {""availability"": ""available"", ""component"": ""d_addr"", ""passed"": true, ""tolerance"": 0.05, ""value"": 0.0, ""within_boundary_epsilon"": false}]"
known_positive:seed_repeat_control,exploratory,obs_423d19db444cd1e59704599b,obs_0671155ca4337bbcd909bca9,target,seed_repeat_control,True,6,,,False,False,"[{""availability"": ""available"", ""component"": ""d_inv"", ""passed"": true, ""tolerance"": 0.45, ""value"": 0.0, ""within_boundary_epsilon"": false}, {""availability"": ""available"", ""component"": ""d_struct"", ""passed"": true, ""tolerance"": 0.55, ""value"": 0.0, ""within_boundary_epsilon"": false}, {""availability"": ""available"", ""component"": ""d_spec"", ""passed"": true, ""tolerance"": 0.55, ""value"": 0.0, ""within_boundary_epsilon"": false}, {""availability"": ""available"", ""component"": ""d_causal"", ""passed"": true, ""tolerance"": 0.2, ""value"": 0.0, ""within_boundary_epsilon"": false}, {""availability"": ""available"", ""component"": ""d_time"", ""passed"": true, ""tolerance"": 0.3, ""value"": 0.0, ""within_boundary_epsilon"": false}, {""availability"": ""available"", ""component"": ""d_addr"", ""passed"": true, ""tolerance"": 0.25, ""value"": 0.0, ""within_boundary_epsilon"": false}]"
known_positive:seed_repeat_control,strict,obs_0fcedd9b2f9a3aa20b670c73,obs_51e42fc425ae78b1ee7af39b,target,seed_repeat_control,True,6,,,False,False,"[{""availability"": ""available"", ""component"": ""d_inv"", ""passed"": true, ""tolerance"": 0.4, ""value"": 0.0, ""within_boundary_epsilon"": false}, {""availability"": ""available"", ""component"": ""d_struct"", ""passed"": true, ""tolerance"": 0.5, ""value"": 0.0, ""within_boundary_epsilon"": false}, {""availability"": ""available"", ""component"": ""d_spec"", ""passed"": true, ""tolerance"": 0.5, ""value"": 0.0, ""within_boundary_epsilon"": false}, {""availability"": ""available"", ""component"": ""d_causal"", ""passed"": true, ""tolerance"": 0.1, ""value"": 0.0, ""within_boundary_epsilon"": false}, {""availability"": ""available"", ""component"": ""d_time"", ""passed"": true, ""tolerance"": 0.25, ""value"": 0.0, ""within_boundary_epsilon"": false}, {""availability"": ""available"", ""component"": ""d_addr"", ""passed"": true, ""tolerance"": 0.05, ""value"": 0.0, ""within_boundary_epsilon"": false}]"
known_positive:seed_repeat_control,exploratory,obs_0fcedd9b2f9a3aa20b670c73,obs_51e42fc425ae78b1ee7af39b,target,seed_repeat_control,True,6,,,False,False,"[{""availability"": ""available"", ""component"": ""d_inv"", ""passed"": true, ""tolerance"": 0.45, ""value"": 0.0, ""within_boundary_epsilon"": false}, {""availability"": ""available"", ""component"": ""d_struct"", ""passed"": true, ""tolerance"": 0.55, ""value"": 0.0, ""within_boundary_epsilon"": false}, {""availability"": ""available"", ""component"": ""d_spec"", ""passed"": true, ""tolerance"": 0.55, ""value"": 0.0, ""within_boundary_epsilon"": false}, {""availability"": ""available"", ""component"": ""d_causal"", ""passed"": true, ""tolerance"": 0.2, ""value"": 0.0, ""within_boundary_epsilon"": false}, {""availability"": ""available"", ""component"": ""d_time"", ""passed"": true, ""tolerance"": 0.3, ""value"": 0.0, ""within_boundary_epsilon"": false}, {""availability"": ""available"", ""component"": ""d_addr"", ""passed"": true, ""tolerance"": 0.25, ""value"": 0.0, ""within_boundary_epsilon"": false}]"
known_positive:seed_repeat_control,strict,obs_4b796329fed4f21f3f9c32db,obs_7687d4f371adaea32ce9d90f,target,seed_repeat_control,True,6,,,False,False,"[{""availability"": ""available"", ""component"": ""d_inv"", ""passed"": true, ""tolerance"": 0.4, ""value"": 0.0, ""within_boundary_epsilon"": false}, {""availability"": ""available"", ""component"": ""d_struct"", ""passed"": true, ""tolerance"": 0.5, ""value"": 0.0, ""within_boundary_epsilon"": false}, {""availability"": ""available"", ""component"": ""d_spec"", ""passed"": true, ""tolerance"": 0.5, ""value"": 0.0, ""within_boundary_epsilon"": false}, {""availability"": ""available"", ""component"": ""d_causal"", ""passed"": true, ""tolerance"": 0.1, ""value"": 0.0, ""within_boundary_epsilon"": false}, {""availability"": ""available"", ""component"": ""d_time"", ""passed"": true, ""tolerance"": 0.25, ""value"": 0.0, ""within_boundary_epsilon"": false}, {""availability"": ""available"", ""component"": ""d_addr"", ""passed"": true, ""tolerance"": 0.05, ""value"": 0.0, ""within_boundary_epsilon"": false}]"
known_positive:seed_repeat_control,exploratory,obs_4b796329fed4f21f3f9c32db,obs_7687d4f371adaea32ce9d90f,target,seed_repeat_control,True,6,,,False,False,"[{""availability"": ""available"", ""component"": ""d_inv"", ""passed"": true, ""tolerance"": 0.45, ""value"": 0.0, ""within_boundary_epsilon"": false}, {""availability"": ""available"", ""component"": ""d_struct"", ""passed"": true, ""tolerance"": 0.55, ""value"": 0.0, ""within_boundary_epsilon"": false}, {""availability"": ""available"", ""component"": ""d_spec"", ""passed"": true, ""tolerance"": 0.55, ""value"": 0.0, ""within_boundary_epsilon"": false}, {""availability"": ""available"", ""component"": ""d_causal"", ""passed"": true, ""tolerance"": 0.2, ""value"": 0.0, ""within_boundary_epsilon"": false}, {""availability"": ""available"", ""component"": ""d_time"", ""passed"": true, ""tolerance"": 0.3, ""value"": 0.0, ""within_boundary_epsilon"": false}, {""availability"": ""available"", ""component"": ""d_addr"", ""passed"": true, ""tolerance"": 0.25, ""value"": 0.0, ""within_boundary_epsilon"": false}]"
