case_id,split,model,prediction,recovery_quality,recovered_label
pb01_case_09d31e41be9a1ec3435f03e1,development,algebraic_connectivity,0.986385065998,0.937491383312,1
pb01_case_89110a7c8dc12d37b16ce47e,development,algebraic_connectivity,0.986385065998,0.915213989970,1
pb01_case_f665332944becf2893d8a90d,development,algebraic_connectivity,0.986385065998,0.930278213670,1
pb01_case_b3df37a65e6dc39ce9df99a2,development,algebraic_connectivity,0.986385065998,0.925476690871,1
pb01_case_2283c97d16cc0d5227102d08,development,algebraic_connectivity,0.986385065998,0.987872911233,1
pb01_case_0bf29478fa7f531bdfd85096,development,algebraic_connectivity,0.986385065998,0.981136514273,1
pb01_case_e945c633a70ad5719723bc0b,development,algebraic_connectivity,0.986385065998,0.999993150934,1
pb01_case_e476d48906a232e5462a3f1b,development,algebraic_connectivity,0.986385065998,0.999988203766,1
pb01_case_bc886d2cafb6a877f9761014,development,algebraic_connectivity,0.742640575438,0.914836203621,1
pb01_case_7bf0c406ea7136f954df5a6b,development,algebraic_connectivity,0.742640575438,0.880122456416,1
pb01_case_0815d32b04ca7dd1385684c9,development,algebraic_connectivity,0.742640575438,0.944247645365,1
pb01_case_cb171cf75eeae0ae40c3d039,development,algebraic_connectivity,0.742640575438,0.872220176502,1
pb01_case_b6fb786660fa5bfb4fa0c005,development,algebraic_connectivity,0.742640575438,0.991703280332,1
pb01_case_0f005c402429b159e7de5d77,development,algebraic_connectivity,0.742640575438,0.985386765244,1
pb01_case_b5b3ac9aca471438747a7e91,development,algebraic_connectivity,0.742640575438,0.999958263032,1
pb01_case_d0e148cc12e6b8b5cbd811bd,development,algebraic_connectivity,0.742640575438,0.999892192325,1
pb01_case_b8e89bb9a927b4cbf07b5d31,development,algebraic_connectivity,0.737484038604,0.903499207042,1
pb01_case_fdf7fc12df5ae5362350883f,development,algebraic_connectivity,0.737484038604,0.962766349128,1
pb01_case_585c3ea7d36cf7136ef863c4,development,algebraic_connectivity,0.737484038604,0.918465767097,1
pb01_case_b6faad3161d13acf69745b42,development,algebraic_connectivity,0.737484038604,0.925249936456,1
pb01_case_49044f279026a0929515d61d,development,algebraic_connectivity,0.737484038604,0.986492152081,1
pb01_case_a07c7d422d217c0d23dd4875,development,algebraic_connectivity,0.737484038604,0.975116263124,1
pb01_case_a51934faaac8e981a6be3a0c,development,algebraic_connectivity,0.737484038604,0.999979110507,1
pb01_case_9e39e668b82667032bcc81c0,development,algebraic_connectivity,0.737484038604,0.999950129425,1
pb01_case_e7e530a572065c28a0fdd3b7,development,algebraic_connectivity,0.793652818131,0.947440809044,1
pb01_case_17ffdbc3103f288861fc871e,development,algebraic_connectivity,0.793652818131,0.902566915842,1
pb01_case_fcd639cfe1821ca94c5edeaf,development,algebraic_connectivity,0.793652818131,0.934912269580,1
pb01_case_831ce7a0a2babcf3a14169ba,development,algebraic_connectivity,0.793652818131,0.899303236478,1
pb01_case_27ec89aa1229683942400abe,development,algebraic_connectivity,0.793652818131,0.988331380837,1
pb01_case_16a88c2f1f3e08d005f97965,development,algebraic_connectivity,0.793652818131,0.975605288706,1
pb01_case_c195fb23bad3230281cac5b1,development,algebraic_connectivity,0.793652818131,0.999939055056,1
pb01_case_f48d17d5088222defbf15350,development,algebraic_connectivity,0.793652818131,0.999967457982,1
pb01_case_430c50aba2dbd11ff6a500d5,development,algebraic_connectivity,0.520391594174,0.892543607132,1
pb01_case_ddf4fed87b5d9d3cacb62d04,development,algebraic_connectivity,0.520391594174,0.911086920345,1
pb01_case_9d90edbe7d455cb92d596645,development,algebraic_connectivity,0.520391594174,0.945009681184,1
pb01_case_87a5493ba4c97eda924a8023,development,algebraic_connectivity,0.520391594174,0.878651246444,1
pb01_case_bd206ddd32569a370655afc4,development,algebraic_connectivity,0.520391594174,0.993765676583,1
pb01_case_79f06310d8a13b5f94d21c70,development,algebraic_connectivity,0.520391594174,0.983024566838,1
pb01_case_67c23bd292be280cfa354510,development,algebraic_connectivity,0.520391594174,0.999907964377,1
pb01_case_be3729c730b19479f4f03ce7,development,algebraic_connectivity,0.520391594174,0.999884338842,1
pb01_case_646d73036ed40a5d4fe7fa31,development,algebraic_connectivity,0.790522797305,0.906666810212,1
pb01_case_9614888d9b93f8fbf06b2a2d,development,algebraic_connectivity,0.790522797305,0.887464934712,1
pb01_case_f6dd70cc0e7277d7980b6ccd,development,algebraic_connectivity,0.790522797305,0.921252752067,1
pb01_case_90e27961675ba819958ee493,development,algebraic_connectivity,0.790522797305,0.893022118643,1
pb01_case_46419e6ba20d22c1041ee1a5,development,algebraic_connectivity,0.790522797305,0.986274309543,1
pb01_case_9637bf11442caa8c62e2bbbc,development,algebraic_connectivity,0.790522797305,0.975762475773,1
pb01_case_75b06029ce1b966fcef1a4ce,development,algebraic_connectivity,0.790522797305,0.999978762616,1
pb01_case_e5d34eb3f750bd3517bf4a39,development,algebraic_connectivity,0.790522797305,0.999951824568,1
pb01_case_51c04236a15b8aa5d9182e83,development,algebraic_connectivity,0.672222348891,0.924953745477,1
pb01_case_0caec40e4420f42cc33682a5,development,algebraic_connectivity,0.672222348891,0.923374705938,1
pb01_case_9bb16172dddd12909a14a62a,development,algebraic_connectivity,0.672222348891,0.953253100150,1
pb01_case_01042bd59bc0b8a4a05de535,development,algebraic_connectivity,0.672222348891,0.903442623866,1
pb01_case_31c9772fb720f521b3c3491b,development,algebraic_connectivity,0.672222348891,0.986636128573,1
pb01_case_b2d1274bc2573e9496251392,development,algebraic_connectivity,0.672222348891,0.978399919765,1
pb01_case_7ee3f3940f3c3d4624cdced1,development,algebraic_connectivity,0.672222348891,0.999145900393,1
pb01_case_c6f105b35e60f38d80db9b58,development,algebraic_connectivity,0.672222348891,0.998981492763,1
pb01_case_96ee5c2456621cc084856d89,development,algebraic_connectivity,0.579228772110,0.925148085118,1
pb01_case_6a50ce73968d7e327dff108b,development,algebraic_connectivity,0.579228772110,0.917813091221,1
pb01_case_cfce696bb7eda0dae542d31b,development,algebraic_connectivity,0.579228772110,0.944115392719,1
pb01_case_5e67607cceb78cc57d9d36c9,development,algebraic_connectivity,0.579228772110,0.914724894248,1
pb01_case_d18a11badf4d1f0e18d41672,development,algebraic_connectivity,0.579228772110,0.988524929805,1
pb01_case_ca8d83a2977d2c9454e79ea5,development,algebraic_connectivity,0.579228772110,0.979708276850,1
pb01_case_c3c1b05de69e6e4844d86407,development,algebraic_connectivity,0.579228772110,0.999304550288,1
pb01_case_d76e0ccac05bbd9d07d4a49d,development,algebraic_connectivity,0.579228772110,0.998634556122,1
pb01_case_775eaa2d80b73901cd32481c,development,algebraic_connectivity,0.459701030846,0.919467966322,1
pb01_case_5a131899ea7e3abc60596ac3,development,algebraic_connectivity,0.459701030846,0.929039116232,1
pb01_case_8cf5eeb30641264d2125f0b0,development,algebraic_connectivity,0.459701030846,0.941046899182,1
pb01_case_188cece8ebf60370fe90e258,development,algebraic_connectivity,0.459701030846,0.910211463153,1
pb01_case_1bbb279173772927651062b3,development,algebraic_connectivity,0.459701030846,0.987592124703,1
pb01_case_46d1db72bd825ffbbc3bfc80,development,algebraic_connectivity,0.459701030846,0.978635699144,1
pb01_case_7e8be8aafc9de8d0d34fa784,development,algebraic_connectivity,0.459701030846,0.998119046453,1
pb01_case_df17d08d16c04ac8c2c7c236,development,algebraic_connectivity,0.459701030846,0.997475917805,1
pb01_case_4dff900cd8fe460b122db195,development,algebraic_connectivity,0.554284574219,0.908580195609,1
pb01_case_1272c56cf7da4eedde58569b,development,algebraic_connectivity,0.554284574219,0.927668289501,1
pb01_case_c06dd4aca3186fb77577db3d,development,algebraic_connectivity,0.554284574219,0.939305109670,1
pb01_case_ead2bad2b2dc19d55034a8bd,development,algebraic_connectivity,0.554284574219,0.909390014795,1
pb01_case_9193672de8799c1159efcb43,development,algebraic_connectivity,0.554284574219,0.986665056286,1
pb01_case_f0d562f5a05b3ed81dc8fc27,development,algebraic_connectivity,0.554284574219,0.973418804817,1
pb01_case_5d4678280410071dad96f621,development,algebraic_connectivity,0.554284574219,0.998202888085,1
pb01_case_c60b4d42bdf681cd0ba4869b,development,algebraic_connectivity,0.554284574219,0.997933133927,1
pb01_case_10f3d7653ccdcb2ee3cbd063,development,algebraic_connectivity,0.618105998279,0.921367922670,1
pb01_case_d3a77a6764a1f8617cdab52e,development,algebraic_connectivity,0.618105998279,0.921515319911,1
pb01_case_a5e763a85f60f06a972a2670,development,algebraic_connectivity,0.618105998279,0.954151676518,1
pb01_case_ff7a6a64c4ed10e92923ed84,development,algebraic_connectivity,0.618105998279,0.906228047312,1
pb01_case_9f0d0d2ba2cf3672d0c1864e,development,algebraic_connectivity,0.618105998279,0.988207332778,1
pb01_case_0ca605f340477c3bc361f2c0,development,algebraic_connectivity,0.618105998279,0.978771986852,1
pb01_case_a8b50d94ad36d18bec2b63d6,development,algebraic_connectivity,0.618105998279,0.999145084553,1
pb01_case_6900612a00ac4a012478c034,development,algebraic_connectivity,0.618105998279,0.998089762759,1
pb01_case_70f3bb77fce566cf3ef731ae,development,algebraic_connectivity,0.657075233449,0.920146814555,1
pb01_case_6acf4402c33d3ef3741536da,development,algebraic_connectivity,0.657075233449,0.903768003741,1
pb01_case_1d1c155cff80f6ecdfdbcf79,development,algebraic_connectivity,0.657075233449,0.930314800822,1
pb01_case_ef374cf4ed36aa9e0185d1cc,development,algebraic_connectivity,0.657075233449,0.905113701645,1
pb01_case_baa86408fda62449d52e0e41,development,algebraic_connectivity,0.657075233449,0.988184290205,1
pb01_case_767ee357baa2fb40a1ea953e,development,algebraic_connectivity,0.657075233449,0.979431594383,1
pb01_case_7b93c9d5a9310aef8d554106,development,algebraic_connectivity,0.657075233449,0.999269082954,1
pb01_case_0a9399b79b28b704c9e5543f,development,algebraic_connectivity,0.657075233449,0.998324898376,1
pb01_case_09d31e41be9a1ec3435f03e1,development,betweenness_centrality,0.091302431997,0.937491383312,1
pb01_case_89110a7c8dc12d37b16ce47e,development,betweenness_centrality,0.210910063286,0.915213989970,1
pb01_case_f665332944becf2893d8a90d,development,betweenness_centrality,0.380462007159,0.930278213670,1
pb01_case_b3df37a65e6dc39ce9df99a2,development,betweenness_centrality,0.366522578535,0.925476690871,1
pb01_case_2283c97d16cc0d5227102d08,development,betweenness_centrality,0.285703342239,0.987872911233,1
pb01_case_0bf29478fa7f531bdfd85096,development,betweenness_centrality,0.354971623453,0.981136514273,1
pb01_case_e945c633a70ad5719723bc0b,development,betweenness_centrality,0.582587320305,0.999993150934,1
pb01_case_e476d48906a232e5462a3f1b,development,betweenness_centrality,0.718684427854,0.999988203766,1
pb01_case_bc886d2cafb6a877f9761014,development,betweenness_centrality,0.091006733704,0.914836203621,1
pb01_case_7bf0c406ea7136f954df5a6b,development,betweenness_centrality,1.000000000000,0.880122456416,1
pb01_case_0815d32b04ca7dd1385684c9,development,betweenness_centrality,0.357081721450,0.944247645365,1
pb01_case_cb171cf75eeae0ae40c3d039,development,betweenness_centrality,0.321403989669,0.872220176502,1
pb01_case_b6fb786660fa5bfb4fa0c005,development,betweenness_centrality,0.461846923130,0.991703280332,1
pb01_case_0f005c402429b159e7de5d77,development,betweenness_centrality,0.461846923130,0.985386765244,1
pb01_case_b5b3ac9aca471438747a7e91,development,betweenness_centrality,0.441543749230,0.999958263032,1
pb01_case_d0e148cc12e6b8b5cbd811bd,development,betweenness_centrality,0.356162500326,0.999892192325,1
pb01_case_b8e89bb9a927b4cbf07b5d31,development,betweenness_centrality,0.479486952213,0.903499207042,1
pb01_case_fdf7fc12df5ae5362350883f,development,betweenness_centrality,0.000000000000,0.962766349128,1
pb01_case_585c3ea7d36cf7136ef863c4,development,betweenness_centrality,0.417854983261,0.918465767097,1
pb01_case_b6faad3161d13acf69745b42,development,betweenness_centrality,0.385235126400,0.925249936456,1
pb01_case_49044f279026a0929515d61d,development,betweenness_centrality,0.279827763345,0.986492152081,1
pb01_case_a07c7d422d217c0d23dd4875,development,betweenness_centrality,0.465002445570,0.975116263124,1
pb01_case_a51934faaac8e981a6be3a0c,development,betweenness_centrality,0.575441197776,0.999979110507,1
pb01_case_9e39e668b82667032bcc81c0,development,betweenness_centrality,0.436494120394,0.999950129425,1
pb01_case_e7e530a572065c28a0fdd3b7,development,betweenness_centrality,0.088602008904,0.947440809044,1
pb01_case_17ffdbc3103f288861fc871e,development,betweenness_centrality,0.343601172879,0.902566915842,1
pb01_case_fcd639cfe1821ca94c5edeaf,development,betweenness_centrality,0.298742706167,0.934912269580,1
pb01_case_831ce7a0a2babcf3a14169ba,development,betweenness_centrality,0.254962809637,0.899303236478,1
pb01_case_27ec89aa1229683942400abe,development,betweenness_centrality,0.326835522717,0.988331380837,1
pb01_case_16a88c2f1f3e08d005f97965,development,betweenness_centrality,0.340535370964,0.975605288706,1
pb01_case_c195fb23bad3230281cac5b1,development,betweenness_centrality,0.453790234696,0.999939055056,1
pb01_case_f48d17d5088222defbf15350,development,betweenness_centrality,0.296257417841,0.999967457982,1
pb01_case_430c50aba2dbd11ff6a500d5,development,betweenness_centrality,0.427913557952,0.892543607132,1
pb01_case_ddf4fed87b5d9d3cacb62d04,development,betweenness_centrality,0.315062312752,0.911086920345,1
pb01_case_9d90edbe7d455cb92d596645,development,betweenness_centrality,0.359985595327,0.945009681184,1
pb01_case_87a5493ba4c97eda924a8023,development,betweenness_centrality,0.335287642513,0.878651246444,1
pb01_case_bd206ddd32569a370655afc4,development,betweenness_centrality,0.363864007189,0.993765676583,1
pb01_case_79f06310d8a13b5f94d21c70,development,betweenness_centrality,0.308999525559,0.983024566838,1
pb01_case_67c23bd292be280cfa354510,development,betweenness_centrality,0.456062212774,0.999907964377,1
pb01_case_be3729c730b19479f4f03ce7,development,betweenness_centrality,0.319408914152,0.999884338842,1
pb01_case_646d73036ed40a5d4fe7fa31,development,betweenness_centrality,0.219898030563,0.906666810212,1
pb01_case_9614888d9b93f8fbf06b2a2d,development,betweenness_centrality,0.199675327353,0.887464934712,1
pb01_case_f6dd70cc0e7277d7980b6ccd,development,betweenness_centrality,0.289626906488,0.921252752067,1
pb01_case_90e27961675ba819958ee493,development,betweenness_centrality,0.267787129098,0.893022118643,1
pb01_case_46419e6ba20d22c1041ee1a5,development,betweenness_centrality,0.382828785080,0.986274309543,1
pb01_case_9637bf11442caa8c62e2bbbc,development,betweenness_centrality,0.273034599196,0.975762475773,1
pb01_case_75b06029ce1b966fcef1a4ce,development,betweenness_centrality,0.284968678665,0.999978762616,1
pb01_case_e5d34eb3f750bd3517bf4a39,development,betweenness_centrality,0.365321758139,0.999951824568,1
pb01_case_51c04236a15b8aa5d9182e83,development,betweenness_centrality,0.061192707508,0.924953745477,1
pb01_case_0caec40e4420f42cc33682a5,development,betweenness_centrality,0.073002193390,0.923374705938,1
pb01_case_9bb16172dddd12909a14a62a,development,betweenness_centrality,0.308950661774,0.953253100150,1
pb01_case_01042bd59bc0b8a4a05de535,development,betweenness_centrality,0.240333678761,0.903442623866,1
pb01_case_31c9772fb720f521b3c3491b,development,betweenness_centrality,0.354347838772,0.986636128573,1
pb01_case_b2d1274bc2573e9496251392,development,betweenness_centrality,0.302648264439,0.978399919765,1
pb01_case_7ee3f3940f3c3d4624cdced1,development,betweenness_centrality,0.410161423739,0.999145900393,1
pb01_case_c6f105b35e60f38d80db9b58,development,betweenness_centrality,0.424345008871,0.998981492763,1
pb01_case_96ee5c2456621cc084856d89,development,betweenness_centrality,0.194923855590,0.925148085118,1
pb01_case_6a50ce73968d7e327dff108b,development,betweenness_centrality,0.220753972461,0.917813091221,1
pb01_case_cfce696bb7eda0dae542d31b,development,betweenness_centrality,0.347682310846,0.944115392719,1
pb01_case_5e67607cceb78cc57d9d36c9,development,betweenness_centrality,0.342469226339,0.914724894248,1
pb01_case_d18a11badf4d1f0e18d41672,development,betweenness_centrality,0.364271403156,0.988524929805,1
pb01_case_ca8d83a2977d2c9454e79ea5,development,betweenness_centrality,0.364271403156,0.979708276850,1
pb01_case_c3c1b05de69e6e4844d86407,development,betweenness_centrality,0.495559889894,0.999304550288,1
pb01_case_d76e0ccac05bbd9d07d4a49d,development,betweenness_centrality,0.396254294118,0.998634556122,1
pb01_case_775eaa2d80b73901cd32481c,development,betweenness_centrality,0.021953312288,0.919467966322,1
pb01_case_5a131899ea7e3abc60596ac3,development,betweenness_centrality,0.152806955857,0.929039116232,1
pb01_case_8cf5eeb30641264d2125f0b0,development,betweenness_centrality,0.197905878515,0.941046899182,1
pb01_case_188cece8ebf60370fe90e258,development,betweenness_centrality,0.199857008033,0.910211463153,1
pb01_case_1bbb279173772927651062b3,development,betweenness_centrality,0.161009847275,0.987592124703,1
pb01_case_46d1db72bd825ffbbc3bfc80,development,betweenness_centrality,0.128638196214,0.978635699144,1
pb01_case_7e8be8aafc9de8d0d34fa784,development,betweenness_centrality,0.109987749139,0.998119046453,1
pb01_case_df17d08d16c04ac8c2c7c236,development,betweenness_centrality,0.399589414573,0.997475917805,1
pb01_case_4dff900cd8fe460b122db195,development,betweenness_centrality,0.362339198779,0.908580195609,1
pb01_case_1272c56cf7da4eedde58569b,development,betweenness_centrality,0.200817317805,0.927668289501,1
pb01_case_c06dd4aca3186fb77577db3d,development,betweenness_centrality,0.273781860276,0.939305109670,1
pb01_case_ead2bad2b2dc19d55034a8bd,development,betweenness_centrality,0.276284970690,0.909390014795,1
pb01_case_9193672de8799c1159efcb43,development,betweenness_centrality,0.193062681101,0.986665056286,1
pb01_case_f0d562f5a05b3ed81dc8fc27,development,betweenness_centrality,0.341802585858,0.973418804817,1
pb01_case_5d4678280410071dad96f621,development,betweenness_centrality,0.156159918896,0.998202888085,1
pb01_case_c60b4d42bdf681cd0ba4869b,development,betweenness_centrality,0.205157080959,0.997933133927,1
pb01_case_10f3d7653ccdcb2ee3cbd063,development,betweenness_centrality,0.113922720681,0.921367922670,1
pb01_case_d3a77a6764a1f8617cdab52e,development,betweenness_centrality,0.692109878562,0.921515319911,1
pb01_case_a5e763a85f60f06a972a2670,development,betweenness_centrality,0.288194918870,0.954151676518,1
pb01_case_ff7a6a64c4ed10e92923ed84,development,betweenness_centrality,0.348351114327,0.906228047312,1
pb01_case_9f0d0d2ba2cf3672d0c1864e,development,betweenness_centrality,0.353839835386,0.988207332778,1
pb01_case_0ca605f340477c3bc361f2c0,development,betweenness_centrality,0.433688833154,0.978771986852,1
pb01_case_a8b50d94ad36d18bec2b63d6,development,betweenness_centrality,0.219469760107,0.999145084553,1
pb01_case_6900612a00ac4a012478c034,development,betweenness_centrality,0.478341749833,0.998089762759,1
pb01_case_70f3bb77fce566cf3ef731ae,development,betweenness_centrality,0.152300666204,0.920146814555,1
pb01_case_6acf4402c33d3ef3741536da,development,betweenness_centrality,1.000000000000,0.903768003741,1
pb01_case_1d1c155cff80f6ecdfdbcf79,development,betweenness_centrality,0.371286651594,0.930314800822,1
pb01_case_ef374cf4ed36aa9e0185d1cc,development,betweenness_centrality,0.376911557494,0.905113701645,1
pb01_case_baa86408fda62449d52e0e41,development,betweenness_centrality,0.448530092006,0.988184290205,1
pb01_case_767ee357baa2fb40a1ea953e,development,betweenness_centrality,0.395612299061,0.979431594383,1
pb01_case_7b93c9d5a9310aef8d554106,development,betweenness_centrality,0.330265868246,0.999269082954,1
pb01_case_0a9399b79b28b704c9e5543f,development,betweenness_centrality,0.359610020536,0.998324898376,1
pb01_case_09d31e41be9a1ec3435f03e1,development,closeness_centrality,0.311594202899,0.937491383312,1
pb01_case_89110a7c8dc12d37b16ce47e,development,closeness_centrality,0.547619047619,0.915213989970,1
pb01_case_f665332944becf2893d8a90d,development,closeness_centrality,0.566547626870,0.930278213670,1
pb01_case_b3df37a65e6dc39ce9df99a2,development,closeness_centrality,0.531340244253,0.925476690871,1
pb01_case_2283c97d16cc0d5227102d08,development,closeness_centrality,0.394371944607,0.987872911233,1
pb01_case_0bf29478fa7f531bdfd85096,development,closeness_centrality,0.498091284040,0.981136514273,1
pb01_case_e945c633a70ad5719723bc0b,development,closeness_centrality,0.527341492436,0.999993150934,1
pb01_case_e476d48906a232e5462a3f1b,development,closeness_centrality,0.759290540541,0.999988203766,1
pb01_case_bc886d2cafb6a877f9761014,development,closeness_centrality,0.393617021277,0.914836203621,1
pb01_case_7bf0c406ea7136f954df5a6b,development,closeness_centrality,1.000000000000,0.880122456416,1
pb01_case_0815d32b04ca7dd1385684c9,development,closeness_centrality,0.555288702369,0.944247645365,1
pb01_case_cb171cf75eeae0ae40c3d039,development,closeness_centrality,0.477467966551,0.872220176502,1
pb01_case_b6fb786660fa5bfb4fa0c005,development,closeness_centrality,0.583167848700,0.991703280332,1
pb01_case_0f005c402429b159e7de5d77,development,closeness_centrality,0.583167848700,0.985386765244,1
pb01_case_b5b3ac9aca471438747a7e91,development,closeness_centrality,0.553086011403,0.999958263032,1
pb01_case_d0e148cc12e6b8b5cbd811bd,development,closeness_centrality,0.517592325041,0.999892192325,1
pb01_case_b8e89bb9a927b4cbf07b5d31,development,closeness_centrality,1.000000000000,0.903499207042,1
pb01_case_fdf7fc12df5ae5362350883f,development,closeness_centrality,0.111111111111,0.962766349128,1
pb01_case_585c3ea7d36cf7136ef863c4,development,closeness_centrality,0.809897340579,0.918465767097,1
pb01_case_b6faad3161d13acf69745b42,development,closeness_centrality,0.756335612357,0.925249936456,1
pb01_case_49044f279026a0929515d61d,development,closeness_centrality,0.721867143497,0.986492152081,1
pb01_case_a07c7d422d217c0d23dd4875,development,closeness_centrality,0.823673414615,0.975116263124,1
pb01_case_a51934faaac8e981a6be3a0c,development,closeness_centrality,0.925479881875,0.999979110507,1
pb01_case_9e39e668b82667032bcc81c0,development,closeness_centrality,0.704743244465,0.999950129425,1
pb01_case_e7e530a572065c28a0fdd3b7,development,closeness_centrality,0.380434782609,0.947440809044,1
pb01_case_17ffdbc3103f288861fc871e,development,closeness_centrality,0.558139534884,0.902566915842,1
pb01_case_fcd639cfe1821ca94c5edeaf,development,closeness_centrality,0.484532740787,0.934912269580,1
pb01_case_831ce7a0a2babcf3a14169ba,development,closeness_centrality,0.433915075899,0.899303236478,1
pb01_case_27ec89aa1229683942400abe,development,closeness_centrality,0.594201524537,0.988331380837,1
pb01_case_16a88c2f1f3e08d005f97965,development,closeness_centrality,0.523809185395,0.975605288706,1
pb01_case_c195fb23bad3230281cac5b1,development,closeness_centrality,0.677454789019,0.999939055056,1
pb01_case_f48d17d5088222defbf15350,development,closeness_centrality,0.531460837318,0.999967457982,1
pb01_case_430c50aba2dbd11ff6a500d5,development,closeness_centrality,0.779069767442,0.892543607132,1
pb01_case_ddf4fed87b5d9d3cacb62d04,development,closeness_centrality,0.712121212121,0.911086920345,1
pb01_case_9d90edbe7d455cb92d596645,development,closeness_centrality,0.533350470854,0.945009681184,1
pb01_case_87a5493ba4c97eda924a8023,development,closeness_centrality,0.536805451522,0.878651246444,1
pb01_case_bd206ddd32569a370655afc4,development,closeness_centrality,0.336148227862,0.993765676583,1
pb01_case_79f06310d8a13b5f94d21c70,development,closeness_centrality,0.408092361524,0.983024566838,1
pb01_case_67c23bd292be280cfa354510,development,closeness_centrality,0.637592430881,0.999907964377,1
pb01_case_be3729c730b19479f4f03ce7,development,closeness_centrality,0.468312316840,0.999884338842,1
pb01_case_646d73036ed40a5d4fe7fa31,development,closeness_centrality,0.496212121212,0.906666810212,1
pb01_case_9614888d9b93f8fbf06b2a2d,development,closeness_centrality,0.496212121212,0.887464934712,1
pb01_case_f6dd70cc0e7277d7980b6ccd,development,closeness_centrality,0.442997744479,0.921252752067,1
pb01_case_90e27961675ba819958ee493,development,closeness_centrality,0.360242316908,0.893022118643,1
pb01_case_46419e6ba20d22c1041ee1a5,development,closeness_centrality,0.547238481410,0.986274309543,1
pb01_case_9637bf11442caa8c62e2bbbc,development,closeness_centrality,0.326469423158,0.975762475773,1
pb01_case_75b06029ce1b966fcef1a4ce,development,closeness_centrality,0.472240878206,0.999978762616,1
pb01_case_e5d34eb3f750bd3517bf4a39,development,closeness_centrality,0.299379855527,0.999951824568,1
pb01_case_51c04236a15b8aa5d9182e83,development,closeness_centrality,0.240000000000,0.924953745477,1
pb01_case_0caec40e4420f42cc33682a5,development,closeness_centrality,0.240000000000,0.923374705938,1
pb01_case_9bb16172dddd12909a14a62a,development,closeness_centrality,0.477598391414,0.953253100150,1
pb01_case_01042bd59bc0b8a4a05de535,development,closeness_centrality,0.423919253092,0.903442623866,1
pb01_case_31c9772fb720f521b3c3491b,development,closeness_centrality,0.522311519692,0.986636128573,1
pb01_case_b2d1274bc2573e9496251392,development,closeness_centrality,0.430658267953,0.978399919765,1
pb01_case_7ee3f3940f3c3d4624cdced1,development,closeness_centrality,0.651718073593,0.999145900393,1
pb01_case_c6f105b35e60f38d80db9b58,development,closeness_centrality,0.569160997732,0.998981492763,1
pb01_case_96ee5c2456621cc084856d89,development,closeness_centrality,0.330128205128,0.925148085118,1
pb01_case_6a50ce73968d7e327dff108b,development,closeness_centrality,0.430000000000,0.917813091221,1
pb01_case_cfce696bb7eda0dae542d31b,development,closeness_centrality,0.585237508799,0.944115392719,1
pb01_case_5e67607cceb78cc57d9d36c9,development,closeness_centrality,0.576213362938,0.914724894248,1
pb01_case_d18a11badf4d1f0e18d41672,development,closeness_centrality,0.566212987964,0.988524929805,1
pb01_case_ca8d83a2977d2c9454e79ea5,development,closeness_centrality,0.566212987964,0.979708276850,1
pb01_case_c3c1b05de69e6e4844d86407,development,closeness_centrality,0.732275516796,0.999304550288,1
pb01_case_d76e0ccac05bbd9d07d4a49d,development,closeness_centrality,0.562174893213,0.998634556122,1
pb01_case_775eaa2d80b73901cd32481c,development,closeness_centrality,0.000000000000,0.919467966322,1
pb01_case_5a131899ea7e3abc60596ac3,development,closeness_centrality,0.326241134752,0.929039116232,1
pb01_case_8cf5eeb30641264d2125f0b0,development,closeness_centrality,0.274097718003,0.941046899182,1
pb01_case_188cece8ebf60370fe90e258,development,closeness_centrality,0.293855414129,0.910211463153,1
pb01_case_1bbb279173772927651062b3,development,closeness_centrality,0.199746998199,0.987592124703,1
pb01_case_46d1db72bd825ffbbc3bfc80,development,closeness_centrality,0.180498416486,0.978635699144,1
pb01_case_7e8be8aafc9de8d0d34fa784,development,closeness_centrality,0.124520949802,0.998119046453,1
pb01_case_df17d08d16c04ac8c2c7c236,development,closeness_centrality,0.509395931836,0.997475917805,1
pb01_case_4dff900cd8fe460b122db195,development,closeness_centrality,0.595744680851,0.908580195609,1
pb01_case_1272c56cf7da4eedde58569b,development,closeness_centrality,0.538194444444,0.927668289501,1
pb01_case_c06dd4aca3186fb77577db3d,development,closeness_centrality,0.544275204165,0.939305109670,1
pb01_case_ead2bad2b2dc19d55034a8bd,development,closeness_centrality,0.539695087055,0.909390014795,1
pb01_case_9193672de8799c1159efcb43,development,closeness_centrality,0.398467401244,0.986665056286,1
pb01_case_f0d562f5a05b3ed81dc8fc27,development,closeness_centrality,0.651736877270,0.973418804817,1
pb01_case_5d4678280410071dad96f621,development,closeness_centrality,0.371504389635,0.998202888085,1
pb01_case_c60b4d42bdf681cd0ba4869b,development,closeness_centrality,0.472964820134,0.997933133927,1
pb01_case_10f3d7653ccdcb2ee3cbd063,development,closeness_centrality,0.340277777778,0.921367922670,1
pb01_case_d3a77a6764a1f8617cdab52e,development,closeness_centrality,0.768292682927,0.921515319911,1
pb01_case_a5e763a85f60f06a972a2670,development,closeness_centrality,0.445366117648,0.954151676518,1
pb01_case_ff7a6a64c4ed10e92923ed84,development,closeness_centrality,0.473659370773,0.906228047312,1
pb01_case_9f0d0d2ba2cf3672d0c1864e,development,closeness_centrality,0.463075682316,0.988207332778,1
pb01_case_0ca605f340477c3bc361f2c0,development,closeness_centrality,0.547994222393,0.978771986852,1
pb01_case_a8b50d94ad36d18bec2b63d6,development,closeness_centrality,0.329667196589,0.999145084553,1
pb01_case_6900612a00ac4a012478c034,development,closeness_centrality,0.581951530612,0.998089762759,1
pb01_case_70f3bb77fce566cf3ef731ae,development,closeness_centrality,0.406250000000,0.920146814555,1
pb01_case_6acf4402c33d3ef3741536da,development,closeness_centrality,1.000000000000,0.903768003741,1
pb01_case_1d1c155cff80f6ecdfdbcf79,development,closeness_centrality,0.530341577218,0.930314800822,1
pb01_case_ef374cf4ed36aa9e0185d1cc,development,closeness_centrality,0.530044886309,0.905113701645,1
pb01_case_baa86408fda62449d52e0e41,development,closeness_centrality,0.571316981942,0.988184290205,1
pb01_case_767ee357baa2fb40a1ea953e,development,closeness_centrality,0.544130072448,0.979431594383,1
pb01_case_7b93c9d5a9310aef8d554106,development,closeness_centrality,0.485012755102,0.999269082954,1
pb01_case_0a9399b79b28b704c9e5543f,development,closeness_centrality,0.524484634692,0.998324898376,1
pb01_case_09d31e41be9a1ec3435f03e1,development,degree_centrality,0.762653023753,0.937491383312,1
pb01_case_89110a7c8dc12d37b16ce47e,development,degree_centrality,0.510402508825,0.915213989970,1
pb01_case_f665332944becf2893d8a90d,development,degree_centrality,0.461514986739,0.930278213670,1
pb01_case_b3df37a65e6dc39ce9df99a2,development,degree_centrality,0.503335123552,0.925476690871,1
pb01_case_2283c97d16cc0d5227102d08,development,degree_centrality,0.533875378559,0.987872911233,1
pb01_case_0bf29478fa7f531bdfd85096,development,degree_centrality,0.562026547019,0.981136514273,1
pb01_case_e945c633a70ad5719723bc0b,development,degree_centrality,0.474778212810,0.999993150934,1
pb01_case_e476d48906a232e5462a3f1b,development,degree_centrality,0.288506341758,0.999988203766,1
pb01_case_bc886d2cafb6a877f9761014,development,degree_centrality,0.444325594857,0.914836203621,1
pb01_case_7bf0c406ea7136f954df5a6b,development,degree_centrality,0.000000000000,0.880122456416,1
pb01_case_0815d32b04ca7dd1385684c9,development,degree_centrality,0.366955260648,0.944247645365,1
pb01_case_cb171cf75eeae0ae40c3d039,development,degree_centrality,0.435773585664,0.872220176502,1
pb01_case_b6fb786660fa5bfb4fa0c005,development,degree_centrality,0.397417537040,0.991703280332,1
pb01_case_0f005c402429b159e7de5d77,development,degree_centrality,0.397417537040,0.985386765244,1
pb01_case_b5b3ac9aca471438747a7e91,development,degree_centrality,0.363425055730,0.999958263032,1
pb01_case_d0e148cc12e6b8b5cbd811bd,development,degree_centrality,0.287040675885,0.999892192325,1
pb01_case_b8e89bb9a927b4cbf07b5d31,development,degree_centrality,0.254909826849,0.903499207042,1
pb01_case_fdf7fc12df5ae5362350883f,development,degree_centrality,1.000000000000,0.962766349128,1
pb01_case_585c3ea7d36cf7136ef863c4,development,degree_centrality,0.331192137205,0.918465767097,1
pb01_case_b6faad3161d13acf69745b42,development,degree_centrality,0.388028522035,0.925249936456,1
pb01_case_49044f279026a0929515d61d,development,degree_centrality,0.417518862153,0.986492152081,1
pb01_case_a07c7d422d217c0d23dd4875,development,degree_centrality,0.203712896641,0.975116263124,1
pb01_case_a51934faaac8e981a6be3a0c,development,degree_centrality,0.165737591875,0.999979110507,1
pb01_case_9e39e668b82667032bcc81c0,development,degree_centrality,0.474332897336,0.999950129425,1
pb01_case_e7e530a572065c28a0fdd3b7,development,degree_centrality,0.870894503434,0.947440809044,1
pb01_case_17ffdbc3103f288861fc871e,development,degree_centrality,0.350442214020,0.902566915842,1
pb01_case_fcd639cfe1821ca94c5edeaf,development,degree_centrality,0.471922064966,0.934912269580,1
pb01_case_831ce7a0a2babcf3a14169ba,development,degree_centrality,0.521443615293,0.899303236478,1
pb01_case_27ec89aa1229683942400abe,development,degree_centrality,0.356017341919,0.988331380837,1
pb01_case_16a88c2f1f3e08d005f97965,development,degree_centrality,0.328538208594,0.975605288706,1
pb01_case_c195fb23bad3230281cac5b1,development,degree_centrality,0.241935001024,0.999939055056,1
pb01_case_f48d17d5088222defbf15350,development,degree_centrality,0.481236642421,0.999967457982,1
pb01_case_430c50aba2dbd11ff6a500d5,development,degree_centrality,0.278849030196,0.892543607132,1
pb01_case_ddf4fed87b5d9d3cacb62d04,development,degree_centrality,0.504807703065,0.911086920345,1
pb01_case_9d90edbe7d455cb92d596645,development,degree_centrality,0.475784594010,0.945009681184,1
pb01_case_87a5493ba4c97eda924a8023,development,degree_centrality,0.445273689159,0.878651246444,1
pb01_case_bd206ddd32569a370655afc4,development,degree_centrality,0.656588965972,0.993765676583,1
pb01_case_79f06310d8a13b5f94d21c70,development,degree_centrality,0.621287927866,0.983024566838,1
pb01_case_67c23bd292be280cfa354510,development,degree_centrality,0.418711781684,0.999907964377,1
pb01_case_be3729c730b19479f4f03ce7,development,degree_centrality,0.564497763342,0.999884338842,1
pb01_case_646d73036ed40a5d4fe7fa31,development,degree_centrality,0.424261095209,0.906666810212,1
pb01_case_9614888d9b93f8fbf06b2a2d,development,degree_centrality,0.222584741510,0.887464934712,1
pb01_case_f6dd70cc0e7277d7980b6ccd,development,degree_centrality,0.476216816422,0.921252752067,1
pb01_case_90e27961675ba819958ee493,development,degree_centrality,0.532758971508,0.893022118643,1
pb01_case_46419e6ba20d22c1041ee1a5,development,degree_centrality,0.361681597868,0.986274309543,1
pb01_case_9637bf11442caa8c62e2bbbc,development,degree_centrality,0.587695378361,0.975762475773,1
pb01_case_75b06029ce1b966fcef1a4ce,development,degree_centrality,0.536950267922,0.999978762616,1
pb01_case_e5d34eb3f750bd3517bf4a39,development,degree_centrality,0.657804455183,0.999951824568,1
pb01_case_51c04236a15b8aa5d9182e83,development,degree_centrality,0.351135912046,0.924953745477,1
pb01_case_0caec40e4420f42cc33682a5,development,degree_centrality,0.336579491306,0.923374705938,1
pb01_case_9bb16172dddd12909a14a62a,development,degree_centrality,0.242363851751,0.953253100150,1
pb01_case_01042bd59bc0b8a4a05de535,development,degree_centrality,0.250511159929,0.903442623866,1
pb01_case_31c9772fb720f521b3c3491b,development,degree_centrality,0.250886907219,0.986636128573,1
pb01_case_b2d1274bc2573e9496251392,development,degree_centrality,0.227928494853,0.978399919765,1
pb01_case_7ee3f3940f3c3d4624cdced1,development,degree_centrality,0.131795084511,0.999145900393,1
pb01_case_c6f105b35e60f38d80db9b58,development,degree_centrality,0.196954521422,0.998981492763,1
pb01_case_96ee5c2456621cc084856d89,development,degree_centrality,0.402750152230,0.925148085118,1
pb01_case_6a50ce73968d7e327dff108b,development,degree_centrality,0.311150168089,0.917813091221,1
pb01_case_cfce696bb7eda0dae542d31b,development,degree_centrality,0.292886387347,0.944115392719,1
pb01_case_5e67607cceb78cc57d9d36c9,development,degree_centrality,0.301394186052,0.914724894248,1
pb01_case_d18a11badf4d1f0e18d41672,development,degree_centrality,0.322612889565,0.988524929805,1
pb01_case_ca8d83a2977d2c9454e79ea5,development,degree_centrality,0.322612889565,0.979708276850,1
pb01_case_c3c1b05de69e6e4844d86407,development,degree_centrality,0.230718154899,0.999304550288,1
pb01_case_d76e0ccac05bbd9d07d4a49d,development,degree_centrality,0.383594951977,0.998634556122,1
pb01_case_775eaa2d80b73901cd32481c,development,degree_centrality,0.291172262893,0.919467966322,1
pb01_case_5a131899ea7e3abc60596ac3,development,degree_centrality,0.429442875946,0.929039116232,1
pb01_case_8cf5eeb30641264d2125f0b0,development,degree_centrality,0.277540338990,0.941046899182,1
pb01_case_188cece8ebf60370fe90e258,development,degree_centrality,0.259381913456,0.910211463153,1
pb01_case_1bbb279173772927651062b3,development,degree_centrality,0.214860717865,0.987592124703,1
pb01_case_46d1db72bd825ffbbc3bfc80,development,degree_centrality,0.207879413731,0.978635699144,1
pb01_case_7e8be8aafc9de8d0d34fa784,development,degree_centrality,0.255559343206,0.998119046453,1
pb01_case_df17d08d16c04ac8c2c7c236,development,degree_centrality,0.228195157782,0.997475917805,1
pb01_case_4dff900cd8fe460b122db195,development,degree_centrality,0.180097981081,0.908580195609,1
pb01_case_1272c56cf7da4eedde58569b,development,degree_centrality,0.449007770821,0.927668289501,1
pb01_case_c06dd4aca3186fb77577db3d,development,degree_centrality,0.292775626731,0.939305109670,1
pb01_case_ead2bad2b2dc19d55034a8bd,development,degree_centrality,0.296593676849,0.909390014795,1
pb01_case_9193672de8799c1159efcb43,development,degree_centrality,0.332743326127,0.986665056286,1
pb01_case_f0d562f5a05b3ed81dc8fc27,development,degree_centrality,0.262576619055,0.973418804817,1
pb01_case_5d4678280410071dad96f621,development,degree_centrality,0.300532329113,0.998202888085,1
pb01_case_c60b4d42bdf681cd0ba4869b,development,degree_centrality,0.356856894131,0.997933133927,1
pb01_case_10f3d7653ccdcb2ee3cbd063,development,degree_centrality,0.345083329365,0.921367922670,1
pb01_case_d3a77a6764a1f8617cdab52e,development,degree_centrality,0.328126166048,0.921515319911,1
pb01_case_a5e763a85f60f06a972a2670,development,degree_centrality,0.311599338463,0.954151676518,1
pb01_case_ff7a6a64c4ed10e92923ed84,development,degree_centrality,0.280494991508,0.906228047312,1
pb01_case_9f0d0d2ba2cf3672d0c1864e,development,degree_centrality,0.302915173375,0.988207332778,1
pb01_case_0ca605f340477c3bc361f2c0,development,degree_centrality,0.225533959537,0.978771986852,1
pb01_case_a8b50d94ad36d18bec2b63d6,development,degree_centrality,0.288805223283,0.999145084553,1
pb01_case_6900612a00ac4a012478c034,development,degree_centrality,0.206077879866,0.998089762759,1
pb01_case_70f3bb77fce566cf3ef731ae,development,degree_centrality,0.296179989682,0.920146814555,1
pb01_case_6acf4402c33d3ef3741536da,development,degree_centrality,0.054233302530,0.903768003741,1
pb01_case_1d1c155cff80f6ecdfdbcf79,development,degree_centrality,0.284282154541,0.930314800822,1
pb01_case_ef374cf4ed36aa9e0185d1cc,development,degree_centrality,0.254007308858,0.905113701645,1
pb01_case_baa86408fda62449d52e0e41,development,degree_centrality,0.191251563374,0.988184290205,1
pb01_case_767ee357baa2fb40a1ea953e,development,degree_centrality,0.321907367373,0.979431594383,1
pb01_case_7b93c9d5a9310aef8d554106,development,degree_centrality,0.200377117737,0.999269082954,1
pb01_case_0a9399b79b28b704c9e5543f,development,degree_centrality,0.325167328410,0.998324898376,1
pb01_case_09d31e41be9a1ec3435f03e1,development,domain_diffusion_early_probe,0.614918370095,0.937491383312,1
pb01_case_89110a7c8dc12d37b16ce47e,development,domain_diffusion_early_probe,0.494535643481,0.915213989970,1
pb01_case_f665332944becf2893d8a90d,development,domain_diffusion_early_probe,0.657445590785,0.930278213670,1
pb01_case_b3df37a65e6dc39ce9df99a2,development,domain_diffusion_early_probe,0.629570246454,0.925476690871,1
pb01_case_2283c97d16cc0d5227102d08,development,domain_diffusion_early_probe,0.878982377133,0.987872911233,1
pb01_case_0bf29478fa7f531bdfd85096,development,domain_diffusion_early_probe,0.865750958771,0.981136514273,1
pb01_case_e945c633a70ad5719723bc0b,development,domain_diffusion_early_probe,0.954270622452,0.999993150934,1
pb01_case_e476d48906a232e5462a3f1b,development,domain_diffusion_early_probe,0.822347586883,0.999988203766,1
pb01_case_bc886d2cafb6a877f9761014,development,domain_diffusion_early_probe,0.490720999959,0.914836203621,1
pb01_case_7bf0c406ea7136f954df5a6b,development,domain_diffusion_early_probe,0.251581228036,0.880122456416,1
pb01_case_0815d32b04ca7dd1385684c9,development,domain_diffusion_early_probe,0.687859459651,0.944247645365,1
pb01_case_cb171cf75eeae0ae40c3d039,development,domain_diffusion_early_probe,0.324067740896,0.872220176502,1
pb01_case_b6fb786660fa5bfb4fa0c005,development,domain_diffusion_early_probe,0.872040320944,0.991703280332,1
pb01_case_0f005c402429b159e7de5d77,development,domain_diffusion_early_probe,0.870188912828,0.985386765244,1
pb01_case_b5b3ac9aca471438747a7e91,development,domain_diffusion_early_probe,0.809184007794,0.999958263032,1
pb01_case_d0e148cc12e6b8b5cbd811bd,development,domain_diffusion_early_probe,0.668181629640,0.999892192325,1
pb01_case_b8e89bb9a927b4cbf07b5d31,development,domain_diffusion_early_probe,0.426361672395,0.903499207042,1
pb01_case_fdf7fc12df5ae5362350883f,development,domain_diffusion_early_probe,0.823064500013,0.962766349128,1
pb01_case_585c3ea7d36cf7136ef863c4,development,domain_diffusion_early_probe,0.577452352001,0.918465767097,1
pb01_case_b6faad3161d13acf69745b42,development,domain_diffusion_early_probe,0.627995502597,0.925249936456,1
pb01_case_49044f279026a0929515d61d,development,domain_diffusion_early_probe,0.931640309937,0.986492152081,1
pb01_case_a07c7d422d217c0d23dd4875,development,domain_diffusion_early_probe,0.891996316771,0.975116263124,1
pb01_case_a51934faaac8e981a6be3a0c,development,domain_diffusion_early_probe,0.861442486980,0.999979110507,1
pb01_case_9e39e668b82667032bcc81c0,development,domain_diffusion_early_probe,0.831685150520,0.999950129425,1
pb01_case_e7e530a572065c28a0fdd3b7,development,domain_diffusion_early_probe,0.707232252925,0.947440809044,1
pb01_case_17ffdbc3103f288861fc871e,development,domain_diffusion_early_probe,0.406280326949,0.902566915842,1
pb01_case_fcd639cfe1821ca94c5edeaf,development,domain_diffusion_early_probe,0.704639982615,0.934912269580,1
pb01_case_831ce7a0a2babcf3a14169ba,development,domain_diffusion_early_probe,0.645355559283,0.899303236478,1
pb01_case_27ec89aa1229683942400abe,development,domain_diffusion_early_probe,0.961175858799,0.988331380837,1
pb01_case_16a88c2f1f3e08d005f97965,development,domain_diffusion_early_probe,0.923383710242,0.975605288706,1
pb01_case_c195fb23bad3230281cac5b1,development,domain_diffusion_early_probe,0.904507628032,0.999939055056,1
pb01_case_f48d17d5088222defbf15350,development,domain_diffusion_early_probe,0.832556415869,0.999967457982,1
pb01_case_430c50aba2dbd11ff6a500d5,development,domain_diffusion_early_probe,0.347412174241,0.892543607132,1
pb01_case_ddf4fed87b5d9d3cacb62d04,development,domain_diffusion_early_probe,0.464613399092,0.911086920345,1
pb01_case_9d90edbe7d455cb92d596645,development,domain_diffusion_early_probe,0.748888967283,0.945009681184,1
pb01_case_87a5493ba4c97eda924a8023,development,domain_diffusion_early_probe,0.473219601780,0.878651246444,1
pb01_case_bd206ddd32569a370655afc4,development,domain_diffusion_early_probe,0.927822179539,0.993765676583,1
pb01_case_79f06310d8a13b5f94d21c70,development,domain_diffusion_early_probe,0.933958906529,0.983024566838,1
pb01_case_67c23bd292be280cfa354510,development,domain_diffusion_early_probe,0.882313339697,0.999907964377,1
pb01_case_be3729c730b19479f4f03ce7,development,domain_diffusion_early_probe,0.802420171154,0.999884338842,1
pb01_case_646d73036ed40a5d4fe7fa31,development,domain_diffusion_early_probe,0.437692929866,0.906666810212,1
pb01_case_9614888d9b93f8fbf06b2a2d,development,domain_diffusion_early_probe,0.323416519759,0.887464934712,1
pb01_case_f6dd70cc0e7277d7980b6ccd,development,domain_diffusion_early_probe,0.597032114855,0.921252752067,1
pb01_case_90e27961675ba819958ee493,development,domain_diffusion_early_probe,0.501109062942,0.893022118643,1
pb01_case_46419e6ba20d22c1041ee1a5,development,domain_diffusion_early_probe,0.912837445115,0.986274309543,1
pb01_case_9637bf11442caa8c62e2bbbc,development,domain_diffusion_early_probe,0.915610235553,0.975762475773,1
pb01_case_75b06029ce1b966fcef1a4ce,development,domain_diffusion_early_probe,0.905167317956,0.999978762616,1
pb01_case_e5d34eb3f750bd3517bf4a39,development,domain_diffusion_early_probe,0.880009359109,0.999951824568,1
pb01_case_51c04236a15b8aa5d9182e83,development,domain_diffusion_early_probe,0.561889659890,0.924953745477,1
pb01_case_0caec40e4420f42cc33682a5,development,domain_diffusion_early_probe,0.552628361084,0.923374705938,1
pb01_case_9bb16172dddd12909a14a62a,development,domain_diffusion_early_probe,0.763546178747,0.953253100150,1
pb01_case_01042bd59bc0b8a4a05de535,development,domain_diffusion_early_probe,0.556381665085,0.903442623866,1
pb01_case_31c9772fb720f521b3c3491b,development,domain_diffusion_early_probe,0.899791340373,0.986636128573,1
pb01_case_b2d1274bc2573e9496251392,development,domain_diffusion_early_probe,0.892373596265,0.978399919765,1
pb01_case_7ee3f3940f3c3d4624cdced1,development,domain_diffusion_early_probe,0.906106986237,0.999145900393,1
pb01_case_c6f105b35e60f38d80db9b58,development,domain_diffusion_early_probe,0.942092173353,0.998981492763,1
pb01_case_96ee5c2456621cc084856d89,development,domain_diffusion_early_probe,0.576863996445,0.925148085118,1
pb01_case_6a50ce73968d7e327dff108b,development,domain_diffusion_early_probe,0.524692919255,0.917813091221,1
pb01_case_cfce696bb7eda0dae542d31b,development,domain_diffusion_early_probe,0.734955732937,0.944115392719,1
pb01_case_5e67607cceb78cc57d9d36c9,development,domain_diffusion_early_probe,0.581245228357,0.914724894248,1
pb01_case_d18a11badf4d1f0e18d41672,development,domain_diffusion_early_probe,0.961253224867,0.988524929805,1
pb01_case_ca8d83a2977d2c9454e79ea5,development,domain_diffusion_early_probe,0.942208339124,0.979708276850,1
pb01_case_c3c1b05de69e6e4844d86407,development,domain_diffusion_early_probe,0.858642894487,0.999304550288,1
pb01_case_d76e0ccac05bbd9d07d4a49d,development,domain_diffusion_early_probe,0.773175007052,0.998634556122,1
pb01_case_775eaa2d80b73901cd32481c,development,domain_diffusion_early_probe,0.542745269302,0.919467966322,1
pb01_case_5a131899ea7e3abc60596ac3,development,domain_diffusion_early_probe,0.618961868652,0.929039116232,1
pb01_case_8cf5eeb30641264d2125f0b0,development,domain_diffusion_early_probe,0.720311468700,0.941046899182,1
pb01_case_188cece8ebf60370fe90e258,development,domain_diffusion_early_probe,0.619754469908,0.910211463153,1
pb01_case_1bbb279173772927651062b3,development,domain_diffusion_early_probe,0.966714177872,0.987592124703,1
pb01_case_46d1db72bd825ffbbc3bfc80,development,domain_diffusion_early_probe,0.932407667428,0.978635699144,1
pb01_case_7e8be8aafc9de8d0d34fa784,development,domain_diffusion_early_probe,0.876967995460,0.998119046453,1
pb01_case_df17d08d16c04ac8c2c7c236,development,domain_diffusion_early_probe,0.819708872228,0.997475917805,1
pb01_case_4dff900cd8fe460b122db195,development,domain_diffusion_early_probe,0.470465594625,0.908580195609,1
pb01_case_1272c56cf7da4eedde58569b,development,domain_diffusion_early_probe,0.598658399150,0.927668289501,1
pb01_case_c06dd4aca3186fb77577db3d,development,domain_diffusion_early_probe,0.715883466242,0.939305109670,1
pb01_case_ead2bad2b2dc19d55034a8bd,development,domain_diffusion_early_probe,0.659550531232,0.909390014795,1
pb01_case_9193672de8799c1159efcb43,development,domain_diffusion_early_probe,0.975173165665,0.986665056286,1
pb01_case_f0d562f5a05b3ed81dc8fc27,development,domain_diffusion_early_probe,0.917154997670,0.973418804817,1
pb01_case_5d4678280410071dad96f621,development,domain_diffusion_early_probe,0.881701131537,0.998202888085,1
pb01_case_c60b4d42bdf681cd0ba4869b,development,domain_diffusion_early_probe,0.735772747297,0.997933133927,1
pb01_case_10f3d7653ccdcb2ee3cbd063,development,domain_diffusion_early_probe,0.557434711421,0.921367922670,1
pb01_case_d3a77a6764a1f8617cdab52e,development,domain_diffusion_early_probe,0.548477512412,0.921515319911,1
pb01_case_a5e763a85f60f06a972a2670,development,domain_diffusion_early_probe,0.839174883213,0.954151676518,1
pb01_case_ff7a6a64c4ed10e92923ed84,development,domain_diffusion_early_probe,0.490711410524,0.906228047312,1
pb01_case_9f0d0d2ba2cf3672d0c1864e,development,domain_diffusion_early_probe,0.980726730655,0.988207332778,1
pb01_case_0ca605f340477c3bc361f2c0,development,domain_diffusion_early_probe,0.960579591941,0.978771986852,1
pb01_case_a8b50d94ad36d18bec2b63d6,development,domain_diffusion_early_probe,0.870746729165,0.999145084553,1
pb01_case_6900612a00ac4a012478c034,development,domain_diffusion_early_probe,0.788616956525,0.998089762759,1
pb01_case_70f3bb77fce566cf3ef731ae,development,domain_diffusion_early_probe,0.539043497987,0.920146814555,1
pb01_case_6acf4402c33d3ef3741536da,development,domain_diffusion_early_probe,0.430142764482,0.903768003741,1
pb01_case_1d1c155cff80f6ecdfdbcf79,development,domain_diffusion_early_probe,0.665995472332,0.930314800822,1
pb01_case_ef374cf4ed36aa9e0185d1cc,development,domain_diffusion_early_probe,0.541393507814,0.905113701645,1
pb01_case_baa86408fda62449d52e0e41,development,domain_diffusion_early_probe,0.965866476281,0.988184290205,1
pb01_case_767ee357baa2fb40a1ea953e,development,domain_diffusion_early_probe,0.972323113871,0.979431594383,1
pb01_case_7b93c9d5a9310aef8d554106,development,domain_diffusion_early_probe,0.870699062412,0.999269082954,1
pb01_case_0a9399b79b28b704c9e5543f,development,domain_diffusion_early_probe,0.847243564588,0.998324898376,1
pb01_case_09d31e41be9a1ec3435f03e1,development,eigenvector_centrality,0.514639052001,0.937491383312,1
pb01_case_89110a7c8dc12d37b16ce47e,development,eigenvector_centrality,0.708693132027,0.915213989970,1
pb01_case_f665332944becf2893d8a90d,development,eigenvector_centrality,0.701711282893,0.930278213670,1
pb01_case_b3df37a65e6dc39ce9df99a2,development,eigenvector_centrality,0.682987917345,0.925476690871,1
pb01_case_2283c97d16cc0d5227102d08,development,eigenvector_centrality,0.593274540434,0.987872911233,1
pb01_case_0bf29478fa7f531bdfd85096,development,eigenvector_centrality,0.599784818296,0.981136514273,1
pb01_case_e945c633a70ad5719723bc0b,development,eigenvector_centrality,0.671008654661,0.999993150934,1
pb01_case_e476d48906a232e5462a3f1b,development,eigenvector_centrality,0.835678406462,0.999988203766,1
pb01_case_bc886d2cafb6a877f9761014,development,eigenvector_centrality,0.601314633158,0.914836203621,1
pb01_case_7bf0c406ea7136f954df5a6b,development,eigenvector_centrality,0.865772347548,0.880122456416,1
pb01_case_0815d32b04ca7dd1385684c9,development,eigenvector_centrality,0.708482299948,0.944247645365,1
pb01_case_cb171cf75eeae0ae40c3d039,development,eigenvector_centrality,0.639808130723,0.872220176502,1
pb01_case_b6fb786660fa5bfb4fa0c005,development,eigenvector_centrality,0.595647690033,0.991703280332,1
pb01_case_0f005c402429b159e7de5d77,development,eigenvector_centrality,0.595647690033,0.985386765244,1
pb01_case_b5b3ac9aca471438747a7e91,development,eigenvector_centrality,0.649975580090,0.999958263032,1
pb01_case_d0e148cc12e6b8b5cbd811bd,development,eigenvector_centrality,0.766743126211,0.999892192325,1
pb01_case_b8e89bb9a927b4cbf07b5d31,development,eigenvector_centrality,0.733746765048,0.903499207042,1
pb01_case_fdf7fc12df5ae5362350883f,development,eigenvector_centrality,0.193304875900,0.962766349128,1
pb01_case_585c3ea7d36cf7136ef863c4,development,eigenvector_centrality,0.683187270309,0.918465767097,1
pb01_case_b6faad3161d13acf69745b42,development,eigenvector_centrality,0.643774900712,0.925249936456,1
pb01_case_49044f279026a0929515d61d,development,eigenvector_centrality,0.660659109068,0.986492152081,1
pb01_case_a07c7d422d217c0d23dd4875,development,eigenvector_centrality,0.838873695012,0.975116263124,1
pb01_case_a51934faaac8e981a6be3a0c,development,eigenvector_centrality,0.783629104454,0.999979110507,1
pb01_case_9e39e668b82667032bcc81c0,development,eigenvector_centrality,0.536788322158,0.999950129425,1
pb01_case_e7e530a572065c28a0fdd3b7,development,eigenvector_centrality,0.290061922728,0.947440809044,1
pb01_case_17ffdbc3103f288861fc871e,development,eigenvector_centrality,0.772734399738,0.902566915842,1
pb01_case_fcd639cfe1821ca94c5edeaf,development,eigenvector_centrality,0.560469015149,0.934912269580,1
pb01_case_831ce7a0a2babcf3a14169ba,development,eigenvector_centrality,0.547292433214,0.899303236478,1
pb01_case_27ec89aa1229683942400abe,development,eigenvector_centrality,0.694856529353,0.988331380837,1
pb01_case_16a88c2f1f3e08d005f97965,development,eigenvector_centrality,0.664938760713,0.975605288706,1
pb01_case_c195fb23bad3230281cac5b1,development,eigenvector_centrality,0.792612130205,0.999939055056,1
pb01_case_f48d17d5088222defbf15350,development,eigenvector_centrality,0.538953001500,0.999967457982,1
pb01_case_430c50aba2dbd11ff6a500d5,development,eigenvector_centrality,1.000000000000,0.892543607132,1
pb01_case_ddf4fed87b5d9d3cacb62d04,development,eigenvector_centrality,0.726201342882,0.911086920345,1
pb01_case_9d90edbe7d455cb92d596645,development,eigenvector_centrality,0.668814845405,0.945009681184,1
pb01_case_87a5493ba4c97eda924a8023,development,eigenvector_centrality,0.721655946950,0.878651246444,1
pb01_case_bd206ddd32569a370655afc4,development,eigenvector_centrality,0.507914042208,0.993765676583,1
pb01_case_79f06310d8a13b5f94d21c70,development,eigenvector_centrality,0.537563012183,0.983024566838,1
pb01_case_67c23bd292be280cfa354510,development,eigenvector_centrality,0.672974705475,0.999907964377,1
pb01_case_be3729c730b19479f4f03ce7,development,eigenvector_centrality,0.597027422609,0.999884338842,1
pb01_case_646d73036ed40a5d4fe7fa31,development,eigenvector_centrality,0.739603282568,0.906666810212,1
pb01_case_9614888d9b93f8fbf06b2a2d,development,eigenvector_centrality,0.879056680450,0.887464934712,1
pb01_case_f6dd70cc0e7277d7980b6ccd,development,eigenvector_centrality,0.593801895407,0.921252752067,1
pb01_case_90e27961675ba819958ee493,development,eigenvector_centrality,0.539114236606,0.893022118643,1
pb01_case_46419e6ba20d22c1041ee1a5,development,eigenvector_centrality,0.710372926319,0.986274309543,1
pb01_case_9637bf11442caa8c62e2bbbc,development,eigenvector_centrality,0.462922829389,0.975762475773,1
pb01_case_75b06029ce1b966fcef1a4ce,development,eigenvector_centrality,0.491886439754,0.999978762616,1
pb01_case_e5d34eb3f750bd3517bf4a39,development,eigenvector_centrality,0.362028882908,0.999951824568,1
pb01_case_51c04236a15b8aa5d9182e83,development,eigenvector_centrality,0.698805556978,0.924953745477,1
pb01_case_0caec40e4420f42cc33682a5,development,eigenvector_centrality,0.759374570959,0.923374705938,1
pb01_case_9bb16172dddd12909a14a62a,development,eigenvector_centrality,0.801657975727,0.953253100150,1
pb01_case_01042bd59bc0b8a4a05de535,development,eigenvector_centrality,0.799554718103,0.903442623866,1
pb01_case_31c9772fb720f521b3c3491b,development,eigenvector_centrality,0.762960250865,0.986636128573,1
pb01_case_b2d1274bc2573e9496251392,development,eigenvector_centrality,0.818339410391,0.978399919765,1
pb01_case_7ee3f3940f3c3d4624cdced1,development,eigenvector_centrality,0.927550041437,0.999145900393,1
pb01_case_c6f105b35e60f38d80db9b58,development,eigenvector_centrality,0.868291788911,0.998981492763,1
pb01_case_96ee5c2456621cc084856d89,development,eigenvector_centrality,0.648883115295,0.925148085118,1
pb01_case_6a50ce73968d7e327dff108b,development,eigenvector_centrality,0.593169764514,0.917813091221,1
pb01_case_cfce696bb7eda0dae542d31b,development,eigenvector_centrality,0.727658868970,0.944115392719,1
pb01_case_5e67607cceb78cc57d9d36c9,development,eigenvector_centrality,0.710481142725,0.914724894248,1
pb01_case_d18a11badf4d1f0e18d41672,development,eigenvector_centrality,0.613538835442,0.988524929805,1
pb01_case_ca8d83a2977d2c9454e79ea5,development,eigenvector_centrality,0.613538835442,0.979708276850,1
pb01_case_c3c1b05de69e6e4844d86407,development,eigenvector_centrality,0.872835035778,0.999304550288,1
pb01_case_d76e0ccac05bbd9d07d4a49d,development,eigenvector_centrality,0.527861045123,0.998634556122,1
pb01_case_775eaa2d80b73901cd32481c,development,eigenvector_centrality,0.590260890607,0.919467966322,1
pb01_case_5a131899ea7e3abc60596ac3,development,eigenvector_centrality,0.470250959774,0.929039116232,1
pb01_case_8cf5eeb30641264d2125f0b0,development,eigenvector_centrality,0.666037867855,0.941046899182,1
pb01_case_188cece8ebf60370fe90e258,development,eigenvector_centrality,0.694104272765,0.910211463153,1
pb01_case_1bbb279173772927651062b3,development,eigenvector_centrality,0.765688222238,0.987592124703,1
pb01_case_46d1db72bd825ffbbc3bfc80,development,eigenvector_centrality,0.792039817120,0.978635699144,1
pb01_case_7e8be8aafc9de8d0d34fa784,development,eigenvector_centrality,0.674313854622,0.998119046453,1
pb01_case_df17d08d16c04ac8c2c7c236,development,eigenvector_centrality,0.589615337004,0.997475917805,1
pb01_case_4dff900cd8fe460b122db195,development,eigenvector_centrality,0.804075386462,0.908580195609,1
pb01_case_1272c56cf7da4eedde58569b,development,eigenvector_centrality,0.650529574019,0.927668289501,1
pb01_case_c06dd4aca3186fb77577db3d,development,eigenvector_centrality,0.764733601663,0.939305109670,1
pb01_case_ead2bad2b2dc19d55034a8bd,development,eigenvector_centrality,0.753106933840,0.909390014795,1
pb01_case_9193672de8799c1159efcb43,development,eigenvector_centrality,0.671096409370,0.986665056286,1
pb01_case_f0d562f5a05b3ed81dc8fc27,development,eigenvector_centrality,0.779239983351,0.973418804817,1
pb01_case_5d4678280410071dad96f621,development,eigenvector_centrality,0.692613819740,0.998202888085,1
pb01_case_c60b4d42bdf681cd0ba4869b,development,eigenvector_centrality,0.683638205056,0.997933133927,1
pb01_case_10f3d7653ccdcb2ee3cbd063,development,eigenvector_centrality,0.738517447987,0.921367922670,1
pb01_case_d3a77a6764a1f8617cdab52e,development,eigenvector_centrality,0.693276141489,0.921515319911,1
pb01_case_a5e763a85f60f06a972a2670,development,eigenvector_centrality,0.756444265258,0.954151676518,1
pb01_case_ff7a6a64c4ed10e92923ed84,development,eigenvector_centrality,0.785813329232,0.906228047312,1
pb01_case_9f0d0d2ba2cf3672d0c1864e,development,eigenvector_centrality,0.703749877778,0.988207332778,1
pb01_case_0ca605f340477c3bc361f2c0,development,eigenvector_centrality,0.845740899333,0.978771986852,1
pb01_case_a8b50d94ad36d18bec2b63d6,development,eigenvector_centrality,0.761071147936,0.999145084553,1
pb01_case_6900612a00ac4a012478c034,development,eigenvector_centrality,0.884669021113,0.998089762759,1
pb01_case_70f3bb77fce566cf3ef731ae,development,eigenvector_centrality,0.920016979629,0.920146814555,1
pb01_case_6acf4402c33d3ef3741536da,development,eigenvector_centrality,0.996030318412,0.903768003741,1
pb01_case_1d1c155cff80f6ecdfdbcf79,development,eigenvector_centrality,0.773821682559,0.930314800822,1
pb01_case_ef374cf4ed36aa9e0185d1cc,development,eigenvector_centrality,0.807502693277,0.905113701645,1
pb01_case_baa86408fda62449d52e0e41,development,eigenvector_centrality,0.955152813268,0.988184290205,1
pb01_case_767ee357baa2fb40a1ea953e,development,eigenvector_centrality,0.641798767245,0.979431594383,1
pb01_case_7b93c9d5a9310aef8d554106,development,eigenvector_centrality,0.947274340863,0.999269082954,1
pb01_case_0a9399b79b28b704c9e5543f,development,eigenvector_centrality,0.581573839673,0.998324898376,1
pb01_case_09d31e41be9a1ec3435f03e1,development,graph_size_density,0.953932014248,0.937491383312,1
pb01_case_89110a7c8dc12d37b16ce47e,development,graph_size_density,0.953932014248,0.915213989970,1
pb01_case_f665332944becf2893d8a90d,development,graph_size_density,0.953932014248,0.930278213670,1
pb01_case_b3df37a65e6dc39ce9df99a2,development,graph_size_density,0.953932014248,0.925476690871,1
pb01_case_2283c97d16cc0d5227102d08,development,graph_size_density,0.953932014248,0.987872911233,1
pb01_case_0bf29478fa7f531bdfd85096,development,graph_size_density,0.953932014248,0.981136514273,1
pb01_case_e945c633a70ad5719723bc0b,development,graph_size_density,0.953932014248,0.999993150934,1
pb01_case_e476d48906a232e5462a3f1b,development,graph_size_density,0.953932014248,0.999988203766,1
pb01_case_bc886d2cafb6a877f9761014,development,graph_size_density,0.953437149219,0.914836203621,1
pb01_case_7bf0c406ea7136f954df5a6b,development,graph_size_density,0.953437149219,0.880122456416,1
pb01_case_0815d32b04ca7dd1385684c9,development,graph_size_density,0.953437149219,0.944247645365,1
pb01_case_cb171cf75eeae0ae40c3d039,development,graph_size_density,0.953437149219,0.872220176502,1
pb01_case_b6fb786660fa5bfb4fa0c005,development,graph_size_density,0.953437149219,0.991703280332,1
pb01_case_0f005c402429b159e7de5d77,development,graph_size_density,0.953437149219,0.985386765244,1
pb01_case_b5b3ac9aca471438747a7e91,development,graph_size_density,0.953437149219,0.999958263032,1
pb01_case_d0e148cc12e6b8b5cbd811bd,development,graph_size_density,0.953437149219,0.999892192325,1
pb01_case_b8e89bb9a927b4cbf07b5d31,development,graph_size_density,0.953366454215,0.903499207042,1
pb01_case_fdf7fc12df5ae5362350883f,development,graph_size_density,0.953366454215,0.962766349128,1
pb01_case_585c3ea7d36cf7136ef863c4,development,graph_size_density,0.953366454215,0.918465767097,1
pb01_case_b6faad3161d13acf69745b42,development,graph_size_density,0.953366454215,0.925249936456,1
pb01_case_49044f279026a0929515d61d,development,graph_size_density,0.953366454215,0.986492152081,1
pb01_case_a07c7d422d217c0d23dd4875,development,graph_size_density,0.953366454215,0.975116263124,1
pb01_case_a51934faaac8e981a6be3a0c,development,graph_size_density,0.953366454215,0.999979110507,1
pb01_case_9e39e668b82667032bcc81c0,development,graph_size_density,0.953366454215,0.999950129425,1
pb01_case_e7e530a572065c28a0fdd3b7,development,graph_size_density,0.953366454215,0.947440809044,1
pb01_case_17ffdbc3103f288861fc871e,development,graph_size_density,0.953366454215,0.902566915842,1
pb01_case_fcd639cfe1821ca94c5edeaf,development,graph_size_density,0.953366454215,0.934912269580,1
pb01_case_831ce7a0a2babcf3a14169ba,development,graph_size_density,0.953366454215,0.899303236478,1
pb01_case_27ec89aa1229683942400abe,development,graph_size_density,0.953366454215,0.988331380837,1
pb01_case_16a88c2f1f3e08d005f97965,development,graph_size_density,0.953366454215,0.975605288706,1
pb01_case_c195fb23bad3230281cac5b1,development,graph_size_density,0.953366454215,0.999939055056,1
pb01_case_f48d17d5088222defbf15350,development,graph_size_density,0.953366454215,0.999967457982,1
pb01_case_430c50aba2dbd11ff6a500d5,development,graph_size_density,0.952871589186,0.892543607132,1
pb01_case_ddf4fed87b5d9d3cacb62d04,development,graph_size_density,0.952871589186,0.911086920345,1
pb01_case_9d90edbe7d455cb92d596645,development,graph_size_density,0.952871589186,0.945009681184,1
pb01_case_87a5493ba4c97eda924a8023,development,graph_size_density,0.952871589186,0.878651246444,1
pb01_case_bd206ddd32569a370655afc4,development,graph_size_density,0.952871589186,0.993765676583,1
pb01_case_79f06310d8a13b5f94d21c70,development,graph_size_density,0.952871589186,0.983024566838,1
pb01_case_67c23bd292be280cfa354510,development,graph_size_density,0.952871589186,0.999907964377,1
pb01_case_be3729c730b19479f4f03ce7,development,graph_size_density,0.952871589186,0.999884338842,1
pb01_case_646d73036ed40a5d4fe7fa31,development,graph_size_density,0.953154369202,0.906666810212,1
pb01_case_9614888d9b93f8fbf06b2a2d,development,graph_size_density,0.953154369202,0.887464934712,1
pb01_case_f6dd70cc0e7277d7980b6ccd,development,graph_size_density,0.953154369202,0.921252752067,1
pb01_case_90e27961675ba819958ee493,development,graph_size_density,0.953154369202,0.893022118643,1
pb01_case_46419e6ba20d22c1041ee1a5,development,graph_size_density,0.953154369202,0.986274309543,1
pb01_case_9637bf11442caa8c62e2bbbc,development,graph_size_density,0.953154369202,0.975762475773,1
pb01_case_75b06029ce1b966fcef1a4ce,development,graph_size_density,0.953154369202,0.999978762616,1
pb01_case_e5d34eb3f750bd3517bf4a39,development,graph_size_density,0.953154369202,0.999951824568,1
pb01_case_51c04236a15b8aa5d9182e83,development,graph_size_density,0.954356184273,0.924953745477,1
pb01_case_0caec40e4420f42cc33682a5,development,graph_size_density,0.954356184273,0.923374705938,1
pb01_case_9bb16172dddd12909a14a62a,development,graph_size_density,0.954356184273,0.953253100150,1
pb01_case_01042bd59bc0b8a4a05de535,development,graph_size_density,0.954356184273,0.903442623866,1
pb01_case_31c9772fb720f521b3c3491b,development,graph_size_density,0.954356184273,0.986636128573,1
pb01_case_b2d1274bc2573e9496251392,development,graph_size_density,0.954356184273,0.978399919765,1
pb01_case_7ee3f3940f3c3d4624cdced1,development,graph_size_density,0.954356184273,0.999145900393,1
pb01_case_c6f105b35e60f38d80db9b58,development,graph_size_density,0.954356184273,0.998981492763,1
pb01_case_96ee5c2456621cc084856d89,development,graph_size_density,0.954285489269,0.925148085118,1
pb01_case_6a50ce73968d7e327dff108b,development,graph_size_density,0.954285489269,0.917813091221,1
pb01_case_cfce696bb7eda0dae542d31b,development,graph_size_density,0.954285489269,0.944115392719,1
pb01_case_5e67607cceb78cc57d9d36c9,development,graph_size_density,0.954285489269,0.914724894248,1
pb01_case_d18a11badf4d1f0e18d41672,development,graph_size_density,0.954285489269,0.988524929805,1
pb01_case_ca8d83a2977d2c9454e79ea5,development,graph_size_density,0.954285489269,0.979708276850,1
pb01_case_c3c1b05de69e6e4844d86407,development,graph_size_density,0.954285489269,0.999304550288,1
pb01_case_d76e0ccac05bbd9d07d4a49d,development,graph_size_density,0.954285489269,0.998634556122,1
pb01_case_775eaa2d80b73901cd32481c,development,graph_size_density,0.954285489269,0.919467966322,1
pb01_case_5a131899ea7e3abc60596ac3,development,graph_size_density,0.954285489269,0.929039116232,1
pb01_case_8cf5eeb30641264d2125f0b0,development,graph_size_density,0.954285489269,0.941046899182,1
pb01_case_188cece8ebf60370fe90e258,development,graph_size_density,0.954285489269,0.910211463153,1
pb01_case_1bbb279173772927651062b3,development,graph_size_density,0.954285489269,0.987592124703,1
pb01_case_46d1db72bd825ffbbc3bfc80,development,graph_size_density,0.954285489269,0.978635699144,1
pb01_case_7e8be8aafc9de8d0d34fa784,development,graph_size_density,0.954285489269,0.998119046453,1
pb01_case_df17d08d16c04ac8c2c7c236,development,graph_size_density,0.954285489269,0.997475917805,1
pb01_case_4dff900cd8fe460b122db195,development,graph_size_density,0.954356184273,0.908580195609,1
pb01_case_1272c56cf7da4eedde58569b,development,graph_size_density,0.954356184273,0.927668289501,1
pb01_case_c06dd4aca3186fb77577db3d,development,graph_size_density,0.954356184273,0.939305109670,1
pb01_case_ead2bad2b2dc19d55034a8bd,development,graph_size_density,0.954356184273,0.909390014795,1
pb01_case_9193672de8799c1159efcb43,development,graph_size_density,0.954356184273,0.986665056286,1
pb01_case_f0d562f5a05b3ed81dc8fc27,development,graph_size_density,0.954356184273,0.973418804817,1
pb01_case_5d4678280410071dad96f621,development,graph_size_density,0.954356184273,0.998202888085,1
pb01_case_c60b4d42bdf681cd0ba4869b,development,graph_size_density,0.954356184273,0.997933133927,1
pb01_case_10f3d7653ccdcb2ee3cbd063,development,graph_size_density,0.954426879277,0.921367922670,1
pb01_case_d3a77a6764a1f8617cdab52e,development,graph_size_density,0.954426879277,0.921515319911,1
pb01_case_a5e763a85f60f06a972a2670,development,graph_size_density,0.954426879277,0.954151676518,1
pb01_case_ff7a6a64c4ed10e92923ed84,development,graph_size_density,0.954426879277,0.906228047312,1
pb01_case_9f0d0d2ba2cf3672d0c1864e,development,graph_size_density,0.954426879277,0.988207332778,1
pb01_case_0ca605f340477c3bc361f2c0,development,graph_size_density,0.954426879277,0.978771986852,1
pb01_case_a8b50d94ad36d18bec2b63d6,development,graph_size_density,0.954426879277,0.999145084553,1
pb01_case_6900612a00ac4a012478c034,development,graph_size_density,0.954426879277,0.998089762759,1
pb01_case_70f3bb77fce566cf3ef731ae,development,graph_size_density,0.954356184273,0.920146814555,1
pb01_case_6acf4402c33d3ef3741536da,development,graph_size_density,0.954356184273,0.903768003741,1
pb01_case_1d1c155cff80f6ecdfdbcf79,development,graph_size_density,0.954356184273,0.930314800822,1
pb01_case_ef374cf4ed36aa9e0185d1cc,development,graph_size_density,0.954356184273,0.905113701645,1
pb01_case_baa86408fda62449d52e0e41,development,graph_size_density,0.954356184273,0.988184290205,1
pb01_case_767ee357baa2fb40a1ea953e,development,graph_size_density,0.954356184273,0.979431594383,1
pb01_case_7b93c9d5a9310aef8d554106,development,graph_size_density,0.954356184273,0.999269082954,1
pb01_case_0a9399b79b28b704c9e5543f,development,graph_size_density,0.954356184273,0.998324898376,1
pb01_case_09d31e41be9a1ec3435f03e1,development,haos_ablated_score,0.919802910419,0.937491383312,1
pb01_case_89110a7c8dc12d37b16ce47e,development,haos_ablated_score,0.910089224181,0.915213989970,1
pb01_case_f665332944becf2893d8a90d,development,haos_ablated_score,0.934657426238,0.930278213670,1
pb01_case_b3df37a65e6dc39ce9df99a2,development,haos_ablated_score,0.910578340678,0.925476690871,1
pb01_case_2283c97d16cc0d5227102d08,development,haos_ablated_score,0.989263314356,0.987872911233,1
pb01_case_0bf29478fa7f531bdfd85096,development,haos_ablated_score,0.988567231684,0.981136514273,1
pb01_case_e945c633a70ad5719723bc0b,development,haos_ablated_score,0.988966026806,0.999993150934,1
pb01_case_e476d48906a232e5462a3f1b,development,haos_ablated_score,0.981212334186,0.999988203766,1
pb01_case_bc886d2cafb6a877f9761014,development,haos_ablated_score,0.914569480880,0.914836203621,1
pb01_case_7bf0c406ea7136f954df5a6b,development,haos_ablated_score,0.902085031105,0.880122456416,1
pb01_case_0815d32b04ca7dd1385684c9,development,haos_ablated_score,0.959932025810,0.944247645365,1
pb01_case_cb171cf75eeae0ae40c3d039,development,haos_ablated_score,0.888142480956,0.872220176502,1
pb01_case_b6fb786660fa5bfb4fa0c005,development,haos_ablated_score,0.991098083745,0.991703280332,1
pb01_case_0f005c402429b159e7de5d77,development,haos_ablated_score,0.990691131134,0.985386765244,1
pb01_case_b5b3ac9aca471438747a7e91,development,haos_ablated_score,0.989758583709,0.999958263032,1
pb01_case_d0e148cc12e6b8b5cbd811bd,development,haos_ablated_score,0.989738031531,0.999892192325,1
pb01_case_b8e89bb9a927b4cbf07b5d31,development,haos_ablated_score,0.911860783954,0.903499207042,1
pb01_case_fdf7fc12df5ae5362350883f,development,haos_ablated_score,0.927654564663,0.962766349128,1
pb01_case_585c3ea7d36cf7136ef863c4,development,haos_ablated_score,0.930256167937,0.918465767097,1
pb01_case_b6faad3161d13acf69745b42,development,haos_ablated_score,0.872557915467,0.925249936456,1
pb01_case_49044f279026a0929515d61d,development,haos_ablated_score,0.987794158798,0.986492152081,1
pb01_case_a07c7d422d217c0d23dd4875,development,haos_ablated_score,0.988052168791,0.975116263124,1
pb01_case_a51934faaac8e981a6be3a0c,development,haos_ablated_score,0.986604719000,0.999979110507,1
pb01_case_9e39e668b82667032bcc81c0,development,haos_ablated_score,0.988753199628,0.999950129425,1
pb01_case_e7e530a572065c28a0fdd3b7,development,haos_ablated_score,0.917820376859,0.947440809044,1
pb01_case_17ffdbc3103f288861fc871e,development,haos_ablated_score,0.908050852426,0.902566915842,1
pb01_case_fcd639cfe1821ca94c5edeaf,development,haos_ablated_score,0.910175691849,0.934912269580,1
pb01_case_831ce7a0a2babcf3a14169ba,development,haos_ablated_score,0.906727452729,0.899303236478,1
pb01_case_27ec89aa1229683942400abe,development,haos_ablated_score,0.986297605307,0.988331380837,1
pb01_case_16a88c2f1f3e08d005f97965,development,haos_ablated_score,0.985451168530,0.975605288706,1
pb01_case_c195fb23bad3230281cac5b1,development,haos_ablated_score,0.987538033845,0.999939055056,1
pb01_case_f48d17d5088222defbf15350,development,haos_ablated_score,0.984097828509,0.999967457982,1
pb01_case_430c50aba2dbd11ff6a500d5,development,haos_ablated_score,0.912151678095,0.892543607132,1
pb01_case_ddf4fed87b5d9d3cacb62d04,development,haos_ablated_score,0.909759396524,0.911086920345,1
pb01_case_9d90edbe7d455cb92d596645,development,haos_ablated_score,0.945627103649,0.945009681184,1
pb01_case_87a5493ba4c97eda924a8023,development,haos_ablated_score,0.887882617510,0.878651246444,1
pb01_case_bd206ddd32569a370655afc4,development,haos_ablated_score,0.992592057496,0.993765676583,1
pb01_case_79f06310d8a13b5f94d21c70,development,haos_ablated_score,0.991719201797,0.983024566838,1
pb01_case_67c23bd292be280cfa354510,development,haos_ablated_score,0.988285601309,0.999907964377,1
pb01_case_be3729c730b19479f4f03ce7,development,haos_ablated_score,0.986788120198,0.999884338842,1
pb01_case_646d73036ed40a5d4fe7fa31,development,haos_ablated_score,0.911143874427,0.906666810212,1
pb01_case_9614888d9b93f8fbf06b2a2d,development,haos_ablated_score,0.909078002449,0.887464934712,1
pb01_case_f6dd70cc0e7277d7980b6ccd,development,haos_ablated_score,0.918904606811,0.921252752067,1
pb01_case_90e27961675ba819958ee493,development,haos_ablated_score,0.904413797074,0.893022118643,1
pb01_case_46419e6ba20d22c1041ee1a5,development,haos_ablated_score,0.985743180538,0.986274309543,1
pb01_case_9637bf11442caa8c62e2bbbc,development,haos_ablated_score,0.981469448631,0.975762475773,1
pb01_case_75b06029ce1b966fcef1a4ce,development,haos_ablated_score,0.991864606764,0.999978762616,1
pb01_case_e5d34eb3f750bd3517bf4a39,development,haos_ablated_score,0.989114648491,0.999951824568,1
pb01_case_51c04236a15b8aa5d9182e83,development,haos_ablated_score,0.922291781620,0.924953745477,1
pb01_case_0caec40e4420f42cc33682a5,development,haos_ablated_score,0.917406404307,0.923374705938,1
pb01_case_9bb16172dddd12909a14a62a,development,haos_ablated_score,0.951314437895,0.953253100150,1
pb01_case_01042bd59bc0b8a4a05de535,development,haos_ablated_score,0.909462925635,0.903442623866,1
pb01_case_31c9772fb720f521b3c3491b,development,haos_ablated_score,0.986212551272,0.986636128573,1
pb01_case_b2d1274bc2573e9496251392,development,haos_ablated_score,0.988833013365,0.978399919765,1
pb01_case_7ee3f3940f3c3d4624cdced1,development,haos_ablated_score,0.990578480268,0.999145900393,1
pb01_case_c6f105b35e60f38d80db9b58,development,haos_ablated_score,0.982864405122,0.998981492763,1
pb01_case_96ee5c2456621cc084856d89,development,haos_ablated_score,0.921141837586,0.925148085118,1
pb01_case_6a50ce73968d7e327dff108b,development,haos_ablated_score,0.917163546195,0.917813091221,1
pb01_case_cfce696bb7eda0dae542d31b,development,haos_ablated_score,0.931712820197,0.944115392719,1
pb01_case_5e67607cceb78cc57d9d36c9,development,haos_ablated_score,0.909872611989,0.914724894248,1
pb01_case_d18a11badf4d1f0e18d41672,development,haos_ablated_score,0.989738921696,0.988524929805,1
pb01_case_ca8d83a2977d2c9454e79ea5,development,haos_ablated_score,0.988239471316,0.979708276850,1
pb01_case_c3c1b05de69e6e4844d86407,development,haos_ablated_score,0.992784791522,0.999304550288,1
pb01_case_d76e0ccac05bbd9d07d4a49d,development,haos_ablated_score,0.994617582681,0.998634556122,1
pb01_case_775eaa2d80b73901cd32481c,development,haos_ablated_score,0.924784149248,0.919467966322,1
pb01_case_5a131899ea7e3abc60596ac3,development,haos_ablated_score,0.917638295213,0.929039116232,1
pb01_case_8cf5eeb30641264d2125f0b0,development,haos_ablated_score,0.945442892170,0.941046899182,1
pb01_case_188cece8ebf60370fe90e258,development,haos_ablated_score,0.904750976960,0.910211463153,1
pb01_case_1bbb279173772927651062b3,development,haos_ablated_score,0.989644304470,0.987592124703,1
pb01_case_46d1db72bd825ffbbc3bfc80,development,haos_ablated_score,0.992898734242,0.978635699144,1
pb01_case_7e8be8aafc9de8d0d34fa784,development,haos_ablated_score,0.997280652756,0.998119046453,1
pb01_case_df17d08d16c04ac8c2c7c236,development,haos_ablated_score,0.987351057390,0.997475917805,1
pb01_case_4dff900cd8fe460b122db195,development,haos_ablated_score,0.915962900030,0.908580195609,1
pb01_case_1272c56cf7da4eedde58569b,development,haos_ablated_score,0.915248449070,0.927668289501,1
pb01_case_c06dd4aca3186fb77577db3d,development,haos_ablated_score,0.942212334400,0.939305109670,1
pb01_case_ead2bad2b2dc19d55034a8bd,development,haos_ablated_score,0.922005063398,0.909390014795,1
pb01_case_9193672de8799c1159efcb43,development,haos_ablated_score,0.992127441725,0.986665056286,1
pb01_case_f0d562f5a05b3ed81dc8fc27,development,haos_ablated_score,0.982054535215,0.973418804817,1
pb01_case_5d4678280410071dad96f621,development,haos_ablated_score,0.998695141495,0.998202888085,1
pb01_case_c60b4d42bdf681cd0ba4869b,development,haos_ablated_score,0.994003335246,0.997933133927,1
pb01_case_10f3d7653ccdcb2ee3cbd063,development,haos_ablated_score,0.919938219333,0.921367922670,1
pb01_case_d3a77a6764a1f8617cdab52e,development,haos_ablated_score,0.910286685558,0.921515319911,1
pb01_case_a5e763a85f60f06a972a2670,development,haos_ablated_score,0.936901837670,0.954151676518,1
pb01_case_ff7a6a64c4ed10e92923ed84,development,haos_ablated_score,0.905029068980,0.906228047312,1
pb01_case_9f0d0d2ba2cf3672d0c1864e,development,haos_ablated_score,0.990607581469,0.988207332778,1
pb01_case_0ca605f340477c3bc361f2c0,development,haos_ablated_score,0.983952408555,0.978771986852,1
pb01_case_a8b50d94ad36d18bec2b63d6,development,haos_ablated_score,0.998044670032,0.999145084553,1
pb01_case_6900612a00ac4a012478c034,development,haos_ablated_score,0.987620375850,0.998089762759,1
pb01_case_70f3bb77fce566cf3ef731ae,development,haos_ablated_score,0.917915877957,0.920146814555,1
pb01_case_6acf4402c33d3ef3741536da,development,haos_ablated_score,0.909044157295,0.903768003741,1
pb01_case_1d1c155cff80f6ecdfdbcf79,development,haos_ablated_score,0.933916620139,0.930314800822,1
pb01_case_ef374cf4ed36aa9e0185d1cc,development,haos_ablated_score,0.913623334680,0.905113701645,1
pb01_case_baa86408fda62449d52e0e41,development,haos_ablated_score,0.989957807462,0.988184290205,1
pb01_case_767ee357baa2fb40a1ea953e,development,haos_ablated_score,0.984862051231,0.979431594383,1
pb01_case_7b93c9d5a9310aef8d554106,development,haos_ablated_score,0.993087342733,0.999269082954,1
pb01_case_0a9399b79b28b704c9e5543f,development,haos_ablated_score,0.988675002726,0.998324898376,1
pb01_case_09d31e41be9a1ec3435f03e1,development,haos_calibrated_recovery_score,0.920769931295,0.937491383312,1
pb01_case_89110a7c8dc12d37b16ce47e,development,haos_calibrated_recovery_score,0.911090456491,0.915213989970,1
pb01_case_f665332944becf2893d8a90d,development,haos_calibrated_recovery_score,0.932791426122,0.930278213670,1
pb01_case_b3df37a65e6dc39ce9df99a2,development,haos_calibrated_recovery_score,0.916732182708,0.925476690871,1
pb01_case_2283c97d16cc0d5227102d08,development,haos_calibrated_recovery_score,0.982720554964,0.987872911233,1
pb01_case_0bf29478fa7f531bdfd85096,development,haos_calibrated_recovery_score,0.980750344159,0.981136514273,1
pb01_case_e945c633a70ad5719723bc0b,development,haos_calibrated_recovery_score,0.997641380883,0.999993150934,1
pb01_case_e476d48906a232e5462a3f1b,development,haos_calibrated_recovery_score,0.991986312270,0.999988203766,1
pb01_case_bc886d2cafb6a877f9761014,development,haos_calibrated_recovery_score,0.914842181594,0.914836203621,1
pb01_case_7bf0c406ea7136f954df5a6b,development,haos_calibrated_recovery_score,0.894727444923,0.880122456416,1
pb01_case_0815d32b04ca7dd1385684c9,development,haos_calibrated_recovery_score,0.941967034553,0.944247645365,1
pb01_case_cb171cf75eeae0ae40c3d039,development,haos_calibrated_recovery_score,0.870464426023,0.872220176502,1
pb01_case_b6fb786660fa5bfb4fa0c005,development,haos_calibrated_recovery_score,0.983541355851,0.991703280332,1
pb01_case_0f005c402429b159e7de5d77,development,haos_calibrated_recovery_score,0.983081643682,0.985386765244,1
pb01_case_b5b3ac9aca471438747a7e91,development,haos_calibrated_recovery_score,0.980909916352,0.999958263032,1
pb01_case_d0e148cc12e6b8b5cbd811bd,development,haos_calibrated_recovery_score,0.973549861939,0.999892192325,1
pb01_case_b8e89bb9a927b4cbf07b5d31,development,haos_calibrated_recovery_score,0.899726285405,0.903499207042,1
pb01_case_fdf7fc12df5ae5362350883f,development,haos_calibrated_recovery_score,0.953372173839,0.962766349128,1
pb01_case_585c3ea7d36cf7136ef863c4,development,haos_calibrated_recovery_score,0.924833570519,0.918465767097,1
pb01_case_b6faad3161d13acf69745b42,development,haos_calibrated_recovery_score,0.899173924328,0.925249936456,1
pb01_case_49044f279026a0929515d61d,development,haos_calibrated_recovery_score,0.987781479427,0.986492152081,1
pb01_case_a07c7d422d217c0d23dd4875,development,haos_calibrated_recovery_score,0.983227120104,0.975116263124,1
pb01_case_a51934faaac8e981a6be3a0c,development,haos_calibrated_recovery_score,0.985064228233,0.999979110507,1
pb01_case_9e39e668b82667032bcc81c0,development,haos_calibrated_recovery_score,0.993429081080,0.999950129425,1
pb01_case_e7e530a572065c28a0fdd3b7,development,haos_calibrated_recovery_score,0.932589453075,0.947440809044,1
pb01_case_17ffdbc3103f288861fc871e,development,haos_calibrated_recovery_score,0.906472425911,0.902566915842,1
pb01_case_fcd639cfe1821ca94c5edeaf,development,haos_calibrated_recovery_score,0.924569452203,0.934912269580,1
pb01_case_831ce7a0a2babcf3a14169ba,development,haos_calibrated_recovery_score,0.916330396657,0.899303236478,1
pb01_case_27ec89aa1229683942400abe,development,haos_calibrated_recovery_score,0.990301275994,0.988331380837,1
pb01_case_16a88c2f1f3e08d005f97965,development,haos_calibrated_recovery_score,0.985320427746,0.975605288706,1
pb01_case_c195fb23bad3230281cac5b1,development,haos_calibrated_recovery_score,0.991361684609,0.999939055056,1
pb01_case_f48d17d5088222defbf15350,development,haos_calibrated_recovery_score,0.990422587972,0.999967457982,1
pb01_case_430c50aba2dbd11ff6a500d5,development,haos_calibrated_recovery_score,0.890788288984,0.892543607132,1
pb01_case_ddf4fed87b5d9d3cacb62d04,development,haos_calibrated_recovery_score,0.911298217569,0.911086920345,1
pb01_case_9d90edbe7d455cb92d596645,development,haos_calibrated_recovery_score,0.941116635692,0.945009681184,1
pb01_case_87a5493ba4c97eda924a8023,development,haos_calibrated_recovery_score,0.887667148887,0.878651246444,1
pb01_case_bd206ddd32569a370655afc4,development,haos_calibrated_recovery_score,0.992914137718,0.993765676583,1
pb01_case_79f06310d8a13b5f94d21c70,development,haos_calibrated_recovery_score,0.991803996968,0.983024566838,1
pb01_case_67c23bd292be280cfa354510,development,haos_calibrated_recovery_score,0.988189389017,0.999907964377,1
pb01_case_be3729c730b19479f4f03ce7,development,haos_calibrated_recovery_score,0.987528418746,0.999884338842,1
pb01_case_646d73036ed40a5d4fe7fa31,development,haos_calibrated_recovery_score,0.903642947315,0.906666810212,1
pb01_case_9614888d9b93f8fbf06b2a2d,development,haos_calibrated_recovery_score,0.896316578306,0.887464934712,1
pb01_case_f6dd70cc0e7277d7980b6ccd,development,haos_calibrated_recovery_score,0.916128411167,0.921252752067,1
pb01_case_90e27961675ba819958ee493,development,haos_calibrated_recovery_score,0.897015189351,0.893022118643,1
pb01_case_46419e6ba20d22c1041ee1a5,development,haos_calibrated_recovery_score,0.983624163775,0.986274309543,1
pb01_case_9637bf11442caa8c62e2bbbc,development,haos_calibrated_recovery_score,0.982958051067,0.975762475773,1
pb01_case_75b06029ce1b966fcef1a4ce,development,haos_calibrated_recovery_score,0.993561355893,0.999978762616,1
pb01_case_e5d34eb3f750bd3517bf4a39,development,haos_calibrated_recovery_score,0.995766931949,0.999951824568,1
pb01_case_51c04236a15b8aa5d9182e83,development,haos_calibrated_recovery_score,0.919178412415,0.924953745477,1
pb01_case_0caec40e4420f42cc33682a5,development,haos_calibrated_recovery_score,0.922807447291,0.923374705938,1
pb01_case_9bb16172dddd12909a14a62a,development,haos_calibrated_recovery_score,0.951895594193,0.953253100150,1
pb01_case_01042bd59bc0b8a4a05de535,development,haos_calibrated_recovery_score,0.906789115229,0.903442623866,1
pb01_case_31c9772fb720f521b3c3491b,development,haos_calibrated_recovery_score,0.983312558344,0.986636128573,1
pb01_case_b2d1274bc2573e9496251392,development,haos_calibrated_recovery_score,0.984200354214,0.978399919765,1
pb01_case_7ee3f3940f3c3d4624cdced1,development,haos_calibrated_recovery_score,0.994128443705,0.999145900393,1
pb01_case_c6f105b35e60f38d80db9b58,development,haos_calibrated_recovery_score,1.000000000000,0.998981492763,1
pb01_case_96ee5c2456621cc084856d89,development,haos_calibrated_recovery_score,0.928993478134,0.925148085118,1
pb01_case_6a50ce73968d7e327dff108b,development,haos_calibrated_recovery_score,0.926386572140,0.917813091221,1
pb01_case_cfce696bb7eda0dae542d31b,development,haos_calibrated_recovery_score,0.941098618997,0.944115392719,1
pb01_case_5e67607cceb78cc57d9d36c9,development,haos_calibrated_recovery_score,0.911346479799,0.914724894248,1
pb01_case_d18a11badf4d1f0e18d41672,development,haos_calibrated_recovery_score,0.993686082060,0.988524929805,1
pb01_case_ca8d83a2977d2c9454e79ea5,development,haos_calibrated_recovery_score,0.990498471726,0.979708276850,1
pb01_case_c3c1b05de69e6e4844d86407,development,haos_calibrated_recovery_score,0.988164364947,0.999304550288,1
pb01_case_d76e0ccac05bbd9d07d4a49d,development,haos_calibrated_recovery_score,0.986244658450,0.998634556122,1
pb01_case_775eaa2d80b73901cd32481c,development,haos_calibrated_recovery_score,0.922115001396,0.919467966322,1
pb01_case_5a131899ea7e3abc60596ac3,development,haos_calibrated_recovery_score,0.927665578187,0.929039116232,1
pb01_case_8cf5eeb30641264d2125f0b0,development,haos_calibrated_recovery_score,0.947733632337,0.941046899182,1
pb01_case_188cece8ebf60370fe90e258,development,haos_calibrated_recovery_score,0.917495489711,0.910211463153,1
pb01_case_1bbb279173772927651062b3,development,haos_calibrated_recovery_score,0.993859692797,0.987592124703,1
pb01_case_46d1db72bd825ffbbc3bfc80,development,haos_calibrated_recovery_score,0.992547667731,0.978635699144,1
pb01_case_7e8be8aafc9de8d0d34fa784,development,haos_calibrated_recovery_score,0.994576930800,0.998119046453,1
pb01_case_df17d08d16c04ac8c2c7c236,development,haos_calibrated_recovery_score,0.993494043095,0.997475917805,1
pb01_case_4dff900cd8fe460b122db195,development,haos_calibrated_recovery_score,0.912561423150,0.908580195609,1
pb01_case_1272c56cf7da4eedde58569b,development,haos_calibrated_recovery_score,0.928668201919,0.927668289501,1
pb01_case_c06dd4aca3186fb77577db3d,development,haos_calibrated_recovery_score,0.944584363372,0.939305109670,1
pb01_case_ead2bad2b2dc19d55034a8bd,development,haos_calibrated_recovery_score,0.926699090251,0.909390014795,1
pb01_case_9193672de8799c1159efcb43,development,haos_calibrated_recovery_score,0.997038613050,0.986665056286,1
pb01_case_f0d562f5a05b3ed81dc8fc27,development,haos_calibrated_recovery_score,0.982596111253,0.973418804817,1
pb01_case_5d4678280410071dad96f621,development,haos_calibrated_recovery_score,0.997012816146,0.998202888085,1
pb01_case_c60b4d42bdf681cd0ba4869b,development,haos_calibrated_recovery_score,0.984464197089,0.997933133927,1
pb01_case_10f3d7653ccdcb2ee3cbd063,development,haos_calibrated_recovery_score,0.916973072783,0.921367922670,1
pb01_case_d3a77a6764a1f8617cdab52e,development,haos_calibrated_recovery_score,0.920652780643,0.921515319911,1
pb01_case_a5e763a85f60f06a972a2670,development,haos_calibrated_recovery_score,0.956888230627,0.954151676518,1
pb01_case_ff7a6a64c4ed10e92923ed84,development,haos_calibrated_recovery_score,0.901546433258,0.906228047312,1
pb01_case_9f0d0d2ba2cf3672d0c1864e,development,haos_calibrated_recovery_score,0.996572799894,0.988207332778,1
pb01_case_0ca605f340477c3bc361f2c0,development,haos_calibrated_recovery_score,0.989089579494,0.978771986852,1
pb01_case_a8b50d94ad36d18bec2b63d6,development,haos_calibrated_recovery_score,0.993629117736,0.999145084553,1
pb01_case_6900612a00ac4a012478c034,development,haos_calibrated_recovery_score,0.989949537580,0.998089762759,1
pb01_case_70f3bb77fce566cf3ef731ae,development,haos_calibrated_recovery_score,0.918737094304,0.920146814555,1
pb01_case_6acf4402c33d3ef3741536da,development,haos_calibrated_recovery_score,0.904666536803,0.903768003741,1
pb01_case_1d1c155cff80f6ecdfdbcf79,development,haos_calibrated_recovery_score,0.933842504398,0.930314800822,1
pb01_case_ef374cf4ed36aa9e0185d1cc,development,haos_calibrated_recovery_score,0.907900356038,0.905113701645,1
pb01_case_baa86408fda62449d52e0e41,development,haos_calibrated_recovery_score,0.993993230520,0.988184290205,1
pb01_case_767ee357baa2fb40a1ea953e,development,haos_calibrated_recovery_score,0.991152349710,0.979431594383,1
pb01_case_7b93c9d5a9310aef8d554106,development,haos_calibrated_recovery_score,0.989973604865,0.999269082954,1
pb01_case_0a9399b79b28b704c9e5543f,development,haos_calibrated_recovery_score,0.996968684221,0.998324898376,1
pb01_case_09d31e41be9a1ec3435f03e1,development,mean_predictor,0.953735639236,0.937491383312,1
pb01_case_89110a7c8dc12d37b16ce47e,development,mean_predictor,0.953735639236,0.915213989970,1
pb01_case_f665332944becf2893d8a90d,development,mean_predictor,0.953735639236,0.930278213670,1
pb01_case_b3df37a65e6dc39ce9df99a2,development,mean_predictor,0.953735639236,0.925476690871,1
pb01_case_2283c97d16cc0d5227102d08,development,mean_predictor,0.953735639236,0.987872911233,1
pb01_case_0bf29478fa7f531bdfd85096,development,mean_predictor,0.953735639236,0.981136514273,1
pb01_case_e945c633a70ad5719723bc0b,development,mean_predictor,0.953735639236,0.999993150934,1
pb01_case_e476d48906a232e5462a3f1b,development,mean_predictor,0.953735639236,0.999988203766,1
pb01_case_bc886d2cafb6a877f9761014,development,mean_predictor,0.953735639236,0.914836203621,1
pb01_case_7bf0c406ea7136f954df5a6b,development,mean_predictor,0.953735639236,0.880122456416,1
pb01_case_0815d32b04ca7dd1385684c9,development,mean_predictor,0.953735639236,0.944247645365,1
pb01_case_cb171cf75eeae0ae40c3d039,development,mean_predictor,0.953735639236,0.872220176502,1
pb01_case_b6fb786660fa5bfb4fa0c005,development,mean_predictor,0.953735639236,0.991703280332,1
pb01_case_0f005c402429b159e7de5d77,development,mean_predictor,0.953735639236,0.985386765244,1
pb01_case_b5b3ac9aca471438747a7e91,development,mean_predictor,0.953735639236,0.999958263032,1
pb01_case_d0e148cc12e6b8b5cbd811bd,development,mean_predictor,0.953735639236,0.999892192325,1
pb01_case_b8e89bb9a927b4cbf07b5d31,development,mean_predictor,0.953735639236,0.903499207042,1
pb01_case_fdf7fc12df5ae5362350883f,development,mean_predictor,0.953735639236,0.962766349128,1
pb01_case_585c3ea7d36cf7136ef863c4,development,mean_predictor,0.953735639236,0.918465767097,1
pb01_case_b6faad3161d13acf69745b42,development,mean_predictor,0.953735639236,0.925249936456,1
pb01_case_49044f279026a0929515d61d,development,mean_predictor,0.953735639236,0.986492152081,1
pb01_case_a07c7d422d217c0d23dd4875,development,mean_predictor,0.953735639236,0.975116263124,1
pb01_case_a51934faaac8e981a6be3a0c,development,mean_predictor,0.953735639236,0.999979110507,1
pb01_case_9e39e668b82667032bcc81c0,development,mean_predictor,0.953735639236,0.999950129425,1
pb01_case_e7e530a572065c28a0fdd3b7,development,mean_predictor,0.953735639236,0.947440809044,1
pb01_case_17ffdbc3103f288861fc871e,development,mean_predictor,0.953735639236,0.902566915842,1
pb01_case_fcd639cfe1821ca94c5edeaf,development,mean_predictor,0.953735639236,0.934912269580,1
pb01_case_831ce7a0a2babcf3a14169ba,development,mean_predictor,0.953735639236,0.899303236478,1
pb01_case_27ec89aa1229683942400abe,development,mean_predictor,0.953735639236,0.988331380837,1
pb01_case_16a88c2f1f3e08d005f97965,development,mean_predictor,0.953735639236,0.975605288706,1
pb01_case_c195fb23bad3230281cac5b1,development,mean_predictor,0.953735639236,0.999939055056,1
pb01_case_f48d17d5088222defbf15350,development,mean_predictor,0.953735639236,0.999967457982,1
pb01_case_430c50aba2dbd11ff6a500d5,development,mean_predictor,0.953735639236,0.892543607132,1
pb01_case_ddf4fed87b5d9d3cacb62d04,development,mean_predictor,0.953735639236,0.911086920345,1
pb01_case_9d90edbe7d455cb92d596645,development,mean_predictor,0.953735639236,0.945009681184,1
pb01_case_87a5493ba4c97eda924a8023,development,mean_predictor,0.953735639236,0.878651246444,1
pb01_case_bd206ddd32569a370655afc4,development,mean_predictor,0.953735639236,0.993765676583,1
pb01_case_79f06310d8a13b5f94d21c70,development,mean_predictor,0.953735639236,0.983024566838,1
pb01_case_67c23bd292be280cfa354510,development,mean_predictor,0.953735639236,0.999907964377,1
pb01_case_be3729c730b19479f4f03ce7,development,mean_predictor,0.953735639236,0.999884338842,1
pb01_case_646d73036ed40a5d4fe7fa31,development,mean_predictor,0.953735639236,0.906666810212,1
pb01_case_9614888d9b93f8fbf06b2a2d,development,mean_predictor,0.953735639236,0.887464934712,1
pb01_case_f6dd70cc0e7277d7980b6ccd,development,mean_predictor,0.953735639236,0.921252752067,1
pb01_case_90e27961675ba819958ee493,development,mean_predictor,0.953735639236,0.893022118643,1
pb01_case_46419e6ba20d22c1041ee1a5,development,mean_predictor,0.953735639236,0.986274309543,1
pb01_case_9637bf11442caa8c62e2bbbc,development,mean_predictor,0.953735639236,0.975762475773,1
pb01_case_75b06029ce1b966fcef1a4ce,development,mean_predictor,0.953735639236,0.999978762616,1
pb01_case_e5d34eb3f750bd3517bf4a39,development,mean_predictor,0.953735639236,0.999951824568,1
pb01_case_51c04236a15b8aa5d9182e83,development,mean_predictor,0.953735639236,0.924953745477,1
pb01_case_0caec40e4420f42cc33682a5,development,mean_predictor,0.953735639236,0.923374705938,1
pb01_case_9bb16172dddd12909a14a62a,development,mean_predictor,0.953735639236,0.953253100150,1
pb01_case_01042bd59bc0b8a4a05de535,development,mean_predictor,0.953735639236,0.903442623866,1
pb01_case_31c9772fb720f521b3c3491b,development,mean_predictor,0.953735639236,0.986636128573,1
pb01_case_b2d1274bc2573e9496251392,development,mean_predictor,0.953735639236,0.978399919765,1
pb01_case_7ee3f3940f3c3d4624cdced1,development,mean_predictor,0.953735639236,0.999145900393,1
pb01_case_c6f105b35e60f38d80db9b58,development,mean_predictor,0.953735639236,0.998981492763,1
pb01_case_96ee5c2456621cc084856d89,development,mean_predictor,0.953735639236,0.925148085118,1
pb01_case_6a50ce73968d7e327dff108b,development,mean_predictor,0.953735639236,0.917813091221,1
pb01_case_cfce696bb7eda0dae542d31b,development,mean_predictor,0.953735639236,0.944115392719,1
pb01_case_5e67607cceb78cc57d9d36c9,development,mean_predictor,0.953735639236,0.914724894248,1
pb01_case_d18a11badf4d1f0e18d41672,development,mean_predictor,0.953735639236,0.988524929805,1
pb01_case_ca8d83a2977d2c9454e79ea5,development,mean_predictor,0.953735639236,0.979708276850,1
pb01_case_c3c1b05de69e6e4844d86407,development,mean_predictor,0.953735639236,0.999304550288,1
pb01_case_d76e0ccac05bbd9d07d4a49d,development,mean_predictor,0.953735639236,0.998634556122,1
pb01_case_775eaa2d80b73901cd32481c,development,mean_predictor,0.953735639236,0.919467966322,1
pb01_case_5a131899ea7e3abc60596ac3,development,mean_predictor,0.953735639236,0.929039116232,1
pb01_case_8cf5eeb30641264d2125f0b0,development,mean_predictor,0.953735639236,0.941046899182,1
pb01_case_188cece8ebf60370fe90e258,development,mean_predictor,0.953735639236,0.910211463153,1
pb01_case_1bbb279173772927651062b3,development,mean_predictor,0.953735639236,0.987592124703,1
pb01_case_46d1db72bd825ffbbc3bfc80,development,mean_predictor,0.953735639236,0.978635699144,1
pb01_case_7e8be8aafc9de8d0d34fa784,development,mean_predictor,0.953735639236,0.998119046453,1
pb01_case_df17d08d16c04ac8c2c7c236,development,mean_predictor,0.953735639236,0.997475917805,1
pb01_case_4dff900cd8fe460b122db195,development,mean_predictor,0.953735639236,0.908580195609,1
pb01_case_1272c56cf7da4eedde58569b,development,mean_predictor,0.953735639236,0.927668289501,1
pb01_case_c06dd4aca3186fb77577db3d,development,mean_predictor,0.953735639236,0.939305109670,1
pb01_case_ead2bad2b2dc19d55034a8bd,development,mean_predictor,0.953735639236,0.909390014795,1
pb01_case_9193672de8799c1159efcb43,development,mean_predictor,0.953735639236,0.986665056286,1
pb01_case_f0d562f5a05b3ed81dc8fc27,development,mean_predictor,0.953735639236,0.973418804817,1
pb01_case_5d4678280410071dad96f621,development,mean_predictor,0.953735639236,0.998202888085,1
pb01_case_c60b4d42bdf681cd0ba4869b,development,mean_predictor,0.953735639236,0.997933133927,1
pb01_case_10f3d7653ccdcb2ee3cbd063,development,mean_predictor,0.953735639236,0.921367922670,1
pb01_case_d3a77a6764a1f8617cdab52e,development,mean_predictor,0.953735639236,0.921515319911,1
pb01_case_a5e763a85f60f06a972a2670,development,mean_predictor,0.953735639236,0.954151676518,1
pb01_case_ff7a6a64c4ed10e92923ed84,development,mean_predictor,0.953735639236,0.906228047312,1
pb01_case_9f0d0d2ba2cf3672d0c1864e,development,mean_predictor,0.953735639236,0.988207332778,1
pb01_case_0ca605f340477c3bc361f2c0,development,mean_predictor,0.953735639236,0.978771986852,1
pb01_case_a8b50d94ad36d18bec2b63d6,development,mean_predictor,0.953735639236,0.999145084553,1
pb01_case_6900612a00ac4a012478c034,development,mean_predictor,0.953735639236,0.998089762759,1
pb01_case_70f3bb77fce566cf3ef731ae,development,mean_predictor,0.953735639236,0.920146814555,1
pb01_case_6acf4402c33d3ef3741536da,development,mean_predictor,0.953735639236,0.903768003741,1
pb01_case_1d1c155cff80f6ecdfdbcf79,development,mean_predictor,0.953735639236,0.930314800822,1
pb01_case_ef374cf4ed36aa9e0185d1cc,development,mean_predictor,0.953735639236,0.905113701645,1
pb01_case_baa86408fda62449d52e0e41,development,mean_predictor,0.953735639236,0.988184290205,1
pb01_case_767ee357baa2fb40a1ea953e,development,mean_predictor,0.953735639236,0.979431594383,1
pb01_case_7b93c9d5a9310aef8d554106,development,mean_predictor,0.953735639236,0.999269082954,1
pb01_case_0a9399b79b28b704c9e5543f,development,mean_predictor,0.953735639236,0.998324898376,1
pb01_case_09d31e41be9a1ec3435f03e1,development,pagerank_centrality,0.794838934894,0.937491383312,1
pb01_case_89110a7c8dc12d37b16ce47e,development,pagerank_centrality,0.556026004785,0.915213989970,1
pb01_case_f665332944becf2893d8a90d,development,pagerank_centrality,0.495243538010,0.930278213670,1
pb01_case_b3df37a65e6dc39ce9df99a2,development,pagerank_centrality,0.536306848519,0.925476690871,1
pb01_case_2283c97d16cc0d5227102d08,development,pagerank_centrality,0.559614278389,0.987872911233,1
pb01_case_0bf29478fa7f531bdfd85096,development,pagerank_centrality,0.587181601468,0.981136514273,1
pb01_case_e945c633a70ad5719723bc0b,development,pagerank_centrality,0.482027596200,0.999993150934,1
pb01_case_e476d48906a232e5462a3f1b,development,pagerank_centrality,0.316804289513,0.999988203766,1
pb01_case_bc886d2cafb6a877f9761014,development,pagerank_centrality,0.456605493085,0.914836203621,1
pb01_case_7bf0c406ea7136f954df5a6b,development,pagerank_centrality,0.000000000000,0.880122456416,1
pb01_case_0815d32b04ca7dd1385684c9,development,pagerank_centrality,0.384502808157,0.944247645365,1
pb01_case_cb171cf75eeae0ae40c3d039,development,pagerank_centrality,0.443557391536,0.872220176502,1
pb01_case_b6fb786660fa5bfb4fa0c005,development,pagerank_centrality,0.387698739710,0.991703280332,1
pb01_case_0f005c402429b159e7de5d77,development,pagerank_centrality,0.387698739710,0.985386765244,1
pb01_case_b5b3ac9aca471438747a7e91,development,pagerank_centrality,0.366401889975,0.999958263032,1
pb01_case_d0e148cc12e6b8b5cbd811bd,development,pagerank_centrality,0.303231816420,0.999892192325,1
pb01_case_b8e89bb9a927b4cbf07b5d31,development,pagerank_centrality,0.228510926079,0.903499207042,1
pb01_case_fdf7fc12df5ae5362350883f,development,pagerank_centrality,0.989527472308,0.962766349128,1
pb01_case_585c3ea7d36cf7136ef863c4,development,pagerank_centrality,0.309089152529,0.918465767097,1
pb01_case_b6faad3161d13acf69745b42,development,pagerank_centrality,0.363789367001,0.925249936456,1
pb01_case_49044f279026a0929515d61d,development,pagerank_centrality,0.414103510212,0.986492152081,1
pb01_case_a07c7d422d217c0d23dd4875,development,pagerank_centrality,0.203255700800,0.975116263124,1
pb01_case_a51934faaac8e981a6be3a0c,development,pagerank_centrality,0.149113785840,0.999979110507,1
pb01_case_9e39e668b82667032bcc81c0,development,pagerank_centrality,0.429008718368,0.999950129425,1
pb01_case_e7e530a572065c28a0fdd3b7,development,pagerank_centrality,0.876611646823,0.947440809044,1
pb01_case_17ffdbc3103f288861fc871e,development,pagerank_centrality,0.366043158660,0.902566915842,1
pb01_case_fcd639cfe1821ca94c5edeaf,development,pagerank_centrality,0.477847287895,0.934912269580,1
pb01_case_831ce7a0a2babcf3a14169ba,development,pagerank_centrality,0.528849395121,0.899303236478,1
pb01_case_27ec89aa1229683942400abe,development,pagerank_centrality,0.368823219173,0.988331380837,1
pb01_case_16a88c2f1f3e08d005f97965,development,pagerank_centrality,0.335404604262,0.975605288706,1
pb01_case_c195fb23bad3230281cac5b1,development,pagerank_centrality,0.262193601381,0.999939055056,1
pb01_case_f48d17d5088222defbf15350,development,pagerank_centrality,0.483195394085,0.999967457982,1
pb01_case_430c50aba2dbd11ff6a500d5,development,pagerank_centrality,0.359550439912,0.892543607132,1
pb01_case_ddf4fed87b5d9d3cacb62d04,development,pagerank_centrality,0.566400526677,0.911086920345,1
pb01_case_9d90edbe7d455cb92d596645,development,pagerank_centrality,0.511631339291,0.945009681184,1
pb01_case_87a5493ba4c97eda924a8023,development,pagerank_centrality,0.490857511872,0.878651246444,1
pb01_case_bd206ddd32569a370655afc4,development,pagerank_centrality,0.647833578273,0.993765676583,1
pb01_case_79f06310d8a13b5f94d21c70,development,pagerank_centrality,0.641977569459,0.983024566838,1
pb01_case_67c23bd292be280cfa354510,development,pagerank_centrality,0.451063026501,0.999907964377,1
pb01_case_be3729c730b19479f4f03ce7,development,pagerank_centrality,0.591863784944,0.999884338842,1
pb01_case_646d73036ed40a5d4fe7fa31,development,pagerank_centrality,0.445714177662,0.906666810212,1
pb01_case_9614888d9b93f8fbf06b2a2d,development,pagerank_centrality,0.241721380592,0.887464934712,1
pb01_case_f6dd70cc0e7277d7980b6ccd,development,pagerank_centrality,0.461141557928,0.921252752067,1
pb01_case_90e27961675ba819958ee493,development,pagerank_centrality,0.512057930718,0.893022118643,1
pb01_case_46419e6ba20d22c1041ee1a5,development,pagerank_centrality,0.361756346620,0.986274309543,1
pb01_case_9637bf11442caa8c62e2bbbc,development,pagerank_centrality,0.552170478367,0.975762475773,1
pb01_case_75b06029ce1b966fcef1a4ce,development,pagerank_centrality,0.499390760081,0.999978762616,1
pb01_case_e5d34eb3f750bd3517bf4a39,development,pagerank_centrality,0.615101931713,0.999951824568,1
pb01_case_51c04236a15b8aa5d9182e83,development,pagerank_centrality,0.333478852765,0.924953745477,1
pb01_case_0caec40e4420f42cc33682a5,development,pagerank_centrality,0.325521242563,0.923374705938,1
pb01_case_9bb16172dddd12909a14a62a,development,pagerank_centrality,0.231440578686,0.953253100150,1
pb01_case_01042bd59bc0b8a4a05de535,development,pagerank_centrality,0.239739204520,0.903442623866,1
pb01_case_31c9772fb720f521b3c3491b,development,pagerank_centrality,0.234815221327,0.986636128573,1
pb01_case_b2d1274bc2573e9496251392,development,pagerank_centrality,0.218161119312,0.978399919765,1
pb01_case_7ee3f3940f3c3d4624cdced1,development,pagerank_centrality,0.131878744510,0.999145900393,1
pb01_case_c6f105b35e60f38d80db9b58,development,pagerank_centrality,0.192355632420,0.998981492763,1
pb01_case_96ee5c2456621cc084856d89,development,pagerank_centrality,0.383741985093,0.925148085118,1
pb01_case_6a50ce73968d7e327dff108b,development,pagerank_centrality,0.274766031510,0.917813091221,1
pb01_case_cfce696bb7eda0dae542d31b,development,pagerank_centrality,0.276361827907,0.944115392719,1
pb01_case_5e67607cceb78cc57d9d36c9,development,pagerank_centrality,0.283160672719,0.914724894248,1
pb01_case_d18a11badf4d1f0e18d41672,development,pagerank_centrality,0.292179176530,0.988524929805,1
pb01_case_ca8d83a2977d2c9454e79ea5,development,pagerank_centrality,0.292179176530,0.979708276850,1
pb01_case_c3c1b05de69e6e4844d86407,development,pagerank_centrality,0.231109701140,0.999304550288,1
pb01_case_d76e0ccac05bbd9d07d4a49d,development,pagerank_centrality,0.342869611256,0.998634556122,1
pb01_case_775eaa2d80b73901cd32481c,development,pagerank_centrality,0.255736963554,0.919467966322,1
pb01_case_5a131899ea7e3abc60596ac3,development,pagerank_centrality,0.378110703193,0.929039116232,1
pb01_case_8cf5eeb30641264d2125f0b0,development,pagerank_centrality,0.246183372002,0.941046899182,1
pb01_case_188cece8ebf60370fe90e258,development,pagerank_centrality,0.232353801379,0.910211463153,1
pb01_case_1bbb279173772927651062b3,development,pagerank_centrality,0.190837131779,0.987592124703,1
pb01_case_46d1db72bd825ffbbc3bfc80,development,pagerank_centrality,0.187907617326,0.978635699144,1
pb01_case_7e8be8aafc9de8d0d34fa784,development,pagerank_centrality,0.229036561101,0.998119046453,1
pb01_case_df17d08d16c04ac8c2c7c236,development,pagerank_centrality,0.181042260768,0.997475917805,1
pb01_case_4dff900cd8fe460b122db195,development,pagerank_centrality,0.168430950227,0.908580195609,1
pb01_case_1272c56cf7da4eedde58569b,development,pagerank_centrality,0.439261365565,0.927668289501,1
pb01_case_c06dd4aca3186fb77577db3d,development,pagerank_centrality,0.288508149273,0.939305109670,1
pb01_case_ead2bad2b2dc19d55034a8bd,development,pagerank_centrality,0.291978078399,0.909390014795,1
pb01_case_9193672de8799c1159efcb43,development,pagerank_centrality,0.320435189833,0.986665056286,1
pb01_case_f0d562f5a05b3ed81dc8fc27,development,pagerank_centrality,0.260505654683,0.973418804817,1
pb01_case_5d4678280410071dad96f621,development,pagerank_centrality,0.290356319835,0.998202888085,1
pb01_case_c60b4d42bdf681cd0ba4869b,development,pagerank_centrality,0.343906857726,0.997933133927,1
pb01_case_10f3d7653ccdcb2ee3cbd063,development,pagerank_centrality,0.334650423317,0.921367922670,1
pb01_case_d3a77a6764a1f8617cdab52e,development,pagerank_centrality,0.311370219404,0.921515319911,1
pb01_case_a5e763a85f60f06a972a2670,development,pagerank_centrality,0.302731596642,0.954151676518,1
pb01_case_ff7a6a64c4ed10e92923ed84,development,pagerank_centrality,0.273585088519,0.906228047312,1
pb01_case_9f0d0d2ba2cf3672d0c1864e,development,pagerank_centrality,0.284263250431,0.988207332778,1
pb01_case_0ca605f340477c3bc361f2c0,development,pagerank_centrality,0.224257798058,0.978771986852,1
pb01_case_a8b50d94ad36d18bec2b63d6,development,pagerank_centrality,0.281156006694,0.999145084553,1
pb01_case_6900612a00ac4a012478c034,development,pagerank_centrality,0.206731088140,0.998089762759,1
pb01_case_70f3bb77fce566cf3ef731ae,development,pagerank_centrality,0.314181085573,0.920146814555,1
pb01_case_6acf4402c33d3ef3741536da,development,pagerank_centrality,0.063002654817,0.903768003741,1
pb01_case_1d1c155cff80f6ecdfdbcf79,development,pagerank_centrality,0.277723438885,0.930314800822,1
pb01_case_ef374cf4ed36aa9e0185d1cc,development,pagerank_centrality,0.250329645536,0.905113701645,1
pb01_case_baa86408fda62449d52e0e41,development,pagerank_centrality,0.205304630335,0.988184290205,1
pb01_case_767ee357baa2fb40a1ea953e,development,pagerank_centrality,0.296376719398,0.979431594383,1
pb01_case_7b93c9d5a9310aef8d554106,development,pagerank_centrality,0.213693743085,0.999269082954,1
pb01_case_0a9399b79b28b704c9e5543f,development,pagerank_centrality,0.288901559335,0.998324898376,1
pb01_case_09d31e41be9a1ec3435f03e1,development,random_predictor,0.856270835056,0.937491383312,1
pb01_case_89110a7c8dc12d37b16ce47e,development,random_predictor,0.681548264637,0.915213989970,1
pb01_case_f665332944becf2893d8a90d,development,random_predictor,0.827813186097,0.930278213670,1
pb01_case_b3df37a65e6dc39ce9df99a2,development,random_predictor,0.981255963102,0.925476690871,1
pb01_case_2283c97d16cc0d5227102d08,development,random_predictor,0.406478514210,0.987872911233,1
pb01_case_0bf29478fa7f531bdfd85096,development,random_predictor,0.857764046955,0.981136514273,1
pb01_case_e945c633a70ad5719723bc0b,development,random_predictor,0.805384025152,0.999993150934,1
pb01_case_e476d48906a232e5462a3f1b,development,random_predictor,0.295150147166,0.999988203766,1
pb01_case_bc886d2cafb6a877f9761014,development,random_predictor,0.534317667172,0.914836203621,1
pb01_case_7bf0c406ea7136f954df5a6b,development,random_predictor,0.869480845963,0.880122456416,1
pb01_case_0815d32b04ca7dd1385684c9,development,random_predictor,0.690914998347,0.944247645365,1
pb01_case_cb171cf75eeae0ae40c3d039,development,random_predictor,0.488138294230,0.872220176502,1
pb01_case_b6fb786660fa5bfb4fa0c005,development,random_predictor,0.803178272857,0.991703280332,1
pb01_case_0f005c402429b159e7de5d77,development,random_predictor,0.133063201566,0.985386765244,1
pb01_case_b5b3ac9aca471438747a7e91,development,random_predictor,0.730686132699,0.999958263032,1
pb01_case_d0e148cc12e6b8b5cbd811bd,development,random_predictor,0.926090677189,0.999892192325,1
pb01_case_b8e89bb9a927b4cbf07b5d31,development,random_predictor,0.400736572083,0.903499207042,1
pb01_case_fdf7fc12df5ae5362350883f,development,random_predictor,0.246872825153,0.962766349128,1
pb01_case_585c3ea7d36cf7136ef863c4,development,random_predictor,0.259993621928,0.918465767097,1
pb01_case_b6faad3161d13acf69745b42,development,random_predictor,0.523521151941,0.925249936456,1
pb01_case_49044f279026a0929515d61d,development,random_predictor,0.123062335680,0.986492152081,1
pb01_case_a07c7d422d217c0d23dd4875,development,random_predictor,0.868787400740,0.975116263124,1
pb01_case_a51934faaac8e981a6be3a0c,development,random_predictor,0.340216951394,0.999979110507,1
pb01_case_9e39e668b82667032bcc81c0,development,random_predictor,0.853881046993,0.999950129425,1
pb01_case_e7e530a572065c28a0fdd3b7,development,random_predictor,0.134638479007,0.947440809044,1
pb01_case_17ffdbc3103f288861fc871e,development,random_predictor,0.255461017707,0.902566915842,1
pb01_case_fcd639cfe1821ca94c5edeaf,development,random_predictor,0.073618276632,0.934912269580,1
pb01_case_831ce7a0a2babcf3a14169ba,development,random_predictor,0.936252384603,0.899303236478,1
pb01_case_27ec89aa1229683942400abe,development,random_predictor,0.723647256019,0.988331380837,1
pb01_case_16a88c2f1f3e08d005f97965,development,random_predictor,0.925540267232,0.975605288706,1
pb01_case_c195fb23bad3230281cac5b1,development,random_predictor,0.994036575037,0.999939055056,1
pb01_case_f48d17d5088222defbf15350,development,random_predictor,0.509249801262,0.999967457982,1
pb01_case_430c50aba2dbd11ff6a500d5,development,random_predictor,0.326960137011,0.892543607132,1
pb01_case_ddf4fed87b5d9d3cacb62d04,development,random_predictor,0.267472866532,0.911086920345,1
pb01_case_9d90edbe7d455cb92d596645,development,random_predictor,0.665272220688,0.945009681184,1
pb01_case_87a5493ba4c97eda924a8023,development,random_predictor,0.022363459747,0.878651246444,1
pb01_case_bd206ddd32569a370655afc4,development,random_predictor,0.926002839015,0.993765676583,1
pb01_case_79f06310d8a13b5f94d21c70,development,random_predictor,0.779282368577,0.983024566838,1
pb01_case_67c23bd292be280cfa354510,development,random_predictor,0.952100933796,0.999907964377,1
pb01_case_be3729c730b19479f4f03ce7,development,random_predictor,0.785032702276,0.999884338842,1
pb01_case_646d73036ed40a5d4fe7fa31,development,random_predictor,0.595493981294,0.906666810212,1
pb01_case_9614888d9b93f8fbf06b2a2d,development,random_predictor,0.587358784280,0.887464934712,1
pb01_case_f6dd70cc0e7277d7980b6ccd,development,random_predictor,0.972250611779,0.921252752067,1
pb01_case_90e27961675ba819958ee493,development,random_predictor,0.189699689960,0.893022118643,1
pb01_case_46419e6ba20d22c1041ee1a5,development,random_predictor,0.599657443021,0.986274309543,1
pb01_case_9637bf11442caa8c62e2bbbc,development,random_predictor,0.825810198056,0.975762475773,1
pb01_case_75b06029ce1b966fcef1a4ce,development,random_predictor,0.298122568435,0.999978762616,1
pb01_case_e5d34eb3f750bd3517bf4a39,development,random_predictor,0.131403182189,0.999951824568,1
pb01_case_51c04236a15b8aa5d9182e83,development,random_predictor,0.251502588899,0.924953745477,1
pb01_case_0caec40e4420f42cc33682a5,development,random_predictor,0.483735008101,0.923374705938,1
pb01_case_9bb16172dddd12909a14a62a,development,random_predictor,0.590830632804,0.953253100150,1
pb01_case_01042bd59bc0b8a4a05de535,development,random_predictor,0.865350255024,0.903442623866,1
pb01_case_31c9772fb720f521b3c3491b,development,random_predictor,0.953161263179,0.986636128573,1
pb01_case_b2d1274bc2573e9496251392,development,random_predictor,0.742644030767,0.978399919765,1
pb01_case_7ee3f3940f3c3d4624cdced1,development,random_predictor,0.259683963270,0.999145900393,1
pb01_case_c6f105b35e60f38d80db9b58,development,random_predictor,0.457631570418,0.998981492763,1
pb01_case_96ee5c2456621cc084856d89,development,random_predictor,0.725327795318,0.925148085118,1
pb01_case_6a50ce73968d7e327dff108b,development,random_predictor,0.080305129575,0.917813091221,1
pb01_case_cfce696bb7eda0dae542d31b,development,random_predictor,0.453761346112,0.944115392719,1
pb01_case_5e67607cceb78cc57d9d36c9,development,random_predictor,0.549856778430,0.914724894248,1
pb01_case_d18a11badf4d1f0e18d41672,development,random_predictor,0.241320908098,0.988524929805,1
pb01_case_ca8d83a2977d2c9454e79ea5,development,random_predictor,0.498472270602,0.979708276850,1
pb01_case_c3c1b05de69e6e4844d86407,development,random_predictor,0.096032765511,0.999304550288,1
pb01_case_d76e0ccac05bbd9d07d4a49d,development,random_predictor,0.031190711045,0.998634556122,1
pb01_case_775eaa2d80b73901cd32481c,development,random_predictor,0.237235706365,0.919467966322,1
pb01_case_5a131899ea7e3abc60596ac3,development,random_predictor,0.284687777320,0.929039116232,1
pb01_case_8cf5eeb30641264d2125f0b0,development,random_predictor,0.856561044528,0.941046899182,1
pb01_case_188cece8ebf60370fe90e258,development,random_predictor,0.856109316164,0.910211463153,1
pb01_case_1bbb279173772927651062b3,development,random_predictor,0.911823780511,0.987592124703,1
pb01_case_46d1db72bd825ffbbc3bfc80,development,random_predictor,0.417330308751,0.978635699144,1
pb01_case_7e8be8aafc9de8d0d34fa784,development,random_predictor,0.379749200798,0.998119046453,1
pb01_case_df17d08d16c04ac8c2c7c236,development,random_predictor,0.126652444251,0.997475917805,1
pb01_case_4dff900cd8fe460b122db195,development,random_predictor,0.830152784158,0.908580195609,1
pb01_case_1272c56cf7da4eedde58569b,development,random_predictor,0.535536274151,0.927668289501,1
pb01_case_c06dd4aca3186fb77577db3d,development,random_predictor,0.376768405704,0.939305109670,1
pb01_case_ead2bad2b2dc19d55034a8bd,development,random_predictor,0.557282630488,0.909390014795,1
pb01_case_9193672de8799c1159efcb43,development,random_predictor,0.673235457164,0.986665056286,1
pb01_case_f0d562f5a05b3ed81dc8fc27,development,random_predictor,0.214277045081,0.973418804817,1
pb01_case_5d4678280410071dad96f621,development,random_predictor,0.630051917514,0.998202888085,1
pb01_case_c60b4d42bdf681cd0ba4869b,development,random_predictor,0.255048382236,0.997933133927,1
pb01_case_10f3d7653ccdcb2ee3cbd063,development,random_predictor,0.638716728135,0.921367922670,1
pb01_case_d3a77a6764a1f8617cdab52e,development,random_predictor,0.725668022478,0.921515319911,1
pb01_case_a5e763a85f60f06a972a2670,development,random_predictor,0.975405534311,0.954151676518,1
pb01_case_ff7a6a64c4ed10e92923ed84,development,random_predictor,0.667191428865,0.906228047312,1
pb01_case_9f0d0d2ba2cf3672d0c1864e,development,random_predictor,0.171144113176,0.988207332778,1
pb01_case_0ca605f340477c3bc361f2c0,development,random_predictor,0.496580663840,0.978771986852,1
pb01_case_a8b50d94ad36d18bec2b63d6,development,random_predictor,0.992132295581,0.999145084553,1
pb01_case_6900612a00ac4a012478c034,development,random_predictor,0.721389819925,0.998089762759,1
pb01_case_70f3bb77fce566cf3ef731ae,development,random_predictor,0.173267790731,0.920146814555,1
pb01_case_6acf4402c33d3ef3741536da,development,random_predictor,0.068963047509,0.903768003741,1
pb01_case_1d1c155cff80f6ecdfdbcf79,development,random_predictor,0.176634012993,0.930314800822,1
pb01_case_ef374cf4ed36aa9e0185d1cc,development,random_predictor,0.027878661600,0.905113701645,1
pb01_case_baa86408fda62449d52e0e41,development,random_predictor,0.587877681429,0.988184290205,1
pb01_case_767ee357baa2fb40a1ea953e,development,random_predictor,0.274795086904,0.979431594383,1
pb01_case_7b93c9d5a9310aef8d554106,development,random_predictor,0.397275131164,0.999269082954,1
pb01_case_0a9399b79b28b704c9e5543f,development,random_predictor,0.839568711208,0.998324898376,1
pb01_case_09d31e41be9a1ec3435f03e1,development,shortest_path_to_perturbation,0.166666666667,0.937491383312,1
pb01_case_89110a7c8dc12d37b16ce47e,development,shortest_path_to_perturbation,0.166666666667,0.915213989970,1
pb01_case_f665332944becf2893d8a90d,development,shortest_path_to_perturbation,0.262820512821,0.930278213670,1
pb01_case_b3df37a65e6dc39ce9df99a2,development,shortest_path_to_perturbation,0.264705882353,0.925476690871,1
pb01_case_2283c97d16cc0d5227102d08,development,shortest_path_to_perturbation,0.191176470588,0.987872911233,1
pb01_case_0bf29478fa7f531bdfd85096,development,shortest_path_to_perturbation,0.191176470588,0.981136514273,1
pb01_case_e945c633a70ad5719723bc0b,development,shortest_path_to_perturbation,0.375000000000,0.999993150934,1
pb01_case_e476d48906a232e5462a3f1b,development,shortest_path_to_perturbation,0.375000000000,0.999988203766,1
pb01_case_bc886d2cafb6a877f9761014,development,shortest_path_to_perturbation,0.166666666667,0.914836203621,1
pb01_case_7bf0c406ea7136f954df5a6b,development,shortest_path_to_perturbation,1.000000000000,0.880122456416,1
pb01_case_0815d32b04ca7dd1385684c9,development,shortest_path_to_perturbation,0.250000000000,0.944247645365,1
pb01_case_cb171cf75eeae0ae40c3d039,development,shortest_path_to_perturbation,0.239130434783,0.872220176502,1
pb01_case_b6fb786660fa5bfb4fa0c005,development,shortest_path_to_perturbation,0.270833333333,0.991703280332,1
pb01_case_0f005c402429b159e7de5d77,development,shortest_path_to_perturbation,0.270833333333,0.985386765244,1
pb01_case_b5b3ac9aca471438747a7e91,development,shortest_path_to_perturbation,0.305555555556,0.999958263032,1
pb01_case_d0e148cc12e6b8b5cbd811bd,development,shortest_path_to_perturbation,0.250000000000,0.999892192325,1
pb01_case_b8e89bb9a927b4cbf07b5d31,development,shortest_path_to_perturbation,0.166666666667,0.903499207042,1
pb01_case_fdf7fc12df5ae5362350883f,development,shortest_path_to_perturbation,0.166666666667,0.962766349128,1
pb01_case_585c3ea7d36cf7136ef863c4,development,shortest_path_to_perturbation,0.198717948718,0.918465767097,1
pb01_case_b6faad3161d13acf69745b42,development,shortest_path_to_perturbation,0.221698113208,0.925249936456,1
pb01_case_49044f279026a0929515d61d,development,shortest_path_to_perturbation,0.187500000000,0.986492152081,1
pb01_case_a07c7d422d217c0d23dd4875,development,shortest_path_to_perturbation,0.326923076923,0.975116263124,1
pb01_case_a51934faaac8e981a6be3a0c,development,shortest_path_to_perturbation,0.166666666667,0.999979110507,1
pb01_case_9e39e668b82667032bcc81c0,development,shortest_path_to_perturbation,0.250000000000,0.999950129425,1
pb01_case_e7e530a572065c28a0fdd3b7,development,shortest_path_to_perturbation,0.375000000000,0.947440809044,1
pb01_case_17ffdbc3103f288861fc871e,development,shortest_path_to_perturbation,0.375000000000,0.902566915842,1
pb01_case_fcd639cfe1821ca94c5edeaf,development,shortest_path_to_perturbation,0.204545454545,0.934912269580,1
pb01_case_831ce7a0a2babcf3a14169ba,development,shortest_path_to_perturbation,0.221698113208,0.899303236478,1
pb01_case_27ec89aa1229683942400abe,development,shortest_path_to_perturbation,0.326923076923,0.988331380837,1
pb01_case_16a88c2f1f3e08d005f97965,development,shortest_path_to_perturbation,0.326923076923,0.975605288706,1
pb01_case_c195fb23bad3230281cac5b1,development,shortest_path_to_perturbation,0.375000000000,0.999939055056,1
pb01_case_f48d17d5088222defbf15350,development,shortest_path_to_perturbation,0.305555555556,0.999967457982,1
pb01_case_430c50aba2dbd11ff6a500d5,development,shortest_path_to_perturbation,0.375000000000,0.892543607132,1
pb01_case_ddf4fed87b5d9d3cacb62d04,development,shortest_path_to_perturbation,0.166666666667,0.911086920345,1
pb01_case_9d90edbe7d455cb92d596645,development,shortest_path_to_perturbation,0.198717948718,0.945009681184,1
pb01_case_87a5493ba4c97eda924a8023,development,shortest_path_to_perturbation,0.194444444444,0.878651246444,1
pb01_case_bd206ddd32569a370655afc4,development,shortest_path_to_perturbation,0.500000000000,0.993765676583,1
pb01_case_79f06310d8a13b5f94d21c70,development,shortest_path_to_perturbation,0.250000000000,0.983024566838,1
pb01_case_67c23bd292be280cfa354510,development,shortest_path_to_perturbation,0.166666666667,0.999907964377,1
pb01_case_be3729c730b19479f4f03ce7,development,shortest_path_to_perturbation,0.166666666667,0.999884338842,1
pb01_case_646d73036ed40a5d4fe7fa31,development,shortest_path_to_perturbation,0.375000000000,0.906666810212,1
pb01_case_9614888d9b93f8fbf06b2a2d,development,shortest_path_to_perturbation,0.375000000000,0.887464934712,1
pb01_case_f6dd70cc0e7277d7980b6ccd,development,shortest_path_to_perturbation,0.196428571429,0.921252752067,1
pb01_case_90e27961675ba819958ee493,development,shortest_path_to_perturbation,0.174528301887,0.893022118643,1
pb01_case_46419e6ba20d22c1041ee1a5,development,shortest_path_to_perturbation,0.264705882353,0.986274309543,1
pb01_case_9637bf11442caa8c62e2bbbc,development,shortest_path_to_perturbation,0.166666666667,0.975762475773,1
pb01_case_75b06029ce1b966fcef1a4ce,development,shortest_path_to_perturbation,0.107142857143,0.999978762616,1
pb01_case_e5d34eb3f750bd3517bf4a39,development,shortest_path_to_perturbation,0.083333333333,0.999951824568,1
pb01_case_51c04236a15b8aa5d9182e83,development,shortest_path_to_perturbation,0.062500000000,0.924953745477,1
pb01_case_0caec40e4420f42cc33682a5,development,shortest_path_to_perturbation,0.166666666667,0.923374705938,1
pb01_case_9bb16172dddd12909a14a62a,development,shortest_path_to_perturbation,0.215686274510,0.953253100150,1
pb01_case_01042bd59bc0b8a4a05de535,development,shortest_path_to_perturbation,0.215686274510,0.903442623866,1
pb01_case_31c9772fb720f521b3c3491b,development,shortest_path_to_perturbation,0.125000000000,0.986636128573,1
pb01_case_b2d1274bc2573e9496251392,development,shortest_path_to_perturbation,0.375000000000,0.978399919765,1
pb01_case_7ee3f3940f3c3d4624cdced1,development,shortest_path_to_perturbation,0.250000000000,0.999145900393,1
pb01_case_c6f105b35e60f38d80db9b58,development,shortest_path_to_perturbation,0.305555555556,0.998981492763,1
pb01_case_96ee5c2456621cc084856d89,development,shortest_path_to_perturbation,0.062500000000,0.925148085118,1
pb01_case_6a50ce73968d7e327dff108b,development,shortest_path_to_perturbation,0.062500000000,0.917813091221,1
pb01_case_cfce696bb7eda0dae542d31b,development,shortest_path_to_perturbation,0.202127659574,0.944115392719,1
pb01_case_5e67607cceb78cc57d9d36c9,development,shortest_path_to_perturbation,0.179687500000,0.914724894248,1
pb01_case_d18a11badf4d1f0e18d41672,development,shortest_path_to_perturbation,0.187500000000,0.988524929805,1
pb01_case_ca8d83a2977d2c9454e79ea5,development,shortest_path_to_perturbation,0.187500000000,0.979708276850,1
pb01_case_c3c1b05de69e6e4844d86407,development,shortest_path_to_perturbation,0.204545454545,0.999304550288,1
pb01_case_d76e0ccac05bbd9d07d4a49d,development,shortest_path_to_perturbation,0.107142857143,0.998634556122,1
pb01_case_775eaa2d80b73901cd32481c,development,shortest_path_to_perturbation,0.375000000000,0.919467966322,1
pb01_case_5a131899ea7e3abc60596ac3,development,shortest_path_to_perturbation,0.375000000000,0.929039116232,1
pb01_case_8cf5eeb30641264d2125f0b0,development,shortest_path_to_perturbation,0.181818181818,0.941046899182,1
pb01_case_188cece8ebf60370fe90e258,development,shortest_path_to_perturbation,0.193548387097,0.910211463153,1
pb01_case_1bbb279173772927651062b3,development,shortest_path_to_perturbation,0.094827586207,0.987592124703,1
pb01_case_46d1db72bd825ffbbc3bfc80,development,shortest_path_to_perturbation,0.086538461538,0.978635699144,1
pb01_case_7e8be8aafc9de8d0d34fa784,development,shortest_path_to_perturbation,0.204545454545,0.998119046453,1
pb01_case_df17d08d16c04ac8c2c7c236,development,shortest_path_to_perturbation,0.464285714286,0.997475917805,1
pb01_case_4dff900cd8fe460b122db195,development,shortest_path_to_perturbation,0.166666666667,0.908580195609,1
pb01_case_1272c56cf7da4eedde58569b,development,shortest_path_to_perturbation,0.375000000000,0.927668289501,1
pb01_case_c06dd4aca3186fb77577db3d,development,shortest_path_to_perturbation,0.244186046512,0.939305109670,1
pb01_case_ead2bad2b2dc19d55034a8bd,development,shortest_path_to_perturbation,0.225000000000,0.909390014795,1
pb01_case_9193672de8799c1159efcb43,development,shortest_path_to_perturbation,0.134615384615,0.986665056286,1
pb01_case_f0d562f5a05b3ed81dc8fc27,development,shortest_path_to_perturbation,0.239130434783,0.973418804817,1
pb01_case_5d4678280410071dad96f621,development,shortest_path_to_perturbation,0.107142857143,0.998202888085,1
pb01_case_c60b4d42bdf681cd0ba4869b,development,shortest_path_to_perturbation,0.134615384615,0.997933133927,1
pb01_case_10f3d7653ccdcb2ee3cbd063,development,shortest_path_to_perturbation,0.375000000000,0.921367922670,1
pb01_case_d3a77a6764a1f8617cdab52e,development,shortest_path_to_perturbation,0.375000000000,0.921515319911,1
pb01_case_a5e763a85f60f06a972a2670,development,shortest_path_to_perturbation,0.239130434783,0.954151676518,1
pb01_case_ff7a6a64c4ed10e92923ed84,development,shortest_path_to_perturbation,0.236111111111,0.906228047312,1
pb01_case_9f0d0d2ba2cf3672d0c1864e,development,shortest_path_to_perturbation,0.210526315789,0.988207332778,1
pb01_case_0ca605f340477c3bc361f2c0,development,shortest_path_to_perturbation,0.250000000000,0.978771986852,1
pb01_case_a8b50d94ad36d18bec2b63d6,development,shortest_path_to_perturbation,0.134615384615,0.999145084553,1
pb01_case_6900612a00ac4a012478c034,development,shortest_path_to_perturbation,0.464285714286,0.998089762759,1
pb01_case_70f3bb77fce566cf3ef731ae,development,shortest_path_to_perturbation,0.375000000000,0.920146814555,1
pb01_case_6acf4402c33d3ef3741536da,development,shortest_path_to_perturbation,0.375000000000,0.903768003741,1
pb01_case_1d1c155cff80f6ecdfdbcf79,development,shortest_path_to_perturbation,0.215116279070,0.930314800822,1
pb01_case_ef374cf4ed36aa9e0185d1cc,development,shortest_path_to_perturbation,0.210526315789,0.905113701645,1
pb01_case_baa86408fda62449d52e0e41,development,shortest_path_to_perturbation,0.333333333333,0.988184290205,1
pb01_case_767ee357baa2fb40a1ea953e,development,shortest_path_to_perturbation,0.226190476190,0.979431594383,1
pb01_case_7b93c9d5a9310aef8d554106,development,shortest_path_to_perturbation,0.375000000000,0.999269082954,1
pb01_case_0a9399b79b28b704c9e5543f,development,shortest_path_to_perturbation,0.204545454545,0.998324898376,1
pb01_case_09d31e41be9a1ec3435f03e1,development,supervised_graph_spectral_model,0.931150337160,0.937491383312,1
pb01_case_89110a7c8dc12d37b16ce47e,development,supervised_graph_spectral_model,0.911915993548,0.915213989970,1
pb01_case_f665332944becf2893d8a90d,development,supervised_graph_spectral_model,0.945605648559,0.930278213670,1
pb01_case_b3df37a65e6dc39ce9df99a2,development,supervised_graph_spectral_model,0.939939930156,0.925476690871,1
pb01_case_2283c97d16cc0d5227102d08,development,supervised_graph_spectral_model,0.984698696624,0.987872911233,1
pb01_case_0bf29478fa7f531bdfd85096,development,supervised_graph_spectral_model,0.982803168330,0.981136514273,1
pb01_case_e945c633a70ad5719723bc0b,development,supervised_graph_spectral_model,1.000000000000,0.999993150934,1
pb01_case_e476d48906a232e5462a3f1b,development,supervised_graph_spectral_model,0.983023259853,0.999988203766,1
pb01_case_bc886d2cafb6a877f9761014,development,supervised_graph_spectral_model,0.908380046800,0.914836203621,1
pb01_case_7bf0c406ea7136f954df5a6b,development,supervised_graph_spectral_model,0.885734570329,0.880122456416,1
pb01_case_0815d32b04ca7dd1385684c9,development,supervised_graph_spectral_model,0.950601281076,0.944247645365,1
pb01_case_cb171cf75eeae0ae40c3d039,development,supervised_graph_spectral_model,0.880391361267,0.872220176502,1
pb01_case_b6fb786660fa5bfb4fa0c005,development,supervised_graph_spectral_model,0.985345289019,0.991703280332,1
pb01_case_0f005c402429b159e7de5d77,development,supervised_graph_spectral_model,0.984995089373,0.985386765244,1
pb01_case_b5b3ac9aca471438747a7e91,development,supervised_graph_spectral_model,0.974464475698,0.999958263032,1
pb01_case_d0e148cc12e6b8b5cbd811bd,development,supervised_graph_spectral_model,0.947425901466,0.999892192325,1
pb01_case_b8e89bb9a927b4cbf07b5d31,development,supervised_graph_spectral_model,0.900270339573,0.903499207042,1
pb01_case_fdf7fc12df5ae5362350883f,development,supervised_graph_spectral_model,0.964315079354,0.962766349128,1
pb01_case_585c3ea7d36cf7136ef863c4,development,supervised_graph_spectral_model,0.928301693957,0.918465767097,1
pb01_case_b6faad3161d13acf69745b42,development,supervised_graph_spectral_model,0.937311130574,0.925249936456,1
pb01_case_49044f279026a0929515d61d,development,supervised_graph_spectral_model,0.993824335446,0.986492152081,1
pb01_case_a07c7d422d217c0d23dd4875,development,supervised_graph_spectral_model,0.991772529580,0.975116263124,1
pb01_case_a51934faaac8e981a6be3a0c,development,supervised_graph_spectral_model,0.984736514525,0.999979110507,1
pb01_case_9e39e668b82667032bcc81c0,development,supervised_graph_spectral_model,0.975272157337,0.999950129425,1
pb01_case_e7e530a572065c28a0fdd3b7,development,supervised_graph_spectral_model,0.948776855634,0.947440809044,1
pb01_case_17ffdbc3103f288861fc871e,development,supervised_graph_spectral_model,0.899203201604,0.902566915842,1
pb01_case_fcd639cfe1821ca94c5edeaf,development,supervised_graph_spectral_model,0.951523982701,0.934912269580,1
pb01_case_831ce7a0a2babcf3a14169ba,development,supervised_graph_spectral_model,0.939819254904,0.899303236478,1
pb01_case_27ec89aa1229683942400abe,development,supervised_graph_spectral_model,1.000000000000,0.988331380837,1
pb01_case_16a88c2f1f3e08d005f97965,development,supervised_graph_spectral_model,0.995829324344,0.975605288706,1
pb01_case_c195fb23bad3230281cac5b1,development,supervised_graph_spectral_model,0.995374434802,0.999939055056,1
pb01_case_f48d17d5088222defbf15350,development,supervised_graph_spectral_model,0.976537251103,0.999967457982,1
pb01_case_430c50aba2dbd11ff6a500d5,development,supervised_graph_spectral_model,0.892122664579,0.892543607132,1
pb01_case_ddf4fed87b5d9d3cacb62d04,development,supervised_graph_spectral_model,0.907877071811,0.911086920345,1
pb01_case_9d90edbe7d455cb92d596645,development,supervised_graph_spectral_model,0.961697033290,0.945009681184,1
pb01_case_87a5493ba4c97eda924a8023,development,supervised_graph_spectral_model,0.909896325826,0.878651246444,1
pb01_case_bd206ddd32569a370655afc4,development,supervised_graph_spectral_model,0.996205065798,0.993765676583,1
pb01_case_79f06310d8a13b5f94d21c70,development,supervised_graph_spectral_model,0.995113154863,0.983024566838,1
pb01_case_67c23bd292be280cfa354510,development,supervised_graph_spectral_model,0.987753909631,0.999907964377,1
pb01_case_be3729c730b19479f4f03ce7,development,supervised_graph_spectral_model,0.970057687018,0.999884338842,1
pb01_case_646d73036ed40a5d4fe7fa31,development,supervised_graph_spectral_model,0.903851308182,0.906666810212,1
pb01_case_9614888d9b93f8fbf06b2a2d,development,supervised_graph_spectral_model,0.883317587028,0.887464934712,1
pb01_case_f6dd70cc0e7277d7980b6ccd,development,supervised_graph_spectral_model,0.930700549055,0.921252752067,1
pb01_case_90e27961675ba819958ee493,development,supervised_graph_spectral_model,0.911462677218,0.893022118643,1
pb01_case_46419e6ba20d22c1041ee1a5,development,supervised_graph_spectral_model,0.993739373935,0.986274309543,1
pb01_case_9637bf11442caa8c62e2bbbc,development,supervised_graph_spectral_model,0.988797500040,0.975762475773,1
pb01_case_75b06029ce1b966fcef1a4ce,development,supervised_graph_spectral_model,0.986391330128,0.999978762616,1
pb01_case_e5d34eb3f750bd3517bf4a39,development,supervised_graph_spectral_model,0.981288462010,0.999951824568,1
pb01_case_51c04236a15b8aa5d9182e83,development,supervised_graph_spectral_model,0.918162738544,0.924953745477,1
pb01_case_0caec40e4420f42cc33682a5,development,supervised_graph_spectral_model,0.918286724596,0.923374705938,1
pb01_case_9bb16172dddd12909a14a62a,development,supervised_graph_spectral_model,0.961923044591,0.953253100150,1
pb01_case_01042bd59bc0b8a4a05de535,development,supervised_graph_spectral_model,0.921928136247,0.903442623866,1
pb01_case_31c9772fb720f521b3c3491b,development,supervised_graph_spectral_model,0.986778429093,0.986636128573,1
pb01_case_b2d1274bc2573e9496251392,development,supervised_graph_spectral_model,0.988264940021,0.978399919765,1
pb01_case_7ee3f3940f3c3d4624cdced1,development,supervised_graph_spectral_model,0.991691533153,0.999145900393,1
pb01_case_c6f105b35e60f38d80db9b58,development,supervised_graph_spectral_model,0.998708593752,0.998981492763,1
pb01_case_96ee5c2456621cc084856d89,development,supervised_graph_spectral_model,0.921767663048,0.925148085118,1
pb01_case_6a50ce73968d7e327dff108b,development,supervised_graph_spectral_model,0.911662320961,0.917813091221,1
pb01_case_cfce696bb7eda0dae542d31b,development,supervised_graph_spectral_model,0.955729751482,0.944115392719,1
pb01_case_5e67607cceb78cc57d9d36c9,development,supervised_graph_spectral_model,0.926178025993,0.914724894248,1
pb01_case_d18a11badf4d1f0e18d41672,development,supervised_graph_spectral_model,0.997512105147,0.988524929805,1
pb01_case_ca8d83a2977d2c9454e79ea5,development,supervised_graph_spectral_model,0.993909705337,0.979708276850,1
pb01_case_c3c1b05de69e6e4844d86407,development,supervised_graph_spectral_model,0.982226426263,0.999304550288,1
pb01_case_d76e0ccac05bbd9d07d4a49d,development,supervised_graph_spectral_model,0.960429847892,0.998634556122,1
pb01_case_775eaa2d80b73901cd32481c,development,supervised_graph_spectral_model,0.916342057479,0.919467966322,1
pb01_case_5a131899ea7e3abc60596ac3,development,supervised_graph_spectral_model,0.930321472923,0.929039116232,1
pb01_case_8cf5eeb30641264d2125f0b0,development,supervised_graph_spectral_model,0.950003906099,0.941046899182,1
pb01_case_188cece8ebf60370fe90e258,development,supervised_graph_spectral_model,0.931467145551,0.910211463153,1
pb01_case_1bbb279173772927651062b3,development,supervised_graph_spectral_model,0.996161907887,0.987592124703,1
pb01_case_46d1db72bd825ffbbc3bfc80,development,supervised_graph_spectral_model,0.989486814644,0.978635699144,1
pb01_case_7e8be8aafc9de8d0d34fa784,development,supervised_graph_spectral_model,0.979297491344,0.998119046453,1
pb01_case_df17d08d16c04ac8c2c7c236,development,supervised_graph_spectral_model,0.973592001695,0.997475917805,1
pb01_case_4dff900cd8fe460b122db195,development,supervised_graph_spectral_model,0.906186216135,0.908580195609,1
pb01_case_1272c56cf7da4eedde58569b,development,supervised_graph_spectral_model,0.929259810050,0.927668289501,1
pb01_case_c06dd4aca3186fb77577db3d,development,supervised_graph_spectral_model,0.952117146199,0.939305109670,1
pb01_case_ead2bad2b2dc19d55034a8bd,development,supervised_graph_spectral_model,0.941202231789,0.909390014795,1
pb01_case_9193672de8799c1159efcb43,development,supervised_graph_spectral_model,0.998253356567,0.986665056286,1
pb01_case_f0d562f5a05b3ed81dc8fc27,development,supervised_graph_spectral_model,0.991108688458,0.973418804817,1
pb01_case_5d4678280410071dad96f621,development,supervised_graph_spectral_model,0.980141515818,0.998202888085,1
pb01_case_c60b4d42bdf681cd0ba4869b,development,supervised_graph_spectral_model,0.952957602283,0.997933133927,1
pb01_case_10f3d7653ccdcb2ee3cbd063,development,supervised_graph_spectral_model,0.921530758017,0.921367922670,1
pb01_case_d3a77a6764a1f8617cdab52e,development,supervised_graph_spectral_model,0.926028234731,0.921515319911,1
pb01_case_a5e763a85f60f06a972a2670,development,supervised_graph_spectral_model,0.975520720748,0.954151676518,1
pb01_case_ff7a6a64c4ed10e92923ed84,development,supervised_graph_spectral_model,0.910587077962,0.906228047312,1
pb01_case_9f0d0d2ba2cf3672d0c1864e,development,supervised_graph_spectral_model,1.000000000000,0.988207332778,1
pb01_case_0ca605f340477c3bc361f2c0,development,supervised_graph_spectral_model,1.000000000000,0.978771986852,1
pb01_case_a8b50d94ad36d18bec2b63d6,development,supervised_graph_spectral_model,0.979742445172,0.999145084553,1
pb01_case_6900612a00ac4a012478c034,development,supervised_graph_spectral_model,0.971994693042,0.998089762759,1
pb01_case_70f3bb77fce566cf3ef731ae,development,supervised_graph_spectral_model,0.920689777996,0.920146814555,1
pb01_case_6acf4402c33d3ef3741536da,development,supervised_graph_spectral_model,0.910879366676,0.903768003741,1
pb01_case_1d1c155cff80f6ecdfdbcf79,development,supervised_graph_spectral_model,0.943967270599,0.930314800822,1
pb01_case_ef374cf4ed36aa9e0185d1cc,development,supervised_graph_spectral_model,0.920779552713,0.905113701645,1
pb01_case_baa86408fda62449d52e0e41,development,supervised_graph_spectral_model,1.000000000000,0.988184290205,1
pb01_case_767ee357baa2fb40a1ea953e,development,supervised_graph_spectral_model,1.000000000000,0.979431594383,1
pb01_case_7b93c9d5a9310aef8d554106,development,supervised_graph_spectral_model,0.985834416293,0.999269082954,1
pb01_case_0a9399b79b28b704c9e5543f,development,supervised_graph_spectral_model,0.975996201214,0.998324898376,1
pb01_case_09d31e41be9a1ec3435f03e1,development,leakage_positive_control,0.937491383312,0.937491383312,1
pb01_case_89110a7c8dc12d37b16ce47e,development,leakage_positive_control,0.915213989970,0.915213989970,1
pb01_case_f665332944becf2893d8a90d,development,leakage_positive_control,0.930278213670,0.930278213670,1
pb01_case_b3df37a65e6dc39ce9df99a2,development,leakage_positive_control,0.925476690871,0.925476690871,1
pb01_case_2283c97d16cc0d5227102d08,development,leakage_positive_control,0.987872911233,0.987872911233,1
pb01_case_0bf29478fa7f531bdfd85096,development,leakage_positive_control,0.981136514273,0.981136514273,1
pb01_case_e945c633a70ad5719723bc0b,development,leakage_positive_control,0.999993150934,0.999993150934,1
pb01_case_e476d48906a232e5462a3f1b,development,leakage_positive_control,0.999988203766,0.999988203766,1
pb01_case_bc886d2cafb6a877f9761014,development,leakage_positive_control,0.914836203621,0.914836203621,1
pb01_case_7bf0c406ea7136f954df5a6b,development,leakage_positive_control,0.880122456416,0.880122456416,1
pb01_case_0815d32b04ca7dd1385684c9,development,leakage_positive_control,0.944247645365,0.944247645365,1
pb01_case_cb171cf75eeae0ae40c3d039,development,leakage_positive_control,0.872220176502,0.872220176502,1
pb01_case_b6fb786660fa5bfb4fa0c005,development,leakage_positive_control,0.991703280332,0.991703280332,1
pb01_case_0f005c402429b159e7de5d77,development,leakage_positive_control,0.985386765244,0.985386765244,1
pb01_case_b5b3ac9aca471438747a7e91,development,leakage_positive_control,0.999958263032,0.999958263032,1
pb01_case_d0e148cc12e6b8b5cbd811bd,development,leakage_positive_control,0.999892192325,0.999892192325,1
pb01_case_b8e89bb9a927b4cbf07b5d31,development,leakage_positive_control,0.903499207042,0.903499207042,1
pb01_case_fdf7fc12df5ae5362350883f,development,leakage_positive_control,0.962766349128,0.962766349128,1
pb01_case_585c3ea7d36cf7136ef863c4,development,leakage_positive_control,0.918465767097,0.918465767097,1
pb01_case_b6faad3161d13acf69745b42,development,leakage_positive_control,0.925249936456,0.925249936456,1
pb01_case_49044f279026a0929515d61d,development,leakage_positive_control,0.986492152081,0.986492152081,1
pb01_case_a07c7d422d217c0d23dd4875,development,leakage_positive_control,0.975116263124,0.975116263124,1
pb01_case_a51934faaac8e981a6be3a0c,development,leakage_positive_control,0.999979110507,0.999979110507,1
pb01_case_9e39e668b82667032bcc81c0,development,leakage_positive_control,0.999950129425,0.999950129425,1
pb01_case_e7e530a572065c28a0fdd3b7,development,leakage_positive_control,0.947440809044,0.947440809044,1
pb01_case_17ffdbc3103f288861fc871e,development,leakage_positive_control,0.902566915842,0.902566915842,1
pb01_case_fcd639cfe1821ca94c5edeaf,development,leakage_positive_control,0.934912269580,0.934912269580,1
pb01_case_831ce7a0a2babcf3a14169ba,development,leakage_positive_control,0.899303236478,0.899303236478,1
pb01_case_27ec89aa1229683942400abe,development,leakage_positive_control,0.988331380837,0.988331380837,1
pb01_case_16a88c2f1f3e08d005f97965,development,leakage_positive_control,0.975605288706,0.975605288706,1
pb01_case_c195fb23bad3230281cac5b1,development,leakage_positive_control,0.999939055056,0.999939055056,1
pb01_case_f48d17d5088222defbf15350,development,leakage_positive_control,0.999967457982,0.999967457982,1
pb01_case_430c50aba2dbd11ff6a500d5,development,leakage_positive_control,0.892543607132,0.892543607132,1
pb01_case_ddf4fed87b5d9d3cacb62d04,development,leakage_positive_control,0.911086920345,0.911086920345,1
pb01_case_9d90edbe7d455cb92d596645,development,leakage_positive_control,0.945009681184,0.945009681184,1
pb01_case_87a5493ba4c97eda924a8023,development,leakage_positive_control,0.878651246444,0.878651246444,1
pb01_case_bd206ddd32569a370655afc4,development,leakage_positive_control,0.993765676583,0.993765676583,1
pb01_case_79f06310d8a13b5f94d21c70,development,leakage_positive_control,0.983024566838,0.983024566838,1
pb01_case_67c23bd292be280cfa354510,development,leakage_positive_control,0.999907964377,0.999907964377,1
pb01_case_be3729c730b19479f4f03ce7,development,leakage_positive_control,0.999884338842,0.999884338842,1
pb01_case_646d73036ed40a5d4fe7fa31,development,leakage_positive_control,0.906666810212,0.906666810212,1
pb01_case_9614888d9b93f8fbf06b2a2d,development,leakage_positive_control,0.887464934712,0.887464934712,1
pb01_case_f6dd70cc0e7277d7980b6ccd,development,leakage_positive_control,0.921252752067,0.921252752067,1
pb01_case_90e27961675ba819958ee493,development,leakage_positive_control,0.893022118643,0.893022118643,1
pb01_case_46419e6ba20d22c1041ee1a5,development,leakage_positive_control,0.986274309543,0.986274309543,1
pb01_case_9637bf11442caa8c62e2bbbc,development,leakage_positive_control,0.975762475773,0.975762475773,1
pb01_case_75b06029ce1b966fcef1a4ce,development,leakage_positive_control,0.999978762616,0.999978762616,1
pb01_case_e5d34eb3f750bd3517bf4a39,development,leakage_positive_control,0.999951824568,0.999951824568,1
pb01_case_51c04236a15b8aa5d9182e83,development,leakage_positive_control,0.924953745477,0.924953745477,1
pb01_case_0caec40e4420f42cc33682a5,development,leakage_positive_control,0.923374705938,0.923374705938,1
pb01_case_9bb16172dddd12909a14a62a,development,leakage_positive_control,0.953253100150,0.953253100150,1
pb01_case_01042bd59bc0b8a4a05de535,development,leakage_positive_control,0.903442623866,0.903442623866,1
pb01_case_31c9772fb720f521b3c3491b,development,leakage_positive_control,0.986636128573,0.986636128573,1
pb01_case_b2d1274bc2573e9496251392,development,leakage_positive_control,0.978399919765,0.978399919765,1
pb01_case_7ee3f3940f3c3d4624cdced1,development,leakage_positive_control,0.999145900393,0.999145900393,1
pb01_case_c6f105b35e60f38d80db9b58,development,leakage_positive_control,0.998981492763,0.998981492763,1
pb01_case_96ee5c2456621cc084856d89,development,leakage_positive_control,0.925148085118,0.925148085118,1
pb01_case_6a50ce73968d7e327dff108b,development,leakage_positive_control,0.917813091221,0.917813091221,1
pb01_case_cfce696bb7eda0dae542d31b,development,leakage_positive_control,0.944115392719,0.944115392719,1
pb01_case_5e67607cceb78cc57d9d36c9,development,leakage_positive_control,0.914724894248,0.914724894248,1
pb01_case_d18a11badf4d1f0e18d41672,development,leakage_positive_control,0.988524929805,0.988524929805,1
pb01_case_ca8d83a2977d2c9454e79ea5,development,leakage_positive_control,0.979708276850,0.979708276850,1
pb01_case_c3c1b05de69e6e4844d86407,development,leakage_positive_control,0.999304550288,0.999304550288,1
pb01_case_d76e0ccac05bbd9d07d4a49d,development,leakage_positive_control,0.998634556122,0.998634556122,1
pb01_case_775eaa2d80b73901cd32481c,development,leakage_positive_control,0.919467966322,0.919467966322,1
pb01_case_5a131899ea7e3abc60596ac3,development,leakage_positive_control,0.929039116232,0.929039116232,1
pb01_case_8cf5eeb30641264d2125f0b0,development,leakage_positive_control,0.941046899182,0.941046899182,1
pb01_case_188cece8ebf60370fe90e258,development,leakage_positive_control,0.910211463153,0.910211463153,1
pb01_case_1bbb279173772927651062b3,development,leakage_positive_control,0.987592124703,0.987592124703,1
pb01_case_46d1db72bd825ffbbc3bfc80,development,leakage_positive_control,0.978635699144,0.978635699144,1
pb01_case_7e8be8aafc9de8d0d34fa784,development,leakage_positive_control,0.998119046453,0.998119046453,1
pb01_case_df17d08d16c04ac8c2c7c236,development,leakage_positive_control,0.997475917805,0.997475917805,1
pb01_case_4dff900cd8fe460b122db195,development,leakage_positive_control,0.908580195609,0.908580195609,1
pb01_case_1272c56cf7da4eedde58569b,development,leakage_positive_control,0.927668289501,0.927668289501,1
pb01_case_c06dd4aca3186fb77577db3d,development,leakage_positive_control,0.939305109670,0.939305109670,1
pb01_case_ead2bad2b2dc19d55034a8bd,development,leakage_positive_control,0.909390014795,0.909390014795,1
pb01_case_9193672de8799c1159efcb43,development,leakage_positive_control,0.986665056286,0.986665056286,1
pb01_case_f0d562f5a05b3ed81dc8fc27,development,leakage_positive_control,0.973418804817,0.973418804817,1
pb01_case_5d4678280410071dad96f621,development,leakage_positive_control,0.998202888085,0.998202888085,1
pb01_case_c60b4d42bdf681cd0ba4869b,development,leakage_positive_control,0.997933133927,0.997933133927,1
pb01_case_10f3d7653ccdcb2ee3cbd063,development,leakage_positive_control,0.921367922670,0.921367922670,1
pb01_case_d3a77a6764a1f8617cdab52e,development,leakage_positive_control,0.921515319911,0.921515319911,1
pb01_case_a5e763a85f60f06a972a2670,development,leakage_positive_control,0.954151676518,0.954151676518,1
pb01_case_ff7a6a64c4ed10e92923ed84,development,leakage_positive_control,0.906228047312,0.906228047312,1
pb01_case_9f0d0d2ba2cf3672d0c1864e,development,leakage_positive_control,0.988207332778,0.988207332778,1
pb01_case_0ca605f340477c3bc361f2c0,development,leakage_positive_control,0.978771986852,0.978771986852,1
pb01_case_a8b50d94ad36d18bec2b63d6,development,leakage_positive_control,0.999145084553,0.999145084553,1
pb01_case_6900612a00ac4a012478c034,development,leakage_positive_control,0.998089762759,0.998089762759,1
pb01_case_70f3bb77fce566cf3ef731ae,development,leakage_positive_control,0.920146814555,0.920146814555,1
pb01_case_6acf4402c33d3ef3741536da,development,leakage_positive_control,0.903768003741,0.903768003741,1
pb01_case_1d1c155cff80f6ecdfdbcf79,development,leakage_positive_control,0.930314800822,0.930314800822,1
pb01_case_ef374cf4ed36aa9e0185d1cc,development,leakage_positive_control,0.905113701645,0.905113701645,1
pb01_case_baa86408fda62449d52e0e41,development,leakage_positive_control,0.988184290205,0.988184290205,1
pb01_case_767ee357baa2fb40a1ea953e,development,leakage_positive_control,0.979431594383,0.979431594383,1
pb01_case_7b93c9d5a9310aef8d554106,development,leakage_positive_control,0.999269082954,0.999269082954,1
pb01_case_0a9399b79b28b704c9e5543f,development,leakage_positive_control,0.998324898376,0.998324898376,1
pb01_case_999af33a7ff44b9532706860,calibration,algebraic_connectivity,1.000000000000,0.903350803669,1
pb01_case_dc496792acd1b10c5da86c23,calibration,algebraic_connectivity,1.000000000000,0.934212241133,1
pb01_case_21b0022e07506d2041c7a258,calibration,algebraic_connectivity,1.000000000000,0.938324458402,1
pb01_case_1bef087cb0671427b8d35398,calibration,algebraic_connectivity,1.000000000000,0.902079530762,1
pb01_case_092504b5782c92825ddb5b25,calibration,algebraic_connectivity,1.000000000000,0.986690695509,1
pb01_case_5aa96139cbecf49503683756,calibration,algebraic_connectivity,1.000000000000,0.974641973923,1
pb01_case_80e92e6a1cb7151a0110554b,calibration,algebraic_connectivity,1.000000000000,0.999955975510,1
pb01_case_5d857f6ac31f8ec882e492b2,calibration,algebraic_connectivity,1.000000000000,0.999996512418,1
pb01_case_dc0d54c53896cb8a5d36cdf7,calibration,algebraic_connectivity,0.332390438622,0.923298786239,1
pb01_case_a0d626f339a2fb3f25079c32,calibration,algebraic_connectivity,0.332390438622,0.835644622515,1
pb01_case_6888e1a1e1a62d91def5df23,calibration,algebraic_connectivity,0.332390438622,0.936030736527,1
pb01_case_3626379f4c4db020b165908a,calibration,algebraic_connectivity,0.332390438622,0.908401927751,1
pb01_case_cd741308b64469ccf1571ec6,calibration,algebraic_connectivity,0.332390438622,0.991508687310,1
pb01_case_ddc268b63889b6a40f69eee3,calibration,algebraic_connectivity,0.332390438622,0.979749945249,1
pb01_case_b4c88bcc0a2dffc1939bfd3c,calibration,algebraic_connectivity,0.332390438622,0.999964432237,1
pb01_case_1af58135bbb105277d0a2320,calibration,algebraic_connectivity,0.332390438622,0.999901969393,1
pb01_case_2b1b838928b19e3a15587322,calibration,algebraic_connectivity,0.791121171715,0.920337938134,1
pb01_case_0e54fef464c01010e4d6d8e2,calibration,algebraic_connectivity,0.791121171715,0.922483127327,1
pb01_case_941b0cd020ec4d66f9ebee4d,calibration,algebraic_connectivity,0.791121171715,0.920303691533,1
pb01_case_677ddbfe01f98b1df36cf440,calibration,algebraic_connectivity,0.791121171715,0.915539109973,1
pb01_case_b0f987886fc67b2f5869e92f,calibration,algebraic_connectivity,0.791121171715,0.988096184851,1
pb01_case_0c819699553bb4ddadfdb9cb,calibration,algebraic_connectivity,0.791121171715,0.978903230623,1
pb01_case_46c81984c9fa72124ad64371,calibration,algebraic_connectivity,0.791121171715,0.999960101372,1
pb01_case_73dbc4ed0118bb0eb327c469,calibration,algebraic_connectivity,0.791121171715,0.999957709054,1
pb01_case_712744e694545c5f3dba4918,calibration,algebraic_connectivity,0.718777191569,0.931890336062,1
pb01_case_4ff7a1c8b846da34364664ee,calibration,algebraic_connectivity,0.718777191569,0.916707799684,1
pb01_case_6a0169bb5a59e4188d514a55,calibration,algebraic_connectivity,0.718777191569,0.934212932772,1
pb01_case_61c249f22cb56ba8f48ad0b6,calibration,algebraic_connectivity,0.718777191569,0.904706772807,1
pb01_case_af91177d1114b7fb05fc8266,calibration,algebraic_connectivity,0.718777191569,0.985011930225,1
pb01_case_2648f4519f070c13b83752a7,calibration,algebraic_connectivity,0.718777191569,0.978616287816,1
pb01_case_039d2f795938287b11fd2a7b,calibration,algebraic_connectivity,0.718777191569,0.999906402306,1
pb01_case_2d3bb3dc235ac6ab243e7105,calibration,algebraic_connectivity,0.718777191569,0.999792911048,1
pb01_case_c8708df0963038a94800fa5c,calibration,algebraic_connectivity,0.956623535687,0.884736382874,1
pb01_case_6b0e12596a22bb6a4791b267,calibration,algebraic_connectivity,0.956623535687,0.927681469240,1
pb01_case_676c89c6bf4dfbcf6d37dfde,calibration,algebraic_connectivity,0.956623535687,0.933801647469,1
pb01_case_f657d3215e5dbb9292ea2dfa,calibration,algebraic_connectivity,0.956623535687,0.906057112535,1
pb01_case_60fccafe865a0385e907a8c2,calibration,algebraic_connectivity,0.956623535687,0.984614271945,1
pb01_case_b2101ef91025f2fbad286711,calibration,algebraic_connectivity,0.956623535687,0.981468987347,1
pb01_case_45365b1b3e934ae6e74cc53a,calibration,algebraic_connectivity,0.956623535687,0.999982944942,1
pb01_case_8a457ed0eb210d25f47ecbd7,calibration,algebraic_connectivity,0.956623535687,0.999931917227,1
pb01_case_1a292d65108cf967ec1d5dd0,calibration,algebraic_connectivity,0.589701424755,0.937256286327,1
pb01_case_45f23ad8ba7fabe221db4bc5,calibration,algebraic_connectivity,0.589701424755,0.922955708841,1
pb01_case_38bf3db425c749b61ef97fdc,calibration,algebraic_connectivity,0.589701424755,0.922095924010,1
pb01_case_c753ea6b70cbbb838b5613d3,calibration,algebraic_connectivity,0.589701424755,0.898825659936,1
pb01_case_9dfe3941a9feb9c7752074c0,calibration,algebraic_connectivity,0.589701424755,0.986390795459,1
pb01_case_ab10f9e4ababba6fbc0dd953,calibration,algebraic_connectivity,0.589701424755,0.980657066098,1
pb01_case_daca0e53639c211b3213a1e0,calibration,algebraic_connectivity,0.589701424755,0.999882396809,1
pb01_case_9f13d69f42dcffa9f56d9925,calibration,algebraic_connectivity,0.589701424755,0.999853951715,1
pb01_case_70eb38c4bd19e5232244e977,calibration,algebraic_connectivity,0.532186046291,0.920647426504,1
pb01_case_368f0f79ecff9c9c2b7ff62a,calibration,algebraic_connectivity,0.532186046291,0.907513262532,1
pb01_case_15c3f75ffe7724e9eba5e5c0,calibration,algebraic_connectivity,0.532186046291,0.937729245503,1
pb01_case_0aa796d3aebfc3f8678c784f,calibration,algebraic_connectivity,0.532186046291,0.918872831313,1
pb01_case_d318298976a458c5c4fa1a1e,calibration,algebraic_connectivity,0.532186046291,0.987245091891,1
pb01_case_62e3b5892f697fa2d26b60cc,calibration,algebraic_connectivity,0.532186046291,0.980784332402,1
pb01_case_760037be28a90537dea96517,calibration,algebraic_connectivity,0.532186046291,0.999506643548,1
pb01_case_9eef7bcef81d417b3c582290,calibration,algebraic_connectivity,0.532186046291,0.998445022207,1
pb01_case_54889b43e39992657cfb889a,calibration,algebraic_connectivity,0.532436485932,0.906389904393,1
pb01_case_9b553259aaa31a932480887c,calibration,algebraic_connectivity,0.532436485932,0.921536495366,1
pb01_case_886f049876fc4aeff42a2a4b,calibration,algebraic_connectivity,0.532436485932,0.954944550770,1
pb01_case_139b8b339a57df48e14fcc5c,calibration,algebraic_connectivity,0.532436485932,0.921467763488,1
pb01_case_5cca6dfc4dddc625e489a9ad,calibration,algebraic_connectivity,0.532436485932,0.988684992664,1
pb01_case_81e7fc7362b9d387e42ca183,calibration,algebraic_connectivity,0.532436485932,0.975707157576,1
pb01_case_06dc42c9e7c0961d192f6fc3,calibration,algebraic_connectivity,0.532436485932,0.998608597867,1
pb01_case_7ad22bcc114e0d412403dede,calibration,algebraic_connectivity,0.532436485932,0.997250047009,1
pb01_case_745c95f546bb616e0f8f9dcd,calibration,algebraic_connectivity,0.579123486766,0.920857467152,1
pb01_case_c666dc79b2b8dd5f7af2f2a5,calibration,algebraic_connectivity,0.579123486766,0.926546737021,1
pb01_case_8ab92f2cf09de1cdf404d8a5,calibration,algebraic_connectivity,0.579123486766,0.931858434534,1
pb01_case_b68804e4fa96afbf2e2af155,calibration,algebraic_connectivity,0.579123486766,0.895158779208,1
pb01_case_6e2cdd5d82699d50f45bc53c,calibration,algebraic_connectivity,0.579123486766,0.988262421655,1
pb01_case_ccea2874eea03ef807509bfa,calibration,algebraic_connectivity,0.579123486766,0.981594310554,1
pb01_case_af9a6f8dbace6f9307afb06f,calibration,algebraic_connectivity,0.579123486766,0.999161320737,1
pb01_case_4aaf102319dd483f691fef99,calibration,algebraic_connectivity,0.579123486766,0.998224778274,1
pb01_case_c613ab5c57aa92cf7187ba80,calibration,algebraic_connectivity,0.537532038442,0.920556008664,1
pb01_case_ae86fcb1b73e1bf680ffeb99,calibration,algebraic_connectivity,0.537532038442,0.912068049041,1
pb01_case_4855cbf15216178615762848,calibration,algebraic_connectivity,0.537532038442,0.933985739427,1
pb01_case_92023d5d0549d62b0252ee87,calibration,algebraic_connectivity,0.537532038442,0.920019565877,1
pb01_case_fbb377be450a00fb70e5f557,calibration,algebraic_connectivity,0.537532038442,0.987990237410,1
pb01_case_a50f125e540058fd5c920d38,calibration,algebraic_connectivity,0.537532038442,0.977143173426,1
pb01_case_c95127a07733370fef3a53f3,calibration,algebraic_connectivity,0.537532038442,0.999199966782,1
pb01_case_3b29502d8ae28c659ee65bc5,calibration,algebraic_connectivity,0.537532038442,0.997634354348,1
pb01_case_8a1d0fb0298b4b54ef6b5f46,calibration,algebraic_connectivity,0.503335691811,0.918107124842,1
pb01_case_1cec8c224792879ce80a5c18,calibration,algebraic_connectivity,0.503335691811,0.907737112331,1
pb01_case_22cbcf058775b6a909c962e0,calibration,algebraic_connectivity,0.503335691811,0.928515995149,1
pb01_case_7ab307c7ec1b6313819a043b,calibration,algebraic_connectivity,0.503335691811,0.927812876773,1
pb01_case_a410130aeeb4a79ba3726130,calibration,algebraic_connectivity,0.503335691811,0.987404686862,1
pb01_case_aebd9c5f29070e5785d76b7f,calibration,algebraic_connectivity,0.503335691811,0.979635334791,1
pb01_case_14a27a172d596294c67f8ff8,calibration,algebraic_connectivity,0.503335691811,0.999511675683,1
pb01_case_9571b0193f6f088ff3d5b6e8,calibration,algebraic_connectivity,0.503335691811,0.996639515151,1
pb01_case_fb01690701ca052cfb499317,calibration,algebraic_connectivity,0.549025054559,0.911509633696,1
pb01_case_0c37ca0a479945ddd7ac36db,calibration,algebraic_connectivity,0.549025054559,0.901244221564,1
pb01_case_b37920d0db1e9258a8e8b2fe,calibration,algebraic_connectivity,0.549025054559,0.945981356388,1
pb01_case_2c929ada31d03647d671666e,calibration,algebraic_connectivity,0.549025054559,0.918866059226,1
pb01_case_3582c328e7bc89b161bee18c,calibration,algebraic_connectivity,0.549025054559,0.986845795109,1
pb01_case_fcf8cac5d2edf62c315625a5,calibration,algebraic_connectivity,0.549025054559,0.979898038801,1
pb01_case_9a25778762e17f4222440314,calibration,algebraic_connectivity,0.549025054559,0.998924063951,1
pb01_case_8e4bcfa4ac977553a9418012,calibration,algebraic_connectivity,0.549025054559,0.998334515037,1
pb01_case_449c5e4b09082f8cb95216c7,calibration,algebraic_connectivity,0.116843360794,0.899587063031,1
pb01_case_0dd1175c279a75473324e6b3,calibration,algebraic_connectivity,0.116843360794,0.912237139112,1
pb01_case_c0ca55f8828ac5045a930c04,calibration,algebraic_connectivity,0.116843360794,0.938437123012,1
pb01_case_451f2ad3228c649e456f5872,calibration,algebraic_connectivity,0.116843360794,0.916091992675,1
pb01_case_91884575ee854bdfbf7e744c,calibration,algebraic_connectivity,0.116843360794,0.988827274702,1
pb01_case_ff44365dd241b26f486b5d8b,calibration,algebraic_connectivity,0.116843360794,0.981903021517,1
pb01_case_98a30d141c4b6f5467b1d004,calibration,algebraic_connectivity,0.116843360794,0.988308934610,1
pb01_case_3e998f167f2551d3289b999f,calibration,algebraic_connectivity,0.116843360794,0.984643385583,1
pb01_case_fa9120f17f2632ba14d06d0e,calibration,algebraic_connectivity,0.035914594583,0.886068080433,1
pb01_case_a6efa7b82435acafef7b7f8c,calibration,algebraic_connectivity,0.035914594583,0.925181434926,1
pb01_case_3dd1e84e19a9dbbd461cec72,calibration,algebraic_connectivity,0.035914594583,0.935681398215,1
pb01_case_99e6702cd118aab2a8e14e4f,calibration,algebraic_connectivity,0.035914594583,0.894174292327,1
pb01_case_7483b02b7ede13bf7b04411c,calibration,algebraic_connectivity,0.035914594583,0.988721549251,1
pb01_case_7fbbdb143bb325e2db995f1d,calibration,algebraic_connectivity,0.035914594583,0.974332321382,1
pb01_case_bbe71953437568dfc135c6a3,calibration,algebraic_connectivity,0.035914594583,0.985987565592,1
pb01_case_e5bc79f8583958b95064ba05,calibration,algebraic_connectivity,0.035914594583,0.980645635323,1
pb01_case_0a0eddeda0bdcdc0b2bfe8da,calibration,algebraic_connectivity,0.178479538555,0.876832844827,1
pb01_case_65f6ac0782934f2453464ebf,calibration,algebraic_connectivity,0.178479538555,0.907963239362,1
pb01_case_36a18348a08278c2a2e66c98,calibration,algebraic_connectivity,0.178479538555,0.906994094115,1
pb01_case_e2e8c9a3c84575264578cf0f,calibration,algebraic_connectivity,0.178479538555,0.920144126204,1
pb01_case_2ab0fa8e986ed495cf7c0b1d,calibration,algebraic_connectivity,0.178479538555,0.983037896913,1
pb01_case_9e5d8ca7bc1bcb9b5c8b1e67,calibration,algebraic_connectivity,0.178479538555,0.981421293783,1
pb01_case_dcf3e6079e3abc30e4de0383,calibration,algebraic_connectivity,0.178479538555,0.997244759772,1
pb01_case_39f97d2d80694a738334788f,calibration,algebraic_connectivity,0.178479538555,0.994526046409,1
pb01_case_a436321764e9408748ecddaf,calibration,algebraic_connectivity,0.215049550596,0.927729246747,1
pb01_case_9db30ad2d171c901aa0cd3f9,calibration,algebraic_connectivity,0.215049550596,0.911581731917,1
pb01_case_c843cd6913fb34c7fce47d60,calibration,algebraic_connectivity,0.215049550596,0.943915678738,1
pb01_case_5404ae5ed626623e31bf8d82,calibration,algebraic_connectivity,0.215049550596,0.898938208860,1
pb01_case_088d5df0422c462196d0f950,calibration,algebraic_connectivity,0.215049550596,0.989105654121,1
pb01_case_3a4bc6e50988bead2964209a,calibration,algebraic_connectivity,0.215049550596,0.975609328398,1
pb01_case_ca1ac561669cd7c499d56c4d,calibration,algebraic_connectivity,0.215049550596,0.993431419213,1
pb01_case_333ff356d7e3582b36f93f31,calibration,algebraic_connectivity,0.215049550596,0.993710919001,1
pb01_case_e6049b84697e1166d89991fe,calibration,algebraic_connectivity,0.000000000000,0.957857765230,1
pb01_case_9f7e631a2d0a0f5eea085c11,calibration,algebraic_connectivity,0.000000000000,0.935121711714,1
pb01_case_d64984eff70f19e24487da35,calibration,algebraic_connectivity,0.000000000000,0.946613806601,1
pb01_case_36e0673a14ea32a43a75e9dc,calibration,algebraic_connectivity,0.000000000000,0.905459332136,1
pb01_case_deeb9b5f5a45c4368efca1bb,calibration,algebraic_connectivity,0.000000000000,0.987622782278,1
pb01_case_1586f54a82905da670e767bd,calibration,algebraic_connectivity,0.000000000000,0.977889595295,1
pb01_case_a215d555b9dd7380223daa5a,calibration,algebraic_connectivity,0.000000000000,0.989262477002,1
pb01_case_23d039c19b3a60c5477daa02,calibration,algebraic_connectivity,0.000000000000,0.975441158647,1
pb01_case_dfa357b5ca40bc1f6eca26ba,calibration,algebraic_connectivity,0.138214548760,0.918054631357,1
pb01_case_cdc6b06484b3f2673526a463,calibration,algebraic_connectivity,0.138214548760,0.915166364753,1
pb01_case_b6468a0b6037295dbc28315e,calibration,algebraic_connectivity,0.138214548760,0.929483630941,1
pb01_case_46c946becfeee33cb6e348dc,calibration,algebraic_connectivity,0.138214548760,0.900502291866,1
pb01_case_2012b8ea408beb2600f117fc,calibration,algebraic_connectivity,0.138214548760,0.987523271533,1
pb01_case_352e5f9405cbcae1f5b13908,calibration,algebraic_connectivity,0.138214548760,0.984562597430,1
pb01_case_95b4c82d6f5aee162f1bb47c,calibration,algebraic_connectivity,0.138214548760,0.994479762083,1
pb01_case_1b760c2072f5275f0f8d0c49,calibration,algebraic_connectivity,0.138214548760,0.980941169707,1
pb01_case_999af33a7ff44b9532706860,calibration,betweenness_centrality,0.808585037323,0.903350803669,1
pb01_case_dc496792acd1b10c5da86c23,calibration,betweenness_centrality,0.338963710642,0.934212241133,1
pb01_case_21b0022e07506d2041c7a258,calibration,betweenness_centrality,0.478508811447,0.938324458402,1
pb01_case_1bef087cb0671427b8d35398,calibration,betweenness_centrality,0.421140768569,0.902079530762,1
pb01_case_092504b5782c92825ddb5b25,calibration,betweenness_centrality,0.476971255451,0.986690695509,1
pb01_case_5aa96139cbecf49503683756,calibration,betweenness_centrality,0.444744755955,0.974641973923,1
pb01_case_80e92e6a1cb7151a0110554b,calibration,betweenness_centrality,0.248000384916,0.999955975510,1
pb01_case_5d857f6ac31f8ec882e492b2,calibration,betweenness_centrality,0.549730698344,0.999996512418,1
pb01_case_dc0d54c53896cb8a5d36cdf7,calibration,betweenness_centrality,0.839572625548,0.923298786239,1
pb01_case_a0d626f339a2fb3f25079c32,calibration,betweenness_centrality,0.986404095783,0.835644622515,1
pb01_case_6888e1a1e1a62d91def5df23,calibration,betweenness_centrality,0.410620288065,0.936030736527,1
pb01_case_3626379f4c4db020b165908a,calibration,betweenness_centrality,0.393239344018,0.908401927751,1
pb01_case_cd741308b64469ccf1571ec6,calibration,betweenness_centrality,0.363583903717,0.991508687310,1
pb01_case_ddc268b63889b6a40f69eee3,calibration,betweenness_centrality,0.484942499641,0.979749945249,1
pb01_case_b4c88bcc0a2dffc1939bfd3c,calibration,betweenness_centrality,0.355593919031,0.999964432237,1
pb01_case_1af58135bbb105277d0a2320,calibration,betweenness_centrality,0.470828631645,0.999901969393,1
pb01_case_2b1b838928b19e3a15587322,calibration,betweenness_centrality,0.074862654033,0.920337938134,1
pb01_case_0e54fef464c01010e4d6d8e2,calibration,betweenness_centrality,0.200717103058,0.922483127327,1
pb01_case_941b0cd020ec4d66f9ebee4d,calibration,betweenness_centrality,0.222189181327,0.920303691533,1
pb01_case_677ddbfe01f98b1df36cf440,calibration,betweenness_centrality,0.261913580267,0.915539109973,1
pb01_case_b0f987886fc67b2f5869e92f,calibration,betweenness_centrality,0.217715202330,0.988096184851,1
pb01_case_0c819699553bb4ddadfdb9cb,calibration,betweenness_centrality,0.242421302381,0.978903230623,1
pb01_case_46c81984c9fa72124ad64371,calibration,betweenness_centrality,0.236841235974,0.999960101372,1
pb01_case_73dbc4ed0118bb0eb327c469,calibration,betweenness_centrality,0.431221425094,0.999957709054,1
pb01_case_712744e694545c5f3dba4918,calibration,betweenness_centrality,0.123538659884,0.931890336062,1
pb01_case_4ff7a1c8b846da34364664ee,calibration,betweenness_centrality,0.157790804921,0.916707799684,1
pb01_case_6a0169bb5a59e4188d514a55,calibration,betweenness_centrality,0.274655367421,0.934212932772,1
pb01_case_61c249f22cb56ba8f48ad0b6,calibration,betweenness_centrality,0.255044655175,0.904706772807,1
pb01_case_af91177d1114b7fb05fc8266,calibration,betweenness_centrality,0.407287072768,0.985011930225,1
pb01_case_2648f4519f070c13b83752a7,calibration,betweenness_centrality,0.225541844360,0.978616287816,1
pb01_case_039d2f795938287b11fd2a7b,calibration,betweenness_centrality,0.302709999520,0.999906402306,1
pb01_case_2d3bb3dc235ac6ab243e7105,calibration,betweenness_centrality,0.231862922035,0.999792911048,1
pb01_case_c8708df0963038a94800fa5c,calibration,betweenness_centrality,0.645202491457,0.884736382874,1
pb01_case_6b0e12596a22bb6a4791b267,calibration,betweenness_centrality,0.123800758954,0.927681469240,1
pb01_case_676c89c6bf4dfbcf6d37dfde,calibration,betweenness_centrality,0.415851492263,0.933801647469,1
pb01_case_f657d3215e5dbb9292ea2dfa,calibration,betweenness_centrality,0.394544043667,0.906057112535,1
pb01_case_60fccafe865a0385e907a8c2,calibration,betweenness_centrality,0.487865553292,0.984614271945,1
pb01_case_b2101ef91025f2fbad286711,calibration,betweenness_centrality,0.323443327113,0.981468987347,1
pb01_case_45365b1b3e934ae6e74cc53a,calibration,betweenness_centrality,0.445724787355,0.999982944942,1
pb01_case_8a457ed0eb210d25f47ecbd7,calibration,betweenness_centrality,0.478531413874,0.999931917227,1
pb01_case_1a292d65108cf967ec1d5dd0,calibration,betweenness_centrality,0.136827201173,0.937256286327,1
pb01_case_45f23ad8ba7fabe221db4bc5,calibration,betweenness_centrality,0.092986341926,0.922955708841,1
pb01_case_38bf3db425c749b61ef97fdc,calibration,betweenness_centrality,0.231377973893,0.922095924010,1
pb01_case_c753ea6b70cbbb838b5613d3,calibration,betweenness_centrality,0.360809118703,0.898825659936,1
pb01_case_9dfe3941a9feb9c7752074c0,calibration,betweenness_centrality,0.315504649233,0.986390795459,1
pb01_case_ab10f9e4ababba6fbc0dd953,calibration,betweenness_centrality,0.486362732485,0.980657066098,1
pb01_case_daca0e53639c211b3213a1e0,calibration,betweenness_centrality,0.280956262724,0.999882396809,1
pb01_case_9f13d69f42dcffa9f56d9925,calibration,betweenness_centrality,0.428162443296,0.999853951715,1
pb01_case_70eb38c4bd19e5232244e977,calibration,betweenness_centrality,0.040500731385,0.920647426504,1
pb01_case_368f0f79ecff9c9c2b7ff62a,calibration,betweenness_centrality,0.599767728035,0.907513262532,1
pb01_case_15c3f75ffe7724e9eba5e5c0,calibration,betweenness_centrality,0.300608562888,0.937729245503,1
pb01_case_0aa796d3aebfc3f8678c784f,calibration,betweenness_centrality,0.316006496158,0.918872831313,1
pb01_case_d318298976a458c5c4fa1a1e,calibration,betweenness_centrality,0.290549089427,0.987245091891,1
pb01_case_62e3b5892f697fa2d26b60cc,calibration,betweenness_centrality,0.323095847032,0.980784332402,1
pb01_case_760037be28a90537dea96517,calibration,betweenness_centrality,0.624636224052,0.999506643548,1
pb01_case_9eef7bcef81d417b3c582290,calibration,betweenness_centrality,0.416545978233,0.998445022207,1
pb01_case_54889b43e39992657cfb889a,calibration,betweenness_centrality,0.539036009223,0.906389904393,1
pb01_case_9b553259aaa31a932480887c,calibration,betweenness_centrality,0.034345904585,0.921536495366,1
pb01_case_886f049876fc4aeff42a2a4b,calibration,betweenness_centrality,0.323015961948,0.954944550770,1
pb01_case_139b8b339a57df48e14fcc5c,calibration,betweenness_centrality,0.286859810595,0.921467763488,1
pb01_case_5cca6dfc4dddc625e489a9ad,calibration,betweenness_centrality,0.181529389313,0.988684992664,1
pb01_case_81e7fc7362b9d387e42ca183,calibration,betweenness_centrality,0.371724257943,0.975707157576,1
pb01_case_06dc42c9e7c0961d192f6fc3,calibration,betweenness_centrality,0.166958915866,0.998608597867,1
pb01_case_7ad22bcc114e0d412403dede,calibration,betweenness_centrality,0.198877438679,0.997250047009,1
pb01_case_745c95f546bb616e0f8f9dcd,calibration,betweenness_centrality,0.660550081007,0.920857467152,1
pb01_case_c666dc79b2b8dd5f7af2f2a5,calibration,betweenness_centrality,0.455005115743,0.926546737021,1
pb01_case_8ab92f2cf09de1cdf404d8a5,calibration,betweenness_centrality,0.339751370129,0.931858434534,1
pb01_case_b68804e4fa96afbf2e2af155,calibration,betweenness_centrality,0.420212073613,0.895158779208,1
pb01_case_6e2cdd5d82699d50f45bc53c,calibration,betweenness_centrality,0.512048529336,0.988262421655,1
pb01_case_ccea2874eea03ef807509bfa,calibration,betweenness_centrality,0.367078732247,0.981594310554,1
pb01_case_af9a6f8dbace6f9307afb06f,calibration,betweenness_centrality,0.528324516781,0.999161320737,1
pb01_case_4aaf102319dd483f691fef99,calibration,betweenness_centrality,0.610460422172,0.998224778274,1
pb01_case_c613ab5c57aa92cf7187ba80,calibration,betweenness_centrality,0.105005137444,0.920556008664,1
pb01_case_ae86fcb1b73e1bf680ffeb99,calibration,betweenness_centrality,0.695044675000,0.912068049041,1
pb01_case_4855cbf15216178615762848,calibration,betweenness_centrality,0.366817285409,0.933985739427,1
pb01_case_92023d5d0549d62b0252ee87,calibration,betweenness_centrality,0.384818141444,0.920019565877,1
pb01_case_fbb377be450a00fb70e5f557,calibration,betweenness_centrality,0.539979444323,0.987990237410,1
pb01_case_a50f125e540058fd5c920d38,calibration,betweenness_centrality,0.275506822008,0.977143173426,1
pb01_case_c95127a07733370fef3a53f3,calibration,betweenness_centrality,0.496219030109,0.999199966782,1
pb01_case_3b29502d8ae28c659ee65bc5,calibration,betweenness_centrality,0.274521776380,0.997634354348,1
pb01_case_8a1d0fb0298b4b54ef6b5f46,calibration,betweenness_centrality,0.113982957004,0.918107124842,1
pb01_case_1cec8c224792879ce80a5c18,calibration,betweenness_centrality,0.615375970585,0.907737112331,1
pb01_case_22cbcf058775b6a909c962e0,calibration,betweenness_centrality,0.418440908523,0.928515995149,1
pb01_case_7ab307c7ec1b6313819a043b,calibration,betweenness_centrality,0.407006470840,0.927812876773,1
pb01_case_a410130aeeb4a79ba3726130,calibration,betweenness_centrality,0.272376155975,0.987404686862,1
pb01_case_aebd9c5f29070e5785d76b7f,calibration,betweenness_centrality,0.409541594368,0.979635334791,1
pb01_case_14a27a172d596294c67f8ff8,calibration,betweenness_centrality,0.607284067395,0.999511675683,1
pb01_case_9571b0193f6f088ff3d5b6e8,calibration,betweenness_centrality,0.349568012925,0.996639515151,1
pb01_case_fb01690701ca052cfb499317,calibration,betweenness_centrality,0.608680602424,0.911509633696,1
pb01_case_0c37ca0a479945ddd7ac36db,calibration,betweenness_centrality,0.105927917743,0.901244221564,1
pb01_case_b37920d0db1e9258a8e8b2fe,calibration,betweenness_centrality,0.409483873396,0.945981356388,1
pb01_case_2c929ada31d03647d671666e,calibration,betweenness_centrality,0.366402533145,0.918866059226,1
pb01_case_3582c328e7bc89b161bee18c,calibration,betweenness_centrality,0.438739908722,0.986845795109,1
pb01_case_fcf8cac5d2edf62c315625a5,calibration,betweenness_centrality,0.467233306466,0.979898038801,1
pb01_case_9a25778762e17f4222440314,calibration,betweenness_centrality,0.284159943869,0.998924063951,1
pb01_case_8e4bcfa4ac977553a9418012,calibration,betweenness_centrality,0.524921297387,0.998334515037,1
pb01_case_449c5e4b09082f8cb95216c7,calibration,betweenness_centrality,0.141970109885,0.899587063031,1
pb01_case_0dd1175c279a75473324e6b3,calibration,betweenness_centrality,0.834572485979,0.912237139112,1
pb01_case_c0ca55f8828ac5045a930c04,calibration,betweenness_centrality,0.339384410439,0.938437123012,1
pb01_case_451f2ad3228c649e456f5872,calibration,betweenness_centrality,0.274924839888,0.916091992675,1
pb01_case_91884575ee854bdfbf7e744c,calibration,betweenness_centrality,0.306119298191,0.988827274702,1
pb01_case_ff44365dd241b26f486b5d8b,calibration,betweenness_centrality,0.385203136033,0.981903021517,1
pb01_case_98a30d141c4b6f5467b1d004,calibration,betweenness_centrality,0.342010853659,0.988308934610,1
pb01_case_3e998f167f2551d3289b999f,calibration,betweenness_centrality,0.137440890176,0.984643385583,1
pb01_case_fa9120f17f2632ba14d06d0e,calibration,betweenness_centrality,1.000000000000,0.886068080433,1
pb01_case_a6efa7b82435acafef7b7f8c,calibration,betweenness_centrality,0.002572574505,0.925181434926,1
pb01_case_3dd1e84e19a9dbbd461cec72,calibration,betweenness_centrality,0.212301739958,0.935681398215,1
pb01_case_99e6702cd118aab2a8e14e4f,calibration,betweenness_centrality,0.292530337852,0.894174292327,1
pb01_case_7483b02b7ede13bf7b04411c,calibration,betweenness_centrality,0.135182244224,0.988721549251,1
pb01_case_7fbbdb143bb325e2db995f1d,calibration,betweenness_centrality,0.323554322188,0.974332321382,1
pb01_case_bbe71953437568dfc135c6a3,calibration,betweenness_centrality,0.246607022943,0.985987565592,1
pb01_case_e5bc79f8583958b95064ba05,calibration,betweenness_centrality,0.090760691540,0.980645635323,1
pb01_case_0a0eddeda0bdcdc0b2bfe8da,calibration,betweenness_centrality,0.148154038804,0.876832844827,1
pb01_case_65f6ac0782934f2453464ebf,calibration,betweenness_centrality,0.009624086172,0.907963239362,1
pb01_case_36a18348a08278c2a2e66c98,calibration,betweenness_centrality,0.281730006980,0.906994094115,1
pb01_case_e2e8c9a3c84575264578cf0f,calibration,betweenness_centrality,0.273257924557,0.920144126204,1
pb01_case_2ab0fa8e986ed495cf7c0b1d,calibration,betweenness_centrality,0.279673258548,0.983037896913,1
pb01_case_9e5d8ca7bc1bcb9b5c8b1e67,calibration,betweenness_centrality,0.149292593521,0.981421293783,1
pb01_case_dcf3e6079e3abc30e4de0383,calibration,betweenness_centrality,0.538037706766,0.997244759772,1
pb01_case_39f97d2d80694a738334788f,calibration,betweenness_centrality,0.340882598123,0.994526046409,1
pb01_case_a436321764e9408748ecddaf,calibration,betweenness_centrality,0.517682102243,0.927729246747,1
pb01_case_9db30ad2d171c901aa0cd3f9,calibration,betweenness_centrality,0.040621326232,0.911581731917,1
pb01_case_c843cd6913fb34c7fce47d60,calibration,betweenness_centrality,0.305007531581,0.943915678738,1
pb01_case_5404ae5ed626623e31bf8d82,calibration,betweenness_centrality,0.256301537573,0.898938208860,1
pb01_case_088d5df0422c462196d0f950,calibration,betweenness_centrality,0.277828493715,0.989105654121,1
pb01_case_3a4bc6e50988bead2964209a,calibration,betweenness_centrality,0.272214869331,0.975609328398,1
pb01_case_ca1ac561669cd7c499d56c4d,calibration,betweenness_centrality,0.232737953262,0.993431419213,1
pb01_case_333ff356d7e3582b36f93f31,calibration,betweenness_centrality,0.421282569831,0.993710919001,1
pb01_case_e6049b84697e1166d89991fe,calibration,betweenness_centrality,0.525327677149,0.957857765230,1
pb01_case_9f7e631a2d0a0f5eea085c11,calibration,betweenness_centrality,0.307802017232,0.935121711714,1
pb01_case_d64984eff70f19e24487da35,calibration,betweenness_centrality,0.277817817894,0.946613806601,1
pb01_case_36e0673a14ea32a43a75e9dc,calibration,betweenness_centrality,0.134699434107,0.905459332136,1
pb01_case_deeb9b5f5a45c4368efca1bb,calibration,betweenness_centrality,0.172258466454,0.987622782278,1
pb01_case_1586f54a82905da670e767bd,calibration,betweenness_centrality,0.110272179360,0.977889595295,1
pb01_case_a215d555b9dd7380223daa5a,calibration,betweenness_centrality,0.209757565588,0.989262477002,1
pb01_case_23d039c19b3a60c5477daa02,calibration,betweenness_centrality,0.250160283848,0.975441158647,1
pb01_case_dfa357b5ca40bc1f6eca26ba,calibration,betweenness_centrality,0.485261862436,0.918054631357,1
pb01_case_cdc6b06484b3f2673526a463,calibration,betweenness_centrality,0.000000000000,0.915166364753,1
pb01_case_b6468a0b6037295dbc28315e,calibration,betweenness_centrality,0.352213675086,0.929483630941,1
pb01_case_46c946becfeee33cb6e348dc,calibration,betweenness_centrality,0.254941888424,0.900502291866,1
pb01_case_2012b8ea408beb2600f117fc,calibration,betweenness_centrality,0.320091461850,0.987523271533,1
pb01_case_352e5f9405cbcae1f5b13908,calibration,betweenness_centrality,0.339661614421,0.984562597430,1
pb01_case_95b4c82d6f5aee162f1bb47c,calibration,betweenness_centrality,0.391269408190,0.994479762083,1
pb01_case_1b760c2072f5275f0f8d0c49,calibration,betweenness_centrality,0.322955052189,0.980941169707,1
pb01_case_999af33a7ff44b9532706860,calibration,closeness_centrality,1.000000000000,0.903350803669,1
pb01_case_dc496792acd1b10c5da86c23,calibration,closeness_centrality,0.648148148148,0.934212241133,1
pb01_case_21b0022e07506d2041c7a258,calibration,closeness_centrality,0.734992393524,0.938324458402,1
pb01_case_1bef087cb0671427b8d35398,calibration,closeness_centrality,0.700459362358,0.902079530762,1
pb01_case_092504b5782c92825ddb5b25,calibration,closeness_centrality,0.733084980024,0.986690695509,1
pb01_case_5aa96139cbecf49503683756,calibration,closeness_centrality,0.738033415151,0.974641973923,1
pb01_case_80e92e6a1cb7151a0110554b,calibration,closeness_centrality,0.612744421440,0.999955975510,1
pb01_case_5d857f6ac31f8ec882e492b2,calibration,closeness_centrality,0.819106066199,0.999996512418,1
pb01_case_dc0d54c53896cb8a5d36cdf7,calibration,closeness_centrality,0.528368794326,0.923298786239,1
pb01_case_a0d626f339a2fb3f25079c32,calibration,closeness_centrality,1.000000000000,0.835644622515,1
pb01_case_6888e1a1e1a62d91def5df23,calibration,closeness_centrality,0.469254521357,0.936030736527,1
pb01_case_3626379f4c4db020b165908a,calibration,closeness_centrality,0.436697546998,0.908401927751,1
pb01_case_cd741308b64469ccf1571ec6,calibration,closeness_centrality,0.363167990450,0.991508687310,1
pb01_case_ddc268b63889b6a40f69eee3,calibration,closeness_centrality,0.460038034126,0.979749945249,1
pb01_case_b4c88bcc0a2dffc1939bfd3c,calibration,closeness_centrality,0.303955341896,0.999964432237,1
pb01_case_1af58135bbb105277d0a2320,calibration,closeness_centrality,0.620159932660,0.999901969393,1
pb01_case_2b1b838928b19e3a15587322,calibration,closeness_centrality,0.068627450980,0.920337938134,1
pb01_case_0e54fef464c01010e4d6d8e2,calibration,closeness_centrality,0.208333333333,0.922483127327,1
pb01_case_941b0cd020ec4d66f9ebee4d,calibration,closeness_centrality,0.306885109239,0.920303691533,1
pb01_case_677ddbfe01f98b1df36cf440,calibration,closeness_centrality,0.341944117949,0.915539109973,1
pb01_case_b0f987886fc67b2f5869e92f,calibration,closeness_centrality,0.253761307325,0.988096184851,1
pb01_case_0c819699553bb4ddadfdb9cb,calibration,closeness_centrality,0.332264339901,0.978903230623,1
pb01_case_46c81984c9fa72124ad64371,calibration,closeness_centrality,0.269524466943,0.999960101372,1
pb01_case_73dbc4ed0118bb0eb327c469,calibration,closeness_centrality,0.555227272727,0.999957709054,1
pb01_case_712744e694545c5f3dba4918,calibration,closeness_centrality,0.159863945578,0.931890336062,1
pb01_case_4ff7a1c8b846da34364664ee,calibration,closeness_centrality,0.159863945578,0.916707799684,1
pb01_case_6a0169bb5a59e4188d514a55,calibration,closeness_centrality,0.342388400739,0.934212932772,1
pb01_case_61c249f22cb56ba8f48ad0b6,calibration,closeness_centrality,0.302013344685,0.904706772807,1
pb01_case_af91177d1114b7fb05fc8266,calibration,closeness_centrality,0.451684562327,0.985011930225,1
pb01_case_2648f4519f070c13b83752a7,calibration,closeness_centrality,0.227371744408,0.978616287816,1
pb01_case_039d2f795938287b11fd2a7b,calibration,closeness_centrality,0.319858452525,0.999906402306,1
pb01_case_2d3bb3dc235ac6ab243e7105,calibration,closeness_centrality,0.293628020314,0.999792911048,1
pb01_case_c8708df0963038a94800fa5c,calibration,closeness_centrality,0.691056910569,0.884736382874,1
pb01_case_6b0e12596a22bb6a4791b267,calibration,closeness_centrality,0.224489795918,0.927681469240,1
pb01_case_676c89c6bf4dfbcf6d37dfde,calibration,closeness_centrality,0.528820316317,0.933801647469,1
pb01_case_f657d3215e5dbb9292ea2dfa,calibration,closeness_centrality,0.532301408633,0.906057112535,1
pb01_case_60fccafe865a0385e907a8c2,calibration,closeness_centrality,0.614205677173,0.984614271945,1
pb01_case_b2101ef91025f2fbad286711,calibration,closeness_centrality,0.456132453913,0.981468987347,1
pb01_case_45365b1b3e934ae6e74cc53a,calibration,closeness_centrality,0.545611400925,0.999982944942,1
pb01_case_8a457ed0eb210d25f47ecbd7,calibration,closeness_centrality,0.669341882278,0.999931917227,1
pb01_case_1a292d65108cf967ec1d5dd0,calibration,closeness_centrality,0.283018867925,0.937256286327,1
pb01_case_45f23ad8ba7fabe221db4bc5,calibration,closeness_centrality,0.237654320988,0.922955708841,1
pb01_case_38bf3db425c749b61ef97fdc,calibration,closeness_centrality,0.325590003868,0.922095924010,1
pb01_case_c753ea6b70cbbb838b5613d3,calibration,closeness_centrality,0.467796234711,0.898825659936,1
pb01_case_9dfe3941a9feb9c7752074c0,calibration,closeness_centrality,0.413274525298,0.986390795459,1
pb01_case_ab10f9e4ababba6fbc0dd953,calibration,closeness_centrality,0.510492485239,0.980657066098,1
pb01_case_daca0e53639c211b3213a1e0,calibration,closeness_centrality,0.371451529137,0.999882396809,1
pb01_case_9f13d69f42dcffa9f56d9925,calibration,closeness_centrality,0.558333883014,0.999853951715,1
pb01_case_70eb38c4bd19e5232244e977,calibration,closeness_centrality,0.316993464052,0.920647426504,1
pb01_case_368f0f79ecff9c9c2b7ff62a,calibration,closeness_centrality,0.712121212121,0.907513262532,1
pb01_case_15c3f75ffe7724e9eba5e5c0,calibration,closeness_centrality,0.435938512867,0.937729245503,1
pb01_case_0aa796d3aebfc3f8678c784f,calibration,closeness_centrality,0.459370195107,0.918872831313,1
pb01_case_d318298976a458c5c4fa1a1e,calibration,closeness_centrality,0.365631102575,0.987245091891,1
pb01_case_62e3b5892f697fa2d26b60cc,calibration,closeness_centrality,0.422660672661,0.980784332402,1
pb01_case_760037be28a90537dea96517,calibration,closeness_centrality,0.745485742901,0.999506643548,1
pb01_case_9eef7bcef81d417b3c582290,calibration,closeness_centrality,0.618715590395,0.998445022207,1
pb01_case_54889b43e39992657cfb889a,calibration,closeness_centrality,0.705426356589,0.906389904393,1
pb01_case_9b553259aaa31a932480887c,calibration,closeness_centrality,0.163522012579,0.921536495366,1
pb01_case_886f049876fc4aeff42a2a4b,calibration,closeness_centrality,0.473362231726,0.954944550770,1
pb01_case_139b8b339a57df48e14fcc5c,calibration,closeness_centrality,0.465272494200,0.921467763488,1
pb01_case_5cca6dfc4dddc625e489a9ad,calibration,closeness_centrality,0.283284639786,0.988684992664,1
pb01_case_81e7fc7362b9d387e42ca183,calibration,closeness_centrality,0.582420232830,0.975707157576,1
pb01_case_06dc42c9e7c0961d192f6fc3,calibration,closeness_centrality,0.306844307858,0.998608597867,1
pb01_case_7ad22bcc114e0d412403dede,calibration,closeness_centrality,0.346259201475,0.997250047009,1
pb01_case_745c95f546bb616e0f8f9dcd,calibration,closeness_centrality,1.000000000000,0.920857467152,1
pb01_case_c666dc79b2b8dd5f7af2f2a5,calibration,closeness_centrality,0.724637681159,0.926546737021,1
pb01_case_8ab92f2cf09de1cdf404d8a5,calibration,closeness_centrality,0.649920172691,0.931858434534,1
pb01_case_b68804e4fa96afbf2e2af155,calibration,closeness_centrality,0.668903668051,0.895158779208,1
pb01_case_6e2cdd5d82699d50f45bc53c,calibration,closeness_centrality,0.760625275852,0.988262421655,1
pb01_case_ccea2874eea03ef807509bfa,calibration,closeness_centrality,0.591610905232,0.981594310554,1
pb01_case_af9a6f8dbace6f9307afb06f,calibration,closeness_centrality,0.834126984127,0.999161320737,1
pb01_case_4aaf102319dd483f691fef99,calibration,closeness_centrality,0.816821808511,0.998224778274,1
pb01_case_c613ab5c57aa92cf7187ba80,calibration,closeness_centrality,0.441176470588,0.920556008664,1
pb01_case_ae86fcb1b73e1bf680ffeb99,calibration,closeness_centrality,0.926356589147,0.912068049041,1
pb01_case_4855cbf15216178615762848,calibration,closeness_centrality,0.571408374885,0.933985739427,1
pb01_case_92023d5d0549d62b0252ee87,calibration,closeness_centrality,0.568183721297,0.920019565877,1
pb01_case_fbb377be450a00fb70e5f557,calibration,closeness_centrality,0.713437070036,0.987990237410,1
pb01_case_a50f125e540058fd5c920d38,calibration,closeness_centrality,0.397756193386,0.977143173426,1
pb01_case_c95127a07733370fef3a53f3,calibration,closeness_centrality,0.642868909192,0.999199966782,1
pb01_case_3b29502d8ae28c659ee65bc5,calibration,closeness_centrality,0.385995670996,0.997634354348,1
pb01_case_8a1d0fb0298b4b54ef6b5f46,calibration,closeness_centrality,0.251515151515,0.918107124842,1
pb01_case_1cec8c224792879ce80a5c18,calibration,closeness_centrality,0.856060606061,0.907737112331,1
pb01_case_22cbcf058775b6a909c962e0,calibration,closeness_centrality,0.586856310448,0.928515995149,1
pb01_case_7ab307c7ec1b6313819a043b,calibration,closeness_centrality,0.578519099471,0.927812876773,1
pb01_case_a410130aeeb4a79ba3726130,calibration,closeness_centrality,0.442464832512,0.987404686862,1
pb01_case_aebd9c5f29070e5785d76b7f,calibration,closeness_centrality,0.589021064824,0.979635334791,1
pb01_case_14a27a172d596294c67f8ff8,calibration,closeness_centrality,0.783672480620,0.999511675683,1
pb01_case_9571b0193f6f088ff3d5b6e8,calibration,closeness_centrality,0.516156799745,0.996639515151,1
pb01_case_fb01690701ca052cfb499317,calibration,closeness_centrality,0.718518518519,0.911509633696,1
pb01_case_0c37ca0a479945ddd7ac36db,calibration,closeness_centrality,0.482993197279,0.901244221564,1
pb01_case_b37920d0db1e9258a8e8b2fe,calibration,closeness_centrality,0.551779510273,0.945981356388,1
pb01_case_2c929ada31d03647d671666e,calibration,closeness_centrality,0.531060792759,0.918866059226,1
pb01_case_3582c328e7bc89b161bee18c,calibration,closeness_centrality,0.612786206415,0.986845795109,1
pb01_case_fcf8cac5d2edf62c315625a5,calibration,closeness_centrality,0.616152408115,0.979898038801,1
pb01_case_9a25778762e17f4222440314,calibration,closeness_centrality,0.467867667010,0.998924063951,1
pb01_case_8e4bcfa4ac977553a9418012,calibration,closeness_centrality,0.701319637704,0.998334515037,1
pb01_case_449c5e4b09082f8cb95216c7,calibration,closeness_centrality,0.274305555556,0.899587063031,1
pb01_case_0dd1175c279a75473324e6b3,calibration,closeness_centrality,0.762500000000,0.912237139112,1
pb01_case_c0ca55f8828ac5045a930c04,calibration,closeness_centrality,0.425984145388,0.938437123012,1
pb01_case_451f2ad3228c649e456f5872,calibration,closeness_centrality,0.387886266232,0.916091992675,1
pb01_case_91884575ee854bdfbf7e744c,calibration,closeness_centrality,0.548713068494,0.988827274702,1
pb01_case_ff44365dd241b26f486b5d8b,calibration,closeness_centrality,0.609149724401,0.981903021517,1
pb01_case_98a30d141c4b6f5467b1d004,calibration,closeness_centrality,0.360457516340,0.988308934610,1
pb01_case_3e998f167f2551d3289b999f,calibration,closeness_centrality,0.309367400061,0.984643385583,1
pb01_case_fa9120f17f2632ba14d06d0e,calibration,closeness_centrality,0.868055555556,0.886068080433,1
pb01_case_a6efa7b82435acafef7b7f8c,calibration,closeness_centrality,0.344827586207,0.925181434926,1
pb01_case_3dd1e84e19a9dbbd461cec72,calibration,closeness_centrality,0.538816121447,0.935681398215,1
pb01_case_99e6702cd118aab2a8e14e4f,calibration,closeness_centrality,0.566439025236,0.894174292327,1
pb01_case_7483b02b7ede13bf7b04411c,calibration,closeness_centrality,0.601300544985,0.988721549251,1
pb01_case_7fbbdb143bb325e2db995f1d,calibration,closeness_centrality,0.479123917650,0.974332321382,1
pb01_case_bbe71953437568dfc135c6a3,calibration,closeness_centrality,0.493590683400,0.985987565592,1
pb01_case_e5bc79f8583958b95064ba05,calibration,closeness_centrality,0.429441429218,0.980645635323,1
pb01_case_0a0eddeda0bdcdc0b2bfe8da,calibration,closeness_centrality,0.353741496599,0.876832844827,1
pb01_case_65f6ac0782934f2453464ebf,calibration,closeness_centrality,0.000000000000,0.907963239362,1
pb01_case_36a18348a08278c2a2e66c98,calibration,closeness_centrality,0.405603858071,0.906994094115,1
pb01_case_e2e8c9a3c84575264578cf0f,calibration,closeness_centrality,0.385943595126,0.920144126204,1
pb01_case_2ab0fa8e986ed495cf7c0b1d,calibration,closeness_centrality,0.314321353493,0.983037896913,1
pb01_case_9e5d8ca7bc1bcb9b5c8b1e67,calibration,closeness_centrality,0.129258941878,0.981421293783,1
pb01_case_dcf3e6079e3abc30e4de0383,calibration,closeness_centrality,0.705052759740,0.997244759772,1
pb01_case_39f97d2d80694a738334788f,calibration,closeness_centrality,0.469000649431,0.994526046409,1
pb01_case_a436321764e9408748ecddaf,calibration,closeness_centrality,0.595744680851,0.927729246747,1
pb01_case_9db30ad2d171c901aa0cd3f9,calibration,closeness_centrality,0.379084967320,0.911581731917,1
pb01_case_c843cd6913fb34c7fce47d60,calibration,closeness_centrality,0.502413172835,0.943915678738,1
pb01_case_5404ae5ed626623e31bf8d82,calibration,closeness_centrality,0.493822763366,0.898938208860,1
pb01_case_088d5df0422c462196d0f950,calibration,closeness_centrality,0.565253341502,0.989105654121,1
pb01_case_3a4bc6e50988bead2964209a,calibration,closeness_centrality,0.527640359841,0.975609328398,1
pb01_case_ca1ac561669cd7c499d56c4d,calibration,closeness_centrality,0.406727053140,0.993431419213,1
pb01_case_333ff356d7e3582b36f93f31,calibration,closeness_centrality,0.631029937755,0.993710919001,1
pb01_case_e6049b84697e1166d89991fe,calibration,closeness_centrality,0.717261904762,0.957857765230,1
pb01_case_9f7e631a2d0a0f5eea085c11,calibration,closeness_centrality,0.666666666667,0.935121711714,1
pb01_case_d64984eff70f19e24487da35,calibration,closeness_centrality,0.596070876361,0.946613806601,1
pb01_case_36e0673a14ea32a43a75e9dc,calibration,closeness_centrality,0.487101697204,0.905459332136,1
pb01_case_deeb9b5f5a45c4368efca1bb,calibration,closeness_centrality,0.740137186693,0.987622782278,1
pb01_case_1586f54a82905da670e767bd,calibration,closeness_centrality,0.681724281600,0.977889595295,1
pb01_case_a215d555b9dd7380223daa5a,calibration,closeness_centrality,0.552554777299,0.989262477002,1
pb01_case_23d039c19b3a60c5477daa02,calibration,closeness_centrality,0.484116721401,0.975441158647,1
pb01_case_dfa357b5ca40bc1f6eca26ba,calibration,closeness_centrality,0.849206349206,0.918054631357,1
pb01_case_cdc6b06484b3f2673526a463,calibration,closeness_centrality,0.179012345679,0.915166364753,1
pb01_case_b6468a0b6037295dbc28315e,calibration,closeness_centrality,0.543564039656,0.929483630941,1
pb01_case_46c946becfeee33cb6e348dc,calibration,closeness_centrality,0.455142782316,0.900502291866,1
pb01_case_2012b8ea408beb2600f117fc,calibration,closeness_centrality,0.608040629520,0.987523271533,1
pb01_case_352e5f9405cbcae1f5b13908,calibration,closeness_centrality,0.478027094713,0.984562597430,1
pb01_case_95b4c82d6f5aee162f1bb47c,calibration,closeness_centrality,0.639370867625,0.994479762083,1
pb01_case_1b760c2072f5275f0f8d0c49,calibration,closeness_centrality,0.637213976500,0.980941169707,1
pb01_case_999af33a7ff44b9532706860,calibration,degree_centrality,0.370226946342,0.903350803669,1
pb01_case_dc496792acd1b10c5da86c23,calibration,degree_centrality,0.720182867324,0.934212241133,1
pb01_case_21b0022e07506d2041c7a258,calibration,degree_centrality,0.470949905419,0.938324458402,1
pb01_case_1bef087cb0671427b8d35398,calibration,degree_centrality,0.539830597983,0.902079530762,1
pb01_case_092504b5782c92825ddb5b25,calibration,degree_centrality,0.422097691708,0.986690695509,1
pb01_case_5aa96139cbecf49503683756,calibration,degree_centrality,0.502334847914,0.974641973923,1
pb01_case_80e92e6a1cb7151a0110554b,calibration,degree_centrality,0.596627759573,0.999955975510,1
pb01_case_5d857f6ac31f8ec882e492b2,calibration,degree_centrality,0.449779224824,0.999996512418,1
pb01_case_dc0d54c53896cb8a5d36cdf7,calibration,degree_centrality,0.799907561314,0.923298786239,1
pb01_case_a0d626f339a2fb3f25079c32,calibration,degree_centrality,0.000000000000,0.835644622515,1
pb01_case_6888e1a1e1a62d91def5df23,calibration,degree_centrality,0.678100156356,0.936030736527,1
pb01_case_3626379f4c4db020b165908a,calibration,degree_centrality,0.702057147001,0.908401927751,1
pb01_case_cd741308b64469ccf1571ec6,calibration,degree_centrality,0.753756335468,0.991508687310,1
pb01_case_ddc268b63889b6a40f69eee3,calibration,degree_centrality,0.719692906977,0.979749945249,1
pb01_case_b4c88bcc0a2dffc1939bfd3c,calibration,degree_centrality,0.852741487696,0.999964432237,1
pb01_case_1af58135bbb105277d0a2320,calibration,degree_centrality,0.606987355260,0.999901969393,1
pb01_case_2b1b838928b19e3a15587322,calibration,degree_centrality,0.733202665948,0.920337938134,1
pb01_case_0e54fef464c01010e4d6d8e2,calibration,degree_centrality,0.749204838621,0.922483127327,1
pb01_case_941b0cd020ec4d66f9ebee4d,calibration,degree_centrality,0.679485060471,0.920303691533,1
pb01_case_677ddbfe01f98b1df36cf440,calibration,degree_centrality,0.622850801962,0.915539109973,1
pb01_case_b0f987886fc67b2f5869e92f,calibration,degree_centrality,0.686662906906,0.988096184851,1
pb01_case_0c819699553bb4ddadfdb9cb,calibration,degree_centrality,0.667987270057,0.978903230623,1
pb01_case_46c81984c9fa72124ad64371,calibration,degree_centrality,0.813008876612,0.999960101372,1
pb01_case_73dbc4ed0118bb0eb327c469,calibration,degree_centrality,0.490704947282,0.999957709054,1
pb01_case_712744e694545c5f3dba4918,calibration,degree_centrality,0.822751277735,0.931890336062,1
pb01_case_4ff7a1c8b846da34364664ee,calibration,degree_centrality,0.679894059561,0.916707799684,1
pb01_case_6a0169bb5a59e4188d514a55,calibration,degree_centrality,0.645246636071,0.934212932772,1
pb01_case_61c249f22cb56ba8f48ad0b6,calibration,degree_centrality,0.649558800389,0.904706772807,1
pb01_case_af91177d1114b7fb05fc8266,calibration,degree_centrality,0.507420961466,0.985011930225,1
pb01_case_2648f4519f070c13b83752a7,calibration,degree_centrality,0.728490500719,0.978616287816,1
pb01_case_039d2f795938287b11fd2a7b,calibration,degree_centrality,0.593308368479,0.999906402306,1
pb01_case_2d3bb3dc235ac6ab243e7105,calibration,degree_centrality,0.784300498426,0.999792911048,1
pb01_case_c8708df0963038a94800fa5c,calibration,degree_centrality,0.261086880569,0.884736382874,1
pb01_case_6b0e12596a22bb6a4791b267,calibration,degree_centrality,0.740860369817,0.927681469240,1
pb01_case_676c89c6bf4dfbcf6d37dfde,calibration,degree_centrality,0.545436804588,0.933801647469,1
pb01_case_f657d3215e5dbb9292ea2dfa,calibration,degree_centrality,0.582622995533,0.906057112535,1
pb01_case_60fccafe865a0385e907a8c2,calibration,degree_centrality,0.500798794542,0.984614271945,1
pb01_case_b2101ef91025f2fbad286711,calibration,degree_centrality,0.688073830510,0.981468987347,1
pb01_case_45365b1b3e934ae6e74cc53a,calibration,degree_centrality,0.609481628432,0.999982944942,1
pb01_case_8a457ed0eb210d25f47ecbd7,calibration,degree_centrality,0.532011656603,0.999931917227,1
pb01_case_1a292d65108cf967ec1d5dd0,calibration,degree_centrality,0.766708026082,0.937256286327,1
pb01_case_45f23ad8ba7fabe221db4bc5,calibration,degree_centrality,0.619784236122,0.922955708841,1
pb01_case_38bf3db425c749b61ef97fdc,calibration,degree_centrality,0.579161526046,0.922095924010,1
pb01_case_c753ea6b70cbbb838b5613d3,calibration,degree_centrality,0.443873869414,0.898825659936,1
pb01_case_9dfe3941a9feb9c7752074c0,calibration,degree_centrality,0.451798826157,0.986390795459,1
pb01_case_ab10f9e4ababba6fbc0dd953,calibration,degree_centrality,0.304436339399,0.980657066098,1
pb01_case_daca0e53639c211b3213a1e0,calibration,degree_centrality,0.596517059692,0.999882396809,1
pb01_case_9f13d69f42dcffa9f56d9925,calibration,degree_centrality,0.426014548398,0.999853951715,1
pb01_case_70eb38c4bd19e5232244e977,calibration,degree_centrality,0.261393208117,0.920647426504,1
pb01_case_368f0f79ecff9c9c2b7ff62a,calibration,degree_centrality,0.056655938028,0.907513262532,1
pb01_case_15c3f75ffe7724e9eba5e5c0,calibration,degree_centrality,0.214165487754,0.937729245503,1
pb01_case_0aa796d3aebfc3f8678c784f,calibration,degree_centrality,0.211849508719,0.918872831313,1
pb01_case_d318298976a458c5c4fa1a1e,calibration,degree_centrality,0.242695304740,0.987245091891,1
pb01_case_62e3b5892f697fa2d26b60cc,calibration,degree_centrality,0.212291567530,0.980784332402,1
pb01_case_760037be28a90537dea96517,calibration,degree_centrality,0.167826761873,0.999506643548,1
pb01_case_9eef7bcef81d417b3c582290,calibration,degree_centrality,0.197697936138,0.998445022207,1
pb01_case_54889b43e39992657cfb889a,calibration,degree_centrality,0.105538962327,0.906389904393,1
pb01_case_9b553259aaa31a932480887c,calibration,degree_centrality,0.322933061053,0.921536495366,1
pb01_case_886f049876fc4aeff42a2a4b,calibration,degree_centrality,0.215035001963,0.954944550770,1
pb01_case_139b8b339a57df48e14fcc5c,calibration,degree_centrality,0.267086465325,0.921467763488,1
pb01_case_5cca6dfc4dddc625e489a9ad,calibration,degree_centrality,0.328123505212,0.988684992664,1
pb01_case_81e7fc7362b9d387e42ca183,calibration,degree_centrality,0.241533546354,0.975707157576,1
pb01_case_06dc42c9e7c0961d192f6fc3,calibration,degree_centrality,0.246494461950,0.998608597867,1
pb01_case_7ad22bcc114e0d412403dede,calibration,degree_centrality,0.264066249587,0.997250047009,1
pb01_case_745c95f546bb616e0f8f9dcd,calibration,degree_centrality,0.382087197622,0.920857467152,1
pb01_case_c666dc79b2b8dd5f7af2f2a5,calibration,degree_centrality,0.463923281670,0.926546737021,1
pb01_case_8ab92f2cf09de1cdf404d8a5,calibration,degree_centrality,0.323812566518,0.931858434534,1
pb01_case_b68804e4fa96afbf2e2af155,calibration,degree_centrality,0.341752317732,0.895158779208,1
pb01_case_6e2cdd5d82699d50f45bc53c,calibration,degree_centrality,0.324108949630,0.988262421655,1
pb01_case_ccea2874eea03ef807509bfa,calibration,degree_centrality,0.417889235978,0.981594310554,1
pb01_case_af9a6f8dbace6f9307afb06f,calibration,degree_centrality,0.264181430612,0.999161320737,1
pb01_case_4aaf102319dd483f691fef99,calibration,degree_centrality,0.191334526941,0.998224778274,1
pb01_case_c613ab5c57aa92cf7187ba80,calibration,degree_centrality,0.238802995221,0.920556008664,1
pb01_case_ae86fcb1b73e1bf680ffeb99,calibration,degree_centrality,0.095344804786,0.912068049041,1
pb01_case_4855cbf15216178615762848,calibration,degree_centrality,0.176257252574,0.933985739427,1
pb01_case_92023d5d0549d62b0252ee87,calibration,degree_centrality,0.184026050794,0.920019565877,1
pb01_case_fbb377be450a00fb70e5f557,calibration,degree_centrality,0.199909332745,0.987990237410,1
pb01_case_a50f125e540058fd5c920d38,calibration,degree_centrality,0.199836662574,0.977143173426,1
pb01_case_c95127a07733370fef3a53f3,calibration,degree_centrality,0.116885830938,0.999199966782,1
pb01_case_3b29502d8ae28c659ee65bc5,calibration,degree_centrality,0.231207314954,0.997634354348,1
pb01_case_8a1d0fb0298b4b54ef6b5f46,calibration,degree_centrality,0.185469071140,0.918107124842,1
pb01_case_1cec8c224792879ce80a5c18,calibration,degree_centrality,0.006030356423,0.907737112331,1
pb01_case_22cbcf058775b6a909c962e0,calibration,degree_centrality,0.146775304247,0.928515995149,1
pb01_case_7ab307c7ec1b6313819a043b,calibration,degree_centrality,0.170273311759,0.927812876773,1
pb01_case_a410130aeeb4a79ba3726130,calibration,degree_centrality,0.192426414034,0.987404686862,1
pb01_case_aebd9c5f29070e5785d76b7f,calibration,degree_centrality,0.159027159478,0.979635334791,1
pb01_case_14a27a172d596294c67f8ff8,calibration,degree_centrality,0.167074244760,0.999511675683,1
pb01_case_9571b0193f6f088ff3d5b6e8,calibration,degree_centrality,0.149687871858,0.996639515151,1
pb01_case_fb01690701ca052cfb499317,calibration,degree_centrality,0.151166312319,0.911509633696,1
pb01_case_0c37ca0a479945ddd7ac36db,calibration,degree_centrality,0.000000000000,0.901244221564,1
pb01_case_b37920d0db1e9258a8e8b2fe,calibration,degree_centrality,0.232069898982,0.945981356388,1
pb01_case_2c929ada31d03647d671666e,calibration,degree_centrality,0.232335541711,0.918866059226,1
pb01_case_3582c328e7bc89b161bee18c,calibration,degree_centrality,0.209210646061,0.986845795109,1
pb01_case_fcf8cac5d2edf62c315625a5,calibration,degree_centrality,0.174591540926,0.979898038801,1
pb01_case_9a25778762e17f4222440314,calibration,degree_centrality,0.272558884436,0.998924063951,1
pb01_case_8e4bcfa4ac977553a9418012,calibration,degree_centrality,0.123793745542,0.998334515037,1
pb01_case_449c5e4b09082f8cb95216c7,calibration,degree_centrality,0.258111287983,0.899587063031,1
pb01_case_0dd1175c279a75473324e6b3,calibration,degree_centrality,0.439861123069,0.912237139112,1
pb01_case_c0ca55f8828ac5045a930c04,calibration,degree_centrality,0.420505940637,0.938437123012,1
pb01_case_451f2ad3228c649e456f5872,calibration,degree_centrality,0.502065690921,0.916091992675,1
pb01_case_91884575ee854bdfbf7e744c,calibration,degree_centrality,0.451277535702,0.988827274702,1
pb01_case_ff44365dd241b26f486b5d8b,calibration,degree_centrality,0.393758112578,0.981903021517,1
pb01_case_98a30d141c4b6f5467b1d004,calibration,degree_centrality,0.358863089927,0.988308934610,1
pb01_case_3e998f167f2551d3289b999f,calibration,degree_centrality,0.373244582497,0.984643385583,1
pb01_case_fa9120f17f2632ba14d06d0e,calibration,degree_centrality,0.000000000000,0.886068080433,1
pb01_case_a6efa7b82435acafef7b7f8c,calibration,degree_centrality,0.510865774217,0.925181434926,1
pb01_case_3dd1e84e19a9dbbd461cec72,calibration,degree_centrality,0.438467980083,0.935681398215,1
pb01_case_99e6702cd118aab2a8e14e4f,calibration,degree_centrality,0.487725010665,0.894174292327,1
pb01_case_7483b02b7ede13bf7b04411c,calibration,degree_centrality,0.416414279595,0.988721549251,1
pb01_case_7fbbdb143bb325e2db995f1d,calibration,degree_centrality,0.423366836991,0.974332321382,1
pb01_case_bbe71953437568dfc135c6a3,calibration,degree_centrality,0.516538075259,0.985987565592,1
pb01_case_e5bc79f8583958b95064ba05,calibration,degree_centrality,0.516983675949,0.980645635323,1
pb01_case_0a0eddeda0bdcdc0b2bfe8da,calibration,degree_centrality,0.087045279334,0.876832844827,1
pb01_case_65f6ac0782934f2453464ebf,calibration,degree_centrality,0.398781620501,0.907963239362,1
pb01_case_36a18348a08278c2a2e66c98,calibration,degree_centrality,0.402210499281,0.906994094115,1
pb01_case_e2e8c9a3c84575264578cf0f,calibration,degree_centrality,0.474119693206,0.920144126204,1
pb01_case_2ab0fa8e986ed495cf7c0b1d,calibration,degree_centrality,0.537370559225,0.983037896913,1
pb01_case_9e5d8ca7bc1bcb9b5c8b1e67,calibration,degree_centrality,0.476303696188,0.981421293783,1
pb01_case_dcf3e6079e3abc30e4de0383,calibration,degree_centrality,0.368752845517,0.997244759772,1
pb01_case_39f97d2d80694a738334788f,calibration,degree_centrality,0.599093512349,0.994526046409,1
pb01_case_a436321764e9408748ecddaf,calibration,degree_centrality,0.581944403314,0.927729246747,1
pb01_case_9db30ad2d171c901aa0cd3f9,calibration,degree_centrality,0.346041386680,0.911581731917,1
pb01_case_c843cd6913fb34c7fce47d60,calibration,degree_centrality,0.437544033350,0.943915678738,1
pb01_case_5404ae5ed626623e31bf8d82,calibration,degree_centrality,0.395973944740,0.898938208860,1
pb01_case_088d5df0422c462196d0f950,calibration,degree_centrality,0.403468760315,0.989105654121,1
pb01_case_3a4bc6e50988bead2964209a,calibration,degree_centrality,0.415268090151,0.975609328398,1
pb01_case_ca1ac561669cd7c499d56c4d,calibration,degree_centrality,0.377639591143,0.993431419213,1
pb01_case_333ff356d7e3582b36f93f31,calibration,degree_centrality,0.259167044003,0.993710919001,1
pb01_case_e6049b84697e1166d89991fe,calibration,degree_centrality,1.000000000000,0.957857765230,1
pb01_case_9f7e631a2d0a0f5eea085c11,calibration,degree_centrality,0.639385047534,0.935121711714,1
pb01_case_d64984eff70f19e24487da35,calibration,degree_centrality,0.450939364947,0.946613806601,1
pb01_case_36e0673a14ea32a43a75e9dc,calibration,degree_centrality,0.462619650347,0.905459332136,1
pb01_case_deeb9b5f5a45c4368efca1bb,calibration,degree_centrality,0.316287415939,0.987622782278,1
pb01_case_1586f54a82905da670e767bd,calibration,degree_centrality,0.389322448853,0.977889595295,1
pb01_case_a215d555b9dd7380223daa5a,calibration,degree_centrality,0.307554706267,0.989262477002,1
pb01_case_23d039c19b3a60c5477daa02,calibration,degree_centrality,0.561853142638,0.975441158647,1
pb01_case_dfa357b5ca40bc1f6eca26ba,calibration,degree_centrality,0.401635909877,0.918054631357,1
pb01_case_cdc6b06484b3f2673526a463,calibration,degree_centrality,0.391441071651,0.915166364753,1
pb01_case_b6468a0b6037295dbc28315e,calibration,degree_centrality,0.352449422676,0.929483630941,1
pb01_case_46c946becfeee33cb6e348dc,calibration,degree_centrality,0.371963004321,0.900502291866,1
pb01_case_2012b8ea408beb2600f117fc,calibration,degree_centrality,0.254642741607,0.987523271533,1
pb01_case_352e5f9405cbcae1f5b13908,calibration,degree_centrality,0.400488527061,0.984562597430,1
pb01_case_95b4c82d6f5aee162f1bb47c,calibration,degree_centrality,0.412523147331,0.994479762083,1
pb01_case_1b760c2072f5275f0f8d0c49,calibration,degree_centrality,0.213878813822,0.980941169707,1
pb01_case_999af33a7ff44b9532706860,calibration,domain_diffusion_early_probe,0.417065136151,0.903350803669,1
pb01_case_dc496792acd1b10c5da86c23,calibration,domain_diffusion_early_probe,0.611195369875,0.934212241133,1
pb01_case_21b0022e07506d2041c7a258,calibration,domain_diffusion_early_probe,0.673926710655,0.938324458402,1
pb01_case_1bef087cb0671427b8d35398,calibration,domain_diffusion_early_probe,0.473954049914,0.902079530762,1
pb01_case_092504b5782c92825ddb5b25,calibration,domain_diffusion_early_probe,0.924573943717,0.986690695509,1
pb01_case_5aa96139cbecf49503683756,calibration,domain_diffusion_early_probe,0.888768688987,0.974641973923,1
pb01_case_80e92e6a1cb7151a0110554b,calibration,domain_diffusion_early_probe,0.853189084177,0.999955975510,1
pb01_case_5d857f6ac31f8ec882e492b2,calibration,domain_diffusion_early_probe,0.808101448573,0.999996512418,1
pb01_case_dc0d54c53896cb8a5d36cdf7,calibration,domain_diffusion_early_probe,0.554428917037,0.923298786239,1
pb01_case_a0d626f339a2fb3f25079c32,calibration,domain_diffusion_early_probe,0.000000000000,0.835644622515,1
pb01_case_6888e1a1e1a62d91def5df23,calibration,domain_diffusion_early_probe,0.778500300023,0.936030736527,1
pb01_case_3626379f4c4db020b165908a,calibration,domain_diffusion_early_probe,0.549884356259,0.908401927751,1
pb01_case_cd741308b64469ccf1571ec6,calibration,domain_diffusion_early_probe,0.987180832589,0.991508687310,1
pb01_case_ddc268b63889b6a40f69eee3,calibration,domain_diffusion_early_probe,0.961282396587,0.979749945249,1
pb01_case_b4c88bcc0a2dffc1939bfd3c,calibration,domain_diffusion_early_probe,0.930162537545,0.999964432237,1
pb01_case_1af58135bbb105277d0a2320,calibration,domain_diffusion_early_probe,0.844558942418,0.999901969393,1
pb01_case_2b1b838928b19e3a15587322,calibration,domain_diffusion_early_probe,0.542858849149,0.920337938134,1
pb01_case_0e54fef464c01010e4d6d8e2,calibration,domain_diffusion_early_probe,0.564199900878,0.922483127327,1
pb01_case_941b0cd020ec4d66f9ebee4d,calibration,domain_diffusion_early_probe,0.674049024409,0.920303691533,1
pb01_case_677ddbfe01f98b1df36cf440,calibration,domain_diffusion_early_probe,0.616102602002,0.915539109973,1
pb01_case_b0f987886fc67b2f5869e92f,calibration,domain_diffusion_early_probe,0.962276848449,0.988096184851,1
pb01_case_0c819699553bb4ddadfdb9cb,calibration,domain_diffusion_early_probe,0.923543504583,0.978903230623,1
pb01_case_46c81984c9fa72124ad64371,calibration,domain_diffusion_early_probe,0.970675042675,0.999960101372,1
pb01_case_73dbc4ed0118bb0eb327c469,calibration,domain_diffusion_early_probe,0.767349763867,0.999957709054,1
pb01_case_712744e694545c5f3dba4918,calibration,domain_diffusion_early_probe,0.613841452994,0.931890336062,1
pb01_case_4ff7a1c8b846da34364664ee,calibration,domain_diffusion_early_probe,0.493971906095,0.916707799684,1
pb01_case_6a0169bb5a59e4188d514a55,calibration,domain_diffusion_early_probe,0.656070044085,0.934212932772,1
pb01_case_61c249f22cb56ba8f48ad0b6,calibration,domain_diffusion_early_probe,0.459439680754,0.904706772807,1
pb01_case_af91177d1114b7fb05fc8266,calibration,domain_diffusion_early_probe,0.909723812246,0.985011930225,1
pb01_case_2648f4519f070c13b83752a7,calibration,domain_diffusion_early_probe,0.886118904586,0.978616287816,1
pb01_case_039d2f795938287b11fd2a7b,calibration,domain_diffusion_early_probe,0.892960088024,0.999906402306,1
pb01_case_2d3bb3dc235ac6ab243e7105,calibration,domain_diffusion_early_probe,0.811195258230,0.999792911048,1
pb01_case_c8708df0963038a94800fa5c,calibration,domain_diffusion_early_probe,0.272662121644,0.884736382874,1
pb01_case_6b0e12596a22bb6a4791b267,calibration,domain_diffusion_early_probe,0.555674936322,0.927681469240,1
pb01_case_676c89c6bf4dfbcf6d37dfde,calibration,domain_diffusion_early_probe,0.708478241931,0.933801647469,1
pb01_case_f657d3215e5dbb9292ea2dfa,calibration,domain_diffusion_early_probe,0.515766032426,0.906057112535,1
pb01_case_60fccafe865a0385e907a8c2,calibration,domain_diffusion_early_probe,0.840708346564,0.984614271945,1
pb01_case_b2101ef91025f2fbad286711,calibration,domain_diffusion_early_probe,0.843771209016,0.981468987347,1
pb01_case_45365b1b3e934ae6e74cc53a,calibration,domain_diffusion_early_probe,0.878510482803,0.999982944942,1
pb01_case_8a457ed0eb210d25f47ecbd7,calibration,domain_diffusion_early_probe,0.836263420395,0.999931917227,1
pb01_case_1a292d65108cf967ec1d5dd0,calibration,domain_diffusion_early_probe,0.619790788184,0.937256286327,1
pb01_case_45f23ad8ba7fabe221db4bc5,calibration,domain_diffusion_early_probe,0.534726760758,0.922955708841,1
pb01_case_38bf3db425c749b61ef97fdc,calibration,domain_diffusion_early_probe,0.643675131437,0.922095924010,1
pb01_case_c753ea6b70cbbb838b5613d3,calibration,domain_diffusion_early_probe,0.442245972004,0.898825659936,1
pb01_case_9dfe3941a9feb9c7752074c0,calibration,domain_diffusion_early_probe,0.913489926585,0.986390795459,1
pb01_case_ab10f9e4ababba6fbc0dd953,calibration,domain_diffusion_early_probe,0.903079350903,0.980657066098,1
pb01_case_daca0e53639c211b3213a1e0,calibration,domain_diffusion_early_probe,0.815694395693,0.999882396809,1
pb01_case_9f13d69f42dcffa9f56d9925,calibration,domain_diffusion_early_probe,0.752797125172,0.999853951715,1
pb01_case_70eb38c4bd19e5232244e977,calibration,domain_diffusion_early_probe,0.542764347839,0.920647426504,1
pb01_case_368f0f79ecff9c9c2b7ff62a,calibration,domain_diffusion_early_probe,0.458688476956,0.907513262532,1
pb01_case_15c3f75ffe7724e9eba5e5c0,calibration,domain_diffusion_early_probe,0.718866453967,0.937729245503,1
pb01_case_0aa796d3aebfc3f8678c784f,calibration,domain_diffusion_early_probe,0.648746908058,0.918872831313,1
pb01_case_d318298976a458c5c4fa1a1e,calibration,domain_diffusion_early_probe,0.969163382451,0.987245091891,1
pb01_case_62e3b5892f697fa2d26b60cc,calibration,domain_diffusion_early_probe,0.946269683805,0.980784332402,1
pb01_case_760037be28a90537dea96517,calibration,domain_diffusion_early_probe,0.847802066007,0.999506643548,1
pb01_case_9eef7bcef81d417b3c582290,calibration,domain_diffusion_early_probe,0.717256734054,0.998445022207,1
pb01_case_54889b43e39992657cfb889a,calibration,domain_diffusion_early_probe,0.427972194884,0.906389904393,1
pb01_case_9b553259aaa31a932480887c,calibration,domain_diffusion_early_probe,0.553673633154,0.921536495366,1
pb01_case_886f049876fc4aeff42a2a4b,calibration,domain_diffusion_early_probe,0.792164009490,0.954944550770,1
pb01_case_139b8b339a57df48e14fcc5c,calibration,domain_diffusion_early_probe,0.609112951157,0.921467763488,1
pb01_case_5cca6dfc4dddc625e489a9ad,calibration,domain_diffusion_early_probe,0.958766999076,0.988684992664,1
pb01_case_81e7fc7362b9d387e42ca183,calibration,domain_diffusion_early_probe,0.916264001506,0.975707157576,1
pb01_case_06dc42c9e7c0961d192f6fc3,calibration,domain_diffusion_early_probe,0.888668142563,0.998608597867,1
pb01_case_7ad22bcc114e0d412403dede,calibration,domain_diffusion_early_probe,0.793400263078,0.997250047009,1
pb01_case_745c95f546bb616e0f8f9dcd,calibration,domain_diffusion_early_probe,0.544330857544,0.920857467152,1
pb01_case_c666dc79b2b8dd5f7af2f2a5,calibration,domain_diffusion_early_probe,0.583194492485,0.926546737021,1
pb01_case_8ab92f2cf09de1cdf404d8a5,calibration,domain_diffusion_early_probe,0.691913946721,0.931858434534,1
pb01_case_b68804e4fa96afbf2e2af155,calibration,domain_diffusion_early_probe,0.462396218844,0.895158779208,1
pb01_case_6e2cdd5d82699d50f45bc53c,calibration,domain_diffusion_early_probe,0.957980504563,0.988262421655,1
pb01_case_ccea2874eea03ef807509bfa,calibration,domain_diffusion_early_probe,0.936333732961,0.981594310554,1
pb01_case_af9a6f8dbace6f9307afb06f,calibration,domain_diffusion_early_probe,0.908106160149,0.999161320737,1
pb01_case_4aaf102319dd483f691fef99,calibration,domain_diffusion_early_probe,0.673347635576,0.998224778274,1
pb01_case_c613ab5c57aa92cf7187ba80,calibration,domain_diffusion_early_probe,0.548613477144,0.920556008664,1
pb01_case_ae86fcb1b73e1bf680ffeb99,calibration,domain_diffusion_early_probe,0.485515979571,0.912068049041,1
pb01_case_4855cbf15216178615762848,calibration,domain_diffusion_early_probe,0.659748007217,0.933985739427,1
pb01_case_92023d5d0549d62b0252ee87,calibration,domain_diffusion_early_probe,0.597719613996,0.920019565877,1
pb01_case_fbb377be450a00fb70e5f557,calibration,domain_diffusion_early_probe,0.989324368984,0.987990237410,1
pb01_case_a50f125e540058fd5c920d38,calibration,domain_diffusion_early_probe,0.920061001787,0.977143173426,1
pb01_case_c95127a07733370fef3a53f3,calibration,domain_diffusion_early_probe,0.849509888253,0.999199966782,1
pb01_case_3b29502d8ae28c659ee65bc5,calibration,domain_diffusion_early_probe,0.790916630452,0.997634354348,1
pb01_case_8a1d0fb0298b4b54ef6b5f46,calibration,domain_diffusion_early_probe,0.529881895846,0.918107124842,1
pb01_case_1cec8c224792879ce80a5c18,calibration,domain_diffusion_early_probe,0.453446512263,0.907737112331,1
pb01_case_22cbcf058775b6a909c962e0,calibration,domain_diffusion_early_probe,0.633792120709,0.928515995149,1
pb01_case_7ab307c7ec1b6313819a043b,calibration,domain_diffusion_early_probe,0.627552557710,0.927812876773,1
pb01_case_a410130aeeb4a79ba3726130,calibration,domain_diffusion_early_probe,0.927085623895,0.987404686862,1
pb01_case_aebd9c5f29070e5785d76b7f,calibration,domain_diffusion_early_probe,0.905250246232,0.979635334791,1
pb01_case_14a27a172d596294c67f8ff8,calibration,domain_diffusion_early_probe,0.865990040209,0.999511675683,1
pb01_case_9571b0193f6f088ff3d5b6e8,calibration,domain_diffusion_early_probe,0.872792449354,0.996639515151,1
pb01_case_fb01690701ca052cfb499317,calibration,domain_diffusion_early_probe,0.471688429584,0.911509633696,1
pb01_case_0c37ca0a479945ddd7ac36db,calibration,domain_diffusion_early_probe,0.411309982656,0.901244221564,1
pb01_case_b37920d0db1e9258a8e8b2fe,calibration,domain_diffusion_early_probe,0.747975046674,0.945981356388,1
pb01_case_2c929ada31d03647d671666e,calibration,domain_diffusion_early_probe,0.583331310952,0.918866059226,1
pb01_case_3582c328e7bc89b161bee18c,calibration,domain_diffusion_early_probe,0.930746920893,0.986845795109,1
pb01_case_fcf8cac5d2edf62c315625a5,calibration,domain_diffusion_early_probe,0.915004992455,0.979898038801,1
pb01_case_9a25778762e17f4222440314,calibration,domain_diffusion_early_probe,0.791963560924,0.998924063951,1
pb01_case_8e4bcfa4ac977553a9418012,calibration,domain_diffusion_early_probe,0.880652493672,0.998334515037,1
pb01_case_449c5e4b09082f8cb95216c7,calibration,domain_diffusion_early_probe,0.398716198117,0.899587063031,1
pb01_case_0dd1175c279a75473324e6b3,calibration,domain_diffusion_early_probe,0.474090127085,0.912237139112,1
pb01_case_c0ca55f8828ac5045a930c04,calibration,domain_diffusion_early_probe,0.696917940214,0.938437123012,1
pb01_case_451f2ad3228c649e456f5872,calibration,domain_diffusion_early_probe,0.582633054152,0.916091992675,1
pb01_case_91884575ee854bdfbf7e744c,calibration,domain_diffusion_early_probe,0.921444136276,0.988827274702,1
pb01_case_ff44365dd241b26f486b5d8b,calibration,domain_diffusion_early_probe,0.908835658831,0.981903021517,1
pb01_case_98a30d141c4b6f5467b1d004,calibration,domain_diffusion_early_probe,0.809438374478,0.988308934610,1
pb01_case_3e998f167f2551d3289b999f,calibration,domain_diffusion_early_probe,0.721638620158,0.984643385583,1
pb01_case_fa9120f17f2632ba14d06d0e,calibration,domain_diffusion_early_probe,0.306624952113,0.886068080433,1
pb01_case_a6efa7b82435acafef7b7f8c,calibration,domain_diffusion_early_probe,0.569337368181,0.925181434926,1
pb01_case_3dd1e84e19a9dbbd461cec72,calibration,domain_diffusion_early_probe,0.676599292309,0.935681398215,1
pb01_case_99e6702cd118aab2a8e14e4f,calibration,domain_diffusion_early_probe,0.443781872601,0.894174292327,1
pb01_case_7483b02b7ede13bf7b04411c,calibration,domain_diffusion_early_probe,1.000000000000,0.988721549251,1
pb01_case_7fbbdb143bb325e2db995f1d,calibration,domain_diffusion_early_probe,0.935148109312,0.974332321382,1
pb01_case_bbe71953437568dfc135c6a3,calibration,domain_diffusion_early_probe,0.902799667685,0.985987565592,1
pb01_case_e5bc79f8583958b95064ba05,calibration,domain_diffusion_early_probe,0.790352557787,0.980645635323,1
pb01_case_0a0eddeda0bdcdc0b2bfe8da,calibration,domain_diffusion_early_probe,0.295638472323,0.876832844827,1
pb01_case_65f6ac0782934f2453464ebf,calibration,domain_diffusion_early_probe,0.471525849664,0.907963239362,1
pb01_case_36a18348a08278c2a2e66c98,calibration,domain_diffusion_early_probe,0.549834967031,0.906994094115,1
pb01_case_e2e8c9a3c84575264578cf0f,calibration,domain_diffusion_early_probe,0.602891941296,0.920144126204,1
pb01_case_2ab0fa8e986ed495cf7c0b1d,calibration,domain_diffusion_early_probe,0.967159068979,0.983037896913,1
pb01_case_9e5d8ca7bc1bcb9b5c8b1e67,calibration,domain_diffusion_early_probe,0.929255782245,0.981421293783,1
pb01_case_dcf3e6079e3abc30e4de0383,calibration,domain_diffusion_early_probe,0.922541976513,0.997244759772,1
pb01_case_39f97d2d80694a738334788f,calibration,domain_diffusion_early_probe,0.791915695169,0.994526046409,1
pb01_case_a436321764e9408748ecddaf,calibration,domain_diffusion_early_probe,0.584343230985,0.927729246747,1
pb01_case_9db30ad2d171c901aa0cd3f9,calibration,domain_diffusion_early_probe,0.482248398780,0.911581731917,1
pb01_case_c843cd6913fb34c7fce47d60,calibration,domain_diffusion_early_probe,0.767982522630,0.943915678738,1
pb01_case_5404ae5ed626623e31bf8d82,calibration,domain_diffusion_early_probe,0.520625306295,0.898938208860,1
pb01_case_088d5df0422c462196d0f950,calibration,domain_diffusion_early_probe,0.982016255450,0.989105654121,1
pb01_case_3a4bc6e50988bead2964209a,calibration,domain_diffusion_early_probe,0.900816701938,0.975609328398,1
pb01_case_ca1ac561669cd7c499d56c4d,calibration,domain_diffusion_early_probe,0.834840822280,0.993431419213,1
pb01_case_333ff356d7e3582b36f93f31,calibration,domain_diffusion_early_probe,0.839675278071,0.993710919001,1
pb01_case_e6049b84697e1166d89991fe,calibration,domain_diffusion_early_probe,0.775788343329,0.957857765230,1
pb01_case_9f7e631a2d0a0f5eea085c11,calibration,domain_diffusion_early_probe,0.614687294816,0.935121711714,1
pb01_case_d64984eff70f19e24487da35,calibration,domain_diffusion_early_probe,0.721454727833,0.946613806601,1
pb01_case_36e0673a14ea32a43a75e9dc,calibration,domain_diffusion_early_probe,0.500078617548,0.905459332136,1
pb01_case_deeb9b5f5a45c4368efca1bb,calibration,domain_diffusion_early_probe,0.915888007829,0.987622782278,1
pb01_case_1586f54a82905da670e767bd,calibration,domain_diffusion_early_probe,0.878831271264,0.977889595295,1
pb01_case_a215d555b9dd7380223daa5a,calibration,domain_diffusion_early_probe,0.886645644193,0.989262477002,1
pb01_case_23d039c19b3a60c5477daa02,calibration,domain_diffusion_early_probe,0.769591466451,0.975441158647,1
pb01_case_dfa357b5ca40bc1f6eca26ba,calibration,domain_diffusion_early_probe,0.525641409827,0.918054631357,1
pb01_case_cdc6b06484b3f2673526a463,calibration,domain_diffusion_early_probe,0.510514113156,0.915166364753,1
pb01_case_b6468a0b6037295dbc28315e,calibration,domain_diffusion_early_probe,0.651718232687,0.929483630941,1
pb01_case_46c946becfeee33cb6e348dc,calibration,domain_diffusion_early_probe,0.490071813363,0.900502291866,1
pb01_case_2012b8ea408beb2600f117fc,calibration,domain_diffusion_early_probe,0.978234978766,0.987523271533,1
pb01_case_352e5f9405cbcae1f5b13908,calibration,domain_diffusion_early_probe,0.981836363302,0.984562597430,1
pb01_case_95b4c82d6f5aee162f1bb47c,calibration,domain_diffusion_early_probe,0.887395767397,0.994479762083,1
pb01_case_1b760c2072f5275f0f8d0c49,calibration,domain_diffusion_early_probe,0.662170982709,0.980941169707,1
pb01_case_999af33a7ff44b9532706860,calibration,eigenvector_centrality,0.638307809849,0.903350803669,1
pb01_case_dc496792acd1b10c5da86c23,calibration,eigenvector_centrality,0.444382798167,0.934212241133,1
pb01_case_21b0022e07506d2041c7a258,calibration,eigenvector_centrality,0.621877541602,0.938324458402,1
pb01_case_1bef087cb0671427b8d35398,calibration,eigenvector_centrality,0.575496873331,0.902079530762,1
pb01_case_092504b5782c92825ddb5b25,calibration,eigenvector_centrality,0.685475480323,0.986690695509,1
pb01_case_5aa96139cbecf49503683756,calibration,eigenvector_centrality,0.594081134938,0.974641973923,1
pb01_case_80e92e6a1cb7151a0110554b,calibration,eigenvector_centrality,0.591608095581,0.999955975510,1
pb01_case_5d857f6ac31f8ec882e492b2,calibration,eigenvector_centrality,0.593520158469,0.999996512418,1
pb01_case_dc0d54c53896cb8a5d36cdf7,calibration,eigenvector_centrality,0.269403032449,0.923298786239,1
pb01_case_a0d626f339a2fb3f25079c32,calibration,eigenvector_centrality,1.000000000000,0.835644622515,1
pb01_case_6888e1a1e1a62d91def5df23,calibration,eigenvector_centrality,0.427038373461,0.936030736527,1
pb01_case_3626379f4c4db020b165908a,calibration,eigenvector_centrality,0.427565127660,0.908401927751,1
pb01_case_cd741308b64469ccf1571ec6,calibration,eigenvector_centrality,0.354190764717,0.991508687310,1
pb01_case_ddc268b63889b6a40f69eee3,calibration,eigenvector_centrality,0.369702997955,0.979749945249,1
pb01_case_b4c88bcc0a2dffc1939bfd3c,calibration,eigenvector_centrality,0.287510849410,0.999964432237,1
pb01_case_1af58135bbb105277d0a2320,calibration,eigenvector_centrality,0.519963601896,0.999901969393,1
pb01_case_2b1b838928b19e3a15587322,calibration,eigenvector_centrality,0.351304869659,0.920337938134,1
pb01_case_0e54fef464c01010e4d6d8e2,calibration,eigenvector_centrality,0.284992367452,0.922483127327,1
pb01_case_941b0cd020ec4d66f9ebee4d,calibration,eigenvector_centrality,0.438685046519,0.920303691533,1
pb01_case_677ddbfe01f98b1df36cf440,calibration,eigenvector_centrality,0.503719232945,0.915539109973,1
pb01_case_b0f987886fc67b2f5869e92f,calibration,eigenvector_centrality,0.400450999472,0.988096184851,1
pb01_case_0c819699553bb4ddadfdb9cb,calibration,eigenvector_centrality,0.438129736140,0.978903230623,1
pb01_case_46c81984c9fa72124ad64371,calibration,eigenvector_centrality,0.310572030485,0.999960101372,1
pb01_case_73dbc4ed0118bb0eb327c469,calibration,eigenvector_centrality,0.641637679044,0.999957709054,1
pb01_case_712744e694545c5f3dba4918,calibration,eigenvector_centrality,0.378389135423,0.931890336062,1
pb01_case_4ff7a1c8b846da34364664ee,calibration,eigenvector_centrality,0.449805499287,0.916707799684,1
pb01_case_6a0169bb5a59e4188d514a55,calibration,eigenvector_centrality,0.510966998385,0.934212932772,1
pb01_case_61c249f22cb56ba8f48ad0b6,calibration,eigenvector_centrality,0.510716381777,0.904706772807,1
pb01_case_af91177d1114b7fb05fc8266,calibration,eigenvector_centrality,0.579983775869,0.985011930225,1
pb01_case_2648f4519f070c13b83752a7,calibration,eigenvector_centrality,0.377891143753,0.978616287816,1
pb01_case_039d2f795938287b11fd2a7b,calibration,eigenvector_centrality,0.559146679264,0.999906402306,1
pb01_case_2d3bb3dc235ac6ab243e7105,calibration,eigenvector_centrality,0.376788368077,0.999792911048,1
pb01_case_c8708df0963038a94800fa5c,calibration,eigenvector_centrality,0.799875368485,0.884736382874,1
pb01_case_6b0e12596a22bb6a4791b267,calibration,eigenvector_centrality,0.302440787221,0.927681469240,1
pb01_case_676c89c6bf4dfbcf6d37dfde,calibration,eigenvector_centrality,0.536923402550,0.933801647469,1
pb01_case_f657d3215e5dbb9292ea2dfa,calibration,eigenvector_centrality,0.527901449398,0.906057112535,1
pb01_case_60fccafe865a0385e907a8c2,calibration,eigenvector_centrality,0.597775696390,0.984614271945,1
pb01_case_b2101ef91025f2fbad286711,calibration,eigenvector_centrality,0.442498061361,0.981468987347,1
pb01_case_45365b1b3e934ae6e74cc53a,calibration,eigenvector_centrality,0.419397799559,0.999982944942,1
pb01_case_8a457ed0eb210d25f47ecbd7,calibration,eigenvector_centrality,0.538865947952,0.999931917227,1
pb01_case_1a292d65108cf967ec1d5dd0,calibration,eigenvector_centrality,0.456707297063,0.937256286327,1
pb01_case_45f23ad8ba7fabe221db4bc5,calibration,eigenvector_centrality,0.623808057859,0.922955708841,1
pb01_case_38bf3db425c749b61ef97fdc,calibration,eigenvector_centrality,0.560801315680,0.922095924010,1
pb01_case_c753ea6b70cbbb838b5613d3,calibration,eigenvector_centrality,0.660500992945,0.898825659936,1
pb01_case_9dfe3941a9feb9c7752074c0,calibration,eigenvector_centrality,0.675501683019,0.986390795459,1
pb01_case_ab10f9e4ababba6fbc0dd953,calibration,eigenvector_centrality,0.718675402764,0.980657066098,1
pb01_case_daca0e53639c211b3213a1e0,calibration,eigenvector_centrality,0.487162101176,0.999882396809,1
pb01_case_9f13d69f42dcffa9f56d9925,calibration,eigenvector_centrality,0.660265631094,0.999853951715,1
pb01_case_70eb38c4bd19e5232244e977,calibration,eigenvector_centrality,0.765413002374,0.920647426504,1
pb01_case_368f0f79ecff9c9c2b7ff62a,calibration,eigenvector_centrality,0.942135026190,0.907513262532,1
pb01_case_15c3f75ffe7724e9eba5e5c0,calibration,eigenvector_centrality,0.751561003457,0.937729245503,1
pb01_case_0aa796d3aebfc3f8678c784f,calibration,eigenvector_centrality,0.771855109397,0.918872831313,1
pb01_case_d318298976a458c5c4fa1a1e,calibration,eigenvector_centrality,0.669776611758,0.987245091891,1
pb01_case_62e3b5892f697fa2d26b60cc,calibration,eigenvector_centrality,0.696791968455,0.980784332402,1
pb01_case_760037be28a90537dea96517,calibration,eigenvector_centrality,0.788983106901,0.999506643548,1
pb01_case_9eef7bcef81d417b3c582290,calibration,eigenvector_centrality,0.796637314511,0.998445022207,1
pb01_case_54889b43e39992657cfb889a,calibration,eigenvector_centrality,0.849234796874,0.906389904393,1
pb01_case_9b553259aaa31a932480887c,calibration,eigenvector_centrality,0.810337506353,0.921536495366,1
pb01_case_886f049876fc4aeff42a2a4b,calibration,eigenvector_centrality,0.744888272056,0.954944550770,1
pb01_case_139b8b339a57df48e14fcc5c,calibration,eigenvector_centrality,0.695164445579,0.921467763488,1
pb01_case_5cca6dfc4dddc625e489a9ad,calibration,eigenvector_centrality,0.500523243722,0.988684992664,1
pb01_case_81e7fc7362b9d387e42ca183,calibration,eigenvector_centrality,0.768668191851,0.975707157576,1
pb01_case_06dc42c9e7c0961d192f6fc3,calibration,eigenvector_centrality,0.853059191056,0.998608597867,1
pb01_case_7ad22bcc114e0d412403dede,calibration,eigenvector_centrality,0.823098912324,0.997250047009,1
pb01_case_745c95f546bb616e0f8f9dcd,calibration,eigenvector_centrality,0.574561284952,0.920857467152,1
pb01_case_c666dc79b2b8dd5f7af2f2a5,calibration,eigenvector_centrality,0.379403801295,0.926546737021,1
pb01_case_8ab92f2cf09de1cdf404d8a5,calibration,eigenvector_centrality,0.668097858164,0.931858434534,1
pb01_case_b68804e4fa96afbf2e2af155,calibration,eigenvector_centrality,0.604904389541,0.895158779208,1
pb01_case_6e2cdd5d82699d50f45bc53c,calibration,eigenvector_centrality,0.600189534211,0.988262421655,1
pb01_case_ccea2874eea03ef807509bfa,calibration,eigenvector_centrality,0.443290053776,0.981594310554,1
pb01_case_af9a6f8dbace6f9307afb06f,calibration,eigenvector_centrality,0.754646252898,0.999161320737,1
pb01_case_4aaf102319dd483f691fef99,calibration,eigenvector_centrality,0.880080464562,0.998224778274,1
pb01_case_c613ab5c57aa92cf7187ba80,calibration,eigenvector_centrality,0.795328812348,0.920556008664,1
pb01_case_ae86fcb1b73e1bf680ffeb99,calibration,eigenvector_centrality,0.945408544595,0.912068049041,1
pb01_case_4855cbf15216178615762848,calibration,eigenvector_centrality,0.841122889183,0.933985739427,1
pb01_case_92023d5d0549d62b0252ee87,calibration,eigenvector_centrality,0.828436184741,0.920019565877,1
pb01_case_fbb377be450a00fb70e5f557,calibration,eigenvector_centrality,0.795392420891,0.987990237410,1
pb01_case_a50f125e540058fd5c920d38,calibration,eigenvector_centrality,0.808571026662,0.977143173426,1
pb01_case_c95127a07733370fef3a53f3,calibration,eigenvector_centrality,0.951126076373,0.999199966782,1
pb01_case_3b29502d8ae28c659ee65bc5,calibration,eigenvector_centrality,0.780187015605,0.997634354348,1
pb01_case_8a1d0fb0298b4b54ef6b5f46,calibration,eigenvector_centrality,0.818948137841,0.918107124842,1
pb01_case_1cec8c224792879ce80a5c18,calibration,eigenvector_centrality,0.963844922318,0.907737112331,1
pb01_case_22cbcf058775b6a909c962e0,calibration,eigenvector_centrality,0.865559161632,0.928515995149,1
pb01_case_7ab307c7ec1b6313819a043b,calibration,eigenvector_centrality,0.846431718019,0.927812876773,1
pb01_case_a410130aeeb4a79ba3726130,calibration,eigenvector_centrality,0.802478513403,0.987404686862,1
pb01_case_aebd9c5f29070e5785d76b7f,calibration,eigenvector_centrality,0.819323853512,0.979635334791,1
pb01_case_14a27a172d596294c67f8ff8,calibration,eigenvector_centrality,0.827551336826,0.999511675683,1
pb01_case_9571b0193f6f088ff3d5b6e8,calibration,eigenvector_centrality,0.849439613026,0.996639515151,1
pb01_case_fb01690701ca052cfb499317,calibration,eigenvector_centrality,0.598555052227,0.911509633696,1
pb01_case_0c37ca0a479945ddd7ac36db,calibration,eigenvector_centrality,1.000000000000,0.901244221564,1
pb01_case_b37920d0db1e9258a8e8b2fe,calibration,eigenvector_centrality,0.711567371997,0.945981356388,1
pb01_case_2c929ada31d03647d671666e,calibration,eigenvector_centrality,0.694519031142,0.918866059226,1
pb01_case_3582c328e7bc89b161bee18c,calibration,eigenvector_centrality,0.644334586979,0.986845795109,1
pb01_case_fcf8cac5d2edf62c315625a5,calibration,eigenvector_centrality,0.794575548078,0.979898038801,1
pb01_case_9a25778762e17f4222440314,calibration,eigenvector_centrality,0.775518759047,0.998924063951,1
pb01_case_8e4bcfa4ac977553a9418012,calibration,eigenvector_centrality,0.765143876896,0.998334515037,1
pb01_case_449c5e4b09082f8cb95216c7,calibration,eigenvector_centrality,0.901887284757,0.899587063031,1
pb01_case_0dd1175c279a75473324e6b3,calibration,eigenvector_centrality,0.165716152594,0.912237139112,1
pb01_case_c0ca55f8828ac5045a930c04,calibration,eigenvector_centrality,0.503027949995,0.938437123012,1
pb01_case_451f2ad3228c649e456f5872,calibration,eigenvector_centrality,0.400081866779,0.916091992675,1
pb01_case_91884575ee854bdfbf7e744c,calibration,eigenvector_centrality,0.251448074745,0.988827274702,1
pb01_case_ff44365dd241b26f486b5d8b,calibration,eigenvector_centrality,0.262239254042,0.981903021517,1
pb01_case_98a30d141c4b6f5467b1d004,calibration,eigenvector_centrality,0.803923871828,0.988308934610,1
pb01_case_3e998f167f2551d3289b999f,calibration,eigenvector_centrality,0.728305777894,0.984643385583,1
pb01_case_fa9120f17f2632ba14d06d0e,calibration,eigenvector_centrality,0.310422093195,0.886068080433,1
pb01_case_a6efa7b82435acafef7b7f8c,calibration,eigenvector_centrality,0.186156878599,0.925181434926,1
pb01_case_3dd1e84e19a9dbbd461cec72,calibration,eigenvector_centrality,0.410747803335,0.935681398215,1
pb01_case_99e6702cd118aab2a8e14e4f,calibration,eigenvector_centrality,0.322079622977,0.894174292327,1
pb01_case_7483b02b7ede13bf7b04411c,calibration,eigenvector_centrality,0.724859474195,0.988721549251,1
pb01_case_7fbbdb143bb325e2db995f1d,calibration,eigenvector_centrality,0.256216587131,0.974332321382,1
pb01_case_bbe71953437568dfc135c6a3,calibration,eigenvector_centrality,0.181251057785,0.985987565592,1
pb01_case_e5bc79f8583958b95064ba05,calibration,eigenvector_centrality,0.125735643732,0.980645635323,1
pb01_case_0a0eddeda0bdcdc0b2bfe8da,calibration,eigenvector_centrality,0.339902251554,0.876832844827,1
pb01_case_65f6ac0782934f2453464ebf,calibration,eigenvector_centrality,0.191490731648,0.907963239362,1
pb01_case_36a18348a08278c2a2e66c98,calibration,eigenvector_centrality,0.446061615635,0.906994094115,1
pb01_case_e2e8c9a3c84575264578cf0f,calibration,eigenvector_centrality,0.453157677890,0.920144126204,1
pb01_case_2ab0fa8e986ed495cf7c0b1d,calibration,eigenvector_centrality,0.264181493507,0.983037896913,1
pb01_case_9e5d8ca7bc1bcb9b5c8b1e67,calibration,eigenvector_centrality,0.185778820651,0.981421293783,1
pb01_case_dcf3e6079e3abc30e4de0383,calibration,eigenvector_centrality,0.601509005862,0.997244759772,1
pb01_case_39f97d2d80694a738334788f,calibration,eigenvector_centrality,0.347430542092,0.994526046409,1
pb01_case_a436321764e9408748ecddaf,calibration,eigenvector_centrality,0.644300177516,0.927729246747,1
pb01_case_9db30ad2d171c901aa0cd3f9,calibration,eigenvector_centrality,0.687918988819,0.911581731917,1
pb01_case_c843cd6913fb34c7fce47d60,calibration,eigenvector_centrality,0.639866920544,0.943915678738,1
pb01_case_5404ae5ed626623e31bf8d82,calibration,eigenvector_centrality,0.645802769198,0.898938208860,1
pb01_case_088d5df0422c462196d0f950,calibration,eigenvector_centrality,0.576415293634,0.989105654121,1
pb01_case_3a4bc6e50988bead2964209a,calibration,eigenvector_centrality,0.518597618020,0.975609328398,1
pb01_case_ca1ac561669cd7c499d56c4d,calibration,eigenvector_centrality,0.659614275514,0.993431419213,1
pb01_case_333ff356d7e3582b36f93f31,calibration,eigenvector_centrality,0.674608447051,0.993710919001,1
pb01_case_e6049b84697e1166d89991fe,calibration,eigenvector_centrality,0.000000000000,0.957857765230,1
pb01_case_9f7e631a2d0a0f5eea085c11,calibration,eigenvector_centrality,0.573427801917,0.935121711714,1
pb01_case_d64984eff70f19e24487da35,calibration,eigenvector_centrality,0.344827970293,0.946613806601,1
pb01_case_36e0673a14ea32a43a75e9dc,calibration,eigenvector_centrality,0.337717539770,0.905459332136,1
pb01_case_deeb9b5f5a45c4368efca1bb,calibration,eigenvector_centrality,0.826678546044,0.987622782278,1
pb01_case_1586f54a82905da670e767bd,calibration,eigenvector_centrality,0.728034652414,0.977889595295,1
pb01_case_a215d555b9dd7380223daa5a,calibration,eigenvector_centrality,0.246518516575,0.989262477002,1
pb01_case_23d039c19b3a60c5477daa02,calibration,eigenvector_centrality,0.035908637683,0.975441158647,1
pb01_case_dfa357b5ca40bc1f6eca26ba,calibration,eigenvector_centrality,0.182205482023,0.918054631357,1
pb01_case_cdc6b06484b3f2673526a463,calibration,eigenvector_centrality,0.128573556384,0.915166364753,1
pb01_case_b6468a0b6037295dbc28315e,calibration,eigenvector_centrality,0.354063139825,0.929483630941,1
pb01_case_46c946becfeee33cb6e348dc,calibration,eigenvector_centrality,0.390618402982,0.900502291866,1
pb01_case_2012b8ea408beb2600f117fc,calibration,eigenvector_centrality,0.728296199978,0.987523271533,1
pb01_case_352e5f9405cbcae1f5b13908,calibration,eigenvector_centrality,0.147388221155,0.984562597430,1
pb01_case_95b4c82d6f5aee162f1bb47c,calibration,eigenvector_centrality,0.635749501483,0.994479762083,1
pb01_case_1b760c2072f5275f0f8d0c49,calibration,eigenvector_centrality,0.887745524793,0.980941169707,1
pb01_case_999af33a7ff44b9532706860,calibration,graph_size_density,0.953578539227,0.903350803669,1
pb01_case_dc496792acd1b10c5da86c23,calibration,graph_size_density,0.953578539227,0.934212241133,1
pb01_case_21b0022e07506d2041c7a258,calibration,graph_size_density,0.953578539227,0.938324458402,1
pb01_case_1bef087cb0671427b8d35398,calibration,graph_size_density,0.953578539227,0.902079530762,1
pb01_case_092504b5782c92825ddb5b25,calibration,graph_size_density,0.953578539227,0.986690695509,1
pb01_case_5aa96139cbecf49503683756,calibration,graph_size_density,0.953578539227,0.974641973923,1
pb01_case_80e92e6a1cb7151a0110554b,calibration,graph_size_density,0.953578539227,0.999955975510,1
pb01_case_5d857f6ac31f8ec882e492b2,calibration,graph_size_density,0.953578539227,0.999996512418,1
pb01_case_dc0d54c53896cb8a5d36cdf7,calibration,graph_size_density,0.952800894182,0.923298786239,1
pb01_case_a0d626f339a2fb3f25079c32,calibration,graph_size_density,0.952800894182,0.835644622515,1
pb01_case_6888e1a1e1a62d91def5df23,calibration,graph_size_density,0.952800894182,0.936030736527,1
pb01_case_3626379f4c4db020b165908a,calibration,graph_size_density,0.952800894182,0.908401927751,1
pb01_case_cd741308b64469ccf1571ec6,calibration,graph_size_density,0.952800894182,0.991508687310,1
pb01_case_ddc268b63889b6a40f69eee3,calibration,graph_size_density,0.952800894182,0.979749945249,1
pb01_case_b4c88bcc0a2dffc1939bfd3c,calibration,graph_size_density,0.952800894182,0.999964432237,1
pb01_case_1af58135bbb105277d0a2320,calibration,graph_size_density,0.952800894182,0.999901969393,1
pb01_case_2b1b838928b19e3a15587322,calibration,graph_size_density,0.953295759211,0.920337938134,1
pb01_case_0e54fef464c01010e4d6d8e2,calibration,graph_size_density,0.953295759211,0.922483127327,1
pb01_case_941b0cd020ec4d66f9ebee4d,calibration,graph_size_density,0.953295759211,0.920303691533,1
pb01_case_677ddbfe01f98b1df36cf440,calibration,graph_size_density,0.953295759211,0.915539109973,1
pb01_case_b0f987886fc67b2f5869e92f,calibration,graph_size_density,0.953295759211,0.988096184851,1
pb01_case_0c819699553bb4ddadfdb9cb,calibration,graph_size_density,0.953295759211,0.978903230623,1
pb01_case_46c81984c9fa72124ad64371,calibration,graph_size_density,0.953295759211,0.999960101372,1
pb01_case_73dbc4ed0118bb0eb327c469,calibration,graph_size_density,0.953295759211,0.999957709054,1
pb01_case_712744e694545c5f3dba4918,calibration,graph_size_density,0.953083674198,0.931890336062,1
pb01_case_4ff7a1c8b846da34364664ee,calibration,graph_size_density,0.953083674198,0.916707799684,1
pb01_case_6a0169bb5a59e4188d514a55,calibration,graph_size_density,0.953083674198,0.934212932772,1
pb01_case_61c249f22cb56ba8f48ad0b6,calibration,graph_size_density,0.953083674198,0.904706772807,1
pb01_case_af91177d1114b7fb05fc8266,calibration,graph_size_density,0.953083674198,0.985011930225,1
pb01_case_2648f4519f070c13b83752a7,calibration,graph_size_density,0.953083674198,0.978616287816,1
pb01_case_039d2f795938287b11fd2a7b,calibration,graph_size_density,0.953083674198,0.999906402306,1
pb01_case_2d3bb3dc235ac6ab243e7105,calibration,graph_size_density,0.953083674198,0.999792911048,1
pb01_case_c8708df0963038a94800fa5c,calibration,graph_size_density,0.953719929236,0.884736382874,1
pb01_case_6b0e12596a22bb6a4791b267,calibration,graph_size_density,0.953719929236,0.927681469240,1
pb01_case_676c89c6bf4dfbcf6d37dfde,calibration,graph_size_density,0.953719929236,0.933801647469,1
pb01_case_f657d3215e5dbb9292ea2dfa,calibration,graph_size_density,0.953719929236,0.906057112535,1
pb01_case_60fccafe865a0385e907a8c2,calibration,graph_size_density,0.953719929236,0.984614271945,1
pb01_case_b2101ef91025f2fbad286711,calibration,graph_size_density,0.953719929236,0.981468987347,1
pb01_case_45365b1b3e934ae6e74cc53a,calibration,graph_size_density,0.953719929236,0.999982944942,1
pb01_case_8a457ed0eb210d25f47ecbd7,calibration,graph_size_density,0.953719929236,0.999931917227,1
pb01_case_1a292d65108cf967ec1d5dd0,calibration,graph_size_density,0.952447419161,0.937256286327,1
pb01_case_45f23ad8ba7fabe221db4bc5,calibration,graph_size_density,0.952447419161,0.922955708841,1
pb01_case_38bf3db425c749b61ef97fdc,calibration,graph_size_density,0.952447419161,0.922095924010,1
pb01_case_c753ea6b70cbbb838b5613d3,calibration,graph_size_density,0.952447419161,0.898825659936,1
pb01_case_9dfe3941a9feb9c7752074c0,calibration,graph_size_density,0.952447419161,0.986390795459,1
pb01_case_ab10f9e4ababba6fbc0dd953,calibration,graph_size_density,0.952447419161,0.980657066098,1
pb01_case_daca0e53639c211b3213a1e0,calibration,graph_size_density,0.952447419161,0.999882396809,1
pb01_case_9f13d69f42dcffa9f56d9925,calibration,graph_size_density,0.952447419161,0.999853951715,1
pb01_case_70eb38c4bd19e5232244e977,calibration,graph_size_density,0.954356184273,0.920647426504,1
pb01_case_368f0f79ecff9c9c2b7ff62a,calibration,graph_size_density,0.954356184273,0.907513262532,1
pb01_case_15c3f75ffe7724e9eba5e5c0,calibration,graph_size_density,0.954356184273,0.937729245503,1
pb01_case_0aa796d3aebfc3f8678c784f,calibration,graph_size_density,0.954356184273,0.918872831313,1
pb01_case_d318298976a458c5c4fa1a1e,calibration,graph_size_density,0.954356184273,0.987245091891,1
pb01_case_62e3b5892f697fa2d26b60cc,calibration,graph_size_density,0.954356184273,0.980784332402,1
pb01_case_760037be28a90537dea96517,calibration,graph_size_density,0.954356184273,0.999506643548,1
pb01_case_9eef7bcef81d417b3c582290,calibration,graph_size_density,0.954356184273,0.998445022207,1
pb01_case_54889b43e39992657cfb889a,calibration,graph_size_density,0.954356184273,0.906389904393,1
pb01_case_9b553259aaa31a932480887c,calibration,graph_size_density,0.954356184273,0.921536495366,1
pb01_case_886f049876fc4aeff42a2a4b,calibration,graph_size_density,0.954356184273,0.954944550770,1
pb01_case_139b8b339a57df48e14fcc5c,calibration,graph_size_density,0.954356184273,0.921467763488,1
pb01_case_5cca6dfc4dddc625e489a9ad,calibration,graph_size_density,0.954356184273,0.988684992664,1
pb01_case_81e7fc7362b9d387e42ca183,calibration,graph_size_density,0.954356184273,0.975707157576,1
pb01_case_06dc42c9e7c0961d192f6fc3,calibration,graph_size_density,0.954356184273,0.998608597867,1
pb01_case_7ad22bcc114e0d412403dede,calibration,graph_size_density,0.954356184273,0.997250047009,1
pb01_case_745c95f546bb616e0f8f9dcd,calibration,graph_size_density,0.954285489269,0.920857467152,1
pb01_case_c666dc79b2b8dd5f7af2f2a5,calibration,graph_size_density,0.954285489269,0.926546737021,1
pb01_case_8ab92f2cf09de1cdf404d8a5,calibration,graph_size_density,0.954285489269,0.931858434534,1
pb01_case_b68804e4fa96afbf2e2af155,calibration,graph_size_density,0.954285489269,0.895158779208,1
pb01_case_6e2cdd5d82699d50f45bc53c,calibration,graph_size_density,0.954285489269,0.988262421655,1
pb01_case_ccea2874eea03ef807509bfa,calibration,graph_size_density,0.954285489269,0.981594310554,1
pb01_case_af9a6f8dbace6f9307afb06f,calibration,graph_size_density,0.954285489269,0.999161320737,1
pb01_case_4aaf102319dd483f691fef99,calibration,graph_size_density,0.954285489269,0.998224778274,1
pb01_case_c613ab5c57aa92cf7187ba80,calibration,graph_size_density,0.954214794265,0.920556008664,1
pb01_case_ae86fcb1b73e1bf680ffeb99,calibration,graph_size_density,0.954214794265,0.912068049041,1
pb01_case_4855cbf15216178615762848,calibration,graph_size_density,0.954214794265,0.933985739427,1
pb01_case_92023d5d0549d62b0252ee87,calibration,graph_size_density,0.954214794265,0.920019565877,1
pb01_case_fbb377be450a00fb70e5f557,calibration,graph_size_density,0.954214794265,0.987990237410,1
pb01_case_a50f125e540058fd5c920d38,calibration,graph_size_density,0.954214794265,0.977143173426,1
pb01_case_c95127a07733370fef3a53f3,calibration,graph_size_density,0.954214794265,0.999199966782,1
pb01_case_3b29502d8ae28c659ee65bc5,calibration,graph_size_density,0.954214794265,0.997634354348,1
pb01_case_8a1d0fb0298b4b54ef6b5f46,calibration,graph_size_density,0.954214794265,0.918107124842,1
pb01_case_1cec8c224792879ce80a5c18,calibration,graph_size_density,0.954214794265,0.907737112331,1
pb01_case_22cbcf058775b6a909c962e0,calibration,graph_size_density,0.954214794265,0.928515995149,1
pb01_case_7ab307c7ec1b6313819a043b,calibration,graph_size_density,0.954214794265,0.927812876773,1
pb01_case_a410130aeeb4a79ba3726130,calibration,graph_size_density,0.954214794265,0.987404686862,1
pb01_case_aebd9c5f29070e5785d76b7f,calibration,graph_size_density,0.954214794265,0.979635334791,1
pb01_case_14a27a172d596294c67f8ff8,calibration,graph_size_density,0.954214794265,0.999511675683,1
pb01_case_9571b0193f6f088ff3d5b6e8,calibration,graph_size_density,0.954214794265,0.996639515151,1
pb01_case_fb01690701ca052cfb499317,calibration,graph_size_density,0.954285489269,0.911509633696,1
pb01_case_0c37ca0a479945ddd7ac36db,calibration,graph_size_density,0.954285489269,0.901244221564,1
pb01_case_b37920d0db1e9258a8e8b2fe,calibration,graph_size_density,0.954285489269,0.945981356388,1
pb01_case_2c929ada31d03647d671666e,calibration,graph_size_density,0.954285489269,0.918866059226,1
pb01_case_3582c328e7bc89b161bee18c,calibration,graph_size_density,0.954285489269,0.986845795109,1
pb01_case_fcf8cac5d2edf62c315625a5,calibration,graph_size_density,0.954285489269,0.979898038801,1
pb01_case_9a25778762e17f4222440314,calibration,graph_size_density,0.954285489269,0.998924063951,1
pb01_case_8e4bcfa4ac977553a9418012,calibration,graph_size_density,0.954285489269,0.998334515037,1
pb01_case_449c5e4b09082f8cb95216c7,calibration,graph_size_density,0.954285489269,0.899587063031,1
pb01_case_0dd1175c279a75473324e6b3,calibration,graph_size_density,0.954285489269,0.912237139112,1
pb01_case_c0ca55f8828ac5045a930c04,calibration,graph_size_density,0.954285489269,0.938437123012,1
pb01_case_451f2ad3228c649e456f5872,calibration,graph_size_density,0.954285489269,0.916091992675,1
pb01_case_91884575ee854bdfbf7e744c,calibration,graph_size_density,0.954285489269,0.988827274702,1
pb01_case_ff44365dd241b26f486b5d8b,calibration,graph_size_density,0.954285489269,0.981903021517,1
pb01_case_98a30d141c4b6f5467b1d004,calibration,graph_size_density,0.954285489269,0.988308934610,1
pb01_case_3e998f167f2551d3289b999f,calibration,graph_size_density,0.954285489269,0.984643385583,1
pb01_case_fa9120f17f2632ba14d06d0e,calibration,graph_size_density,0.953861319244,0.886068080433,1
pb01_case_a6efa7b82435acafef7b7f8c,calibration,graph_size_density,0.953861319244,0.925181434926,1
pb01_case_3dd1e84e19a9dbbd461cec72,calibration,graph_size_density,0.953861319244,0.935681398215,1
pb01_case_99e6702cd118aab2a8e14e4f,calibration,graph_size_density,0.953861319244,0.894174292327,1
pb01_case_7483b02b7ede13bf7b04411c,calibration,graph_size_density,0.953861319244,0.988721549251,1
pb01_case_7fbbdb143bb325e2db995f1d,calibration,graph_size_density,0.953861319244,0.974332321382,1
pb01_case_bbe71953437568dfc135c6a3,calibration,graph_size_density,0.953861319244,0.985987565592,1
pb01_case_e5bc79f8583958b95064ba05,calibration,graph_size_density,0.953861319244,0.980645635323,1
pb01_case_0a0eddeda0bdcdc0b2bfe8da,calibration,graph_size_density,0.953578539227,0.876832844827,1
pb01_case_65f6ac0782934f2453464ebf,calibration,graph_size_density,0.953578539227,0.907963239362,1
pb01_case_36a18348a08278c2a2e66c98,calibration,graph_size_density,0.953578539227,0.906994094115,1
pb01_case_e2e8c9a3c84575264578cf0f,calibration,graph_size_density,0.953578539227,0.920144126204,1
pb01_case_2ab0fa8e986ed495cf7c0b1d,calibration,graph_size_density,0.953578539227,0.983037896913,1
pb01_case_9e5d8ca7bc1bcb9b5c8b1e67,calibration,graph_size_density,0.953578539227,0.981421293783,1
pb01_case_dcf3e6079e3abc30e4de0383,calibration,graph_size_density,0.953578539227,0.997244759772,1
pb01_case_39f97d2d80694a738334788f,calibration,graph_size_density,0.953578539227,0.994526046409,1
pb01_case_a436321764e9408748ecddaf,calibration,graph_size_density,0.953719929236,0.927729246747,1
pb01_case_9db30ad2d171c901aa0cd3f9,calibration,graph_size_density,0.953719929236,0.911581731917,1
pb01_case_c843cd6913fb34c7fce47d60,calibration,graph_size_density,0.953719929236,0.943915678738,1
pb01_case_5404ae5ed626623e31bf8d82,calibration,graph_size_density,0.953719929236,0.898938208860,1
pb01_case_088d5df0422c462196d0f950,calibration,graph_size_density,0.953719929236,0.989105654121,1
pb01_case_3a4bc6e50988bead2964209a,calibration,graph_size_density,0.953719929236,0.975609328398,1
pb01_case_ca1ac561669cd7c499d56c4d,calibration,graph_size_density,0.953719929236,0.993431419213,1
pb01_case_333ff356d7e3582b36f93f31,calibration,graph_size_density,0.953719929236,0.993710919001,1
pb01_case_e6049b84697e1166d89991fe,calibration,graph_size_density,0.953366454215,0.957857765230,1
pb01_case_9f7e631a2d0a0f5eea085c11,calibration,graph_size_density,0.953366454215,0.935121711714,1
pb01_case_d64984eff70f19e24487da35,calibration,graph_size_density,0.953366454215,0.946613806601,1
pb01_case_36e0673a14ea32a43a75e9dc,calibration,graph_size_density,0.953366454215,0.905459332136,1
pb01_case_deeb9b5f5a45c4368efca1bb,calibration,graph_size_density,0.953366454215,0.987622782278,1
pb01_case_1586f54a82905da670e767bd,calibration,graph_size_density,0.953366454215,0.977889595295,1
pb01_case_a215d555b9dd7380223daa5a,calibration,graph_size_density,0.953366454215,0.989262477002,1
pb01_case_23d039c19b3a60c5477daa02,calibration,graph_size_density,0.953366454215,0.975441158647,1
pb01_case_dfa357b5ca40bc1f6eca26ba,calibration,graph_size_density,0.953790624240,0.918054631357,1
pb01_case_cdc6b06484b3f2673526a463,calibration,graph_size_density,0.953790624240,0.915166364753,1
pb01_case_b6468a0b6037295dbc28315e,calibration,graph_size_density,0.953790624240,0.929483630941,1
pb01_case_46c946becfeee33cb6e348dc,calibration,graph_size_density,0.953790624240,0.900502291866,1
pb01_case_2012b8ea408beb2600f117fc,calibration,graph_size_density,0.953790624240,0.987523271533,1
pb01_case_352e5f9405cbcae1f5b13908,calibration,graph_size_density,0.953790624240,0.984562597430,1
pb01_case_95b4c82d6f5aee162f1bb47c,calibration,graph_size_density,0.953790624240,0.994479762083,1
pb01_case_1b760c2072f5275f0f8d0c49,calibration,graph_size_density,0.953790624240,0.980941169707,1
pb01_case_999af33a7ff44b9532706860,calibration,haos_ablated_score,0.908073797727,0.903350803669,1
pb01_case_dc496792acd1b10c5da86c23,calibration,haos_ablated_score,0.917118097896,0.934212241133,1
pb01_case_21b0022e07506d2041c7a258,calibration,haos_ablated_score,0.920780794080,0.938324458402,1
pb01_case_1bef087cb0671427b8d35398,calibration,haos_ablated_score,0.904640443270,0.902079530762,1
pb01_case_092504b5782c92825ddb5b25,calibration,haos_ablated_score,0.987160633378,0.986690695509,1
pb01_case_5aa96139cbecf49503683756,calibration,haos_ablated_score,0.985644519581,0.974641973923,1
pb01_case_80e92e6a1cb7151a0110554b,calibration,haos_ablated_score,0.994392986719,0.999955975510,1
pb01_case_5d857f6ac31f8ec882e492b2,calibration,haos_ablated_score,0.985222069443,0.999996512418,1
pb01_case_dc0d54c53896cb8a5d36cdf7,calibration,haos_ablated_score,0.914750548654,0.923298786239,1
pb01_case_a0d626f339a2fb3f25079c32,calibration,haos_ablated_score,0.889628855472,0.835644622515,1
pb01_case_6888e1a1e1a62d91def5df23,calibration,haos_ablated_score,0.920668827911,0.936030736527,1
pb01_case_3626379f4c4db020b165908a,calibration,haos_ablated_score,0.913812293353,0.908401927751,1
pb01_case_cd741308b64469ccf1571ec6,calibration,haos_ablated_score,0.995327026011,0.991508687310,1
pb01_case_ddc268b63889b6a40f69eee3,calibration,haos_ablated_score,0.979782904223,0.979749945249,1
pb01_case_b4c88bcc0a2dffc1939bfd3c,calibration,haos_ablated_score,0.993405218574,0.999964432237,1
pb01_case_1af58135bbb105277d0a2320,calibration,haos_ablated_score,0.984004699076,0.999901969393,1
pb01_case_2b1b838928b19e3a15587322,calibration,haos_ablated_score,0.919332314329,0.920337938134,1
pb01_case_0e54fef464c01010e4d6d8e2,calibration,haos_ablated_score,0.920724544794,0.922483127327,1
pb01_case_941b0cd020ec4d66f9ebee4d,calibration,haos_ablated_score,0.914331057288,0.920303691533,1
pb01_case_677ddbfe01f98b1df36cf440,calibration,haos_ablated_score,0.910560114161,0.915539109973,1
pb01_case_b0f987886fc67b2f5869e92f,calibration,haos_ablated_score,0.991862905754,0.988096184851,1
pb01_case_0c819699553bb4ddadfdb9cb,calibration,haos_ablated_score,0.988255140181,0.978903230623,1
pb01_case_46c81984c9fa72124ad64371,calibration,haos_ablated_score,0.993173896359,0.999960101372,1
pb01_case_73dbc4ed0118bb0eb327c469,calibration,haos_ablated_score,0.984285339924,0.999957709054,1
pb01_case_712744e694545c5f3dba4918,calibration,haos_ablated_score,0.918723413340,0.931890336062,1
pb01_case_4ff7a1c8b846da34364664ee,calibration,haos_ablated_score,0.920139911397,0.916707799684,1
pb01_case_6a0169bb5a59e4188d514a55,calibration,haos_ablated_score,0.920281972766,0.934212932772,1
pb01_case_61c249f22cb56ba8f48ad0b6,calibration,haos_ablated_score,0.893375566336,0.904706772807,1
pb01_case_af91177d1114b7fb05fc8266,calibration,haos_ablated_score,0.985549870369,0.985011930225,1
pb01_case_2648f4519f070c13b83752a7,calibration,haos_ablated_score,0.990323131591,0.978616287816,1
pb01_case_039d2f795938287b11fd2a7b,calibration,haos_ablated_score,0.990503721617,0.999906402306,1
pb01_case_2d3bb3dc235ac6ab243e7105,calibration,haos_ablated_score,0.989452720744,0.999792911048,1
pb01_case_c8708df0963038a94800fa5c,calibration,haos_ablated_score,0.907415557985,0.884736382874,1
pb01_case_6b0e12596a22bb6a4791b267,calibration,haos_ablated_score,0.923190253171,0.927681469240,1
pb01_case_676c89c6bf4dfbcf6d37dfde,calibration,haos_ablated_score,0.939836900756,0.933801647469,1
pb01_case_f657d3215e5dbb9292ea2dfa,calibration,haos_ablated_score,0.918966910259,0.906057112535,1
pb01_case_60fccafe865a0385e907a8c2,calibration,haos_ablated_score,0.983699771294,0.984614271945,1
pb01_case_b2101ef91025f2fbad286711,calibration,haos_ablated_score,0.987458751845,0.981468987347,1
pb01_case_45365b1b3e934ae6e74cc53a,calibration,haos_ablated_score,0.989889573694,0.999982944942,1
pb01_case_8a457ed0eb210d25f47ecbd7,calibration,haos_ablated_score,0.983620938211,0.999931917227,1
pb01_case_1a292d65108cf967ec1d5dd0,calibration,haos_ablated_score,0.922054692204,0.937256286327,1
pb01_case_45f23ad8ba7fabe221db4bc5,calibration,haos_ablated_score,0.924954514521,0.922955708841,1
pb01_case_38bf3db425c749b61ef97fdc,calibration,haos_ablated_score,0.910187434715,0.922095924010,1
pb01_case_c753ea6b70cbbb838b5613d3,calibration,haos_ablated_score,0.892769531947,0.898825659936,1
pb01_case_9dfe3941a9feb9c7752074c0,calibration,haos_ablated_score,0.992453526563,0.986390795459,1
pb01_case_ab10f9e4ababba6fbc0dd953,calibration,haos_ablated_score,0.989414067036,0.980657066098,1
pb01_case_daca0e53639c211b3213a1e0,calibration,haos_ablated_score,0.997649173511,0.999882396809,1
pb01_case_9f13d69f42dcffa9f56d9925,calibration,haos_ablated_score,0.986072712772,0.999853951715,1
pb01_case_70eb38c4bd19e5232244e977,calibration,haos_ablated_score,0.918309674904,0.920647426504,1
pb01_case_368f0f79ecff9c9c2b7ff62a,calibration,haos_ablated_score,0.913050698712,0.907513262532,1
pb01_case_15c3f75ffe7724e9eba5e5c0,calibration,haos_ablated_score,0.932706794815,0.937729245503,1
pb01_case_0aa796d3aebfc3f8678c784f,calibration,haos_ablated_score,0.924031452974,0.918872831313,1
pb01_case_d318298976a458c5c4fa1a1e,calibration,haos_ablated_score,0.990423648705,0.987245091891,1
pb01_case_62e3b5892f697fa2d26b60cc,calibration,haos_ablated_score,0.992642724277,0.980784332402,1
pb01_case_760037be28a90537dea96517,calibration,haos_ablated_score,0.992704286175,0.999506643548,1
pb01_case_9eef7bcef81d417b3c582290,calibration,haos_ablated_score,0.990615091877,0.998445022207,1
pb01_case_54889b43e39992657cfb889a,calibration,haos_ablated_score,0.908688959256,0.906389904393,1
pb01_case_9b553259aaa31a932480887c,calibration,haos_ablated_score,0.921867093687,0.921536495366,1
pb01_case_886f049876fc4aeff42a2a4b,calibration,haos_ablated_score,0.959281492586,0.954944550770,1
pb01_case_139b8b339a57df48e14fcc5c,calibration,haos_ablated_score,0.923788263264,0.921467763488,1
pb01_case_5cca6dfc4dddc625e489a9ad,calibration,haos_ablated_score,0.994957255197,0.988684992664,1
pb01_case_81e7fc7362b9d387e42ca183,calibration,haos_ablated_score,0.984671085451,0.975707157576,1
pb01_case_06dc42c9e7c0961d192f6fc3,calibration,haos_ablated_score,0.995767397617,0.998608597867,1
pb01_case_7ad22bcc114e0d412403dede,calibration,haos_ablated_score,0.989900291645,0.997250047009,1
pb01_case_745c95f546bb616e0f8f9dcd,calibration,haos_ablated_score,0.910349918480,0.920857467152,1
pb01_case_c666dc79b2b8dd5f7af2f2a5,calibration,haos_ablated_score,0.919311004251,0.926546737021,1
pb01_case_8ab92f2cf09de1cdf404d8a5,calibration,haos_ablated_score,0.942792877900,0.931858434534,1
pb01_case_b68804e4fa96afbf2e2af155,calibration,haos_ablated_score,0.909215317005,0.895158779208,1
pb01_case_6e2cdd5d82699d50f45bc53c,calibration,haos_ablated_score,0.985269904308,0.988262421655,1
pb01_case_ccea2874eea03ef807509bfa,calibration,haos_ablated_score,0.991250962071,0.981594310554,1
pb01_case_af9a6f8dbace6f9307afb06f,calibration,haos_ablated_score,0.989933031898,0.999161320737,1
pb01_case_4aaf102319dd483f691fef99,calibration,haos_ablated_score,0.987282603020,0.998224778274,1
pb01_case_c613ab5c57aa92cf7187ba80,calibration,haos_ablated_score,0.919860423503,0.920556008664,1
pb01_case_ae86fcb1b73e1bf680ffeb99,calibration,haos_ablated_score,0.912774789800,0.912068049041,1
pb01_case_4855cbf15216178615762848,calibration,haos_ablated_score,0.933554101393,0.933985739427,1
pb01_case_92023d5d0549d62b0252ee87,calibration,haos_ablated_score,0.922117135974,0.920019565877,1
pb01_case_fbb377be450a00fb70e5f557,calibration,haos_ablated_score,0.986100841234,0.987990237410,1
pb01_case_a50f125e540058fd5c920d38,calibration,haos_ablated_score,0.993139690889,0.977143173426,1
pb01_case_c95127a07733370fef3a53f3,calibration,haos_ablated_score,0.996028333716,0.999199966782,1
pb01_case_3b29502d8ae28c659ee65bc5,calibration,haos_ablated_score,0.994428017480,0.997634354348,1
pb01_case_8a1d0fb0298b4b54ef6b5f46,calibration,haos_ablated_score,0.921713851292,0.918107124842,1
pb01_case_1cec8c224792879ce80a5c18,calibration,haos_ablated_score,0.916554080822,0.907737112331,1
pb01_case_22cbcf058775b6a909c962e0,calibration,haos_ablated_score,0.929297716045,0.928515995149,1
pb01_case_7ab307c7ec1b6313819a043b,calibration,haos_ablated_score,0.925834202614,0.927812876773,1
pb01_case_a410130aeeb4a79ba3726130,calibration,haos_ablated_score,0.993876045847,0.987404686862,1
pb01_case_aebd9c5f29070e5785d76b7f,calibration,haos_ablated_score,0.990478094382,0.979635334791,1
pb01_case_14a27a172d596294c67f8ff8,calibration,haos_ablated_score,0.993789538393,0.999511675683,1
pb01_case_9571b0193f6f088ff3d5b6e8,calibration,haos_ablated_score,0.988919212399,0.996639515151,1
pb01_case_fb01690701ca052cfb499317,calibration,haos_ablated_score,0.912724664009,0.911509633696,1
pb01_case_0c37ca0a479945ddd7ac36db,calibration,haos_ablated_score,0.919081802214,0.901244221564,1
pb01_case_b37920d0db1e9258a8e8b2fe,calibration,haos_ablated_score,0.938652877411,0.945981356388,1
pb01_case_2c929ada31d03647d671666e,calibration,haos_ablated_score,0.915559849953,0.918866059226,1
pb01_case_3582c328e7bc89b161bee18c,calibration,haos_ablated_score,0.987189073420,0.986845795109,1
pb01_case_fcf8cac5d2edf62c315625a5,calibration,haos_ablated_score,0.986676188448,0.979898038801,1
pb01_case_9a25778762e17f4222440314,calibration,haos_ablated_score,0.997601935292,0.998924063951,1
pb01_case_8e4bcfa4ac977553a9418012,calibration,haos_ablated_score,0.981207971973,0.998334515037,1
pb01_case_449c5e4b09082f8cb95216c7,calibration,haos_ablated_score,0.912499675721,0.899587063031,1
pb01_case_0dd1175c279a75473324e6b3,calibration,haos_ablated_score,0.910797929160,0.912237139112,1
pb01_case_c0ca55f8828ac5045a930c04,calibration,haos_ablated_score,0.938384437336,0.938437123012,1
pb01_case_451f2ad3228c649e456f5872,calibration,haos_ablated_score,0.916144415505,0.916091992675,1
pb01_case_91884575ee854bdfbf7e744c,calibration,haos_ablated_score,0.987904600081,0.988827274702,1
pb01_case_ff44365dd241b26f486b5d8b,calibration,haos_ablated_score,0.989354127550,0.981903021517,1
pb01_case_98a30d141c4b6f5467b1d004,calibration,haos_ablated_score,0.992847455031,0.988308934610,1
pb01_case_3e998f167f2551d3289b999f,calibration,haos_ablated_score,0.989094098589,0.984643385583,1
pb01_case_fa9120f17f2632ba14d06d0e,calibration,haos_ablated_score,0.908668402188,0.886068080433,1
pb01_case_a6efa7b82435acafef7b7f8c,calibration,haos_ablated_score,0.927272151765,0.925181434926,1
pb01_case_3dd1e84e19a9dbbd461cec72,calibration,haos_ablated_score,0.952357117563,0.935681398215,1
pb01_case_99e6702cd118aab2a8e14e4f,calibration,haos_ablated_score,0.882870341368,0.894174292327,1
pb01_case_7483b02b7ede13bf7b04411c,calibration,haos_ablated_score,0.995490111708,0.988721549251,1
pb01_case_7fbbdb143bb325e2db995f1d,calibration,haos_ablated_score,0.978526841430,0.974332321382,1
pb01_case_bbe71953437568dfc135c6a3,calibration,haos_ablated_score,1.000000000000,0.985987565592,1
pb01_case_e5bc79f8583958b95064ba05,calibration,haos_ablated_score,1.000000000000,0.980645635323,1
pb01_case_0a0eddeda0bdcdc0b2bfe8da,calibration,haos_ablated_score,0.911805903905,0.876832844827,1
pb01_case_65f6ac0782934f2453464ebf,calibration,haos_ablated_score,0.915054165044,0.907963239362,1
pb01_case_36a18348a08278c2a2e66c98,calibration,haos_ablated_score,0.927643341479,0.906994094115,1
pb01_case_e2e8c9a3c84575264578cf0f,calibration,haos_ablated_score,0.911897062964,0.920144126204,1
pb01_case_2ab0fa8e986ed495cf7c0b1d,calibration,haos_ablated_score,0.990255170032,0.983037896913,1
pb01_case_9e5d8ca7bc1bcb9b5c8b1e67,calibration,haos_ablated_score,0.999415455523,0.981421293783,1
pb01_case_dcf3e6079e3abc30e4de0383,calibration,haos_ablated_score,0.987809576040,0.997244759772,1
pb01_case_39f97d2d80694a738334788f,calibration,haos_ablated_score,0.989949968988,0.994526046409,1
pb01_case_a436321764e9408748ecddaf,calibration,haos_ablated_score,0.918350134689,0.927729246747,1
pb01_case_9db30ad2d171c901aa0cd3f9,calibration,haos_ablated_score,0.920025131086,0.911581731917,1
pb01_case_c843cd6913fb34c7fce47d60,calibration,haos_ablated_score,0.925930415138,0.943915678738,1
pb01_case_5404ae5ed626623e31bf8d82,calibration,haos_ablated_score,0.921205730983,0.898938208860,1
pb01_case_088d5df0422c462196d0f950,calibration,haos_ablated_score,0.989285214269,0.989105654121,1
pb01_case_3a4bc6e50988bead2964209a,calibration,haos_ablated_score,0.992441647013,0.975609328398,1
pb01_case_ca1ac561669cd7c499d56c4d,calibration,haos_ablated_score,0.996706479925,0.993431419213,1
pb01_case_333ff356d7e3582b36f93f31,calibration,haos_ablated_score,0.984025524392,0.993710919001,1
pb01_case_e6049b84697e1166d89991fe,calibration,haos_ablated_score,0.926659144068,0.957857765230,1
pb01_case_9f7e631a2d0a0f5eea085c11,calibration,haos_ablated_score,0.926497533905,0.935121711714,1
pb01_case_d64984eff70f19e24487da35,calibration,haos_ablated_score,0.955967783677,0.946613806601,1
pb01_case_36e0673a14ea32a43a75e9dc,calibration,haos_ablated_score,0.928555406248,0.905459332136,1
pb01_case_deeb9b5f5a45c4368efca1bb,calibration,haos_ablated_score,0.992655755620,0.987622782278,1
pb01_case_1586f54a82905da670e767bd,calibration,haos_ablated_score,0.995535247907,0.977889595295,1
pb01_case_a215d555b9dd7380223daa5a,calibration,haos_ablated_score,0.999155387820,0.989262477002,1
pb01_case_23d039c19b3a60c5477daa02,calibration,haos_ablated_score,0.996842496766,0.975441158647,1
pb01_case_dfa357b5ca40bc1f6eca26ba,calibration,haos_ablated_score,0.911944804265,0.918054631357,1
pb01_case_cdc6b06484b3f2673526a463,calibration,haos_ablated_score,0.923937443254,0.915166364753,1
pb01_case_b6468a0b6037295dbc28315e,calibration,haos_ablated_score,0.917535436382,0.929483630941,1
pb01_case_46c946becfeee33cb6e348dc,calibration,haos_ablated_score,0.920487966991,0.900502291866,1
pb01_case_2012b8ea408beb2600f117fc,calibration,haos_ablated_score,0.981810932323,0.987523271533,1
pb01_case_352e5f9405cbcae1f5b13908,calibration,haos_ablated_score,0.992388067754,0.984562597430,1
pb01_case_95b4c82d6f5aee162f1bb47c,calibration,haos_ablated_score,0.990882887432,0.994479762083,1
pb01_case_1b760c2072f5275f0f8d0c49,calibration,haos_ablated_score,0.984698650300,0.980941169707,1
pb01_case_999af33a7ff44b9532706860,calibration,haos_calibrated_recovery_score,0.906820735955,0.903350803669,1
pb01_case_dc496792acd1b10c5da86c23,calibration,haos_calibrated_recovery_score,0.922920693392,0.934212241133,1
pb01_case_21b0022e07506d2041c7a258,calibration,haos_calibrated_recovery_score,0.926876778328,0.938324458402,1
pb01_case_1bef087cb0671427b8d35398,calibration,haos_calibrated_recovery_score,0.899527165561,0.902079530762,1
pb01_case_092504b5782c92825ddb5b25,calibration,haos_calibrated_recovery_score,0.986696535384,0.986690695509,1
pb01_case_5aa96139cbecf49503683756,calibration,haos_calibrated_recovery_score,0.981714793156,0.974641973923,1
pb01_case_80e92e6a1cb7151a0110554b,calibration,haos_calibrated_recovery_score,0.987727556008,0.999955975510,1
pb01_case_5d857f6ac31f8ec882e492b2,calibration,haos_calibrated_recovery_score,0.989580624882,0.999996512418,1
pb01_case_dc0d54c53896cb8a5d36cdf7,calibration,haos_calibrated_recovery_score,0.927397371161,0.923298786239,1
pb01_case_a0d626f339a2fb3f25079c32,calibration,haos_calibrated_recovery_score,0.860019433587,0.835644622515,1
pb01_case_6888e1a1e1a62d91def5df23,calibration,haos_calibrated_recovery_score,0.935241917800,0.936030736527,1
pb01_case_3626379f4c4db020b165908a,calibration,haos_calibrated_recovery_score,0.908268570357,0.908401927751,1
pb01_case_cd741308b64469ccf1571ec6,calibration,haos_calibrated_recovery_score,1.000000000000,0.991508687310,1
pb01_case_ddc268b63889b6a40f69eee3,calibration,haos_calibrated_recovery_score,0.987748932081,0.979749945249,1
pb01_case_b4c88bcc0a2dffc1939bfd3c,calibration,haos_calibrated_recovery_score,0.997151443012,0.999964432237,1
pb01_case_1af58135bbb105277d0a2320,calibration,haos_calibrated_recovery_score,0.993216853606,0.999901969393,1
pb01_case_2b1b838928b19e3a15587322,calibration,haos_calibrated_recovery_score,0.925403183769,0.920337938134,1
pb01_case_0e54fef464c01010e4d6d8e2,calibration,haos_calibrated_recovery_score,0.918547153721,0.922483127327,1
pb01_case_941b0cd020ec4d66f9ebee4d,calibration,haos_calibrated_recovery_score,0.923425569022,0.920303691533,1
pb01_case_677ddbfe01f98b1df36cf440,calibration,haos_calibrated_recovery_score,0.914558295431,0.915539109973,1
pb01_case_b0f987886fc67b2f5869e92f,calibration,haos_calibrated_recovery_score,0.995401965542,0.988096184851,1
pb01_case_0c819699553bb4ddadfdb9cb,calibration,haos_calibrated_recovery_score,0.987832835928,0.978903230623,1
pb01_case_46c81984c9fa72124ad64371,calibration,haos_calibrated_recovery_score,1.000000000000,0.999960101372,1
pb01_case_73dbc4ed0118bb0eb327c469,calibration,haos_calibrated_recovery_score,0.986280278476,0.999957709054,1
pb01_case_712744e694545c5f3dba4918,calibration,haos_calibrated_recovery_score,0.924917931772,0.931890336062,1
pb01_case_4ff7a1c8b846da34364664ee,calibration,haos_calibrated_recovery_score,0.914769546274,0.916707799684,1
pb01_case_6a0169bb5a59e4188d514a55,calibration,haos_calibrated_recovery_score,0.924640699256,0.934212932772,1
pb01_case_61c249f22cb56ba8f48ad0b6,calibration,haos_calibrated_recovery_score,0.890498967348,0.904706772807,1
pb01_case_af91177d1114b7fb05fc8266,calibration,haos_calibrated_recovery_score,0.983433119192,0.985011930225,1
pb01_case_2648f4519f070c13b83752a7,calibration,haos_calibrated_recovery_score,0.985284157410,0.978616287816,1
pb01_case_039d2f795938287b11fd2a7b,calibration,haos_calibrated_recovery_score,0.992202385538,0.999906402306,1
pb01_case_2d3bb3dc235ac6ab243e7105,calibration,haos_calibrated_recovery_score,0.987382263042,0.999792911048,1
pb01_case_c8708df0963038a94800fa5c,calibration,haos_calibrated_recovery_score,0.890734137966,0.884736382874,1
pb01_case_6b0e12596a22bb6a4791b267,calibration,haos_calibrated_recovery_score,0.917745166616,0.927681469240,1
pb01_case_676c89c6bf4dfbcf6d37dfde,calibration,haos_calibrated_recovery_score,0.937328662733,0.933801647469,1
pb01_case_f657d3215e5dbb9292ea2dfa,calibration,haos_calibrated_recovery_score,0.908299801099,0.906057112535,1
pb01_case_60fccafe865a0385e907a8c2,calibration,haos_calibrated_recovery_score,0.973478698738,0.984614271945,1
pb01_case_b2101ef91025f2fbad286711,calibration,haos_calibrated_recovery_score,0.977270743952,0.981468987347,1
pb01_case_45365b1b3e934ae6e74cc53a,calibration,haos_calibrated_recovery_score,0.988949114285,0.999982944942,1
pb01_case_8a457ed0eb210d25f47ecbd7,calibration,haos_calibrated_recovery_score,0.993578153643,0.999931917227,1
pb01_case_1a292d65108cf967ec1d5dd0,calibration,haos_calibrated_recovery_score,0.929099553231,0.937256286327,1
pb01_case_45f23ad8ba7fabe221db4bc5,calibration,haos_calibrated_recovery_score,0.918182182945,0.922955708841,1
pb01_case_38bf3db425c749b61ef97fdc,calibration,haos_calibrated_recovery_score,0.917159326768,0.922095924010,1
pb01_case_c753ea6b70cbbb838b5613d3,calibration,haos_calibrated_recovery_score,0.887907362694,0.898825659936,1
pb01_case_9dfe3941a9feb9c7752074c0,calibration,haos_calibrated_recovery_score,0.989758737655,0.986390795459,1
pb01_case_ab10f9e4ababba6fbc0dd953,calibration,haos_calibrated_recovery_score,0.986034580050,0.980657066098,1
pb01_case_daca0e53639c211b3213a1e0,calibration,haos_calibrated_recovery_score,0.985532634801,0.999882396809,1
pb01_case_9f13d69f42dcffa9f56d9925,calibration,haos_calibrated_recovery_score,0.984932758135,0.999853951715,1
pb01_case_70eb38c4bd19e5232244e977,calibration,haos_calibrated_recovery_score,0.926577272114,0.920647426504,1
pb01_case_368f0f79ecff9c9c2b7ff62a,calibration,haos_calibrated_recovery_score,0.908643375813,0.907513262532,1
pb01_case_15c3f75ffe7724e9eba5e5c0,calibration,haos_calibrated_recovery_score,0.939596320013,0.937729245503,1
pb01_case_0aa796d3aebfc3f8678c784f,calibration,haos_calibrated_recovery_score,0.927569374917,0.918872831313,1
pb01_case_d318298976a458c5c4fa1a1e,calibration,haos_calibrated_recovery_score,0.994884233612,0.987245091891,1
pb01_case_62e3b5892f697fa2d26b60cc,calibration,haos_calibrated_recovery_score,0.994283334478,0.980784332402,1
pb01_case_760037be28a90537dea96517,calibration,haos_calibrated_recovery_score,0.986696599896,0.999506643548,1
pb01_case_9eef7bcef81d417b3c582290,calibration,haos_calibrated_recovery_score,0.983647178915,0.998445022207,1
pb01_case_54889b43e39992657cfb889a,calibration,haos_calibrated_recovery_score,0.914363834475,0.906389904393,1
pb01_case_9b553259aaa31a932480887c,calibration,haos_calibrated_recovery_score,0.919715792004,0.921536495366,1
pb01_case_886f049876fc4aeff42a2a4b,calibration,haos_calibrated_recovery_score,0.954412152756,0.954944550770,1
pb01_case_139b8b339a57df48e14fcc5c,calibration,haos_calibrated_recovery_score,0.923152451784,0.921467763488,1
pb01_case_5cca6dfc4dddc625e489a9ad,calibration,haos_calibrated_recovery_score,0.997604212917,0.988684992664,1
pb01_case_81e7fc7362b9d387e42ca183,calibration,haos_calibrated_recovery_score,0.984390922355,0.975707157576,1
pb01_case_06dc42c9e7c0961d192f6fc3,calibration,haos_calibrated_recovery_score,0.995550955298,0.998608597867,1
pb01_case_7ad22bcc114e0d412403dede,calibration,haos_calibrated_recovery_score,0.994223860282,0.997250047009,1
pb01_case_745c95f546bb616e0f8f9dcd,calibration,haos_calibrated_recovery_score,0.919060919357,0.920857467152,1
pb01_case_c666dc79b2b8dd5f7af2f2a5,calibration,haos_calibrated_recovery_score,0.919637273693,0.926546737021,1
pb01_case_8ab92f2cf09de1cdf404d8a5,calibration,haos_calibrated_recovery_score,0.942197640359,0.931858434534,1
pb01_case_b68804e4fa96afbf2e2af155,calibration,haos_calibrated_recovery_score,0.900573731959,0.895158779208,1
pb01_case_6e2cdd5d82699d50f45bc53c,calibration,haos_calibrated_recovery_score,0.989292548444,0.988262421655,1
pb01_case_ccea2874eea03ef807509bfa,calibration,haos_calibrated_recovery_score,0.991979040197,0.981594310554,1
pb01_case_af9a6f8dbace6f9307afb06f,calibration,haos_calibrated_recovery_score,0.993024609282,0.999161320737,1
pb01_case_4aaf102319dd483f691fef99,calibration,haos_calibrated_recovery_score,0.975237224380,0.998224778274,1
pb01_case_c613ab5c57aa92cf7187ba80,calibration,haos_calibrated_recovery_score,0.922156551236,0.920556008664,1
pb01_case_ae86fcb1b73e1bf680ffeb99,calibration,haos_calibrated_recovery_score,0.910187295164,0.912068049041,1
pb01_case_4855cbf15216178615762848,calibration,haos_calibrated_recovery_score,0.932645453579,0.933985739427,1
pb01_case_92023d5d0549d62b0252ee87,calibration,haos_calibrated_recovery_score,0.920662454527,0.920019565877,1
pb01_case_fbb377be450a00fb70e5f557,calibration,haos_calibrated_recovery_score,0.993949219909,0.987990237410,1
pb01_case_a50f125e540058fd5c920d38,calibration,haos_calibrated_recovery_score,0.991572766564,0.977143173426,1
pb01_case_c95127a07733370fef3a53f3,calibration,haos_calibrated_recovery_score,0.990234000418,0.999199966782,1
pb01_case_3b29502d8ae28c659ee65bc5,calibration,haos_calibrated_recovery_score,0.993424211062,0.997634354348,1
pb01_case_8a1d0fb0298b4b54ef6b5f46,calibration,haos_calibrated_recovery_score,0.924476539861,0.918107124842,1
pb01_case_1cec8c224792879ce80a5c18,calibration,haos_calibrated_recovery_score,0.904715368363,0.907737112331,1
pb01_case_22cbcf058775b6a909c962e0,calibration,haos_calibrated_recovery_score,0.927289110654,0.928515995149,1
pb01_case_7ab307c7ec1b6313819a043b,calibration,haos_calibrated_recovery_score,0.926327037158,0.927812876773,1
pb01_case_a410130aeeb4a79ba3726130,calibration,haos_calibrated_recovery_score,0.992768531792,0.987404686862,1
pb01_case_aebd9c5f29070e5785d76b7f,calibration,haos_calibrated_recovery_score,0.987591010439,0.979635334791,1
pb01_case_14a27a172d596294c67f8ff8,calibration,haos_calibrated_recovery_score,0.990230636406,0.999511675683,1
pb01_case_9571b0193f6f088ff3d5b6e8,calibration,haos_calibrated_recovery_score,1.000000000000,0.996639515151,1
pb01_case_fb01690701ca052cfb499317,calibration,haos_calibrated_recovery_score,0.910991519656,0.911509633696,1
pb01_case_0c37ca0a479945ddd7ac36db,calibration,haos_calibrated_recovery_score,0.904349854310,0.901244221564,1
pb01_case_b37920d0db1e9258a8e8b2fe,calibration,haos_calibrated_recovery_score,0.946439328566,0.945981356388,1
pb01_case_2c929ada31d03647d671666e,calibration,haos_calibrated_recovery_score,0.915084650314,0.918866059226,1
pb01_case_3582c328e7bc89b161bee18c,calibration,haos_calibrated_recovery_score,0.987644971078,0.986845795109,1
pb01_case_fcf8cac5d2edf62c315625a5,calibration,haos_calibrated_recovery_score,0.985758534035,0.979898038801,1
pb01_case_9a25778762e17f4222440314,calibration,haos_calibrated_recovery_score,0.983553787271,0.998924063951,1
pb01_case_8e4bcfa4ac977553a9418012,calibration,haos_calibrated_recovery_score,1.000000000000,0.998334515037,1
pb01_case_449c5e4b09082f8cb95216c7,calibration,haos_calibrated_recovery_score,0.912232730214,0.899587063031,1
pb01_case_0dd1175c279a75473324e6b3,calibration,haos_calibrated_recovery_score,0.906788353032,0.912237139112,1
pb01_case_c0ca55f8828ac5045a930c04,calibration,haos_calibrated_recovery_score,0.935257548101,0.938437123012,1
pb01_case_451f2ad3228c649e456f5872,calibration,haos_calibrated_recovery_score,0.914247242238,0.916091992675,1
pb01_case_91884575ee854bdfbf7e744c,calibration,haos_calibrated_recovery_score,0.986698054327,0.988827274702,1
pb01_case_ff44365dd241b26f486b5d8b,calibration,haos_calibrated_recovery_score,0.986443975636,0.981903021517,1
pb01_case_98a30d141c4b6f5467b1d004,calibration,haos_calibrated_recovery_score,0.984090041691,0.988308934610,1
pb01_case_3e998f167f2551d3289b999f,calibration,haos_calibrated_recovery_score,0.982564337674,0.984643385583,1
pb01_case_fa9120f17f2632ba14d06d0e,calibration,haos_calibrated_recovery_score,0.909227893389,0.886068080433,1
pb01_case_a6efa7b82435acafef7b7f8c,calibration,haos_calibrated_recovery_score,0.925818305250,0.925181434926,1
pb01_case_3dd1e84e19a9dbbd461cec72,calibration,haos_calibrated_recovery_score,0.945683103492,0.935681398215,1
pb01_case_99e6702cd118aab2a8e14e4f,calibration,haos_calibrated_recovery_score,0.877764209158,0.894174292327,1
pb01_case_7483b02b7ede13bf7b04411c,calibration,haos_calibrated_recovery_score,1.000000000000,0.988721549251,1
pb01_case_7fbbdb143bb325e2db995f1d,calibration,haos_calibrated_recovery_score,0.983566263518,0.974332321382,1
pb01_case_bbe71953437568dfc135c6a3,calibration,haos_calibrated_recovery_score,1.000000000000,0.985987565592,1
pb01_case_e5bc79f8583958b95064ba05,calibration,haos_calibrated_recovery_score,0.995671968237,0.980645635323,1
pb01_case_0a0eddeda0bdcdc0b2bfe8da,calibration,haos_calibrated_recovery_score,0.903461746866,0.876832844827,1
pb01_case_65f6ac0782934f2453464ebf,calibration,haos_calibrated_recovery_score,0.913908211138,0.907963239362,1
pb01_case_36a18348a08278c2a2e66c98,calibration,haos_calibrated_recovery_score,0.914904832657,0.906994094115,1
pb01_case_e2e8c9a3c84575264578cf0f,calibration,haos_calibrated_recovery_score,0.914116616568,0.920144126204,1
pb01_case_2ab0fa8e986ed495cf7c0b1d,calibration,haos_calibrated_recovery_score,0.994367284183,0.983037896913,1
pb01_case_9e5d8ca7bc1bcb9b5c8b1e67,calibration,haos_calibrated_recovery_score,0.997968926797,0.981421293783,1
pb01_case_dcf3e6079e3abc30e4de0383,calibration,haos_calibrated_recovery_score,0.993379687379,0.997244759772,1
pb01_case_39f97d2d80694a738334788f,calibration,haos_calibrated_recovery_score,0.987012586459,0.994526046409,1
pb01_case_a436321764e9408748ecddaf,calibration,haos_calibrated_recovery_score,0.922318011797,0.927729246747,1
pb01_case_9db30ad2d171c901aa0cd3f9,calibration,haos_calibrated_recovery_score,0.915916713752,0.911581731917,1
pb01_case_c843cd6913fb34c7fce47d60,calibration,haos_calibrated_recovery_score,0.941785676103,0.943915678738,1
pb01_case_5404ae5ed626623e31bf8d82,calibration,haos_calibrated_recovery_score,0.909062537941,0.898938208860,1
pb01_case_088d5df0422c462196d0f950,calibration,haos_calibrated_recovery_score,0.995234775728,0.989105654121,1
pb01_case_3a4bc6e50988bead2964209a,calibration,haos_calibrated_recovery_score,0.988171075140,0.975609328398,1
pb01_case_ca1ac561669cd7c499d56c4d,calibration,haos_calibrated_recovery_score,0.989681704445,0.993431419213,1
pb01_case_333ff356d7e3582b36f93f31,calibration,haos_calibrated_recovery_score,0.995222404489,0.993710919001,1
pb01_case_e6049b84697e1166d89991fe,calibration,haos_calibrated_recovery_score,0.948255236683,0.957857765230,1
pb01_case_9f7e631a2d0a0f5eea085c11,calibration,haos_calibrated_recovery_score,0.928128619305,0.935121711714,1
pb01_case_d64984eff70f19e24487da35,calibration,haos_calibrated_recovery_score,0.948491000666,0.946613806601,1
pb01_case_36e0673a14ea32a43a75e9dc,calibration,haos_calibrated_recovery_score,0.910718349937,0.905459332136,1
pb01_case_deeb9b5f5a45c4368efca1bb,calibration,haos_calibrated_recovery_score,0.990126080073,0.987622782278,1
pb01_case_1586f54a82905da670e767bd,calibration,haos_calibrated_recovery_score,0.988159844090,0.977889595295,1
pb01_case_a215d555b9dd7380223daa5a,calibration,haos_calibrated_recovery_score,0.998287504964,0.989262477002,1
pb01_case_23d039c19b3a60c5477daa02,calibration,haos_calibrated_recovery_score,0.994523942210,0.975441158647,1
pb01_case_dfa357b5ca40bc1f6eca26ba,calibration,haos_calibrated_recovery_score,0.914744781073,0.918054631357,1
pb01_case_cdc6b06484b3f2673526a463,calibration,haos_calibrated_recovery_score,0.916758660798,0.915166364753,1
pb01_case_b6468a0b6037295dbc28315e,calibration,haos_calibrated_recovery_score,0.922084231618,0.929483630941,1
pb01_case_46c946becfeee33cb6e348dc,calibration,haos_calibrated_recovery_score,0.905236047203,0.900502291866,1
pb01_case_2012b8ea408beb2600f117fc,calibration,haos_calibrated_recovery_score,0.989381084489,0.987523271533,1
pb01_case_352e5f9405cbcae1f5b13908,calibration,haos_calibrated_recovery_score,0.998059794005,0.984562597430,1
pb01_case_95b4c82d6f5aee162f1bb47c,calibration,haos_calibrated_recovery_score,0.989814809299,0.994479762083,1
pb01_case_1b760c2072f5275f0f8d0c49,calibration,haos_calibrated_recovery_score,0.976803814189,0.980941169707,1
pb01_case_999af33a7ff44b9532706860,calibration,mean_predictor,0.953735639236,0.903350803669,1
pb01_case_dc496792acd1b10c5da86c23,calibration,mean_predictor,0.953735639236,0.934212241133,1
pb01_case_21b0022e07506d2041c7a258,calibration,mean_predictor,0.953735639236,0.938324458402,1
pb01_case_1bef087cb0671427b8d35398,calibration,mean_predictor,0.953735639236,0.902079530762,1
pb01_case_092504b5782c92825ddb5b25,calibration,mean_predictor,0.953735639236,0.986690695509,1
pb01_case_5aa96139cbecf49503683756,calibration,mean_predictor,0.953735639236,0.974641973923,1
pb01_case_80e92e6a1cb7151a0110554b,calibration,mean_predictor,0.953735639236,0.999955975510,1
pb01_case_5d857f6ac31f8ec882e492b2,calibration,mean_predictor,0.953735639236,0.999996512418,1
pb01_case_dc0d54c53896cb8a5d36cdf7,calibration,mean_predictor,0.953735639236,0.923298786239,1
pb01_case_a0d626f339a2fb3f25079c32,calibration,mean_predictor,0.953735639236,0.835644622515,1
pb01_case_6888e1a1e1a62d91def5df23,calibration,mean_predictor,0.953735639236,0.936030736527,1
pb01_case_3626379f4c4db020b165908a,calibration,mean_predictor,0.953735639236,0.908401927751,1
pb01_case_cd741308b64469ccf1571ec6,calibration,mean_predictor,0.953735639236,0.991508687310,1
pb01_case_ddc268b63889b6a40f69eee3,calibration,mean_predictor,0.953735639236,0.979749945249,1
pb01_case_b4c88bcc0a2dffc1939bfd3c,calibration,mean_predictor,0.953735639236,0.999964432237,1
pb01_case_1af58135bbb105277d0a2320,calibration,mean_predictor,0.953735639236,0.999901969393,1
pb01_case_2b1b838928b19e3a15587322,calibration,mean_predictor,0.953735639236,0.920337938134,1
pb01_case_0e54fef464c01010e4d6d8e2,calibration,mean_predictor,0.953735639236,0.922483127327,1
pb01_case_941b0cd020ec4d66f9ebee4d,calibration,mean_predictor,0.953735639236,0.920303691533,1
pb01_case_677ddbfe01f98b1df36cf440,calibration,mean_predictor,0.953735639236,0.915539109973,1
pb01_case_b0f987886fc67b2f5869e92f,calibration,mean_predictor,0.953735639236,0.988096184851,1
pb01_case_0c819699553bb4ddadfdb9cb,calibration,mean_predictor,0.953735639236,0.978903230623,1
pb01_case_46c81984c9fa72124ad64371,calibration,mean_predictor,0.953735639236,0.999960101372,1
pb01_case_73dbc4ed0118bb0eb327c469,calibration,mean_predictor,0.953735639236,0.999957709054,1
pb01_case_712744e694545c5f3dba4918,calibration,mean_predictor,0.953735639236,0.931890336062,1
pb01_case_4ff7a1c8b846da34364664ee,calibration,mean_predictor,0.953735639236,0.916707799684,1
pb01_case_6a0169bb5a59e4188d514a55,calibration,mean_predictor,0.953735639236,0.934212932772,1
pb01_case_61c249f22cb56ba8f48ad0b6,calibration,mean_predictor,0.953735639236,0.904706772807,1
pb01_case_af91177d1114b7fb05fc8266,calibration,mean_predictor,0.953735639236,0.985011930225,1
pb01_case_2648f4519f070c13b83752a7,calibration,mean_predictor,0.953735639236,0.978616287816,1
pb01_case_039d2f795938287b11fd2a7b,calibration,mean_predictor,0.953735639236,0.999906402306,1
pb01_case_2d3bb3dc235ac6ab243e7105,calibration,mean_predictor,0.953735639236,0.999792911048,1
pb01_case_c8708df0963038a94800fa5c,calibration,mean_predictor,0.953735639236,0.884736382874,1
pb01_case_6b0e12596a22bb6a4791b267,calibration,mean_predictor,0.953735639236,0.927681469240,1
pb01_case_676c89c6bf4dfbcf6d37dfde,calibration,mean_predictor,0.953735639236,0.933801647469,1
pb01_case_f657d3215e5dbb9292ea2dfa,calibration,mean_predictor,0.953735639236,0.906057112535,1
pb01_case_60fccafe865a0385e907a8c2,calibration,mean_predictor,0.953735639236,0.984614271945,1
pb01_case_b2101ef91025f2fbad286711,calibration,mean_predictor,0.953735639236,0.981468987347,1
pb01_case_45365b1b3e934ae6e74cc53a,calibration,mean_predictor,0.953735639236,0.999982944942,1
pb01_case_8a457ed0eb210d25f47ecbd7,calibration,mean_predictor,0.953735639236,0.999931917227,1
pb01_case_1a292d65108cf967ec1d5dd0,calibration,mean_predictor,0.953735639236,0.937256286327,1
pb01_case_45f23ad8ba7fabe221db4bc5,calibration,mean_predictor,0.953735639236,0.922955708841,1
pb01_case_38bf3db425c749b61ef97fdc,calibration,mean_predictor,0.953735639236,0.922095924010,1
pb01_case_c753ea6b70cbbb838b5613d3,calibration,mean_predictor,0.953735639236,0.898825659936,1
pb01_case_9dfe3941a9feb9c7752074c0,calibration,mean_predictor,0.953735639236,0.986390795459,1
pb01_case_ab10f9e4ababba6fbc0dd953,calibration,mean_predictor,0.953735639236,0.980657066098,1
pb01_case_daca0e53639c211b3213a1e0,calibration,mean_predictor,0.953735639236,0.999882396809,1
pb01_case_9f13d69f42dcffa9f56d9925,calibration,mean_predictor,0.953735639236,0.999853951715,1
pb01_case_70eb38c4bd19e5232244e977,calibration,mean_predictor,0.953735639236,0.920647426504,1
pb01_case_368f0f79ecff9c9c2b7ff62a,calibration,mean_predictor,0.953735639236,0.907513262532,1
pb01_case_15c3f75ffe7724e9eba5e5c0,calibration,mean_predictor,0.953735639236,0.937729245503,1
pb01_case_0aa796d3aebfc3f8678c784f,calibration,mean_predictor,0.953735639236,0.918872831313,1
pb01_case_d318298976a458c5c4fa1a1e,calibration,mean_predictor,0.953735639236,0.987245091891,1
pb01_case_62e3b5892f697fa2d26b60cc,calibration,mean_predictor,0.953735639236,0.980784332402,1
pb01_case_760037be28a90537dea96517,calibration,mean_predictor,0.953735639236,0.999506643548,1
pb01_case_9eef7bcef81d417b3c582290,calibration,mean_predictor,0.953735639236,0.998445022207,1
pb01_case_54889b43e39992657cfb889a,calibration,mean_predictor,0.953735639236,0.906389904393,1
pb01_case_9b553259aaa31a932480887c,calibration,mean_predictor,0.953735639236,0.921536495366,1
pb01_case_886f049876fc4aeff42a2a4b,calibration,mean_predictor,0.953735639236,0.954944550770,1
pb01_case_139b8b339a57df48e14fcc5c,calibration,mean_predictor,0.953735639236,0.921467763488,1
pb01_case_5cca6dfc4dddc625e489a9ad,calibration,mean_predictor,0.953735639236,0.988684992664,1
pb01_case_81e7fc7362b9d387e42ca183,calibration,mean_predictor,0.953735639236,0.975707157576,1
pb01_case_06dc42c9e7c0961d192f6fc3,calibration,mean_predictor,0.953735639236,0.998608597867,1
pb01_case_7ad22bcc114e0d412403dede,calibration,mean_predictor,0.953735639236,0.997250047009,1
pb01_case_745c95f546bb616e0f8f9dcd,calibration,mean_predictor,0.953735639236,0.920857467152,1
pb01_case_c666dc79b2b8dd5f7af2f2a5,calibration,mean_predictor,0.953735639236,0.926546737021,1
pb01_case_8ab92f2cf09de1cdf404d8a5,calibration,mean_predictor,0.953735639236,0.931858434534,1
pb01_case_b68804e4fa96afbf2e2af155,calibration,mean_predictor,0.953735639236,0.895158779208,1
pb01_case_6e2cdd5d82699d50f45bc53c,calibration,mean_predictor,0.953735639236,0.988262421655,1
pb01_case_ccea2874eea03ef807509bfa,calibration,mean_predictor,0.953735639236,0.981594310554,1
pb01_case_af9a6f8dbace6f9307afb06f,calibration,mean_predictor,0.953735639236,0.999161320737,1
pb01_case_4aaf102319dd483f691fef99,calibration,mean_predictor,0.953735639236,0.998224778274,1
pb01_case_c613ab5c57aa92cf7187ba80,calibration,mean_predictor,0.953735639236,0.920556008664,1
pb01_case_ae86fcb1b73e1bf680ffeb99,calibration,mean_predictor,0.953735639236,0.912068049041,1
pb01_case_4855cbf15216178615762848,calibration,mean_predictor,0.953735639236,0.933985739427,1
pb01_case_92023d5d0549d62b0252ee87,calibration,mean_predictor,0.953735639236,0.920019565877,1
pb01_case_fbb377be450a00fb70e5f557,calibration,mean_predictor,0.953735639236,0.987990237410,1
pb01_case_a50f125e540058fd5c920d38,calibration,mean_predictor,0.953735639236,0.977143173426,1
pb01_case_c95127a07733370fef3a53f3,calibration,mean_predictor,0.953735639236,0.999199966782,1
pb01_case_3b29502d8ae28c659ee65bc5,calibration,mean_predictor,0.953735639236,0.997634354348,1
pb01_case_8a1d0fb0298b4b54ef6b5f46,calibration,mean_predictor,0.953735639236,0.918107124842,1
pb01_case_1cec8c224792879ce80a5c18,calibration,mean_predictor,0.953735639236,0.907737112331,1
pb01_case_22cbcf058775b6a909c962e0,calibration,mean_predictor,0.953735639236,0.928515995149,1
pb01_case_7ab307c7ec1b6313819a043b,calibration,mean_predictor,0.953735639236,0.927812876773,1
pb01_case_a410130aeeb4a79ba3726130,calibration,mean_predictor,0.953735639236,0.987404686862,1
pb01_case_aebd9c5f29070e5785d76b7f,calibration,mean_predictor,0.953735639236,0.979635334791,1
pb01_case_14a27a172d596294c67f8ff8,calibration,mean_predictor,0.953735639236,0.999511675683,1
pb01_case_9571b0193f6f088ff3d5b6e8,calibration,mean_predictor,0.953735639236,0.996639515151,1
pb01_case_fb01690701ca052cfb499317,calibration,mean_predictor,0.953735639236,0.911509633696,1
pb01_case_0c37ca0a479945ddd7ac36db,calibration,mean_predictor,0.953735639236,0.901244221564,1
pb01_case_b37920d0db1e9258a8e8b2fe,calibration,mean_predictor,0.953735639236,0.945981356388,1
pb01_case_2c929ada31d03647d671666e,calibration,mean_predictor,0.953735639236,0.918866059226,1
pb01_case_3582c328e7bc89b161bee18c,calibration,mean_predictor,0.953735639236,0.986845795109,1
pb01_case_fcf8cac5d2edf62c315625a5,calibration,mean_predictor,0.953735639236,0.979898038801,1
pb01_case_9a25778762e17f4222440314,calibration,mean_predictor,0.953735639236,0.998924063951,1
pb01_case_8e4bcfa4ac977553a9418012,calibration,mean_predictor,0.953735639236,0.998334515037,1
pb01_case_449c5e4b09082f8cb95216c7,calibration,mean_predictor,0.953735639236,0.899587063031,1
pb01_case_0dd1175c279a75473324e6b3,calibration,mean_predictor,0.953735639236,0.912237139112,1
pb01_case_c0ca55f8828ac5045a930c04,calibration,mean_predictor,0.953735639236,0.938437123012,1
pb01_case_451f2ad3228c649e456f5872,calibration,mean_predictor,0.953735639236,0.916091992675,1
pb01_case_91884575ee854bdfbf7e744c,calibration,mean_predictor,0.953735639236,0.988827274702,1
pb01_case_ff44365dd241b26f486b5d8b,calibration,mean_predictor,0.953735639236,0.981903021517,1
pb01_case_98a30d141c4b6f5467b1d004,calibration,mean_predictor,0.953735639236,0.988308934610,1
pb01_case_3e998f167f2551d3289b999f,calibration,mean_predictor,0.953735639236,0.984643385583,1
pb01_case_fa9120f17f2632ba14d06d0e,calibration,mean_predictor,0.953735639236,0.886068080433,1
pb01_case_a6efa7b82435acafef7b7f8c,calibration,mean_predictor,0.953735639236,0.925181434926,1
pb01_case_3dd1e84e19a9dbbd461cec72,calibration,mean_predictor,0.953735639236,0.935681398215,1
pb01_case_99e6702cd118aab2a8e14e4f,calibration,mean_predictor,0.953735639236,0.894174292327,1
pb01_case_7483b02b7ede13bf7b04411c,calibration,mean_predictor,0.953735639236,0.988721549251,1
pb01_case_7fbbdb143bb325e2db995f1d,calibration,mean_predictor,0.953735639236,0.974332321382,1
pb01_case_bbe71953437568dfc135c6a3,calibration,mean_predictor,0.953735639236,0.985987565592,1
pb01_case_e5bc79f8583958b95064ba05,calibration,mean_predictor,0.953735639236,0.980645635323,1
pb01_case_0a0eddeda0bdcdc0b2bfe8da,calibration,mean_predictor,0.953735639236,0.876832844827,1
pb01_case_65f6ac0782934f2453464ebf,calibration,mean_predictor,0.953735639236,0.907963239362,1
pb01_case_36a18348a08278c2a2e66c98,calibration,mean_predictor,0.953735639236,0.906994094115,1
pb01_case_e2e8c9a3c84575264578cf0f,calibration,mean_predictor,0.953735639236,0.920144126204,1
pb01_case_2ab0fa8e986ed495cf7c0b1d,calibration,mean_predictor,0.953735639236,0.983037896913,1
pb01_case_9e5d8ca7bc1bcb9b5c8b1e67,calibration,mean_predictor,0.953735639236,0.981421293783,1
pb01_case_dcf3e6079e3abc30e4de0383,calibration,mean_predictor,0.953735639236,0.997244759772,1
pb01_case_39f97d2d80694a738334788f,calibration,mean_predictor,0.953735639236,0.994526046409,1
pb01_case_a436321764e9408748ecddaf,calibration,mean_predictor,0.953735639236,0.927729246747,1
pb01_case_9db30ad2d171c901aa0cd3f9,calibration,mean_predictor,0.953735639236,0.911581731917,1
pb01_case_c843cd6913fb34c7fce47d60,calibration,mean_predictor,0.953735639236,0.943915678738,1
pb01_case_5404ae5ed626623e31bf8d82,calibration,mean_predictor,0.953735639236,0.898938208860,1
pb01_case_088d5df0422c462196d0f950,calibration,mean_predictor,0.953735639236,0.989105654121,1
pb01_case_3a4bc6e50988bead2964209a,calibration,mean_predictor,0.953735639236,0.975609328398,1
pb01_case_ca1ac561669cd7c499d56c4d,calibration,mean_predictor,0.953735639236,0.993431419213,1
pb01_case_333ff356d7e3582b36f93f31,calibration,mean_predictor,0.953735639236,0.993710919001,1
pb01_case_e6049b84697e1166d89991fe,calibration,mean_predictor,0.953735639236,0.957857765230,1
pb01_case_9f7e631a2d0a0f5eea085c11,calibration,mean_predictor,0.953735639236,0.935121711714,1
pb01_case_d64984eff70f19e24487da35,calibration,mean_predictor,0.953735639236,0.946613806601,1
pb01_case_36e0673a14ea32a43a75e9dc,calibration,mean_predictor,0.953735639236,0.905459332136,1
pb01_case_deeb9b5f5a45c4368efca1bb,calibration,mean_predictor,0.953735639236,0.987622782278,1
pb01_case_1586f54a82905da670e767bd,calibration,mean_predictor,0.953735639236,0.977889595295,1
pb01_case_a215d555b9dd7380223daa5a,calibration,mean_predictor,0.953735639236,0.989262477002,1
pb01_case_23d039c19b3a60c5477daa02,calibration,mean_predictor,0.953735639236,0.975441158647,1
pb01_case_dfa357b5ca40bc1f6eca26ba,calibration,mean_predictor,0.953735639236,0.918054631357,1
pb01_case_cdc6b06484b3f2673526a463,calibration,mean_predictor,0.953735639236,0.915166364753,1
pb01_case_b6468a0b6037295dbc28315e,calibration,mean_predictor,0.953735639236,0.929483630941,1
pb01_case_46c946becfeee33cb6e348dc,calibration,mean_predictor,0.953735639236,0.900502291866,1
pb01_case_2012b8ea408beb2600f117fc,calibration,mean_predictor,0.953735639236,0.987523271533,1
pb01_case_352e5f9405cbcae1f5b13908,calibration,mean_predictor,0.953735639236,0.984562597430,1
pb01_case_95b4c82d6f5aee162f1bb47c,calibration,mean_predictor,0.953735639236,0.994479762083,1
pb01_case_1b760c2072f5275f0f8d0c49,calibration,mean_predictor,0.953735639236,0.980941169707,1
pb01_case_999af33a7ff44b9532706860,calibration,pagerank_centrality,0.343908550607,0.903350803669,1
pb01_case_dc496792acd1b10c5da86c23,calibration,pagerank_centrality,0.719184477122,0.934212241133,1
pb01_case_21b0022e07506d2041c7a258,calibration,pagerank_centrality,0.462456081857,0.938324458402,1
pb01_case_1bef087cb0671427b8d35398,calibration,pagerank_centrality,0.532396254873,0.902079530762,1
pb01_case_092504b5782c92825ddb5b25,calibration,pagerank_centrality,0.422651363445,0.986690695509,1
pb01_case_5aa96139cbecf49503683756,calibration,pagerank_centrality,0.494332466213,0.974641973923,1
pb01_case_80e92e6a1cb7151a0110554b,calibration,pagerank_centrality,0.604084928195,0.999955975510,1
pb01_case_5d857f6ac31f8ec882e492b2,calibration,pagerank_centrality,0.434573900729,0.999996512418,1
pb01_case_dc0d54c53896cb8a5d36cdf7,calibration,pagerank_centrality,0.739078576712,0.923298786239,1
pb01_case_a0d626f339a2fb3f25079c32,calibration,pagerank_centrality,0.000000000000,0.835644622515,1
pb01_case_6888e1a1e1a62d91def5df23,calibration,pagerank_centrality,0.661286762761,0.936030736527,1
pb01_case_3626379f4c4db020b165908a,calibration,pagerank_centrality,0.686997180745,0.908401927751,1
pb01_case_cd741308b64469ccf1571ec6,calibration,pagerank_centrality,0.735413769546,0.991508687310,1
pb01_case_ddc268b63889b6a40f69eee3,calibration,pagerank_centrality,0.690389788132,0.979749945249,1
pb01_case_b4c88bcc0a2dffc1939bfd3c,calibration,pagerank_centrality,0.825279445189,0.999964432237,1
pb01_case_1af58135bbb105277d0a2320,calibration,pagerank_centrality,0.605974891374,0.999901969393,1
pb01_case_2b1b838928b19e3a15587322,calibration,pagerank_centrality,0.732423737753,0.920337938134,1
pb01_case_0e54fef464c01010e4d6d8e2,calibration,pagerank_centrality,0.719040818168,0.922483127327,1
pb01_case_941b0cd020ec4d66f9ebee4d,calibration,pagerank_centrality,0.673698876862,0.920303691533,1
pb01_case_677ddbfe01f98b1df36cf440,calibration,pagerank_centrality,0.622725360160,0.915539109973,1
pb01_case_b0f987886fc67b2f5869e92f,calibration,pagerank_centrality,0.682638003723,0.988096184851,1
pb01_case_0c819699553bb4ddadfdb9cb,calibration,pagerank_centrality,0.662989188897,0.978903230623,1
pb01_case_46c81984c9fa72124ad64371,calibration,pagerank_centrality,0.793371629807,0.999960101372,1
pb01_case_73dbc4ed0118bb0eb327c469,calibration,pagerank_centrality,0.490281147396,0.999957709054,1
pb01_case_712744e694545c5f3dba4918,calibration,pagerank_centrality,0.834242334451,0.931890336062,1
pb01_case_4ff7a1c8b846da34364664ee,calibration,pagerank_centrality,0.682637654627,0.916707799684,1
pb01_case_6a0169bb5a59e4188d514a55,calibration,pagerank_centrality,0.649734179715,0.934212932772,1
pb01_case_61c249f22cb56ba8f48ad0b6,calibration,pagerank_centrality,0.654373197107,0.904706772807,1
pb01_case_af91177d1114b7fb05fc8266,calibration,pagerank_centrality,0.506370052431,0.985011930225,1
pb01_case_2648f4519f070c13b83752a7,calibration,pagerank_centrality,0.716920917945,0.978616287816,1
pb01_case_039d2f795938287b11fd2a7b,calibration,pagerank_centrality,0.599092376667,0.999906402306,1
pb01_case_2d3bb3dc235ac6ab243e7105,calibration,pagerank_centrality,0.781168940561,0.999792911048,1
pb01_case_c8708df0963038a94800fa5c,calibration,pagerank_centrality,0.259030987246,0.884736382874,1
pb01_case_6b0e12596a22bb6a4791b267,calibration,pagerank_centrality,0.718518145303,0.927681469240,1
pb01_case_676c89c6bf4dfbcf6d37dfde,calibration,pagerank_centrality,0.538406442569,0.933801647469,1
pb01_case_f657d3215e5dbb9292ea2dfa,calibration,pagerank_centrality,0.578841404495,0.906057112535,1
pb01_case_60fccafe865a0385e907a8c2,calibration,pagerank_centrality,0.498526887296,0.984614271945,1
pb01_case_b2101ef91025f2fbad286711,calibration,pagerank_centrality,0.683975869404,0.981468987347,1
pb01_case_45365b1b3e934ae6e74cc53a,calibration,pagerank_centrality,0.591499584028,0.999982944942,1
pb01_case_8a457ed0eb210d25f47ecbd7,calibration,pagerank_centrality,0.526015466370,0.999931917227,1
pb01_case_1a292d65108cf967ec1d5dd0,calibration,pagerank_centrality,0.801564811488,0.937256286327,1
pb01_case_45f23ad8ba7fabe221db4bc5,calibration,pagerank_centrality,0.666126562792,0.922955708841,1
pb01_case_38bf3db425c749b61ef97fdc,calibration,pagerank_centrality,0.609433999209,0.922095924010,1
pb01_case_c753ea6b70cbbb838b5613d3,calibration,pagerank_centrality,0.481035230604,0.898825659936,1
pb01_case_9dfe3941a9feb9c7752074c0,calibration,pagerank_centrality,0.504015549609,0.986390795459,1
pb01_case_ab10f9e4ababba6fbc0dd953,calibration,pagerank_centrality,0.340560627431,0.980657066098,1
pb01_case_daca0e53639c211b3213a1e0,calibration,pagerank_centrality,0.605977404592,0.999882396809,1
pb01_case_9f13d69f42dcffa9f56d9925,calibration,pagerank_centrality,0.460388645523,0.999853951715,1
pb01_case_70eb38c4bd19e5232244e977,calibration,pagerank_centrality,0.258209589210,0.920647426504,1
pb01_case_368f0f79ecff9c9c2b7ff62a,calibration,pagerank_centrality,0.064004360918,0.907513262532,1
pb01_case_15c3f75ffe7724e9eba5e5c0,calibration,pagerank_centrality,0.205697540647,0.937729245503,1
pb01_case_0aa796d3aebfc3f8678c784f,calibration,pagerank_centrality,0.206054279192,0.918872831313,1
pb01_case_d318298976a458c5c4fa1a1e,calibration,pagerank_centrality,0.223485579741,0.987245091891,1
pb01_case_62e3b5892f697fa2d26b60cc,calibration,pagerank_centrality,0.196529585007,0.980784332402,1
pb01_case_760037be28a90537dea96517,calibration,pagerank_centrality,0.163476646132,0.999506643548,1
pb01_case_9eef7bcef81d417b3c582290,calibration,pagerank_centrality,0.195649033160,0.998445022207,1
pb01_case_54889b43e39992657cfb889a,calibration,pagerank_centrality,0.093834639105,0.906389904393,1
pb01_case_9b553259aaa31a932480887c,calibration,pagerank_centrality,0.329530595707,0.921536495366,1
pb01_case_886f049876fc4aeff42a2a4b,calibration,pagerank_centrality,0.199153930993,0.954944550770,1
pb01_case_139b8b339a57df48e14fcc5c,calibration,pagerank_centrality,0.247847367375,0.921467763488,1
pb01_case_5cca6dfc4dddc625e489a9ad,calibration,pagerank_centrality,0.280091833526,0.988684992664,1
pb01_case_81e7fc7362b9d387e42ca183,calibration,pagerank_centrality,0.232001779308,0.975707157576,1
pb01_case_06dc42c9e7c0961d192f6fc3,calibration,pagerank_centrality,0.252609564093,0.998608597867,1
pb01_case_7ad22bcc114e0d412403dede,calibration,pagerank_centrality,0.267389510872,0.997250047009,1
pb01_case_745c95f546bb616e0f8f9dcd,calibration,pagerank_centrality,0.352005034055,0.920857467152,1
pb01_case_c666dc79b2b8dd5f7af2f2a5,calibration,pagerank_centrality,0.400269279809,0.926546737021,1
pb01_case_8ab92f2cf09de1cdf404d8a5,calibration,pagerank_centrality,0.299947269797,0.931858434534,1
pb01_case_b68804e4fa96afbf2e2af155,calibration,pagerank_centrality,0.307122372201,0.895158779208,1
pb01_case_6e2cdd5d82699d50f45bc53c,calibration,pagerank_centrality,0.290891955903,0.988262421655,1
pb01_case_ccea2874eea03ef807509bfa,calibration,pagerank_centrality,0.358813507971,0.981594310554,1
pb01_case_af9a6f8dbace6f9307afb06f,calibration,pagerank_centrality,0.251415307664,0.999161320737,1
pb01_case_4aaf102319dd483f691fef99,calibration,pagerank_centrality,0.189690804593,0.998224778274,1
pb01_case_c613ab5c57aa92cf7187ba80,calibration,pagerank_centrality,0.229719214656,0.920556008664,1
pb01_case_ae86fcb1b73e1bf680ffeb99,calibration,pagerank_centrality,0.100172453692,0.912068049041,1
pb01_case_4855cbf15216178615762848,calibration,pagerank_centrality,0.170359363805,0.933985739427,1
pb01_case_92023d5d0549d62b0252ee87,calibration,pagerank_centrality,0.176629903538,0.920019565877,1
pb01_case_fbb377be450a00fb70e5f557,calibration,pagerank_centrality,0.189874803890,0.987990237410,1
pb01_case_a50f125e540058fd5c920d38,calibration,pagerank_centrality,0.190682667479,0.977143173426,1
pb01_case_c95127a07733370fef3a53f3,calibration,pagerank_centrality,0.123245571639,0.999199966782,1
pb01_case_3b29502d8ae28c659ee65bc5,calibration,pagerank_centrality,0.220241239185,0.997634354348,1
pb01_case_8a1d0fb0298b4b54ef6b5f46,calibration,pagerank_centrality,0.178708352317,0.918107124842,1
pb01_case_1cec8c224792879ce80a5c18,calibration,pagerank_centrality,0.010602223387,0.907737112331,1
pb01_case_22cbcf058775b6a909c962e0,calibration,pagerank_centrality,0.146817440431,0.928515995149,1
pb01_case_7ab307c7ec1b6313819a043b,calibration,pagerank_centrality,0.169308174173,0.927812876773,1
pb01_case_a410130aeeb4a79ba3726130,calibration,pagerank_centrality,0.187123013999,0.987404686862,1
pb01_case_aebd9c5f29070e5785d76b7f,calibration,pagerank_centrality,0.154272965441,0.979635334791,1
pb01_case_14a27a172d596294c67f8ff8,calibration,pagerank_centrality,0.164568316928,0.999511675683,1
pb01_case_9571b0193f6f088ff3d5b6e8,calibration,pagerank_centrality,0.146712594789,0.996639515151,1
pb01_case_fb01690701ca052cfb499317,calibration,pagerank_centrality,0.099311128544,0.911509633696,1
pb01_case_0c37ca0a479945ddd7ac36db,calibration,pagerank_centrality,0.000000000000,0.901244221564,1
pb01_case_b37920d0db1e9258a8e8b2fe,calibration,pagerank_centrality,0.206710640398,0.945981356388,1
pb01_case_2c929ada31d03647d671666e,calibration,pagerank_centrality,0.205096436432,0.918866059226,1
pb01_case_3582c328e7bc89b161bee18c,calibration,pagerank_centrality,0.177110958117,0.986845795109,1
pb01_case_fcf8cac5d2edf62c315625a5,calibration,pagerank_centrality,0.155677288413,0.979898038801,1
pb01_case_9a25778762e17f4222440314,calibration,pagerank_centrality,0.260935306651,0.998924063951,1
pb01_case_8e4bcfa4ac977553a9418012,calibration,pagerank_centrality,0.104041596961,0.998334515037,1
pb01_case_449c5e4b09082f8cb95216c7,calibration,pagerank_centrality,0.339905842323,0.899587063031,1
pb01_case_0dd1175c279a75473324e6b3,calibration,pagerank_centrality,0.434456855787,0.912237139112,1
pb01_case_c0ca55f8828ac5045a930c04,calibration,pagerank_centrality,0.460887922936,0.938437123012,1
pb01_case_451f2ad3228c649e456f5872,calibration,pagerank_centrality,0.533157486230,0.916091992675,1
pb01_case_91884575ee854bdfbf7e744c,calibration,pagerank_centrality,0.464097421606,0.988827274702,1
pb01_case_ff44365dd241b26f486b5d8b,calibration,pagerank_centrality,0.405933711447,0.981903021517,1
pb01_case_98a30d141c4b6f5467b1d004,calibration,pagerank_centrality,0.432603898554,0.988308934610,1
pb01_case_3e998f167f2551d3289b999f,calibration,pagerank_centrality,0.440012472973,0.984643385583,1
pb01_case_fa9120f17f2632ba14d06d0e,calibration,pagerank_centrality,0.000000000000,0.886068080433,1
pb01_case_a6efa7b82435acafef7b7f8c,calibration,pagerank_centrality,0.513691820843,0.925181434926,1
pb01_case_3dd1e84e19a9dbbd461cec72,calibration,pagerank_centrality,0.439975285503,0.935681398215,1
pb01_case_99e6702cd118aab2a8e14e4f,calibration,pagerank_centrality,0.475549602954,0.894174292327,1
pb01_case_7483b02b7ede13bf7b04411c,calibration,pagerank_centrality,0.441508616649,0.988721549251,1
pb01_case_7fbbdb143bb325e2db995f1d,calibration,pagerank_centrality,0.428535149825,0.974332321382,1
pb01_case_bbe71953437568dfc135c6a3,calibration,pagerank_centrality,0.517333802526,0.985987565592,1
pb01_case_e5bc79f8583958b95064ba05,calibration,pagerank_centrality,0.443565718050,0.980645635323,1
pb01_case_0a0eddeda0bdcdc0b2bfe8da,calibration,pagerank_centrality,0.000000000000,0.876832844827,1
pb01_case_65f6ac0782934f2453464ebf,calibration,pagerank_centrality,0.360295950664,0.907963239362,1
pb01_case_36a18348a08278c2a2e66c98,calibration,pagerank_centrality,0.391021485674,0.906994094115,1
pb01_case_e2e8c9a3c84575264578cf0f,calibration,pagerank_centrality,0.463400365382,0.920144126204,1
pb01_case_2ab0fa8e986ed495cf7c0b1d,calibration,pagerank_centrality,0.492629933642,0.983037896913,1
pb01_case_9e5d8ca7bc1bcb9b5c8b1e67,calibration,pagerank_centrality,0.440617067595,0.981421293783,1
pb01_case_dcf3e6079e3abc30e4de0383,calibration,pagerank_centrality,0.370559952892,0.997244759772,1
pb01_case_39f97d2d80694a738334788f,calibration,pagerank_centrality,0.593207046884,0.994526046409,1
pb01_case_a436321764e9408748ecddaf,calibration,pagerank_centrality,0.586584000233,0.927729246747,1
pb01_case_9db30ad2d171c901aa0cd3f9,calibration,pagerank_centrality,0.350547136806,0.911581731917,1
pb01_case_c843cd6913fb34c7fce47d60,calibration,pagerank_centrality,0.434670373734,0.943915678738,1
pb01_case_5404ae5ed626623e31bf8d82,calibration,pagerank_centrality,0.390473137950,0.898938208860,1
pb01_case_088d5df0422c462196d0f950,calibration,pagerank_centrality,0.392920442820,0.989105654121,1
pb01_case_3a4bc6e50988bead2964209a,calibration,pagerank_centrality,0.400749532448,0.975609328398,1
pb01_case_ca1ac561669cd7c499d56c4d,calibration,pagerank_centrality,0.377828833755,0.993431419213,1
pb01_case_333ff356d7e3582b36f93f31,calibration,pagerank_centrality,0.247602404365,0.993710919001,1
pb01_case_e6049b84697e1166d89991fe,calibration,pagerank_centrality,1.000000000000,0.957857765230,1
pb01_case_9f7e631a2d0a0f5eea085c11,calibration,pagerank_centrality,0.798692381006,0.935121711714,1
pb01_case_d64984eff70f19e24487da35,calibration,pagerank_centrality,0.547819213975,0.946613806601,1
pb01_case_36e0673a14ea32a43a75e9dc,calibration,pagerank_centrality,0.564880489106,0.905459332136,1
pb01_case_deeb9b5f5a45c4368efca1bb,calibration,pagerank_centrality,0.542595126301,0.987622782278,1
pb01_case_1586f54a82905da670e767bd,calibration,pagerank_centrality,0.592843512480,0.977889595295,1
pb01_case_a215d555b9dd7380223daa5a,calibration,pagerank_centrality,0.375642014500,0.989262477002,1
pb01_case_23d039c19b3a60c5477daa02,calibration,pagerank_centrality,0.581382951680,0.975441158647,1
pb01_case_dfa357b5ca40bc1f6eca26ba,calibration,pagerank_centrality,0.443099607258,0.918054631357,1
pb01_case_cdc6b06484b3f2673526a463,calibration,pagerank_centrality,0.381013659504,0.915166364753,1
pb01_case_b6468a0b6037295dbc28315e,calibration,pagerank_centrality,0.400018726444,0.929483630941,1
pb01_case_46c946becfeee33cb6e348dc,calibration,pagerank_centrality,0.429141478289,0.900502291866,1
pb01_case_2012b8ea408beb2600f117fc,calibration,pagerank_centrality,0.375739279218,0.987523271533,1
pb01_case_352e5f9405cbcae1f5b13908,calibration,pagerank_centrality,0.393431550342,0.984562597430,1
pb01_case_95b4c82d6f5aee162f1bb47c,calibration,pagerank_centrality,0.521514241143,0.994479762083,1
pb01_case_1b760c2072f5275f0f8d0c49,calibration,pagerank_centrality,0.365422851076,0.980941169707,1
pb01_case_999af33a7ff44b9532706860,calibration,random_predictor,0.856270835056,0.903350803669,1
pb01_case_dc496792acd1b10c5da86c23,calibration,random_predictor,0.681548264637,0.934212241133,1
pb01_case_21b0022e07506d2041c7a258,calibration,random_predictor,0.827813186097,0.938324458402,1
pb01_case_1bef087cb0671427b8d35398,calibration,random_predictor,0.981255963102,0.902079530762,1
pb01_case_092504b5782c92825ddb5b25,calibration,random_predictor,0.406478514210,0.986690695509,1
pb01_case_5aa96139cbecf49503683756,calibration,random_predictor,0.857764046955,0.974641973923,1
pb01_case_80e92e6a1cb7151a0110554b,calibration,random_predictor,0.805384025152,0.999955975510,1
pb01_case_5d857f6ac31f8ec882e492b2,calibration,random_predictor,0.295150147166,0.999996512418,1
pb01_case_dc0d54c53896cb8a5d36cdf7,calibration,random_predictor,0.534317667172,0.923298786239,1
pb01_case_a0d626f339a2fb3f25079c32,calibration,random_predictor,0.869480845963,0.835644622515,1
pb01_case_6888e1a1e1a62d91def5df23,calibration,random_predictor,0.690914998347,0.936030736527,1
pb01_case_3626379f4c4db020b165908a,calibration,random_predictor,0.488138294230,0.908401927751,1
pb01_case_cd741308b64469ccf1571ec6,calibration,random_predictor,0.803178272857,0.991508687310,1
pb01_case_ddc268b63889b6a40f69eee3,calibration,random_predictor,0.133063201566,0.979749945249,1
pb01_case_b4c88bcc0a2dffc1939bfd3c,calibration,random_predictor,0.730686132699,0.999964432237,1
pb01_case_1af58135bbb105277d0a2320,calibration,random_predictor,0.926090677189,0.999901969393,1
pb01_case_2b1b838928b19e3a15587322,calibration,random_predictor,0.400736572083,0.920337938134,1
pb01_case_0e54fef464c01010e4d6d8e2,calibration,random_predictor,0.246872825153,0.922483127327,1
pb01_case_941b0cd020ec4d66f9ebee4d,calibration,random_predictor,0.259993621928,0.920303691533,1
pb01_case_677ddbfe01f98b1df36cf440,calibration,random_predictor,0.523521151941,0.915539109973,1
pb01_case_b0f987886fc67b2f5869e92f,calibration,random_predictor,0.123062335680,0.988096184851,1
pb01_case_0c819699553bb4ddadfdb9cb,calibration,random_predictor,0.868787400740,0.978903230623,1
pb01_case_46c81984c9fa72124ad64371,calibration,random_predictor,0.340216951394,0.999960101372,1
pb01_case_73dbc4ed0118bb0eb327c469,calibration,random_predictor,0.853881046993,0.999957709054,1
pb01_case_712744e694545c5f3dba4918,calibration,random_predictor,0.134638479007,0.931890336062,1
pb01_case_4ff7a1c8b846da34364664ee,calibration,random_predictor,0.255461017707,0.916707799684,1
pb01_case_6a0169bb5a59e4188d514a55,calibration,random_predictor,0.073618276632,0.934212932772,1
pb01_case_61c249f22cb56ba8f48ad0b6,calibration,random_predictor,0.936252384603,0.904706772807,1
pb01_case_af91177d1114b7fb05fc8266,calibration,random_predictor,0.723647256019,0.985011930225,1
pb01_case_2648f4519f070c13b83752a7,calibration,random_predictor,0.925540267232,0.978616287816,1
pb01_case_039d2f795938287b11fd2a7b,calibration,random_predictor,0.994036575037,0.999906402306,1
pb01_case_2d3bb3dc235ac6ab243e7105,calibration,random_predictor,0.509249801262,0.999792911048,1
pb01_case_c8708df0963038a94800fa5c,calibration,random_predictor,0.326960137011,0.884736382874,1
pb01_case_6b0e12596a22bb6a4791b267,calibration,random_predictor,0.267472866532,0.927681469240,1
pb01_case_676c89c6bf4dfbcf6d37dfde,calibration,random_predictor,0.665272220688,0.933801647469,1
pb01_case_f657d3215e5dbb9292ea2dfa,calibration,random_predictor,0.022363459747,0.906057112535,1
pb01_case_60fccafe865a0385e907a8c2,calibration,random_predictor,0.926002839015,0.984614271945,1
pb01_case_b2101ef91025f2fbad286711,calibration,random_predictor,0.779282368577,0.981468987347,1
pb01_case_45365b1b3e934ae6e74cc53a,calibration,random_predictor,0.952100933796,0.999982944942,1
pb01_case_8a457ed0eb210d25f47ecbd7,calibration,random_predictor,0.785032702276,0.999931917227,1
pb01_case_1a292d65108cf967ec1d5dd0,calibration,random_predictor,0.595493981294,0.937256286327,1
pb01_case_45f23ad8ba7fabe221db4bc5,calibration,random_predictor,0.587358784280,0.922955708841,1
pb01_case_38bf3db425c749b61ef97fdc,calibration,random_predictor,0.972250611779,0.922095924010,1
pb01_case_c753ea6b70cbbb838b5613d3,calibration,random_predictor,0.189699689960,0.898825659936,1
pb01_case_9dfe3941a9feb9c7752074c0,calibration,random_predictor,0.599657443021,0.986390795459,1
pb01_case_ab10f9e4ababba6fbc0dd953,calibration,random_predictor,0.825810198056,0.980657066098,1
pb01_case_daca0e53639c211b3213a1e0,calibration,random_predictor,0.298122568435,0.999882396809,1
pb01_case_9f13d69f42dcffa9f56d9925,calibration,random_predictor,0.131403182189,0.999853951715,1
pb01_case_70eb38c4bd19e5232244e977,calibration,random_predictor,0.251502588899,0.920647426504,1
pb01_case_368f0f79ecff9c9c2b7ff62a,calibration,random_predictor,0.483735008101,0.907513262532,1
pb01_case_15c3f75ffe7724e9eba5e5c0,calibration,random_predictor,0.590830632804,0.937729245503,1
pb01_case_0aa796d3aebfc3f8678c784f,calibration,random_predictor,0.865350255024,0.918872831313,1
pb01_case_d318298976a458c5c4fa1a1e,calibration,random_predictor,0.953161263179,0.987245091891,1
pb01_case_62e3b5892f697fa2d26b60cc,calibration,random_predictor,0.742644030767,0.980784332402,1
pb01_case_760037be28a90537dea96517,calibration,random_predictor,0.259683963270,0.999506643548,1
pb01_case_9eef7bcef81d417b3c582290,calibration,random_predictor,0.457631570418,0.998445022207,1
pb01_case_54889b43e39992657cfb889a,calibration,random_predictor,0.725327795318,0.906389904393,1
pb01_case_9b553259aaa31a932480887c,calibration,random_predictor,0.080305129575,0.921536495366,1
pb01_case_886f049876fc4aeff42a2a4b,calibration,random_predictor,0.453761346112,0.954944550770,1
pb01_case_139b8b339a57df48e14fcc5c,calibration,random_predictor,0.549856778430,0.921467763488,1
pb01_case_5cca6dfc4dddc625e489a9ad,calibration,random_predictor,0.241320908098,0.988684992664,1
pb01_case_81e7fc7362b9d387e42ca183,calibration,random_predictor,0.498472270602,0.975707157576,1
pb01_case_06dc42c9e7c0961d192f6fc3,calibration,random_predictor,0.096032765511,0.998608597867,1
pb01_case_7ad22bcc114e0d412403dede,calibration,random_predictor,0.031190711045,0.997250047009,1
pb01_case_745c95f546bb616e0f8f9dcd,calibration,random_predictor,0.237235706365,0.920857467152,1
pb01_case_c666dc79b2b8dd5f7af2f2a5,calibration,random_predictor,0.284687777320,0.926546737021,1
pb01_case_8ab92f2cf09de1cdf404d8a5,calibration,random_predictor,0.856561044528,0.931858434534,1
pb01_case_b68804e4fa96afbf2e2af155,calibration,random_predictor,0.856109316164,0.895158779208,1
pb01_case_6e2cdd5d82699d50f45bc53c,calibration,random_predictor,0.911823780511,0.988262421655,1
pb01_case_ccea2874eea03ef807509bfa,calibration,random_predictor,0.417330308751,0.981594310554,1
pb01_case_af9a6f8dbace6f9307afb06f,calibration,random_predictor,0.379749200798,0.999161320737,1
pb01_case_4aaf102319dd483f691fef99,calibration,random_predictor,0.126652444251,0.998224778274,1
pb01_case_c613ab5c57aa92cf7187ba80,calibration,random_predictor,0.830152784158,0.920556008664,1
pb01_case_ae86fcb1b73e1bf680ffeb99,calibration,random_predictor,0.535536274151,0.912068049041,1
pb01_case_4855cbf15216178615762848,calibration,random_predictor,0.376768405704,0.933985739427,1
pb01_case_92023d5d0549d62b0252ee87,calibration,random_predictor,0.557282630488,0.920019565877,1
pb01_case_fbb377be450a00fb70e5f557,calibration,random_predictor,0.673235457164,0.987990237410,1
pb01_case_a50f125e540058fd5c920d38,calibration,random_predictor,0.214277045081,0.977143173426,1
pb01_case_c95127a07733370fef3a53f3,calibration,random_predictor,0.630051917514,0.999199966782,1
pb01_case_3b29502d8ae28c659ee65bc5,calibration,random_predictor,0.255048382236,0.997634354348,1
pb01_case_8a1d0fb0298b4b54ef6b5f46,calibration,random_predictor,0.638716728135,0.918107124842,1
pb01_case_1cec8c224792879ce80a5c18,calibration,random_predictor,0.725668022478,0.907737112331,1
pb01_case_22cbcf058775b6a909c962e0,calibration,random_predictor,0.975405534311,0.928515995149,1
pb01_case_7ab307c7ec1b6313819a043b,calibration,random_predictor,0.667191428865,0.927812876773,1
pb01_case_a410130aeeb4a79ba3726130,calibration,random_predictor,0.171144113176,0.987404686862,1
pb01_case_aebd9c5f29070e5785d76b7f,calibration,random_predictor,0.496580663840,0.979635334791,1
pb01_case_14a27a172d596294c67f8ff8,calibration,random_predictor,0.992132295581,0.999511675683,1
pb01_case_9571b0193f6f088ff3d5b6e8,calibration,random_predictor,0.721389819925,0.996639515151,1
pb01_case_fb01690701ca052cfb499317,calibration,random_predictor,0.173267790731,0.911509633696,1
pb01_case_0c37ca0a479945ddd7ac36db,calibration,random_predictor,0.068963047509,0.901244221564,1
pb01_case_b37920d0db1e9258a8e8b2fe,calibration,random_predictor,0.176634012993,0.945981356388,1
pb01_case_2c929ada31d03647d671666e,calibration,random_predictor,0.027878661600,0.918866059226,1
pb01_case_3582c328e7bc89b161bee18c,calibration,random_predictor,0.587877681429,0.986845795109,1
pb01_case_fcf8cac5d2edf62c315625a5,calibration,random_predictor,0.274795086904,0.979898038801,1
pb01_case_9a25778762e17f4222440314,calibration,random_predictor,0.397275131164,0.998924063951,1
pb01_case_8e4bcfa4ac977553a9418012,calibration,random_predictor,0.839568711208,0.998334515037,1
pb01_case_449c5e4b09082f8cb95216c7,calibration,random_predictor,0.894648928124,0.899587063031,1
pb01_case_0dd1175c279a75473324e6b3,calibration,random_predictor,0.330151132691,0.912237139112,1
pb01_case_c0ca55f8828ac5045a930c04,calibration,random_predictor,0.921521421854,0.938437123012,1
pb01_case_451f2ad3228c649e456f5872,calibration,random_predictor,0.876988464819,0.916091992675,1
pb01_case_91884575ee854bdfbf7e744c,calibration,random_predictor,0.901422951511,0.988827274702,1
pb01_case_ff44365dd241b26f486b5d8b,calibration,random_predictor,0.875882669809,0.981903021517,1
pb01_case_98a30d141c4b6f5467b1d004,calibration,random_predictor,0.263274374012,0.988308934610,1
pb01_case_3e998f167f2551d3289b999f,calibration,random_predictor,0.364653796078,0.984643385583,1
pb01_case_fa9120f17f2632ba14d06d0e,calibration,random_predictor,0.241139876717,0.886068080433,1
pb01_case_a6efa7b82435acafef7b7f8c,calibration,random_predictor,0.963722136920,0.925181434926,1
pb01_case_3dd1e84e19a9dbbd461cec72,calibration,random_predictor,0.064929380235,0.935681398215,1
pb01_case_99e6702cd118aab2a8e14e4f,calibration,random_predictor,0.341883503059,0.894174292327,1
pb01_case_7483b02b7ede13bf7b04411c,calibration,random_predictor,0.410427156613,0.988721549251,1
pb01_case_7fbbdb143bb325e2db995f1d,calibration,random_predictor,0.868797778554,0.974332321382,1
pb01_case_bbe71953437568dfc135c6a3,calibration,random_predictor,0.548904333893,0.985987565592,1
pb01_case_e5bc79f8583958b95064ba05,calibration,random_predictor,0.001331932402,0.980645635323,1
pb01_case_0a0eddeda0bdcdc0b2bfe8da,calibration,random_predictor,0.975802125502,0.876832844827,1
pb01_case_65f6ac0782934f2453464ebf,calibration,random_predictor,0.399468879378,0.907963239362,1
pb01_case_36a18348a08278c2a2e66c98,calibration,random_predictor,0.455087242243,0.906994094115,1
pb01_case_e2e8c9a3c84575264578cf0f,calibration,random_predictor,0.446264981027,0.920144126204,1
pb01_case_2ab0fa8e986ed495cf7c0b1d,calibration,random_predictor,0.570230392638,0.983037896913,1
pb01_case_9e5d8ca7bc1bcb9b5c8b1e67,calibration,random_predictor,0.039308104072,0.981421293783,1
pb01_case_dcf3e6079e3abc30e4de0383,calibration,random_predictor,0.077342195423,0.997244759772,1
pb01_case_39f97d2d80694a738334788f,calibration,random_predictor,0.838634738663,0.994526046409,1
pb01_case_a436321764e9408748ecddaf,calibration,random_predictor,0.980793163564,0.927729246747,1
pb01_case_9db30ad2d171c901aa0cd3f9,calibration,random_predictor,0.813159791337,0.911581731917,1
pb01_case_c843cd6913fb34c7fce47d60,calibration,random_predictor,0.469609721537,0.943915678738,1
pb01_case_5404ae5ed626623e31bf8d82,calibration,random_predictor,0.791831292528,0.898938208860,1
pb01_case_088d5df0422c462196d0f950,calibration,random_predictor,0.504894012855,0.989105654121,1
pb01_case_3a4bc6e50988bead2964209a,calibration,random_predictor,0.511414282180,0.975609328398,1
pb01_case_ca1ac561669cd7c499d56c4d,calibration,random_predictor,0.984784518054,0.993431419213,1
pb01_case_333ff356d7e3582b36f93f31,calibration,random_predictor,0.624460627266,0.993710919001,1
pb01_case_e6049b84697e1166d89991fe,calibration,random_predictor,0.983138199406,0.957857765230,1
pb01_case_9f7e631a2d0a0f5eea085c11,calibration,random_predictor,0.526995935512,0.935121711714,1
pb01_case_d64984eff70f19e24487da35,calibration,random_predictor,0.426186912323,0.946613806601,1
pb01_case_36e0673a14ea32a43a75e9dc,calibration,random_predictor,0.143934150696,0.905459332136,1
pb01_case_deeb9b5f5a45c4368efca1bb,calibration,random_predictor,0.816453583554,0.987622782278,1
pb01_case_1586f54a82905da670e767bd,calibration,random_predictor,0.783528906707,0.977889595295,1
pb01_case_a215d555b9dd7380223daa5a,calibration,random_predictor,0.398475018274,0.989262477002,1
pb01_case_23d039c19b3a60c5477daa02,calibration,random_predictor,0.238966290974,0.975441158647,1
pb01_case_dfa357b5ca40bc1f6eca26ba,calibration,random_predictor,0.973941327360,0.918054631357,1
pb01_case_cdc6b06484b3f2673526a463,calibration,random_predictor,0.137673933980,0.915166364753,1
pb01_case_b6468a0b6037295dbc28315e,calibration,random_predictor,0.115335040389,0.929483630941,1
pb01_case_46c946becfeee33cb6e348dc,calibration,random_predictor,0.494843319147,0.900502291866,1
pb01_case_2012b8ea408beb2600f117fc,calibration,random_predictor,0.926243275592,0.987523271533,1
pb01_case_352e5f9405cbcae1f5b13908,calibration,random_predictor,0.165543953943,0.984562597430,1
pb01_case_95b4c82d6f5aee162f1bb47c,calibration,random_predictor,0.352932873339,0.994479762083,1
pb01_case_1b760c2072f5275f0f8d0c49,calibration,random_predictor,0.128079032677,0.980941169707,1
pb01_case_999af33a7ff44b9532706860,calibration,shortest_path_to_perturbation,0.375000000000,0.903350803669,1
pb01_case_dc496792acd1b10c5da86c23,calibration,shortest_path_to_perturbation,0.062500000000,0.934212241133,1
pb01_case_21b0022e07506d2041c7a258,calibration,shortest_path_to_perturbation,0.250000000000,0.938324458402,1
pb01_case_1bef087cb0671427b8d35398,calibration,shortest_path_to_perturbation,0.218750000000,0.902079530762,1
pb01_case_092504b5782c92825ddb5b25,calibration,shortest_path_to_perturbation,0.264705882353,0.986690695509,1
pb01_case_5aa96139cbecf49503683756,calibration,shortest_path_to_perturbation,0.204545454545,0.974641973923,1
pb01_case_80e92e6a1cb7151a0110554b,calibration,shortest_path_to_perturbation,0.250000000000,0.999955975510,1
pb01_case_5d857f6ac31f8ec882e492b2,calibration,shortest_path_to_perturbation,0.204545454545,0.999996512418,1
pb01_case_dc0d54c53896cb8a5d36cdf7,calibration,shortest_path_to_perturbation,0.166666666667,0.923298786239,1
pb01_case_a0d626f339a2fb3f25079c32,calibration,shortest_path_to_perturbation,1.000000000000,0.835644622515,1
pb01_case_6888e1a1e1a62d91def5df23,calibration,shortest_path_to_perturbation,0.226190476190,0.936030736527,1
pb01_case_3626379f4c4db020b165908a,calibration,shortest_path_to_perturbation,0.234693877551,0.908401927751,1
pb01_case_cd741308b64469ccf1571ec6,calibration,shortest_path_to_perturbation,0.250000000000,0.991508687310,1
pb01_case_ddc268b63889b6a40f69eee3,calibration,shortest_path_to_perturbation,0.166666666667,0.979749945249,1
pb01_case_b4c88bcc0a2dffc1939bfd3c,calibration,shortest_path_to_perturbation,0.166666666667,0.999964432237,1
pb01_case_1af58135bbb105277d0a2320,calibration,shortest_path_to_perturbation,0.250000000000,0.999901969393,1
pb01_case_2b1b838928b19e3a15587322,calibration,shortest_path_to_perturbation,0.166666666667,0.920337938134,1
pb01_case_0e54fef464c01010e4d6d8e2,calibration,shortest_path_to_perturbation,0.166666666667,0.922483127327,1
pb01_case_941b0cd020ec4d66f9ebee4d,calibration,shortest_path_to_perturbation,0.218750000000,0.920303691533,1
pb01_case_677ddbfe01f98b1df36cf440,calibration,shortest_path_to_perturbation,0.255319148936,0.915539109973,1
pb01_case_b0f987886fc67b2f5869e92f,calibration,shortest_path_to_perturbation,0.196428571429,0.988096184851,1
pb01_case_0c819699553bb4ddadfdb9cb,calibration,shortest_path_to_perturbation,0.236111111111,0.978903230623,1
pb01_case_46c81984c9fa72124ad64371,calibration,shortest_path_to_perturbation,0.250000000000,0.999960101372,1
pb01_case_73dbc4ed0118bb0eb327c469,calibration,shortest_path_to_perturbation,0.375000000000,0.999957709054,1
pb01_case_712744e694545c5f3dba4918,calibration,shortest_path_to_perturbation,0.166666666667,0.931890336062,1
pb01_case_4ff7a1c8b846da34364664ee,calibration,shortest_path_to_perturbation,0.166666666667,0.916707799684,1
pb01_case_6a0169bb5a59e4188d514a55,calibration,shortest_path_to_perturbation,0.207317073171,0.934212932772,1
pb01_case_61c249f22cb56ba8f48ad0b6,calibration,shortest_path_to_perturbation,0.221698113208,0.904706772807,1
pb01_case_af91177d1114b7fb05fc8266,calibration,shortest_path_to_perturbation,0.166666666667,0.985011930225,1
pb01_case_2648f4519f070c13b83752a7,calibration,shortest_path_to_perturbation,0.140625000000,0.978616287816,1
pb01_case_039d2f795938287b11fd2a7b,calibration,shortest_path_to_perturbation,0.375000000000,0.999906402306,1
pb01_case_2d3bb3dc235ac6ab243e7105,calibration,shortest_path_to_perturbation,0.204545454545,0.999792911048,1
pb01_case_c8708df0963038a94800fa5c,calibration,shortest_path_to_perturbation,0.375000000000,0.884736382874,1
pb01_case_6b0e12596a22bb6a4791b267,calibration,shortest_path_to_perturbation,0.166666666667,0.927681469240,1
pb01_case_676c89c6bf4dfbcf6d37dfde,calibration,shortest_path_to_perturbation,0.237804878049,0.933801647469,1
pb01_case_f657d3215e5dbb9292ea2dfa,calibration,shortest_path_to_perturbation,0.250000000000,0.906057112535,1
pb01_case_60fccafe865a0385e907a8c2,calibration,shortest_path_to_perturbation,0.293478260870,0.984614271945,1
pb01_case_b2101ef91025f2fbad286711,calibration,shortest_path_to_perturbation,0.191176470588,0.981468987347,1
pb01_case_45365b1b3e934ae6e74cc53a,calibration,shortest_path_to_perturbation,0.250000000000,0.999982944942,1
pb01_case_8a457ed0eb210d25f47ecbd7,calibration,shortest_path_to_perturbation,0.375000000000,0.999931917227,1
pb01_case_1a292d65108cf967ec1d5dd0,calibration,shortest_path_to_perturbation,0.166666666667,0.937256286327,1
pb01_case_45f23ad8ba7fabe221db4bc5,calibration,shortest_path_to_perturbation,0.166666666667,0.922955708841,1
pb01_case_38bf3db425c749b61ef97fdc,calibration,shortest_path_to_perturbation,0.156250000000,0.922095924010,1
pb01_case_c753ea6b70cbbb838b5613d3,calibration,shortest_path_to_perturbation,0.204545454545,0.898825659936,1
pb01_case_9dfe3941a9feb9c7752074c0,calibration,shortest_path_to_perturbation,0.097222222222,0.986390795459,1
pb01_case_ab10f9e4ababba6fbc0dd953,calibration,shortest_path_to_perturbation,0.305555555556,0.980657066098,1
pb01_case_daca0e53639c211b3213a1e0,calibration,shortest_path_to_perturbation,0.134615384615,0.999882396809,1
pb01_case_9f13d69f42dcffa9f56d9925,calibration,shortest_path_to_perturbation,0.305555555556,0.999853951715,1
pb01_case_70eb38c4bd19e5232244e977,calibration,shortest_path_to_perturbation,0.375000000000,0.920647426504,1
pb01_case_368f0f79ecff9c9c2b7ff62a,calibration,shortest_path_to_perturbation,0.166666666667,0.907513262532,1
pb01_case_15c3f75ffe7724e9eba5e5c0,calibration,shortest_path_to_perturbation,0.215116279070,0.937729245503,1
pb01_case_0aa796d3aebfc3f8678c784f,calibration,shortest_path_to_perturbation,0.193548387097,0.918872831313,1
pb01_case_d318298976a458c5c4fa1a1e,calibration,shortest_path_to_perturbation,0.107142857143,0.987245091891,1
pb01_case_62e3b5892f697fa2d26b60cc,calibration,shortest_path_to_perturbation,0.147727272727,0.980784332402,1
pb01_case_760037be28a90537dea96517,calibration,shortest_path_to_perturbation,0.305555555556,0.999506643548,1
pb01_case_9eef7bcef81d417b3c582290,calibration,shortest_path_to_perturbation,0.464285714286,0.998445022207,1
pb01_case_54889b43e39992657cfb889a,calibration,shortest_path_to_perturbation,0.166666666667,0.906389904393,1
pb01_case_9b553259aaa31a932480887c,calibration,shortest_path_to_perturbation,0.375000000000,0.921536495366,1
pb01_case_886f049876fc4aeff42a2a4b,calibration,shortest_path_to_perturbation,0.202127659574,0.954944550770,1
pb01_case_139b8b339a57df48e14fcc5c,calibration,shortest_path_to_perturbation,0.185606060606,0.921467763488,1
pb01_case_5cca6dfc4dddc625e489a9ad,calibration,shortest_path_to_perturbation,0.100000000000,0.988684992664,1
pb01_case_81e7fc7362b9d387e42ca183,calibration,shortest_path_to_perturbation,0.166666666667,0.975707157576,1
pb01_case_06dc42c9e7c0961d192f6fc3,calibration,shortest_path_to_perturbation,0.464285714286,0.998608597867,1
pb01_case_7ad22bcc114e0d412403dede,calibration,shortest_path_to_perturbation,0.464285714286,0.997250047009,1
pb01_case_745c95f546bb616e0f8f9dcd,calibration,shortest_path_to_perturbation,0.166666666667,0.920857467152,1
pb01_case_c666dc79b2b8dd5f7af2f2a5,calibration,shortest_path_to_perturbation,0.375000000000,0.926546737021,1
pb01_case_8ab92f2cf09de1cdf404d8a5,calibration,shortest_path_to_perturbation,0.175000000000,0.931858434534,1
pb01_case_b68804e4fa96afbf2e2af155,calibration,shortest_path_to_perturbation,0.218750000000,0.895158779208,1
pb01_case_6e2cdd5d82699d50f45bc53c,calibration,shortest_path_to_perturbation,0.150000000000,0.988262421655,1
pb01_case_ccea2874eea03ef807509bfa,calibration,shortest_path_to_perturbation,0.333333333333,0.981594310554,1
pb01_case_af9a6f8dbace6f9307afb06f,calibration,shortest_path_to_perturbation,0.166666666667,0.999161320737,1
pb01_case_4aaf102319dd483f691fef99,calibration,shortest_path_to_perturbation,0.204545454545,0.998224778274,1
pb01_case_c613ab5c57aa92cf7187ba80,calibration,shortest_path_to_perturbation,0.166666666667,0.920556008664,1
pb01_case_ae86fcb1b73e1bf680ffeb99,calibration,shortest_path_to_perturbation,0.375000000000,0.912068049041,1
pb01_case_4855cbf15216178615762848,calibration,shortest_path_to_perturbation,0.202127659574,0.933985739427,1
pb01_case_92023d5d0549d62b0252ee87,calibration,shortest_path_to_perturbation,0.199218750000,0.920019565877,1
pb01_case_fbb377be450a00fb70e5f557,calibration,shortest_path_to_perturbation,0.338235294118,0.987990237410,1
pb01_case_a50f125e540058fd5c920d38,calibration,shortest_path_to_perturbation,0.166666666667,0.977143173426,1
pb01_case_c95127a07733370fef3a53f3,calibration,shortest_path_to_perturbation,0.134615384615,0.999199966782,1
pb01_case_3b29502d8ae28c659ee65bc5,calibration,shortest_path_to_perturbation,0.204545454545,0.997634354348,1
pb01_case_8a1d0fb0298b4b54ef6b5f46,calibration,shortest_path_to_perturbation,0.000000000000,0.918107124842,1
pb01_case_1cec8c224792879ce80a5c18,calibration,shortest_path_to_perturbation,0.166666666667,0.907737112331,1
pb01_case_22cbcf058775b6a909c962e0,calibration,shortest_path_to_perturbation,0.094827586207,0.928515995149,1
pb01_case_7ab307c7ec1b6313819a043b,calibration,shortest_path_to_perturbation,0.126712328767,0.927812876773,1
pb01_case_a410130aeeb4a79ba3726130,calibration,shortest_path_to_perturbation,0.375000000000,0.987404686862,1
pb01_case_aebd9c5f29070e5785d76b7f,calibration,shortest_path_to_perturbation,0.296875000000,0.979635334791,1
pb01_case_14a27a172d596294c67f8ff8,calibration,shortest_path_to_perturbation,0.134615384615,0.999511675683,1
pb01_case_9571b0193f6f088ff3d5b6e8,calibration,shortest_path_to_perturbation,0.027777777778,0.996639515151,1
pb01_case_fb01690701ca052cfb499317,calibration,shortest_path_to_perturbation,0.375000000000,0.911509633696,1
pb01_case_0c37ca0a479945ddd7ac36db,calibration,shortest_path_to_perturbation,0.166666666667,0.901244221564,1
pb01_case_b37920d0db1e9258a8e8b2fe,calibration,shortest_path_to_perturbation,0.215116279070,0.945981356388,1
pb01_case_2c929ada31d03647d671666e,calibration,shortest_path_to_perturbation,0.199218750000,0.918866059226,1
pb01_case_3582c328e7bc89b161bee18c,calibration,shortest_path_to_perturbation,0.147727272727,0.986845795109,1
pb01_case_fcf8cac5d2edf62c315625a5,calibration,shortest_path_to_perturbation,0.375000000000,0.979898038801,1
pb01_case_9a25778762e17f4222440314,calibration,shortest_path_to_perturbation,0.134615384615,0.998924063951,1
pb01_case_8e4bcfa4ac977553a9418012,calibration,shortest_path_to_perturbation,0.166666666667,0.998334515037,1
pb01_case_449c5e4b09082f8cb95216c7,calibration,shortest_path_to_perturbation,0.375000000000,0.899587063031,1
pb01_case_0dd1175c279a75473324e6b3,calibration,shortest_path_to_perturbation,0.062500000000,0.912237139112,1
pb01_case_c0ca55f8828ac5045a930c04,calibration,shortest_path_to_perturbation,0.230769230769,0.938437123012,1
pb01_case_451f2ad3228c649e456f5872,calibration,shortest_path_to_perturbation,0.188596491228,0.916091992675,1
pb01_case_91884575ee854bdfbf7e744c,calibration,shortest_path_to_perturbation,0.166666666667,0.988827274702,1
pb01_case_ff44365dd241b26f486b5d8b,calibration,shortest_path_to_perturbation,0.191176470588,0.981903021517,1
pb01_case_98a30d141c4b6f5467b1d004,calibration,shortest_path_to_perturbation,0.305555555556,0.988308934610,1
pb01_case_3e998f167f2551d3289b999f,calibration,shortest_path_to_perturbation,0.305555555556,0.984643385583,1
pb01_case_fa9120f17f2632ba14d06d0e,calibration,shortest_path_to_perturbation,1.000000000000,0.886068080433,1
pb01_case_a6efa7b82435acafef7b7f8c,calibration,shortest_path_to_perturbation,0.375000000000,0.925181434926,1
pb01_case_3dd1e84e19a9dbbd461cec72,calibration,shortest_path_to_perturbation,0.194444444444,0.935681398215,1
pb01_case_99e6702cd118aab2a8e14e4f,calibration,shortest_path_to_perturbation,0.182692307692,0.894174292327,1
pb01_case_7483b02b7ede13bf7b04411c,calibration,shortest_path_to_perturbation,0.120370370370,0.988721549251,1
pb01_case_7fbbdb143bb325e2db995f1d,calibration,shortest_path_to_perturbation,0.411764705882,0.974332321382,1
pb01_case_bbe71953437568dfc135c6a3,calibration,shortest_path_to_perturbation,0.375000000000,0.985987565592,1
pb01_case_e5bc79f8583958b95064ba05,calibration,shortest_path_to_perturbation,0.044117647059,0.980645635323,1
pb01_case_0a0eddeda0bdcdc0b2bfe8da,calibration,shortest_path_to_perturbation,1.000000000000,0.876832844827,1
pb01_case_65f6ac0782934f2453464ebf,calibration,shortest_path_to_perturbation,0.062500000000,0.907963239362,1
pb01_case_36a18348a08278c2a2e66c98,calibration,shortest_path_to_perturbation,0.146341463415,0.906994094115,1
pb01_case_e2e8c9a3c84575264578cf0f,calibration,shortest_path_to_perturbation,0.173728813559,0.920144126204,1
pb01_case_2ab0fa8e986ed495cf7c0b1d,calibration,shortest_path_to_perturbation,0.423076923077,0.983037896913,1
pb01_case_9e5d8ca7bc1bcb9b5c8b1e67,calibration,shortest_path_to_perturbation,0.078947368421,0.981421293783,1
pb01_case_dcf3e6079e3abc30e4de0383,calibration,shortest_path_to_perturbation,0.204545454545,0.997244759772,1
pb01_case_39f97d2d80694a738334788f,calibration,shortest_path_to_perturbation,0.083333333333,0.994526046409,1
pb01_case_a436321764e9408748ecddaf,calibration,shortest_path_to_perturbation,0.166666666667,0.927729246747,1
pb01_case_9db30ad2d171c901aa0cd3f9,calibration,shortest_path_to_perturbation,0.166666666667,0.911581731917,1
pb01_case_c843cd6913fb34c7fce47d60,calibration,shortest_path_to_perturbation,0.202127659574,0.943915678738,1
pb01_case_5404ae5ed626623e31bf8d82,calibration,shortest_path_to_perturbation,0.221698113208,0.898938208860,1
pb01_case_088d5df0422c462196d0f950,calibration,shortest_path_to_perturbation,0.210526315789,0.989105654121,1
pb01_case_3a4bc6e50988bead2964209a,calibration,shortest_path_to_perturbation,0.166666666667,0.975609328398,1
pb01_case_ca1ac561669cd7c499d56c4d,calibration,shortest_path_to_perturbation,0.204545454545,0.993431419213,1
pb01_case_333ff356d7e3582b36f93f31,calibration,shortest_path_to_perturbation,0.305555555556,0.993710919001,1
pb01_case_e6049b84697e1166d89991fe,calibration,shortest_path_to_perturbation,0.166666666667,0.957857765230,1
pb01_case_9f7e631a2d0a0f5eea085c11,calibration,shortest_path_to_perturbation,0.166666666667,0.935121711714,1
pb01_case_d64984eff70f19e24487da35,calibration,shortest_path_to_perturbation,0.157608695652,0.946613806601,1
pb01_case_36e0673a14ea32a43a75e9dc,calibration,shortest_path_to_perturbation,0.144736842105,0.905459332136,1
pb01_case_deeb9b5f5a45c4368efca1bb,calibration,shortest_path_to_perturbation,0.338235294118,0.987622782278,1
pb01_case_1586f54a82905da670e767bd,calibration,shortest_path_to_perturbation,0.250000000000,0.977889595295,1
pb01_case_a215d555b9dd7380223daa5a,calibration,shortest_path_to_perturbation,0.044117647059,0.989262477002,1
pb01_case_23d039c19b3a60c5477daa02,calibration,shortest_path_to_perturbation,0.027777777778,0.975441158647,1
pb01_case_dfa357b5ca40bc1f6eca26ba,calibration,shortest_path_to_perturbation,0.166666666667,0.918054631357,1
pb01_case_cdc6b06484b3f2673526a463,calibration,shortest_path_to_perturbation,0.062500000000,0.915166364753,1
pb01_case_b6468a0b6037295dbc28315e,calibration,shortest_path_to_perturbation,0.157608695652,0.929483630941,1
pb01_case_46c946becfeee33cb6e348dc,calibration,shortest_path_to_perturbation,0.173728813559,0.900502291866,1
pb01_case_2012b8ea408beb2600f117fc,calibration,shortest_path_to_perturbation,0.342105263158,0.987523271533,1
pb01_case_352e5f9405cbcae1f5b13908,calibration,shortest_path_to_perturbation,0.090909090909,0.984562597430,1
pb01_case_95b4c82d6f5aee162f1bb47c,calibration,shortest_path_to_perturbation,0.305555555556,0.994479762083,1
pb01_case_1b760c2072f5275f0f8d0c49,calibration,shortest_path_to_perturbation,0.464285714286,0.980941169707,1
pb01_case_999af33a7ff44b9532706860,calibration,supervised_graph_spectral_model,0.904771195417,0.903350803669,1
pb01_case_dc496792acd1b10c5da86c23,calibration,supervised_graph_spectral_model,0.931271659033,0.934212241133,1
pb01_case_21b0022e07506d2041c7a258,calibration,supervised_graph_spectral_model,0.948371105687,0.938324458402,1
pb01_case_1bef087cb0671427b8d35398,calibration,supervised_graph_spectral_model,0.909093117698,0.902079530762,1
pb01_case_092504b5782c92825ddb5b25,calibration,supervised_graph_spectral_model,0.996722578936,0.986690695509,1
pb01_case_5aa96139cbecf49503683756,calibration,supervised_graph_spectral_model,0.987852980233,0.974641973923,1
pb01_case_80e92e6a1cb7151a0110554b,calibration,supervised_graph_spectral_model,0.979554215532,0.999955975510,1
pb01_case_5d857f6ac31f8ec882e492b2,calibration,supervised_graph_spectral_model,0.973738162501,0.999996512418,1
pb01_case_dc0d54c53896cb8a5d36cdf7,calibration,supervised_graph_spectral_model,0.923118467247,0.923298786239,1
pb01_case_a0d626f339a2fb3f25079c32,calibration,supervised_graph_spectral_model,0.837641193292,0.835644622515,1
pb01_case_6888e1a1e1a62d91def5df23,calibration,supervised_graph_spectral_model,0.963846945324,0.936030736527,1
pb01_case_3626379f4c4db020b165908a,calibration,supervised_graph_spectral_model,0.920486327208,0.908401927751,1
pb01_case_cd741308b64469ccf1571ec6,calibration,supervised_graph_spectral_model,1.000000000000,0.991508687310,1
pb01_case_ddc268b63889b6a40f69eee3,calibration,supervised_graph_spectral_model,0.997778026516,0.979749945249,1
pb01_case_b4c88bcc0a2dffc1939bfd3c,calibration,supervised_graph_spectral_model,0.989667445865,0.999964432237,1
pb01_case_1af58135bbb105277d0a2320,calibration,supervised_graph_spectral_model,0.978434532438,0.999901969393,1
pb01_case_2b1b838928b19e3a15587322,calibration,supervised_graph_spectral_model,0.916144728187,0.920337938134,1
pb01_case_0e54fef464c01010e4d6d8e2,calibration,supervised_graph_spectral_model,0.920148101236,0.922483127327,1
pb01_case_941b0cd020ec4d66f9ebee4d,calibration,supervised_graph_spectral_model,0.943469614982,0.920303691533,1
pb01_case_677ddbfe01f98b1df36cf440,calibration,supervised_graph_spectral_model,0.934074509768,0.915539109973,1
pb01_case_b0f987886fc67b2f5869e92f,calibration,supervised_graph_spectral_model,0.997621857920,0.988096184851,1
pb01_case_0c819699553bb4ddadfdb9cb,calibration,supervised_graph_spectral_model,0.991157639293,0.978903230623,1
pb01_case_46c81984c9fa72124ad64371,calibration,supervised_graph_spectral_model,0.998570087086,0.999960101372,1
pb01_case_73dbc4ed0118bb0eb327c469,calibration,supervised_graph_spectral_model,0.966969555127,0.999957709054,1
pb01_case_712744e694545c5f3dba4918,calibration,supervised_graph_spectral_model,0.930287070938,0.931890336062,1
pb01_case_4ff7a1c8b846da34364664ee,calibration,supervised_graph_spectral_model,0.908598283233,0.916707799684,1
pb01_case_6a0169bb5a59e4188d514a55,calibration,supervised_graph_spectral_model,0.941395329206,0.934212932772,1
pb01_case_61c249f22cb56ba8f48ad0b6,calibration,supervised_graph_spectral_model,0.904164489767,0.904706772807,1
pb01_case_af91177d1114b7fb05fc8266,calibration,supervised_graph_spectral_model,0.991052261721,0.985011930225,1
pb01_case_2648f4519f070c13b83752a7,calibration,supervised_graph_spectral_model,0.982208114638,0.978616287816,1
pb01_case_039d2f795938287b11fd2a7b,calibration,supervised_graph_spectral_model,0.988950764609,0.999906402306,1
pb01_case_2d3bb3dc235ac6ab243e7105,calibration,supervised_graph_spectral_model,0.968843496414,0.999792911048,1
pb01_case_c8708df0963038a94800fa5c,calibration,supervised_graph_spectral_model,0.877344962685,0.884736382874,1
pb01_case_6b0e12596a22bb6a4791b267,calibration,supervised_graph_spectral_model,0.917954180894,0.927681469240,1
pb01_case_676c89c6bf4dfbcf6d37dfde,calibration,supervised_graph_spectral_model,0.953186640510,0.933801647469,1
pb01_case_f657d3215e5dbb9292ea2dfa,calibration,supervised_graph_spectral_model,0.916537850466,0.906057112535,1
pb01_case_60fccafe865a0385e907a8c2,calibration,supervised_graph_spectral_model,0.980219661730,0.984614271945,1
pb01_case_b2101ef91025f2fbad286711,calibration,supervised_graph_spectral_model,0.976329692417,0.981468987347,1
pb01_case_45365b1b3e934ae6e74cc53a,calibration,supervised_graph_spectral_model,0.984704160520,0.999982944942,1
pb01_case_8a457ed0eb210d25f47ecbd7,calibration,supervised_graph_spectral_model,0.979654093666,0.999931917227,1
pb01_case_1a292d65108cf967ec1d5dd0,calibration,supervised_graph_spectral_model,0.933422395677,0.937256286327,1
pb01_case_45f23ad8ba7fabe221db4bc5,calibration,supervised_graph_spectral_model,0.918548590507,0.922955708841,1
pb01_case_38bf3db425c749b61ef97fdc,calibration,supervised_graph_spectral_model,0.939960585356,0.922095924010,1
pb01_case_c753ea6b70cbbb838b5613d3,calibration,supervised_graph_spectral_model,0.905052981585,0.898825659936,1
pb01_case_9dfe3941a9feb9c7752074c0,calibration,supervised_graph_spectral_model,0.993043371913,0.986390795459,1
pb01_case_ab10f9e4ababba6fbc0dd953,calibration,supervised_graph_spectral_model,0.995643879815,0.980657066098,1
pb01_case_daca0e53639c211b3213a1e0,calibration,supervised_graph_spectral_model,0.971677358997,0.999882396809,1
pb01_case_9f13d69f42dcffa9f56d9925,calibration,supervised_graph_spectral_model,0.965650884443,0.999853951715,1
pb01_case_70eb38c4bd19e5232244e977,calibration,supervised_graph_spectral_model,0.918385324121,0.920647426504,1
pb01_case_368f0f79ecff9c9c2b7ff62a,calibration,supervised_graph_spectral_model,0.908363274319,0.907513262532,1
pb01_case_15c3f75ffe7724e9eba5e5c0,calibration,supervised_graph_spectral_model,0.952823092901,0.937729245503,1
pb01_case_0aa796d3aebfc3f8678c784f,calibration,supervised_graph_spectral_model,0.939658118304,0.918872831313,1
pb01_case_d318298976a458c5c4fa1a1e,calibration,supervised_graph_spectral_model,0.998045077840,0.987245091891,1
pb01_case_62e3b5892f697fa2d26b60cc,calibration,supervised_graph_spectral_model,0.994878534230,0.980784332402,1
pb01_case_760037be28a90537dea96517,calibration,supervised_graph_spectral_model,0.982333577551,0.999506643548,1
pb01_case_9eef7bcef81d417b3c582290,calibration,supervised_graph_spectral_model,0.957075677785,0.998445022207,1
pb01_case_54889b43e39992657cfb889a,calibration,supervised_graph_spectral_model,0.900563068397,0.906389904393,1
pb01_case_9b553259aaa31a932480887c,calibration,supervised_graph_spectral_model,0.920788218017,0.921536495366,1
pb01_case_886f049876fc4aeff42a2a4b,calibration,supervised_graph_spectral_model,0.966467844605,0.954944550770,1
pb01_case_139b8b339a57df48e14fcc5c,calibration,supervised_graph_spectral_model,0.930686835023,0.921467763488,1
pb01_case_5cca6dfc4dddc625e489a9ad,calibration,supervised_graph_spectral_model,0.992693436173,0.988684992664,1
pb01_case_81e7fc7362b9d387e42ca183,calibration,supervised_graph_spectral_model,0.990216834036,0.975707157576,1
pb01_case_06dc42c9e7c0961d192f6fc3,calibration,supervised_graph_spectral_model,0.987110397786,0.998608597867,1
pb01_case_7ad22bcc114e0d412403dede,calibration,supervised_graph_spectral_model,0.969141480237,0.997250047009,1
pb01_case_745c95f546bb616e0f8f9dcd,calibration,supervised_graph_spectral_model,0.921141092755,0.920857467152,1
pb01_case_c666dc79b2b8dd5f7af2f2a5,calibration,supervised_graph_spectral_model,0.926362586754,0.926546737021,1
pb01_case_8ab92f2cf09de1cdf404d8a5,calibration,supervised_graph_spectral_model,0.946484732787,0.931858434534,1
pb01_case_b68804e4fa96afbf2e2af155,calibration,supervised_graph_spectral_model,0.903808485936,0.895158779208,1
pb01_case_6e2cdd5d82699d50f45bc53c,calibration,supervised_graph_spectral_model,0.997882809900,0.988262421655,1
pb01_case_ccea2874eea03ef807509bfa,calibration,supervised_graph_spectral_model,0.992368184039,0.981594310554,1
pb01_case_af9a6f8dbace6f9307afb06f,calibration,supervised_graph_spectral_model,0.990361456886,0.999161320737,1
pb01_case_4aaf102319dd483f691fef99,calibration,supervised_graph_spectral_model,0.948598460291,0.998224778274,1
pb01_case_c613ab5c57aa92cf7187ba80,calibration,supervised_graph_spectral_model,0.918012768499,0.920556008664,1
pb01_case_ae86fcb1b73e1bf680ffeb99,calibration,supervised_graph_spectral_model,0.916789640947,0.912068049041,1
pb01_case_4855cbf15216178615762848,calibration,supervised_graph_spectral_model,0.943023401803,0.933985739427,1
pb01_case_92023d5d0549d62b0252ee87,calibration,supervised_graph_spectral_model,0.931339471558,0.920019565877,1
pb01_case_fbb377be450a00fb70e5f557,calibration,supervised_graph_spectral_model,1.000000000000,0.987990237410,1
pb01_case_a50f125e540058fd5c920d38,calibration,supervised_graph_spectral_model,0.990584529634,0.977143173426,1
pb01_case_c95127a07733370fef3a53f3,calibration,supervised_graph_spectral_model,0.980750768034,0.999199966782,1
pb01_case_3b29502d8ae28c659ee65bc5,calibration,supervised_graph_spectral_model,0.966280860843,0.997634354348,1
pb01_case_8a1d0fb0298b4b54ef6b5f46,calibration,supervised_graph_spectral_model,0.913109203793,0.918107124842,1
pb01_case_1cec8c224792879ce80a5c18,calibration,supervised_graph_spectral_model,0.907742576888,0.907737112331,1
pb01_case_22cbcf058775b6a909c962e0,calibration,supervised_graph_spectral_model,0.937775575091,0.928515995149,1
pb01_case_7ab307c7ec1b6313819a043b,calibration,supervised_graph_spectral_model,0.936620849261,0.927812876773,1
pb01_case_a410130aeeb4a79ba3726130,calibration,supervised_graph_spectral_model,0.994231920856,0.987404686862,1
pb01_case_aebd9c5f29070e5785d76b7f,calibration,supervised_graph_spectral_model,0.990934789280,0.979635334791,1
pb01_case_14a27a172d596294c67f8ff8,calibration,supervised_graph_spectral_model,0.983901051824,0.999511675683,1
pb01_case_9571b0193f6f088ff3d5b6e8,calibration,supervised_graph_spectral_model,0.981269755966,0.996639515151,1
pb01_case_fb01690701ca052cfb499317,calibration,supervised_graph_spectral_model,0.909627722984,0.911509633696,1
pb01_case_0c37ca0a479945ddd7ac36db,calibration,supervised_graph_spectral_model,0.894089508211,0.901244221564,1
pb01_case_b37920d0db1e9258a8e8b2fe,calibration,supervised_graph_spectral_model,0.958867298610,0.945981356388,1
pb01_case_2c929ada31d03647d671666e,calibration,supervised_graph_spectral_model,0.926909936161,0.918866059226,1
pb01_case_3582c328e7bc89b161bee18c,calibration,supervised_graph_spectral_model,0.992553978194,0.986845795109,1
pb01_case_fcf8cac5d2edf62c315625a5,calibration,supervised_graph_spectral_model,0.993733786233,0.979898038801,1
pb01_case_9a25778762e17f4222440314,calibration,supervised_graph_spectral_model,0.965408077300,0.998924063951,1
pb01_case_8e4bcfa4ac977553a9418012,calibration,supervised_graph_spectral_model,0.985528917784,0.998334515037,1
pb01_case_449c5e4b09082f8cb95216c7,calibration,supervised_graph_spectral_model,0.894382437328,0.899587063031,1
pb01_case_0dd1175c279a75473324e6b3,calibration,supervised_graph_spectral_model,0.906096352030,0.912237139112,1
pb01_case_c0ca55f8828ac5045a930c04,calibration,supervised_graph_spectral_model,0.947608605710,0.938437123012,1
pb01_case_451f2ad3228c649e456f5872,calibration,supervised_graph_spectral_model,0.923680899061,0.916091992675,1
pb01_case_91884575ee854bdfbf7e744c,calibration,supervised_graph_spectral_model,0.986721501247,0.988827274702,1
pb01_case_ff44365dd241b26f486b5d8b,calibration,supervised_graph_spectral_model,0.985778751618,0.981903021517,1
pb01_case_98a30d141c4b6f5467b1d004,calibration,supervised_graph_spectral_model,0.972481696170,0.988308934610,1
pb01_case_3e998f167f2551d3289b999f,calibration,supervised_graph_spectral_model,0.952862488702,0.984643385583,1
pb01_case_fa9120f17f2632ba14d06d0e,calibration,supervised_graph_spectral_model,0.890175329456,0.886068080433,1
pb01_case_a6efa7b82435acafef7b7f8c,calibration,supervised_graph_spectral_model,0.918598287991,0.925181434926,1
pb01_case_3dd1e84e19a9dbbd461cec72,calibration,supervised_graph_spectral_model,0.940245593929,0.935681398215,1
pb01_case_99e6702cd118aab2a8e14e4f,calibration,supervised_graph_spectral_model,0.895953575194,0.894174292327,1
pb01_case_7483b02b7ede13bf7b04411c,calibration,supervised_graph_spectral_model,1.000000000000,0.988721549251,1
pb01_case_7fbbdb143bb325e2db995f1d,calibration,supervised_graph_spectral_model,0.992673312363,0.974332321382,1
pb01_case_bbe71953437568dfc135c6a3,calibration,supervised_graph_spectral_model,0.984339108443,0.985987565592,1
pb01_case_e5bc79f8583958b95064ba05,calibration,supervised_graph_spectral_model,0.954496084839,0.980645635323,1
pb01_case_0a0eddeda0bdcdc0b2bfe8da,calibration,supervised_graph_spectral_model,0.876005394862,0.876832844827,1
pb01_case_65f6ac0782934f2453464ebf,calibration,supervised_graph_spectral_model,0.897041029271,0.907963239362,1
pb01_case_36a18348a08278c2a2e66c98,calibration,supervised_graph_spectral_model,0.917629610567,0.906994094115,1
pb01_case_e2e8c9a3c84575264578cf0f,calibration,supervised_graph_spectral_model,0.927625428139,0.920144126204,1
pb01_case_2ab0fa8e986ed495cf7c0b1d,calibration,supervised_graph_spectral_model,0.997301906957,0.983037896913,1
pb01_case_9e5d8ca7bc1bcb9b5c8b1e67,calibration,supervised_graph_spectral_model,0.985100913775,0.981421293783,1
pb01_case_dcf3e6079e3abc30e4de0383,calibration,supervised_graph_spectral_model,0.992788549376,0.997244759772,1
pb01_case_39f97d2d80694a738334788f,calibration,supervised_graph_spectral_model,0.962301375827,0.994526046409,1
pb01_case_a436321764e9408748ecddaf,calibration,supervised_graph_spectral_model,0.927478769142,0.927729246747,1
pb01_case_9db30ad2d171c901aa0cd3f9,calibration,supervised_graph_spectral_model,0.903849188780,0.911581731917,1
pb01_case_c843cd6913fb34c7fce47d60,calibration,supervised_graph_spectral_model,0.960502510253,0.943915678738,1
pb01_case_5404ae5ed626623e31bf8d82,calibration,supervised_graph_spectral_model,0.913470907140,0.898938208860,1
pb01_case_088d5df0422c462196d0f950,calibration,supervised_graph_spectral_model,1.000000000000,0.989105654121,1
pb01_case_3a4bc6e50988bead2964209a,calibration,supervised_graph_spectral_model,0.984014792269,0.975609328398,1
pb01_case_ca1ac561669cd7c499d56c4d,calibration,supervised_graph_spectral_model,0.972855400428,0.993431419213,1
pb01_case_333ff356d7e3582b36f93f31,calibration,supervised_graph_spectral_model,0.977117372911,0.993710919001,1
pb01_case_e6049b84697e1166d89991fe,calibration,supervised_graph_spectral_model,0.958927194012,0.957857765230,1
pb01_case_9f7e631a2d0a0f5eea085c11,calibration,supervised_graph_spectral_model,0.935520929285,0.935121711714,1
pb01_case_d64984eff70f19e24487da35,calibration,supervised_graph_spectral_model,0.952988216636,0.946613806601,1
pb01_case_36e0673a14ea32a43a75e9dc,calibration,supervised_graph_spectral_model,0.909476212972,0.905459332136,1
pb01_case_deeb9b5f5a45c4368efca1bb,calibration,supervised_graph_spectral_model,0.997617538249,0.987622782278,1
pb01_case_1586f54a82905da670e767bd,calibration,supervised_graph_spectral_model,0.987371854151,0.977889595295,1
pb01_case_a215d555b9dd7380223daa5a,calibration,supervised_graph_spectral_model,0.981353008167,0.989262477002,1
pb01_case_23d039c19b3a60c5477daa02,calibration,supervised_graph_spectral_model,0.955871922545,0.975441158647,1
pb01_case_dfa357b5ca40bc1f6eca26ba,calibration,supervised_graph_spectral_model,0.915700387691,0.918054631357,1
pb01_case_cdc6b06484b3f2673526a463,calibration,supervised_graph_spectral_model,0.904403112251,0.915166364753,1
pb01_case_b6468a0b6037295dbc28315e,calibration,supervised_graph_spectral_model,0.939236452084,0.929483630941,1
pb01_case_46c946becfeee33cb6e348dc,calibration,supervised_graph_spectral_model,0.908171840701,0.900502291866,1
pb01_case_2012b8ea408beb2600f117fc,calibration,supervised_graph_spectral_model,1.000000000000,0.987523271533,1
pb01_case_352e5f9405cbcae1f5b13908,calibration,supervised_graph_spectral_model,0.997820086729,0.984562597430,1
pb01_case_95b4c82d6f5aee162f1bb47c,calibration,supervised_graph_spectral_model,0.988953480934,0.994479762083,1
pb01_case_1b760c2072f5275f0f8d0c49,calibration,supervised_graph_spectral_model,0.950752726181,0.980941169707,1
pb01_case_999af33a7ff44b9532706860,calibration,leakage_positive_control,0.903350803669,0.903350803669,1
pb01_case_dc496792acd1b10c5da86c23,calibration,leakage_positive_control,0.934212241133,0.934212241133,1
pb01_case_21b0022e07506d2041c7a258,calibration,leakage_positive_control,0.938324458402,0.938324458402,1
pb01_case_1bef087cb0671427b8d35398,calibration,leakage_positive_control,0.902079530762,0.902079530762,1
pb01_case_092504b5782c92825ddb5b25,calibration,leakage_positive_control,0.986690695509,0.986690695509,1
pb01_case_5aa96139cbecf49503683756,calibration,leakage_positive_control,0.974641973923,0.974641973923,1
pb01_case_80e92e6a1cb7151a0110554b,calibration,leakage_positive_control,0.999955975510,0.999955975510,1
pb01_case_5d857f6ac31f8ec882e492b2,calibration,leakage_positive_control,0.999996512418,0.999996512418,1
pb01_case_dc0d54c53896cb8a5d36cdf7,calibration,leakage_positive_control,0.923298786239,0.923298786239,1
pb01_case_a0d626f339a2fb3f25079c32,calibration,leakage_positive_control,0.835644622515,0.835644622515,1
pb01_case_6888e1a1e1a62d91def5df23,calibration,leakage_positive_control,0.936030736527,0.936030736527,1
pb01_case_3626379f4c4db020b165908a,calibration,leakage_positive_control,0.908401927751,0.908401927751,1
pb01_case_cd741308b64469ccf1571ec6,calibration,leakage_positive_control,0.991508687310,0.991508687310,1
pb01_case_ddc268b63889b6a40f69eee3,calibration,leakage_positive_control,0.979749945249,0.979749945249,1
pb01_case_b4c88bcc0a2dffc1939bfd3c,calibration,leakage_positive_control,0.999964432237,0.999964432237,1
pb01_case_1af58135bbb105277d0a2320,calibration,leakage_positive_control,0.999901969393,0.999901969393,1
pb01_case_2b1b838928b19e3a15587322,calibration,leakage_positive_control,0.920337938134,0.920337938134,1
pb01_case_0e54fef464c01010e4d6d8e2,calibration,leakage_positive_control,0.922483127327,0.922483127327,1
pb01_case_941b0cd020ec4d66f9ebee4d,calibration,leakage_positive_control,0.920303691533,0.920303691533,1
pb01_case_677ddbfe01f98b1df36cf440,calibration,leakage_positive_control,0.915539109973,0.915539109973,1
pb01_case_b0f987886fc67b2f5869e92f,calibration,leakage_positive_control,0.988096184851,0.988096184851,1
pb01_case_0c819699553bb4ddadfdb9cb,calibration,leakage_positive_control,0.978903230623,0.978903230623,1
pb01_case_46c81984c9fa72124ad64371,calibration,leakage_positive_control,0.999960101372,0.999960101372,1
pb01_case_73dbc4ed0118bb0eb327c469,calibration,leakage_positive_control,0.999957709054,0.999957709054,1
pb01_case_712744e694545c5f3dba4918,calibration,leakage_positive_control,0.931890336062,0.931890336062,1
pb01_case_4ff7a1c8b846da34364664ee,calibration,leakage_positive_control,0.916707799684,0.916707799684,1
pb01_case_6a0169bb5a59e4188d514a55,calibration,leakage_positive_control,0.934212932772,0.934212932772,1
pb01_case_61c249f22cb56ba8f48ad0b6,calibration,leakage_positive_control,0.904706772807,0.904706772807,1
pb01_case_af91177d1114b7fb05fc8266,calibration,leakage_positive_control,0.985011930225,0.985011930225,1
pb01_case_2648f4519f070c13b83752a7,calibration,leakage_positive_control,0.978616287816,0.978616287816,1
pb01_case_039d2f795938287b11fd2a7b,calibration,leakage_positive_control,0.999906402306,0.999906402306,1
pb01_case_2d3bb3dc235ac6ab243e7105,calibration,leakage_positive_control,0.999792911048,0.999792911048,1
pb01_case_c8708df0963038a94800fa5c,calibration,leakage_positive_control,0.884736382874,0.884736382874,1
pb01_case_6b0e12596a22bb6a4791b267,calibration,leakage_positive_control,0.927681469240,0.927681469240,1
pb01_case_676c89c6bf4dfbcf6d37dfde,calibration,leakage_positive_control,0.933801647469,0.933801647469,1
pb01_case_f657d3215e5dbb9292ea2dfa,calibration,leakage_positive_control,0.906057112535,0.906057112535,1
pb01_case_60fccafe865a0385e907a8c2,calibration,leakage_positive_control,0.984614271945,0.984614271945,1
pb01_case_b2101ef91025f2fbad286711,calibration,leakage_positive_control,0.981468987347,0.981468987347,1
pb01_case_45365b1b3e934ae6e74cc53a,calibration,leakage_positive_control,0.999982944942,0.999982944942,1
pb01_case_8a457ed0eb210d25f47ecbd7,calibration,leakage_positive_control,0.999931917227,0.999931917227,1
pb01_case_1a292d65108cf967ec1d5dd0,calibration,leakage_positive_control,0.937256286327,0.937256286327,1
pb01_case_45f23ad8ba7fabe221db4bc5,calibration,leakage_positive_control,0.922955708841,0.922955708841,1
pb01_case_38bf3db425c749b61ef97fdc,calibration,leakage_positive_control,0.922095924010,0.922095924010,1
pb01_case_c753ea6b70cbbb838b5613d3,calibration,leakage_positive_control,0.898825659936,0.898825659936,1
pb01_case_9dfe3941a9feb9c7752074c0,calibration,leakage_positive_control,0.986390795459,0.986390795459,1
pb01_case_ab10f9e4ababba6fbc0dd953,calibration,leakage_positive_control,0.980657066098,0.980657066098,1
pb01_case_daca0e53639c211b3213a1e0,calibration,leakage_positive_control,0.999882396809,0.999882396809,1
pb01_case_9f13d69f42dcffa9f56d9925,calibration,leakage_positive_control,0.999853951715,0.999853951715,1
pb01_case_70eb38c4bd19e5232244e977,calibration,leakage_positive_control,0.920647426504,0.920647426504,1
pb01_case_368f0f79ecff9c9c2b7ff62a,calibration,leakage_positive_control,0.907513262532,0.907513262532,1
pb01_case_15c3f75ffe7724e9eba5e5c0,calibration,leakage_positive_control,0.937729245503,0.937729245503,1
pb01_case_0aa796d3aebfc3f8678c784f,calibration,leakage_positive_control,0.918872831313,0.918872831313,1
pb01_case_d318298976a458c5c4fa1a1e,calibration,leakage_positive_control,0.987245091891,0.987245091891,1
pb01_case_62e3b5892f697fa2d26b60cc,calibration,leakage_positive_control,0.980784332402,0.980784332402,1
pb01_case_760037be28a90537dea96517,calibration,leakage_positive_control,0.999506643548,0.999506643548,1
pb01_case_9eef7bcef81d417b3c582290,calibration,leakage_positive_control,0.998445022207,0.998445022207,1
pb01_case_54889b43e39992657cfb889a,calibration,leakage_positive_control,0.906389904393,0.906389904393,1
pb01_case_9b553259aaa31a932480887c,calibration,leakage_positive_control,0.921536495366,0.921536495366,1
pb01_case_886f049876fc4aeff42a2a4b,calibration,leakage_positive_control,0.954944550770,0.954944550770,1
pb01_case_139b8b339a57df48e14fcc5c,calibration,leakage_positive_control,0.921467763488,0.921467763488,1
pb01_case_5cca6dfc4dddc625e489a9ad,calibration,leakage_positive_control,0.988684992664,0.988684992664,1
pb01_case_81e7fc7362b9d387e42ca183,calibration,leakage_positive_control,0.975707157576,0.975707157576,1
pb01_case_06dc42c9e7c0961d192f6fc3,calibration,leakage_positive_control,0.998608597867,0.998608597867,1
pb01_case_7ad22bcc114e0d412403dede,calibration,leakage_positive_control,0.997250047009,0.997250047009,1
pb01_case_745c95f546bb616e0f8f9dcd,calibration,leakage_positive_control,0.920857467152,0.920857467152,1
pb01_case_c666dc79b2b8dd5f7af2f2a5,calibration,leakage_positive_control,0.926546737021,0.926546737021,1
pb01_case_8ab92f2cf09de1cdf404d8a5,calibration,leakage_positive_control,0.931858434534,0.931858434534,1
pb01_case_b68804e4fa96afbf2e2af155,calibration,leakage_positive_control,0.895158779208,0.895158779208,1
pb01_case_6e2cdd5d82699d50f45bc53c,calibration,leakage_positive_control,0.988262421655,0.988262421655,1
pb01_case_ccea2874eea03ef807509bfa,calibration,leakage_positive_control,0.981594310554,0.981594310554,1
pb01_case_af9a6f8dbace6f9307afb06f,calibration,leakage_positive_control,0.999161320737,0.999161320737,1
pb01_case_4aaf102319dd483f691fef99,calibration,leakage_positive_control,0.998224778274,0.998224778274,1
pb01_case_c613ab5c57aa92cf7187ba80,calibration,leakage_positive_control,0.920556008664,0.920556008664,1
pb01_case_ae86fcb1b73e1bf680ffeb99,calibration,leakage_positive_control,0.912068049041,0.912068049041,1
pb01_case_4855cbf15216178615762848,calibration,leakage_positive_control,0.933985739427,0.933985739427,1
pb01_case_92023d5d0549d62b0252ee87,calibration,leakage_positive_control,0.920019565877,0.920019565877,1
pb01_case_fbb377be450a00fb70e5f557,calibration,leakage_positive_control,0.987990237410,0.987990237410,1
pb01_case_a50f125e540058fd5c920d38,calibration,leakage_positive_control,0.977143173426,0.977143173426,1
pb01_case_c95127a07733370fef3a53f3,calibration,leakage_positive_control,0.999199966782,0.999199966782,1
pb01_case_3b29502d8ae28c659ee65bc5,calibration,leakage_positive_control,0.997634354348,0.997634354348,1
pb01_case_8a1d0fb0298b4b54ef6b5f46,calibration,leakage_positive_control,0.918107124842,0.918107124842,1
pb01_case_1cec8c224792879ce80a5c18,calibration,leakage_positive_control,0.907737112331,0.907737112331,1
pb01_case_22cbcf058775b6a909c962e0,calibration,leakage_positive_control,0.928515995149,0.928515995149,1
pb01_case_7ab307c7ec1b6313819a043b,calibration,leakage_positive_control,0.927812876773,0.927812876773,1
pb01_case_a410130aeeb4a79ba3726130,calibration,leakage_positive_control,0.987404686862,0.987404686862,1
pb01_case_aebd9c5f29070e5785d76b7f,calibration,leakage_positive_control,0.979635334791,0.979635334791,1
pb01_case_14a27a172d596294c67f8ff8,calibration,leakage_positive_control,0.999511675683,0.999511675683,1
pb01_case_9571b0193f6f088ff3d5b6e8,calibration,leakage_positive_control,0.996639515151,0.996639515151,1
pb01_case_fb01690701ca052cfb499317,calibration,leakage_positive_control,0.911509633696,0.911509633696,1
pb01_case_0c37ca0a479945ddd7ac36db,calibration,leakage_positive_control,0.901244221564,0.901244221564,1
pb01_case_b37920d0db1e9258a8e8b2fe,calibration,leakage_positive_control,0.945981356388,0.945981356388,1
pb01_case_2c929ada31d03647d671666e,calibration,leakage_positive_control,0.918866059226,0.918866059226,1
pb01_case_3582c328e7bc89b161bee18c,calibration,leakage_positive_control,0.986845795109,0.986845795109,1
pb01_case_fcf8cac5d2edf62c315625a5,calibration,leakage_positive_control,0.979898038801,0.979898038801,1
pb01_case_9a25778762e17f4222440314,calibration,leakage_positive_control,0.998924063951,0.998924063951,1
pb01_case_8e4bcfa4ac977553a9418012,calibration,leakage_positive_control,0.998334515037,0.998334515037,1
pb01_case_449c5e4b09082f8cb95216c7,calibration,leakage_positive_control,0.899587063031,0.899587063031,1
pb01_case_0dd1175c279a75473324e6b3,calibration,leakage_positive_control,0.912237139112,0.912237139112,1
pb01_case_c0ca55f8828ac5045a930c04,calibration,leakage_positive_control,0.938437123012,0.938437123012,1
pb01_case_451f2ad3228c649e456f5872,calibration,leakage_positive_control,0.916091992675,0.916091992675,1
pb01_case_91884575ee854bdfbf7e744c,calibration,leakage_positive_control,0.988827274702,0.988827274702,1
pb01_case_ff44365dd241b26f486b5d8b,calibration,leakage_positive_control,0.981903021517,0.981903021517,1
pb01_case_98a30d141c4b6f5467b1d004,calibration,leakage_positive_control,0.988308934610,0.988308934610,1
pb01_case_3e998f167f2551d3289b999f,calibration,leakage_positive_control,0.984643385583,0.984643385583,1
pb01_case_fa9120f17f2632ba14d06d0e,calibration,leakage_positive_control,0.886068080433,0.886068080433,1
pb01_case_a6efa7b82435acafef7b7f8c,calibration,leakage_positive_control,0.925181434926,0.925181434926,1
pb01_case_3dd1e84e19a9dbbd461cec72,calibration,leakage_positive_control,0.935681398215,0.935681398215,1
pb01_case_99e6702cd118aab2a8e14e4f,calibration,leakage_positive_control,0.894174292327,0.894174292327,1
pb01_case_7483b02b7ede13bf7b04411c,calibration,leakage_positive_control,0.988721549251,0.988721549251,1
pb01_case_7fbbdb143bb325e2db995f1d,calibration,leakage_positive_control,0.974332321382,0.974332321382,1
pb01_case_bbe71953437568dfc135c6a3,calibration,leakage_positive_control,0.985987565592,0.985987565592,1
pb01_case_e5bc79f8583958b95064ba05,calibration,leakage_positive_control,0.980645635323,0.980645635323,1
pb01_case_0a0eddeda0bdcdc0b2bfe8da,calibration,leakage_positive_control,0.876832844827,0.876832844827,1
pb01_case_65f6ac0782934f2453464ebf,calibration,leakage_positive_control,0.907963239362,0.907963239362,1
pb01_case_36a18348a08278c2a2e66c98,calibration,leakage_positive_control,0.906994094115,0.906994094115,1
pb01_case_e2e8c9a3c84575264578cf0f,calibration,leakage_positive_control,0.920144126204,0.920144126204,1
pb01_case_2ab0fa8e986ed495cf7c0b1d,calibration,leakage_positive_control,0.983037896913,0.983037896913,1
pb01_case_9e5d8ca7bc1bcb9b5c8b1e67,calibration,leakage_positive_control,0.981421293783,0.981421293783,1
pb01_case_dcf3e6079e3abc30e4de0383,calibration,leakage_positive_control,0.997244759772,0.997244759772,1
pb01_case_39f97d2d80694a738334788f,calibration,leakage_positive_control,0.994526046409,0.994526046409,1
pb01_case_a436321764e9408748ecddaf,calibration,leakage_positive_control,0.927729246747,0.927729246747,1
pb01_case_9db30ad2d171c901aa0cd3f9,calibration,leakage_positive_control,0.911581731917,0.911581731917,1
pb01_case_c843cd6913fb34c7fce47d60,calibration,leakage_positive_control,0.943915678738,0.943915678738,1
pb01_case_5404ae5ed626623e31bf8d82,calibration,leakage_positive_control,0.898938208860,0.898938208860,1
pb01_case_088d5df0422c462196d0f950,calibration,leakage_positive_control,0.989105654121,0.989105654121,1
pb01_case_3a4bc6e50988bead2964209a,calibration,leakage_positive_control,0.975609328398,0.975609328398,1
pb01_case_ca1ac561669cd7c499d56c4d,calibration,leakage_positive_control,0.993431419213,0.993431419213,1
pb01_case_333ff356d7e3582b36f93f31,calibration,leakage_positive_control,0.993710919001,0.993710919001,1
pb01_case_e6049b84697e1166d89991fe,calibration,leakage_positive_control,0.957857765230,0.957857765230,1
pb01_case_9f7e631a2d0a0f5eea085c11,calibration,leakage_positive_control,0.935121711714,0.935121711714,1
pb01_case_d64984eff70f19e24487da35,calibration,leakage_positive_control,0.946613806601,0.946613806601,1
pb01_case_36e0673a14ea32a43a75e9dc,calibration,leakage_positive_control,0.905459332136,0.905459332136,1
pb01_case_deeb9b5f5a45c4368efca1bb,calibration,leakage_positive_control,0.987622782278,0.987622782278,1
pb01_case_1586f54a82905da670e767bd,calibration,leakage_positive_control,0.977889595295,0.977889595295,1
pb01_case_a215d555b9dd7380223daa5a,calibration,leakage_positive_control,0.989262477002,0.989262477002,1
pb01_case_23d039c19b3a60c5477daa02,calibration,leakage_positive_control,0.975441158647,0.975441158647,1
pb01_case_dfa357b5ca40bc1f6eca26ba,calibration,leakage_positive_control,0.918054631357,0.918054631357,1
pb01_case_cdc6b06484b3f2673526a463,calibration,leakage_positive_control,0.915166364753,0.915166364753,1
pb01_case_b6468a0b6037295dbc28315e,calibration,leakage_positive_control,0.929483630941,0.929483630941,1
pb01_case_46c946becfeee33cb6e348dc,calibration,leakage_positive_control,0.900502291866,0.900502291866,1
pb01_case_2012b8ea408beb2600f117fc,calibration,leakage_positive_control,0.987523271533,0.987523271533,1
pb01_case_352e5f9405cbcae1f5b13908,calibration,leakage_positive_control,0.984562597430,0.984562597430,1
pb01_case_95b4c82d6f5aee162f1bb47c,calibration,leakage_positive_control,0.994479762083,0.994479762083,1
pb01_case_1b760c2072f5275f0f8d0c49,calibration,leakage_positive_control,0.980941169707,0.980941169707,1
pb01_case_cf094fe3f02b8dc7716c8059,holdout,algebraic_connectivity,0.047462463989,0.914515951329,1
pb01_case_003744c78c67131bb77ed1de,holdout,algebraic_connectivity,0.047462463989,0.910398546348,1
pb01_case_682de38cabfaf7c5f31801f0,holdout,algebraic_connectivity,0.047462463989,0.930195606758,1
pb01_case_0dabbf23cf4843ee3546af2b,holdout,algebraic_connectivity,0.047462463989,0.914641440163,1
pb01_case_0a38d475ae95ee7ca5c2ed1f,holdout,algebraic_connectivity,0.047462463989,0.985327463939,1
pb01_case_ee6c36d4be8fb5c6d63ae2f5,holdout,algebraic_connectivity,0.047462463989,0.975593542870,1
pb01_case_05f76bdc7eb294737f99711b,holdout,algebraic_connectivity,0.047462463989,0.990103174580,1
pb01_case_9e0e7d0f1994757072aaf765,holdout,algebraic_connectivity,0.047462463989,0.978538281951,1
pb01_case_29c5dcc34dd0777623e8d17c,holdout,algebraic_connectivity,0.098155474350,0.978926660620,1
pb01_case_12c492512bd67b63d47f919c,holdout,algebraic_connectivity,0.098155474350,0.894302188024,1
pb01_case_0ee1a021387cb016201f4896,holdout,algebraic_connectivity,0.098155474350,0.934393933484,1
pb01_case_bd70165edb28d1da4f700dc5,holdout,algebraic_connectivity,0.098155474350,0.906416951255,1
pb01_case_f32d86366677d860a98f5ea6,holdout,algebraic_connectivity,0.098155474350,0.985800099005,1
pb01_case_51360afe5018e10844d133df,holdout,algebraic_connectivity,0.098155474350,0.974659752964,1
pb01_case_0cf671353c673332db095045,holdout,algebraic_connectivity,0.098155474350,0.993784949749,1
pb01_case_b6ee63276617a86345c67221,holdout,algebraic_connectivity,0.098155474350,0.993309304551,1
pb01_case_ad5afd90b605370b464fe2d3,holdout,algebraic_connectivity,0.142113557522,0.912365352163,1
pb01_case_8cce5521b1ec48d199006d7f,holdout,algebraic_connectivity,0.142113557522,0.907934971580,1
pb01_case_3119fdecc3f0f93388686eb5,holdout,algebraic_connectivity,0.142113557522,0.921464712808,1
pb01_case_5a0a0fe358a42847ba164c55,holdout,algebraic_connectivity,0.142113557522,0.902965329581,1
pb01_case_a4b3ab7835cb084fd30455ff,holdout,algebraic_connectivity,0.142113557522,0.986183564332,1
pb01_case_630ea011f408ab230379793c,holdout,algebraic_connectivity,0.142113557522,0.977130018890,1
pb01_case_06d98152d28faa38eea1eba5,holdout,algebraic_connectivity,0.142113557522,0.992537910860,1
pb01_case_e892f0f2b65e98342a32ab13,holdout,algebraic_connectivity,0.142113557522,0.988839697092,1
pb01_case_2fe2695e5065c7a87c319e3a,holdout,algebraic_connectivity,0.161990575062,0.892109661181,1
pb01_case_3679101f5ab291362854f45a,holdout,algebraic_connectivity,0.161990575062,0.902476759417,1
pb01_case_241ef78e9dee8645d6d2976e,holdout,algebraic_connectivity,0.161990575062,0.925861912100,1
pb01_case_83bd472dc950af39ceeeaa1e,holdout,algebraic_connectivity,0.161990575062,0.890951164772,1
pb01_case_b9f2f4d2f03afb31c4536e6d,holdout,algebraic_connectivity,0.161990575062,0.984251497153,1
pb01_case_1e4c2062d34a2e0b0a5955a3,holdout,algebraic_connectivity,0.161990575062,0.984731923041,1
pb01_case_04d2eb640a492d085bf809c0,holdout,algebraic_connectivity,0.161990575062,0.991440599969,1
pb01_case_faca2d6e86af304735b260b2,holdout,algebraic_connectivity,0.161990575062,0.992181043993,1
pb01_case_8e56e98a1587c0e1ed82c9e0,holdout,algebraic_connectivity,0.144518607668,0.935327011814,1
pb01_case_0aa017e38055145ac052649d,holdout,algebraic_connectivity,0.144518607668,0.941816616013,1
pb01_case_58de1a6536a6d4279b7afcc8,holdout,algebraic_connectivity,0.144518607668,0.933561790367,1
pb01_case_24badfa2e32d46bacc662ecf,holdout,algebraic_connectivity,0.144518607668,0.912800842480,1
pb01_case_98b66fc22d576da6dc73e8ee,holdout,algebraic_connectivity,0.144518607668,0.990123482476,1
pb01_case_121ba8e9bca20baba1414852,holdout,algebraic_connectivity,0.144518607668,0.976564646321,1
pb01_case_574390b1b426dd08d36c56ac,holdout,algebraic_connectivity,0.144518607668,0.991303139254,1
pb01_case_d04f5e3315d64d8ec84e1e18,holdout,algebraic_connectivity,0.144518607668,0.991625660049,1
pb01_case_7915676508d2f68964d00853,holdout,algebraic_connectivity,0.039565020059,0.931857970947,1
pb01_case_09e11c1dd87912d5c7112d5b,holdout,algebraic_connectivity,0.039565020059,0.905686234066,1
pb01_case_800a709a45e881b1cd3a5564,holdout,algebraic_connectivity,0.039565020059,0.946945945906,1
pb01_case_5f3fbe643f187bc32935aa87,holdout,algebraic_connectivity,0.039565020059,0.888557859236,1
pb01_case_bcb7375e84f63f9ac6d2f3d6,holdout,algebraic_connectivity,0.039565020059,0.985129433180,1
pb01_case_a754595c21d8d40eb59afa6c,holdout,algebraic_connectivity,0.039565020059,0.975029733457,1
pb01_case_bbd482ac81e622ce5a0e1921,holdout,algebraic_connectivity,0.039565020059,0.993110433357,1
pb01_case_f15f542a3d8a60cc8e149249,holdout,algebraic_connectivity,0.039565020059,0.995597147844,1
pb01_case_036e0eb7c9ffea666bcf0051,holdout,algebraic_connectivity,0.187687358000,0.900449239274,1
pb01_case_7d88041de94c13536bfd9a5e,holdout,algebraic_connectivity,0.187687358000,0.943417934833,1
pb01_case_d0c0a111bba2116cea22049c,holdout,algebraic_connectivity,0.187687358000,0.915636201108,1
pb01_case_f99ad8fc261f2c7baf3c3a06,holdout,algebraic_connectivity,0.187687358000,0.915169996554,1
pb01_case_0fac784ae26c48fd452168e9,holdout,algebraic_connectivity,0.187687358000,0.985363561498,1
pb01_case_3dfc02b82896ae2b2289cae1,holdout,algebraic_connectivity,0.187687358000,0.968444667326,1
pb01_case_2a5d457d7dea2c78c49b5d5c,holdout,algebraic_connectivity,0.187687358000,0.998660110983,1
pb01_case_557f83a5e445882e6b5b73b6,holdout,algebraic_connectivity,0.187687358000,0.997569544711,1
pb01_case_4e094ca8989f1ca3aa76d281,holdout,algebraic_connectivity,0.194942756244,0.933925340724,1
pb01_case_4a759622ea529983b8569aac,holdout,algebraic_connectivity,0.194942756244,0.934035185288,1
pb01_case_c81819a3122c373eb230d386,holdout,algebraic_connectivity,0.194942756244,0.885758291921,1
pb01_case_245672b03baf648b4fec7d4f,holdout,algebraic_connectivity,0.194942756244,0.886175954090,1
pb01_case_87a784ca438f724a0f913d87,holdout,algebraic_connectivity,0.194942756244,0.987591165132,1
pb01_case_482f108475ab0124e8c4e7c8,holdout,algebraic_connectivity,0.194942756244,0.986129214786,1
pb01_case_9439156ff52ee312711c8f7d,holdout,algebraic_connectivity,0.194942756244,0.997107813089,1
pb01_case_ce1833edab644155eeebfb0d,holdout,algebraic_connectivity,0.194942756244,0.994189909674,1
pb01_case_9af03b0a741e69653513ef3f,holdout,algebraic_connectivity,0.185285729020,0.887691239105,1
pb01_case_d912af3b5f96eef25c45b2ed,holdout,algebraic_connectivity,0.185285729020,0.921370416397,1
pb01_case_29620fddb3c6e4fc1a5bc8f4,holdout,algebraic_connectivity,0.185285729020,0.926940512230,1
pb01_case_b384f6f934da9a4083e3220c,holdout,algebraic_connectivity,0.185285729020,0.870487165259,1
pb01_case_b194956cd498a26c090e1a4e,holdout,algebraic_connectivity,0.185285729020,0.991438410889,1
pb01_case_79601ac0bfd0ed4ca5f06925,holdout,algebraic_connectivity,0.185285729020,0.971352190509,1
pb01_case_ad7a7b1d8f06cf99fb94cca8,holdout,algebraic_connectivity,0.185285729020,0.997976660179,1
pb01_case_5588dff112f8887d53342bb0,holdout,algebraic_connectivity,0.185285729020,0.997115982196,1
pb01_case_a940ebc386b90156f02c515a,holdout,algebraic_connectivity,0.148471473171,0.919316120852,1
pb01_case_108ea5a0add7b6e04c4a95a1,holdout,algebraic_connectivity,0.148471473171,0.914800209908,1
pb01_case_bba21757532bb4e54c82c6df,holdout,algebraic_connectivity,0.148471473171,0.931730554249,1
pb01_case_d62f15e3bb6690a82b9bbcb8,holdout,algebraic_connectivity,0.148471473171,0.893714637046,1
pb01_case_5657beac498366791496dc74,holdout,algebraic_connectivity,0.148471473171,0.988057425619,1
pb01_case_f4d2fa48fec30f3be6a357fa,holdout,algebraic_connectivity,0.148471473171,0.979949622694,1
pb01_case_0420c42700f9cbf682de28df,holdout,algebraic_connectivity,0.148471473171,0.997039686741,1
pb01_case_db8da7b9466ca785c2df0849,holdout,algebraic_connectivity,0.148471473171,0.996657105127,1
pb01_case_57355a69b18b541065800542,holdout,algebraic_connectivity,0.160036041192,0.901098741257,1
pb01_case_75dd4ef841c0073d389f7924,holdout,algebraic_connectivity,0.160036041192,0.930330197808,1
pb01_case_4d0e0a192fcaf32158b9fea6,holdout,algebraic_connectivity,0.160036041192,0.939248583374,1
pb01_case_52c5779563a6f771e369a085,holdout,algebraic_connectivity,0.160036041192,0.897448166998,1
pb01_case_5e776b2fc3203166d46e0c65,holdout,algebraic_connectivity,0.160036041192,0.985478642583,1
pb01_case_3e9e34618504923f44bdbc9d,holdout,algebraic_connectivity,0.160036041192,0.980621510130,1
pb01_case_ed28481393b6fbf216cc2a4a,holdout,algebraic_connectivity,0.160036041192,0.998298008271,1
pb01_case_322ea17d72a5bc49021cb8f8,holdout,algebraic_connectivity,0.160036041192,0.997094861245,1
pb01_case_bf2de15bfdb7b0a44e92a28d,holdout,algebraic_connectivity,0.188205755411,0.957638102751,1
pb01_case_51738a825eef6941d988506f,holdout,algebraic_connectivity,0.188205755411,0.893102019754,1
pb01_case_891bacbbbf50a65b4e41b381,holdout,algebraic_connectivity,0.188205755411,0.932368992053,1
pb01_case_4cf8dbef6fc0c2ac115a6640,holdout,algebraic_connectivity,0.188205755411,0.883018726870,1
pb01_case_3aef1a87ea21227bc4ea6bdb,holdout,algebraic_connectivity,0.188205755411,0.987137619357,1
pb01_case_5b9c26b5078671b68fb416c1,holdout,algebraic_connectivity,0.188205755411,0.975614862162,1
pb01_case_9465e45ea662c341fa9208af,holdout,algebraic_connectivity,0.188205755411,0.998157574980,1
pb01_case_bf732460a22142e4f09b9391,holdout,algebraic_connectivity,0.188205755411,0.997396328633,1
pb01_case_fdc40a03707d87a4353ff3c9,holdout,algebraic_connectivity,0.628526940994,0.938799659406,1
pb01_case_5794df6a8b4a0f3856bc0839,holdout,algebraic_connectivity,0.628526940994,0.914563467162,1
pb01_case_4bef8cc597e349e0d7695637,holdout,algebraic_connectivity,0.628526940994,0.932512359966,1
pb01_case_c96498f69d3857cd9c300c75,holdout,algebraic_connectivity,0.628526940994,0.903119282464,1
pb01_case_d518e8ba619f2318cb643389,holdout,algebraic_connectivity,0.628526940994,0.988577135992,1
pb01_case_ce848b9bd78914cc72ae5afc,holdout,algebraic_connectivity,0.628526940994,0.964410269632,1
pb01_case_ba2940c2a9459f79fcea4819,holdout,algebraic_connectivity,0.628526940994,0.999851129711,1
pb01_case_4a8930a14b2465bec0ac8bd1,holdout,algebraic_connectivity,0.628526940994,0.999665498521,1
pb01_case_ca45238f9f4ae843eac8252b,holdout,algebraic_connectivity,0.883891749540,0.944070319335,1
pb01_case_7146e4aea0f25595d8a99709,holdout,algebraic_connectivity,0.883891749540,0.878592799988,1
pb01_case_50b96bc0704ab0e440859ee4,holdout,algebraic_connectivity,0.883891749540,0.941498384998,1
pb01_case_90829e364fd239c4c4f69c4d,holdout,algebraic_connectivity,0.883891749540,0.895416445339,1
pb01_case_bd9b8dc67c6d9fe20bb1f429,holdout,algebraic_connectivity,0.883891749540,0.987419437321,1
pb01_case_04d78ea974572cc928efaa44,holdout,algebraic_connectivity,0.883891749540,0.977757324543,1
pb01_case_85cd43e021f448373bf7af43,holdout,algebraic_connectivity,0.883891749540,0.999975072252,1
pb01_case_3500f34241231d978986a4fc,holdout,algebraic_connectivity,0.883891749540,0.999961659234,1
pb01_case_4f7232749a0a4c60164665bc,holdout,algebraic_connectivity,0.497022363553,0.917508132477,1
pb01_case_50ea036f38632263aa7ddbe1,holdout,algebraic_connectivity,0.497022363553,0.886627594042,1
pb01_case_fdea8f80b16523c6b37b8024,holdout,algebraic_connectivity,0.497022363553,0.928881069363,1
pb01_case_cc558d976b80ba7176413249,holdout,algebraic_connectivity,0.497022363553,0.875675370771,1
pb01_case_430b5500c60b01ea9cb691e3,holdout,algebraic_connectivity,0.497022363553,0.989361357719,1
pb01_case_43993c239c034130ada4d0ff,holdout,algebraic_connectivity,0.497022363553,0.975089715863,1
pb01_case_523cf81cba9ca2ec2cd39cec,holdout,algebraic_connectivity,0.497022363553,0.999831171055,1
pb01_case_04e4f704365bdd4195c6e105,holdout,algebraic_connectivity,0.497022363553,0.999789561158,1
pb01_case_92c8fe282077e6f9ebb22a1c,holdout,algebraic_connectivity,1.000000000000,0.950097998931,1
pb01_case_3f32ef0e36b820883ef7afe7,holdout,algebraic_connectivity,1.000000000000,0.913415720097,1
pb01_case_333ea448640b66e26e8b6d6e,holdout,algebraic_connectivity,1.000000000000,0.925374684477,1
pb01_case_fea96e6c456a1e17d129f599,holdout,algebraic_connectivity,1.000000000000,0.904331835059,1
pb01_case_e4aabf90353471ce73e2d01b,holdout,algebraic_connectivity,1.000000000000,0.985730249702,1
pb01_case_7a0eed2f2e76814780f61ba0,holdout,algebraic_connectivity,1.000000000000,0.979787705290,1
pb01_case_017d8729c4a6c4c597ecd931,holdout,algebraic_connectivity,1.000000000000,0.999994913828,1
pb01_case_2b16fe810eb9b76826aea824,holdout,algebraic_connectivity,1.000000000000,0.999996354775,1
pb01_case_ecd2488638f5491623e8249a,holdout,algebraic_connectivity,1.000000000000,0.933814496904,1
pb01_case_3b7933db9eefb76e91466e3e,holdout,algebraic_connectivity,1.000000000000,0.907211760928,1
pb01_case_fb3320cc5dfbc47596a1598c,holdout,algebraic_connectivity,1.000000000000,0.928102995272,1
pb01_case_7a6b1fe479538b3bdcc90aca,holdout,algebraic_connectivity,1.000000000000,0.898395706670,1
pb01_case_195ed0db4483d002c77f6052,holdout,algebraic_connectivity,1.000000000000,0.986443110810,1
pb01_case_58292c8394d196f03d58a0ff,holdout,algebraic_connectivity,1.000000000000,0.973358983732,1
pb01_case_0a646534cb4a0e9ef51497c6,holdout,algebraic_connectivity,1.000000000000,0.999977327799,1
pb01_case_52783eb94f47cc03884af267,holdout,algebraic_connectivity,1.000000000000,0.999983057517,1
pb01_case_3d5643c8dc1b0b569101d4dc,holdout,algebraic_connectivity,0.770556289423,0.924452347678,1
pb01_case_176c7de3e2a72e8382ce9a59,holdout,algebraic_connectivity,0.770556289423,0.888754202759,1
pb01_case_b7d1b82594682bfe2fbb7e73,holdout,algebraic_connectivity,0.770556289423,0.921239685421,1
pb01_case_df739e05c8fa1c56b88b96d8,holdout,algebraic_connectivity,0.770556289423,0.881040111984,1
pb01_case_cf6f14324b4d8499b04d426f,holdout,algebraic_connectivity,0.770556289423,0.983730165636,1
pb01_case_1ca93f71237d3d3e6ba5fdca,holdout,algebraic_connectivity,0.770556289423,0.978444439410,1
pb01_case_0c5effc868481d8b359f5eda,holdout,algebraic_connectivity,0.770556289423,0.999978329654,1
pb01_case_2b3667036b64374b0f4f26e1,holdout,algebraic_connectivity,0.770556289423,0.999952702803,1
pb01_case_cf094fe3f02b8dc7716c8059,holdout,betweenness_centrality,0.175457621548,0.914515951329,1
pb01_case_003744c78c67131bb77ed1de,holdout,betweenness_centrality,0.000000000000,0.910398546348,1
pb01_case_682de38cabfaf7c5f31801f0,holdout,betweenness_centrality,0.142346758752,0.930195606758,1
pb01_case_0dabbf23cf4843ee3546af2b,holdout,betweenness_centrality,0.129157078722,0.914641440163,1
pb01_case_0a38d475ae95ee7ca5c2ed1f,holdout,betweenness_centrality,0.253918146387,0.985327463939,1
pb01_case_ee6c36d4be8fb5c6d63ae2f5,holdout,betweenness_centrality,0.185132939099,0.975593542870,1
pb01_case_05f76bdc7eb294737f99711b,holdout,betweenness_centrality,0.017549701957,0.990103174580,1
pb01_case_9e0e7d0f1994757072aaf765,holdout,betweenness_centrality,0.060760194140,0.978538281951,1
pb01_case_29c5dcc34dd0777623e8d17c,holdout,betweenness_centrality,0.000000000000,0.978926660620,1
pb01_case_12c492512bd67b63d47f919c,holdout,betweenness_centrality,0.000000000000,0.894302188024,1
pb01_case_0ee1a021387cb016201f4896,holdout,betweenness_centrality,0.434598152899,0.934393933484,1
pb01_case_bd70165edb28d1da4f700dc5,holdout,betweenness_centrality,0.351888347544,0.906416951255,1
pb01_case_f32d86366677d860a98f5ea6,holdout,betweenness_centrality,0.391915850048,0.985800099005,1
pb01_case_51360afe5018e10844d133df,holdout,betweenness_centrality,0.391915850048,0.974659752964,1
pb01_case_0cf671353c673332db095045,holdout,betweenness_centrality,0.448762038301,0.993784949749,1
pb01_case_b6ee63276617a86345c67221,holdout,betweenness_centrality,0.627425929482,0.993309304551,1
pb01_case_ad5afd90b605370b464fe2d3,holdout,betweenness_centrality,0.191311338550,0.912365352163,1
pb01_case_8cce5521b1ec48d199006d7f,holdout,betweenness_centrality,0.000000000000,0.907934971580,1
pb01_case_3119fdecc3f0f93388686eb5,holdout,betweenness_centrality,0.328337583327,0.921464712808,1
pb01_case_5a0a0fe358a42847ba164c55,holdout,betweenness_centrality,0.256966552667,0.902965329581,1
pb01_case_a4b3ab7835cb084fd30455ff,holdout,betweenness_centrality,0.289334135687,0.986183564332,1
pb01_case_630ea011f408ab230379793c,holdout,betweenness_centrality,0.385126105290,0.977130018890,1
pb01_case_06d98152d28faa38eea1eba5,holdout,betweenness_centrality,0.298637779270,0.992537910860,1
pb01_case_e892f0f2b65e98342a32ab13,holdout,betweenness_centrality,0.317389398931,0.988839697092,1
pb01_case_2fe2695e5065c7a87c319e3a,holdout,betweenness_centrality,0.024786391276,0.892109661181,1
pb01_case_3679101f5ab291362854f45a,holdout,betweenness_centrality,0.099877329024,0.902476759417,1
pb01_case_241ef78e9dee8645d6d2976e,holdout,betweenness_centrality,0.277554320126,0.925861912100,1
pb01_case_83bd472dc950af39ceeeaa1e,holdout,betweenness_centrality,0.228188037872,0.890951164772,1
pb01_case_b9f2f4d2f03afb31c4536e6d,holdout,betweenness_centrality,0.295654891764,0.984251497153,1
pb01_case_1e4c2062d34a2e0b0a5955a3,holdout,betweenness_centrality,0.243365924655,0.984731923041,1
pb01_case_04d2eb640a492d085bf809c0,holdout,betweenness_centrality,0.298980981624,0.991440599969,1
pb01_case_faca2d6e86af304735b260b2,holdout,betweenness_centrality,0.409061188023,0.992181043993,1
pb01_case_8e56e98a1587c0e1ed82c9e0,holdout,betweenness_centrality,0.013243869255,0.935327011814,1
pb01_case_0aa017e38055145ac052649d,holdout,betweenness_centrality,0.393047374030,0.941816616013,1
pb01_case_58de1a6536a6d4279b7afcc8,holdout,betweenness_centrality,0.438837724664,0.933561790367,1
pb01_case_24badfa2e32d46bacc662ecf,holdout,betweenness_centrality,0.442227977597,0.912800842480,1
pb01_case_98b66fc22d576da6dc73e8ee,holdout,betweenness_centrality,0.585818992131,0.990123482476,1
pb01_case_121ba8e9bca20baba1414852,holdout,betweenness_centrality,0.551421098203,0.976564646321,1
pb01_case_574390b1b426dd08d36c56ac,holdout,betweenness_centrality,0.235388131717,0.991303139254,1
pb01_case_d04f5e3315d64d8ec84e1e18,holdout,betweenness_centrality,0.438171712199,0.991625660049,1
pb01_case_7915676508d2f68964d00853,holdout,betweenness_centrality,0.000000000000,0.931857970947,1
pb01_case_09e11c1dd87912d5c7112d5b,holdout,betweenness_centrality,0.629279502619,0.905686234066,1
pb01_case_800a709a45e881b1cd3a5564,holdout,betweenness_centrality,0.250156549331,0.946945945906,1
pb01_case_5f3fbe643f187bc32935aa87,holdout,betweenness_centrality,0.220592751586,0.888557859236,1
pb01_case_bcb7375e84f63f9ac6d2f3d6,holdout,betweenness_centrality,0.173478042330,0.985129433180,1
pb01_case_a754595c21d8d40eb59afa6c,holdout,betweenness_centrality,0.089387144231,0.975029733457,1
pb01_case_bbd482ac81e622ce5a0e1921,holdout,betweenness_centrality,0.258339277696,0.993110433357,1
pb01_case_f15f542a3d8a60cc8e149249,holdout,betweenness_centrality,0.677039024273,0.995597147844,1
pb01_case_036e0eb7c9ffea666bcf0051,holdout,betweenness_centrality,0.404496268342,0.900449239274,1
pb01_case_7d88041de94c13536bfd9a5e,holdout,betweenness_centrality,0.000000000000,0.943417934833,1
pb01_case_d0c0a111bba2116cea22049c,holdout,betweenness_centrality,0.371995643489,0.915636201108,1
pb01_case_f99ad8fc261f2c7baf3c3a06,holdout,betweenness_centrality,0.328888767060,0.915169996554,1
pb01_case_0fac784ae26c48fd452168e9,holdout,betweenness_centrality,0.400499658675,0.985363561498,1
pb01_case_3dfc02b82896ae2b2289cae1,holdout,betweenness_centrality,0.607033439882,0.968444667326,1
pb01_case_2a5d457d7dea2c78c49b5d5c,holdout,betweenness_centrality,0.282613221903,0.998660110983,1
pb01_case_557f83a5e445882e6b5b73b6,holdout,betweenness_centrality,0.637001439567,0.997569544711,1
pb01_case_4e094ca8989f1ca3aa76d281,holdout,betweenness_centrality,0.245775664747,0.933925340724,1
pb01_case_4a759622ea529983b8569aac,holdout,betweenness_centrality,0.135249383657,0.934035185288,1
pb01_case_c81819a3122c373eb230d386,holdout,betweenness_centrality,0.537195772091,0.885758291921,1
pb01_case_245672b03baf648b4fec7d4f,holdout,betweenness_centrality,0.447278634682,0.886175954090,1
pb01_case_87a784ca438f724a0f913d87,holdout,betweenness_centrality,0.423431666643,0.987591165132,1
pb01_case_482f108475ab0124e8c4e7c8,holdout,betweenness_centrality,0.430586054082,0.986129214786,1
pb01_case_9439156ff52ee312711c8f7d,holdout,betweenness_centrality,0.298748848234,0.997107813089,1
pb01_case_ce1833edab644155eeebfb0d,holdout,betweenness_centrality,0.332087780434,0.994189909674,1
pb01_case_9af03b0a741e69653513ef3f,holdout,betweenness_centrality,1.000000000000,0.887691239105,1
pb01_case_d912af3b5f96eef25c45b2ed,holdout,betweenness_centrality,0.405426208125,0.921370416397,1
pb01_case_29620fddb3c6e4fc1a5bc8f4,holdout,betweenness_centrality,0.442612152916,0.926940512230,1
pb01_case_b384f6f934da9a4083e3220c,holdout,betweenness_centrality,0.403767965337,0.870487165259,1
pb01_case_b194956cd498a26c090e1a4e,holdout,betweenness_centrality,0.159240847677,0.991438410889,1
pb01_case_79601ac0bfd0ed4ca5f06925,holdout,betweenness_centrality,0.504829727169,0.971352190509,1
pb01_case_ad7a7b1d8f06cf99fb94cca8,holdout,betweenness_centrality,0.159240847677,0.997976660179,1
pb01_case_5588dff112f8887d53342bb0,holdout,betweenness_centrality,0.388729543284,0.997115982196,1
pb01_case_a940ebc386b90156f02c515a,holdout,betweenness_centrality,0.495949509092,0.919316120852,1
pb01_case_108ea5a0add7b6e04c4a95a1,holdout,betweenness_centrality,0.494430572837,0.914800209908,1
pb01_case_bba21757532bb4e54c82c6df,holdout,betweenness_centrality,0.264026135190,0.931730554249,1
pb01_case_d62f15e3bb6690a82b9bbcb8,holdout,betweenness_centrality,0.343860166362,0.893714637046,1
pb01_case_5657beac498366791496dc74,holdout,betweenness_centrality,0.218575967858,0.988057425619,1
pb01_case_f4d2fa48fec30f3be6a357fa,holdout,betweenness_centrality,0.382363324468,0.979949622694,1
pb01_case_0420c42700f9cbf682de28df,holdout,betweenness_centrality,0.156275471323,0.997039686741,1
pb01_case_db8da7b9466ca785c2df0849,holdout,betweenness_centrality,0.593169648734,0.996657105127,1
pb01_case_57355a69b18b541065800542,holdout,betweenness_centrality,0.258426009094,0.901098741257,1
pb01_case_75dd4ef841c0073d389f7924,holdout,betweenness_centrality,0.205857999246,0.930330197808,1
pb01_case_4d0e0a192fcaf32158b9fea6,holdout,betweenness_centrality,0.357857343135,0.939248583374,1
pb01_case_52c5779563a6f771e369a085,holdout,betweenness_centrality,0.318143409480,0.897448166998,1
pb01_case_5e776b2fc3203166d46e0c65,holdout,betweenness_centrality,0.584546460956,0.985478642583,1
pb01_case_3e9e34618504923f44bdbc9d,holdout,betweenness_centrality,0.454751219064,0.980621510130,1
pb01_case_ed28481393b6fbf216cc2a4a,holdout,betweenness_centrality,0.441574269796,0.998298008271,1
pb01_case_322ea17d72a5bc49021cb8f8,holdout,betweenness_centrality,0.514878733753,0.997094861245,1
pb01_case_bf2de15bfdb7b0a44e92a28d,holdout,betweenness_centrality,0.260264846897,0.957638102751,1
pb01_case_51738a825eef6941d988506f,holdout,betweenness_centrality,0.363287387460,0.893102019754,1
pb01_case_891bacbbbf50a65b4e41b381,holdout,betweenness_centrality,0.468086965613,0.932368992053,1
pb01_case_4cf8dbef6fc0c2ac115a6640,holdout,betweenness_centrality,0.505678354121,0.883018726870,1
pb01_case_3aef1a87ea21227bc4ea6bdb,holdout,betweenness_centrality,0.499959333156,0.987137619357,1
pb01_case_5b9c26b5078671b68fb416c1,holdout,betweenness_centrality,0.825699117696,0.975614862162,1
pb01_case_9465e45ea662c341fa9208af,holdout,betweenness_centrality,0.418366625643,0.998157574980,1
pb01_case_bf732460a22142e4f09b9391,holdout,betweenness_centrality,0.535002314434,0.997396328633,1
pb01_case_fdc40a03707d87a4353ff3c9,holdout,betweenness_centrality,0.044388733898,0.938799659406,1
pb01_case_5794df6a8b4a0f3856bc0839,holdout,betweenness_centrality,0.218740844878,0.914563467162,1
pb01_case_4bef8cc597e349e0d7695637,holdout,betweenness_centrality,0.222494451843,0.932512359966,1
pb01_case_c96498f69d3857cd9c300c75,holdout,betweenness_centrality,0.207450698932,0.903119282464,1
pb01_case_d518e8ba619f2318cb643389,holdout,betweenness_centrality,0.338431054443,0.988577135992,1
pb01_case_ce848b9bd78914cc72ae5afc,holdout,betweenness_centrality,0.181981889179,0.964410269632,1
pb01_case_ba2940c2a9459f79fcea4819,holdout,betweenness_centrality,0.108749897059,0.999851129711,1
pb01_case_4a8930a14b2465bec0ac8bd1,holdout,betweenness_centrality,0.234228139237,0.999665498521,1
pb01_case_ca45238f9f4ae843eac8252b,holdout,betweenness_centrality,0.185452764875,0.944070319335,1
pb01_case_7146e4aea0f25595d8a99709,holdout,betweenness_centrality,0.752851029875,0.878592799988,1
pb01_case_50b96bc0704ab0e440859ee4,holdout,betweenness_centrality,0.445909871911,0.941498384998,1
pb01_case_90829e364fd239c4c4f69c4d,holdout,betweenness_centrality,0.473067319915,0.895416445339,1
pb01_case_bd9b8dc67c6d9fe20bb1f429,holdout,betweenness_centrality,0.517116565869,0.987419437321,1
pb01_case_04d78ea974572cc928efaa44,holdout,betweenness_centrality,0.517116565869,0.977757324543,1
pb01_case_85cd43e021f448373bf7af43,holdout,betweenness_centrality,0.763027591235,0.999975072252,1
pb01_case_3500f34241231d978986a4fc,holdout,betweenness_centrality,0.539213767837,0.999961659234,1
pb01_case_4f7232749a0a4c60164665bc,holdout,betweenness_centrality,0.194495400953,0.917508132477,1
pb01_case_50ea036f38632263aa7ddbe1,holdout,betweenness_centrality,0.340653357474,0.886627594042,1
pb01_case_fdea8f80b16523c6b37b8024,holdout,betweenness_centrality,0.341176480437,0.928881069363,1
pb01_case_cc558d976b80ba7176413249,holdout,betweenness_centrality,0.252349768075,0.875675370771,1
pb01_case_430b5500c60b01ea9cb691e3,holdout,betweenness_centrality,0.175418243713,0.989361357719,1
pb01_case_43993c239c034130ada4d0ff,holdout,betweenness_centrality,0.246446663509,0.975089715863,1
pb01_case_523cf81cba9ca2ec2cd39cec,holdout,betweenness_centrality,0.192028599999,0.999831171055,1
pb01_case_04e4f704365bdd4195c6e105,holdout,betweenness_centrality,0.291752407741,0.999789561158,1
pb01_case_92c8fe282077e6f9ebb22a1c,holdout,betweenness_centrality,0.236819740344,0.950097998931,1
pb01_case_3f32ef0e36b820883ef7afe7,holdout,betweenness_centrality,0.350858828542,0.913415720097,1
pb01_case_333ea448640b66e26e8b6d6e,holdout,betweenness_centrality,0.478517296161,0.925374684477,1
pb01_case_fea96e6c456a1e17d129f599,holdout,betweenness_centrality,0.428873218700,0.904331835059,1
pb01_case_e4aabf90353471ce73e2d01b,holdout,betweenness_centrality,0.562654089965,0.985730249702,1
pb01_case_7a0eed2f2e76814780f61ba0,holdout,betweenness_centrality,0.380143813116,0.979787705290,1
pb01_case_017d8729c4a6c4c597ecd931,holdout,betweenness_centrality,0.406275798277,0.999994913828,1
pb01_case_2b16fe810eb9b76826aea824,holdout,betweenness_centrality,0.424121590025,0.999996354775,1
pb01_case_ecd2488638f5491623e8249a,holdout,betweenness_centrality,0.250137210884,0.933814496904,1
pb01_case_3b7933db9eefb76e91466e3e,holdout,betweenness_centrality,0.351979998025,0.907211760928,1
pb01_case_fb3320cc5dfbc47596a1598c,holdout,betweenness_centrality,0.408221594837,0.928102995272,1
pb01_case_7a6b1fe479538b3bdcc90aca,holdout,betweenness_centrality,0.383233054020,0.898395706670,1
pb01_case_195ed0db4483d002c77f6052,holdout,betweenness_centrality,0.442008264862,0.986443110810,1
pb01_case_58292c8394d196f03d58a0ff,holdout,betweenness_centrality,0.319595312592,0.973358983732,1
pb01_case_0a646534cb4a0e9ef51497c6,holdout,betweenness_centrality,0.473166696553,0.999977327799,1
pb01_case_52783eb94f47cc03884af267,holdout,betweenness_centrality,0.311474036827,0.999983057517,1
pb01_case_3d5643c8dc1b0b569101d4dc,holdout,betweenness_centrality,0.176619870246,0.924452347678,1
pb01_case_176c7de3e2a72e8382ce9a59,holdout,betweenness_centrality,0.527931940529,0.888754202759,1
pb01_case_b7d1b82594682bfe2fbb7e73,holdout,betweenness_centrality,0.362748336533,0.921239685421,1
pb01_case_df739e05c8fa1c56b88b96d8,holdout,betweenness_centrality,0.403437568078,0.881040111984,1
pb01_case_cf6f14324b4d8499b04d426f,holdout,betweenness_centrality,0.463061117496,0.983730165636,1
pb01_case_1ca93f71237d3d3e6ba5fdca,holdout,betweenness_centrality,0.326245799622,0.978444439410,1
pb01_case_0c5effc868481d8b359f5eda,holdout,betweenness_centrality,0.495878677134,0.999978329654,1
pb01_case_2b3667036b64374b0f4f26e1,holdout,betweenness_centrality,0.306701203533,0.999952702803,1
pb01_case_cf094fe3f02b8dc7716c8059,holdout,closeness_centrality,0.192810457516,0.914515951329,1
pb01_case_003744c78c67131bb77ed1de,holdout,closeness_centrality,0.000000000000,0.910398546348,1
pb01_case_682de38cabfaf7c5f31801f0,holdout,closeness_centrality,0.164868181364,0.930195606758,1
pb01_case_0dabbf23cf4843ee3546af2b,holdout,closeness_centrality,0.106849789781,0.914641440163,1
pb01_case_0a38d475ae95ee7ca5c2ed1f,holdout,closeness_centrality,0.342172221359,0.985327463939,1
pb01_case_ee6c36d4be8fb5c6d63ae2f5,holdout,closeness_centrality,0.168610110621,0.975593542870,1
pb01_case_05f76bdc7eb294737f99711b,holdout,closeness_centrality,0.000000000000,0.990103174580,1
pb01_case_9e0e7d0f1994757072aaf765,holdout,closeness_centrality,0.000075391111,0.978538281951,1
pb01_case_29c5dcc34dd0777623e8d17c,holdout,closeness_centrality,0.000000000000,0.978926660620,1
pb01_case_12c492512bd67b63d47f919c,holdout,closeness_centrality,0.151785714286,0.894302188024,1
pb01_case_0ee1a021387cb016201f4896,holdout,closeness_centrality,0.532521984106,0.934393933484,1
pb01_case_bd70165edb28d1da4f700dc5,holdout,closeness_centrality,0.500330558365,0.906416951255,1
pb01_case_f32d86366677d860a98f5ea6,holdout,closeness_centrality,0.481927982316,0.985800099005,1
pb01_case_51360afe5018e10844d133df,holdout,closeness_centrality,0.481927982316,0.974659752964,1
pb01_case_0cf671353c673332db095045,holdout,closeness_centrality,0.644749579125,0.993784949749,1
pb01_case_b6ee63276617a86345c67221,holdout,closeness_centrality,0.783856589147,0.993309304551,1
pb01_case_ad5afd90b605370b464fe2d3,holdout,closeness_centrality,0.418367346939,0.912365352163,1
pb01_case_8cce5521b1ec48d199006d7f,holdout,closeness_centrality,0.269230769231,0.907934971580,1
pb01_case_3119fdecc3f0f93388686eb5,holdout,closeness_centrality,0.490215322881,0.921464712808,1
pb01_case_5a0a0fe358a42847ba164c55,holdout,closeness_centrality,0.433690935474,0.902965329581,1
pb01_case_a4b3ab7835cb084fd30455ff,holdout,closeness_centrality,0.478428166041,0.986183564332,1
pb01_case_630ea011f408ab230379793c,holdout,closeness_centrality,0.561564990159,0.977130018890,1
pb01_case_06d98152d28faa38eea1eba5,holdout,closeness_centrality,0.428258241841,0.992537910860,1
pb01_case_e892f0f2b65e98342a32ab13,holdout,closeness_centrality,0.412492269635,0.988839697092,1
pb01_case_2fe2695e5065c7a87c319e3a,holdout,closeness_centrality,0.326241134752,0.892109661181,1
pb01_case_3679101f5ab291362854f45a,holdout,closeness_centrality,0.380434782609,0.902476759417,1
pb01_case_241ef78e9dee8645d6d2976e,holdout,closeness_centrality,0.425592977736,0.925861912100,1
pb01_case_83bd472dc950af39ceeeaa1e,holdout,closeness_centrality,0.346058580458,0.890951164772,1
pb01_case_b9f2f4d2f03afb31c4536e6d,holdout,closeness_centrality,0.408537041283,0.984251497153,1
pb01_case_1e4c2062d34a2e0b0a5955a3,holdout,closeness_centrality,0.248363988107,0.984731923041,1
pb01_case_04d2eb640a492d085bf809c0,holdout,closeness_centrality,0.262681878307,0.991440599969,1
pb01_case_faca2d6e86af304735b260b2,holdout,closeness_centrality,0.599433206982,0.992181043993,1
pb01_case_8e56e98a1587c0e1ed82c9e0,holdout,closeness_centrality,0.283018867925,0.935327011814,1
pb01_case_0aa017e38055145ac052649d,holdout,closeness_centrality,0.595744680851,0.941816616013,1
pb01_case_58de1a6536a6d4279b7afcc8,holdout,closeness_centrality,0.510255933447,0.933561790367,1
pb01_case_24badfa2e32d46bacc662ecf,holdout,closeness_centrality,0.526363295460,0.912800842480,1
pb01_case_98b66fc22d576da6dc73e8ee,holdout,closeness_centrality,0.542744971803,0.990123482476,1
pb01_case_121ba8e9bca20baba1414852,holdout,closeness_centrality,0.568786573883,0.976564646321,1
pb01_case_574390b1b426dd08d36c56ac,holdout,closeness_centrality,0.346006737506,0.991303139254,1
pb01_case_d04f5e3315d64d8ec84e1e18,holdout,closeness_centrality,0.576427118980,0.991625660049,1
pb01_case_7915676508d2f68964d00853,holdout,closeness_centrality,0.000000000000,0.931857970947,1
pb01_case_09e11c1dd87912d5c7112d5b,holdout,closeness_centrality,0.924603174603,0.905686234066,1
pb01_case_800a709a45e881b1cd3a5564,holdout,closeness_centrality,0.356353478163,0.946945945906,1
pb01_case_5f3fbe643f187bc32935aa87,holdout,closeness_centrality,0.332466180474,0.888557859236,1
pb01_case_bcb7375e84f63f9ac6d2f3d6,holdout,closeness_centrality,0.361700736981,0.985129433180,1
pb01_case_a754595c21d8d40eb59afa6c,holdout,closeness_centrality,0.276775741342,0.975029733457,1
pb01_case_bbd482ac81e622ce5a0e1921,holdout,closeness_centrality,0.401749831687,0.993110433357,1
pb01_case_f15f542a3d8a60cc8e149249,holdout,closeness_centrality,0.833049886621,0.995597147844,1
pb01_case_036e0eb7c9ffea666bcf0051,holdout,closeness_centrality,0.406250000000,0.900449239274,1
pb01_case_7d88041de94c13536bfd9a5e,holdout,closeness_centrality,0.000000000000,0.943417934833,1
pb01_case_d0c0a111bba2116cea22049c,holdout,closeness_centrality,0.341740956018,0.915636201108,1
pb01_case_f99ad8fc261f2c7baf3c3a06,holdout,closeness_centrality,0.360307950939,0.915169996554,1
pb01_case_0fac784ae26c48fd452168e9,holdout,closeness_centrality,0.278547806103,0.985363561498,1
pb01_case_3dfc02b82896ae2b2289cae1,holdout,closeness_centrality,0.635795454545,0.968444667326,1
pb01_case_2a5d457d7dea2c78c49b5d5c,holdout,closeness_centrality,0.349213750974,0.998660110983,1
pb01_case_557f83a5e445882e6b5b73b6,holdout,closeness_centrality,0.689380107807,0.997569544711,1
pb01_case_4e094ca8989f1ca3aa76d281,holdout,closeness_centrality,0.186936936937,0.933925340724,1
pb01_case_4a759622ea529983b8569aac,holdout,closeness_centrality,0.219178082192,0.934035185288,1
pb01_case_c81819a3122c373eb230d386,holdout,closeness_centrality,0.551907442795,0.885758291921,1
pb01_case_245672b03baf648b4fec7d4f,holdout,closeness_centrality,0.480963944126,0.886175954090,1
pb01_case_87a784ca438f724a0f913d87,holdout,closeness_centrality,0.440012390227,0.987591165132,1
pb01_case_482f108475ab0124e8c4e7c8,holdout,closeness_centrality,0.515153399668,0.986129214786,1
pb01_case_9439156ff52ee312711c8f7d,holdout,closeness_centrality,0.266344022594,0.997107813089,1
pb01_case_ce1833edab644155eeebfb0d,holdout,closeness_centrality,0.385661005034,0.994189909674,1
pb01_case_9af03b0a741e69653513ef3f,holdout,closeness_centrality,1.000000000000,0.887691239105,1
pb01_case_d912af3b5f96eef25c45b2ed,holdout,closeness_centrality,0.489247311828,0.921370416397,1
pb01_case_29620fddb3c6e4fc1a5bc8f4,holdout,closeness_centrality,0.530044281853,0.926940512230,1
pb01_case_b384f6f934da9a4083e3220c,holdout,closeness_centrality,0.489562333739,0.870487165259,1
pb01_case_b194956cd498a26c090e1a4e,holdout,closeness_centrality,0.000000000000,0.991438410889,1
pb01_case_79601ac0bfd0ed4ca5f06925,holdout,closeness_centrality,0.653311913410,0.971352190509,1
pb01_case_ad7a7b1d8f06cf99fb94cca8,holdout,closeness_centrality,0.000000000000,0.997976660179,1
pb01_case_5588dff112f8887d53342bb0,holdout,closeness_centrality,0.455818767342,0.997115982196,1
pb01_case_a940ebc386b90156f02c515a,holdout,closeness_centrality,0.532786885246,0.919316120852,1
pb01_case_108ea5a0add7b6e04c4a95a1,holdout,closeness_centrality,0.722222222222,0.914800209908,1
pb01_case_bba21757532bb4e54c82c6df,holdout,closeness_centrality,0.300014501593,0.931730554249,1
pb01_case_d62f15e3bb6690a82b9bbcb8,holdout,closeness_centrality,0.409983246366,0.893714637046,1
pb01_case_5657beac498366791496dc74,holdout,closeness_centrality,0.111339197906,0.988057425619,1
pb01_case_f4d2fa48fec30f3be6a357fa,holdout,closeness_centrality,0.434083170140,0.979949622694,1
pb01_case_0420c42700f9cbf682de28df,holdout,closeness_centrality,0.161097628696,0.997039686741,1
pb01_case_db8da7b9466ca785c2df0849,holdout,closeness_centrality,0.762704058838,0.996657105127,1
pb01_case_57355a69b18b541065800542,holdout,closeness_centrality,0.833333333333,0.901098741257,1
pb01_case_75dd4ef841c0073d389f7924,holdout,closeness_centrality,0.348039215686,0.930330197808,1
pb01_case_4d0e0a192fcaf32158b9fea6,holdout,closeness_centrality,0.465555329455,0.939248583374,1
pb01_case_52c5779563a6f771e369a085,holdout,closeness_centrality,0.402545454884,0.897448166998,1
pb01_case_5e776b2fc3203166d46e0c65,holdout,closeness_centrality,0.750714335755,0.985478642583,1
pb01_case_3e9e34618504923f44bdbc9d,holdout,closeness_centrality,0.625702683616,0.980621510130,1
pb01_case_ed28481393b6fbf216cc2a4a,holdout,closeness_centrality,0.538966438966,0.998298008271,1
pb01_case_322ea17d72a5bc49021cb8f8,holdout,closeness_centrality,0.691494769355,0.997094861245,1
pb01_case_bf2de15bfdb7b0a44e92a28d,holdout,closeness_centrality,0.472222222222,0.957638102751,1
pb01_case_51738a825eef6941d988506f,holdout,closeness_centrality,0.394607843137,0.893102019754,1
pb01_case_891bacbbbf50a65b4e41b381,holdout,closeness_centrality,0.484779154134,0.932368992053,1
pb01_case_4cf8dbef6fc0c2ac115a6640,holdout,closeness_centrality,0.509811079930,0.883018726870,1
pb01_case_3aef1a87ea21227bc4ea6bdb,holdout,closeness_centrality,0.596996576408,0.987137619357,1
pb01_case_5b9c26b5078671b68fb416c1,holdout,closeness_centrality,0.786021643680,0.975614862162,1
pb01_case_9465e45ea662c341fa9208af,holdout,closeness_centrality,0.504850290811,0.998157574980,1
pb01_case_bf732460a22142e4f09b9391,holdout,closeness_centrality,0.509215720954,0.997396328633,1
pb01_case_fdc40a03707d87a4353ff3c9,holdout,closeness_centrality,0.000000000000,0.938799659406,1
pb01_case_5794df6a8b4a0f3856bc0839,holdout,closeness_centrality,0.311594202899,0.914563467162,1
pb01_case_4bef8cc597e349e0d7695637,holdout,closeness_centrality,0.308929180414,0.932512359966,1
pb01_case_c96498f69d3857cd9c300c75,holdout,closeness_centrality,0.275157337687,0.903119282464,1
pb01_case_d518e8ba619f2318cb643389,holdout,closeness_centrality,0.394945615260,0.988577135992,1
pb01_case_ce848b9bd78914cc72ae5afc,holdout,closeness_centrality,0.326561363951,0.964410269632,1
pb01_case_ba2940c2a9459f79fcea4819,holdout,closeness_centrality,0.216582595896,0.999851129711,1
pb01_case_4a8930a14b2465bec0ac8bd1,holdout,closeness_centrality,0.340342135509,0.999665498521,1
pb01_case_ca45238f9f4ae843eac8252b,holdout,closeness_centrality,0.353741496599,0.944070319335,1
pb01_case_7146e4aea0f25595d8a99709,holdout,closeness_centrality,0.705426356589,0.878592799988,1
pb01_case_50b96bc0704ab0e440859ee4,holdout,closeness_centrality,0.642624146790,0.941498384998,1
pb01_case_90829e364fd239c4c4f69c4d,holdout,closeness_centrality,0.639652815642,0.895416445339,1
pb01_case_bd9b8dc67c6d9fe20bb1f429,holdout,closeness_centrality,0.658794056960,0.987419437321,1
pb01_case_04d78ea974572cc928efaa44,holdout,closeness_centrality,0.658794056960,0.977757324543,1
pb01_case_85cd43e021f448373bf7af43,holdout,closeness_centrality,0.867113095238,0.999975072252,1
pb01_case_3500f34241231d978986a4fc,holdout,closeness_centrality,0.695453811370,0.999961659234,1
pb01_case_4f7232749a0a4c60164665bc,holdout,closeness_centrality,0.254901960784,0.917508132477,1
pb01_case_50ea036f38632263aa7ddbe1,holdout,closeness_centrality,0.460992907801,0.886627594042,1
pb01_case_fdea8f80b16523c6b37b8024,holdout,closeness_centrality,0.526544646712,0.928881069363,1
pb01_case_cc558d976b80ba7176413249,holdout,closeness_centrality,0.397327875237,0.875675370771,1
pb01_case_430b5500c60b01ea9cb691e3,holdout,closeness_centrality,0.303293610588,0.989361357719,1
pb01_case_43993c239c034130ada4d0ff,holdout,closeness_centrality,0.484101440152,0.975089715863,1
pb01_case_523cf81cba9ca2ec2cd39cec,holdout,closeness_centrality,0.290681639086,0.999831171055,1
pb01_case_04e4f704365bdd4195c6e105,holdout,closeness_centrality,0.557173860840,0.999789561158,1
pb01_case_92c8fe282077e6f9ebb22a1c,holdout,closeness_centrality,0.558139534884,0.950097998931,1
pb01_case_3f32ef0e36b820883ef7afe7,holdout,closeness_centrality,0.691056910569,0.913415720097,1
pb01_case_333ea448640b66e26e8b6d6e,holdout,closeness_centrality,0.737240815670,0.925374684477,1
pb01_case_fea96e6c456a1e17d129f599,holdout,closeness_centrality,0.721280069719,0.904331835059,1
pb01_case_e4aabf90353471ce73e2d01b,holdout,closeness_centrality,0.814770805828,0.985730249702,1
pb01_case_7a0eed2f2e76814780f61ba0,holdout,closeness_centrality,0.693490425316,0.979787705290,1
pb01_case_017d8729c4a6c4c597ecd931,holdout,closeness_centrality,0.783180894309,0.999994913828,1
pb01_case_2b16fe810eb9b76826aea824,holdout,closeness_centrality,0.715080518642,0.999996354775,1
pb01_case_ecd2488638f5491623e8249a,holdout,closeness_centrality,0.393617021277,0.933814496904,1
pb01_case_3b7933db9eefb76e91466e3e,holdout,closeness_centrality,0.507407407407,0.907211760928,1
pb01_case_fb3320cc5dfbc47596a1598c,holdout,closeness_centrality,0.494101835171,0.928102995272,1
pb01_case_7a6b1fe479538b3bdcc90aca,holdout,closeness_centrality,0.479331689039,0.898395706670,1
pb01_case_195ed0db4483d002c77f6052,holdout,closeness_centrality,0.496651037821,0.986443110810,1
pb01_case_58292c8394d196f03d58a0ff,holdout,closeness_centrality,0.423161033830,0.973358983732,1
pb01_case_0a646534cb4a0e9ef51497c6,holdout,closeness_centrality,0.482091747040,0.999977327799,1
pb01_case_52783eb94f47cc03884af267,holdout,closeness_centrality,0.423768444576,0.999983057517,1
pb01_case_3d5643c8dc1b0b569101d4dc,holdout,closeness_centrality,0.342767295597,0.924452347678,1
pb01_case_176c7de3e2a72e8382ce9a59,holdout,closeness_centrality,0.856060606061,0.888754202759,1
pb01_case_b7d1b82594682bfe2fbb7e73,holdout,closeness_centrality,0.657522925980,0.921239685421,1
pb01_case_df739e05c8fa1c56b88b96d8,holdout,closeness_centrality,0.666519513115,0.881040111984,1
pb01_case_cf6f14324b4d8499b04d426f,holdout,closeness_centrality,0.794236603997,0.983730165636,1
pb01_case_1ca93f71237d3d3e6ba5fdca,holdout,closeness_centrality,0.551270699659,0.978444439410,1
pb01_case_0c5effc868481d8b359f5eda,holdout,closeness_centrality,0.786081900910,0.999978329654,1
pb01_case_2b3667036b64374b0f4f26e1,holdout,closeness_centrality,0.540473484848,0.999952702803,1
pb01_case_cf094fe3f02b8dc7716c8059,holdout,degree_centrality,0.586411337506,0.914515951329,1
pb01_case_003744c78c67131bb77ed1de,holdout,degree_centrality,0.508453419120,0.910398546348,1
pb01_case_682de38cabfaf7c5f31801f0,holdout,degree_centrality,0.604882807216,0.930195606758,1
pb01_case_0dabbf23cf4843ee3546af2b,holdout,degree_centrality,0.587908571592,0.914641440163,1
pb01_case_0a38d475ae95ee7ca5c2ed1f,holdout,degree_centrality,0.633174272489,0.985327463939,1
pb01_case_ee6c36d4be8fb5c6d63ae2f5,holdout,degree_centrality,0.536382460569,0.975593542870,1
pb01_case_05f76bdc7eb294737f99711b,holdout,degree_centrality,0.700896003101,0.990103174580,1
pb01_case_9e0e7d0f1994757072aaf765,holdout,degree_centrality,0.499129567216,0.978538281951,1
pb01_case_29c5dcc34dd0777623e8d17c,holdout,degree_centrality,1.000000000000,0.978926660620,1
pb01_case_12c492512bd67b63d47f919c,holdout,degree_centrality,0.209319279785,0.894302188024,1
pb01_case_0ee1a021387cb016201f4896,holdout,degree_centrality,0.441836239115,0.934393933484,1
pb01_case_bd70165edb28d1da4f700dc5,holdout,degree_centrality,0.461054301844,0.906416951255,1
pb01_case_f32d86366677d860a98f5ea6,holdout,degree_centrality,0.286162122981,0.985800099005,1
pb01_case_51360afe5018e10844d133df,holdout,degree_centrality,0.286162122981,0.974659752964,1
pb01_case_0cf671353c673332db095045,holdout,degree_centrality,0.414992860715,0.993784949749,1
pb01_case_b6ee63276617a86345c67221,holdout,degree_centrality,0.472687760968,0.993309304551,1
pb01_case_ad5afd90b605370b464fe2d3,holdout,degree_centrality,0.424705902167,0.912365352163,1
pb01_case_8cce5521b1ec48d199006d7f,holdout,degree_centrality,0.312960519469,0.907934971580,1
pb01_case_3119fdecc3f0f93388686eb5,holdout,degree_centrality,0.423671789458,0.921464712808,1
pb01_case_5a0a0fe358a42847ba164c55,holdout,degree_centrality,0.383817457730,0.902965329581,1
pb01_case_a4b3ab7835cb084fd30455ff,holdout,degree_centrality,0.370358436151,0.986183564332,1
pb01_case_630ea011f408ab230379793c,holdout,degree_centrality,0.388218305811,0.977130018890,1
pb01_case_06d98152d28faa38eea1eba5,holdout,degree_centrality,0.348616377851,0.992537910860,1
pb01_case_e892f0f2b65e98342a32ab13,holdout,degree_centrality,0.464132433609,0.988839697092,1
pb01_case_2fe2695e5065c7a87c319e3a,holdout,degree_centrality,0.028458977822,0.892109661181,1
pb01_case_3679101f5ab291362854f45a,holdout,degree_centrality,0.161930944902,0.902476759417,1
pb01_case_241ef78e9dee8645d6d2976e,holdout,degree_centrality,0.365051747721,0.925861912100,1
pb01_case_83bd472dc950af39ceeeaa1e,holdout,degree_centrality,0.366292183833,0.890951164772,1
pb01_case_b9f2f4d2f03afb31c4536e6d,holdout,degree_centrality,0.376874570194,0.984251497153,1
pb01_case_1e4c2062d34a2e0b0a5955a3,holdout,degree_centrality,0.392126412080,0.984731923041,1
pb01_case_04d2eb640a492d085bf809c0,holdout,degree_centrality,0.275201223867,0.991440599969,1
pb01_case_faca2d6e86af304735b260b2,holdout,degree_centrality,0.094085946233,0.992181043993,1
pb01_case_8e56e98a1587c0e1ed82c9e0,holdout,degree_centrality,0.684100438822,0.935327011814,1
pb01_case_0aa017e38055145ac052649d,holdout,degree_centrality,0.752275473999,0.941816616013,1
pb01_case_58de1a6536a6d4279b7afcc8,holdout,degree_centrality,0.476718383966,0.933561790367,1
pb01_case_24badfa2e32d46bacc662ecf,holdout,degree_centrality,0.460661374724,0.912800842480,1
pb01_case_98b66fc22d576da6dc73e8ee,holdout,degree_centrality,0.364139751692,0.990123482476,1
pb01_case_121ba8e9bca20baba1414852,holdout,degree_centrality,0.342329380096,0.976564646321,1
pb01_case_574390b1b426dd08d36c56ac,holdout,degree_centrality,0.381519767294,0.991303139254,1
pb01_case_d04f5e3315d64d8ec84e1e18,holdout,degree_centrality,0.445600632733,0.991625660049,1
pb01_case_7915676508d2f68964d00853,holdout,degree_centrality,0.706656886919,0.931857970947,1
pb01_case_09e11c1dd87912d5c7112d5b,holdout,degree_centrality,0.316208196384,0.905686234066,1
pb01_case_800a709a45e881b1cd3a5564,holdout,degree_centrality,0.415608151514,0.946945945906,1
pb01_case_5f3fbe643f187bc32935aa87,holdout,degree_centrality,0.379695502004,0.888557859236,1
pb01_case_bcb7375e84f63f9ac6d2f3d6,holdout,degree_centrality,0.194979971169,0.985129433180,1
pb01_case_a754595c21d8d40eb59afa6c,holdout,degree_centrality,0.160427200469,0.975029733457,1
pb01_case_bbd482ac81e622ce5a0e1921,holdout,degree_centrality,0.638575500609,0.993110433357,1
pb01_case_f15f542a3d8a60cc8e149249,holdout,degree_centrality,0.437879573997,0.995597147844,1
pb01_case_036e0eb7c9ffea666bcf0051,holdout,degree_centrality,0.340406195932,0.900449239274,1
pb01_case_7d88041de94c13536bfd9a5e,holdout,degree_centrality,0.849186638183,0.943417934833,1
pb01_case_d0c0a111bba2116cea22049c,holdout,degree_centrality,0.505767245787,0.915636201108,1
pb01_case_f99ad8fc261f2c7baf3c3a06,holdout,degree_centrality,0.484224591184,0.915169996554,1
pb01_case_0fac784ae26c48fd452168e9,holdout,degree_centrality,0.376705202296,0.985363561498,1
pb01_case_3dfc02b82896ae2b2289cae1,holdout,degree_centrality,0.203401060159,0.968444667326,1
pb01_case_2a5d457d7dea2c78c49b5d5c,holdout,degree_centrality,0.589640754708,0.998660110983,1
pb01_case_557f83a5e445882e6b5b73b6,holdout,degree_centrality,0.282186935585,0.997569544711,1
pb01_case_4e094ca8989f1ca3aa76d281,holdout,degree_centrality,0.653084340444,0.933925340724,1
pb01_case_4a759622ea529983b8569aac,holdout,degree_centrality,0.631166337937,0.934035185288,1
pb01_case_c81819a3122c373eb230d386,holdout,degree_centrality,0.343097723164,0.885758291921,1
pb01_case_245672b03baf648b4fec7d4f,holdout,degree_centrality,0.364936294522,0.886175954090,1
pb01_case_87a784ca438f724a0f913d87,holdout,degree_centrality,0.524567325461,0.987591165132,1
pb01_case_482f108475ab0124e8c4e7c8,holdout,degree_centrality,0.445660700567,0.986129214786,1
pb01_case_9439156ff52ee312711c8f7d,holdout,degree_centrality,0.361269446807,0.997107813089,1
pb01_case_ce1833edab644155eeebfb0d,holdout,degree_centrality,0.342653985755,0.994189909674,1
pb01_case_9af03b0a741e69653513ef3f,holdout,degree_centrality,0.093096680089,0.887691239105,1
pb01_case_d912af3b5f96eef25c45b2ed,holdout,degree_centrality,0.547464071911,0.921370416397,1
pb01_case_29620fddb3c6e4fc1a5bc8f4,holdout,degree_centrality,0.345650957951,0.926940512230,1
pb01_case_b384f6f934da9a4083e3220c,holdout,degree_centrality,0.447763017689,0.870487165259,1
pb01_case_b194956cd498a26c090e1a4e,holdout,degree_centrality,0.709366130619,0.991438410889,1
pb01_case_79601ac0bfd0ed4ca5f06925,holdout,degree_centrality,0.357042556714,0.971352190509,1
pb01_case_ad7a7b1d8f06cf99fb94cca8,holdout,degree_centrality,0.709366130619,0.997976660179,1
pb01_case_5588dff112f8887d53342bb0,holdout,degree_centrality,0.556855542456,0.997115982196,1
pb01_case_a940ebc386b90156f02c515a,holdout,degree_centrality,0.611041733228,0.919316120852,1
pb01_case_108ea5a0add7b6e04c4a95a1,holdout,degree_centrality,0.543574552222,0.914800209908,1
pb01_case_bba21757532bb4e54c82c6df,holdout,degree_centrality,0.517230165929,0.931730554249,1
pb01_case_d62f15e3bb6690a82b9bbcb8,holdout,degree_centrality,0.584576795210,0.893714637046,1
pb01_case_5657beac498366791496dc74,holdout,degree_centrality,0.590641732590,0.988057425619,1
pb01_case_f4d2fa48fec30f3be6a357fa,holdout,degree_centrality,0.614341698464,0.979949622694,1
pb01_case_0420c42700f9cbf682de28df,holdout,degree_centrality,0.626802505792,0.997039686741,1
pb01_case_db8da7b9466ca785c2df0849,holdout,degree_centrality,0.585931963216,0.996657105127,1
pb01_case_57355a69b18b541065800542,holdout,degree_centrality,0.060709642469,0.901098741257,1
pb01_case_75dd4ef841c0073d389f7924,holdout,degree_centrality,0.506093129430,0.930330197808,1
pb01_case_4d0e0a192fcaf32158b9fea6,holdout,degree_centrality,0.313597782488,0.939248583374,1
pb01_case_52c5779563a6f771e369a085,holdout,degree_centrality,0.329912499644,0.897448166998,1
pb01_case_5e776b2fc3203166d46e0c65,holdout,degree_centrality,0.140491346565,0.985478642583,1
pb01_case_3e9e34618504923f44bdbc9d,holdout,degree_centrality,0.225337951270,0.980621510130,1
pb01_case_ed28481393b6fbf216cc2a4a,holdout,degree_centrality,0.262437678299,0.998298008271,1
pb01_case_322ea17d72a5bc49021cb8f8,holdout,degree_centrality,0.174836184089,0.997094861245,1
pb01_case_bf2de15bfdb7b0a44e92a28d,holdout,degree_centrality,1.000000000000,0.957638102751,1
pb01_case_51738a825eef6941d988506f,holdout,degree_centrality,0.405632543477,0.893102019754,1
pb01_case_891bacbbbf50a65b4e41b381,holdout,degree_centrality,0.617714250510,0.932368992053,1
pb01_case_4cf8dbef6fc0c2ac115a6640,holdout,degree_centrality,0.641366586577,0.883018726870,1
pb01_case_3aef1a87ea21227bc4ea6bdb,holdout,degree_centrality,0.522038109442,0.987137619357,1
pb01_case_5b9c26b5078671b68fb416c1,holdout,degree_centrality,0.500098120890,0.975614862162,1
pb01_case_9465e45ea662c341fa9208af,holdout,degree_centrality,0.603160736552,0.998157574980,1
pb01_case_bf732460a22142e4f09b9391,holdout,degree_centrality,0.751387050833,0.997396328633,1
pb01_case_fdc40a03707d87a4353ff3c9,holdout,degree_centrality,0.957005087504,0.938799659406,1
pb01_case_5794df6a8b4a0f3856bc0839,holdout,degree_centrality,0.716616085781,0.914563467162,1
pb01_case_4bef8cc597e349e0d7695637,holdout,degree_centrality,0.661137924256,0.932512359966,1
pb01_case_c96498f69d3857cd9c300c75,holdout,degree_centrality,0.707344557237,0.903119282464,1
pb01_case_d518e8ba619f2318cb643389,holdout,degree_centrality,0.568613060135,0.988577135992,1
pb01_case_ce848b9bd78914cc72ae5afc,holdout,degree_centrality,0.739995345940,0.964410269632,1
pb01_case_ba2940c2a9459f79fcea4819,holdout,degree_centrality,0.826940989075,0.999851129711,1
pb01_case_4a8930a14b2465bec0ac8bd1,holdout,degree_centrality,0.640415569233,0.999665498521,1
pb01_case_ca45238f9f4ae843eac8252b,holdout,degree_centrality,0.787701118459,0.944070319335,1
pb01_case_7146e4aea0f25595d8a99709,holdout,degree_centrality,0.000000000000,0.878592799988,1
pb01_case_50b96bc0704ab0e440859ee4,holdout,degree_centrality,0.440748568885,0.941498384998,1
pb01_case_90829e364fd239c4c4f69c4d,holdout,degree_centrality,0.408027906398,0.895416445339,1
pb01_case_bd9b8dc67c6d9fe20bb1f429,holdout,degree_centrality,0.205668269891,0.987419437321,1
pb01_case_04d78ea974572cc928efaa44,holdout,degree_centrality,0.205668269891,0.977757324543,1
pb01_case_85cd43e021f448373bf7af43,holdout,degree_centrality,0.152276685492,0.999975072252,1
pb01_case_3500f34241231d978986a4fc,holdout,degree_centrality,0.432036277747,0.999961659234,1
pb01_case_4f7232749a0a4c60164665bc,holdout,degree_centrality,0.661300146277,0.917508132477,1
pb01_case_50ea036f38632263aa7ddbe1,holdout,degree_centrality,0.343032800804,0.886627594042,1
pb01_case_fdea8f80b16523c6b37b8024,holdout,degree_centrality,0.506100489621,0.928881069363,1
pb01_case_cc558d976b80ba7176413249,holdout,degree_centrality,0.588115153430,0.875675370771,1
pb01_case_430b5500c60b01ea9cb691e3,holdout,degree_centrality,0.604259113331,0.989361357719,1
pb01_case_43993c239c034130ada4d0ff,holdout,degree_centrality,0.582104745286,0.975089715863,1
pb01_case_523cf81cba9ca2ec2cd39cec,holdout,degree_centrality,0.583987144057,0.999831171055,1
pb01_case_04e4f704365bdd4195c6e105,holdout,degree_centrality,0.510929886287,0.999789561158,1
pb01_case_92c8fe282077e6f9ebb22a1c,holdout,degree_centrality,0.819403289773,0.950097998931,1
pb01_case_3f32ef0e36b820883ef7afe7,holdout,degree_centrality,0.352839129816,0.913415720097,1
pb01_case_333ea448640b66e26e8b6d6e,holdout,degree_centrality,0.384014780207,0.925374684477,1
pb01_case_fea96e6c456a1e17d129f599,holdout,degree_centrality,0.397470036850,0.904331835059,1
pb01_case_e4aabf90353471ce73e2d01b,holdout,degree_centrality,0.241567525665,0.985730249702,1
pb01_case_7a0eed2f2e76814780f61ba0,holdout,degree_centrality,0.398203649121,0.979787705290,1
pb01_case_017d8729c4a6c4c597ecd931,holdout,degree_centrality,0.328482005137,0.999994913828,1
pb01_case_2b16fe810eb9b76826aea824,holdout,degree_centrality,0.433332477975,0.999996354775,1
pb01_case_ecd2488638f5491623e8249a,holdout,degree_centrality,0.692487359127,0.933814496904,1
pb01_case_3b7933db9eefb76e91466e3e,holdout,degree_centrality,0.367534255846,0.907211760928,1
pb01_case_fb3320cc5dfbc47596a1598c,holdout,degree_centrality,0.439770699352,0.928102995272,1
pb01_case_7a6b1fe479538b3bdcc90aca,holdout,degree_centrality,0.463332498357,0.898395706670,1
pb01_case_195ed0db4483d002c77f6052,holdout,degree_centrality,0.313243855295,0.986443110810,1
pb01_case_58292c8394d196f03d58a0ff,holdout,degree_centrality,0.472497964084,0.973358983732,1
pb01_case_0a646534cb4a0e9ef51497c6,holdout,degree_centrality,0.516087775784,0.999977327799,1
pb01_case_52783eb94f47cc03884af267,holdout,degree_centrality,0.412121191000,0.999983057517,1
pb01_case_3d5643c8dc1b0b569101d4dc,holdout,degree_centrality,0.688250068894,0.924452347678,1
pb01_case_176c7de3e2a72e8382ce9a59,holdout,degree_centrality,0.270418666380,0.888754202759,1
pb01_case_b7d1b82594682bfe2fbb7e73,holdout,degree_centrality,0.540930277145,0.921239685421,1
pb01_case_df739e05c8fa1c56b88b96d8,holdout,degree_centrality,0.535213668950,0.881040111984,1
pb01_case_cf6f14324b4d8499b04d426f,holdout,degree_centrality,0.410983690402,0.983730165636,1
pb01_case_1ca93f71237d3d3e6ba5fdca,holdout,degree_centrality,0.660321075850,0.978444439410,1
pb01_case_0c5effc868481d8b359f5eda,holdout,degree_centrality,0.372538196174,0.999978329654,1
pb01_case_2b3667036b64374b0f4f26e1,holdout,degree_centrality,0.676520782772,0.999952702803,1
pb01_case_cf094fe3f02b8dc7716c8059,holdout,domain_diffusion_early_probe,0.480794525369,0.914515951329,1
pb01_case_003744c78c67131bb77ed1de,holdout,domain_diffusion_early_probe,0.460486094402,0.910398546348,1
pb01_case_682de38cabfaf7c5f31801f0,holdout,domain_diffusion_early_probe,0.682497559478,0.930195606758,1
pb01_case_0dabbf23cf4843ee3546af2b,holdout,domain_diffusion_early_probe,0.606457622948,0.914641440163,1
pb01_case_0a38d475ae95ee7ca5c2ed1f,holdout,domain_diffusion_early_probe,0.964315595660,0.985327463939,1
pb01_case_ee6c36d4be8fb5c6d63ae2f5,holdout,domain_diffusion_early_probe,0.936005766652,0.975593542870,1
pb01_case_05f76bdc7eb294737f99711b,holdout,domain_diffusion_early_probe,0.867245368476,0.990103174580,1
pb01_case_9e0e7d0f1994757072aaf765,holdout,domain_diffusion_early_probe,0.676771977198,0.978538281951,1
pb01_case_29c5dcc34dd0777623e8d17c,holdout,domain_diffusion_early_probe,0.880270169775,0.978926660620,1
pb01_case_12c492512bd67b63d47f919c,holdout,domain_diffusion_early_probe,0.353978563872,0.894302188024,1
pb01_case_0ee1a021387cb016201f4896,holdout,domain_diffusion_early_probe,0.651741553406,0.934393933484,1
pb01_case_bd70165edb28d1da4f700dc5,holdout,domain_diffusion_early_probe,0.539599824949,0.906416951255,1
pb01_case_f32d86366677d860a98f5ea6,holdout,domain_diffusion_early_probe,0.880238012981,0.985800099005,1
pb01_case_51360afe5018e10844d133df,holdout,domain_diffusion_early_probe,0.844423598862,0.974659752964,1
pb01_case_0cf671353c673332db095045,holdout,domain_diffusion_early_probe,0.834939433208,0.993784949749,1
pb01_case_b6ee63276617a86345c67221,holdout,domain_diffusion_early_probe,0.793047355643,0.993309304551,1
pb01_case_ad5afd90b605370b464fe2d3,holdout,domain_diffusion_early_probe,0.502688467095,0.912365352163,1
pb01_case_8cce5521b1ec48d199006d7f,holdout,domain_diffusion_early_probe,0.450768909581,0.907934971580,1
pb01_case_3119fdecc3f0f93388686eb5,holdout,domain_diffusion_early_probe,0.543320672325,0.921464712808,1
pb01_case_5a0a0fe358a42847ba164c55,holdout,domain_diffusion_early_probe,0.585092165301,0.902965329581,1
pb01_case_a4b3ab7835cb084fd30455ff,holdout,domain_diffusion_early_probe,0.908570691699,0.986183564332,1
pb01_case_630ea011f408ab230379793c,holdout,domain_diffusion_early_probe,0.856420582642,0.977130018890,1
pb01_case_06d98152d28faa38eea1eba5,holdout,domain_diffusion_early_probe,0.796991810385,0.992537910860,1
pb01_case_e892f0f2b65e98342a32ab13,holdout,domain_diffusion_early_probe,0.817913076518,0.988839697092,1
pb01_case_2fe2695e5065c7a87c319e3a,holdout,domain_diffusion_early_probe,0.349906170160,0.892109661181,1
pb01_case_3679101f5ab291362854f45a,holdout,domain_diffusion_early_probe,0.400702214120,0.902476759417,1
pb01_case_241ef78e9dee8645d6d2976e,holdout,domain_diffusion_early_probe,0.630377413869,0.925861912100,1
pb01_case_83bd472dc950af39ceeeaa1e,holdout,domain_diffusion_early_probe,0.495557641281,0.890951164772,1
pb01_case_b9f2f4d2f03afb31c4536e6d,holdout,domain_diffusion_early_probe,0.892911334845,0.984251497153,1
pb01_case_1e4c2062d34a2e0b0a5955a3,holdout,domain_diffusion_early_probe,0.900518999159,0.984731923041,1
pb01_case_04d2eb640a492d085bf809c0,holdout,domain_diffusion_early_probe,0.813293087693,0.991440599969,1
pb01_case_faca2d6e86af304735b260b2,holdout,domain_diffusion_early_probe,0.622355447530,0.992181043993,1
pb01_case_8e56e98a1587c0e1ed82c9e0,holdout,domain_diffusion_early_probe,0.627592455549,0.935327011814,1
pb01_case_0aa017e38055145ac052649d,holdout,domain_diffusion_early_probe,0.670461264917,0.941816616013,1
pb01_case_58de1a6536a6d4279b7afcc8,holdout,domain_diffusion_early_probe,0.700009476831,0.933561790367,1
pb01_case_24badfa2e32d46bacc662ecf,holdout,domain_diffusion_early_probe,0.548327491987,0.912800842480,1
pb01_case_98b66fc22d576da6dc73e8ee,holdout,domain_diffusion_early_probe,0.922904410804,0.990123482476,1
pb01_case_121ba8e9bca20baba1414852,holdout,domain_diffusion_early_probe,0.874899072702,0.976564646321,1
pb01_case_574390b1b426dd08d36c56ac,holdout,domain_diffusion_early_probe,0.754556837925,0.991303139254,1
pb01_case_d04f5e3315d64d8ec84e1e18,holdout,domain_diffusion_early_probe,0.908699488351,0.991625660049,1
pb01_case_7915676508d2f68964d00853,holdout,domain_diffusion_early_probe,0.605443764378,0.931857970947,1
pb01_case_09e11c1dd87912d5c7112d5b,holdout,domain_diffusion_early_probe,0.412869171167,0.905686234066,1
pb01_case_800a709a45e881b1cd3a5564,holdout,domain_diffusion_early_probe,0.751135866016,0.946945945906,1
pb01_case_5f3fbe643f187bc32935aa87,holdout,domain_diffusion_early_probe,0.420335269976,0.888557859236,1
pb01_case_bcb7375e84f63f9ac6d2f3d6,holdout,domain_diffusion_early_probe,0.868394085323,0.985129433180,1
pb01_case_a754595c21d8d40eb59afa6c,holdout,domain_diffusion_early_probe,0.845749941195,0.975029733457,1
pb01_case_bbd482ac81e622ce5a0e1921,holdout,domain_diffusion_early_probe,0.878668651013,0.993110433357,1
pb01_case_f15f542a3d8a60cc8e149249,holdout,domain_diffusion_early_probe,0.880394825439,0.995597147844,1
pb01_case_036e0eb7c9ffea666bcf0051,holdout,domain_diffusion_early_probe,0.420045957549,0.900449239274,1
pb01_case_7d88041de94c13536bfd9a5e,holdout,domain_diffusion_early_probe,0.695107098427,0.943417934833,1
pb01_case_d0c0a111bba2116cea22049c,holdout,domain_diffusion_early_probe,0.586001184470,0.915636201108,1
pb01_case_f99ad8fc261f2c7baf3c3a06,holdout,domain_diffusion_early_probe,0.569261121331,0.915169996554,1
pb01_case_0fac784ae26c48fd452168e9,holdout,domain_diffusion_early_probe,0.947673114602,0.985363561498,1
pb01_case_3dfc02b82896ae2b2289cae1,holdout,domain_diffusion_early_probe,0.887758317749,0.968444667326,1
pb01_case_2a5d457d7dea2c78c49b5d5c,holdout,domain_diffusion_early_probe,0.872707279437,0.998660110983,1
pb01_case_557f83a5e445882e6b5b73b6,holdout,domain_diffusion_early_probe,0.719646473299,0.997569544711,1
pb01_case_4e094ca8989f1ca3aa76d281,holdout,domain_diffusion_early_probe,0.609311231735,0.933925340724,1
pb01_case_4a759622ea529983b8569aac,holdout,domain_diffusion_early_probe,0.622562903713,0.934035185288,1
pb01_case_c81819a3122c373eb230d386,holdout,domain_diffusion_early_probe,0.337165511386,0.885758291921,1
pb01_case_245672b03baf648b4fec7d4f,holdout,domain_diffusion_early_probe,0.457979557362,0.886175954090,1
pb01_case_87a784ca438f724a0f913d87,holdout,domain_diffusion_early_probe,0.863544886503,0.987591165132,1
pb01_case_482f108475ab0124e8c4e7c8,holdout,domain_diffusion_early_probe,0.854893538758,0.986129214786,1
pb01_case_9439156ff52ee312711c8f7d,holdout,domain_diffusion_early_probe,0.774248114711,0.997107813089,1
pb01_case_ce1833edab644155eeebfb0d,holdout,domain_diffusion_early_probe,0.672713179826,0.994189909674,1
pb01_case_9af03b0a741e69653513ef3f,holdout,domain_diffusion_early_probe,0.331698842914,0.887691239105,1
pb01_case_d912af3b5f96eef25c45b2ed,holdout,domain_diffusion_early_probe,0.554935689357,0.921370416397,1
pb01_case_29620fddb3c6e4fc1a5bc8f4,holdout,domain_diffusion_early_probe,0.666877060948,0.926940512230,1
pb01_case_b384f6f934da9a4083e3220c,holdout,domain_diffusion_early_probe,0.328573800236,0.870487165259,1
pb01_case_b194956cd498a26c090e1a4e,holdout,domain_diffusion_early_probe,0.989184489135,0.991438410889,1
pb01_case_79601ac0bfd0ed4ca5f06925,holdout,domain_diffusion_early_probe,0.886103788330,0.971352190509,1
pb01_case_ad7a7b1d8f06cf99fb94cca8,holdout,domain_diffusion_early_probe,0.926731681001,0.997976660179,1
pb01_case_5588dff112f8887d53342bb0,holdout,domain_diffusion_early_probe,0.789234188869,0.997115982196,1
pb01_case_a940ebc386b90156f02c515a,holdout,domain_diffusion_early_probe,0.521352248338,0.919316120852,1
pb01_case_108ea5a0add7b6e04c4a95a1,holdout,domain_diffusion_early_probe,0.481616876475,0.914800209908,1
pb01_case_bba21757532bb4e54c82c6df,holdout,domain_diffusion_early_probe,0.640154091572,0.931730554249,1
pb01_case_d62f15e3bb6690a82b9bbcb8,holdout,domain_diffusion_early_probe,0.481460884606,0.893714637046,1
pb01_case_5657beac498366791496dc74,holdout,domain_diffusion_early_probe,0.866993067044,0.988057425619,1
pb01_case_f4d2fa48fec30f3be6a357fa,holdout,domain_diffusion_early_probe,0.858244283107,0.979949622694,1
pb01_case_0420c42700f9cbf682de28df,holdout,domain_diffusion_early_probe,0.828339169414,0.997039686741,1
pb01_case_db8da7b9466ca785c2df0849,holdout,domain_diffusion_early_probe,0.711047148606,0.996657105127,1
pb01_case_57355a69b18b541065800542,holdout,domain_diffusion_early_probe,0.371296391994,0.901098741257,1
pb01_case_75dd4ef841c0073d389f7924,holdout,domain_diffusion_early_probe,0.547976549010,0.930330197808,1
pb01_case_4d0e0a192fcaf32158b9fea6,holdout,domain_diffusion_early_probe,0.668854843798,0.939248583374,1
pb01_case_52c5779563a6f771e369a085,holdout,domain_diffusion_early_probe,0.442332411221,0.897448166998,1
pb01_case_5e776b2fc3203166d46e0c65,holdout,domain_diffusion_early_probe,0.837882225259,0.985478642583,1
pb01_case_3e9e34618504923f44bdbc9d,holdout,domain_diffusion_early_probe,0.827792933574,0.980621510130,1
pb01_case_ed28481393b6fbf216cc2a4a,holdout,domain_diffusion_early_probe,0.729221425594,0.998298008271,1
pb01_case_322ea17d72a5bc49021cb8f8,holdout,domain_diffusion_early_probe,0.754681109445,0.997094861245,1
pb01_case_bf2de15bfdb7b0a44e92a28d,holdout,domain_diffusion_early_probe,0.750306931791,0.957638102751,1
pb01_case_51738a825eef6941d988506f,holdout,domain_diffusion_early_probe,0.349801597427,0.893102019754,1
pb01_case_891bacbbbf50a65b4e41b381,holdout,domain_diffusion_early_probe,0.667247270838,0.932368992053,1
pb01_case_4cf8dbef6fc0c2ac115a6640,holdout,domain_diffusion_early_probe,0.374285487818,0.883018726870,1
pb01_case_3aef1a87ea21227bc4ea6bdb,holdout,domain_diffusion_early_probe,0.853682952071,0.987137619357,1
pb01_case_5b9c26b5078671b68fb416c1,holdout,domain_diffusion_early_probe,0.826976408903,0.975614862162,1
pb01_case_9465e45ea662c341fa9208af,holdout,domain_diffusion_early_probe,0.818226963632,0.998157574980,1
pb01_case_bf732460a22142e4f09b9391,holdout,domain_diffusion_early_probe,0.735692874124,0.997396328633,1
pb01_case_fdc40a03707d87a4353ff3c9,holdout,domain_diffusion_early_probe,0.662817633235,0.938799659406,1
pb01_case_5794df6a8b4a0f3856bc0839,holdout,domain_diffusion_early_probe,0.488617963188,0.914563467162,1
pb01_case_4bef8cc597e349e0d7695637,holdout,domain_diffusion_early_probe,0.721549427187,0.932512359966,1
pb01_case_c96498f69d3857cd9c300c75,holdout,domain_diffusion_early_probe,0.484655790709,0.903119282464,1
pb01_case_d518e8ba619f2318cb643389,holdout,domain_diffusion_early_probe,0.969345671207,0.988577135992,1
pb01_case_ce848b9bd78914cc72ae5afc,holdout,domain_diffusion_early_probe,0.910873541004,0.964410269632,1
pb01_case_ba2940c2a9459f79fcea4819,holdout,domain_diffusion_early_probe,0.929579165593,0.999851129711,1
pb01_case_4a8930a14b2465bec0ac8bd1,holdout,domain_diffusion_early_probe,0.829879374232,0.999665498521,1
pb01_case_ca45238f9f4ae843eac8252b,holdout,domain_diffusion_early_probe,0.693449892009,0.944070319335,1
pb01_case_7146e4aea0f25595d8a99709,holdout,domain_diffusion_early_probe,0.271678827649,0.878592799988,1
pb01_case_50b96bc0704ab0e440859ee4,holdout,domain_diffusion_early_probe,0.733194594050,0.941498384998,1
pb01_case_90829e364fd239c4c4f69c4d,holdout,domain_diffusion_early_probe,0.486356151968,0.895416445339,1
pb01_case_bd9b8dc67c6d9fe20bb1f429,holdout,domain_diffusion_early_probe,0.886627543850,0.987419437321,1
pb01_case_04d78ea974572cc928efaa44,holdout,domain_diffusion_early_probe,0.861471110182,0.977757324543,1
pb01_case_85cd43e021f448373bf7af43,holdout,domain_diffusion_early_probe,0.817248522873,0.999975072252,1
pb01_case_3500f34241231d978986a4fc,holdout,domain_diffusion_early_probe,0.863079045363,0.999961659234,1
pb01_case_4f7232749a0a4c60164665bc,holdout,domain_diffusion_early_probe,0.526272878491,0.917508132477,1
pb01_case_50ea036f38632263aa7ddbe1,holdout,domain_diffusion_early_probe,0.321405557249,0.886627594042,1
pb01_case_fdea8f80b16523c6b37b8024,holdout,domain_diffusion_early_probe,0.630903416147,0.928881069363,1
pb01_case_cc558d976b80ba7176413249,holdout,domain_diffusion_early_probe,0.431349141063,0.875675370771,1
pb01_case_430b5500c60b01ea9cb691e3,holdout,domain_diffusion_early_probe,0.927327136067,0.989361357719,1
pb01_case_43993c239c034130ada4d0ff,holdout,domain_diffusion_early_probe,0.879557918559,0.975089715863,1
pb01_case_523cf81cba9ca2ec2cd39cec,holdout,domain_diffusion_early_probe,0.830800316656,0.999831171055,1
pb01_case_04e4f704365bdd4195c6e105,holdout,domain_diffusion_early_probe,0.731457227325,0.999789561158,1
pb01_case_92c8fe282077e6f9ebb22a1c,holdout,domain_diffusion_early_probe,0.702619388920,0.950097998931,1
pb01_case_3f32ef0e36b820883ef7afe7,holdout,domain_diffusion_early_probe,0.493694346205,0.913415720097,1
pb01_case_333ea448640b66e26e8b6d6e,holdout,domain_diffusion_early_probe,0.636062330014,0.925374684477,1
pb01_case_fea96e6c456a1e17d129f599,holdout,domain_diffusion_early_probe,0.501566065795,0.904331835059,1
pb01_case_e4aabf90353471ce73e2d01b,holdout,domain_diffusion_early_probe,0.877808589929,0.985730249702,1
pb01_case_7a0eed2f2e76814780f61ba0,holdout,domain_diffusion_early_probe,0.876252122795,0.979787705290,1
pb01_case_017d8729c4a6c4c597ecd931,holdout,domain_diffusion_early_probe,0.847360696061,0.999994913828,1
pb01_case_2b16fe810eb9b76826aea824,holdout,domain_diffusion_early_probe,0.826609892640,0.999996354775,1
pb01_case_ecd2488638f5491623e8249a,holdout,domain_diffusion_early_probe,0.611287399541,0.933814496904,1
pb01_case_3b7933db9eefb76e91466e3e,holdout,domain_diffusion_early_probe,0.443338092090,0.907211760928,1
pb01_case_fb3320cc5dfbc47596a1598c,holdout,domain_diffusion_early_probe,0.658857512699,0.928102995272,1
pb01_case_7a6b1fe479538b3bdcc90aca,holdout,domain_diffusion_early_probe,0.531877098623,0.898395706670,1
pb01_case_195ed0db4483d002c77f6052,holdout,domain_diffusion_early_probe,0.902851273291,0.986443110810,1
pb01_case_58292c8394d196f03d58a0ff,holdout,domain_diffusion_early_probe,0.863068818798,0.973358983732,1
pb01_case_0a646534cb4a0e9ef51497c6,holdout,domain_diffusion_early_probe,0.862377587351,0.999977327799,1
pb01_case_52783eb94f47cc03884af267,holdout,domain_diffusion_early_probe,0.788647146122,0.999983057517,1
pb01_case_3d5643c8dc1b0b569101d4dc,holdout,domain_diffusion_early_probe,0.580171963551,0.924452347678,1
pb01_case_176c7de3e2a72e8382ce9a59,holdout,domain_diffusion_early_probe,0.325813074823,0.888754202759,1
pb01_case_b7d1b82594682bfe2fbb7e73,holdout,domain_diffusion_early_probe,0.606457374921,0.921239685421,1
pb01_case_df739e05c8fa1c56b88b96d8,holdout,domain_diffusion_early_probe,0.476544320727,0.881040111984,1
pb01_case_cf6f14324b4d8499b04d426f,holdout,domain_diffusion_early_probe,0.906221202525,0.983730165636,1
pb01_case_1ca93f71237d3d3e6ba5fdca,holdout,domain_diffusion_early_probe,0.909903060406,0.978444439410,1
pb01_case_0c5effc868481d8b359f5eda,holdout,domain_diffusion_early_probe,0.869394760513,0.999978329654,1
pb01_case_2b3667036b64374b0f4f26e1,holdout,domain_diffusion_early_probe,0.839015540963,0.999952702803,1
pb01_case_cf094fe3f02b8dc7716c8059,holdout,eigenvector_centrality,0.009572671171,0.914515951329,1
pb01_case_003744c78c67131bb77ed1de,holdout,eigenvector_centrality,0.783193857211,0.910398546348,1
pb01_case_682de38cabfaf7c5f31801f0,holdout,eigenvector_centrality,0.225570553592,0.930195606758,1
pb01_case_0dabbf23cf4843ee3546af2b,holdout,eigenvector_centrality,0.329988876643,0.914641440163,1
pb01_case_0a38d475ae95ee7ca5c2ed1f,holdout,eigenvector_centrality,0.155543946265,0.985327463939,1
pb01_case_ee6c36d4be8fb5c6d63ae2f5,holdout,eigenvector_centrality,0.028627923412,0.975593542870,1
pb01_case_05f76bdc7eb294737f99711b,holdout,eigenvector_centrality,0.002749619086,0.990103174580,1
pb01_case_9e0e7d0f1994757072aaf765,holdout,eigenvector_centrality,0.008645786494,0.978538281951,1
pb01_case_29c5dcc34dd0777623e8d17c,holdout,eigenvector_centrality,0.142523842220,0.978926660620,1
pb01_case_12c492512bd67b63d47f919c,holdout,eigenvector_centrality,0.919129527223,0.894302188024,1
pb01_case_0ee1a021387cb016201f4896,holdout,eigenvector_centrality,0.317467594312,0.934393933484,1
pb01_case_bd70165edb28d1da4f700dc5,holdout,eigenvector_centrality,0.323338364121,0.906416951255,1
pb01_case_f32d86366677d860a98f5ea6,holdout,eigenvector_centrality,0.769178387367,0.985800099005,1
pb01_case_51360afe5018e10844d133df,holdout,eigenvector_centrality,0.769178387367,0.974659752964,1
pb01_case_0cf671353c673332db095045,holdout,eigenvector_centrality,0.608477229347,0.993784949749,1
pb01_case_b6ee63276617a86345c67221,holdout,eigenvector_centrality,0.097964354531,0.993309304551,1
pb01_case_ad5afd90b605370b464fe2d3,holdout,eigenvector_centrality,0.206956223215,0.912365352163,1
pb01_case_8cce5521b1ec48d199006d7f,holdout,eigenvector_centrality,0.573245159874,0.907934971580,1
pb01_case_3119fdecc3f0f93388686eb5,holdout,eigenvector_centrality,0.517196077263,0.921464712808,1
pb01_case_5a0a0fe358a42847ba164c55,holdout,eigenvector_centrality,0.581484879652,0.902965329581,1
pb01_case_a4b3ab7835cb084fd30455ff,holdout,eigenvector_centrality,0.536489228081,0.986183564332,1
pb01_case_630ea011f408ab230379793c,holdout,eigenvector_centrality,0.458779022868,0.977130018890,1
pb01_case_06d98152d28faa38eea1eba5,holdout,eigenvector_centrality,0.566847175153,0.992537910860,1
pb01_case_e892f0f2b65e98342a32ab13,holdout,eigenvector_centrality,0.227147583836,0.988839697092,1
pb01_case_2fe2695e5065c7a87c319e3a,holdout,eigenvector_centrality,1.000000000000,0.892109661181,1
pb01_case_3679101f5ab291362854f45a,holdout,eigenvector_centrality,0.927894165194,0.902476759417,1
pb01_case_241ef78e9dee8645d6d2976e,holdout,eigenvector_centrality,0.512080752857,0.925861912100,1
pb01_case_83bd472dc950af39ceeeaa1e,holdout,eigenvector_centrality,0.482964907997,0.890951164772,1
pb01_case_b9f2f4d2f03afb31c4536e6d,holdout,eigenvector_centrality,0.408603873582,0.984251497153,1
pb01_case_1e4c2062d34a2e0b0a5955a3,holdout,eigenvector_centrality,0.237426611640,0.984731923041,1
pb01_case_04d2eb640a492d085bf809c0,holdout,eigenvector_centrality,0.281015206519,0.991440599969,1
pb01_case_faca2d6e86af304735b260b2,holdout,eigenvector_centrality,0.928128690293,0.992181043993,1
pb01_case_8e56e98a1587c0e1ed82c9e0,holdout,eigenvector_centrality,0.153365012893,0.935327011814,1
pb01_case_0aa017e38055145ac052649d,holdout,eigenvector_centrality,0.160351878675,0.941816616013,1
pb01_case_58de1a6536a6d4279b7afcc8,holdout,eigenvector_centrality,0.444756988950,0.933561790367,1
pb01_case_24badfa2e32d46bacc662ecf,holdout,eigenvector_centrality,0.448142788740,0.912800842480,1
pb01_case_98b66fc22d576da6dc73e8ee,holdout,eigenvector_centrality,0.670289359739,0.990123482476,1
pb01_case_121ba8e9bca20baba1414852,holdout,eigenvector_centrality,0.715389565322,0.976564646321,1
pb01_case_574390b1b426dd08d36c56ac,holdout,eigenvector_centrality,0.741701906093,0.991303139254,1
pb01_case_d04f5e3315d64d8ec84e1e18,holdout,eigenvector_centrality,0.275049074920,0.991625660049,1
pb01_case_7915676508d2f68964d00853,holdout,eigenvector_centrality,0.015958156961,0.931857970947,1
pb01_case_09e11c1dd87912d5c7112d5b,holdout,eigenvector_centrality,0.661483155646,0.905686234066,1
pb01_case_800a709a45e881b1cd3a5564,holdout,eigenvector_centrality,0.396481780743,0.946945945906,1
pb01_case_5f3fbe643f187bc32935aa87,holdout,eigenvector_centrality,0.412863290120,0.888557859236,1
pb01_case_bcb7375e84f63f9ac6d2f3d6,holdout,eigenvector_centrality,0.870136116735,0.985129433180,1
pb01_case_a754595c21d8d40eb59afa6c,holdout,eigenvector_centrality,0.912641570917,0.975029733457,1
pb01_case_bbd482ac81e622ce5a0e1921,holdout,eigenvector_centrality,0.211821454710,0.993110433357,1
pb01_case_f15f542a3d8a60cc8e149249,holdout,eigenvector_centrality,0.230712121366,0.995597147844,1
pb01_case_036e0eb7c9ffea666bcf0051,holdout,eigenvector_centrality,0.659006831536,0.900449239274,1
pb01_case_7d88041de94c13536bfd9a5e,holdout,eigenvector_centrality,0.164971756635,0.943417934833,1
pb01_case_d0c0a111bba2116cea22049c,holdout,eigenvector_centrality,0.489264265727,0.915636201108,1
pb01_case_f99ad8fc261f2c7baf3c3a06,holdout,eigenvector_centrality,0.462469252137,0.915169996554,1
pb01_case_0fac784ae26c48fd452168e9,holdout,eigenvector_centrality,0.584555149115,0.985363561498,1
pb01_case_3dfc02b82896ae2b2289cae1,holdout,eigenvector_centrality,0.783230994229,0.968444667326,1
pb01_case_2a5d457d7dea2c78c49b5d5c,holdout,eigenvector_centrality,0.390743707225,0.998660110983,1
pb01_case_557f83a5e445882e6b5b73b6,holdout,eigenvector_centrality,0.661671111318,0.997569544711,1
pb01_case_4e094ca8989f1ca3aa76d281,holdout,eigenvector_centrality,0.360696197026,0.933925340724,1
pb01_case_4a759622ea529983b8569aac,holdout,eigenvector_centrality,0.391848053823,0.934035185288,1
pb01_case_c81819a3122c373eb230d386,holdout,eigenvector_centrality,0.622730882262,0.885758291921,1
pb01_case_245672b03baf648b4fec7d4f,holdout,eigenvector_centrality,0.586639479388,0.886175954090,1
pb01_case_87a784ca438f724a0f913d87,holdout,eigenvector_centrality,0.444965664193,0.987591165132,1
pb01_case_482f108475ab0124e8c4e7c8,holdout,eigenvector_centrality,0.551309333177,0.986129214786,1
pb01_case_9439156ff52ee312711c8f7d,holdout,eigenvector_centrality,0.559804008708,0.997107813089,1
pb01_case_ce1833edab644155eeebfb0d,holdout,eigenvector_centrality,0.648053034826,0.994189909674,1
pb01_case_9af03b0a741e69653513ef3f,holdout,eigenvector_centrality,0.858937672054,0.887691239105,1
pb01_case_d912af3b5f96eef25c45b2ed,holdout,eigenvector_centrality,0.442933359245,0.921370416397,1
pb01_case_29620fddb3c6e4fc1a5bc8f4,holdout,eigenvector_centrality,0.637207025877,0.926940512230,1
pb01_case_b384f6f934da9a4083e3220c,holdout,eigenvector_centrality,0.539292216485,0.870487165259,1
pb01_case_b194956cd498a26c090e1a4e,holdout,eigenvector_centrality,0.281139372217,0.991438410889,1
pb01_case_79601ac0bfd0ed4ca5f06925,holdout,eigenvector_centrality,0.670715745351,0.971352190509,1
pb01_case_ad7a7b1d8f06cf99fb94cca8,holdout,eigenvector_centrality,0.281139372217,0.997976660179,1
pb01_case_5588dff112f8887d53342bb0,holdout,eigenvector_centrality,0.394624833921,0.997115982196,1
pb01_case_a940ebc386b90156f02c515a,holdout,eigenvector_centrality,0.245780571511,0.919316120852,1
pb01_case_108ea5a0add7b6e04c4a95a1,holdout,eigenvector_centrality,0.414260869213,0.914800209908,1
pb01_case_bba21757532bb4e54c82c6df,holdout,eigenvector_centrality,0.418390706039,0.931730554249,1
pb01_case_d62f15e3bb6690a82b9bbcb8,holdout,eigenvector_centrality,0.366762575532,0.893714637046,1
pb01_case_5657beac498366791496dc74,holdout,eigenvector_centrality,0.464129176657,0.988057425619,1
pb01_case_f4d2fa48fec30f3be6a357fa,holdout,eigenvector_centrality,0.201969528893,0.979949622694,1
pb01_case_0420c42700f9cbf682de28df,holdout,eigenvector_centrality,0.159077159032,0.997039686741,1
pb01_case_db8da7b9466ca785c2df0849,holdout,eigenvector_centrality,0.262788428877,0.996657105127,1
pb01_case_57355a69b18b541065800542,holdout,eigenvector_centrality,0.994041095080,0.901098741257,1
pb01_case_75dd4ef841c0073d389f7924,holdout,eigenvector_centrality,0.560902496645,0.930330197808,1
pb01_case_4d0e0a192fcaf32158b9fea6,holdout,eigenvector_centrality,0.614096632377,0.939248583374,1
pb01_case_52c5779563a6f771e369a085,holdout,eigenvector_centrality,0.599043579754,0.897448166998,1
pb01_case_5e776b2fc3203166d46e0c65,holdout,eigenvector_centrality,0.805503191552,0.985478642583,1
pb01_case_3e9e34618504923f44bdbc9d,holdout,eigenvector_centrality,0.698833695269,0.980621510130,1
pb01_case_ed28481393b6fbf216cc2a4a,holdout,eigenvector_centrality,0.704405592239,0.998298008271,1
pb01_case_322ea17d72a5bc49021cb8f8,holdout,eigenvector_centrality,0.827603743698,0.997094861245,1
pb01_case_bf2de15bfdb7b0a44e92a28d,holdout,eigenvector_centrality,0.170792663850,0.957638102751,1
pb01_case_51738a825eef6941d988506f,holdout,eigenvector_centrality,0.478686717911,0.893102019754,1
pb01_case_891bacbbbf50a65b4e41b381,holdout,eigenvector_centrality,0.404924224555,0.932368992053,1
pb01_case_4cf8dbef6fc0c2ac115a6640,holdout,eigenvector_centrality,0.385773832536,0.883018726870,1
pb01_case_3aef1a87ea21227bc4ea6bdb,holdout,eigenvector_centrality,0.519135259516,0.987137619357,1
pb01_case_5b9c26b5078671b68fb416c1,holdout,eigenvector_centrality,0.520042564511,0.975614862162,1
pb01_case_9465e45ea662c341fa9208af,holdout,eigenvector_centrality,0.372834572721,0.998157574980,1
pb01_case_bf732460a22142e4f09b9391,holdout,eigenvector_centrality,0.231912527932,0.997396328633,1
pb01_case_fdc40a03707d87a4353ff3c9,holdout,eigenvector_centrality,0.210923797901,0.938799659406,1
pb01_case_5794df6a8b4a0f3856bc0839,holdout,eigenvector_centrality,0.504303238439,0.914563467162,1
pb01_case_4bef8cc597e349e0d7695637,holdout,eigenvector_centrality,0.511023945457,0.932512359966,1
pb01_case_c96498f69d3857cd9c300c75,holdout,eigenvector_centrality,0.463193113104,0.903119282464,1
pb01_case_d518e8ba619f2318cb643389,holdout,eigenvector_centrality,0.512393828906,0.988577135992,1
pb01_case_ce848b9bd78914cc72ae5afc,holdout,eigenvector_centrality,0.449591713480,0.964410269632,1
pb01_case_ba2940c2a9459f79fcea4819,holdout,eigenvector_centrality,0.403466359714,0.999851129711,1
pb01_case_4a8930a14b2465bec0ac8bd1,holdout,eigenvector_centrality,0.487309914835,0.999665498521,1
pb01_case_ca45238f9f4ae843eac8252b,holdout,eigenvector_centrality,0.382717817779,0.944070319335,1
pb01_case_7146e4aea0f25595d8a99709,holdout,eigenvector_centrality,0.741418722917,0.878592799988,1
pb01_case_50b96bc0704ab0e440859ee4,holdout,eigenvector_centrality,0.578424839386,0.941498384998,1
pb01_case_90829e364fd239c4c4f69c4d,holdout,eigenvector_centrality,0.582749254643,0.895416445339,1
pb01_case_bd9b8dc67c6d9fe20bb1f429,holdout,eigenvector_centrality,0.744147066396,0.987419437321,1
pb01_case_04d78ea974572cc928efaa44,holdout,eigenvector_centrality,0.744147066396,0.977757324543,1
pb01_case_85cd43e021f448373bf7af43,holdout,eigenvector_centrality,0.837168693928,0.999975072252,1
pb01_case_3500f34241231d978986a4fc,holdout,eigenvector_centrality,0.540312143283,0.999961659234,1
pb01_case_4f7232749a0a4c60164665bc,holdout,eigenvector_centrality,0.357195885769,0.917508132477,1
pb01_case_50ea036f38632263aa7ddbe1,holdout,eigenvector_centrality,0.568573730980,0.886627594042,1
pb01_case_fdea8f80b16523c6b37b8024,holdout,eigenvector_centrality,0.575236826250,0.928881069363,1
pb01_case_cc558d976b80ba7176413249,holdout,eigenvector_centrality,0.546811425829,0.875675370771,1
pb01_case_430b5500c60b01ea9cb691e3,holdout,eigenvector_centrality,0.496986736396,0.989361357719,1
pb01_case_43993c239c034130ada4d0ff,holdout,eigenvector_centrality,0.490869387427,0.975089715863,1
pb01_case_523cf81cba9ca2ec2cd39cec,holdout,eigenvector_centrality,0.509875032020,0.999831171055,1
pb01_case_04e4f704365bdd4195c6e105,holdout,eigenvector_centrality,0.549879980839,0.999789561158,1
pb01_case_92c8fe282077e6f9ebb22a1c,holdout,eigenvector_centrality,0.366773406456,0.950097998931,1
pb01_case_3f32ef0e36b820883ef7afe7,holdout,eigenvector_centrality,0.691770832623,0.913415720097,1
pb01_case_333ea448640b66e26e8b6d6e,holdout,eigenvector_centrality,0.677747764585,0.925374684477,1
pb01_case_fea96e6c456a1e17d129f599,holdout,eigenvector_centrality,0.682174917559,0.904331835059,1
pb01_case_e4aabf90353471ce73e2d01b,holdout,eigenvector_centrality,0.809332338371,0.985730249702,1
pb01_case_7a0eed2f2e76814780f61ba0,holdout,eigenvector_centrality,0.654133424075,0.979787705290,1
pb01_case_017d8729c4a6c4c597ecd931,holdout,eigenvector_centrality,0.777249627202,0.999994913828,1
pb01_case_2b16fe810eb9b76826aea824,holdout,eigenvector_centrality,0.659009015064,0.999996354775,1
pb01_case_ecd2488638f5491623e8249a,holdout,eigenvector_centrality,0.454909623194,0.933814496904,1
pb01_case_3b7933db9eefb76e91466e3e,holdout,eigenvector_centrality,0.676262906325,0.907211760928,1
pb01_case_fb3320cc5dfbc47596a1598c,holdout,eigenvector_centrality,0.672753534670,0.928102995272,1
pb01_case_7a6b1fe479538b3bdcc90aca,holdout,eigenvector_centrality,0.640440917358,0.898395706670,1
pb01_case_195ed0db4483d002c77f6052,holdout,eigenvector_centrality,0.760357265593,0.986443110810,1
pb01_case_58292c8394d196f03d58a0ff,holdout,eigenvector_centrality,0.649700692049,0.973358983732,1
pb01_case_0a646534cb4a0e9ef51497c6,holdout,eigenvector_centrality,0.558892103367,0.999977327799,1
pb01_case_52783eb94f47cc03884af267,holdout,eigenvector_centrality,0.708615303732,0.999983057517,1
pb01_case_3d5643c8dc1b0b569101d4dc,holdout,eigenvector_centrality,0.285742403462,0.924452347678,1
pb01_case_176c7de3e2a72e8382ce9a59,holdout,eigenvector_centrality,0.891626044389,0.888754202759,1
pb01_case_b7d1b82594682bfe2fbb7e73,holdout,eigenvector_centrality,0.573056392721,0.921239685421,1
pb01_case_df739e05c8fa1c56b88b96d8,holdout,eigenvector_centrality,0.575551195709,0.881040111984,1
pb01_case_cf6f14324b4d8499b04d426f,holdout,eigenvector_centrality,0.730703086815,0.983730165636,1
pb01_case_1ca93f71237d3d3e6ba5fdca,holdout,eigenvector_centrality,0.392192953905,0.978444439410,1
pb01_case_0c5effc868481d8b359f5eda,holdout,eigenvector_centrality,0.759919330207,0.999978329654,1
pb01_case_2b3667036b64374b0f4f26e1,holdout,eigenvector_centrality,0.458576874167,0.999952702803,1
pb01_case_cf094fe3f02b8dc7716c8059,holdout,graph_size_density,0.953437149219,0.914515951329,1
pb01_case_003744c78c67131bb77ed1de,holdout,graph_size_density,0.953437149219,0.910398546348,1
pb01_case_682de38cabfaf7c5f31801f0,holdout,graph_size_density,0.953437149219,0.930195606758,1
pb01_case_0dabbf23cf4843ee3546af2b,holdout,graph_size_density,0.953437149219,0.914641440163,1
pb01_case_0a38d475ae95ee7ca5c2ed1f,holdout,graph_size_density,0.953437149219,0.985327463939,1
pb01_case_ee6c36d4be8fb5c6d63ae2f5,holdout,graph_size_density,0.953437149219,0.975593542870,1
pb01_case_05f76bdc7eb294737f99711b,holdout,graph_size_density,0.953437149219,0.990103174580,1
pb01_case_9e0e7d0f1994757072aaf765,holdout,graph_size_density,0.953437149219,0.978538281951,1
pb01_case_29c5dcc34dd0777623e8d17c,holdout,graph_size_density,0.953719929236,0.978926660620,1
pb01_case_12c492512bd67b63d47f919c,holdout,graph_size_density,0.953719929236,0.894302188024,1
pb01_case_0ee1a021387cb016201f4896,holdout,graph_size_density,0.953719929236,0.934393933484,1
pb01_case_bd70165edb28d1da4f700dc5,holdout,graph_size_density,0.953719929236,0.906416951255,1
pb01_case_f32d86366677d860a98f5ea6,holdout,graph_size_density,0.953719929236,0.985800099005,1
pb01_case_51360afe5018e10844d133df,holdout,graph_size_density,0.953719929236,0.974659752964,1
pb01_case_0cf671353c673332db095045,holdout,graph_size_density,0.953719929236,0.993784949749,1
pb01_case_b6ee63276617a86345c67221,holdout,graph_size_density,0.953719929236,0.993309304551,1
pb01_case_ad5afd90b605370b464fe2d3,holdout,graph_size_density,0.953719929236,0.912365352163,1
pb01_case_8cce5521b1ec48d199006d7f,holdout,graph_size_density,0.953719929236,0.907934971580,1
pb01_case_3119fdecc3f0f93388686eb5,holdout,graph_size_density,0.953719929236,0.921464712808,1
pb01_case_5a0a0fe358a42847ba164c55,holdout,graph_size_density,0.953719929236,0.902965329581,1
pb01_case_a4b3ab7835cb084fd30455ff,holdout,graph_size_density,0.953719929236,0.986183564332,1
pb01_case_630ea011f408ab230379793c,holdout,graph_size_density,0.953719929236,0.977130018890,1
pb01_case_06d98152d28faa38eea1eba5,holdout,graph_size_density,0.953719929236,0.992537910860,1
pb01_case_e892f0f2b65e98342a32ab13,holdout,graph_size_density,0.953719929236,0.988839697092,1
pb01_case_2fe2695e5065c7a87c319e3a,holdout,graph_size_density,0.954144099260,0.892109661181,1
pb01_case_3679101f5ab291362854f45a,holdout,graph_size_density,0.954144099260,0.902476759417,1
pb01_case_241ef78e9dee8645d6d2976e,holdout,graph_size_density,0.954144099260,0.925861912100,1
pb01_case_83bd472dc950af39ceeeaa1e,holdout,graph_size_density,0.954144099260,0.890951164772,1
pb01_case_b9f2f4d2f03afb31c4536e6d,holdout,graph_size_density,0.954144099260,0.984251497153,1
pb01_case_1e4c2062d34a2e0b0a5955a3,holdout,graph_size_density,0.954144099260,0.984731923041,1
pb01_case_04d2eb640a492d085bf809c0,holdout,graph_size_density,0.954144099260,0.991440599969,1
pb01_case_faca2d6e86af304735b260b2,holdout,graph_size_density,0.954144099260,0.992181043993,1
pb01_case_8e56e98a1587c0e1ed82c9e0,holdout,graph_size_density,0.953861319244,0.935327011814,1
pb01_case_0aa017e38055145ac052649d,holdout,graph_size_density,0.953861319244,0.941816616013,1
pb01_case_58de1a6536a6d4279b7afcc8,holdout,graph_size_density,0.953861319244,0.933561790367,1
pb01_case_24badfa2e32d46bacc662ecf,holdout,graph_size_density,0.953861319244,0.912800842480,1
pb01_case_98b66fc22d576da6dc73e8ee,holdout,graph_size_density,0.953861319244,0.990123482476,1
pb01_case_121ba8e9bca20baba1414852,holdout,graph_size_density,0.953861319244,0.976564646321,1
pb01_case_574390b1b426dd08d36c56ac,holdout,graph_size_density,0.953861319244,0.991303139254,1
pb01_case_d04f5e3315d64d8ec84e1e18,holdout,graph_size_density,0.953861319244,0.991625660049,1
pb01_case_7915676508d2f68964d00853,holdout,graph_size_density,0.953295759211,0.931857970947,1
pb01_case_09e11c1dd87912d5c7112d5b,holdout,graph_size_density,0.953295759211,0.905686234066,1
pb01_case_800a709a45e881b1cd3a5564,holdout,graph_size_density,0.953295759211,0.946945945906,1
pb01_case_5f3fbe643f187bc32935aa87,holdout,graph_size_density,0.953295759211,0.888557859236,1
pb01_case_bcb7375e84f63f9ac6d2f3d6,holdout,graph_size_density,0.953295759211,0.985129433180,1
pb01_case_a754595c21d8d40eb59afa6c,holdout,graph_size_density,0.953295759211,0.975029733457,1
pb01_case_bbd482ac81e622ce5a0e1921,holdout,graph_size_density,0.953295759211,0.993110433357,1
pb01_case_f15f542a3d8a60cc8e149249,holdout,graph_size_density,0.953295759211,0.995597147844,1
pb01_case_036e0eb7c9ffea666bcf0051,holdout,graph_size_density,0.951703707717,0.900449239274,1
pb01_case_7d88041de94c13536bfd9a5e,holdout,graph_size_density,0.951703707717,0.943417934833,1
pb01_case_d0c0a111bba2116cea22049c,holdout,graph_size_density,0.951703707717,0.915636201108,1
pb01_case_f99ad8fc261f2c7baf3c3a06,holdout,graph_size_density,0.951703707717,0.915169996554,1
pb01_case_0fac784ae26c48fd452168e9,holdout,graph_size_density,0.951703707717,0.985363561498,1
pb01_case_3dfc02b82896ae2b2289cae1,holdout,graph_size_density,0.951703707717,0.968444667326,1
pb01_case_2a5d457d7dea2c78c49b5d5c,holdout,graph_size_density,0.951703707717,0.998660110983,1
pb01_case_557f83a5e445882e6b5b73b6,holdout,graph_size_density,0.951703707717,0.997569544711,1
pb01_case_4e094ca8989f1ca3aa76d281,holdout,graph_size_density,0.951768747121,0.933925340724,1
pb01_case_4a759622ea529983b8569aac,holdout,graph_size_density,0.951768747121,0.934035185288,1
pb01_case_c81819a3122c373eb230d386,holdout,graph_size_density,0.951768747121,0.885758291921,1
pb01_case_245672b03baf648b4fec7d4f,holdout,graph_size_density,0.951768747121,0.886175954090,1
pb01_case_87a784ca438f724a0f913d87,holdout,graph_size_density,0.951768747121,0.987591165132,1
pb01_case_482f108475ab0124e8c4e7c8,holdout,graph_size_density,0.951768747121,0.986129214786,1
pb01_case_9439156ff52ee312711c8f7d,holdout,graph_size_density,0.951768747121,0.997107813089,1
pb01_case_ce1833edab644155eeebfb0d,holdout,graph_size_density,0.951768747121,0.994189909674,1
pb01_case_9af03b0a741e69653513ef3f,holdout,graph_size_density,0.951768747121,0.887691239105,1
pb01_case_d912af3b5f96eef25c45b2ed,holdout,graph_size_density,0.951768747121,0.921370416397,1
pb01_case_29620fddb3c6e4fc1a5bc8f4,holdout,graph_size_density,0.951768747121,0.926940512230,1
pb01_case_b384f6f934da9a4083e3220c,holdout,graph_size_density,0.951768747121,0.870487165259,1
pb01_case_b194956cd498a26c090e1a4e,holdout,graph_size_density,0.951768747121,0.991438410889,1
pb01_case_79601ac0bfd0ed4ca5f06925,holdout,graph_size_density,0.951768747121,0.971352190509,1
pb01_case_ad7a7b1d8f06cf99fb94cca8,holdout,graph_size_density,0.951768747121,0.997976660179,1
pb01_case_5588dff112f8887d53342bb0,holdout,graph_size_density,0.951768747121,0.997115982196,1
pb01_case_a940ebc386b90156f02c515a,holdout,graph_size_density,0.951703707717,0.919316120852,1
pb01_case_108ea5a0add7b6e04c4a95a1,holdout,graph_size_density,0.951703707717,0.914800209908,1
pb01_case_bba21757532bb4e54c82c6df,holdout,graph_size_density,0.951703707717,0.931730554249,1
pb01_case_d62f15e3bb6690a82b9bbcb8,holdout,graph_size_density,0.951703707717,0.893714637046,1
pb01_case_5657beac498366791496dc74,holdout,graph_size_density,0.951703707717,0.988057425619,1
pb01_case_f4d2fa48fec30f3be6a357fa,holdout,graph_size_density,0.951703707717,0.979949622694,1
pb01_case_0420c42700f9cbf682de28df,holdout,graph_size_density,0.951703707717,0.997039686741,1
pb01_case_db8da7b9466ca785c2df0849,holdout,graph_size_density,0.951703707717,0.996657105127,1
pb01_case_57355a69b18b541065800542,holdout,graph_size_density,0.951703707717,0.901098741257,1
pb01_case_75dd4ef841c0073d389f7924,holdout,graph_size_density,0.951703707717,0.930330197808,1
pb01_case_4d0e0a192fcaf32158b9fea6,holdout,graph_size_density,0.951703707717,0.939248583374,1
pb01_case_52c5779563a6f771e369a085,holdout,graph_size_density,0.951703707717,0.897448166998,1
pb01_case_5e776b2fc3203166d46e0c65,holdout,graph_size_density,0.951703707717,0.985478642583,1
pb01_case_3e9e34618504923f44bdbc9d,holdout,graph_size_density,0.951703707717,0.980621510130,1
pb01_case_ed28481393b6fbf216cc2a4a,holdout,graph_size_density,0.951703707717,0.998298008271,1
pb01_case_322ea17d72a5bc49021cb8f8,holdout,graph_size_density,0.951703707717,0.997094861245,1
pb01_case_bf2de15bfdb7b0a44e92a28d,holdout,graph_size_density,0.951703707717,0.957638102751,1
pb01_case_51738a825eef6941d988506f,holdout,graph_size_density,0.951703707717,0.893102019754,1
pb01_case_891bacbbbf50a65b4e41b381,holdout,graph_size_density,0.951703707717,0.932368992053,1
pb01_case_4cf8dbef6fc0c2ac115a6640,holdout,graph_size_density,0.951703707717,0.883018726870,1
pb01_case_3aef1a87ea21227bc4ea6bdb,holdout,graph_size_density,0.951703707717,0.987137619357,1
pb01_case_5b9c26b5078671b68fb416c1,holdout,graph_size_density,0.951703707717,0.975614862162,1
pb01_case_9465e45ea662c341fa9208af,holdout,graph_size_density,0.951703707717,0.998157574980,1
pb01_case_bf732460a22142e4f09b9391,holdout,graph_size_density,0.951703707717,0.997396328633,1
pb01_case_fdc40a03707d87a4353ff3c9,holdout,graph_size_density,0.952942284190,0.938799659406,1
pb01_case_5794df6a8b4a0f3856bc0839,holdout,graph_size_density,0.952942284190,0.914563467162,1
pb01_case_4bef8cc597e349e0d7695637,holdout,graph_size_density,0.952942284190,0.932512359966,1
pb01_case_c96498f69d3857cd9c300c75,holdout,graph_size_density,0.952942284190,0.903119282464,1
pb01_case_d518e8ba619f2318cb643389,holdout,graph_size_density,0.952942284190,0.988577135992,1
pb01_case_ce848b9bd78914cc72ae5afc,holdout,graph_size_density,0.952942284190,0.964410269632,1
pb01_case_ba2940c2a9459f79fcea4819,holdout,graph_size_density,0.952942284190,0.999851129711,1
pb01_case_4a8930a14b2465bec0ac8bd1,holdout,graph_size_density,0.952942284190,0.999665498521,1
pb01_case_ca45238f9f4ae843eac8252b,holdout,graph_size_density,0.953437149219,0.944070319335,1
pb01_case_7146e4aea0f25595d8a99709,holdout,graph_size_density,0.953437149219,0.878592799988,1
pb01_case_50b96bc0704ab0e440859ee4,holdout,graph_size_density,0.953437149219,0.941498384998,1
pb01_case_90829e364fd239c4c4f69c4d,holdout,graph_size_density,0.953437149219,0.895416445339,1
pb01_case_bd9b8dc67c6d9fe20bb1f429,holdout,graph_size_density,0.953437149219,0.987419437321,1
pb01_case_04d78ea974572cc928efaa44,holdout,graph_size_density,0.953437149219,0.977757324543,1
pb01_case_85cd43e021f448373bf7af43,holdout,graph_size_density,0.953437149219,0.999975072252,1
pb01_case_3500f34241231d978986a4fc,holdout,graph_size_density,0.953437149219,0.999961659234,1
pb01_case_4f7232749a0a4c60164665bc,holdout,graph_size_density,0.952730199178,0.917508132477,1
pb01_case_50ea036f38632263aa7ddbe1,holdout,graph_size_density,0.952730199178,0.886627594042,1
pb01_case_fdea8f80b16523c6b37b8024,holdout,graph_size_density,0.952730199178,0.928881069363,1
pb01_case_cc558d976b80ba7176413249,holdout,graph_size_density,0.952730199178,0.875675370771,1
pb01_case_430b5500c60b01ea9cb691e3,holdout,graph_size_density,0.952730199178,0.989361357719,1
pb01_case_43993c239c034130ada4d0ff,holdout,graph_size_density,0.952730199178,0.975089715863,1
pb01_case_523cf81cba9ca2ec2cd39cec,holdout,graph_size_density,0.952730199178,0.999831171055,1
pb01_case_04e4f704365bdd4195c6e105,holdout,graph_size_density,0.952730199178,0.999789561158,1
pb01_case_92c8fe282077e6f9ebb22a1c,holdout,graph_size_density,0.954426879277,0.950097998931,1
pb01_case_3f32ef0e36b820883ef7afe7,holdout,graph_size_density,0.954426879277,0.913415720097,1
pb01_case_333ea448640b66e26e8b6d6e,holdout,graph_size_density,0.954426879277,0.925374684477,1
pb01_case_fea96e6c456a1e17d129f599,holdout,graph_size_density,0.954426879277,0.904331835059,1
pb01_case_e4aabf90353471ce73e2d01b,holdout,graph_size_density,0.954426879277,0.985730249702,1
pb01_case_7a0eed2f2e76814780f61ba0,holdout,graph_size_density,0.954426879277,0.979787705290,1
pb01_case_017d8729c4a6c4c597ecd931,holdout,graph_size_density,0.954426879277,0.999994913828,1
pb01_case_2b16fe810eb9b76826aea824,holdout,graph_size_density,0.954426879277,0.999996354775,1
pb01_case_ecd2488638f5491623e8249a,holdout,graph_size_density,0.953225064207,0.933814496904,1
pb01_case_3b7933db9eefb76e91466e3e,holdout,graph_size_density,0.953225064207,0.907211760928,1
pb01_case_fb3320cc5dfbc47596a1598c,holdout,graph_size_density,0.953225064207,0.928102995272,1
pb01_case_7a6b1fe479538b3bdcc90aca,holdout,graph_size_density,0.953225064207,0.898395706670,1
pb01_case_195ed0db4483d002c77f6052,holdout,graph_size_density,0.953225064207,0.986443110810,1
pb01_case_58292c8394d196f03d58a0ff,holdout,graph_size_density,0.953225064207,0.973358983732,1
pb01_case_0a646534cb4a0e9ef51497c6,holdout,graph_size_density,0.953225064207,0.999977327799,1
pb01_case_52783eb94f47cc03884af267,holdout,graph_size_density,0.953225064207,0.999983057517,1
pb01_case_3d5643c8dc1b0b569101d4dc,holdout,graph_size_density,0.952942284190,0.924452347678,1
pb01_case_176c7de3e2a72e8382ce9a59,holdout,graph_size_density,0.952942284190,0.888754202759,1
pb01_case_b7d1b82594682bfe2fbb7e73,holdout,graph_size_density,0.952942284190,0.921239685421,1
pb01_case_df739e05c8fa1c56b88b96d8,holdout,graph_size_density,0.952942284190,0.881040111984,1
pb01_case_cf6f14324b4d8499b04d426f,holdout,graph_size_density,0.952942284190,0.983730165636,1
pb01_case_1ca93f71237d3d3e6ba5fdca,holdout,graph_size_density,0.952942284190,0.978444439410,1
pb01_case_0c5effc868481d8b359f5eda,holdout,graph_size_density,0.952942284190,0.999978329654,1
pb01_case_2b3667036b64374b0f4f26e1,holdout,graph_size_density,0.952942284190,0.999952702803,1
pb01_case_cf094fe3f02b8dc7716c8059,holdout,haos_ablated_score,0.921816704866,0.914515951329,1
pb01_case_003744c78c67131bb77ed1de,holdout,haos_ablated_score,0.920004711317,0.910398546348,1
pb01_case_682de38cabfaf7c5f31801f0,holdout,haos_ablated_score,0.941586753852,0.930195606758,1
pb01_case_0dabbf23cf4843ee3546af2b,holdout,haos_ablated_score,0.914196172358,0.914641440163,1
pb01_case_0a38d475ae95ee7ca5c2ed1f,holdout,haos_ablated_score,0.981888248495,0.985327463939,1
pb01_case_ee6c36d4be8fb5c6d63ae2f5,holdout,haos_ablated_score,0.988876025413,0.975593542870,1
pb01_case_05f76bdc7eb294737f99711b,holdout,haos_ablated_score,1.000000000000,0.990103174580,1
pb01_case_9e0e7d0f1994757072aaf765,holdout,haos_ablated_score,0.998758596135,0.978538281951,1
pb01_case_29c5dcc34dd0777623e8d17c,holdout,haos_ablated_score,0.933153079508,0.978926660620,1
pb01_case_12c492512bd67b63d47f919c,holdout,haos_ablated_score,0.917808933699,0.894302188024,1
pb01_case_0ee1a021387cb016201f4896,holdout,haos_ablated_score,0.954976306030,0.934393933484,1
pb01_case_bd70165edb28d1da4f700dc5,holdout,haos_ablated_score,0.922777654659,0.906416951255,1
pb01_case_f32d86366677d860a98f5ea6,holdout,haos_ablated_score,0.986198745155,0.985800099005,1
pb01_case_51360afe5018e10844d133df,holdout,haos_ablated_score,0.984744966509,0.974659752964,1
pb01_case_0cf671353c673332db095045,holdout,haos_ablated_score,0.989268533135,0.993784949749,1
pb01_case_b6ee63276617a86345c67221,holdout,haos_ablated_score,0.989205662393,0.993309304551,1
pb01_case_ad5afd90b605370b464fe2d3,holdout,haos_ablated_score,0.915366418092,0.912365352163,1
pb01_case_8cce5521b1ec48d199006d7f,holdout,haos_ablated_score,0.918796258421,0.907934971580,1
pb01_case_3119fdecc3f0f93388686eb5,holdout,haos_ablated_score,0.938409181989,0.921464712808,1
pb01_case_5a0a0fe358a42847ba164c55,holdout,haos_ablated_score,0.913414280190,0.902965329581,1
pb01_case_a4b3ab7835cb084fd30455ff,holdout,haos_ablated_score,0.984068456173,0.986183564332,1
pb01_case_630ea011f408ab230379793c,holdout,haos_ablated_score,0.978471624880,0.977130018890,1
pb01_case_06d98152d28faa38eea1eba5,holdout,haos_ablated_score,0.995135996229,0.992537910860,1
pb01_case_e892f0f2b65e98342a32ab13,holdout,haos_ablated_score,0.990335934995,0.988839697092,1
pb01_case_2fe2695e5065c7a87c319e3a,holdout,haos_ablated_score,0.914274717948,0.892109661181,1
pb01_case_3679101f5ab291362854f45a,holdout,haos_ablated_score,0.909227430275,0.902476759417,1
pb01_case_241ef78e9dee8645d6d2976e,holdout,haos_ablated_score,0.942643378119,0.925861912100,1
pb01_case_83bd472dc950af39ceeeaa1e,holdout,haos_ablated_score,0.935040581324,0.890951164772,1
pb01_case_b9f2f4d2f03afb31c4536e6d,holdout,haos_ablated_score,0.987799777608,0.984251497153,1
pb01_case_1e4c2062d34a2e0b0a5955a3,holdout,haos_ablated_score,0.992221110152,0.984731923041,1
pb01_case_04d2eb640a492d085bf809c0,holdout,haos_ablated_score,0.995021084353,0.991440599969,1
pb01_case_faca2d6e86af304735b260b2,holdout,haos_ablated_score,0.986041498442,0.992181043993,1
pb01_case_8e56e98a1587c0e1ed82c9e0,holdout,haos_ablated_score,0.923555129177,0.935327011814,1
pb01_case_0aa017e38055145ac052649d,holdout,haos_ablated_score,0.917272448065,0.941816616013,1
pb01_case_58de1a6536a6d4279b7afcc8,holdout,haos_ablated_score,0.934702807936,0.933561790367,1
pb01_case_24badfa2e32d46bacc662ecf,holdout,haos_ablated_score,0.930196131811,0.912800842480,1
pb01_case_98b66fc22d576da6dc73e8ee,holdout,haos_ablated_score,0.987924249653,0.990123482476,1
pb01_case_121ba8e9bca20baba1414852,holdout,haos_ablated_score,0.984095810508,0.976564646321,1
pb01_case_574390b1b426dd08d36c56ac,holdout,haos_ablated_score,0.998592668565,0.991303139254,1
pb01_case_d04f5e3315d64d8ec84e1e18,holdout,haos_ablated_score,0.990160151151,0.991625660049,1
pb01_case_7915676508d2f68964d00853,holdout,haos_ablated_score,0.926767643819,0.931857970947,1
pb01_case_09e11c1dd87912d5c7112d5b,holdout,haos_ablated_score,0.907409991338,0.905686234066,1
pb01_case_800a709a45e881b1cd3a5564,holdout,haos_ablated_score,0.936973506412,0.946945945906,1
pb01_case_5f3fbe643f187bc32935aa87,holdout,haos_ablated_score,0.888959524073,0.888557859236,1
pb01_case_bcb7375e84f63f9ac6d2f3d6,holdout,haos_ablated_score,0.989798426096,0.985129433180,1
pb01_case_a754595c21d8d40eb59afa6c,holdout,haos_ablated_score,0.992710329291,0.975029733457,1
pb01_case_bbd482ac81e622ce5a0e1921,holdout,haos_ablated_score,0.992488568336,0.993110433357,1
pb01_case_f15f542a3d8a60cc8e149249,holdout,haos_ablated_score,0.981776525978,0.995597147844,1
pb01_case_036e0eb7c9ffea666bcf0051,holdout,haos_ablated_score,0.913331492474,0.900449239274,1
pb01_case_7d88041de94c13536bfd9a5e,holdout,haos_ablated_score,0.939294439724,0.943417934833,1
pb01_case_d0c0a111bba2116cea22049c,holdout,haos_ablated_score,0.905293034635,0.915636201108,1
pb01_case_f99ad8fc261f2c7baf3c3a06,holdout,haos_ablated_score,0.869492201828,0.915169996554,1
pb01_case_0fac784ae26c48fd452168e9,holdout,haos_ablated_score,0.994484420991,0.985363561498,1
pb01_case_3dfc02b82896ae2b2289cae1,holdout,haos_ablated_score,0.985171201601,0.968444667326,1
pb01_case_2a5d457d7dea2c78c49b5d5c,holdout,haos_ablated_score,0.998696229289,0.998660110983,1
pb01_case_557f83a5e445882e6b5b73b6,holdout,haos_ablated_score,0.984638572598,0.997569544711,1
pb01_case_4e094ca8989f1ca3aa76d281,holdout,haos_ablated_score,0.937336244781,0.933925340724,1
pb01_case_4a759622ea529983b8569aac,holdout,haos_ablated_score,0.931372276324,0.934035185288,1
pb01_case_c81819a3122c373eb230d386,holdout,haos_ablated_score,0.891706805177,0.885758291921,1
pb01_case_245672b03baf648b4fec7d4f,holdout,haos_ablated_score,0.884108575166,0.886175954090,1
pb01_case_87a784ca438f724a0f913d87,holdout,haos_ablated_score,0.997777011333,0.987591165132,1
pb01_case_482f108475ab0124e8c4e7c8,holdout,haos_ablated_score,0.998062975245,0.986129214786,1
pb01_case_9439156ff52ee312711c8f7d,holdout,haos_ablated_score,1.000000000000,0.997107813089,1
pb01_case_ce1833edab644155eeebfb0d,holdout,haos_ablated_score,0.996409679984,0.994189909674,1
pb01_case_9af03b0a741e69653513ef3f,holdout,haos_ablated_score,0.914547375488,0.887691239105,1
pb01_case_d912af3b5f96eef25c45b2ed,holdout,haos_ablated_score,0.924812966861,0.921370416397,1
pb01_case_29620fddb3c6e4fc1a5bc8f4,holdout,haos_ablated_score,0.898256911702,0.926940512230,1
pb01_case_b384f6f934da9a4083e3220c,holdout,haos_ablated_score,0.881905610330,0.870487165259,1
pb01_case_b194956cd498a26c090e1a4e,holdout,haos_ablated_score,1.000000000000,0.991438410889,1
pb01_case_79601ac0bfd0ed4ca5f06925,holdout,haos_ablated_score,0.984382814644,0.971352190509,1
pb01_case_ad7a7b1d8f06cf99fb94cca8,holdout,haos_ablated_score,1.000000000000,0.997976660179,1
pb01_case_5588dff112f8887d53342bb0,holdout,haos_ablated_score,0.996477089693,0.997115982196,1
pb01_case_a940ebc386b90156f02c515a,holdout,haos_ablated_score,0.921938890990,0.919316120852,1
pb01_case_108ea5a0add7b6e04c4a95a1,holdout,haos_ablated_score,0.918977685205,0.914800209908,1
pb01_case_bba21757532bb4e54c82c6df,holdout,haos_ablated_score,0.914580005339,0.931730554249,1
pb01_case_d62f15e3bb6690a82b9bbcb8,holdout,haos_ablated_score,0.906100195571,0.893714637046,1
pb01_case_5657beac498366791496dc74,holdout,haos_ablated_score,1.000000000000,0.988057425619,1
pb01_case_f4d2fa48fec30f3be6a357fa,holdout,haos_ablated_score,0.994823978680,0.979949622694,1
pb01_case_0420c42700f9cbf682de28df,holdout,haos_ablated_score,1.000000000000,0.997039686741,1
pb01_case_db8da7b9466ca785c2df0849,holdout,haos_ablated_score,0.991506498048,0.996657105127,1
pb01_case_57355a69b18b541065800542,holdout,haos_ablated_score,0.914772305794,0.901098741257,1
pb01_case_75dd4ef841c0073d389f7924,holdout,haos_ablated_score,0.931105664985,0.930330197808,1
pb01_case_4d0e0a192fcaf32158b9fea6,holdout,haos_ablated_score,0.925979565974,0.939248583374,1
pb01_case_52c5779563a6f771e369a085,holdout,haos_ablated_score,0.871092077113,0.897448166998,1
pb01_case_5e776b2fc3203166d46e0c65,holdout,haos_ablated_score,0.989422055985,0.985478642583,1
pb01_case_3e9e34618504923f44bdbc9d,holdout,haos_ablated_score,0.992104035251,0.980621510130,1
pb01_case_ed28481393b6fbf216cc2a4a,holdout,haos_ablated_score,0.998989711844,0.998298008271,1
pb01_case_322ea17d72a5bc49021cb8f8,holdout,haos_ablated_score,0.990118942083,0.997094861245,1
pb01_case_bf2de15bfdb7b0a44e92a28d,holdout,haos_ablated_score,0.925693173723,0.957638102751,1
pb01_case_51738a825eef6941d988506f,holdout,haos_ablated_score,0.920637759758,0.893102019754,1
pb01_case_891bacbbbf50a65b4e41b381,holdout,haos_ablated_score,0.913639232152,0.932368992053,1
pb01_case_4cf8dbef6fc0c2ac115a6640,holdout,haos_ablated_score,0.885056833966,0.883018726870,1
pb01_case_3aef1a87ea21227bc4ea6bdb,holdout,haos_ablated_score,0.992503586602,0.987137619357,1
pb01_case_5b9c26b5078671b68fb416c1,holdout,haos_ablated_score,0.987910906963,0.975614862162,1
pb01_case_9465e45ea662c341fa9208af,holdout,haos_ablated_score,0.999520818870,0.998157574980,1
pb01_case_bf732460a22142e4f09b9391,holdout,haos_ablated_score,0.998378066237,0.997396328633,1
pb01_case_fdc40a03707d87a4353ff3c9,holdout,haos_ablated_score,0.923542370446,0.938799659406,1
pb01_case_5794df6a8b4a0f3856bc0839,holdout,haos_ablated_score,0.912853419368,0.914563467162,1
pb01_case_4bef8cc597e349e0d7695637,holdout,haos_ablated_score,0.941094232669,0.932512359966,1
pb01_case_c96498f69d3857cd9c300c75,holdout,haos_ablated_score,0.902060822840,0.903119282464,1
pb01_case_d518e8ba619f2318cb643389,holdout,haos_ablated_score,0.986081500118,0.988577135992,1
pb01_case_ce848b9bd78914cc72ae5afc,holdout,haos_ablated_score,0.985002724051,0.964410269632,1
pb01_case_ba2940c2a9459f79fcea4819,holdout,haos_ablated_score,0.992774778075,0.999851129711,1
pb01_case_4a8930a14b2465bec0ac8bd1,holdout,haos_ablated_score,0.985240403442,0.999665498521,1
pb01_case_ca45238f9f4ae843eac8252b,holdout,haos_ablated_score,0.914795240554,0.944070319335,1
pb01_case_7146e4aea0f25595d8a99709,holdout,haos_ablated_score,0.909916553498,0.878592799988,1
pb01_case_50b96bc0704ab0e440859ee4,holdout,haos_ablated_score,0.944196876888,0.941498384998,1
pb01_case_90829e364fd239c4c4f69c4d,holdout,haos_ablated_score,0.902387861028,0.895416445339,1
pb01_case_bd9b8dc67c6d9fe20bb1f429,holdout,haos_ablated_score,0.986120882075,0.987419437321,1
pb01_case_04d78ea974572cc928efaa44,holdout,haos_ablated_score,0.984112572247,0.977757324543,1
pb01_case_85cd43e021f448373bf7af43,holdout,haos_ablated_score,0.986575351629,0.999975072252,1
pb01_case_3500f34241231d978986a4fc,holdout,haos_ablated_score,0.985882170738,0.999961659234,1
pb01_case_4f7232749a0a4c60164665bc,holdout,haos_ablated_score,0.917166155802,0.917508132477,1
pb01_case_50ea036f38632263aa7ddbe1,holdout,haos_ablated_score,0.912983489642,0.886627594042,1
pb01_case_fdea8f80b16523c6b37b8024,holdout,haos_ablated_score,0.929689129660,0.928881069363,1
pb01_case_cc558d976b80ba7176413249,holdout,haos_ablated_score,0.900439288719,0.875675370771,1
pb01_case_430b5500c60b01ea9cb691e3,holdout,haos_ablated_score,0.992383084283,0.989361357719,1
pb01_case_43993c239c034130ada4d0ff,holdout,haos_ablated_score,0.984195174047,0.975089715863,1
pb01_case_523cf81cba9ca2ec2cd39cec,holdout,haos_ablated_score,0.993412225445,0.999831171055,1
pb01_case_04e4f704365bdd4195c6e105,holdout,haos_ablated_score,0.985512150235,0.999789561158,1
pb01_case_92c8fe282077e6f9ebb22a1c,holdout,haos_ablated_score,0.916898340763,0.950097998931,1
pb01_case_3f32ef0e36b820883ef7afe7,holdout,haos_ablated_score,0.907425756845,0.913415720097,1
pb01_case_333ea448640b66e26e8b6d6e,holdout,haos_ablated_score,0.924823921564,0.925374684477,1
pb01_case_fea96e6c456a1e17d129f599,holdout,haos_ablated_score,0.916410827180,0.904331835059,1
pb01_case_e4aabf90353471ce73e2d01b,holdout,haos_ablated_score,0.985566611681,0.985730249702,1
pb01_case_7a0eed2f2e76814780f61ba0,holdout,haos_ablated_score,0.986534983600,0.979787705290,1
pb01_case_017d8729c4a6c4c597ecd931,holdout,haos_ablated_score,0.989015778156,0.999994913828,1
pb01_case_2b16fe810eb9b76826aea824,holdout,haos_ablated_score,0.985089512957,0.999996354775,1
pb01_case_ecd2488638f5491623e8249a,holdout,haos_ablated_score,0.920663693599,0.933814496904,1
pb01_case_3b7933db9eefb76e91466e3e,holdout,haos_ablated_score,0.914221943462,0.907211760928,1
pb01_case_fb3320cc5dfbc47596a1598c,holdout,haos_ablated_score,0.929561069244,0.928102995272,1
pb01_case_7a6b1fe479538b3bdcc90aca,holdout,haos_ablated_score,0.903753161534,0.898395706670,1
pb01_case_195ed0db4483d002c77f6052,holdout,haos_ablated_score,0.988197735849,0.986443110810,1
pb01_case_58292c8394d196f03d58a0ff,holdout,haos_ablated_score,0.987713572188,0.973358983732,1
pb01_case_0a646534cb4a0e9ef51497c6,holdout,haos_ablated_score,0.992377967870,0.999977327799,1
pb01_case_52783eb94f47cc03884af267,holdout,haos_ablated_score,0.987044884640,0.999983057517,1
pb01_case_3d5643c8dc1b0b569101d4dc,holdout,haos_ablated_score,0.921135791696,0.924452347678,1
pb01_case_176c7de3e2a72e8382ce9a59,holdout,haos_ablated_score,0.906735758741,0.888754202759,1
pb01_case_b7d1b82594682bfe2fbb7e73,holdout,haos_ablated_score,0.926222428026,0.921239685421,1
pb01_case_df739e05c8fa1c56b88b96d8,holdout,haos_ablated_score,0.890377352543,0.881040111984,1
pb01_case_cf6f14324b4d8499b04d426f,holdout,haos_ablated_score,0.984251917895,0.983730165636,1
pb01_case_1ca93f71237d3d3e6ba5fdca,holdout,haos_ablated_score,0.984970927326,0.978444439410,1
pb01_case_0c5effc868481d8b359f5eda,holdout,haos_ablated_score,0.988042863353,0.999978329654,1
pb01_case_2b3667036b64374b0f4f26e1,holdout,haos_ablated_score,0.990502680780,0.999952702803,1
pb01_case_cf094fe3f02b8dc7716c8059,holdout,haos_calibrated_recovery_score,0.914816781821,0.914515951329,1
pb01_case_003744c78c67131bb77ed1de,holdout,haos_calibrated_recovery_score,0.923407917691,0.910398546348,1
pb01_case_682de38cabfaf7c5f31801f0,holdout,haos_calibrated_recovery_score,0.940166263747,0.930195606758,1
pb01_case_0dabbf23cf4843ee3546af2b,holdout,haos_calibrated_recovery_score,0.916275757946,0.914641440163,1
pb01_case_0a38d475ae95ee7ca5c2ed1f,holdout,haos_calibrated_recovery_score,0.988369736562,0.985327463939,1
pb01_case_ee6c36d4be8fb5c6d63ae2f5,holdout,haos_calibrated_recovery_score,0.989707311961,0.975593542870,1
pb01_case_05f76bdc7eb294737f99711b,holdout,haos_calibrated_recovery_score,0.996462832344,0.990103174580,1
pb01_case_9e0e7d0f1994757072aaf765,holdout,haos_calibrated_recovery_score,0.985594322519,0.978538281951,1
pb01_case_29c5dcc34dd0777623e8d17c,holdout,haos_calibrated_recovery_score,0.971185106361,0.978926660620,1
pb01_case_12c492512bd67b63d47f919c,holdout,haos_calibrated_recovery_score,0.904693044689,0.894302188024,1
pb01_case_0ee1a021387cb016201f4896,holdout,haos_calibrated_recovery_score,0.939171815768,0.934393933484,1
pb01_case_bd70165edb28d1da4f700dc5,holdout,haos_calibrated_recovery_score,0.912906282118,0.906416951255,1
pb01_case_f32d86366677d860a98f5ea6,holdout,haos_calibrated_recovery_score,0.980534836065,0.985800099005,1
pb01_case_51360afe5018e10844d133df,holdout,haos_calibrated_recovery_score,0.975324072619,0.974659752964,1
pb01_case_0cf671353c673332db095045,holdout,haos_calibrated_recovery_score,0.983071786147,0.993784949749,1
pb01_case_b6ee63276617a86345c67221,holdout,haos_calibrated_recovery_score,0.987495205130,0.993309304551,1
pb01_case_ad5afd90b605370b464fe2d3,holdout,haos_calibrated_recovery_score,0.923220830298,0.912365352163,1
pb01_case_8cce5521b1ec48d199006d7f,holdout,haos_calibrated_recovery_score,0.915960328929,0.907934971580,1
pb01_case_3119fdecc3f0f93388686eb5,holdout,haos_calibrated_recovery_score,0.920716111188,0.921464712808,1
pb01_case_5a0a0fe358a42847ba164c55,holdout,haos_calibrated_recovery_score,0.912535873564,0.902965329581,1
pb01_case_a4b3ab7835cb084fd30455ff,holdout,haos_calibrated_recovery_score,0.983009994948,0.986183564332,1
pb01_case_630ea011f408ab230379793c,holdout,haos_calibrated_recovery_score,0.972898251510,0.977130018890,1
pb01_case_06d98152d28faa38eea1eba5,holdout,haos_calibrated_recovery_score,0.983225761862,0.992537910860,1
pb01_case_e892f0f2b65e98342a32ab13,holdout,haos_calibrated_recovery_score,0.994370733967,0.988839697092,1
pb01_case_2fe2695e5065c7a87c319e3a,holdout,haos_calibrated_recovery_score,0.900868032308,0.892109661181,1
pb01_case_3679101f5ab291362854f45a,holdout,haos_calibrated_recovery_score,0.912033593685,0.902476759417,1
pb01_case_241ef78e9dee8645d6d2976e,holdout,haos_calibrated_recovery_score,0.934226488977,0.925861912100,1
pb01_case_83bd472dc950af39ceeeaa1e,holdout,haos_calibrated_recovery_score,0.915524266940,0.890951164772,1
pb01_case_b9f2f4d2f03afb31c4536e6d,holdout,haos_calibrated_recovery_score,0.983101767219,0.984251497153,1
pb01_case_1e4c2062d34a2e0b0a5955a3,holdout,haos_calibrated_recovery_score,0.988098473932,0.984731923041,1
pb01_case_04d2eb640a492d085bf809c0,holdout,haos_calibrated_recovery_score,0.985560784806,0.991440599969,1
pb01_case_faca2d6e86af304735b260b2,holdout,haos_calibrated_recovery_score,0.970480795069,0.992181043993,1
pb01_case_8e56e98a1587c0e1ed82c9e0,holdout,haos_calibrated_recovery_score,0.925687357325,0.935327011814,1
pb01_case_0aa017e38055145ac052649d,holdout,haos_calibrated_recovery_score,0.928740332188,0.941816616013,1
pb01_case_58de1a6536a6d4279b7afcc8,holdout,haos_calibrated_recovery_score,0.938633457703,0.933561790367,1
pb01_case_24badfa2e32d46bacc662ecf,holdout,haos_calibrated_recovery_score,0.918910650367,0.912800842480,1
pb01_case_98b66fc22d576da6dc73e8ee,holdout,haos_calibrated_recovery_score,0.987662031979,0.990123482476,1
pb01_case_121ba8e9bca20baba1414852,holdout,haos_calibrated_recovery_score,0.979402877206,0.976564646321,1
pb01_case_574390b1b426dd08d36c56ac,holdout,haos_calibrated_recovery_score,0.981201226764,0.991303139254,1
pb01_case_d04f5e3315d64d8ec84e1e18,holdout,haos_calibrated_recovery_score,1.000000000000,0.991625660049,1
pb01_case_7915676508d2f68964d00853,holdout,haos_calibrated_recovery_score,0.934476084120,0.931857970947,1
pb01_case_09e11c1dd87912d5c7112d5b,holdout,haos_calibrated_recovery_score,0.909043962569,0.905686234066,1
pb01_case_800a709a45e881b1cd3a5564,holdout,haos_calibrated_recovery_score,0.940748636011,0.946945945906,1
pb01_case_5f3fbe643f187bc32935aa87,holdout,haos_calibrated_recovery_score,0.882187205821,0.888557859236,1
pb01_case_bcb7375e84f63f9ac6d2f3d6,holdout,haos_calibrated_recovery_score,0.981735720864,0.985129433180,1
pb01_case_a754595c21d8d40eb59afa6c,holdout,haos_calibrated_recovery_score,0.981568394224,0.975029733457,1
pb01_case_bbd482ac81e622ce5a0e1921,holdout,haos_calibrated_recovery_score,0.990930043510,0.993110433357,1
pb01_case_f15f542a3d8a60cc8e149249,holdout,haos_calibrated_recovery_score,0.998270806721,0.995597147844,1
pb01_case_036e0eb7c9ffea666bcf0051,holdout,haos_calibrated_recovery_score,0.910185290325,0.900449239274,1
pb01_case_7d88041de94c13536bfd9a5e,holdout,haos_calibrated_recovery_score,0.956260918591,0.943417934833,1
pb01_case_d0c0a111bba2116cea22049c,holdout,haos_calibrated_recovery_score,0.911696718500,0.915636201108,1
pb01_case_f99ad8fc261f2c7baf3c3a06,holdout,haos_calibrated_recovery_score,0.888935419959,0.915169996554,1
pb01_case_0fac784ae26c48fd452168e9,holdout,haos_calibrated_recovery_score,0.996133491471,0.985363561498,1
pb01_case_3dfc02b82896ae2b2289cae1,holdout,haos_calibrated_recovery_score,0.981183870052,0.968444667326,1
pb01_case_2a5d457d7dea2c78c49b5d5c,holdout,haos_calibrated_recovery_score,0.994535664989,0.998660110983,1
pb01_case_557f83a5e445882e6b5b73b6,holdout,haos_calibrated_recovery_score,0.983143722783,0.997569544711,1
pb01_case_4e094ca8989f1ca3aa76d281,holdout,haos_calibrated_recovery_score,0.938380945464,0.933925340724,1
pb01_case_4a759622ea529983b8569aac,holdout,haos_calibrated_recovery_score,0.946975929086,0.934035185288,1
pb01_case_c81819a3122c373eb230d386,holdout,haos_calibrated_recovery_score,0.873573616660,0.885758291921,1
pb01_case_245672b03baf648b4fec7d4f,holdout,haos_calibrated_recovery_score,0.884562991550,0.886175954090,1
pb01_case_87a784ca438f724a0f913d87,holdout,haos_calibrated_recovery_score,0.989076045574,0.987591165132,1
pb01_case_482f108475ab0124e8c4e7c8,holdout,haos_calibrated_recovery_score,0.987773962037,0.986129214786,1
pb01_case_9439156ff52ee312711c8f7d,holdout,haos_calibrated_recovery_score,0.988818283775,0.997107813089,1
pb01_case_ce1833edab644155eeebfb0d,holdout,haos_calibrated_recovery_score,0.980255678520,0.994189909674,1
pb01_case_9af03b0a741e69653513ef3f,holdout,haos_calibrated_recovery_score,0.891380768859,0.887691239105,1
pb01_case_d912af3b5f96eef25c45b2ed,holdout,haos_calibrated_recovery_score,0.927919702405,0.921370416397,1
pb01_case_29620fddb3c6e4fc1a5bc8f4,holdout,haos_calibrated_recovery_score,0.912357301273,0.926940512230,1
pb01_case_b384f6f934da9a4083e3220c,holdout,haos_calibrated_recovery_score,0.866933636458,0.870487165259,1
pb01_case_b194956cd498a26c090e1a4e,holdout,haos_calibrated_recovery_score,1.000000000000,0.991438410889,1
pb01_case_79601ac0bfd0ed4ca5f06925,holdout,haos_calibrated_recovery_score,0.980084213425,0.971352190509,1
pb01_case_ad7a7b1d8f06cf99fb94cca8,holdout,haos_calibrated_recovery_score,1.000000000000,0.997976660179,1
pb01_case_5588dff112f8887d53342bb0,holdout,haos_calibrated_recovery_score,0.994437347243,0.997115982196,1
pb01_case_a940ebc386b90156f02c515a,holdout,haos_calibrated_recovery_score,0.929054869056,0.919316120852,1
pb01_case_108ea5a0add7b6e04c4a95a1,holdout,haos_calibrated_recovery_score,0.913789873361,0.914800209908,1
pb01_case_bba21757532bb4e54c82c6df,holdout,haos_calibrated_recovery_score,0.918854839432,0.931730554249,1
pb01_case_d62f15e3bb6690a82b9bbcb8,holdout,haos_calibrated_recovery_score,0.895006329076,0.893714637046,1
pb01_case_5657beac498366791496dc74,holdout,haos_calibrated_recovery_score,0.994580317763,0.988057425619,1
pb01_case_f4d2fa48fec30f3be6a357fa,holdout,haos_calibrated_recovery_score,0.986006394213,0.979949622694,1
pb01_case_0420c42700f9cbf682de28df,holdout,haos_calibrated_recovery_score,0.999533644438,0.997039686741,1
pb01_case_db8da7b9466ca785c2df0849,holdout,haos_calibrated_recovery_score,0.979301083922,0.996657105127,1
pb01_case_57355a69b18b541065800542,holdout,haos_calibrated_recovery_score,0.912782702230,0.901098741257,1
pb01_case_75dd4ef841c0073d389f7924,holdout,haos_calibrated_recovery_score,0.927837939117,0.930330197808,1
pb01_case_4d0e0a192fcaf32158b9fea6,holdout,haos_calibrated_recovery_score,0.928950752358,0.939248583374,1
pb01_case_52c5779563a6f771e369a085,holdout,haos_calibrated_recovery_score,0.874964166183,0.897448166998,1
pb01_case_5e776b2fc3203166d46e0c65,holdout,haos_calibrated_recovery_score,0.978359887322,0.985478642583,1
pb01_case_3e9e34618504923f44bdbc9d,holdout,haos_calibrated_recovery_score,0.979611262981,0.980621510130,1
pb01_case_ed28481393b6fbf216cc2a4a,holdout,haos_calibrated_recovery_score,0.976508445291,0.998298008271,1
pb01_case_322ea17d72a5bc49021cb8f8,holdout,haos_calibrated_recovery_score,0.982987601373,0.997094861245,1
pb01_case_bf2de15bfdb7b0a44e92a28d,holdout,haos_calibrated_recovery_score,0.946061724742,0.957638102751,1
pb01_case_51738a825eef6941d988506f,holdout,haos_calibrated_recovery_score,0.916106186052,0.893102019754,1
pb01_case_891bacbbbf50a65b4e41b381,holdout,haos_calibrated_recovery_score,0.921645887121,0.932368992053,1
pb01_case_4cf8dbef6fc0c2ac115a6640,holdout,haos_calibrated_recovery_score,0.874181554095,0.883018726870,1
pb01_case_3aef1a87ea21227bc4ea6bdb,holdout,haos_calibrated_recovery_score,0.982731168779,0.987137619357,1
pb01_case_5b9c26b5078671b68fb416c1,holdout,haos_calibrated_recovery_score,0.976244043579,0.975614862162,1
pb01_case_9465e45ea662c341fa9208af,holdout,haos_calibrated_recovery_score,0.989243174940,0.998157574980,1
pb01_case_bf732460a22142e4f09b9391,holdout,haos_calibrated_recovery_score,0.985319201168,0.997396328633,1
pb01_case_fdc40a03707d87a4353ff3c9,holdout,haos_calibrated_recovery_score,0.932189641586,0.938799659406,1
pb01_case_5794df6a8b4a0f3856bc0839,holdout,haos_calibrated_recovery_score,0.917409626915,0.914563467162,1
pb01_case_4bef8cc597e349e0d7695637,holdout,haos_calibrated_recovery_score,0.939547239645,0.932512359966,1
pb01_case_c96498f69d3857cd9c300c75,holdout,haos_calibrated_recovery_score,0.893741241321,0.903119282464,1
pb01_case_d518e8ba619f2318cb643389,holdout,haos_calibrated_recovery_score,0.991009912269,0.988577135992,1
pb01_case_ce848b9bd78914cc72ae5afc,holdout,haos_calibrated_recovery_score,0.983645213126,0.964410269632,1
pb01_case_ba2940c2a9459f79fcea4819,holdout,haos_calibrated_recovery_score,0.996406515095,0.999851129711,1
pb01_case_4a8930a14b2465bec0ac8bd1,holdout,haos_calibrated_recovery_score,0.993604241022,0.999665498521,1
pb01_case_ca45238f9f4ae843eac8252b,holdout,haos_calibrated_recovery_score,0.941765329934,0.944070319335,1
pb01_case_7146e4aea0f25595d8a99709,holdout,haos_calibrated_recovery_score,0.891686882631,0.878592799988,1
pb01_case_50b96bc0704ab0e440859ee4,holdout,haos_calibrated_recovery_score,0.938707678643,0.941498384998,1
pb01_case_90829e364fd239c4c4f69c4d,holdout,haos_calibrated_recovery_score,0.894170077805,0.895416445339,1
pb01_case_bd9b8dc67c6d9fe20bb1f429,holdout,haos_calibrated_recovery_score,0.981494731864,0.987419437321,1
pb01_case_04d78ea974572cc928efaa44,holdout,haos_calibrated_recovery_score,0.977268329415,0.977757324543,1
pb01_case_85cd43e021f448373bf7af43,holdout,haos_calibrated_recovery_score,0.979528020663,0.999975072252,1
pb01_case_3500f34241231d978986a4fc,holdout,haos_calibrated_recovery_score,0.992476470558,0.999961659234,1
pb01_case_4f7232749a0a4c60164665bc,holdout,haos_calibrated_recovery_score,0.925384774372,0.917508132477,1
pb01_case_50ea036f38632263aa7ddbe1,holdout,haos_calibrated_recovery_score,0.900433006936,0.886627594042,1
pb01_case_fdea8f80b16523c6b37b8024,holdout,haos_calibrated_recovery_score,0.921423100989,0.928881069363,1
pb01_case_cc558d976b80ba7176413249,holdout,haos_calibrated_recovery_score,0.885892466947,0.875675370771,1
pb01_case_430b5500c60b01ea9cb691e3,holdout,haos_calibrated_recovery_score,0.991328873573,0.989361357719,1
pb01_case_43993c239c034130ada4d0ff,holdout,haos_calibrated_recovery_score,0.978866967601,0.975089715863,1
pb01_case_523cf81cba9ca2ec2cd39cec,holdout,haos_calibrated_recovery_score,0.985665741013,0.999831171055,1
pb01_case_04e4f704365bdd4195c6e105,holdout,haos_calibrated_recovery_score,0.979064376908,0.999789561158,1
pb01_case_92c8fe282077e6f9ebb22a1c,holdout,haos_calibrated_recovery_score,0.930623887468,0.950097998931,1
pb01_case_3f32ef0e36b820883ef7afe7,holdout,haos_calibrated_recovery_score,0.916810002723,0.913415720097,1
pb01_case_333ea448640b66e26e8b6d6e,holdout,haos_calibrated_recovery_score,0.924807786905,0.925374684477,1
pb01_case_fea96e6c456a1e17d129f599,holdout,haos_calibrated_recovery_score,0.904755036501,0.904331835059,1
pb01_case_e4aabf90353471ce73e2d01b,holdout,haos_calibrated_recovery_score,0.979450877001,0.985730249702,1
pb01_case_7a0eed2f2e76814780f61ba0,holdout,haos_calibrated_recovery_score,0.980169649452,0.979787705290,1
pb01_case_017d8729c4a6c4c597ecd931,holdout,haos_calibrated_recovery_score,0.984409547025,0.999994913828,1
pb01_case_2b16fe810eb9b76826aea824,holdout,haos_calibrated_recovery_score,0.989217038740,0.999996354775,1
pb01_case_ecd2488638f5491623e8249a,holdout,haos_calibrated_recovery_score,0.921457980967,0.933814496904,1
pb01_case_3b7933db9eefb76e91466e3e,holdout,haos_calibrated_recovery_score,0.907249909579,0.907211760928,1
pb01_case_fb3320cc5dfbc47596a1598c,holdout,haos_calibrated_recovery_score,0.930157098333,0.928102995272,1
pb01_case_7a6b1fe479538b3bdcc90aca,holdout,haos_calibrated_recovery_score,0.900124620109,0.898395706670,1
pb01_case_195ed0db4483d002c77f6052,holdout,haos_calibrated_recovery_score,0.984931472761,0.986443110810,1
pb01_case_58292c8394d196f03d58a0ff,holdout,haos_calibrated_recovery_score,0.980088596609,0.973358983732,1
pb01_case_0a646534cb4a0e9ef51497c6,holdout,haos_calibrated_recovery_score,0.987859331099,0.999977327799,1
pb01_case_52783eb94f47cc03884af267,holdout,haos_calibrated_recovery_score,0.984311102182,0.999983057517,1
pb01_case_3d5643c8dc1b0b569101d4dc,holdout,haos_calibrated_recovery_score,0.928320611958,0.924452347678,1
pb01_case_176c7de3e2a72e8382ce9a59,holdout,haos_calibrated_recovery_score,0.903116260984,0.888754202759,1
pb01_case_b7d1b82594682bfe2fbb7e73,holdout,haos_calibrated_recovery_score,0.921199057088,0.921239685421,1
pb01_case_df739e05c8fa1c56b88b96d8,holdout,haos_calibrated_recovery_score,0.886008721434,0.881040111984,1
pb01_case_cf6f14324b4d8499b04d426f,holdout,haos_calibrated_recovery_score,0.981899355274,0.983730165636,1
pb01_case_1ca93f71237d3d3e6ba5fdca,holdout,haos_calibrated_recovery_score,0.984267823157,0.978444439410,1
pb01_case_0c5effc868481d8b359f5eda,holdout,haos_calibrated_recovery_score,0.987192711132,0.999978329654,1
pb01_case_2b3667036b64374b0f4f26e1,holdout,haos_calibrated_recovery_score,0.991677944921,0.999952702803,1
pb01_case_cf094fe3f02b8dc7716c8059,holdout,mean_predictor,0.953735639236,0.914515951329,1
pb01_case_003744c78c67131bb77ed1de,holdout,mean_predictor,0.953735639236,0.910398546348,1
pb01_case_682de38cabfaf7c5f31801f0,holdout,mean_predictor,0.953735639236,0.930195606758,1
pb01_case_0dabbf23cf4843ee3546af2b,holdout,mean_predictor,0.953735639236,0.914641440163,1
pb01_case_0a38d475ae95ee7ca5c2ed1f,holdout,mean_predictor,0.953735639236,0.985327463939,1
pb01_case_ee6c36d4be8fb5c6d63ae2f5,holdout,mean_predictor,0.953735639236,0.975593542870,1
pb01_case_05f76bdc7eb294737f99711b,holdout,mean_predictor,0.953735639236,0.990103174580,1
pb01_case_9e0e7d0f1994757072aaf765,holdout,mean_predictor,0.953735639236,0.978538281951,1
pb01_case_29c5dcc34dd0777623e8d17c,holdout,mean_predictor,0.953735639236,0.978926660620,1
pb01_case_12c492512bd67b63d47f919c,holdout,mean_predictor,0.953735639236,0.894302188024,1
pb01_case_0ee1a021387cb016201f4896,holdout,mean_predictor,0.953735639236,0.934393933484,1
pb01_case_bd70165edb28d1da4f700dc5,holdout,mean_predictor,0.953735639236,0.906416951255,1
pb01_case_f32d86366677d860a98f5ea6,holdout,mean_predictor,0.953735639236,0.985800099005,1
pb01_case_51360afe5018e10844d133df,holdout,mean_predictor,0.953735639236,0.974659752964,1
pb01_case_0cf671353c673332db095045,holdout,mean_predictor,0.953735639236,0.993784949749,1
pb01_case_b6ee63276617a86345c67221,holdout,mean_predictor,0.953735639236,0.993309304551,1
pb01_case_ad5afd90b605370b464fe2d3,holdout,mean_predictor,0.953735639236,0.912365352163,1
pb01_case_8cce5521b1ec48d199006d7f,holdout,mean_predictor,0.953735639236,0.907934971580,1
pb01_case_3119fdecc3f0f93388686eb5,holdout,mean_predictor,0.953735639236,0.921464712808,1
pb01_case_5a0a0fe358a42847ba164c55,holdout,mean_predictor,0.953735639236,0.902965329581,1
pb01_case_a4b3ab7835cb084fd30455ff,holdout,mean_predictor,0.953735639236,0.986183564332,1
pb01_case_630ea011f408ab230379793c,holdout,mean_predictor,0.953735639236,0.977130018890,1
pb01_case_06d98152d28faa38eea1eba5,holdout,mean_predictor,0.953735639236,0.992537910860,1
pb01_case_e892f0f2b65e98342a32ab13,holdout,mean_predictor,0.953735639236,0.988839697092,1
pb01_case_2fe2695e5065c7a87c319e3a,holdout,mean_predictor,0.953735639236,0.892109661181,1
pb01_case_3679101f5ab291362854f45a,holdout,mean_predictor,0.953735639236,0.902476759417,1
pb01_case_241ef78e9dee8645d6d2976e,holdout,mean_predictor,0.953735639236,0.925861912100,1
pb01_case_83bd472dc950af39ceeeaa1e,holdout,mean_predictor,0.953735639236,0.890951164772,1
pb01_case_b9f2f4d2f03afb31c4536e6d,holdout,mean_predictor,0.953735639236,0.984251497153,1
pb01_case_1e4c2062d34a2e0b0a5955a3,holdout,mean_predictor,0.953735639236,0.984731923041,1
pb01_case_04d2eb640a492d085bf809c0,holdout,mean_predictor,0.953735639236,0.991440599969,1
pb01_case_faca2d6e86af304735b260b2,holdout,mean_predictor,0.953735639236,0.992181043993,1
pb01_case_8e56e98a1587c0e1ed82c9e0,holdout,mean_predictor,0.953735639236,0.935327011814,1
pb01_case_0aa017e38055145ac052649d,holdout,mean_predictor,0.953735639236,0.941816616013,1
pb01_case_58de1a6536a6d4279b7afcc8,holdout,mean_predictor,0.953735639236,0.933561790367,1
pb01_case_24badfa2e32d46bacc662ecf,holdout,mean_predictor,0.953735639236,0.912800842480,1
pb01_case_98b66fc22d576da6dc73e8ee,holdout,mean_predictor,0.953735639236,0.990123482476,1
pb01_case_121ba8e9bca20baba1414852,holdout,mean_predictor,0.953735639236,0.976564646321,1
pb01_case_574390b1b426dd08d36c56ac,holdout,mean_predictor,0.953735639236,0.991303139254,1
pb01_case_d04f5e3315d64d8ec84e1e18,holdout,mean_predictor,0.953735639236,0.991625660049,1
pb01_case_7915676508d2f68964d00853,holdout,mean_predictor,0.953735639236,0.931857970947,1
pb01_case_09e11c1dd87912d5c7112d5b,holdout,mean_predictor,0.953735639236,0.905686234066,1
pb01_case_800a709a45e881b1cd3a5564,holdout,mean_predictor,0.953735639236,0.946945945906,1
pb01_case_5f3fbe643f187bc32935aa87,holdout,mean_predictor,0.953735639236,0.888557859236,1
pb01_case_bcb7375e84f63f9ac6d2f3d6,holdout,mean_predictor,0.953735639236,0.985129433180,1
pb01_case_a754595c21d8d40eb59afa6c,holdout,mean_predictor,0.953735639236,0.975029733457,1
pb01_case_bbd482ac81e622ce5a0e1921,holdout,mean_predictor,0.953735639236,0.993110433357,1
pb01_case_f15f542a3d8a60cc8e149249,holdout,mean_predictor,0.953735639236,0.995597147844,1
pb01_case_036e0eb7c9ffea666bcf0051,holdout,mean_predictor,0.953735639236,0.900449239274,1
pb01_case_7d88041de94c13536bfd9a5e,holdout,mean_predictor,0.953735639236,0.943417934833,1
pb01_case_d0c0a111bba2116cea22049c,holdout,mean_predictor,0.953735639236,0.915636201108,1
pb01_case_f99ad8fc261f2c7baf3c3a06,holdout,mean_predictor,0.953735639236,0.915169996554,1
pb01_case_0fac784ae26c48fd452168e9,holdout,mean_predictor,0.953735639236,0.985363561498,1
pb01_case_3dfc02b82896ae2b2289cae1,holdout,mean_predictor,0.953735639236,0.968444667326,1
pb01_case_2a5d457d7dea2c78c49b5d5c,holdout,mean_predictor,0.953735639236,0.998660110983,1
pb01_case_557f83a5e445882e6b5b73b6,holdout,mean_predictor,0.953735639236,0.997569544711,1
pb01_case_4e094ca8989f1ca3aa76d281,holdout,mean_predictor,0.953735639236,0.933925340724,1
pb01_case_4a759622ea529983b8569aac,holdout,mean_predictor,0.953735639236,0.934035185288,1
pb01_case_c81819a3122c373eb230d386,holdout,mean_predictor,0.953735639236,0.885758291921,1
pb01_case_245672b03baf648b4fec7d4f,holdout,mean_predictor,0.953735639236,0.886175954090,1
pb01_case_87a784ca438f724a0f913d87,holdout,mean_predictor,0.953735639236,0.987591165132,1
pb01_case_482f108475ab0124e8c4e7c8,holdout,mean_predictor,0.953735639236,0.986129214786,1
pb01_case_9439156ff52ee312711c8f7d,holdout,mean_predictor,0.953735639236,0.997107813089,1
pb01_case_ce1833edab644155eeebfb0d,holdout,mean_predictor,0.953735639236,0.994189909674,1
pb01_case_9af03b0a741e69653513ef3f,holdout,mean_predictor,0.953735639236,0.887691239105,1
pb01_case_d912af3b5f96eef25c45b2ed,holdout,mean_predictor,0.953735639236,0.921370416397,1
pb01_case_29620fddb3c6e4fc1a5bc8f4,holdout,mean_predictor,0.953735639236,0.926940512230,1
pb01_case_b384f6f934da9a4083e3220c,holdout,mean_predictor,0.953735639236,0.870487165259,1
pb01_case_b194956cd498a26c090e1a4e,holdout,mean_predictor,0.953735639236,0.991438410889,1
pb01_case_79601ac0bfd0ed4ca5f06925,holdout,mean_predictor,0.953735639236,0.971352190509,1
pb01_case_ad7a7b1d8f06cf99fb94cca8,holdout,mean_predictor,0.953735639236,0.997976660179,1
pb01_case_5588dff112f8887d53342bb0,holdout,mean_predictor,0.953735639236,0.997115982196,1
pb01_case_a940ebc386b90156f02c515a,holdout,mean_predictor,0.953735639236,0.919316120852,1
pb01_case_108ea5a0add7b6e04c4a95a1,holdout,mean_predictor,0.953735639236,0.914800209908,1
pb01_case_bba21757532bb4e54c82c6df,holdout,mean_predictor,0.953735639236,0.931730554249,1
pb01_case_d62f15e3bb6690a82b9bbcb8,holdout,mean_predictor,0.953735639236,0.893714637046,1
pb01_case_5657beac498366791496dc74,holdout,mean_predictor,0.953735639236,0.988057425619,1
pb01_case_f4d2fa48fec30f3be6a357fa,holdout,mean_predictor,0.953735639236,0.979949622694,1
pb01_case_0420c42700f9cbf682de28df,holdout,mean_predictor,0.953735639236,0.997039686741,1
pb01_case_db8da7b9466ca785c2df0849,holdout,mean_predictor,0.953735639236,0.996657105127,1
pb01_case_57355a69b18b541065800542,holdout,mean_predictor,0.953735639236,0.901098741257,1
pb01_case_75dd4ef841c0073d389f7924,holdout,mean_predictor,0.953735639236,0.930330197808,1
pb01_case_4d0e0a192fcaf32158b9fea6,holdout,mean_predictor,0.953735639236,0.939248583374,1
pb01_case_52c5779563a6f771e369a085,holdout,mean_predictor,0.953735639236,0.897448166998,1
pb01_case_5e776b2fc3203166d46e0c65,holdout,mean_predictor,0.953735639236,0.985478642583,1
pb01_case_3e9e34618504923f44bdbc9d,holdout,mean_predictor,0.953735639236,0.980621510130,1
pb01_case_ed28481393b6fbf216cc2a4a,holdout,mean_predictor,0.953735639236,0.998298008271,1
pb01_case_322ea17d72a5bc49021cb8f8,holdout,mean_predictor,0.953735639236,0.997094861245,1
pb01_case_bf2de15bfdb7b0a44e92a28d,holdout,mean_predictor,0.953735639236,0.957638102751,1
pb01_case_51738a825eef6941d988506f,holdout,mean_predictor,0.953735639236,0.893102019754,1
pb01_case_891bacbbbf50a65b4e41b381,holdout,mean_predictor,0.953735639236,0.932368992053,1
pb01_case_4cf8dbef6fc0c2ac115a6640,holdout,mean_predictor,0.953735639236,0.883018726870,1
pb01_case_3aef1a87ea21227bc4ea6bdb,holdout,mean_predictor,0.953735639236,0.987137619357,1
pb01_case_5b9c26b5078671b68fb416c1,holdout,mean_predictor,0.953735639236,0.975614862162,1
pb01_case_9465e45ea662c341fa9208af,holdout,mean_predictor,0.953735639236,0.998157574980,1
pb01_case_bf732460a22142e4f09b9391,holdout,mean_predictor,0.953735639236,0.997396328633,1
pb01_case_fdc40a03707d87a4353ff3c9,holdout,mean_predictor,0.953735639236,0.938799659406,1
pb01_case_5794df6a8b4a0f3856bc0839,holdout,mean_predictor,0.953735639236,0.914563467162,1
pb01_case_4bef8cc597e349e0d7695637,holdout,mean_predictor,0.953735639236,0.932512359966,1
pb01_case_c96498f69d3857cd9c300c75,holdout,mean_predictor,0.953735639236,0.903119282464,1
pb01_case_d518e8ba619f2318cb643389,holdout,mean_predictor,0.953735639236,0.988577135992,1
pb01_case_ce848b9bd78914cc72ae5afc,holdout,mean_predictor,0.953735639236,0.964410269632,1
pb01_case_ba2940c2a9459f79fcea4819,holdout,mean_predictor,0.953735639236,0.999851129711,1
pb01_case_4a8930a14b2465bec0ac8bd1,holdout,mean_predictor,0.953735639236,0.999665498521,1
pb01_case_ca45238f9f4ae843eac8252b,holdout,mean_predictor,0.953735639236,0.944070319335,1
pb01_case_7146e4aea0f25595d8a99709,holdout,mean_predictor,0.953735639236,0.878592799988,1
pb01_case_50b96bc0704ab0e440859ee4,holdout,mean_predictor,0.953735639236,0.941498384998,1
pb01_case_90829e364fd239c4c4f69c4d,holdout,mean_predictor,0.953735639236,0.895416445339,1
pb01_case_bd9b8dc67c6d9fe20bb1f429,holdout,mean_predictor,0.953735639236,0.987419437321,1
pb01_case_04d78ea974572cc928efaa44,holdout,mean_predictor,0.953735639236,0.977757324543,1
pb01_case_85cd43e021f448373bf7af43,holdout,mean_predictor,0.953735639236,0.999975072252,1
pb01_case_3500f34241231d978986a4fc,holdout,mean_predictor,0.953735639236,0.999961659234,1
pb01_case_4f7232749a0a4c60164665bc,holdout,mean_predictor,0.953735639236,0.917508132477,1
pb01_case_50ea036f38632263aa7ddbe1,holdout,mean_predictor,0.953735639236,0.886627594042,1
pb01_case_fdea8f80b16523c6b37b8024,holdout,mean_predictor,0.953735639236,0.928881069363,1
pb01_case_cc558d976b80ba7176413249,holdout,mean_predictor,0.953735639236,0.875675370771,1
pb01_case_430b5500c60b01ea9cb691e3,holdout,mean_predictor,0.953735639236,0.989361357719,1
pb01_case_43993c239c034130ada4d0ff,holdout,mean_predictor,0.953735639236,0.975089715863,1
pb01_case_523cf81cba9ca2ec2cd39cec,holdout,mean_predictor,0.953735639236,0.999831171055,1
pb01_case_04e4f704365bdd4195c6e105,holdout,mean_predictor,0.953735639236,0.999789561158,1
pb01_case_92c8fe282077e6f9ebb22a1c,holdout,mean_predictor,0.953735639236,0.950097998931,1
pb01_case_3f32ef0e36b820883ef7afe7,holdout,mean_predictor,0.953735639236,0.913415720097,1
pb01_case_333ea448640b66e26e8b6d6e,holdout,mean_predictor,0.953735639236,0.925374684477,1
pb01_case_fea96e6c456a1e17d129f599,holdout,mean_predictor,0.953735639236,0.904331835059,1
pb01_case_e4aabf90353471ce73e2d01b,holdout,mean_predictor,0.953735639236,0.985730249702,1
pb01_case_7a0eed2f2e76814780f61ba0,holdout,mean_predictor,0.953735639236,0.979787705290,1
pb01_case_017d8729c4a6c4c597ecd931,holdout,mean_predictor,0.953735639236,0.999994913828,1
pb01_case_2b16fe810eb9b76826aea824,holdout,mean_predictor,0.953735639236,0.999996354775,1
pb01_case_ecd2488638f5491623e8249a,holdout,mean_predictor,0.953735639236,0.933814496904,1
pb01_case_3b7933db9eefb76e91466e3e,holdout,mean_predictor,0.953735639236,0.907211760928,1
pb01_case_fb3320cc5dfbc47596a1598c,holdout,mean_predictor,0.953735639236,0.928102995272,1
pb01_case_7a6b1fe479538b3bdcc90aca,holdout,mean_predictor,0.953735639236,0.898395706670,1
pb01_case_195ed0db4483d002c77f6052,holdout,mean_predictor,0.953735639236,0.986443110810,1
pb01_case_58292c8394d196f03d58a0ff,holdout,mean_predictor,0.953735639236,0.973358983732,1
pb01_case_0a646534cb4a0e9ef51497c6,holdout,mean_predictor,0.953735639236,0.999977327799,1
pb01_case_52783eb94f47cc03884af267,holdout,mean_predictor,0.953735639236,0.999983057517,1
pb01_case_3d5643c8dc1b0b569101d4dc,holdout,mean_predictor,0.953735639236,0.924452347678,1
pb01_case_176c7de3e2a72e8382ce9a59,holdout,mean_predictor,0.953735639236,0.888754202759,1
pb01_case_b7d1b82594682bfe2fbb7e73,holdout,mean_predictor,0.953735639236,0.921239685421,1
pb01_case_df739e05c8fa1c56b88b96d8,holdout,mean_predictor,0.953735639236,0.881040111984,1
pb01_case_cf6f14324b4d8499b04d426f,holdout,mean_predictor,0.953735639236,0.983730165636,1
pb01_case_1ca93f71237d3d3e6ba5fdca,holdout,mean_predictor,0.953735639236,0.978444439410,1
pb01_case_0c5effc868481d8b359f5eda,holdout,mean_predictor,0.953735639236,0.999978329654,1
pb01_case_2b3667036b64374b0f4f26e1,holdout,mean_predictor,0.953735639236,0.999952702803,1
pb01_case_cf094fe3f02b8dc7716c8059,holdout,pagerank_centrality,0.461801525950,0.914515951329,1
pb01_case_003744c78c67131bb77ed1de,holdout,pagerank_centrality,0.552828059737,0.910398546348,1
pb01_case_682de38cabfaf7c5f31801f0,holdout,pagerank_centrality,0.507873031237,0.930195606758,1
pb01_case_0dabbf23cf4843ee3546af2b,holdout,pagerank_centrality,0.520102418869,0.914641440163,1
pb01_case_0a38d475ae95ee7ca5c2ed1f,holdout,pagerank_centrality,0.514411490923,0.985327463939,1
pb01_case_ee6c36d4be8fb5c6d63ae2f5,holdout,pagerank_centrality,0.409610203982,0.975593542870,1
pb01_case_05f76bdc7eb294737f99711b,holdout,pagerank_centrality,0.612279796409,0.990103174580,1
pb01_case_9e0e7d0f1994757072aaf765,holdout,pagerank_centrality,0.372835157563,0.978538281951,1
pb01_case_29c5dcc34dd0777623e8d17c,holdout,pagerank_centrality,1.000000000000,0.978926660620,1
pb01_case_12c492512bd67b63d47f919c,holdout,pagerank_centrality,0.293882905713,0.894302188024,1
pb01_case_0ee1a021387cb016201f4896,holdout,pagerank_centrality,0.400957161175,0.934393933484,1
pb01_case_bd70165edb28d1da4f700dc5,holdout,pagerank_centrality,0.421534726238,0.906416951255,1
pb01_case_f32d86366677d860a98f5ea6,holdout,pagerank_centrality,0.333121736694,0.985800099005,1
pb01_case_51360afe5018e10844d133df,holdout,pagerank_centrality,0.333121736694,0.974659752964,1
pb01_case_0cf671353c673332db095045,holdout,pagerank_centrality,0.448944725035,0.993784949749,1
pb01_case_b6ee63276617a86345c67221,holdout,pagerank_centrality,0.377600748475,0.993309304551,1
pb01_case_ad5afd90b605370b464fe2d3,holdout,pagerank_centrality,0.248987626034,0.912365352163,1
pb01_case_8cce5521b1ec48d199006d7f,holdout,pagerank_centrality,0.318152880183,0.907934971580,1
pb01_case_3119fdecc3f0f93388686eb5,holdout,pagerank_centrality,0.367241272938,0.921464712808,1
pb01_case_5a0a0fe358a42847ba164c55,holdout,pagerank_centrality,0.357308176111,0.902965329581,1
pb01_case_a4b3ab7835cb084fd30455ff,holdout,pagerank_centrality,0.351192860993,0.986183564332,1
pb01_case_630ea011f408ab230379793c,holdout,pagerank_centrality,0.295893792561,0.977130018890,1
pb01_case_06d98152d28faa38eea1eba5,holdout,pagerank_centrality,0.351148274481,0.992537910860,1
pb01_case_e892f0f2b65e98342a32ab13,holdout,pagerank_centrality,0.300518162637,0.988839697092,1
pb01_case_2fe2695e5065c7a87c319e3a,holdout,pagerank_centrality,0.135348968152,0.892109661181,1
pb01_case_3679101f5ab291362854f45a,holdout,pagerank_centrality,0.263903720635,0.902476759417,1
pb01_case_241ef78e9dee8645d6d2976e,holdout,pagerank_centrality,0.393191467237,0.925861912100,1
pb01_case_83bd472dc950af39ceeeaa1e,holdout,pagerank_centrality,0.392275957653,0.890951164772,1
pb01_case_b9f2f4d2f03afb31c4536e6d,holdout,pagerank_centrality,0.390856429803,0.984251497153,1
pb01_case_1e4c2062d34a2e0b0a5955a3,holdout,pagerank_centrality,0.370731908650,0.984731923041,1
pb01_case_04d2eb640a492d085bf809c0,holdout,pagerank_centrality,0.261148320936,0.991440599969,1
pb01_case_faca2d6e86af304735b260b2,holdout,pagerank_centrality,0.188826534651,0.992181043993,1
pb01_case_8e56e98a1587c0e1ed82c9e0,holdout,pagerank_centrality,0.617383129986,0.935327011814,1
pb01_case_0aa017e38055145ac052649d,holdout,pagerank_centrality,0.686174457866,0.941816616013,1
pb01_case_58de1a6536a6d4279b7afcc8,holdout,pagerank_centrality,0.426121777034,0.933561790367,1
pb01_case_24badfa2e32d46bacc662ecf,holdout,pagerank_centrality,0.402842694649,0.912800842480,1
pb01_case_98b66fc22d576da6dc73e8ee,holdout,pagerank_centrality,0.347270087016,0.990123482476,1
pb01_case_121ba8e9bca20baba1414852,holdout,pagerank_centrality,0.331368971372,0.976564646321,1
pb01_case_574390b1b426dd08d36c56ac,holdout,pagerank_centrality,0.379659385064,0.991303139254,1
pb01_case_d04f5e3315d64d8ec84e1e18,holdout,pagerank_centrality,0.358687348428,0.991625660049,1
pb01_case_7915676508d2f68964d00853,holdout,pagerank_centrality,0.572196254976,0.931857970947,1
pb01_case_09e11c1dd87912d5c7112d5b,holdout,pagerank_centrality,0.342514282522,0.905686234066,1
pb01_case_800a709a45e881b1cd3a5564,holdout,pagerank_centrality,0.348254054255,0.946945945906,1
pb01_case_5f3fbe643f187bc32935aa87,holdout,pagerank_centrality,0.318247134213,0.888557859236,1
pb01_case_bcb7375e84f63f9ac6d2f3d6,holdout,pagerank_centrality,0.291357934496,0.985129433180,1
pb01_case_a754595c21d8d40eb59afa6c,holdout,pagerank_centrality,0.269378921562,0.975029733457,1
pb01_case_bbd482ac81e622ce5a0e1921,holdout,pagerank_centrality,0.533203993851,0.993110433357,1
pb01_case_f15f542a3d8a60cc8e149249,holdout,pagerank_centrality,0.307409429442,0.995597147844,1
pb01_case_036e0eb7c9ffea666bcf0051,holdout,pagerank_centrality,0.286212773488,0.900449239274,1
pb01_case_7d88041de94c13536bfd9a5e,holdout,pagerank_centrality,0.797513958566,0.943417934833,1
pb01_case_d0c0a111bba2116cea22049c,holdout,pagerank_centrality,0.455575459608,0.915636201108,1
pb01_case_f99ad8fc261f2c7baf3c3a06,holdout,pagerank_centrality,0.446114088655,0.915169996554,1
pb01_case_0fac784ae26c48fd452168e9,holdout,pagerank_centrality,0.315395147063,0.985363561498,1
pb01_case_3dfc02b82896ae2b2289cae1,holdout,pagerank_centrality,0.176374759714,0.968444667326,1
pb01_case_2a5d457d7dea2c78c49b5d5c,holdout,pagerank_centrality,0.530282633956,0.998660110983,1
pb01_case_557f83a5e445882e6b5b73b6,holdout,pagerank_centrality,0.233252555392,0.997569544711,1
pb01_case_4e094ca8989f1ca3aa76d281,holdout,pagerank_centrality,0.613837830113,0.933925340724,1
pb01_case_4a759622ea529983b8569aac,holdout,pagerank_centrality,0.588490216603,0.934035185288,1
pb01_case_c81819a3122c373eb230d386,holdout,pagerank_centrality,0.318172592487,0.885758291921,1
pb01_case_245672b03baf648b4fec7d4f,holdout,pagerank_centrality,0.331615856202,0.886175954090,1
pb01_case_87a784ca438f724a0f913d87,holdout,pagerank_centrality,0.467354496591,0.987591165132,1
pb01_case_482f108475ab0124e8c4e7c8,holdout,pagerank_centrality,0.394818164795,0.986129214786,1
pb01_case_9439156ff52ee312711c8f7d,holdout,pagerank_centrality,0.331043609239,0.997107813089,1
pb01_case_ce1833edab644155eeebfb0d,holdout,pagerank_centrality,0.311710593281,0.994189909674,1
pb01_case_9af03b0a741e69653513ef3f,holdout,pagerank_centrality,0.114707257580,0.887691239105,1
pb01_case_d912af3b5f96eef25c45b2ed,holdout,pagerank_centrality,0.501085670853,0.921370416397,1
pb01_case_29620fddb3c6e4fc1a5bc8f4,holdout,pagerank_centrality,0.329741674188,0.926940512230,1
pb01_case_b384f6f934da9a4083e3220c,holdout,pagerank_centrality,0.422825650779,0.870487165259,1
pb01_case_b194956cd498a26c090e1a4e,holdout,pagerank_centrality,0.634132128381,0.991438410889,1
pb01_case_79601ac0bfd0ed4ca5f06925,holdout,pagerank_centrality,0.362218464457,0.971352190509,1
pb01_case_ad7a7b1d8f06cf99fb94cca8,holdout,pagerank_centrality,0.634132128381,0.997976660179,1
pb01_case_5588dff112f8887d53342bb0,holdout,pagerank_centrality,0.526260806390,0.997115982196,1
pb01_case_a940ebc386b90156f02c515a,holdout,pagerank_centrality,0.549078670904,0.919316120852,1
pb01_case_108ea5a0add7b6e04c4a95a1,holdout,pagerank_centrality,0.520403318657,0.914800209908,1
pb01_case_bba21757532bb4e54c82c6df,holdout,pagerank_centrality,0.481743540272,0.931730554249,1
pb01_case_d62f15e3bb6690a82b9bbcb8,holdout,pagerank_centrality,0.539281481156,0.893714637046,1
pb01_case_5657beac498366791496dc74,holdout,pagerank_centrality,0.548891924278,0.988057425619,1
pb01_case_f4d2fa48fec30f3be6a357fa,holdout,pagerank_centrality,0.562089624637,0.979949622694,1
pb01_case_0420c42700f9cbf682de28df,holdout,pagerank_centrality,0.573421004028,0.997039686741,1
pb01_case_db8da7b9466ca785c2df0849,holdout,pagerank_centrality,0.538976637736,0.996657105127,1
pb01_case_57355a69b18b541065800542,holdout,pagerank_centrality,0.090082740826,0.901098741257,1
pb01_case_75dd4ef841c0073d389f7924,holdout,pagerank_centrality,0.476463247108,0.930330197808,1
pb01_case_4d0e0a192fcaf32158b9fea6,holdout,pagerank_centrality,0.286778870043,0.939248583374,1
pb01_case_52c5779563a6f771e369a085,holdout,pagerank_centrality,0.303585501961,0.897448166998,1
pb01_case_5e776b2fc3203166d46e0c65,holdout,pagerank_centrality,0.138639673211,0.985478642583,1
pb01_case_3e9e34618504923f44bdbc9d,holdout,pagerank_centrality,0.218907457423,0.980621510130,1
pb01_case_ed28481393b6fbf216cc2a4a,holdout,pagerank_centrality,0.253254802672,0.998298008271,1
pb01_case_322ea17d72a5bc49021cb8f8,holdout,pagerank_centrality,0.178357470081,0.997094861245,1
pb01_case_bf2de15bfdb7b0a44e92a28d,holdout,pagerank_centrality,1.000000000000,0.957638102751,1
pb01_case_51738a825eef6941d988506f,holdout,pagerank_centrality,0.375385512607,0.893102019754,1
pb01_case_891bacbbbf50a65b4e41b381,holdout,pagerank_centrality,0.583031492760,0.932368992053,1
pb01_case_4cf8dbef6fc0c2ac115a6640,holdout,pagerank_centrality,0.610908251916,0.883018726870,1
pb01_case_3aef1a87ea21227bc4ea6bdb,holdout,pagerank_centrality,0.509341360269,0.987137619357,1
pb01_case_5b9c26b5078671b68fb416c1,holdout,pagerank_centrality,0.477292697310,0.975614862162,1
pb01_case_9465e45ea662c341fa9208af,holdout,pagerank_centrality,0.556947097700,0.998157574980,1
pb01_case_bf732460a22142e4f09b9391,holdout,pagerank_centrality,0.698517086066,0.997396328633,1
pb01_case_fdc40a03707d87a4353ff3c9,holdout,pagerank_centrality,0.960586633185,0.938799659406,1
pb01_case_5794df6a8b4a0f3856bc0839,holdout,pagerank_centrality,0.734708310416,0.914563467162,1
pb01_case_4bef8cc597e349e0d7695637,holdout,pagerank_centrality,0.671698385709,0.932512359966,1
pb01_case_c96498f69d3857cd9c300c75,holdout,pagerank_centrality,0.715537615098,0.903119282464,1
pb01_case_d518e8ba619f2318cb643389,holdout,pagerank_centrality,0.564771527956,0.988577135992,1
pb01_case_ce848b9bd78914cc72ae5afc,holdout,pagerank_centrality,0.752608235689,0.964410269632,1
pb01_case_ba2940c2a9459f79fcea4819,holdout,pagerank_centrality,0.841882104806,0.999851129711,1
pb01_case_4a8930a14b2465bec0ac8bd1,holdout,pagerank_centrality,0.642647379207,0.999665498521,1
pb01_case_ca45238f9f4ae843eac8252b,holdout,pagerank_centrality,0.802193832343,0.944070319335,1
pb01_case_7146e4aea0f25595d8a99709,holdout,pagerank_centrality,0.000000000000,0.878592799988,1
pb01_case_50b96bc0704ab0e440859ee4,holdout,pagerank_centrality,0.454884025148,0.941498384998,1
pb01_case_90829e364fd239c4c4f69c4d,holdout,pagerank_centrality,0.419503009365,0.895416445339,1
pb01_case_bd9b8dc67c6d9fe20bb1f429,holdout,pagerank_centrality,0.230513135298,0.987419437321,1
pb01_case_04d78ea974572cc928efaa44,holdout,pagerank_centrality,0.230513135298,0.977757324543,1
pb01_case_85cd43e021f448373bf7af43,holdout,pagerank_centrality,0.187611923263,0.999975072252,1
pb01_case_3500f34241231d978986a4fc,holdout,pagerank_centrality,0.444558504081,0.999961659234,1
pb01_case_4f7232749a0a4c60164665bc,holdout,pagerank_centrality,0.639082759812,0.917508132477,1
pb01_case_50ea036f38632263aa7ddbe1,holdout,pagerank_centrality,0.352621510662,0.886627594042,1
pb01_case_fdea8f80b16523c6b37b8024,holdout,pagerank_centrality,0.518362663425,0.928881069363,1
pb01_case_cc558d976b80ba7176413249,holdout,pagerank_centrality,0.600898875636,0.875675370771,1
pb01_case_430b5500c60b01ea9cb691e3,holdout,pagerank_centrality,0.621065598412,0.989361357719,1
pb01_case_43993c239c034130ada4d0ff,holdout,pagerank_centrality,0.596126589353,0.975089715863,1
pb01_case_523cf81cba9ca2ec2cd39cec,holdout,pagerank_centrality,0.600275456222,0.999831171055,1
pb01_case_04e4f704365bdd4195c6e105,holdout,pagerank_centrality,0.532934623245,0.999789561158,1
pb01_case_92c8fe282077e6f9ebb22a1c,holdout,pagerank_centrality,0.799785275410,0.950097998931,1
pb01_case_3f32ef0e36b820883ef7afe7,holdout,pagerank_centrality,0.328709069000,0.913415720097,1
pb01_case_333ea448640b66e26e8b6d6e,holdout,pagerank_centrality,0.368768189989,0.925374684477,1
pb01_case_fea96e6c456a1e17d129f599,holdout,pagerank_centrality,0.385383575080,0.904331835059,1
pb01_case_e4aabf90353471ce73e2d01b,holdout,pagerank_centrality,0.234737788575,0.985730249702,1
pb01_case_7a0eed2f2e76814780f61ba0,holdout,pagerank_centrality,0.381348726140,0.979787705290,1
pb01_case_017d8729c4a6c4c597ecd931,holdout,pagerank_centrality,0.331087649432,0.999994913828,1
pb01_case_2b16fe810eb9b76826aea824,holdout,pagerank_centrality,0.421160841613,0.999996354775,1
pb01_case_ecd2488638f5491623e8249a,holdout,pagerank_centrality,0.681090328476,0.933814496904,1
pb01_case_3b7933db9eefb76e91466e3e,holdout,pagerank_centrality,0.357273657719,0.907211760928,1
pb01_case_fb3320cc5dfbc47596a1598c,holdout,pagerank_centrality,0.438556831018,0.928102995272,1
pb01_case_7a6b1fe479538b3bdcc90aca,holdout,pagerank_centrality,0.458260380015,0.898395706670,1
pb01_case_195ed0db4483d002c77f6052,holdout,pagerank_centrality,0.313531428755,0.986443110810,1
pb01_case_58292c8394d196f03d58a0ff,holdout,pagerank_centrality,0.470973063544,0.973358983732,1
pb01_case_0a646534cb4a0e9ef51497c6,holdout,pagerank_centrality,0.498790722269,0.999977327799,1
pb01_case_52783eb94f47cc03884af267,holdout,pagerank_centrality,0.419186494277,0.999983057517,1
pb01_case_3d5643c8dc1b0b569101d4dc,holdout,pagerank_centrality,0.666857505388,0.924452347678,1
pb01_case_176c7de3e2a72e8382ce9a59,holdout,pagerank_centrality,0.320672381407,0.888754202759,1
pb01_case_b7d1b82594682bfe2fbb7e73,holdout,pagerank_centrality,0.564747037478,0.921239685421,1
pb01_case_df739e05c8fa1c56b88b96d8,holdout,pagerank_centrality,0.558922723912,0.881040111984,1
pb01_case_cf6f14324b4d8499b04d426f,holdout,pagerank_centrality,0.451273930622,0.983730165636,1
pb01_case_1ca93f71237d3d3e6ba5fdca,holdout,pagerank_centrality,0.658981524169,0.978444439410,1
pb01_case_0c5effc868481d8b359f5eda,holdout,pagerank_centrality,0.418056385565,0.999978329654,1
pb01_case_2b3667036b64374b0f4f26e1,holdout,pagerank_centrality,0.690372490376,0.999952702803,1
pb01_case_cf094fe3f02b8dc7716c8059,holdout,random_predictor,0.856270835056,0.914515951329,1
pb01_case_003744c78c67131bb77ed1de,holdout,random_predictor,0.681548264637,0.910398546348,1
pb01_case_682de38cabfaf7c5f31801f0,holdout,random_predictor,0.827813186097,0.930195606758,1
pb01_case_0dabbf23cf4843ee3546af2b,holdout,random_predictor,0.981255963102,0.914641440163,1
pb01_case_0a38d475ae95ee7ca5c2ed1f,holdout,random_predictor,0.406478514210,0.985327463939,1
pb01_case_ee6c36d4be8fb5c6d63ae2f5,holdout,random_predictor,0.857764046955,0.975593542870,1
pb01_case_05f76bdc7eb294737f99711b,holdout,random_predictor,0.805384025152,0.990103174580,1
pb01_case_9e0e7d0f1994757072aaf765,holdout,random_predictor,0.295150147166,0.978538281951,1
pb01_case_29c5dcc34dd0777623e8d17c,holdout,random_predictor,0.534317667172,0.978926660620,1
pb01_case_12c492512bd67b63d47f919c,holdout,random_predictor,0.869480845963,0.894302188024,1
pb01_case_0ee1a021387cb016201f4896,holdout,random_predictor,0.690914998347,0.934393933484,1
pb01_case_bd70165edb28d1da4f700dc5,holdout,random_predictor,0.488138294230,0.906416951255,1
pb01_case_f32d86366677d860a98f5ea6,holdout,random_predictor,0.803178272857,0.985800099005,1
pb01_case_51360afe5018e10844d133df,holdout,random_predictor,0.133063201566,0.974659752964,1
pb01_case_0cf671353c673332db095045,holdout,random_predictor,0.730686132699,0.993784949749,1
pb01_case_b6ee63276617a86345c67221,holdout,random_predictor,0.926090677189,0.993309304551,1
pb01_case_ad5afd90b605370b464fe2d3,holdout,random_predictor,0.400736572083,0.912365352163,1
pb01_case_8cce5521b1ec48d199006d7f,holdout,random_predictor,0.246872825153,0.907934971580,1
pb01_case_3119fdecc3f0f93388686eb5,holdout,random_predictor,0.259993621928,0.921464712808,1
pb01_case_5a0a0fe358a42847ba164c55,holdout,random_predictor,0.523521151941,0.902965329581,1
pb01_case_a4b3ab7835cb084fd30455ff,holdout,random_predictor,0.123062335680,0.986183564332,1
pb01_case_630ea011f408ab230379793c,holdout,random_predictor,0.868787400740,0.977130018890,1
pb01_case_06d98152d28faa38eea1eba5,holdout,random_predictor,0.340216951394,0.992537910860,1
pb01_case_e892f0f2b65e98342a32ab13,holdout,random_predictor,0.853881046993,0.988839697092,1
pb01_case_2fe2695e5065c7a87c319e3a,holdout,random_predictor,0.134638479007,0.892109661181,1
pb01_case_3679101f5ab291362854f45a,holdout,random_predictor,0.255461017707,0.902476759417,1
pb01_case_241ef78e9dee8645d6d2976e,holdout,random_predictor,0.073618276632,0.925861912100,1
pb01_case_83bd472dc950af39ceeeaa1e,holdout,random_predictor,0.936252384603,0.890951164772,1
pb01_case_b9f2f4d2f03afb31c4536e6d,holdout,random_predictor,0.723647256019,0.984251497153,1
pb01_case_1e4c2062d34a2e0b0a5955a3,holdout,random_predictor,0.925540267232,0.984731923041,1
pb01_case_04d2eb640a492d085bf809c0,holdout,random_predictor,0.994036575037,0.991440599969,1
pb01_case_faca2d6e86af304735b260b2,holdout,random_predictor,0.509249801262,0.992181043993,1
pb01_case_8e56e98a1587c0e1ed82c9e0,holdout,random_predictor,0.326960137011,0.935327011814,1
pb01_case_0aa017e38055145ac052649d,holdout,random_predictor,0.267472866532,0.941816616013,1
pb01_case_58de1a6536a6d4279b7afcc8,holdout,random_predictor,0.665272220688,0.933561790367,1
pb01_case_24badfa2e32d46bacc662ecf,holdout,random_predictor,0.022363459747,0.912800842480,1
pb01_case_98b66fc22d576da6dc73e8ee,holdout,random_predictor,0.926002839015,0.990123482476,1
pb01_case_121ba8e9bca20baba1414852,holdout,random_predictor,0.779282368577,0.976564646321,1
pb01_case_574390b1b426dd08d36c56ac,holdout,random_predictor,0.952100933796,0.991303139254,1
pb01_case_d04f5e3315d64d8ec84e1e18,holdout,random_predictor,0.785032702276,0.991625660049,1
pb01_case_7915676508d2f68964d00853,holdout,random_predictor,0.595493981294,0.931857970947,1
pb01_case_09e11c1dd87912d5c7112d5b,holdout,random_predictor,0.587358784280,0.905686234066,1
pb01_case_800a709a45e881b1cd3a5564,holdout,random_predictor,0.972250611779,0.946945945906,1
pb01_case_5f3fbe643f187bc32935aa87,holdout,random_predictor,0.189699689960,0.888557859236,1
pb01_case_bcb7375e84f63f9ac6d2f3d6,holdout,random_predictor,0.599657443021,0.985129433180,1
pb01_case_a754595c21d8d40eb59afa6c,holdout,random_predictor,0.825810198056,0.975029733457,1
pb01_case_bbd482ac81e622ce5a0e1921,holdout,random_predictor,0.298122568435,0.993110433357,1
pb01_case_f15f542a3d8a60cc8e149249,holdout,random_predictor,0.131403182189,0.995597147844,1
pb01_case_036e0eb7c9ffea666bcf0051,holdout,random_predictor,0.251502588899,0.900449239274,1
pb01_case_7d88041de94c13536bfd9a5e,holdout,random_predictor,0.483735008101,0.943417934833,1
pb01_case_d0c0a111bba2116cea22049c,holdout,random_predictor,0.590830632804,0.915636201108,1
pb01_case_f99ad8fc261f2c7baf3c3a06,holdout,random_predictor,0.865350255024,0.915169996554,1
pb01_case_0fac784ae26c48fd452168e9,holdout,random_predictor,0.953161263179,0.985363561498,1
pb01_case_3dfc02b82896ae2b2289cae1,holdout,random_predictor,0.742644030767,0.968444667326,1
pb01_case_2a5d457d7dea2c78c49b5d5c,holdout,random_predictor,0.259683963270,0.998660110983,1
pb01_case_557f83a5e445882e6b5b73b6,holdout,random_predictor,0.457631570418,0.997569544711,1
pb01_case_4e094ca8989f1ca3aa76d281,holdout,random_predictor,0.725327795318,0.933925340724,1
pb01_case_4a759622ea529983b8569aac,holdout,random_predictor,0.080305129575,0.934035185288,1
pb01_case_c81819a3122c373eb230d386,holdout,random_predictor,0.453761346112,0.885758291921,1
pb01_case_245672b03baf648b4fec7d4f,holdout,random_predictor,0.549856778430,0.886175954090,1
pb01_case_87a784ca438f724a0f913d87,holdout,random_predictor,0.241320908098,0.987591165132,1
pb01_case_482f108475ab0124e8c4e7c8,holdout,random_predictor,0.498472270602,0.986129214786,1
pb01_case_9439156ff52ee312711c8f7d,holdout,random_predictor,0.096032765511,0.997107813089,1
pb01_case_ce1833edab644155eeebfb0d,holdout,random_predictor,0.031190711045,0.994189909674,1
pb01_case_9af03b0a741e69653513ef3f,holdout,random_predictor,0.237235706365,0.887691239105,1
pb01_case_d912af3b5f96eef25c45b2ed,holdout,random_predictor,0.284687777320,0.921370416397,1
pb01_case_29620fddb3c6e4fc1a5bc8f4,holdout,random_predictor,0.856561044528,0.926940512230,1
pb01_case_b384f6f934da9a4083e3220c,holdout,random_predictor,0.856109316164,0.870487165259,1
pb01_case_b194956cd498a26c090e1a4e,holdout,random_predictor,0.911823780511,0.991438410889,1
pb01_case_79601ac0bfd0ed4ca5f06925,holdout,random_predictor,0.417330308751,0.971352190509,1
pb01_case_ad7a7b1d8f06cf99fb94cca8,holdout,random_predictor,0.379749200798,0.997976660179,1
pb01_case_5588dff112f8887d53342bb0,holdout,random_predictor,0.126652444251,0.997115982196,1
pb01_case_a940ebc386b90156f02c515a,holdout,random_predictor,0.830152784158,0.919316120852,1
pb01_case_108ea5a0add7b6e04c4a95a1,holdout,random_predictor,0.535536274151,0.914800209908,1
pb01_case_bba21757532bb4e54c82c6df,holdout,random_predictor,0.376768405704,0.931730554249,1
pb01_case_d62f15e3bb6690a82b9bbcb8,holdout,random_predictor,0.557282630488,0.893714637046,1
pb01_case_5657beac498366791496dc74,holdout,random_predictor,0.673235457164,0.988057425619,1
pb01_case_f4d2fa48fec30f3be6a357fa,holdout,random_predictor,0.214277045081,0.979949622694,1
pb01_case_0420c42700f9cbf682de28df,holdout,random_predictor,0.630051917514,0.997039686741,1
pb01_case_db8da7b9466ca785c2df0849,holdout,random_predictor,0.255048382236,0.996657105127,1
pb01_case_57355a69b18b541065800542,holdout,random_predictor,0.638716728135,0.901098741257,1
pb01_case_75dd4ef841c0073d389f7924,holdout,random_predictor,0.725668022478,0.930330197808,1
pb01_case_4d0e0a192fcaf32158b9fea6,holdout,random_predictor,0.975405534311,0.939248583374,1
pb01_case_52c5779563a6f771e369a085,holdout,random_predictor,0.667191428865,0.897448166998,1
pb01_case_5e776b2fc3203166d46e0c65,holdout,random_predictor,0.171144113176,0.985478642583,1
pb01_case_3e9e34618504923f44bdbc9d,holdout,random_predictor,0.496580663840,0.980621510130,1
pb01_case_ed28481393b6fbf216cc2a4a,holdout,random_predictor,0.992132295581,0.998298008271,1
pb01_case_322ea17d72a5bc49021cb8f8,holdout,random_predictor,0.721389819925,0.997094861245,1
pb01_case_bf2de15bfdb7b0a44e92a28d,holdout,random_predictor,0.173267790731,0.957638102751,1
pb01_case_51738a825eef6941d988506f,holdout,random_predictor,0.068963047509,0.893102019754,1
pb01_case_891bacbbbf50a65b4e41b381,holdout,random_predictor,0.176634012993,0.932368992053,1
pb01_case_4cf8dbef6fc0c2ac115a6640,holdout,random_predictor,0.027878661600,0.883018726870,1
pb01_case_3aef1a87ea21227bc4ea6bdb,holdout,random_predictor,0.587877681429,0.987137619357,1
pb01_case_5b9c26b5078671b68fb416c1,holdout,random_predictor,0.274795086904,0.975614862162,1
pb01_case_9465e45ea662c341fa9208af,holdout,random_predictor,0.397275131164,0.998157574980,1
pb01_case_bf732460a22142e4f09b9391,holdout,random_predictor,0.839568711208,0.997396328633,1
pb01_case_fdc40a03707d87a4353ff3c9,holdout,random_predictor,0.894648928124,0.938799659406,1
pb01_case_5794df6a8b4a0f3856bc0839,holdout,random_predictor,0.330151132691,0.914563467162,1
pb01_case_4bef8cc597e349e0d7695637,holdout,random_predictor,0.921521421854,0.932512359966,1
pb01_case_c96498f69d3857cd9c300c75,holdout,random_predictor,0.876988464819,0.903119282464,1
pb01_case_d518e8ba619f2318cb643389,holdout,random_predictor,0.901422951511,0.988577135992,1
pb01_case_ce848b9bd78914cc72ae5afc,holdout,random_predictor,0.875882669809,0.964410269632,1
pb01_case_ba2940c2a9459f79fcea4819,holdout,random_predictor,0.263274374012,0.999851129711,1
pb01_case_4a8930a14b2465bec0ac8bd1,holdout,random_predictor,0.364653796078,0.999665498521,1
pb01_case_ca45238f9f4ae843eac8252b,holdout,random_predictor,0.241139876717,0.944070319335,1
pb01_case_7146e4aea0f25595d8a99709,holdout,random_predictor,0.963722136920,0.878592799988,1
pb01_case_50b96bc0704ab0e440859ee4,holdout,random_predictor,0.064929380235,0.941498384998,1
pb01_case_90829e364fd239c4c4f69c4d,holdout,random_predictor,0.341883503059,0.895416445339,1
pb01_case_bd9b8dc67c6d9fe20bb1f429,holdout,random_predictor,0.410427156613,0.987419437321,1
pb01_case_04d78ea974572cc928efaa44,holdout,random_predictor,0.868797778554,0.977757324543,1
pb01_case_85cd43e021f448373bf7af43,holdout,random_predictor,0.548904333893,0.999975072252,1
pb01_case_3500f34241231d978986a4fc,holdout,random_predictor,0.001331932402,0.999961659234,1
pb01_case_4f7232749a0a4c60164665bc,holdout,random_predictor,0.975802125502,0.917508132477,1
pb01_case_50ea036f38632263aa7ddbe1,holdout,random_predictor,0.399468879378,0.886627594042,1
pb01_case_fdea8f80b16523c6b37b8024,holdout,random_predictor,0.455087242243,0.928881069363,1
pb01_case_cc558d976b80ba7176413249,holdout,random_predictor,0.446264981027,0.875675370771,1
pb01_case_430b5500c60b01ea9cb691e3,holdout,random_predictor,0.570230392638,0.989361357719,1
pb01_case_43993c239c034130ada4d0ff,holdout,random_predictor,0.039308104072,0.975089715863,1
pb01_case_523cf81cba9ca2ec2cd39cec,holdout,random_predictor,0.077342195423,0.999831171055,1
pb01_case_04e4f704365bdd4195c6e105,holdout,random_predictor,0.838634738663,0.999789561158,1
pb01_case_92c8fe282077e6f9ebb22a1c,holdout,random_predictor,0.980793163564,0.950097998931,1
pb01_case_3f32ef0e36b820883ef7afe7,holdout,random_predictor,0.813159791337,0.913415720097,1
pb01_case_333ea448640b66e26e8b6d6e,holdout,random_predictor,0.469609721537,0.925374684477,1
pb01_case_fea96e6c456a1e17d129f599,holdout,random_predictor,0.791831292528,0.904331835059,1
pb01_case_e4aabf90353471ce73e2d01b,holdout,random_predictor,0.504894012855,0.985730249702,1
pb01_case_7a0eed2f2e76814780f61ba0,holdout,random_predictor,0.511414282180,0.979787705290,1
pb01_case_017d8729c4a6c4c597ecd931,holdout,random_predictor,0.984784518054,0.999994913828,1
pb01_case_2b16fe810eb9b76826aea824,holdout,random_predictor,0.624460627266,0.999996354775,1
pb01_case_ecd2488638f5491623e8249a,holdout,random_predictor,0.983138199406,0.933814496904,1
pb01_case_3b7933db9eefb76e91466e3e,holdout,random_predictor,0.526995935512,0.907211760928,1
pb01_case_fb3320cc5dfbc47596a1598c,holdout,random_predictor,0.426186912323,0.928102995272,1
pb01_case_7a6b1fe479538b3bdcc90aca,holdout,random_predictor,0.143934150696,0.898395706670,1
pb01_case_195ed0db4483d002c77f6052,holdout,random_predictor,0.816453583554,0.986443110810,1
pb01_case_58292c8394d196f03d58a0ff,holdout,random_predictor,0.783528906707,0.973358983732,1
pb01_case_0a646534cb4a0e9ef51497c6,holdout,random_predictor,0.398475018274,0.999977327799,1
pb01_case_52783eb94f47cc03884af267,holdout,random_predictor,0.238966290974,0.999983057517,1
pb01_case_3d5643c8dc1b0b569101d4dc,holdout,random_predictor,0.973941327360,0.924452347678,1
pb01_case_176c7de3e2a72e8382ce9a59,holdout,random_predictor,0.137673933980,0.888754202759,1
pb01_case_b7d1b82594682bfe2fbb7e73,holdout,random_predictor,0.115335040389,0.921239685421,1
pb01_case_df739e05c8fa1c56b88b96d8,holdout,random_predictor,0.494843319147,0.881040111984,1
pb01_case_cf6f14324b4d8499b04d426f,holdout,random_predictor,0.926243275592,0.983730165636,1
pb01_case_1ca93f71237d3d3e6ba5fdca,holdout,random_predictor,0.165543953943,0.978444439410,1
pb01_case_0c5effc868481d8b359f5eda,holdout,random_predictor,0.352932873339,0.999978329654,1
pb01_case_2b3667036b64374b0f4f26e1,holdout,random_predictor,0.128079032677,0.999952702803,1
pb01_case_cf094fe3f02b8dc7716c8059,holdout,shortest_path_to_perturbation,0.166666666667,0.914515951329,1
pb01_case_003744c78c67131bb77ed1de,holdout,shortest_path_to_perturbation,0.166666666667,0.910398546348,1
pb01_case_682de38cabfaf7c5f31801f0,holdout,shortest_path_to_perturbation,0.227941176471,0.930195606758,1
pb01_case_0dabbf23cf4843ee3546af2b,holdout,shortest_path_to_perturbation,0.227272727273,0.914641440163,1
pb01_case_0a38d475ae95ee7ca5c2ed1f,holdout,shortest_path_to_perturbation,0.411764705882,0.985327463939,1
pb01_case_ee6c36d4be8fb5c6d63ae2f5,holdout,shortest_path_to_perturbation,0.264705882353,0.975593542870,1
pb01_case_05f76bdc7eb294737f99711b,holdout,shortest_path_to_perturbation,0.204545454545,0.990103174580,1
pb01_case_9e0e7d0f1994757072aaf765,holdout,shortest_path_to_perturbation,0.166666666667,0.978538281951,1
pb01_case_29c5dcc34dd0777623e8d17c,holdout,shortest_path_to_perturbation,0.375000000000,0.978926660620,1
pb01_case_12c492512bd67b63d47f919c,holdout,shortest_path_to_perturbation,0.375000000000,0.894302188024,1
pb01_case_0ee1a021387cb016201f4896,holdout,shortest_path_to_perturbation,0.166666666667,0.934393933484,1
pb01_case_bd70165edb28d1da4f700dc5,holdout,shortest_path_to_perturbation,0.147727272727,0.906416951255,1
pb01_case_f32d86366677d860a98f5ea6,holdout,shortest_path_to_perturbation,0.375000000000,0.985800099005,1
pb01_case_51360afe5018e10844d133df,holdout,shortest_path_to_perturbation,0.375000000000,0.974659752964,1
pb01_case_0cf671353c673332db095045,holdout,shortest_path_to_perturbation,0.250000000000,0.993784949749,1
pb01_case_b6ee63276617a86345c67221,holdout,shortest_path_to_perturbation,0.166666666667,0.993309304551,1
pb01_case_ad5afd90b605370b464fe2d3,holdout,shortest_path_to_perturbation,0.062500000000,0.912365352163,1
pb01_case_8cce5521b1ec48d199006d7f,holdout,shortest_path_to_perturbation,0.375000000000,0.907934971580,1
pb01_case_3119fdecc3f0f93388686eb5,holdout,shortest_path_to_perturbation,0.130434782609,0.921464712808,1
pb01_case_5a0a0fe358a42847ba164c55,holdout,shortest_path_to_perturbation,0.189814814815,0.902965329581,1
pb01_case_a4b3ab7835cb084fd30455ff,holdout,shortest_path_to_perturbation,0.342105263158,0.986183564332,1
pb01_case_630ea011f408ab230379793c,holdout,shortest_path_to_perturbation,0.112903225806,0.977130018890,1
pb01_case_06d98152d28faa38eea1eba5,holdout,shortest_path_to_perturbation,0.375000000000,0.992537910860,1
pb01_case_e892f0f2b65e98342a32ab13,holdout,shortest_path_to_perturbation,0.083333333333,0.988839697092,1
pb01_case_2fe2695e5065c7a87c319e3a,holdout,shortest_path_to_perturbation,0.375000000000,0.892109661181,1
pb01_case_3679101f5ab291362854f45a,holdout,shortest_path_to_perturbation,1.000000000000,0.902476759417,1
pb01_case_241ef78e9dee8645d6d2976e,holdout,shortest_path_to_perturbation,0.198717948718,0.925861912100,1
pb01_case_83bd472dc950af39ceeeaa1e,holdout,shortest_path_to_perturbation,0.185606060606,0.890951164772,1
pb01_case_b9f2f4d2f03afb31c4536e6d,holdout,shortest_path_to_perturbation,0.166666666667,0.984251497153,1
pb01_case_1e4c2062d34a2e0b0a5955a3,holdout,shortest_path_to_perturbation,0.086538461538,0.984731923041,1
pb01_case_04d2eb640a492d085bf809c0,holdout,shortest_path_to_perturbation,0.107142857143,0.991440599969,1
pb01_case_faca2d6e86af304735b260b2,holdout,shortest_path_to_perturbation,0.464285714286,0.992181043993,1
pb01_case_8e56e98a1587c0e1ed82c9e0,holdout,shortest_path_to_perturbation,0.166666666667,0.935327011814,1
pb01_case_0aa017e38055145ac052649d,holdout,shortest_path_to_perturbation,0.166666666667,0.941816616013,1
pb01_case_58de1a6536a6d4279b7afcc8,holdout,shortest_path_to_perturbation,0.138888888889,0.933561790367,1
pb01_case_24badfa2e32d46bacc662ecf,holdout,shortest_path_to_perturbation,0.193548387097,0.912800842480,1
pb01_case_98b66fc22d576da6dc73e8ee,holdout,shortest_path_to_perturbation,0.114583333333,0.990123482476,1
pb01_case_121ba8e9bca20baba1414852,holdout,shortest_path_to_perturbation,0.130434782609,0.976564646321,1
pb01_case_574390b1b426dd08d36c56ac,holdout,shortest_path_to_perturbation,0.083333333333,0.991303139254,1
pb01_case_d04f5e3315d64d8ec84e1e18,holdout,shortest_path_to_perturbation,0.204545454545,0.991625660049,1
pb01_case_7915676508d2f68964d00853,holdout,shortest_path_to_perturbation,0.375000000000,0.931857970947,1
pb01_case_09e11c1dd87912d5c7112d5b,holdout,shortest_path_to_perturbation,0.166666666667,0.905686234066,1
pb01_case_800a709a45e881b1cd3a5564,holdout,shortest_path_to_perturbation,0.187500000000,0.946945945906,1
pb01_case_5f3fbe643f187bc32935aa87,holdout,shortest_path_to_perturbation,0.215116279070,0.888557859236,1
pb01_case_bcb7375e84f63f9ac6d2f3d6,holdout,shortest_path_to_perturbation,0.166666666667,0.985129433180,1
pb01_case_a754595c21d8d40eb59afa6c,holdout,shortest_path_to_perturbation,0.166666666667,0.975029733457,1
pb01_case_bbd482ac81e622ce5a0e1921,holdout,shortest_path_to_perturbation,0.107142857143,0.993110433357,1
pb01_case_f15f542a3d8a60cc8e149249,holdout,shortest_path_to_perturbation,0.305555555556,0.995597147844,1
pb01_case_036e0eb7c9ffea666bcf0051,holdout,shortest_path_to_perturbation,0.375000000000,0.900449239274,1
pb01_case_7d88041de94c13536bfd9a5e,holdout,shortest_path_to_perturbation,0.062500000000,0.943417934833,1
pb01_case_d0c0a111bba2116cea22049c,holdout,shortest_path_to_perturbation,0.166666666667,0.915636201108,1
pb01_case_f99ad8fc261f2c7baf3c3a06,holdout,shortest_path_to_perturbation,0.104166666667,0.915169996554,1
pb01_case_0fac784ae26c48fd452168e9,holdout,shortest_path_to_perturbation,0.270833333333,0.985363561498,1
pb01_case_3dfc02b82896ae2b2289cae1,holdout,shortest_path_to_perturbation,0.444444444444,0.968444667326,1
pb01_case_2a5d457d7dea2c78c49b5d5c,holdout,shortest_path_to_perturbation,0.134615384615,0.998660110983,1
pb01_case_557f83a5e445882e6b5b73b6,holdout,shortest_path_to_perturbation,0.305555555556,0.997569544711,1
pb01_case_4e094ca8989f1ca3aa76d281,holdout,shortest_path_to_perturbation,0.166666666667,0.933925340724,1
pb01_case_4a759622ea529983b8569aac,holdout,shortest_path_to_perturbation,0.166666666667,0.934035185288,1
pb01_case_c81819a3122c373eb230d386,holdout,shortest_path_to_perturbation,0.153225806452,0.885758291921,1
pb01_case_245672b03baf648b4fec7d4f,holdout,shortest_path_to_perturbation,0.125000000000,0.886175954090,1
pb01_case_87a784ca438f724a0f913d87,holdout,shortest_path_to_perturbation,0.270833333333,0.987591165132,1
pb01_case_482f108475ab0124e8c4e7c8,holdout,shortest_path_to_perturbation,0.305555555556,0.986129214786,1
pb01_case_9439156ff52ee312711c8f7d,holdout,shortest_path_to_perturbation,0.083333333333,0.997107813089,1
pb01_case_ce1833edab644155eeebfb0d,holdout,shortest_path_to_perturbation,0.204545454545,0.994189909674,1
pb01_case_9af03b0a741e69653513ef3f,holdout,shortest_path_to_perturbation,0.375000000000,0.887691239105,1
pb01_case_d912af3b5f96eef25c45b2ed,holdout,shortest_path_to_perturbation,0.062500000000,0.921370416397,1
pb01_case_29620fddb3c6e4fc1a5bc8f4,holdout,shortest_path_to_perturbation,0.178571428571,0.926940512230,1
pb01_case_b384f6f934da9a4083e3220c,holdout,shortest_path_to_perturbation,0.136363636364,0.870487165259,1
pb01_case_b194956cd498a26c090e1a4e,holdout,shortest_path_to_perturbation,0.038461538462,0.991438410889,1
pb01_case_79601ac0bfd0ed4ca5f06925,holdout,shortest_path_to_perturbation,0.264705882353,0.971352190509,1
pb01_case_ad7a7b1d8f06cf99fb94cca8,holdout,shortest_path_to_perturbation,0.038461538462,0.997976660179,1
pb01_case_5588dff112f8887d53342bb0,holdout,shortest_path_to_perturbation,0.027777777778,0.997115982196,1
pb01_case_a940ebc386b90156f02c515a,holdout,shortest_path_to_perturbation,0.062500000000,0.919316120852,1
pb01_case_108ea5a0add7b6e04c4a95a1,holdout,shortest_path_to_perturbation,0.166666666667,0.914800209908,1
pb01_case_bba21757532bb4e54c82c6df,holdout,shortest_path_to_perturbation,0.117647058824,0.931730554249,1
pb01_case_d62f15e3bb6690a82b9bbcb8,holdout,shortest_path_to_perturbation,0.104166666667,0.893714637046,1
pb01_case_5657beac498366791496dc74,holdout,shortest_path_to_perturbation,0.204545454545,0.988057425619,1
pb01_case_f4d2fa48fec30f3be6a357fa,holdout,shortest_path_to_perturbation,0.010416666667,0.979949622694,1
pb01_case_0420c42700f9cbf682de28df,holdout,shortest_path_to_perturbation,0.000000000000,0.997039686741,1
pb01_case_db8da7b9466ca785c2df0849,holdout,shortest_path_to_perturbation,0.044117647059,0.996657105127,1
pb01_case_57355a69b18b541065800542,holdout,shortest_path_to_perturbation,0.166666666667,0.901098741257,1
pb01_case_75dd4ef841c0073d389f7924,holdout,shortest_path_to_perturbation,0.000000000000,0.930330197808,1
pb01_case_4d0e0a192fcaf32158b9fea6,holdout,shortest_path_to_perturbation,0.111842105263,0.939248583374,1
pb01_case_52c5779563a6f771e369a085,holdout,shortest_path_to_perturbation,0.122807017544,0.897448166998,1
pb01_case_5e776b2fc3203166d46e0c65,holdout,shortest_path_to_perturbation,0.076086956522,0.985478642583,1
pb01_case_3e9e34618504923f44bdbc9d,holdout,shortest_path_to_perturbation,0.166666666667,0.980621510130,1
pb01_case_ed28481393b6fbf216cc2a4a,holdout,shortest_path_to_perturbation,0.027777777778,0.998298008271,1
pb01_case_322ea17d72a5bc49021cb8f8,holdout,shortest_path_to_perturbation,0.204545454545,0.997094861245,1
pb01_case_bf2de15bfdb7b0a44e92a28d,holdout,shortest_path_to_perturbation,0.375000000000,0.957638102751,1
pb01_case_51738a825eef6941d988506f,holdout,shortest_path_to_perturbation,0.062500000000,0.893102019754,1
pb01_case_891bacbbbf50a65b4e41b381,holdout,shortest_path_to_perturbation,0.136904761905,0.932368992053,1
pb01_case_4cf8dbef6fc0c2ac115a6640,holdout,shortest_path_to_perturbation,0.125000000000,0.883018726870,1
pb01_case_3aef1a87ea21227bc4ea6bdb,holdout,shortest_path_to_perturbation,0.166666666667,0.987137619357,1
pb01_case_5b9c26b5078671b68fb416c1,holdout,shortest_path_to_perturbation,0.166666666667,0.975614862162,1
pb01_case_9465e45ea662c341fa9208af,holdout,shortest_path_to_perturbation,0.166666666667,0.998157574980,1
pb01_case_bf732460a22142e4f09b9391,holdout,shortest_path_to_perturbation,0.107142857143,0.997396328633,1
pb01_case_fdc40a03707d87a4353ff3c9,holdout,shortest_path_to_perturbation,0.166666666667,0.938799659406,1
pb01_case_5794df6a8b4a0f3856bc0839,holdout,shortest_path_to_perturbation,0.166666666667,0.914563467162,1
pb01_case_4bef8cc597e349e0d7695637,holdout,shortest_path_to_perturbation,0.250000000000,0.932512359966,1
pb01_case_c96498f69d3857cd9c300c75,holdout,shortest_path_to_perturbation,0.234693877551,0.903119282464,1
pb01_case_d518e8ba619f2318cb643389,holdout,shortest_path_to_perturbation,0.250000000000,0.988577135992,1
pb01_case_ce848b9bd78914cc72ae5afc,holdout,shortest_path_to_perturbation,0.218750000000,0.964410269632,1
pb01_case_ba2940c2a9459f79fcea4819,holdout,shortest_path_to_perturbation,0.250000000000,0.999851129711,1
pb01_case_4a8930a14b2465bec0ac8bd1,holdout,shortest_path_to_perturbation,0.204545454545,0.999665498521,1
pb01_case_ca45238f9f4ae843eac8252b,holdout,shortest_path_to_perturbation,0.375000000000,0.944070319335,1
pb01_case_7146e4aea0f25595d8a99709,holdout,shortest_path_to_perturbation,0.166666666667,0.878592799988,1
pb01_case_50b96bc0704ab0e440859ee4,holdout,shortest_path_to_perturbation,0.211956521739,0.941498384998,1
pb01_case_90829e364fd239c4c4f69c4d,holdout,shortest_path_to_perturbation,0.189814814815,0.895416445339,1
pb01_case_bd9b8dc67c6d9fe20bb1f429,holdout,shortest_path_to_perturbation,0.196428571429,0.987419437321,1
pb01_case_04d78ea974572cc928efaa44,holdout,shortest_path_to_perturbation,0.196428571429,0.977757324543,1
pb01_case_85cd43e021f448373bf7af43,holdout,shortest_path_to_perturbation,0.375000000000,0.999975072252,1
pb01_case_3500f34241231d978986a4fc,holdout,shortest_path_to_perturbation,0.107142857143,0.999961659234,1
pb01_case_4f7232749a0a4c60164665bc,holdout,shortest_path_to_perturbation,0.166666666667,0.917508132477,1
pb01_case_50ea036f38632263aa7ddbe1,holdout,shortest_path_to_perturbation,0.062500000000,0.886627594042,1
pb01_case_fdea8f80b16523c6b37b8024,holdout,shortest_path_to_perturbation,0.242424242424,0.928881069363,1
pb01_case_cc558d976b80ba7176413249,holdout,shortest_path_to_perturbation,0.239130434783,0.875675370771,1
pb01_case_430b5500c60b01ea9cb691e3,holdout,shortest_path_to_perturbation,0.166666666667,0.989361357719,1
pb01_case_43993c239c034130ada4d0ff,holdout,shortest_path_to_perturbation,0.166666666667,0.975089715863,1
pb01_case_523cf81cba9ca2ec2cd39cec,holdout,shortest_path_to_perturbation,0.166666666667,0.999831171055,1
pb01_case_04e4f704365bdd4195c6e105,holdout,shortest_path_to_perturbation,0.166666666667,0.999789561158,1
pb01_case_92c8fe282077e6f9ebb22a1c,holdout,shortest_path_to_perturbation,0.166666666667,0.950097998931,1
pb01_case_3f32ef0e36b820883ef7afe7,holdout,shortest_path_to_perturbation,0.166666666667,0.913415720097,1
pb01_case_333ea448640b66e26e8b6d6e,holdout,shortest_path_to_perturbation,0.243421052632,0.925374684477,1
pb01_case_fea96e6c456a1e17d129f599,holdout,shortest_path_to_perturbation,0.227272727273,0.904331835059,1
pb01_case_e4aabf90353471ce73e2d01b,holdout,shortest_path_to_perturbation,0.239130434783,0.985730249702,1
pb01_case_7a0eed2f2e76814780f61ba0,holdout,shortest_path_to_perturbation,0.264705882353,0.979787705290,1
pb01_case_017d8729c4a6c4c597ecd931,holdout,shortest_path_to_perturbation,0.250000000000,0.999994913828,1
pb01_case_2b16fe810eb9b76826aea824,holdout,shortest_path_to_perturbation,0.204545454545,0.999996354775,1
pb01_case_ecd2488638f5491623e8249a,holdout,shortest_path_to_perturbation,0.166666666667,0.933814496904,1
pb01_case_3b7933db9eefb76e91466e3e,holdout,shortest_path_to_perturbation,0.166666666667,0.907211760928,1
pb01_case_fb3320cc5dfbc47596a1598c,holdout,shortest_path_to_perturbation,0.176829268293,0.928102995272,1
pb01_case_7a6b1fe479538b3bdcc90aca,holdout,shortest_path_to_perturbation,0.191176470588,0.898395706670,1
pb01_case_195ed0db4483d002c77f6052,holdout,shortest_path_to_perturbation,0.144736842105,0.986443110810,1
pb01_case_58292c8394d196f03d58a0ff,holdout,shortest_path_to_perturbation,0.147727272727,0.973358983732,1
pb01_case_0a646534cb4a0e9ef51497c6,holdout,shortest_path_to_perturbation,0.107142857143,0.999977327799,1
pb01_case_52783eb94f47cc03884af267,holdout,shortest_path_to_perturbation,0.250000000000,0.999983057517,1
pb01_case_3d5643c8dc1b0b569101d4dc,holdout,shortest_path_to_perturbation,0.166666666667,0.924452347678,1
pb01_case_176c7de3e2a72e8382ce9a59,holdout,shortest_path_to_perturbation,0.062500000000,0.888754202759,1
pb01_case_b7d1b82594682bfe2fbb7e73,holdout,shortest_path_to_perturbation,0.196428571429,0.921239685421,1
pb01_case_df739e05c8fa1c56b88b96d8,holdout,shortest_path_to_perturbation,0.225000000000,0.881040111984,1
pb01_case_cf6f14324b4d8499b04d426f,holdout,shortest_path_to_perturbation,0.150000000000,0.983730165636,1
pb01_case_1ca93f71237d3d3e6ba5fdca,holdout,shortest_path_to_perturbation,0.191176470588,0.978444439410,1
pb01_case_0c5effc868481d8b359f5eda,holdout,shortest_path_to_perturbation,0.204545454545,0.999978329654,1
pb01_case_2b3667036b64374b0f4f26e1,holdout,shortest_path_to_perturbation,0.204545454545,0.999952702803,1
pb01_case_cf094fe3f02b8dc7716c8059,holdout,supervised_graph_spectral_model,0.896777881163,0.914515951329,1
pb01_case_003744c78c67131bb77ed1de,holdout,supervised_graph_spectral_model,0.900276107800,0.910398546348,1
pb01_case_682de38cabfaf7c5f31801f0,holdout,supervised_graph_spectral_model,0.937013641084,0.930195606758,1
pb01_case_0dabbf23cf4843ee3546af2b,holdout,supervised_graph_spectral_model,0.924068399596,0.914641440163,1
pb01_case_0a38d475ae95ee7ca5c2ed1f,holdout,supervised_graph_spectral_model,0.992407966321,0.985327463939,1
pb01_case_ee6c36d4be8fb5c6d63ae2f5,holdout,supervised_graph_spectral_model,0.984363299834,0.975593542870,1
pb01_case_05f76bdc7eb294737f99711b,holdout,supervised_graph_spectral_model,0.969477034342,0.990103174580,1
pb01_case_9e0e7d0f1994757072aaf765,holdout,supervised_graph_spectral_model,0.932981209495,0.978538281951,1
pb01_case_29c5dcc34dd0777623e8d17c,holdout,supervised_graph_spectral_model,0.974849486222,0.978926660620,1
pb01_case_12c492512bd67b63d47f919c,holdout,supervised_graph_spectral_model,0.885303720146,0.894302188024,1
pb01_case_0ee1a021387cb016201f4896,holdout,supervised_graph_spectral_model,0.936492903254,0.934393933484,1
pb01_case_bd70165edb28d1da4f700dc5,holdout,supervised_graph_spectral_model,0.914088691837,0.906416951255,1
pb01_case_f32d86366677d860a98f5ea6,holdout,supervised_graph_spectral_model,0.987275683989,0.985800099005,1
pb01_case_51360afe5018e10844d133df,holdout,supervised_graph_spectral_model,0.980501275344,0.974659752964,1
pb01_case_0cf671353c673332db095045,holdout,supervised_graph_spectral_model,0.976138316652,0.993784949749,1
pb01_case_b6ee63276617a86345c67221,holdout,supervised_graph_spectral_model,0.962324155550,0.993309304551,1
pb01_case_ad5afd90b605370b464fe2d3,holdout,supervised_graph_spectral_model,0.899154632221,0.912365352163,1
pb01_case_8cce5521b1ec48d199006d7f,holdout,supervised_graph_spectral_model,0.899299865472,0.907934971580,1
pb01_case_3119fdecc3f0f93388686eb5,holdout,supervised_graph_spectral_model,0.914776396803,0.921464712808,1
pb01_case_5a0a0fe358a42847ba164c55,holdout,supervised_graph_spectral_model,0.924083394363,0.902965329581,1
pb01_case_a4b3ab7835cb084fd30455ff,holdout,supervised_graph_spectral_model,0.987530332692,0.986183564332,1
pb01_case_630ea011f408ab230379793c,holdout,supervised_graph_spectral_model,0.973019019937,0.977130018890,1
pb01_case_06d98152d28faa38eea1eba5,holdout,supervised_graph_spectral_model,0.967977868551,0.992537910860,1
pb01_case_e892f0f2b65e98342a32ab13,holdout,supervised_graph_spectral_model,0.960890827692,0.988839697092,1
pb01_case_2fe2695e5065c7a87c319e3a,holdout,supervised_graph_spectral_model,0.886446612945,0.892109661181,1
pb01_case_3679101f5ab291362854f45a,holdout,supervised_graph_spectral_model,0.903056719487,0.902476759417,1
pb01_case_241ef78e9dee8645d6d2976e,holdout,supervised_graph_spectral_model,0.934184746539,0.925861912100,1
pb01_case_83bd472dc950af39ceeeaa1e,holdout,supervised_graph_spectral_model,0.907824448756,0.890951164772,1
pb01_case_b9f2f4d2f03afb31c4536e6d,holdout,supervised_graph_spectral_model,0.982746522607,0.984251497153,1
pb01_case_1e4c2062d34a2e0b0a5955a3,holdout,supervised_graph_spectral_model,0.980778625205,0.984731923041,1
pb01_case_04d2eb640a492d085bf809c0,holdout,supervised_graph_spectral_model,0.966121062195,0.991440599969,1
pb01_case_faca2d6e86af304735b260b2,holdout,supervised_graph_spectral_model,0.942345891585,0.992181043993,1
pb01_case_8e56e98a1587c0e1ed82c9e0,holdout,supervised_graph_spectral_model,0.924423597020,0.935327011814,1
pb01_case_0aa017e38055145ac052649d,holdout,supervised_graph_spectral_model,0.936532083954,0.941816616013,1
pb01_case_58de1a6536a6d4279b7afcc8,holdout,supervised_graph_spectral_model,0.945289768419,0.933561790367,1
pb01_case_24badfa2e32d46bacc662ecf,holdout,supervised_graph_spectral_model,0.917068596616,0.912800842480,1
pb01_case_98b66fc22d576da6dc73e8ee,holdout,supervised_graph_spectral_model,0.991493122614,0.990123482476,1
pb01_case_121ba8e9bca20baba1414852,holdout,supervised_graph_spectral_model,0.982639264259,0.976564646321,1
pb01_case_574390b1b426dd08d36c56ac,holdout,supervised_graph_spectral_model,0.956021303543,0.991303139254,1
pb01_case_d04f5e3315d64d8ec84e1e18,holdout,supervised_graph_spectral_model,0.983604213801,0.991625660049,1
pb01_case_7915676508d2f68964d00853,holdout,supervised_graph_spectral_model,0.919828123043,0.931857970947,1
pb01_case_09e11c1dd87912d5c7112d5b,holdout,supervised_graph_spectral_model,0.898082516825,0.905686234066,1
pb01_case_800a709a45e881b1cd3a5564,holdout,supervised_graph_spectral_model,0.953423662994,0.946945945906,1
pb01_case_5f3fbe643f187bc32935aa87,holdout,supervised_graph_spectral_model,0.891276353295,0.888557859236,1
pb01_case_bcb7375e84f63f9ac6d2f3d6,holdout,supervised_graph_spectral_model,0.983240198276,0.985129433180,1
pb01_case_a754595c21d8d40eb59afa6c,holdout,supervised_graph_spectral_model,0.978808038646,0.975029733457,1
pb01_case_bbd482ac81e622ce5a0e1921,holdout,supervised_graph_spectral_model,0.973594201188,0.993110433357,1
pb01_case_f15f542a3d8a60cc8e149249,holdout,supervised_graph_spectral_model,0.980831410955,0.995597147844,1
pb01_case_036e0eb7c9ffea666bcf0051,holdout,supervised_graph_spectral_model,0.900040654626,0.900449239274,1
pb01_case_7d88041de94c13536bfd9a5e,holdout,supervised_graph_spectral_model,0.940179983313,0.943417934833,1
pb01_case_d0c0a111bba2116cea22049c,holdout,supervised_graph_spectral_model,0.927491823471,0.915636201108,1
pb01_case_f99ad8fc261f2c7baf3c3a06,holdout,supervised_graph_spectral_model,0.923511257523,0.915169996554,1
pb01_case_0fac784ae26c48fd452168e9,holdout,supervised_graph_spectral_model,0.998021978002,0.985363561498,1
pb01_case_3dfc02b82896ae2b2289cae1,holdout,supervised_graph_spectral_model,0.993587582205,0.968444667326,1
pb01_case_2a5d457d7dea2c78c49b5d5c,holdout,supervised_graph_spectral_model,0.979195104228,0.998660110983,1
pb01_case_557f83a5e445882e6b5b73b6,holdout,supervised_graph_spectral_model,0.958883831383,0.997569544711,1
pb01_case_4e094ca8989f1ca3aa76d281,holdout,supervised_graph_spectral_model,0.929729658693,0.933925340724,1
pb01_case_4a759622ea529983b8569aac,holdout,supervised_graph_spectral_model,0.930961891565,0.934035185288,1
pb01_case_c81819a3122c373eb230d386,holdout,supervised_graph_spectral_model,0.884111423486,0.885758291921,1
pb01_case_245672b03baf648b4fec7d4f,holdout,supervised_graph_spectral_model,0.905087340949,0.886175954090,1
pb01_case_87a784ca438f724a0f913d87,holdout,supervised_graph_spectral_model,0.981116372505,0.987591165132,1
pb01_case_482f108475ab0124e8c4e7c8,holdout,supervised_graph_spectral_model,0.980871719602,0.986129214786,1
pb01_case_9439156ff52ee312711c8f7d,holdout,supervised_graph_spectral_model,0.962891108759,0.997107813089,1
pb01_case_ce1833edab644155eeebfb0d,holdout,supervised_graph_spectral_model,0.945747380109,0.994189909674,1
pb01_case_9af03b0a741e69653513ef3f,holdout,supervised_graph_spectral_model,0.894594918223,0.887691239105,1
pb01_case_d912af3b5f96eef25c45b2ed,holdout,supervised_graph_spectral_model,0.920328579232,0.921370416397,1
pb01_case_29620fddb3c6e4fc1a5bc8f4,holdout,supervised_graph_spectral_model,0.945988679008,0.926940512230,1
pb01_case_b384f6f934da9a4083e3220c,holdout,supervised_graph_spectral_model,0.879934910022,0.870487165259,1
pb01_case_b194956cd498a26c090e1a4e,holdout,supervised_graph_spectral_model,0.997354670128,0.991438410889,1
pb01_case_79601ac0bfd0ed4ca5f06925,holdout,supervised_graph_spectral_model,0.989927240429,0.971352190509,1
pb01_case_ad7a7b1d8f06cf99fb94cca8,holdout,supervised_graph_spectral_model,0.985541525791,0.997976660179,1
pb01_case_5588dff112f8887d53342bb0,holdout,supervised_graph_spectral_model,0.964442082728,0.997115982196,1
pb01_case_a940ebc386b90156f02c515a,holdout,supervised_graph_spectral_model,0.913381169987,0.919316120852,1
pb01_case_108ea5a0add7b6e04c4a95a1,holdout,supervised_graph_spectral_model,0.909219303193,0.914800209908,1
pb01_case_bba21757532bb4e54c82c6df,holdout,supervised_graph_spectral_model,0.935972403877,0.931730554249,1
pb01_case_d62f15e3bb6690a82b9bbcb8,holdout,supervised_graph_spectral_model,0.905796252708,0.893714637046,1
pb01_case_5657beac498366791496dc74,holdout,supervised_graph_spectral_model,0.979138115322,0.988057425619,1
pb01_case_f4d2fa48fec30f3be6a357fa,holdout,supervised_graph_spectral_model,0.975420604515,0.979949622694,1
pb01_case_0420c42700f9cbf682de28df,holdout,supervised_graph_spectral_model,0.966763239657,0.997039686741,1
pb01_case_db8da7b9466ca785c2df0849,holdout,supervised_graph_spectral_model,0.950718922011,0.996657105127,1
pb01_case_57355a69b18b541065800542,holdout,supervised_graph_spectral_model,0.891696625304,0.901098741257,1
pb01_case_75dd4ef841c0073d389f7924,holdout,supervised_graph_spectral_model,0.917284713271,0.930330197808,1
pb01_case_4d0e0a192fcaf32158b9fea6,holdout,supervised_graph_spectral_model,0.944297391208,0.939248583374,1
pb01_case_52c5779563a6f771e369a085,holdout,supervised_graph_spectral_model,0.901051942152,0.897448166998,1
pb01_case_5e776b2fc3203166d46e0c65,holdout,supervised_graph_spectral_model,0.980699840008,0.985478642583,1
pb01_case_3e9e34618504923f44bdbc9d,holdout,supervised_graph_spectral_model,0.977456804565,0.980621510130,1
pb01_case_ed28481393b6fbf216cc2a4a,holdout,supervised_graph_spectral_model,0.956896912582,0.998298008271,1
pb01_case_322ea17d72a5bc49021cb8f8,holdout,supervised_graph_spectral_model,0.965792723317,0.997094861245,1
pb01_case_bf2de15bfdb7b0a44e92a28d,holdout,supervised_graph_spectral_model,0.957341145632,0.957638102751,1
pb01_case_51738a825eef6941d988506f,holdout,supervised_graph_spectral_model,0.882599751565,0.893102019754,1
pb01_case_891bacbbbf50a65b4e41b381,holdout,supervised_graph_spectral_model,0.943296039157,0.932368992053,1
pb01_case_4cf8dbef6fc0c2ac115a6640,holdout,supervised_graph_spectral_model,0.888151516537,0.883018726870,1
pb01_case_3aef1a87ea21227bc4ea6bdb,holdout,supervised_graph_spectral_model,0.980836829106,0.987137619357,1
pb01_case_5b9c26b5078671b68fb416c1,holdout,supervised_graph_spectral_model,0.979236745539,0.975614862162,1
pb01_case_9465e45ea662c341fa9208af,holdout,supervised_graph_spectral_model,0.971096699537,0.998157574980,1
pb01_case_bf732460a22142e4f09b9391,holdout,supervised_graph_spectral_model,0.954770425812,0.997396328633,1
pb01_case_fdc40a03707d87a4353ff3c9,holdout,supervised_graph_spectral_model,0.937122295427,0.938799659406,1
pb01_case_5794df6a8b4a0f3856bc0839,holdout,supervised_graph_spectral_model,0.908633662013,0.914563467162,1
pb01_case_4bef8cc597e349e0d7695637,holdout,supervised_graph_spectral_model,0.953691369638,0.932512359966,1
pb01_case_c96498f69d3857cd9c300c75,holdout,supervised_graph_spectral_model,0.908088809157,0.903119282464,1
pb01_case_d518e8ba619f2318cb643389,holdout,supervised_graph_spectral_model,1.000000000000,0.988577135992,1
pb01_case_ce848b9bd78914cc72ae5afc,holdout,supervised_graph_spectral_model,0.988136903102,0.964410269632,1
pb01_case_ba2940c2a9459f79fcea4819,holdout,supervised_graph_spectral_model,0.990795107327,0.999851129711,1
pb01_case_4a8930a14b2465bec0ac8bd1,holdout,supervised_graph_spectral_model,0.973463172233,0.999665498521,1
pb01_case_ca45238f9f4ae843eac8252b,holdout,supervised_graph_spectral_model,0.948666807713,0.944070319335,1
pb01_case_7146e4aea0f25595d8a99709,holdout,supervised_graph_spectral_model,0.877234874168,0.878592799988,1
pb01_case_50b96bc0704ab0e440859ee4,holdout,supervised_graph_spectral_model,0.959397482774,0.941498384998,1
pb01_case_90829e364fd239c4c4f69c4d,holdout,supervised_graph_spectral_model,0.912843716847,0.895416445339,1
pb01_case_bd9b8dc67c6d9fe20bb1f429,holdout,supervised_graph_spectral_model,0.991133292565,0.987419437321,1
pb01_case_04d78ea974572cc928efaa44,holdout,supervised_graph_spectral_model,0.986374874316,0.977757324543,1
pb01_case_85cd43e021f448373bf7af43,holdout,supervised_graph_spectral_model,0.983783736059,0.999975072252,1
pb01_case_3500f34241231d978986a4fc,holdout,supervised_graph_spectral_model,0.983663745098,0.999961659234,1
pb01_case_4f7232749a0a4c60164665bc,holdout,supervised_graph_spectral_model,0.913526948152,0.917508132477,1
pb01_case_50ea036f38632263aa7ddbe1,holdout,supervised_graph_spectral_model,0.878497818269,0.886627594042,1
pb01_case_fdea8f80b16523c6b37b8024,holdout,supervised_graph_spectral_model,0.938456724112,0.928881069363,1
pb01_case_cc558d976b80ba7176413249,holdout,supervised_graph_spectral_model,0.899285691094,0.875675370771,1
pb01_case_430b5500c60b01ea9cb691e3,holdout,supervised_graph_spectral_model,0.991328358422,0.989361357719,1
pb01_case_43993c239c034130ada4d0ff,holdout,supervised_graph_spectral_model,0.982937038335,0.975089715863,1
pb01_case_523cf81cba9ca2ec2cd39cec,holdout,supervised_graph_spectral_model,0.973400665763,0.999831171055,1
pb01_case_04e4f704365bdd4195c6e105,holdout,supervised_graph_spectral_model,0.956224606964,0.999789561158,1
pb01_case_92c8fe282077e6f9ebb22a1c,holdout,supervised_graph_spectral_model,0.947065427816,0.950097998931,1
pb01_case_3f32ef0e36b820883ef7afe7,holdout,supervised_graph_spectral_model,0.911889731477,0.913415720097,1
pb01_case_333ea448640b66e26e8b6d6e,holdout,supervised_graph_spectral_model,0.941329348888,0.925374684477,1
pb01_case_fea96e6c456a1e17d129f599,holdout,supervised_graph_spectral_model,0.915196618298,0.904331835059,1
pb01_case_e4aabf90353471ce73e2d01b,holdout,supervised_graph_spectral_model,0.989372238078,0.985730249702,1
pb01_case_7a0eed2f2e76814780f61ba0,holdout,supervised_graph_spectral_model,0.985658148088,0.979787705290,1
pb01_case_017d8729c4a6c4c597ecd931,holdout,supervised_graph_spectral_model,0.981736263308,0.999994913828,1
pb01_case_2b16fe810eb9b76826aea824,holdout,supervised_graph_spectral_model,0.976119265826,0.999996354775,1
pb01_case_ecd2488638f5491623e8249a,holdout,supervised_graph_spectral_model,0.932100067118,0.933814496904,1
pb01_case_3b7933db9eefb76e91466e3e,holdout,supervised_graph_spectral_model,0.903744656510,0.907211760928,1
pb01_case_fb3320cc5dfbc47596a1598c,holdout,supervised_graph_spectral_model,0.945320178425,0.928102995272,1
pb01_case_7a6b1fe479538b3bdcc90aca,holdout,supervised_graph_spectral_model,0.920813534632,0.898395706670,1
pb01_case_195ed0db4483d002c77f6052,holdout,supervised_graph_spectral_model,0.992447551644,0.986443110810,1
pb01_case_58292c8394d196f03d58a0ff,holdout,supervised_graph_spectral_model,0.982376298513,0.973358983732,1
pb01_case_0a646534cb4a0e9ef51497c6,holdout,supervised_graph_spectral_model,0.982449562244,0.999977327799,1
pb01_case_52783eb94f47cc03884af267,holdout,supervised_graph_spectral_model,0.970182620021,0.999983057517,1
pb01_case_3d5643c8dc1b0b569101d4dc,holdout,supervised_graph_spectral_model,0.923880625725,0.924452347678,1
pb01_case_176c7de3e2a72e8382ce9a59,holdout,supervised_graph_spectral_model,0.885036670583,0.888754202759,1
pb01_case_b7d1b82594682bfe2fbb7e73,holdout,supervised_graph_spectral_model,0.934514055619,0.921239685421,1
pb01_case_df739e05c8fa1c56b88b96d8,holdout,supervised_graph_spectral_model,0.910780003205,0.881040111984,1
pb01_case_cf6f14324b4d8499b04d426f,holdout,supervised_graph_spectral_model,0.993521782720,0.983730165636,1
pb01_case_1ca93f71237d3d3e6ba5fdca,holdout,supervised_graph_spectral_model,0.989385217159,0.978444439410,1
pb01_case_0c5effc868481d8b359f5eda,holdout,supervised_graph_spectral_model,0.988058592736,0.999978329654,1
pb01_case_2b3667036b64374b0f4f26e1,holdout,supervised_graph_spectral_model,0.976645421535,0.999952702803,1
pb01_case_cf094fe3f02b8dc7716c8059,holdout,leakage_positive_control,0.914515951329,0.914515951329,1
pb01_case_003744c78c67131bb77ed1de,holdout,leakage_positive_control,0.910398546348,0.910398546348,1
pb01_case_682de38cabfaf7c5f31801f0,holdout,leakage_positive_control,0.930195606758,0.930195606758,1
pb01_case_0dabbf23cf4843ee3546af2b,holdout,leakage_positive_control,0.914641440163,0.914641440163,1
pb01_case_0a38d475ae95ee7ca5c2ed1f,holdout,leakage_positive_control,0.985327463939,0.985327463939,1
pb01_case_ee6c36d4be8fb5c6d63ae2f5,holdout,leakage_positive_control,0.975593542870,0.975593542870,1
pb01_case_05f76bdc7eb294737f99711b,holdout,leakage_positive_control,0.990103174580,0.990103174580,1
pb01_case_9e0e7d0f1994757072aaf765,holdout,leakage_positive_control,0.978538281951,0.978538281951,1
pb01_case_29c5dcc34dd0777623e8d17c,holdout,leakage_positive_control,0.978926660620,0.978926660620,1
pb01_case_12c492512bd67b63d47f919c,holdout,leakage_positive_control,0.894302188024,0.894302188024,1
pb01_case_0ee1a021387cb016201f4896,holdout,leakage_positive_control,0.934393933484,0.934393933484,1
pb01_case_bd70165edb28d1da4f700dc5,holdout,leakage_positive_control,0.906416951255,0.906416951255,1
pb01_case_f32d86366677d860a98f5ea6,holdout,leakage_positive_control,0.985800099005,0.985800099005,1
pb01_case_51360afe5018e10844d133df,holdout,leakage_positive_control,0.974659752964,0.974659752964,1
pb01_case_0cf671353c673332db095045,holdout,leakage_positive_control,0.993784949749,0.993784949749,1
pb01_case_b6ee63276617a86345c67221,holdout,leakage_positive_control,0.993309304551,0.993309304551,1
pb01_case_ad5afd90b605370b464fe2d3,holdout,leakage_positive_control,0.912365352163,0.912365352163,1
pb01_case_8cce5521b1ec48d199006d7f,holdout,leakage_positive_control,0.907934971580,0.907934971580,1
pb01_case_3119fdecc3f0f93388686eb5,holdout,leakage_positive_control,0.921464712808,0.921464712808,1
pb01_case_5a0a0fe358a42847ba164c55,holdout,leakage_positive_control,0.902965329581,0.902965329581,1
pb01_case_a4b3ab7835cb084fd30455ff,holdout,leakage_positive_control,0.986183564332,0.986183564332,1
pb01_case_630ea011f408ab230379793c,holdout,leakage_positive_control,0.977130018890,0.977130018890,1
pb01_case_06d98152d28faa38eea1eba5,holdout,leakage_positive_control,0.992537910860,0.992537910860,1
pb01_case_e892f0f2b65e98342a32ab13,holdout,leakage_positive_control,0.988839697092,0.988839697092,1
pb01_case_2fe2695e5065c7a87c319e3a,holdout,leakage_positive_control,0.892109661181,0.892109661181,1
pb01_case_3679101f5ab291362854f45a,holdout,leakage_positive_control,0.902476759417,0.902476759417,1
pb01_case_241ef78e9dee8645d6d2976e,holdout,leakage_positive_control,0.925861912100,0.925861912100,1
pb01_case_83bd472dc950af39ceeeaa1e,holdout,leakage_positive_control,0.890951164772,0.890951164772,1
pb01_case_b9f2f4d2f03afb31c4536e6d,holdout,leakage_positive_control,0.984251497153,0.984251497153,1
pb01_case_1e4c2062d34a2e0b0a5955a3,holdout,leakage_positive_control,0.984731923041,0.984731923041,1
pb01_case_04d2eb640a492d085bf809c0,holdout,leakage_positive_control,0.991440599969,0.991440599969,1
pb01_case_faca2d6e86af304735b260b2,holdout,leakage_positive_control,0.992181043993,0.992181043993,1
pb01_case_8e56e98a1587c0e1ed82c9e0,holdout,leakage_positive_control,0.935327011814,0.935327011814,1
pb01_case_0aa017e38055145ac052649d,holdout,leakage_positive_control,0.941816616013,0.941816616013,1
pb01_case_58de1a6536a6d4279b7afcc8,holdout,leakage_positive_control,0.933561790367,0.933561790367,1
pb01_case_24badfa2e32d46bacc662ecf,holdout,leakage_positive_control,0.912800842480,0.912800842480,1
pb01_case_98b66fc22d576da6dc73e8ee,holdout,leakage_positive_control,0.990123482476,0.990123482476,1
pb01_case_121ba8e9bca20baba1414852,holdout,leakage_positive_control,0.976564646321,0.976564646321,1
pb01_case_574390b1b426dd08d36c56ac,holdout,leakage_positive_control,0.991303139254,0.991303139254,1
pb01_case_d04f5e3315d64d8ec84e1e18,holdout,leakage_positive_control,0.991625660049,0.991625660049,1
pb01_case_7915676508d2f68964d00853,holdout,leakage_positive_control,0.931857970947,0.931857970947,1
pb01_case_09e11c1dd87912d5c7112d5b,holdout,leakage_positive_control,0.905686234066,0.905686234066,1
pb01_case_800a709a45e881b1cd3a5564,holdout,leakage_positive_control,0.946945945906,0.946945945906,1
pb01_case_5f3fbe643f187bc32935aa87,holdout,leakage_positive_control,0.888557859236,0.888557859236,1
pb01_case_bcb7375e84f63f9ac6d2f3d6,holdout,leakage_positive_control,0.985129433180,0.985129433180,1
pb01_case_a754595c21d8d40eb59afa6c,holdout,leakage_positive_control,0.975029733457,0.975029733457,1
pb01_case_bbd482ac81e622ce5a0e1921,holdout,leakage_positive_control,0.993110433357,0.993110433357,1
pb01_case_f15f542a3d8a60cc8e149249,holdout,leakage_positive_control,0.995597147844,0.995597147844,1
pb01_case_036e0eb7c9ffea666bcf0051,holdout,leakage_positive_control,0.900449239274,0.900449239274,1
pb01_case_7d88041de94c13536bfd9a5e,holdout,leakage_positive_control,0.943417934833,0.943417934833,1
pb01_case_d0c0a111bba2116cea22049c,holdout,leakage_positive_control,0.915636201108,0.915636201108,1
pb01_case_f99ad8fc261f2c7baf3c3a06,holdout,leakage_positive_control,0.915169996554,0.915169996554,1
pb01_case_0fac784ae26c48fd452168e9,holdout,leakage_positive_control,0.985363561498,0.985363561498,1
pb01_case_3dfc02b82896ae2b2289cae1,holdout,leakage_positive_control,0.968444667326,0.968444667326,1
pb01_case_2a5d457d7dea2c78c49b5d5c,holdout,leakage_positive_control,0.998660110983,0.998660110983,1
pb01_case_557f83a5e445882e6b5b73b6,holdout,leakage_positive_control,0.997569544711,0.997569544711,1
pb01_case_4e094ca8989f1ca3aa76d281,holdout,leakage_positive_control,0.933925340724,0.933925340724,1
pb01_case_4a759622ea529983b8569aac,holdout,leakage_positive_control,0.934035185288,0.934035185288,1
pb01_case_c81819a3122c373eb230d386,holdout,leakage_positive_control,0.885758291921,0.885758291921,1
pb01_case_245672b03baf648b4fec7d4f,holdout,leakage_positive_control,0.886175954090,0.886175954090,1
pb01_case_87a784ca438f724a0f913d87,holdout,leakage_positive_control,0.987591165132,0.987591165132,1
pb01_case_482f108475ab0124e8c4e7c8,holdout,leakage_positive_control,0.986129214786,0.986129214786,1
pb01_case_9439156ff52ee312711c8f7d,holdout,leakage_positive_control,0.997107813089,0.997107813089,1
pb01_case_ce1833edab644155eeebfb0d,holdout,leakage_positive_control,0.994189909674,0.994189909674,1
pb01_case_9af03b0a741e69653513ef3f,holdout,leakage_positive_control,0.887691239105,0.887691239105,1
pb01_case_d912af3b5f96eef25c45b2ed,holdout,leakage_positive_control,0.921370416397,0.921370416397,1
pb01_case_29620fddb3c6e4fc1a5bc8f4,holdout,leakage_positive_control,0.926940512230,0.926940512230,1
pb01_case_b384f6f934da9a4083e3220c,holdout,leakage_positive_control,0.870487165259,0.870487165259,1
pb01_case_b194956cd498a26c090e1a4e,holdout,leakage_positive_control,0.991438410889,0.991438410889,1
pb01_case_79601ac0bfd0ed4ca5f06925,holdout,leakage_positive_control,0.971352190509,0.971352190509,1
pb01_case_ad7a7b1d8f06cf99fb94cca8,holdout,leakage_positive_control,0.997976660179,0.997976660179,1
pb01_case_5588dff112f8887d53342bb0,holdout,leakage_positive_control,0.997115982196,0.997115982196,1
pb01_case_a940ebc386b90156f02c515a,holdout,leakage_positive_control,0.919316120852,0.919316120852,1
pb01_case_108ea5a0add7b6e04c4a95a1,holdout,leakage_positive_control,0.914800209908,0.914800209908,1
pb01_case_bba21757532bb4e54c82c6df,holdout,leakage_positive_control,0.931730554249,0.931730554249,1
pb01_case_d62f15e3bb6690a82b9bbcb8,holdout,leakage_positive_control,0.893714637046,0.893714637046,1
pb01_case_5657beac498366791496dc74,holdout,leakage_positive_control,0.988057425619,0.988057425619,1
pb01_case_f4d2fa48fec30f3be6a357fa,holdout,leakage_positive_control,0.979949622694,0.979949622694,1
pb01_case_0420c42700f9cbf682de28df,holdout,leakage_positive_control,0.997039686741,0.997039686741,1
pb01_case_db8da7b9466ca785c2df0849,holdout,leakage_positive_control,0.996657105127,0.996657105127,1
pb01_case_57355a69b18b541065800542,holdout,leakage_positive_control,0.901098741257,0.901098741257,1
pb01_case_75dd4ef841c0073d389f7924,holdout,leakage_positive_control,0.930330197808,0.930330197808,1
pb01_case_4d0e0a192fcaf32158b9fea6,holdout,leakage_positive_control,0.939248583374,0.939248583374,1
pb01_case_52c5779563a6f771e369a085,holdout,leakage_positive_control,0.897448166998,0.897448166998,1
pb01_case_5e776b2fc3203166d46e0c65,holdout,leakage_positive_control,0.985478642583,0.985478642583,1
pb01_case_3e9e34618504923f44bdbc9d,holdout,leakage_positive_control,0.980621510130,0.980621510130,1
pb01_case_ed28481393b6fbf216cc2a4a,holdout,leakage_positive_control,0.998298008271,0.998298008271,1
pb01_case_322ea17d72a5bc49021cb8f8,holdout,leakage_positive_control,0.997094861245,0.997094861245,1
pb01_case_bf2de15bfdb7b0a44e92a28d,holdout,leakage_positive_control,0.957638102751,0.957638102751,1
pb01_case_51738a825eef6941d988506f,holdout,leakage_positive_control,0.893102019754,0.893102019754,1
pb01_case_891bacbbbf50a65b4e41b381,holdout,leakage_positive_control,0.932368992053,0.932368992053,1
pb01_case_4cf8dbef6fc0c2ac115a6640,holdout,leakage_positive_control,0.883018726870,0.883018726870,1
pb01_case_3aef1a87ea21227bc4ea6bdb,holdout,leakage_positive_control,0.987137619357,0.987137619357,1
pb01_case_5b9c26b5078671b68fb416c1,holdout,leakage_positive_control,0.975614862162,0.975614862162,1
pb01_case_9465e45ea662c341fa9208af,holdout,leakage_positive_control,0.998157574980,0.998157574980,1
pb01_case_bf732460a22142e4f09b9391,holdout,leakage_positive_control,0.997396328633,0.997396328633,1
pb01_case_fdc40a03707d87a4353ff3c9,holdout,leakage_positive_control,0.938799659406,0.938799659406,1
pb01_case_5794df6a8b4a0f3856bc0839,holdout,leakage_positive_control,0.914563467162,0.914563467162,1
pb01_case_4bef8cc597e349e0d7695637,holdout,leakage_positive_control,0.932512359966,0.932512359966,1
pb01_case_c96498f69d3857cd9c300c75,holdout,leakage_positive_control,0.903119282464,0.903119282464,1
pb01_case_d518e8ba619f2318cb643389,holdout,leakage_positive_control,0.988577135992,0.988577135992,1
pb01_case_ce848b9bd78914cc72ae5afc,holdout,leakage_positive_control,0.964410269632,0.964410269632,1
pb01_case_ba2940c2a9459f79fcea4819,holdout,leakage_positive_control,0.999851129711,0.999851129711,1
pb01_case_4a8930a14b2465bec0ac8bd1,holdout,leakage_positive_control,0.999665498521,0.999665498521,1
pb01_case_ca45238f9f4ae843eac8252b,holdout,leakage_positive_control,0.944070319335,0.944070319335,1
pb01_case_7146e4aea0f25595d8a99709,holdout,leakage_positive_control,0.878592799988,0.878592799988,1
pb01_case_50b96bc0704ab0e440859ee4,holdout,leakage_positive_control,0.941498384998,0.941498384998,1
pb01_case_90829e364fd239c4c4f69c4d,holdout,leakage_positive_control,0.895416445339,0.895416445339,1
pb01_case_bd9b8dc67c6d9fe20bb1f429,holdout,leakage_positive_control,0.987419437321,0.987419437321,1
pb01_case_04d78ea974572cc928efaa44,holdout,leakage_positive_control,0.977757324543,0.977757324543,1
pb01_case_85cd43e021f448373bf7af43,holdout,leakage_positive_control,0.999975072252,0.999975072252,1
pb01_case_3500f34241231d978986a4fc,holdout,leakage_positive_control,0.999961659234,0.999961659234,1
pb01_case_4f7232749a0a4c60164665bc,holdout,leakage_positive_control,0.917508132477,0.917508132477,1
pb01_case_50ea036f38632263aa7ddbe1,holdout,leakage_positive_control,0.886627594042,0.886627594042,1
pb01_case_fdea8f80b16523c6b37b8024,holdout,leakage_positive_control,0.928881069363,0.928881069363,1
pb01_case_cc558d976b80ba7176413249,holdout,leakage_positive_control,0.875675370771,0.875675370771,1
pb01_case_430b5500c60b01ea9cb691e3,holdout,leakage_positive_control,0.989361357719,0.989361357719,1
pb01_case_43993c239c034130ada4d0ff,holdout,leakage_positive_control,0.975089715863,0.975089715863,1
pb01_case_523cf81cba9ca2ec2cd39cec,holdout,leakage_positive_control,0.999831171055,0.999831171055,1
pb01_case_04e4f704365bdd4195c6e105,holdout,leakage_positive_control,0.999789561158,0.999789561158,1
pb01_case_92c8fe282077e6f9ebb22a1c,holdout,leakage_positive_control,0.950097998931,0.950097998931,1
pb01_case_3f32ef0e36b820883ef7afe7,holdout,leakage_positive_control,0.913415720097,0.913415720097,1
pb01_case_333ea448640b66e26e8b6d6e,holdout,leakage_positive_control,0.925374684477,0.925374684477,1
pb01_case_fea96e6c456a1e17d129f599,holdout,leakage_positive_control,0.904331835059,0.904331835059,1
pb01_case_e4aabf90353471ce73e2d01b,holdout,leakage_positive_control,0.985730249702,0.985730249702,1
pb01_case_7a0eed2f2e76814780f61ba0,holdout,leakage_positive_control,0.979787705290,0.979787705290,1
pb01_case_017d8729c4a6c4c597ecd931,holdout,leakage_positive_control,0.999994913828,0.999994913828,1
pb01_case_2b16fe810eb9b76826aea824,holdout,leakage_positive_control,0.999996354775,0.999996354775,1
pb01_case_ecd2488638f5491623e8249a,holdout,leakage_positive_control,0.933814496904,0.933814496904,1
pb01_case_3b7933db9eefb76e91466e3e,holdout,leakage_positive_control,0.907211760928,0.907211760928,1
pb01_case_fb3320cc5dfbc47596a1598c,holdout,leakage_positive_control,0.928102995272,0.928102995272,1
pb01_case_7a6b1fe479538b3bdcc90aca,holdout,leakage_positive_control,0.898395706670,0.898395706670,1
pb01_case_195ed0db4483d002c77f6052,holdout,leakage_positive_control,0.986443110810,0.986443110810,1
pb01_case_58292c8394d196f03d58a0ff,holdout,leakage_positive_control,0.973358983732,0.973358983732,1
pb01_case_0a646534cb4a0e9ef51497c6,holdout,leakage_positive_control,0.999977327799,0.999977327799,1
pb01_case_52783eb94f47cc03884af267,holdout,leakage_positive_control,0.999983057517,0.999983057517,1
pb01_case_3d5643c8dc1b0b569101d4dc,holdout,leakage_positive_control,0.924452347678,0.924452347678,1
pb01_case_176c7de3e2a72e8382ce9a59,holdout,leakage_positive_control,0.888754202759,0.888754202759,1
pb01_case_b7d1b82594682bfe2fbb7e73,holdout,leakage_positive_control,0.921239685421,0.921239685421,1
pb01_case_df739e05c8fa1c56b88b96d8,holdout,leakage_positive_control,0.881040111984,0.881040111984,1
pb01_case_cf6f14324b4d8499b04d426f,holdout,leakage_positive_control,0.983730165636,0.983730165636,1
pb01_case_1ca93f71237d3d3e6ba5fdca,holdout,leakage_positive_control,0.978444439410,0.978444439410,1
pb01_case_0c5effc868481d8b359f5eda,holdout,leakage_positive_control,0.999978329654,0.999978329654,1
pb01_case_2b3667036b64374b0f4f26e1,holdout,leakage_positive_control,0.999952702803,0.999952702803,1
