case_id,split,graph_family,graph_seed,n_nodes,perturbation,severity,affected_nodes,recovery_time,final_residual_error,post_recovery_similarity,recovered_label,recovery_quality,affected_betweenness,affected_closeness,affected_degree,affected_eigenvector,affected_pagerank,algebraic_connectivity,domain_diffusion_early_probe,graph_density,graph_n_nodes,haos_causal_depth_proxy,haos_distance_surrogate_proxy,haos_invariant_overlap,haos_persistence_proxy,haos_recovery_score_proxy,haos_temporal_order_stability,shortest_path_to_perturbation
pb01_case_09d31e41be9a1ec3435f03e1,development,erdos_renyi,101,24,node_removal,0.160000,15,0,0.034379739178,0.987672844958,1,0.937491383312,0.123107033773,0.782608695652,0.465733971095,0.526599784651,0.499680051846,1.184077330652,0.964079623122,0.260869565217,24.000000000000,0.342857142857,0.925264644233,0.993467188578,0.000000000000,0.964079623122,1.000000000000,0.333333333333
pb01_case_89110a7c8dc12d37b16ce47e,development,erdos_renyi,101,24,node_removal,0.280000,6,0,0.046632305517,0.977244163142,1,0.915213989970,0.236597692448,0.857142857143,0.642444580904,0.715871796856,0.650003428778,1.184077330652,0.955147712459,0.260869565217,24.000000000000,0.363636363636,0.934592694261,0.977332386116,0.000000000000,0.955147712459,1.000000000000,0.333333333333
pb01_case_f665332944becf2893d8a90d,development,erdos_renyi,101,24,edge_removal,0.160000,2 3 4 5 6 7 9 11 15 16 17 18 20 21 22 23,0,0.038346982482,0.984631516264,1,0.930278213670,0.397478412033,0.863120303222,0.676692058425,0.709062001183,0.688263608659,1.184077330652,0.967234970626,0.260869565217,24.000000000000,0.750000000000,0.987540607093,1.000000000000,0.640917264898,0.967234970626,0.333333333333,0.410256410256
pb01_case_b3df37a65e6dc39ce9df99a2,development,erdos_renyi,101,24,edge_removal,0.280000,2 3 4 5 6 7 8 9 10 11 12 13 14 15 16 18 19 20 21 22 23,0,0.040987820021,0.982232227847,1,0.925476690871,0.384251873567,0.852002182396,0.647395539920,0.690800034869,0.662415864566,1.184077330652,0.965166732995,0.260869565217,24.000000000000,0.888888888889,0.996405443854,1.000000000000,0.322547961238,0.965166732995,0.333333333333,0.411764705882
pb01_case_2283c97d16cc0d5227102d08,development,erdos_renyi,101,24,weight_degradation,0.160000,1 7 16 17 18 22,0,0.006669898822,0.999519602389,1,0.987872911233,0.307565894069,0.808749035139,0.626000986622,0.603297461528,0.647744751222,1.184077330652,0.983672102761,0.260869565217,24.000000000000,0.521739130435,0.962910254152,1.000000000000,0.997547965868,0.983672102761,1.000000000000,0.352941176471
pb01_case_0bf29478fa7f531bdfd85096,development,erdos_renyi,101,24,weight_degradation,0.280000,0 1 2 17 20 21,0,0.010374917150,0.998848351062,1,0.981136514273,0.373291657346,0.841502510750,0.606280074867,0.609647306843,0.630392202110,1.184077330652,0.982690385117,0.260869565217,24.000000000000,0.510638297872,0.961651649091,1.000000000000,0.986941017244,0.982690385117,1.000000000000,0.352941176471
pb01_case_e945c633a70ad5719723bc0b,development,erdos_renyi,101,24,localized_state_shock,0.160000,11 12 13,0,0.000003766986,0.999999999846,1,0.999993150934,0.589266633874,0.850739418664,0.667400688822,0.679115976731,0.696582525903,1.184077330652,0.989258185582,0.260869565217,24.000000000000,0.444444444444,0.954143393814,0.992783392210,1.000000000000,0.989258185582,1.000000000000,0.500000000000
pb01_case_e476d48906a232e5462a3f1b,development,erdos_renyi,101,24,localized_state_shock,0.280000,9 10 11 14,0,0.000006487929,0.999999999545,1,0.999988203766,0.718403464132,0.923986486486,0.797890872095,0.839727777671,0.800584119945,1.184077330652,0.979470030743,0.260869565217,24.000000000000,0.489795918367,0.961581232697,0.972460520829,1.000000000000,0.979470030743,1.000000000000,0.500000000000
pb01_case_bc886d2cafb6a877f9761014,development,erdos_renyi,102,24,node_removal,0.160000,8,0,0.046840088008,0.976553005738,1,0.914836203621,0.122826458081,0.808510638298,0.688733849193,0.611139422531,0.712584743150,0.912124019384,0.954864681362,0.235507246377,24.000000000000,0.338028169014,0.926194997215,0.977132293215,0.000000000000,0.954864681362,1.000000000000,0.333333333333
pb01_case_7bf0c406ea7136f954df5a6b,development,erdos_renyi,102,24,node_removal,0.280000,10,0,0.065932648971,0.953459378175,1,0.880122456416,1.000000000000,1.000000000000,1.000000000000,0.869080114833,1.000000000000,0.912124019384,0.937121479005,0.235507246377,24.000000000000,0.387096774194,0.939137391593,0.953368240684,0.000000000000,0.937121479005,1.000000000000,1.000000000000
pb01_case_0815d32b04ca7dd1385684c9,development,erdos_renyi,102,24,edge_removal,0.160000,0 1 2 3 4 6 7 8 9 10 11 12 13 16 21 23,0,0.030663795049,0.989622609617,1,0.944247645365,0.375293840726,0.859564853380,0.742934566852,0.715666160304,0.757970556554,0.912124019384,0.969491556494,0.235507246377,24.000000000000,0.750000000000,0.987296264011,1.000000000000,0.683010089417,0.969491556494,1.000000000000,0.400000000000
pb01_case_cb171cf75eeae0ae40c3d039,development,erdos_renyi,102,24,edge_removal,0.280000,0 1 2 3 6 7 8 10 11 13 14 15 17 19 20 21 22 23,0,0.070278902924,0.949405308310,1,0.872220176502,0.341440739246,0.834989884174,0.694724840965,0.648684326199,0.720798011529,0.912124019384,0.942499684627,0.235507246377,24.000000000000,0.800000000000,0.990219251831,1.000000000000,0.199618555467,0.942499684627,0.000000000000,0.391304347826
pb01_case_b6fb786660fa5bfb4fa0c005,development,erdos_renyi,102,24,weight_degradation,0.160000,10 14 15 16 17,0,0.004563195817,0.999770802128,1,0.991703280332,0.474701141219,0.868368794326,0.721594640395,0.605612129685,0.755958842936,0.912124019384,0.983157030313,0.235507246377,24.000000000000,0.489795918367,0.957371271583,1.000000000000,0.995748946447,0.983157030313,1.000000000000,0.416666666667
pb01_case_0f005c402429b159e7de5d77,development,erdos_renyi,102,24,weight_degradation,0.280000,10 14 15 16 17,0,0.008037279116,0.999291147676,1,0.985386765244,0.474701141219,0.868368794326,0.721594640395,0.605612129685,0.755958842936,0.912124019384,0.983019663330,0.235507246377,24.000000000000,0.489795918367,0.957371271583,1.000000000000,0.990905616294,0.983019663330,1.000000000000,0.416666666667
pb01_case_b5b3ac9aca471438747a7e91,development,erdos_renyi,102,24,localized_state_shock,0.160000,3 4 5 10,0,0.000022955333,0.999999994150,1,0.999958263032,0.455436312092,0.858869266759,0.745407603088,0.658601219472,0.769364374910,0.912124019384,0.978493346498,0.235507246377,24.000000000000,0.470588235294,0.955330039166,0.992518674532,1.000000000000,0.978493346498,1.000000000000,0.444444444444
pb01_case_d0e148cc12e6b8b5cbd811bd,development,erdos_renyi,102,24,localized_state_shock,0.280000,1 3 4 14,0,0.000059294221,0.999999961016,1,0.999892192325,0.374421630402,0.847660734223,0.798917624053,0.772491267089,0.809127459653,0.912124019384,0.968031541219,0.235507246377,24.000000000000,0.436363636364,0.948260037989,0.980938857025,1.000000000000,0.968031541219,1.000000000000,0.400000000000
pb01_case_b8e89bb9a927b4cbf07b5d31,development,erdos_renyi,103,24,node_removal,0.160000,16,0,0.053075436127,0.969848227639,1,0.903499207042,0.491439024062,1.000000000000,0.821426446001,0.740308034086,0.856161330718,0.906370710813,0.950089479967,0.231884057971,24.000000000000,0.369230769231,0.934596128388,0.982755814343,0.000000000000,0.950089479967,1.000000000000,0.333333333333
pb01_case_fdf7fc12df5ae5362350883f,development,erdos_renyi,103,24,node_removal,0.280000,11,0,0.020478507980,0.995563375561,1,0.962766349128,0.021183876044,0.719298245614,0.279006346228,0.213184235269,0.377131250235,0.906370710813,0.979523222793,0.231884057971,24.000000000000,0.296296296296,0.910487156062,0.993376546088,0.000000000000,0.979523222793,1.000000000000,0.333333333333
pb01_case_585c3ea7d36cf7136ef863c4,development,erdos_renyi,103,24,edge_removal,0.160000,1 3 4 5 8 10 12 14 15 16 17 18 20 21,0,0.044843828096,0.978086739188,1,0.918465767097,0.432959036821,0.939967581235,0.767987928405,0.690994475185,0.805440496207,0.906370710813,0.961299796348,0.231884057971,24.000000000000,0.705882352941,0.984089364971,1.000000000000,0.721292864587,0.961299796348,0.000000000000,0.358974358974
pb01_case_b6faad3161d13acf69745b42,development,erdos_renyi,103,24,edge_removal,0.280000,1 2 3 4 5 6 7 9 10 11 12 13 14 15 16 19 20 21 22 23,0,0.041112534949,0.981308467663,1,0.925249936456,0.402007424444,0.923053351271,0.728171985014,0.652553343216,0.771008855699,0.906370710813,0.965049893380,0.231884057971,24.000000000000,0.857142857143,0.993746736657,1.000000000000,0.000000000000,0.965049893380,0.000000000000,0.377358490566
pb01_case_49044f279026a0929515d61d,development,erdos_renyi,103,24,weight_degradation,0.160000,0 1 4 5 6 13 19,0,0.007429316355,0.999389901165,1,0.986492152081,0.301990803988,0.912168571631,0.707512935073,0.669021474623,0.739338075094,0.906370710813,0.987579108065,0.231884057971,24.000000000000,0.521739130435,0.965015403334,1.000000000000,0.998676150333,0.987579108065,1.000000000000,0.350000000000
pb01_case_a07c7d422d217c0d23dd4875,development,erdos_renyi,103,24,weight_degradation,0.280000,1 3 4 5 9 10,0,0.013686055282,0.997923907608,1,0.975116263124,0.477695283954,0.944317920405,0.857291747446,0.842844324839,0.872058504910,0.906370710813,0.984637684364,0.231884057971,24.000000000000,0.510638297872,0.963375258685,1.000000000000,0.996050805537,0.984637684364,1.000000000000,0.461538461538
pb01_case_a51934faaac8e981a6be3a0c,development,erdos_renyi,103,24,localized_state_shock,0.160000,1 2 14 20,0,0.000011489221,0.999999998545,1,0.999979110507,0.582485978292,0.976467331118,0.883894822031,0.788961124769,0.906138717764,0.906370710813,0.982370713963,0.231884057971,24.000000000000,0.510638297872,0.962935385726,0.991848556629,1.000000000000,0.982370713963,1.000000000000,0.333333333333
pb01_case_9e39e668b82667032bcc81c0,development,erdos_renyi,103,24,localized_state_shock,0.280000,7 8 13 14,0,0.000027428816,0.999999991700,1,0.999950129425,0.450644931337,0.906761024568,0.667712648418,0.548203231128,0.729955830913,0.906370710813,0.980162840140,0.231884057971,24.000000000000,0.444444444444,0.949993885163,0.980028025263,1.000000000000,0.980162840140,1.000000000000,0.400000000000
pb01_case_e7e530a572065c28a0fdd3b7,development,erdos_renyi,104,24,node_removal,0.160000,4,0,0.028907555026,0.991371044405,1,0.947440809044,0.120544715699,0.804347826087,0.389906899398,0.307556901619,0.448207335555,0.969039965601,0.970928939278,0.231884057971,24.000000000000,0.342857142857,0.926982694870,0.990733997658,0.000000000000,0.970928939278,1.000000000000,0.500000000000
pb01_case_17ffdbc3103f288861fc871e,development,erdos_renyi,104,24,node_removal,0.280000,13,0,0.053588196287,0.970043242891,1,0.902566915842,0.362502714272,0.860465116279,0.754502553305,0.778334897876,0.769590182208,0.969039965601,0.948599525482,0.231884057971,24.000000000000,0.358208955224,0.933596536387,0.967978681704,0.000000000000,0.948599525482,1.000000000000,0.500000000000
pb01_case_fcd639cfe1821ca94c5edeaf,development,erdos_renyi,104,24,edge_removal,0.160000,0 2 3 4 6 7 8 9 10 13 15 16 19 20 22 23,0,0.035798251731,0.986536274811,1,0.934912269580,0.319938398941,0.837220865512,0.669401523695,0.571300361640,0.699213866094,0.969039965601,0.970736603322,0.231884057971,24.000000000000,0.750000000000,0.987322671619,1.000000000000,0.347621947464,0.970736603322,0.333333333333,0.363636363636
pb01_case_831ce7a0a2babcf3a14169ba,development,erdos_renyi,104,24,edge_removal,0.280000,1 2 4 6 7 8 9 10 11 12 13 14 16 17 18 19 20 21 22 23,0,0.055383219937,0.969212485763,1,0.899303236478,0.278397493563,0.821236339757,0.634709886457,0.558448489746,0.667110039114,0.969039965601,0.966337939263,0.231884057971,24.000000000000,0.857142857143,0.993810314039,1.000000000000,0.278953824041,0.966337939263,0.333333333333,0.377358490566
pb01_case_27ec89aa1229683942400abe,development,erdos_renyi,104,24,weight_degradation,0.160000,3 11 14 16 17 18,0,0.006417740540,0.999557338629,1,0.988331380837,0.346594492871,0.871853113012,0.750596974555,0.702376169091,0.767840243107,0.969039965601,0.989770526147,0.231884057971,24.000000000000,0.533333333333,0.967054829680,1.000000000000,0.989700015583,0.989770526147,1.000000000000,0.461538461538
pb01_case_16a88c2f1f3e08d005f97965,development,erdos_renyi,104,24,weight_degradation,0.280000,11 16 20 21 22 23,0,0.013417091212,0.998064053831,1,0.975605288706,0.359593703577,0.849623953282,0.769847101391,0.673195662964,0.788875951029,0.969039965601,0.986966501814,0.231884057971,24.000000000000,0.533333333333,0.966566825130,1.000000000000,0.975311350090,0.986966501814,1.000000000000,0.461538461538
pb01_case_c195fb23bad3230281cac5b1,development,erdos_renyi,104,24,localized_state_shock,0.160000,10 15 16 20,0,0.000033519719,0.999999987939,1,0.999939055056,0.467056487887,0.898143617585,0.830515780801,0.797722782134,0.834959407133,0.969039965601,0.985565972978,0.231884057971,24.000000000000,0.480000000000,0.958834094313,0.991571799344,1.000000000000,0.985565972978,1.000000000000,0.500000000000
pb01_case_f48d17d5088222defbf15350,development,erdos_renyi,104,24,localized_state_shock,0.280000,3 4 5 16,0,0.000017898110,0.999999996563,1,0.999967457982,0.317580213213,0.852040264416,0.662876325272,0.550314566353,0.695847442918,0.969039965601,0.980227484499,0.231884057971,24.000000000000,0.489795918367,0.959901325131,0.978798267828,1.000000000000,0.980227484499,1.000000000000,0.444444444444
pb01_case_430c50aba2dbd11ff6a500d5,development,erdos_renyi,105,24,node_removal,0.160000,3,0,0.059101016077,0.962730597946,1,0.892543607132,0.442503195958,0.930232558140,0.804656168157,1.000000000000,0.773677094115,0.664153916585,0.944231747017,0.206521739130,24.000000000000,0.358208955224,0.933027762904,0.982215316154,0.000000000000,0.944231747017,1.000000000000,0.500000000000
pb01_case_ddf4fed87b5d9d3cacb62d04,development,erdos_renyi,105,24,node_removal,0.280000,23,0,0.048902193810,0.974784400478,1,0.911086920345,0.335423388324,0.909090909091,0.646363944707,0.732948553491,0.643473073977,0.664153916585,0.952927603136,0.206521739130,24.000000000000,0.352941176471,0.932383625629,0.972462846919,0.000000000000,0.952927603136,1.000000000000,0.333333333333
pb01_case_9d90edbe7d455cb92d596645,development,erdos_renyi,105,24,edge_removal,0.160000,2 3 4 6 7 9 10 11 12 17 18 19 21 23,0,0.030244675349,0.990189975439,1,0.945009681184,0.378049204707,0.852636990796,0.666695682389,0.676976229439,0.677948130231,0.664153916585,0.974019698739,0.206521739130,24.000000000000,0.705882352941,0.983425000405,1.000000000000,0.513528202271,0.974019698739,1.000000000000,0.358974358974
pb01_case_87a5493ba4c97eda924a8023,development,erdos_renyi,105,24,edge_removal,0.280000,2 3 4 5 6 10 11 12 16 17 18 19 20 21 22 23,0,0.066741814456,0.953179252355,1,0.878651246444,0.354614354417,0.853728037323,0.688069674841,0.728515169590,0.691024440161,0.664153916585,0.953566148513,0.206521739130,24.000000000000,0.727272727273,0.986637982093,1.000000000000,0.222552106482,0.953566148513,0.000000000000,0.355555555556
pb01_case_bd206ddd32569a370655afc4,development,erdos_renyi,105,24,weight_degradation,0.160000,0 1 2,0,0.003428877879,0.999874171674,1,0.993765676583,0.381729266857,0.790362598272,0.540035679992,0.520040499036,0.592214160549,0.664153916585,0.987295818257,0.206521739130,24.000000000000,0.400000000000,0.941937523138,1.000000000000,0.948298384962,0.987295818257,1.000000000000,0.600000000000
pb01_case_79f06310d8a13b5f94d21c70,development,erdos_renyi,105,24,weight_degradation,0.280000,7 14 15 16,0,0.009336488239,0.999066119016,1,0.983024566838,0.329670664150,0.813081798376,0.564765334052,0.548958830494,0.595900288515,0.664153916585,0.987751138540,0.206521739130,24.000000000000,0.436363636364,0.950847225884,1.000000000000,0.987842255877,0.987751138540,1.000000000000,0.400000000000
pb01_case_67c23bd292be280cfa354510,development,erdos_renyi,105,24,localized_state_shock,0.160000,9 11 18 19,0,0.000050619593,0.999999972142,1,0.999907964377,0.469212272478,0.885555504489,0.706677251793,0.681033578224,0.716073508574,0.664153916585,0.983919246690,0.206521739130,24.000000000000,0.470588235294,0.957438954542,0.992881588374,1.000000000000,0.983919246690,1.000000000000,0.333333333333
pb01_case_be3729c730b19479f4f03ce7,development,erdos_renyi,105,24,localized_state_shock,0.280000,3 6 8 9,0,0.000063613637,0.999999956045,1,0.999884338842,0.339547695867,0.832098626370,0.604548898446,0.606957861560,0.627444951175,0.664153916585,0.977991497219,0.206521739130,24.000000000000,0.452830188679,0.953611641827,0.980661566257,1.000000000000,0.977991497219,1.000000000000,0.333333333333
pb01_case_646d73036ed40a5d4fe7fa31,development,erdos_renyi,106,24,node_removal,0.160000,20,0,0.051333254383,0.971954547465,1,0.906666810212,0.245125997167,0.840909090909,0.702789756945,0.746020229652,0.719440399219,0.965547703988,0.950930213370,0.221014492754,24.000000000000,0.352941176471,0.932798184472,0.979013456049,0.000000000000,0.950930213370,1.000000000000,0.500000000000
pb01_case_9614888d9b93f8fbf06b2a2d,development,erdos_renyi,106,24,node_removal,0.280000,17,0,0.061894285908,0.959296657322,1,0.887464934712,0.225937523298,0.840909090909,0.844071337505,0.882037082390,0.847845867513,0.965547703988,0.942451366657,0.221014492754,24.000000000000,0.352941176471,0.932128972851,0.969093298239,0.000000000000,0.942451366657,1.000000000000,0.500000000000
pb01_case_f6dd70cc0e7277d7980b6ccd,development,erdos_renyi,106,24,edge_removal,0.160000,0 1 2 4 5 8 9 11 15 17 18 19 20 21 22,0,0.043310986363,0.979788296515,1,0.921252752067,0.311288799423,0.824104550888,0.666392894955,0.603811820911,0.709729468166,0.965547703988,0.962752535437,0.221014492754,24.000000000000,0.727272727273,0.986300622384,1.000000000000,0.460500514601,0.962752535437,0.333333333333,0.357142857143
pb01_case_90e27961675ba819958ee493,development,erdos_renyi,106,24,edge_removal,0.280000,0 2 3 6 7 8 9 10 11 12 13 14 15 16 17 18 19 22,0,0.058837834747,0.963494030900,1,0.893022118643,0.290565951771,0.797971257971,0.626783070143,0.550471828148,0.677679607652,0.965547703988,0.955635433555,0.221014492754,24.000000000000,0.800000000000,0.989697256106,1.000000000000,0.260379906913,0.955635433555,0.333333333333,0.339622641509
pb01_case_46419e6ba20d22c1041ee1a5,development,erdos_renyi,106,24,weight_degradation,0.160000,0 16 18 19 20 21 22,0,0.007549129751,0.999377705446,1,0.986274309543,0.399724148214,0.857022678340,0.746628958383,0.717510196037,0.772288562325,0.965547703988,0.986184011663,0.221014492754,24.000000000000,0.533333333333,0.968844389515,1.000000000000,0.998924458059,0.986184011663,1.000000000000,0.411764705882
pb01_case_9637bf11442caa8c62e2bbbc,development,erdos_renyi,106,24,weight_degradation,0.280000,2 6 7 8 13 19,0,0.013330638325,0.998073721678,1,0.975762475773,0.295545055792,0.787306133629,0.588298130049,0.476158003081,0.652430331505,0.965547703988,0.986389741482,0.221014492754,24.000000000000,0.521739130435,0.961989513182,1.000000000000,0.896648590622,0.986389741482,1.000000000000,0.333333333333
pb01_case_75b06029ce1b966fcef1a4ce,development,erdos_renyi,106,24,localized_state_shock,0.160000,1 5 9 21,0,0.000011680561,0.999999998517,1,0.999978762616,0.306868802654,0.833339224697,0.623846915403,0.504407864222,0.685653094956,0.965547703988,0.985614919299,0.221014492754,24.000000000000,0.444444444444,0.950535950981,0.993629291619,1.000000000000,0.985614919299,1.000000000000,0.285714285714
pb01_case_e5d34eb3f750bd3517bf4a39,development,erdos_renyi,106,24,localized_state_shock,0.280000,0 8 9 10,0,0.000026496488,0.999999992430,1,0.999951824568,0.383112465519,0.778751533324,0.539184185834,0.377750382549,0.612817448827,0.965547703988,0.983748300663,0.221014492754,24.000000000000,0.452830188679,0.951843099570,0.984580991672,1.000000000000,0.983748300663,1.000000000000,0.266666666667
pb01_case_51c04236a15b8aa5d9182e83,development,ring_lattice,101,24,node_removal,0.160000,15,0,0.041275439988,0.980517710315,1,0.924953745477,0.094537180597,0.760000000000,0.754016592746,0.706227880969,0.790088136097,0.833556213240,0.960145107636,0.282608695652,24.000000000000,0.324324324324,0.919179842723,0.990384821450,0.000000000000,0.960145107636,1.000000000000,0.250000000000
pb01_case_0caec40e4420f42cc33682a5,development,ring_lattice,101,24,node_removal,0.280000,6,0,0.042143911734,0.979695586061,1,0.923374705938,0.105742705837,0.760000000000,0.764213891993,0.765304294884,0.795097139745,0.833556213240,0.959457956781,0.282608695652,24.000000000000,0.324324324324,0.922023640308,0.979653282417,0.000000000000,0.959457956781,1.000000000000,0.333333333333
pb01_case_9bb16172dddd12909a14a62a,development,ring_lattice,101,24,edge_removal,0.160000,1 2 3 4 5 6 8 9 10 11 12 15 16 17 19 20 21 22 23,0,0.025710794917,0.992291578397,1,0.953253100150,0.329624299357,0.835031070973,0.830215355355,0.806545711206,0.854317229258,0.833556213240,0.975107204455,0.282608695652,24.000000000000,0.827586206897,0.990571779081,1.000000000000,0.676139814606,0.975107204455,0.666666666667,0.372549019608
pb01_case_01042bd59bc0b8a4a05de535,development,ring_lattice,101,24,edge_removal,0.280000,1 2 3 4 5 6 7 8 9 10 11 12 14 16 18 19 21 22 23,0,0.053106556874,0.968517374171,1,0.903442623866,0.264516525593,0.818079764134,0.824507871282,0.804494284084,0.849093569640,0.833556213240,0.959736436733,0.282608695652,24.000000000000,0.827586206897,0.991885317314,1.000000000000,0.317935436422,0.959736436733,0.333333333333,0.372549019608
pb01_case_31c9772fb720f521b3c3491b,development,ring_lattice,101,24,weight_degradation,0.160000,3 9 14 15 16 17 18 19 20,0,0.007350129285,0.999358087763,1,0.986636128573,0.372699774256,0.849151006218,0.824244646715,0.768801613006,0.852193024017,0.833556213240,0.985216043539,0.282608695652,24.000000000000,0.615384615385,0.972783399997,1.000000000000,0.974251118442,0.985216043539,1.000000000000,0.300000000000
pb01_case_b2d1274bc2573e9496251392,development,ring_lattice,101,24,weight_degradation,0.280000,0 1 2 3 4 22 23,0,0.011880044129,0.998327113013,1,0.978399919765,0.323644219180,0.820207874090,0.840327845001,0.822816065866,0.862676128318,0.833556213240,0.984665676974,0.282608695652,24.000000000000,0.489795918367,0.959456745463,1.000000000000,0.987230617803,0.984665676974,1.000000000000,0.500000000000
pb01_case_7ee3f3940f3c3d4624cdced1,development,ring_lattice,101,24,localized_state_shock,0.160000,9 10 11 12,0,0.000469754784,0.999997377850,1,0.999145900393,0.425658941264,0.890016233766,0.907672776167,0.929335423200,0.916987500587,0.833556213240,0.985684638878,0.282608695652,24.000000000000,0.436363636364,0.950877818683,0.991719033046,1.000000000000,0.985684638878,1.000000000000,0.400000000000
pb01_case_c6f105b35e60f38d80db9b58,development,ring_lattice,101,24,localized_state_shock,0.280000,2 7 8 10,0,0.000560178980,0.999996271885,1,0.998981492763,0.439117149588,0.863945578231,0.862026233742,0.871537469691,0.878919670622,0.833556213240,0.988354593992,0.282608695652,24.000000000000,0.461538461538,0.956911490057,0.972716948337,1.000000000000,0.988354593992,1.000000000000,0.444444444444
pb01_case_96ee5c2456621cc084856d89,development,ring_lattice,102,24,node_removal,0.160000,8,0,0.041168553185,0.980623259624,1,0.925148085118,0.221429051270,0.788461538462,0.717858950570,0.657535676247,0.758449464844,0.729800386495,0.961256142750,0.278985507246,24.000000000000,0.315789473684,0.916299613168,0.979853864151,0.000000000000,0.961256142750,1.000000000000,0.250000000000
pb01_case_6a50ce73968d7e327dff108b,development,ring_lattice,102,24,node_removal,0.280000,10,0,0.045202799829,0.976736166052,1,0.917813091221,0.245938164491,0.820000000000,0.782028052704,0.603195267597,0.827045555264,0.729800386495,0.957385260159,0.278985507246,24.000000000000,0.324324324324,0.919431144173,0.971258764186,0.000000000000,0.957385260159,1.000000000000,0.250000000000
pb01_case_cfce696bb7eda0dae542d31b,development,ring_lattice,102,24,edge_removal,0.160000,0 2 3 4 6 7 8 9 12 14 16 17 19 20 21 22 23,0,0.030736534005,0.988991562908,1,0.944115392719,0.366375134712,0.869022371200,0.794822491730,0.734370161815,0.826041063994,0.729800386495,0.972985909191,0.278985507246,24.000000000000,0.774193548387,0.987809494946,1.000000000000,0.589057998040,0.972985909191,0.333333333333,0.361702127660
pb01_case_5e67607cceb78cc57d9d36c9,development,ring_lattice,102,24,edge_removal,0.280000,0 1 2 3 4 5 6 7 8 10 11 12 13 14 15 16 17 18 19 20 22 23,0,0.046901308163,0.974838470479,1,0.914724894248,0.361428657735,0.866172640928,0.788862471003,0.717615745670,0.821761457731,0.729800386495,0.961581212410,0.278985507246,24.000000000000,0.923076923077,0.996056009110,1.000000000000,0.283939370580,0.961581212410,0.333333333333,0.343750000000
pb01_case_d18a11badf4d1f0e18d41672,development,ring_lattice,102,24,weight_degradation,0.160000,12 13 14 15 16 17 18,0,0.006311288607,0.999528275436,1,0.988524929805,0.382115827783,0.863014627778,0.773998001695,0.623062384231,0.816084663150,0.729800386495,0.989776266396,0.278985507246,24.000000000000,0.480000000000,0.956334569578,1.000000000000,0.978177277638,0.989776266396,1.000000000000,0.350000000000
pb01_case_ca8d83a2977d2c9454e79ea5,development,ring_lattice,102,24,weight_degradation,0.280000,12 13 14 15 16 17 18,0,0.011160447733,0.998528377403,1,0.979708276850,0.382115827783,0.863014627778,0.773998001695,0.623062384231,0.816084663150,0.729800386495,0.988363213022,0.278985507246,24.000000000000,0.480000000000,0.956334569578,1.000000000000,0.960331629179,0.988363213022,1.000000000000,0.350000000000
pb01_case_c3c1b05de69e6e4844d86407,development,ring_lattice,102,24,localized_state_shock,0.160000,1 2 3 4,0,0.000382497342,0.999998264983,1,0.999304550288,0.506689959681,0.915455426357,0.838373587234,0.875968757487,0.854525503701,0.729800386495,0.982162995540,0.278985507246,24.000000000000,0.428571428571,0.948084902478,0.994237826942,1.000000000000,0.982162995540,1.000000000000,0.363636363636
pb01_case_d76e0ccac05bbd9d07d4a49d,development,ring_lattice,102,24,localized_state_shock,0.280000,11 12 13 14,0,0.000750994133,0.999993313575,1,0.998634556122,0.412463049966,0.861739439962,0.731277861206,0.539495948664,0.784177021789,0.729800386495,0.975821624510,0.278985507246,24.000000000000,0.406779661017,0.940874631358,0.986220635995,1.000000000000,0.975821624510,1.000000000000,0.285714285714
pb01_case_775eaa2d80b73901cd32481c,development,ring_lattice,103,24,node_removal,0.160000,16,0,0.044292618523,0.977587092832,1,0.919467966322,0.057304566244,0.672727272727,0.796023297912,0.600358076966,0.839023607515,0.596439566932,0.958724671405,0.278985507246,24.000000000000,0.303797468354,0.912754581523,0.986851427019,0.000000000000,0.958724671405,1.000000000000,0.500000000000
pb01_case_5a131899ea7e3abc60596ac3,development,ring_lattice,103,24,node_removal,0.280000,11,0,0.039028486072,0.982644143597,1,0.929039116232,0.181466093719,0.787234042553,0.699159732110,0.483305546608,0.761994136028,0.596439566932,0.964379634335,0.278985507246,24.000000000000,0.338028169014,0.924351152213,0.983708183134,0.000000000000,0.964379634335,1.000000000000,0.500000000000
pb01_case_8cf5eeb30641264d2125f0b0,development,ring_lattice,103,24,edge_removal,0.160000,1 3 5 6 7 8 9 10 11 12 14 15 16 17 19 20 21 22 23,0,0.032424205450,0.987829139355,1,0.941046899182,0.224258567601,0.770767700422,0.805572953683,0.674267684848,0.845037218852,0.596439566932,0.971899364107,0.278985507246,24.000000000000,0.827586206897,0.990813930726,1.000000000000,0.736676591022,0.971899364107,0.333333333333,0.345454545455
pb01_case_188cece8ebf60370fe90e258,development,ring_lattice,103,24,edge_removal,0.280000,0 1 2 3 4 5 8 9 10 11 12 13 14 15 16 17 18 19 20 21 22 23,0,0.049383695266,0.972300426368,1,0.910211463153,0.226109912467,0.777006972883,0.818293587574,0.701642450336,0.853742391376,0.596439566932,0.964438442138,0.278985507246,24.000000000000,0.923076923077,0.996729598234,1.000000000000,0.357215857256,0.964438442138,0.000000000000,0.354838709677
pb01_case_1bbb279173772927651062b3,development,ring_lattice,103,24,weight_degradation,0.160000,2 3 4 5 6 7 8 23,0,0.006824331414,0.999447414321,1,0.987592124703,0.189249472923,0.747288525747,0.849482295453,0.771462359077,0.879875507243,0.596439566932,0.990181446987,0.278985507246,24.000000000000,0.500000000000,0.960014152705,1.000000000000,0.993720223708,0.990181446987,1.000000000000,0.275862068966
pb01_case_46d1db72bd825ffbbc3bfc80,development,ring_lattice,103,24,weight_degradation,0.280000,1 2 3 4 5 6 7,0,0.011750365471,0.998364416246,1,0.978635699144,0.158533372607,0.741210026259,0.854372951518,0.797164572541,0.881719521741,0.596439566932,0.987636042883,0.278985507246,24.000000000000,0.444444444444,0.950614152363,1.000000000000,0.993409502051,0.987636042883,1.000000000000,0.269230769231
pb01_case_7e8be8aafc9de8d0d34fa784,development,ring_lattice,103,24,localized_state_shock,0.160000,17 18 19 20,0,0.001034524451,0.999987299700,1,0.998119046453,0.140836746561,0.723532931516,0.820971436299,0.682339726767,0.855830464079,0.596439566932,0.983522643800,0.278985507246,24.000000000000,0.380952380952,0.937699130099,0.994059768318,1.000000000000,0.983522643800,1.000000000000,0.363636363636
pb01_case_df17d08d16c04ac8c2c7c236,development,ring_lattice,103,24,localized_state_shock,0.280000,11 12 13 14,0,0.001388245207,0.999977145917,1,0.997475917805,0.415627605715,0.845072399527,0.840141037973,0.599728431718,0.886040994541,0.596439566932,0.979274248805,0.278985507246,24.000000000000,0.444444444444,0.950744465802,0.976759325383,1.000000000000,0.979274248805,1.000000000000,0.571428571429
pb01_case_4dff900cd8fe460b122db195,development,ring_lattice,104,24,node_removal,0.160000,4,0,0.050280892415,0.971252892562,1,0.908580195609,0.380282440188,0.872340425532,0.873834849966,0.808903549774,0.893979320104,0.701969368868,0.953361812338,0.282608695652,24.000000000000,0.338028169014,0.924755690100,0.978386845074,0.000000000000,0.953361812338,1.000000000000,0.333333333333
pb01_case_1272c56cf7da4eedde58569b,development,ring_lattice,104,24,node_removal,0.280000,13,0,0.039782440774,0.982011052151,1,0.927668289501,0.227021110083,0.854166666667,0.685453815572,0.659141561348,0.723502191454,0.701969368868,0.962873199144,0.282608695652,24.000000000000,0.333333333333,0.924850300377,0.977104774796,0.000000000000,0.962873199144,1.000000000000,0.500000000000
pb01_case_c06dd4aca3186fb77577db3d,development,ring_lattice,104,24,edge_removal,0.160000,0 1 2 4 5 6 7 8 9 10 12 13 15 16 19 21 22,0,0.033382189681,0.987056302663,1,0.939305109670,0.296254100451,0.856086906579,0.794900083548,0.770531263184,0.818395430887,0.701969368868,0.971570824262,0.282608695652,24.000000000000,0.774193548387,0.988628546772,1.000000000000,0.721259426238,0.971570824262,0.333333333333,0.395348837209
pb01_case_ead2bad2b2dc19d55034a8bd,development,ring_lattice,104,24,edge_removal,0.280000,1 5 6 8 9 10 11 12 13 14 15 16 17 18 19 20 21 22 23,0,0.049835491863,0.971543787519,1,0.909390014795,0.298629196810,0.854640553807,0.792225401338,0.759191110925,0.816211246539,0.701969368868,0.967391148680,0.282608695652,24.000000000000,0.827586206897,0.991461657998,1.000000000000,0.463459279848,0.967391148680,0.333333333333,0.380000000000
pb01_case_9193672de8799c1159efcb43,development,ring_lattice,104,24,weight_degradation,0.160000,14 15 16 17 18 19 20 21,0,0.007334219043,0.999364079524,1,0.986665056286,0.219663060953,0.810042337235,0.766901264458,0.679201568904,0.798298610541,0.701969368868,0.990809069615,0.282608695652,24.000000000000,0.461538461538,0.953431132440,1.000000000000,0.995577251759,0.990809069615,1.000000000000,0.307692307692
pb01_case_f0d562f5a05b3ed81dc8fc27,development,ring_lattice,104,24,weight_degradation,0.280000,0 1 9 10 19 20 21 22 23,0,0.014619657351,0.997469961951,1,0.973418804817,0.360796110576,0.890022171769,0.816055580747,0.784680164622,0.836021903403,0.701969368868,0.986504356573,0.282608695652,24.000000000000,0.571428571429,0.970317291941,1.000000000000,0.937828120390,0.986504356573,1.000000000000,0.391304347826
pb01_case_5d4678280410071dad96f621,development,ring_lattice,104,24,localized_state_shock,0.160000,17 18 19 20,0,0.000988411553,0.999988448321,1,0.998202888085,0.184647579547,0.801527701990,0.789466232963,0.700188726492,0.817232079975,0.701969368868,0.983873823324,0.282608695652,24.000000000000,0.375000000000,0.935027979486,0.993389343111,1.000000000000,0.983873823324,1.000000000000,0.285714285714
pb01_case_c60b4d42bdf681cd0ba4869b,development,ring_lattice,104,24,localized_state_shock,0.280000,1 2 3 4,0,0.001136776340,0.999984716153,1,0.997933133927,0.231138929102,0.833567837937,0.750008837863,0.691434297562,0.783524115801,0.701969368868,0.973046528347,0.282608695652,24.000000000000,0.393442622951,0.939138935732,0.982292938309,1.000000000000,0.973046528347,1.000000000000,0.307692307692
pb01_case_10f3d7653ccdcb2ee3cbd063,development,ring_lattice,105,24,node_removal,0.160000,3,0,0.043247642532,0.978562622366,1,0.921367922670,0.144570475818,0.791666666667,0.758256645841,0.744961153255,0.789350678366,0.773176917244,0.959814568506,0.286231884058,24.000000000000,0.333333333333,0.922964879523,0.989834969905,0.000000000000,0.959814568506,1.000000000000,0.500000000000
pb01_case_d3a77a6764a1f8617cdab52e,development,ring_lattice,105,24,node_removal,0.280000,23,0,0.043166574049,0.978657576828,1,0.921515319911,0.693187990249,0.926829268293,0.770135752099,0.700834726670,0.804004654038,0.773176917244,0.959149980624,0.286231884058,24.000000000000,0.369230769231,0.933704054171,0.974098223054,0.000000000000,0.959149980624,1.000000000000,0.500000000000
pb01_case_a5e763a85f60f06a972a2670,development,ring_lattice,105,24,edge_removal,0.160000,0 1 2 3 4 5 6 8 10 12 13 15 16 17 19 20 22 23,0,0.025216577915,0.992652594168,1,0.954151676518,0.309930046506,0.824852458205,0.781713392611,0.762446200602,0.809442328392,0.773176917244,0.980718547966,0.286231884058,24.000000000000,0.800000000000,0.990007949566,1.000000000000,0.649782102413,0.980718547966,0.333333333333,0.391304347826
pb01_case_ff7a6a64c4ed10e92923ed84,development,ring_lattice,105,24,edge_removal,0.280000,1 2 3 4 5 6 7 8 10 11 12 13 14 15 16 17 18 19 20 21 23,0,0.051574573978,0.969323043143,1,0.906228047312,0.367009734249,0.833787169718,0.803503112722,0.791091523773,0.827788912578,0.773176917244,0.954863969865,0.286231884058,24.000000000000,0.888888888889,0.994756991283,1.000000000000,0.370203949580,0.954863969865,0.000000000000,0.388888888889
pb01_case_9f0d0d2ba2cf3672d0c1864e,development,ring_lattice,105,24,weight_degradation,0.160000,0 1 2 3 21 22 23,0,0.006485966972,0.999501205287,1,0.988207332778,0.372217751176,0.830444952310,0.787796964368,0.711050359047,0.821067428287,0.773176917244,0.991221121641,0.286231884058,24.000000000000,0.489795918367,0.957250089380,1.000000000000,0.988839786102,0.991221121641,1.000000000000,0.368421052632
pb01_case_0ca605f340477c3bc361f2c0,development,ring_lattice,105,24,weight_degradation,0.280000,6 12 13 14 15 16 17 18,0,0.011675407231,0.998383650727,1,0.978771986852,0.447983112077,0.857261333387,0.842005303602,0.849542300886,0.858838508066,0.773176917244,0.989726285561,0.286231884058,24.000000000000,0.558139534884,0.968641224856,1.000000000000,0.956137724250,0.989726285561,1.000000000000,0.400000000000
pb01_case_a8b50d94ad36d18bec2b63d6,development,ring_lattice,105,24,localized_state_shock,0.160000,16 17 18 19,0,0.000470203496,0.999997374706,1,0.999145084553,0.244719629316,0.788315956818,0.797681494776,0.766959063174,0.823023316402,0.773176917244,0.983061051043,0.286231884058,24.000000000000,0.387096774194,0.937584790085,0.995103004718,1.000000000000,0.983061051043,1.000000000000,0.307692307692
pb01_case_6900612a00ac4a012478c034,development,ring_lattice,105,24,localized_state_shock,0.280000,6 7 8 9,0,0.001050630482,0.999986891508,1,0.998089762759,0.490352389614,0.867984693878,0.855634991153,0.887511118341,0.869870884831,0.773176917244,0.976967354608,0.286231884058,24.000000000000,0.436363636364,0.949647317663,0.976731571468,1.000000000000,0.976967354608,1.000000000000,0.571428571429
pb01_case_70f3bb77fce566cf3ef731ae,development,ring_lattice,106,24,node_removal,0.160000,20,0,0.043919251995,0.977855115975,1,0.920146814555,0.180985696727,0.812500000000,0.792515204162,0.921987998366,0.802235323983,0.816656105298,0.958450014969,0.282608695652,24.000000000000,0.333333333333,0.923316323612,0.983018121076,0.000000000000,0.958450014969,1.000000000000,0.500000000000
pb01_case_6acf4402c33d3ef3741536da,development,ring_lattice,106,24,node_removal,0.280000,17,0,0.052927597942,0.967945874742,1,0.903768003741,1.000000000000,1.000000000000,0.962007609916,0.996128143135,0.960342298788,0.816656105298,0.950370021683,0.282608695652,24.000000000000,0.380952380952,0.936594583817,0.974576717410,0.000000000000,0.950370021683,1.000000000000,0.500000000000
pb01_case_1d1c155cff80f6ecdfdbcf79,development,ring_lattice,106,24,edge_removal,0.160000,2 5 6 7 8 9 10 12 14 16 17 19 20 21 22 23,0,0.038326859548,0.983283355567,1,0.930314800822,0.388772302435,0.851686813858,0.800850068033,0.779395386824,0.825183983265,0.816656105298,0.967869337202,0.282608695652,24.000000000000,0.750000000000,0.985832490646,1.000000000000,0.616997789359,0.967869337202,0.333333333333,0.372093023256
pb01_case_ef374cf4ed36aa9e0185d1cc,development,ring_lattice,106,24,edge_removal,0.280000,0 1 2 4 5 7 8 9 10 11 12 14 15 16 17 18 19 20 21 22 23,0,0.052187464095,0.969296268461,1,0.905113701645,0.394109539438,0.851593121992,0.822058692499,0.812246397588,0.842427302215,0.816656105298,0.958624376179,0.282608695652,24.000000000000,0.888888888889,0.995624431742,1.000000000000,0.351882292415,0.958624376179,0.333333333333,0.368421052632
pb01_case_baa86408fda62449d52e0e41,development,ring_lattice,106,24,weight_degradation,0.160000,17 18 19 20 21 22 23,0,0.006498640387,0.999499858534,1,0.988184290205,0.462065359376,0.864626415350,0.866021362135,0.956257980902,0.870768784095,0.816656105298,0.990118550963,0.282608695652,24.000000000000,0.489795918367,0.958798102923,1.000000000000,0.994793732626,0.990118550963,1.000000000000,0.466666666667
pb01_case_767ee357baa2fb40a1ea953e,development,ring_lattice,106,24,weight_degradation,0.280000,4 5 6 7 8 9 10 18,0,0.011312623090,0.998492463738,1,0.979431594383,0.411853887816,0.856041075510,0.774492245510,0.650625907536,0.813442474477,0.816656105298,0.990597607317,0.282608695652,24.000000000000,0.545454545455,0.966992533462,1.000000000000,0.962448828374,0.990597607317,1.000000000000,0.380952380952
pb01_case_7b93c9d5a9310aef8d554106,development,ring_lattice,106,24,localized_state_shock,0.160000,0 18 19 21,0,0.000402004375,0.999998087347,1,0.999269082954,0.349849403693,0.837372448980,0.859628581226,0.948573657413,0.865488166511,0.816656105298,0.983057514363,0.282608695652,24.000000000000,0.436363636364,0.948358404409,0.994185095708,1.000000000000,0.983057514363,1.000000000000,0.500000000000
pb01_case_0a9399b79b28b704c9e5543f,development,ring_lattice,106,24,localized_state_shock,0.280000,5 6 7 9,0,0.000921305893,0.999989961486,1,0.998324898376,0.377692837559,0.849837253061,0.772208524888,0.591885100721,0.818147794676,0.816656105298,0.981317211439,0.282608695652,24.000000000000,0.428571428571,0.947971569211,0.978005149976,1.000000000000,0.981317211439,1.000000000000,0.363636363636
pb01_case_999af33a7ff44b9532706860,calibration,erdos_renyi,201,24,node_removal,0.160000,19,0,0.053157057982,0.969175159535,1,0.903350803669,0.803706377281,1.000000000000,0.740642632684,0.647220977679,0.783523050199,1.199267936093,0.949399714637,0.242753623188,24.000000000000,0.375000000000,0.935485306384,0.969166878479,0.000000000000,0.949399714637,1.000000000000,0.500000000000
pb01_case_dc496792acd1b10c5da86c23,calibration,erdos_renyi,201,24,node_removal,0.280000,3,0,0.036183267377,0.985695938407,1,0.934212241133,0.358102421096,0.888888888889,0.495485851853,0.458074853191,0.547301567009,1.199267936093,0.963803391587,0.242753623188,24.000000000000,0.347826086957,0.927281243894,0.987592453806,0.000000000000,0.963803391587,1.000000000000,0.250000000000
pb01_case_21b0022e07506d2041c7a258,calibration,erdos_renyi,201,24,edge_removal,0.160000,2 4 5 8 9 11 12 14 15 16 17 18 19 21 22 23,0,0.033921547879,0.987139710771,1,0.938324458402,0.490510907365,0.916313387429,0.670082556621,0.631195599951,0.708902026888,1.199267936093,0.968457802957,0.242753623188,24.000000000000,0.750000000000,0.987414347140,1.000000000000,0.474648721091,0.968457802957,0.333333333333,0.400000000000
pb01_case_1bef087cb0671427b8d35398,calibration,erdos_renyi,201,24,edge_removal,0.280000,0 1 3 4 5 6 8 9 11 12 13 14 15 16 17 18 19 20 21 22 23,0,0.053856258081,0.970309259176,1,0.902079530762,0.436076780521,0.905408219692,0.621829140011,0.585957888845,0.664877429953,1.199267936093,0.953620641590,0.242753623188,24.000000000000,0.888888888889,0.993760559002,1.000000000000,0.356768494474,0.953620641590,0.000000000000,0.375000000000
pb01_case_092504b5782c92825ddb5b25,calibration,erdos_renyi,201,24,weight_degradation,0.160000,8 9 10 12 13 16 18,0,0.007320117470,0.999390974836,1,0.986690695509,0.489051985046,0.915711046323,0.704305299349,0.693226296920,0.733957536599,1.199267936093,0.987054812317,0.242753623188,24.000000000000,0.521739130435,0.964452698988,1.000000000000,0.986160961118,0.987054812317,1.000000000000,0.411764705882
pb01_case_5aa96139cbecf49503683756,calibration,erdos_renyi,201,24,weight_degradation,0.280000,0 8 9 11 12 13 14 19,0,0.013946914342,0.997794164404,1,0.974641973923,0.458473612954,0.917273710048,0.648096269185,0.604084179152,0.688837092638,1.199267936093,0.984398207457,0.242753623188,24.000000000000,0.558139534884,0.966936712939,1.000000000000,0.961205384614,0.984398207457,1.000000000000,0.363636363636
pb01_case_80e92e6a1cb7151a0110554b,calibration,erdos_renyi,201,24,localized_state_shock,0.160000,8 10 14 17,0,0.000024213470,0.999999993340,1,0.999955975510,0.271791141117,0.877708764665,0.582040673919,0.601672082815,0.619752220624,1.199267936093,0.981758344908,0.242753623188,24.000000000000,0.421052631579,0.945741580979,0.995663879376,1.000000000000,0.981758344908,1.000000000000,0.400000000000
pb01_case_5d857f6ac31f8ec882e492b2,calibration,erdos_renyi,201,24,localized_state_shock,0.280000,6 11 12 19,0,0.000001918170,0.999999999958,1,0.999996512418,0.558090365037,0.942875599852,0.684913384139,0.603537026806,0.726452766798,1.199267936093,0.978413024989,0.242753623188,24.000000000000,0.480000000000,0.957048920150,0.977474793943,1.000000000000,0.978413024989,1.000000000000,0.363636363636
pb01_case_dc0d54c53896cb8a5d36cdf7,calibration,erdos_renyi,202,24,node_removal,0.160000,7,0,0.042185667569,0.982157452214,1,0.923298786239,0.833109198494,0.851063829787,0.439635820007,0.287407107642,0.534779011258,0.454395178420,0.959591550739,0.202898550725,24.000000000000,0.338028169014,0.924088234226,0.971775257673,0.000000000000,0.959591550739,1.000000000000,0.333333333333
pb01_case_a0d626f339a2fb3f25079c32,calibration,erdos_renyi,202,24,node_removal,0.280000,1,0,0.090395457617,0.913362833943,1,0.835644622515,0.972431414739,1.000000000000,1.000000000000,1.000000000000,1.000000000000,0.454395178420,0.918455171002,0.202898550725,24.000000000000,0.375000000000,0.940624865322,0.954271263370,0.000000000000,0.918455171002,0.666666666667,1.000000000000
pb01_case_6888e1a1e1a62d91def5df23,calibration,erdos_renyi,202,24,edge_removal,0.160000,1 3 6 7 8 9 10 12 13 14 15 16 18 19 21 22,0,0.035183094910,0.987589697919,1,0.936030736527,0.426094338354,0.832396164639,0.524966313051,0.441157846529,0.583745908341,0.454395178420,0.976216739677,0.202898550725,24.000000000000,0.750000000000,0.986618771449,1.000000000000,0.338006160755,0.976216739677,0.666666666667,0.380952380952
pb01_case_3626379f4c4db020b165908a,calibration,erdos_renyi,202,24,edge_removal,0.280000,0 1 2 3 5 6 7 9 10 11 13 14 15 16 17 18 20 21 22,0,0.050378939737,0.973973845245,1,0.908401927751,0.409602290422,0.822115014842,0.508183574561,0.441671619943,0.567562208187,0.454395178420,0.959254362738,0.202898550725,24.000000000000,0.827586206897,0.992763284814,1.000000000000,0.377462063091,0.959254362738,0.333333333333,0.387755102041
pb01_case_cd741308b64469ccf1571ec6,calibration,erdos_renyi,202,24,weight_degradation,0.160000,12 13 14 16,0,0.004670221980,0.999772114926,1,0.991508687310,0.381463488435,0.798895154879,0.471966423039,0.370105418827,0.537085863691,0.454395178420,0.991699989860,0.202898550725,24.000000000000,0.406779661017,0.944442768804,1.000000000000,0.997621364433,0.991699989860,1.000000000000,0.400000000000
pb01_case_ddc268b63889b6a40f69eee3,calibration,erdos_renyi,202,24,weight_degradation,0.280000,6 7 8 9 16 19,0,0.011137530113,0.998700609223,1,0.979749945249,0.496615563923,0.829485694987,0.495829086798,0.385235384651,0.565426694843,0.454395178420,0.989778430819,0.202898550725,24.000000000000,0.500000000000,0.959181308012,1.000000000000,0.868991329545,0.989778430819,1.000000000000,0.333333333333
pb01_case_b4c88bcc0a2dffc1939bfd3c,calibration,erdos_renyi,202,24,localized_state_shock,0.160000,2 3 4 11,0,0.000019562270,0.999999996055,1,0.999964432237,0.373882127488,0.780196423757,0.402623743532,0.305068694311,0.480518944025,0.454395178420,0.987469463340,0.202898550725,24.000000000000,0.428571428571,0.947379207437,0.994609990769,1.000000000000,0.987469463340,1.000000000000,0.333333333333
pb01_case_1af58135bbb105277d0a2320,calibration,erdos_renyi,202,24,localized_state_shock,0.280000,9 17 21 23,0,0.000053916834,0.999999969495,1,0.999901969393,0.483223507262,0.880050505051,0.574783402425,0.531793121851,0.618562562898,0.454395178420,0.981118023349,0.202898550725,24.000000000000,0.470588235294,0.957717710632,0.977114048763,1.000000000000,0.981118023349,1.000000000000,0.400000000000
pb01_case_2b1b838928b19e3a15587322,calibration,erdos_renyi,203,24,node_removal,0.160000,5,0,0.043814134026,0.979596489018,1,0.920337938134,0.107508018815,0.705882352941,0.486365011980,0.367290640779,0.538967971482,0.966215328932,0.958733098570,0.228260869565,24.000000000000,0.320000000000,0.918218562485,0.977281770772,0.000000000000,0.958733098570,1.000000000000,0.333333333333
pb01_case_0e54fef464c01010e4d6d8e2,calibration,erdos_renyi,203,24,node_removal,0.280000,22,0,0.042634279970,0.980949469937,1,0.922483127327,0.226926020518,0.750000000000,0.475154911212,0.302612275214,0.547391994689,0.966215328932,0.960316518159,0.228260869565,24.000000000000,0.333333333333,0.921894697459,0.989801180397,0.000000000000,0.960316518159,1.000000000000,0.333333333333
pb01_case_941b0cd020ec4d66f9ebee4d,calibration,erdos_renyi,203,24,edge_removal,0.160000,2 3 4 5 6 7 8 9 11 12 13 14 15 21 22,0,0.043832969657,0.979972903600,1,0.920303691533,0.247299973916,0.781121613444,0.523996137626,0.452517511035,0.575932969127,0.966215328932,0.968466878143,0.228260869565,24.000000000000,0.727272727273,0.984284849706,1.000000000000,0.388245566333,0.968466878143,0.333333333333,0.375000000000
pb01_case_677ddbfe01f98b1df36cf440,calibration,erdos_renyi,203,24,edge_removal,0.280000,1 2 3 4 5 6 7 8 9 10 11 13 15 17 18 19 20 21 22,0,0.046453489515,0.976377015501,1,0.915539109973,0.284992787932,0.792192879352,0.563670484217,0.515949062309,0.608018799493,0.966215328932,0.964167488332,0.228260869565,24.000000000000,0.827586206897,0.992513426855,1.000000000000,0.336547192262,0.964167488332,0.333333333333,0.404255319149
pb01_case_b0f987886fc67b2f5869e92f,calibration,erdos_renyi,203,24,weight_degradation,0.160000,4 5 6 20 21,0,0.006547098332,0.999523364733,1,0.988096184851,0.243054803120,0.764345675997,0.518967796569,0.415225664255,0.570306139223,0.966215328932,0.989852215119,0.228260869565,24.000000000000,0.461538461538,0.953070142504,1.000000000000,0.989237091460,0.989852215119,1.000000000000,0.357142857143
pb01_case_0c819699553bb4ddadfdb9cb,calibration,erdos_renyi,203,24,weight_degradation,0.280000,3 5 6 16 20 21 22,0,0.011603223157,0.998506028858,1,0.978903230623,0.266497383981,0.789136107337,0.532050755695,0.451975885150,0.582674297832,0.966215328932,0.986978357907,0.228260869565,24.000000000000,0.500000000000,0.959832624754,1.000000000000,0.975582109278,0.986978357907,1.000000000000,0.388888888889
pb01_case_46c81984c9fa72124ad64371,calibration,erdos_renyi,203,24,localized_state_shock,0.160000,6 13 14 15,0,0.000021944245,0.999999994627,1,0.999960101372,0.261202693290,0.769323515877,0.430457874756,0.327561579518,0.500603662873,0.966215328932,0.990475327111,0.228260869565,24.000000000000,0.444444444444,0.949315786524,0.995188352597,1.000000000000,0.990475327111,1.000000000000,0.400000000000
pb01_case_73dbc4ed0118bb0eb327c469,calibration,erdos_renyi,203,24,localized_state_shock,0.280000,3 15 16 17,0,0.000023260020,0.999999993957,1,0.999957709054,0.445641892182,0.859545454545,0.656243435241,0.650468789025,0.691387239003,0.966215328932,0.975389415063,0.228260869565,24.000000000000,0.480000000000,0.957283860627,0.974524770022,1.000000000000,0.975389415063,1.000000000000,0.500000000000
pb01_case_712744e694545c5f3dba4918,calibration,erdos_renyi,204,24,node_removal,0.160000,7,0,0.037460315166,0.985149276866,1,0.931890336062,0.153694636727,0.734693877551,0.423632970379,0.393707469940,0.474877156621,0.885498899586,0.963999720235,0.217391304348,24.000000000000,0.328767123288,0.923312515739,0.987310669542,0.000000000000,0.963999720235,1.000000000000,0.333333333333
pb01_case_4ff7a1c8b846da34364664ee,calibration,erdos_renyi,204,24,node_removal,0.280000,9,0,0.045810710174,0.977731585420,1,0.916707799684,0.186195058810,0.734693877551,0.523709618969,0.463363922880,0.570306358965,0.885498899586,0.955105885429,0.217391304348,24.000000000000,0.328767123288,0.920108346658,0.983579808308,0.000000000000,0.955105885429,1.000000000000,0.333333333333
pb01_case_6a0169bb5a59e4188d514a55,calibration,erdos_renyi,204,24,edge_removal,0.160000,0 3 4 7 8 10 11 12 14 17 18 19 21 22 23,0,0.036182886975,0.985934347865,1,0.934212932772,0.297082934699,0.792333179181,0.547981392349,0.523018221322,0.591017806454,0.885498899586,0.967132910633,0.217391304348,24.000000000000,0.727272727273,0.984291122946,1.000000000000,0.459125614509,0.967132910633,0.333333333333,0.365853658537
pb01_case_61c249f22cb56ba8f48ad0b6,calibration,erdos_renyi,204,24,edge_removal,0.280000,0 1 4 5 6 7 8 9 10 11 12 14 15 16 17 18 19 20 22 23,0,0.052411274956,0.971468995302,1,0.904706772807,0.278475153357,0.779583161479,0.544960565269,0.522773780649,0.588097726877,0.885498899586,0.952543734193,0.217391304348,24.000000000000,0.857142857143,0.993821014247,1.000000000000,0.248417182213,0.952543734193,0.000000000000,0.377358490566
pb01_case_af91177d1114b7fb05fc8266,calibration,erdos_renyi,204,24,weight_degradation,0.160000,8 12 15 19 21 22 23,0,0.008243438376,0.999247147660,1,0.985011930225,0.422931590330,0.826847756524,0.644533262674,0.590334220803,0.681259904042,0.885498899586,0.985952992717,0.217391304348,24.000000000000,0.558139534884,0.970059154545,1.000000000000,0.987686883917,0.985952992717,1.000000000000,0.333333333333
pb01_case_2648f4519f070c13b83752a7,calibration,erdos_renyi,204,24,weight_degradation,0.280000,2 9 17 18 19,0,0.011761041701,0.998488926594,1,0.978616287816,0.250481175080,0.756012129813,0.489666054166,0.393221750262,0.548726388769,0.885498899586,0.984201604189,0.217391304348,24.000000000000,0.480000000000,0.954572310325,1.000000000000,0.969548707577,0.984201604189,1.000000000000,0.312500000000
pb01_case_039d2f795938287b11fd2a7b,calibration,erdos_renyi,204,24,localized_state_shock,0.160000,2 4 5 13,0,0.000051478732,0.999999970711,1,0.999906402306,0.323702797006,0.785218458692,0.584366027445,0.570010612032,0.622894836080,0.885498899586,0.984709192287,0.217391304348,24.000000000000,0.452830188679,0.952569521820,0.992046128235,1.000000000000,0.984709192287,1.000000000000,0.500000000000
pb01_case_2d3bb3dc235ac6ab243e7105,calibration,erdos_renyi,204,24,localized_state_shock,0.280000,3 17 19 20,0,0.000113898924,0.999999856666,1,0.999792911048,0.256478980246,0.776935164310,0.450569132080,0.392146150248,0.508284777352,0.885498899586,0.978642573133,0.217391304348,24.000000000000,0.444444444444,0.950744402690,0.984893559009,1.000000000000,0.978642573133,1.000000000000,0.363636363636
pb01_case_c8708df0963038a94800fa5c,calibration,erdos_renyi,205,24,node_removal,0.160000,7,0,0.063394989419,0.956732953103,1,0.884736382874,0.648679540396,0.902439024390,0.817099196441,0.804807032691,0.836950148741,1.150871465371,0.938685595915,0.250000000000,24.000000000000,0.369230769231,0.934974761410,0.966639454661,0.000000000000,0.938685595915,1.000000000000,0.500000000000
pb01_case_6b0e12596a22bb6a4791b267,calibration,erdos_renyi,205,24,node_removal,0.280000,23,0,0.039775191918,0.983390152713,1,0.927681469240,0.153943331529,0.755102040816,0.481000513435,0.319630714193,0.547720996766,1.150871465371,0.959684000322,0.250000000000,24.000000000000,0.328767123288,0.918977049735,0.992133083825,0.000000000000,0.959684000322,1.000000000000,0.333333333333
pb01_case_676c89c6bf4dfbcf6d37dfde,calibration,erdos_renyi,205,24,edge_removal,0.160000,0 1 4 5 6 7 9 10 11 12 13 14 15 19 21 23,0,0.036409093892,0.985355699203,1,0.933801647469,0.431058008346,0.851206415679,0.617901789503,0.548334982738,0.661094252425,1.150871465371,0.971021386615,0.250000000000,24.000000000000,0.750000000000,0.988014127896,1.000000000000,0.578471654028,0.971021386615,0.666666666667,0.390243902439
pb01_case_f657d3215e5dbb9292ea2dfa,calibration,erdos_renyi,205,24,edge_removal,0.280000,0 1 2 3 4 5 6 7 8 9 10 11 13 14 15 16 17 18 19 20 21 23,0,0.051668588106,0.970777669746,1,0.906057112535,0.410840265131,0.852305707989,0.591851517692,0.539535357258,0.635642029130,1.150871465371,0.956722921318,0.250000000000,24.000000000000,0.923076923077,0.997093087129,1.000000000000,0.401344418898,0.956722921318,0.333333333333,0.400000000000
pb01_case_60fccafe865a0385e907a8c2,calibration,erdos_renyi,205,24,weight_degradation,0.160000,1 3 4 5 8 17 18 19 20 22,0,0.008462150430,0.999204332904,1,0.984614271945,0.499389126785,0.878170213844,0.649172330133,0.607687695657,0.686196869006,1.150871465371,0.980832324735,0.250000000000,24.000000000000,0.631578947368,0.978995794207,1.000000000000,0.986427830996,0.980832324735,1.000000000000,0.434782608696
pb01_case_b2101ef91025f2fbad286711,calibration,erdos_renyi,205,24,weight_degradation,0.280000,3 14 15 16 17 20,0,0.010192056959,0.998862958974,1,0.981468987347,0.343375780910,0.828252353867,0.517979393550,0.456236561887,0.569464005227,1.150871465371,0.981059576722,0.250000000000,24.000000000000,0.510638297872,0.962276017899,1.000000000000,0.979269024882,0.981059576722,1.000000000000,0.352941176471
pb01_case_45365b1b3e934ae6e74cc53a,calibration,erdos_renyi,205,24,localized_state_shock,0.160000,3 9 11 15,0,0.000009380282,0.999999999026,1,0.999982944942,0.459403523595,0.856508863450,0.573036073848,0.433705559019,0.627674201374,1.150871465371,0.983637090113,0.250000000000,24.000000000000,0.461538461538,0.954558752088,0.993142483354,1.000000000000,0.983637090113,1.000000000000,0.400000000000
pb01_case_8a457ed0eb210d25f47ecbd7,calibration,erdos_renyi,205,24,localized_state_shock,0.280000,4 6 8 11,0,0.000037445525,0.999999984414,1,0.999931917227,0.490532353858,0.895581647035,0.627306591265,0.550229658063,0.668893886159,1.150871465371,0.980502529219,0.250000000000,24.000000000000,0.480000000000,0.958387350166,0.975126234517,1.000000000000,0.980502529219,1.000000000000,0.500000000000
pb01_case_1a292d65108cf967ec1d5dd0,calibration,erdos_renyi,206,24,node_removal,0.160000,14,0,0.034509042520,0.987303833272,1,0.937256286327,0.166303575533,0.773584905660,0.462893295291,0.470095639897,0.495446376216,0.741485050867,0.964441136807,0.184782608696,24.000000000000,0.311688311688,0.917117092504,0.986795631990,0.000000000000,0.964441136807,1.000000000000,0.333333333333
pb01_case_45f23ad8ba7fabe221db4bc5,calibration,erdos_renyi,206,24,node_removal,0.280000,3,0,0.042374360137,0.980852404618,1,0.922955708841,0.124704825194,0.759259259259,0.565818724508,0.633078542564,0.580699443964,0.741485050867,0.958129730553,0.184782608696,24.000000000000,0.307692307692,0.914135383735,0.990476457317,0.000000000000,0.958129730553,1.000000000000,0.333333333333
pb01_case_38bf3db425c749b61ef97fdc,calibration,erdos_renyi,206,24,edge_removal,0.160000,6 7 8 9 10 11 13 14 17 18 21 22 23,0,0.042847241795,0.981179811695,1,0.922095924010,0.256018833318,0.787028422274,0.594276402272,0.571624473301,0.616385190129,0.741485050867,0.966213258324,0.184782608696,24.000000000000,0.666666666667,0.979112217052,1.000000000000,0.341271034258,0.966213258324,0.333333333333,0.325000000000
pb01_case_c753ea6b70cbbb838b5613d3,calibration,erdos_renyi,206,24,edge_removal,0.280000,0 1 2 3 4 5 7 8 9 11 12 13 14 15 17 18 19 20 21 22,0,0.055645887035,0.967258611017,1,0.898825659936,0.378830611456,0.831935653067,0.689050299205,0.668867254951,0.697207181140,0.741485050867,0.951268030653,0.184782608696,24.000000000000,0.857142857143,0.994386481933,1.000000000000,0.246204233018,0.951268030653,0.000000000000,0.363636363636
pb01_case_9dfe3941a9feb9c7752074c0,calibration,erdos_renyi,206,24,weight_degradation,0.160000,15 16 17 18 19,0,0.007485062497,0.999381905879,1,0.986390795459,0.335843102836,0.814718271147,0.683498580355,0.683498283551,0.682741971262,0.741485050867,0.986232423145,0.184782608696,24.000000000000,0.421052631579,0.949224686009,1.000000000000,0.994381141718,0.986232423145,1.000000000000,0.277777777778
pb01_case_ab10f9e4ababba6fbc0dd953,calibration,erdos_renyi,206,24,weight_degradation,0.280000,5 6 7 9,0,0.010638613646,0.998751169560,1,0.980657066098,0.497963163229,0.845418679549,0.786731332547,0.725608074848,0.785630436584,0.741485050867,0.985460000601,0.184782608696,24.000000000000,0.436363636364,0.953514475282,1.000000000000,0.983991037732,0.985460000601,1.000000000000,0.444444444444
pb01_case_daca0e53639c211b3213a1e0,calibration,erdos_renyi,206,24,localized_state_shock,0.160000,2 13 22 23,0,0.000064681755,0.999999953782,1,0.999882396809,0.303061589660,0.801511009201,0.582118223189,0.499799947352,0.618560980926,0.741485050867,0.978976390908,0.184782608696,24.000000000000,0.406779661017,0.940305177510,0.996316877752,1.000000000000,0.978976390908,1.000000000000,0.307692307692
pb01_case_9f13d69f42dcffa9f56d9925,calibration,erdos_renyi,206,24,localized_state_shock,0.280000,2 5 14 20,0,0.000080326557,0.999999928723,1,0.999853951715,0.442739352810,0.860526489373,0.701561399562,0.668637693113,0.710203397007,0.741485050867,0.974309668223,0.184782608696,24.000000000000,0.461538461538,0.953694350136,0.975883927207,1.000000000000,0.974309668223,1.000000000000,0.444444444444
pb01_case_70eb38c4bd19e5232244e977,calibration,ring_lattice,201,24,node_removal,0.160000,19,0,0.043643915423,0.978154455076,1,0.920647426504,0.074903433367,0.784313725490,0.816884602914,0.771193921447,0.837467186602,0.677313353750,0.958726086955,0.282608695652,24.000000000000,0.320000000000,0.918737341091,0.974815392558,0.000000000000,0.958726086955,1.000000000000,0.500000000000
pb01_case_368f0f79ecff9c9c2b7ff62a,calibration,ring_lattice,201,24,node_removal,0.280000,3,0,0.050867705608,0.970178764153,1,0.907513262532,0.605568401316,0.909090909091,0.960310466121,0.943560990690,0.959711764069,0.677313353750,0.952487997915,0.282608695652,24.000000000000,0.352941176471,0.929951179978,0.978207387675,0.000000000000,0.952487997915,1.000000000000,0.333333333333
pb01_case_15c3f75ffe7724e9eba5e5c0,calibration,ring_lattice,201,24,edge_removal,0.160000,1 6 8 9 10 11 12 14 15 16 17 18 19 20 21 23,0,0.034248914973,0.986369648330,1,0.937729245503,0.321708832032,0.821875319853,0.849969329293,0.757683276849,0.870521462457,0.677313353750,0.971792149867,0.282608695652,24.000000000000,0.750000000000,0.985885357306,1.000000000000,0.603066537586,0.971792149867,0.333333333333,0.372093023256
pb01_case_0aa796d3aebfc3f8678c784f,calibration,ring_lattice,201,24,edge_removal,0.280000,0 1 2 3 5 6 8 9 10 11 12 13 14 15 16 17 18 19 20 21 22 23,0,0.044619942778,0.977107719253,1,0.918872831313,0.336319284310,0.829274798455,0.851591756377,0.777477275855,0.870296909529,0.677313353750,0.966589563604,0.282608695652,24.000000000000,0.923076923077,0.996645476320,1.000000000000,0.457662191235,0.966589563604,0.333333333333,0.354838709677
pb01_case_d318298976a458c5c4fa1a1e,calibration,ring_lattice,201,24,weight_degradation,0.160000,6 7 8 9 10 11 12 15,0,0.007015199460,0.999414651923,1,0.987245091891,0.312163820089,0.799672979761,0.829983160548,0.677914295017,0.859324589221,0.677313353750,0.990363168046,0.282608695652,24.000000000000,0.489795918367,0.957923220029,1.000000000000,0.992602395412,0.990363168046,1.000000000000,0.285714285714
pb01_case_62e3b5892f697fa2d26b60cc,calibration,ring_lattice,201,24,weight_degradation,0.280000,9 10 11 12 13 14 15,0,0.010568617179,0.998676636131,1,0.980784332402,0.343046071653,0.817682317682,0.851282078191,0.704263913237,0.876292331107,0.677313353750,0.988664548345,0.282608695652,24.000000000000,0.452830188679,0.950680329227,1.000000000000,0.984295714493,0.988664548345,1.000000000000,0.318181818182
pb01_case_760037be28a90537dea96517,calibration,ring_lattice,201,24,localized_state_shock,0.160000,14 15 16 17,0,0.000271346049,0.999999123754,1,0.999506643548,0.629165072890,0.919627076706,0.882431282881,0.794183188723,0.897097860300,0.677313353750,0.981358649982,0.282608695652,24.000000000000,0.444444444444,0.949657121117,0.994352226815,1.000000000000,0.981358649982,1.000000000000,0.444444444444
pb01_case_9eef7bcef81d417b3c582290,calibration,ring_lattice,201,24,localized_state_shock,0.280000,16 17 18 19,0,0.000855237786,0.999991294527,1,0.998445022207,0.431716976918,0.879594396967,0.861505444844,0.801648773966,0.876846603972,0.677313353750,0.971672715170,0.282608695652,24.000000000000,0.406779661017,0.943068672143,0.977037947581,1.000000000000,0.971672715170,1.000000000000,0.571428571429
pb01_case_54889b43e39992657cfb889a,calibration,ring_lattice,202,24,node_removal,0.160000,7,0,0.051485552584,0.969750807048,1,0.906389904393,0.547942623629,0.906976744186,0.926066139462,0.852950098434,0.940934773435,0.677592777049,0.950208974212,0.282608695652,24.000000000000,0.358208955224,0.930852977220,0.962559536361,0.000000000000,0.950208974212,1.000000000000,0.333333333333
pb01_case_9b553259aaa31a932480887c,calibration,ring_lattice,202,24,node_removal,0.280000,1,0,0.043154927549,0.978717145061,1,0.921536495366,0.069063376675,0.735849056604,0.773773709987,0.815011352466,0.792573409126,0.677592777049,0.959535511734,0.282608695652,24.000000000000,0.311688311688,0.917827824741,0.988113200101,0.000000000000,0.959535511734,1.000000000000,0.500000000000
pb01_case_886f049876fc4aeff42a2a4b,calibration,ring_lattice,202,24,edge_removal,0.160000,0 2 3 4 5 6 7 8 10 11 12 13 16 17 20 22 23,0,0.024780497076,0.992769165123,1,0.954944550770,0.342970272050,0.833693336335,0.849360203138,0.751174981331,0.874640408195,0.677592777049,0.977230531570,0.282608695652,24.000000000000,0.774193548387,0.989357963697,1.000000000000,0.674305298102,0.977230531570,1.000000000000,0.361702127660
pb01_case_139b8b339a57df48e14fcc5c,calibration,ring_lattice,202,24,edge_removal,0.280000,1 2 3 4 5 6 7 8 9 10 11 12 13 14 15 16 17 18 19 20 21 22 23,0,0.043192730081,0.978569023557,1,0.921467763488,0.308663218329,0.831138682379,0.812896270310,0.702676497349,0.843989799001,0.677592777049,0.963648884553,0.282608695652,24.000000000000,0.960000000000,0.997981973028,1.000000000000,0.437295555242,0.963648884553,0.333333333333,0.348484848485
pb01_case_5cca6dfc4dddc625e489a9ad,calibration,ring_lattice,202,24,weight_degradation,0.160000,10 11 12 13 14 15 16,0,0.006223254035,0.999543977575,1,0.988684992664,0.208719604691,0.773668833617,0.770137616111,0.512831831735,0.823693171690,0.677592777049,0.989591798513,0.282608695652,24.000000000000,0.428571428571,0.946483498861,1.000000000000,0.993977866599,0.989591798513,1.000000000000,0.280000000000
pb01_case_81e7fc7362b9d387e42ca183,calibration,ring_lattice,202,24,weight_degradation,0.280000,4 5 6 7 8 9 10 20,0,0.013361063333,0.997892795495,1,0.975707157576,0.389187528724,0.868132705104,0.830797014319,0.774368893405,0.853963975468,0.677592777049,0.986438248267,0.282608695652,24.000000000000,0.545454545455,0.966204474897,1.000000000000,0.953208210962,0.986438248267,1.000000000000,0.333333333333
pb01_case_06dc42c9e7c0961d192f6fc3,calibration,ring_lattice,202,24,localized_state_shock,0.160000,0 1 2 3,0,0.000765271173,0.999993091832,1,0.998608597867,0.194894294292,0.781108728797,0.827321713503,0.856680248206,0.840992182867,0.677592777049,0.984390747320,0.282608695652,24.000000000000,0.393442622951,0.940490935795,0.993008263710,1.000000000000,0.984390747320,1.000000000000,0.571428571429
pb01_case_7ad22bcc114e0d412403dede,calibration,ring_lattice,202,24,localized_state_shock,0.280000,0 1 2 23,0,0.001512474145,0.999973007146,1,0.997250047009,0.225180440242,0.793555537308,0.815012040678,0.827458279561,0.831688785811,0.677592777049,0.977322256578,0.282608695652,24.000000000000,0.400000000000,0.942638917413,0.974784579114,1.000000000000,0.977322256578,1.000000000000,0.571428571429
pb01_case_745c95f546bb616e0f8f9dcd,calibration,ring_lattice,203,24,node_removal,0.160000,5,0,0.043528393066,0.978311218881,1,0.920857467152,0.663242223632,1.000000000000,0.732334097668,0.585045356137,0.778426631287,0.729682916362,0.958842315630,0.278985507246,24.000000000000,0.363636363636,0.933575351893,0.975416096345,0.000000000000,0.958842315630,1.000000000000,0.333333333333
pb01_case_c666dc79b2b8dd5f7af2f2a5,calibration,ring_lattice,203,24,node_removal,0.280000,22,0,0.040399294638,0.981443789200,1,0.926546737021,0.468209237496,0.913043478261,0.675004960717,0.394697131438,0.748046180767,0.729682916362,0.961725839912,0.278985507246,24.000000000000,0.342857142857,0.924634543442,0.989751471334,0.000000000000,0.961725839912,1.000000000000,0.500000000000
pb01_case_8ab92f2cf09de1cdf404d8a5,calibration,ring_lattice,203,24,edge_removal,0.160000,0 2 4 5 6 7 9 10 11 12 13 14 15 16 17 18 22,0,0.037477861006,0.983563731258,1,0.931858434534,0.358849798107,0.889448475587,0.773157584596,0.676276910888,0.811194952983,0.729682916362,0.969792383010,0.278985507246,24.000000000000,0.774193548387,0.987798741566,1.000000000000,0.720831780639,0.969792383010,0.333333333333,0.340000000000
pb01_case_b68804e4fa96afbf2e2af155,calibration,ring_lattice,203,24,edge_removal,0.280000,0 1 2 4 5 6 8 9 10 11 13 14 15 16 17 18 19 20 21 22 23,0,0.057662671436,0.963228946834,1,0.895158779208,0.435195580875,0.895443263595,0.760590139976,0.614640716675,0.806678507316,0.729682916362,0.952763097343,0.278985507246,24.000000000000,0.888888888889,0.994415996818,1.000000000000,0.417011411918,0.952763097343,0.000000000000,0.375000000000
pb01_case_6e2cdd5d82699d50f45bc53c,calibration,ring_lattice,203,24,weight_degradation,0.160000,2 3 4 5 6 7 8 14,0,0.006455668090,0.999506704835,1,0.988262421655,0.522335337243,0.924407981848,0.772949957506,0.610042049358,0.816894918069,0.729682916362,0.989533443806,0.278985507246,24.000000000000,0.558139534884,0.969572976143,1.000000000000,0.980056193290,0.989533443806,1.000000000000,0.320000000000
pb01_case_ccea2874eea03ef807509bfa,calibration,ring_lattice,203,24,weight_degradation,0.280000,0 18 19 20 21 22 23,0,0.010123129195,0.998796578088,1,0.981594310554,0.384779584470,0.871035022705,0.707253474812,0.457009037261,0.774140963881,0.729682916362,0.987927341041,0.278985507246,24.000000000000,0.470588235294,0.953556954804,1.000000000000,0.979079598493,0.987927341041,1.000000000000,0.466666666667
pb01_case_af9a6f8dbace6f9307afb06f,calibration,ring_lattice,203,24,localized_state_shock,0.160000,5 7 11 14,0,0.000461273595,0.999997484376,1,0.999161320737,0.537778938256,0.947619047619,0.814931352204,0.760692496597,0.841743920468,0.729682916362,0.985832969484,0.278985507246,24.000000000000,0.452830188679,0.953543018379,0.992636515880,1.000000000000,0.985832969484,1.000000000000,0.333333333333
pb01_case_4aaf102319dd483f691fef99,calibration,ring_lattice,203,24,localized_state_shock,0.280000,13 14 15 16,0,0.000976371949,0.999988731422,1,0.998224778274,0.615714249767,0.942154255319,0.865963243156,0.883035637426,0.880597075266,0.729682916362,0.968414837932,0.278985507246,24.000000000000,0.436363636364,0.950230265317,0.977100459337,1.000000000000,0.968414837932,1.000000000000,0.363636363636
pb01_case_c613ab5c57aa92cf7187ba80,calibration,ring_lattice,204,24,node_removal,0.160000,7,0,0.043694195235,0.978037243306,1,0.920556008664,0.136108955558,0.823529411765,0.832709864154,0.800372517175,0.855400760430,0.683278043512,0.959160068656,0.275362318841,24.000000000000,0.320000000000,0.919301169101,0.982438759877,0.000000000000,0.959160068656,1.000000000000,0.333333333333
pb01_case_ae86fcb1b73e1bf680ffeb99,calibration,ring_lattice,204,24,node_removal,0.280000,9,0,0.048362573027,0.972953096185,1,0.912068049041,0.695972695348,0.976744186047,0.933207515550,0.946753839897,0.936945367624,0.683278043512,0.954478489934,0.275362318841,24.000000000000,0.358208955224,0.931398950290,0.979943509743,0.000000000000,0.954478489934,1.000000000000,0.500000000000
pb01_case_4855cbf15216178615762848,calibration,ring_lattice,204,24,edge_removal,0.160000,0 2 4 5 6 7 9 10 11 12 13 14 15 18 20 21 23,0,0.036307843315,0.984483622166,1,0.933985739427,0.384531508543,0.864655276280,0.876525419207,0.845038092197,0.892765459360,0.683278043512,0.967405800598,0.275362318841,24.000000000000,0.774193548387,0.989071346716,1.000000000000,0.622128956609,0.967405800598,0.333333333333,0.361702127660
pb01_case_92023d5d0549d62b0252ee87,calibration,ring_lattice,204,24,edge_removal,0.280000,0 1 2 3 4 5 6 7 8 9 10 11 12 13 14 15 16 17 18 20 21 22 23,0,0.043989238768,0.977636449539,1,0.920019565877,0.401611764930,0.863636964620,0.871083095050,0.832664025763,0.888818400432,0.683278043512,0.962803545089,0.275362318841,24.000000000000,0.960000000000,0.998532487127,1.000000000000,0.422274229245,0.962803545089,0.333333333333,0.359375000000
pb01_case_fbb377be450a00fb70e5f557,calibration,ring_lattice,204,24,weight_degradation,0.160000,0 1 6 19 20 21 22 23,0,0.006605369425,0.999479904010,1,0.987990237410,0.548837809578,0.909506443169,0.859956281533,0.800434558215,0.880481254922,0.683278043512,0.991859031577,0.275362318841,24.000000000000,0.533333333333,0.965783743617,1.000000000000,0.976119563856,0.991859031577,1.000000000000,0.470588235294
pb01_case_a50f125e540058fd5c920d38,calibration,ring_lattice,204,24,weight_degradation,0.280000,15 16 17 18 19 20 21,0,0.012571254616,0.998117533747,1,0.977143173426,0.297890844202,0.809817745280,0.860007189616,0.813288404071,0.879972736464,0.683278043512,0.986719970307,0.275362318841,24.000000000000,0.428571428571,0.947507958019,1.000000000000,0.981404247489,0.986719970307,1.000000000000,0.333333333333
pb01_case_c95127a07733370fef3a53f3,calibration,ring_lattice,204,24,localized_state_shock,0.160000,10 11 12 13,0,0.000440018270,0.999997689565,1,0.999199966782,0.507315390151,0.887221760797,0.918117247575,0.952330474742,0.922421744450,0.683278043512,0.981485363474,0.275362318841,24.000000000000,0.406779661017,0.941657616637,0.993932319255,1.000000000000,0.981485363474,1.000000000000,0.307692307692
pb01_case_3b29502d8ae28c659ee65bc5,calibration,ring_lattice,204,24,localized_state_shock,0.280000,17 18 19 20,0,0.001301105109,0.999979797091,1,0.997634354348,0.296956175770,0.806103896104,0.838030912923,0.785603859194,0.861366774408,0.683278043512,0.977137981098,0.275362318841,24.000000000000,0.375000000000,0.936157348888,0.980121011693,1.000000000000,0.977137981098,1.000000000000,0.363636363636
pb01_case_8a1d0fb0298b4b54ef6b5f46,calibration,ring_lattice,205,24,node_removal,0.160000,7,0,0.045041081337,0.976684136192,1,0.918107124842,0.144627631535,0.763636363636,0.870072207103,0.823409792467,0.887510098410,0.645124115692,0.957770261202,0.275362318841,24.000000000000,0.303797468354,0.914160846499,0.979011563521,0.000000000000,0.957770261202,1.000000000000,0.200000000000
pb01_case_1cec8c224792879ce80a5c18,calibration,ring_lattice,205,24,node_removal,0.280000,23,0,0.050744588218,0.970340310147,1,0.907737112331,0.620378407239,0.954545454545,0.995775517203,0.964735890617,0.993326316034,0.645124115692,0.952099065369,0.275362318841,24.000000000000,0.352941176471,0.927860594222,0.985755771030,0.000000000000,0.952099065369,1.000000000000,0.333333333333
pb01_case_22cbcf058775b6a909c962e0,calibration,ring_lattice,205,24,edge_removal,0.160000,0 1 2 3 5 6 7 8 9 10 11 13 14 16 18 23,0,0.039316202668,0.981831925052,1,0.928515995149,0.433514996697,0.869533571721,0.897178590395,0.868872182450,0.907584177171,0.645124115692,0.965479978963,0.275362318841,24.000000000000,0.750000000000,0.985706461886,1.000000000000,0.560911768382,0.965479978963,0.333333333333,0.275862068966
pb01_case_7ab307c7ec1b6313819a043b,calibration,ring_lattice,205,24,edge_removal,0.280000,0 1 2 3 4 6 7 8 9 10 11 12 13 14 15 16 17 18 20 21 22 23,0,0.039702917775,0.981646994089,1,0.927812876773,0.422665338944,0.866900768254,0.880717386192,0.850216095752,0.893427142022,0.645124115692,0.965017028664,0.275362318841,24.000000000000,0.923076923077,0.995403319908,1.000000000000,0.468134661444,0.965017028664,0.333333333333,0.301369863014
pb01_case_a410130aeeb4a79ba3726130,calibration,ring_lattice,205,24,weight_degradation,0.160000,15 16 17 18 19 20 21,0,0.006927422226,0.999427105092,1,0.987404686862,0.294920286669,0.823936262899,0.865198336753,0.807346028401,0.882213398775,0.645124115692,0.987241168811,0.275362318841,24.000000000000,0.444444444444,0.949383779906,1.000000000000,0.994162245871,0.987241168811,1.000000000000,0.500000000000
pb01_case_aebd9c5f29070e5785d76b7f,calibration,ring_lattice,205,24,weight_degradation,0.280000,13 14 15 16 17 18 19,0,0.011200565865,0.998506102424,1,0.979635334791,0.425070811202,0.870217178365,0.888595722647,0.823776249391,0.902891216468,0.645124115692,0.985621072241,0.275362318841,24.000000000000,0.470588235294,0.954135453307,1.000000000000,0.974996305187,0.985621072241,1.000000000000,0.437500000000
pb01_case_14a27a172d596294c67f8ff8,calibration,ring_lattice,205,24,localized_state_shock,0.160000,12 13 14 15,0,0.000268578375,0.999999138194,1,0.999511675683,0.612700340103,0.931686046512,0.882958448338,0.831800983124,0.896410696333,0.645124115692,0.982708123991,0.275362318841,24.000000000000,0.428571428571,0.946631068133,0.993946264183,1.000000000000,0.982708123991,1.000000000000,0.307692307692
pb01_case_9571b0193f6f088ff3d5b6e8,calibration,ring_lattice,205,24,localized_state_shock,0.280000,5 8 9 11,0,0.001848266667,0.999959181089,1,0.996639515151,0.368164398229,0.847207410446,0.895138231434,0.853149867309,0.907650173392,0.645124115692,0.983212835194,0.275362318841,24.000000000000,0.400000000000,0.943440215547,0.973291423607,1.000000000000,0.983212835194,1.000000000000,0.222222222222
pb01_case_fb01690701ca052cfb499317,calibration,ring_lattice,206,24,node_removal,0.160000,14,0,0.048669701467,0.972935461354,1,0.911509633696,0.614025453547,0.911111111111,0.894102530415,0.608447845856,0.937487538037,0.696101159154,0.953452541739,0.278985507246,24.000000000000,0.347826086957,0.929499545401,0.976966393785,0.000000000000,0.953452541739,1.000000000000,0.500000000000
pb01_case_0c37ca0a479945ddd7ac36db,calibration,ring_lattice,206,24,node_removal,0.280000,3,0,0.054315678140,0.966024546251,1,0.901244221564,0.136984543033,0.836734693878,1.000000000000,1.000000000000,1.000000000000,0.696101159154,0.948972705561,0.278985507246,24.000000000000,0.328767123288,0.921270113527,0.982825014156,0.000000000000,0.948972705561,1.000000000000,0.333333333333
pb01_case_b37920d0db1e9258a8e8b2fe,calibration,ring_lattice,206,24,edge_removal,0.160000,0 1 2 4 5 6 7 8 10 11 14 16 18 21 22 23,0,0.029710253987,0.989602483031,1,0.945981356388,0.425016042196,0.858456687455,0.837426641611,0.718675207033,0.869883755882,0.696101159154,0.973951889532,0.278985507246,24.000000000000,0.750000000000,0.986381958892,1.000000000000,0.678224446134,0.973951889532,0.333333333333,0.372093023256
pb01_case_2c929ada31d03647d671666e,calibration,ring_lattice,206,24,edge_removal,0.280000,0 1 2 3 4 5 6 7 8 9 10 11 13 14 15 16 17 18 19 20 21 22 23,0,0.044623667426,0.977368490719,1,0.918866059226,0.384137967537,0.851913934555,0.837240549270,0.702046987837,0.870899833995,0.696101159154,0.961735991288,0.278985507246,24.000000000000,0.960000000000,0.998761149798,1.000000000000,0.346254739666,0.961735991288,0.333333333333,0.359375000000
pb01_case_3582c328e7bc89b161bee18c,calibration,ring_lattice,206,24,weight_degradation,0.160000,14 15 16 17 18 19 20,0,0.007234812690,0.999378160900,1,0.986845795109,0.452775865575,0.877721959921,0.853440375119,0.653099237154,0.888515595434,0.696101159154,0.987512822217,0.278985507246,24.000000000000,0.489795918367,0.960652223423,1.000000000000,0.978235493874,0.987512822217,1.000000000000,0.318181818182
pb01_case_fcf8cac5d2edf62c315625a5,calibration,ring_lattice,206,24,weight_degradation,0.280000,3 4 5 6 7 8 9,0,0.011056078659,0.998551022744,1,0.979898038801,0.479812054177,0.878784970984,0.877692310466,0.799637815570,0.902007250213,0.696101159154,0.986344834895,0.278985507246,24.000000000000,0.489795918367,0.959338802000,1.000000000000,0.960518421731,0.986344834895,1.000000000000,0.500000000000
pb01_case_9a25778762e17f4222440314,calibration,ring_lattice,206,24,localized_state_shock,0.160000,0 1 2 23,0,0.000591764827,0.999995844127,1,0.998924063951,0.306101428168,0.831958210635,0.809062642781,0.781050642317,0.835751454334,0.696101159154,0.977215659098,0.278985507246,24.000000000000,0.393442622951,0.938772156908,0.995166547656,1.000000000000,0.977215659098,1.000000000000,0.307692307692
pb01_case_8e4bcfa4ac977553a9418012,calibration,ring_lattice,206,24,localized_state_shock,0.280000,5 17 18 20,0,0.000916016730,0.999990031766,1,0.998334515037,0.534549766284,0.905679885591,0.913278003530,0.770931428019,0.934509893625,0.696101159154,0.983796018642,0.278985507246,24.000000000000,0.480000000000,0.960034133357,0.970522144213,1.000000000000,0.983796018642,1.000000000000,0.333333333333
pb01_case_449c5e4b09082f8cb95216c7,calibration,modular,201,24,node_removal,0.160000,19,0,0.055227115333,0.966925918255,1,0.899587063031,0.171183465645,0.770833333333,0.819183706677,0.904305072924,0.786042598139,0.213902597788,0.948038297763,0.278985507246,24.000000000000,0.333333333333,0.924297643783,0.964876616887,0.000000000000,0.948038297763,1.000000000000,0.500000000000
pb01_case_0dd1175c279a75473324e6b3,calibration,modular,201,24,node_removal,0.280000,3,0,0.048269573488,0.974941684551,1,0.912237139112,0.828364776027,0.925000000000,0.691861373164,0.186275379895,0.726526442000,0.213902597788,0.953630737964,0.278985507246,24.000000000000,0.375000000000,0.935658348128,0.980208104313,0.000000000000,0.953630737964,1.000000000000,0.250000000000
pb01_case_c0ca55f8828ac5045a930c04,calibration,modular,201,24,edge_removal,0.160000,2 3 8 9 10 11 13 15 16 17 18 19 20 21 23,0,0.033859582344,0.987293297321,1,0.938437123012,0.358501605468,0.818731835386,0.705420378550,0.515274814620,0.709889121450,0.213902597788,0.970163659057,0.278985507246,24.000000000000,0.727272727273,0.985118353019,1.000000000000,0.553609872605,0.970163659057,0.666666666667,0.384615384615
pb01_case_451f2ad3228c649e456f5872,calibration,modular,201,24,edge_removal,0.280000,0 1 2 3 4 7 8 9 10 11 13 14 15 16 17 18 19 21 22 23,0,0.046149404029,0.976926582486,1,0.916091992675,0.297338625808,0.806700926179,0.648284823395,0.414865628087,0.664398264657,0.213902597788,0.961684183462,0.278985507246,24.000000000000,0.857142857143,0.993098349218,1.000000000000,0.384734387055,0.961684183462,0.333333333333,0.350877192982
pb01_case_91884575ee854bdfbf7e744c,calibration,modular,201,24,weight_degradation,0.160000,2 8 9 10 11 12 13 14,0,0.006144998914,0.999577583861,1,0.988827274702,0.326937737350,0.857488337419,0.683863763174,0.269894613324,0.707868867864,0.213902597788,0.986822593283,0.278985507246,24.000000000000,0.533333333333,0.965746077446,1.000000000000,0.997253891070,0.986822593283,1.000000000000,0.333333333333
pb01_case_ff44365dd241b26f486b5d8b,calibration,modular,201,24,weight_degradation,0.280000,0 8 9 11 12 13,0,0.009953338166,0.998892757309,1,0.981903021517,0.401977070128,0.876573597179,0.724158199595,0.280419865972,0.744480643123,0.213902597788,0.985887095332,0.278985507246,24.000000000000,0.500000000000,0.960711699658,1.000000000000,0.996434256216,0.985887095332,1.000000000000,0.352941176471
pb01_case_98a30d141c4b6f5467b1d004,calibration,modular,201,24,localized_state_shock,0.160000,16 17 18 19,0,0.006430085964,0.999536572365,1,0.988308934610,0.360993727147,0.798039215686,0.748603425143,0.808755768909,0.727692805934,0.213902597788,0.978512219476,0.278985507246,24.000000000000,0.421052631579,0.946559100811,0.992032674645,1.000000000000,0.978512219476,1.000000000000,0.444444444444
pb01_case_3e998f167f2551d3289b999f,calibration,modular,201,24,localized_state_shock,0.280000,14 16 17 19,0,0.008446137930,0.999200321214,1,0.984643385583,0.166885879258,0.781905494756,0.738528669407,0.735001128985,0.723029398787,0.213902597788,0.971997833369,0.278985507246,24.000000000000,0.428571428571,0.947179788853,0.977350536010,1.000000000000,0.971997833369,1.000000000000,0.444444444444
pb01_case_fa9120f17f2632ba14d06d0e,calibration,modular,202,24,node_removal,0.160000,7,0,0.062662555762,0.956174291446,1,0.886068080433,0.985331997321,0.958333333333,1.000000000000,0.327415337127,1.000000000000,0.123607855546,0.941205500358,0.257246376812,24.000000000000,0.333333333333,0.924700607467,0.951206499955,0.000000000000,0.941205500358,1.000000000000,1.000000000000
pb01_case_a6efa7b82435acafef7b7f8c,calibration,modular,202,24,node_removal,0.280000,1,0,0.041150210791,0.981266500272,1,0.925181434926,0.038914998012,0.793103448276,0.642120046740,0.206212385812,0.676651137874,0.123607855546,0.960697697422,0.257246376812,24.000000000000,0.292682926829,0.909136357742,0.988944455245,0.000000000000,0.960697697422,1.000000000000,0.500000000000
pb01_case_3dd1e84e19a9dbbd461cec72,calibration,modular,202,24,edge_removal,0.160000,0 1 2 3 4 5 7 9 10 12 13 14 15 16 17 18,0,0.035375230982,0.986070871420,1,0.935681398215,0.237918196002,0.854362985720,0.692837320216,0.425268724346,0.723052806842,0.123607855546,0.968656097690,0.257246376812,24.000000000000,0.750000000000,0.985967376719,1.000000000000,0.837659262620,0.968656097690,0.333333333333,0.355555555556
pb01_case_99e6702cd118aab2a8e14e4f,calibration,modular,202,24,edge_removal,0.280000,0 1 2 3 4 5 7 8 9 13 14 15 16 17 19 20 21 22,0,0.058204139220,0.964853443514,1,0.894174292327,0.314043743522,0.863086007969,0.658330988628,0.338785590815,0.700660168684,0.123607855546,0.951381988256,0.257246376812,24.000000000000,0.800000000000,0.989246969950,1.000000000000,0.000000000000,0.951381988256,0.333333333333,0.346153846154
pb01_case_7483b02b7ede13bf7b04411c,calibration,modular,202,24,weight_degradation,0.160000,9 10 11 12 13 14 15 17,0,0.006203147912,0.999559078984,1,0.988721549251,0.164742744961,0.874094908943,0.708286735108,0.731639752426,0.722087634999,0.123607855546,0.992651120153,0.257246376812,24.000000000000,0.421052631579,0.945726216935,1.000000000000,0.999588220034,0.992651120153,1.000000000000,0.296296296296
pb01_case_7fbbdb143bb325e2db995f1d,calibration,modular,202,24,weight_degradation,0.280000,0 1 2 3 4 5 6 7 8,0,0.014117223240,0.997712025775,1,0.974332321382,0.343481099475,0.835512816100,0.703416217173,0.274545615429,0.730253923745,0.123607855546,0.987839372569,0.257246376812,24.000000000000,0.489795918367,0.959255027065,1.000000000000,0.862788575435,0.987839372569,1.000000000000,0.529411764706
pb01_case_bbe71953437568dfc135c6a3,calibration,modular,202,24,localized_state_shock,0.160000,1 2 3 4,0,0.007706838924,0.999319470604,1,0.985987565592,0.270469038452,0.840081268442,0.638146394688,0.201427458966,0.674358653188,0.123607855546,0.985439249239,0.257246376812,24.000000000000,0.352941176471,0.928844495834,0.994483482756,1.000000000000,0.985439249239,1.000000000000,0.500000000000
pb01_case_e5bc79f8583958b95064ba05,calibration,modular,202,24,localized_state_shock,0.280000,16 18 19 23,0,0.010644900572,0.998707109983,1,0.980645635323,0.122592999003,0.819823609227,0.637834235287,0.147280109296,0.720792770315,0.123607855546,0.977096129191,0.257246376812,24.000000000000,0.352941176471,0.927021619193,0.984130679225,1.000000000000,0.977096129191,1.000000000000,0.235294117647
pb01_case_0a0eddeda0bdcdc0b2bfe8da,calibration,modular,203,24,node_removal,0.160000,5,0,0.067741935345,0.951181304388,1,0.876832844827,0.177051136117,0.795918367347,0.939021633330,0.356169016987,1.000000000000,0.282671998882,0.940390348062,0.242753623188,24.000000000000,0.328767123288,0.923013959622,0.959678211684,0.000000000000,0.940390348062,1.000000000000,1.000000000000
pb01_case_65f6ac0782934f2453464ebf,calibration,modular,203,24,node_removal,0.280000,22,0,0.050620218351,0.972647398014,1,0.907963239362,0.045605881321,0.684210526316,0.720639050591,0.211414796909,0.773207824325,0.282671998882,0.953440478967,0.242753623188,24.000000000000,0.296296296296,0.910191254731,0.985472738320,0.000000000000,0.953440478967,0.666666666667,0.250000000000
pb01_case_36a18348a08278c2a2e66c98,calibration,modular,203,24,edge_removal,0.160000,2 4 5 12 13 14 15 17 18 19 20 22 23,0,0.051153248237,0.971097664693,1,0.906994094115,0.303795763093,0.812295955180,0.718236996980,0.459712299620,0.753867304619,0.282671998882,0.959250698258,0.242753623188,24.000000000000,0.666666666667,0.982283334772,1.000000000000,0.577060154333,0.959250698258,0.333333333333,0.317073170732
pb01_case_e2e8c9a3c84575264578cf0f,calibration,modular,203,24,edge_removal,0.280000,0 1 2 3 4 5 6 7 9 10 11 12 13 14 15 16 17 19 21 22,0,0.043920730588,0.978742270655,1,0.920144126204,0.295756959848,0.806087451092,0.667862005623,0.466633493864,0.708307637429,0.282671998882,0.963187310822,0.242753623188,24.000000000000,0.857142857143,0.993771047124,1.000000000000,0.340132542898,0.963187310822,0.333333333333,0.338983050847
pb01_case_2ab0fa8e986ed495cf7c0b1d,calibration,modular,203,24,weight_degradation,0.160000,1 2 3 4 5 6 7,0,0.009329156698,0.999024130854,1,0.983037896913,0.301844200875,0.783469901103,0.623552486143,0.282314242899,0.689908770144,0.282671998882,0.990214456105,0.242753623188,24.000000000000,0.480000000000,0.957668296836,1.000000000000,0.996113918585,0.990214456105,1.000000000000,0.538461538462
pb01_case_9e5d8ca7bc1bcb9b5c8b1e67,calibration,modular,203,24,weight_degradation,0.280000,16 18 20 21 22,0,0.010218288419,0.998836586715,1,0.981421293783,0.178131462877,0.725029139540,0.666332032537,0.205843644333,0.722648830176,0.282671998882,0.987402185770,0.242753623188,24.000000000000,0.387096774194,0.936863307843,1.000000000000,0.994877175383,0.987402185770,1.000000000000,0.263157894737
pb01_case_dcf3e6079e3abc30e4de0383,calibration,modular,203,24,localized_state_shock,0.160000,0 2 10 14,0,0.001515382125,0.999974305439,1,0.997244759772,0.546995376348,0.906858766234,0.741675293632,0.611329005316,0.766747037318,0.282671998882,0.986904048581,0.242753623188,24.000000000000,0.461538461538,0.956974270088,0.992037580472,1.000000000000,0.986904048581,1.000000000000,0.363636363636
pb01_case_39f97d2d80694a738334788f,calibration,modular,203,24,localized_state_shock,0.280000,15 16 17 19,0,0.003010674475,0.999898603166,1,0.994526046409,0.359923172848,0.832315994557,0.580313324911,0.363511788128,0.626599420446,0.282671998882,0.977212107653,0.242753623188,24.000000000000,0.436363636364,0.948724162476,0.983093711643,1.000000000000,0.977212107653,1.000000000000,0.266666666667
pb01_case_a436321764e9408748ecddaf,calibration,modular,204,24,node_removal,0.160000,7,0,0.039748914289,0.982564161749,1,0.927729246747,0.527680798005,0.872340425532,0.592326896087,0.653065675642,0.630768368659,0.323474299049,0.961811071655,0.250000000000,24.000000000000,0.338028169014,0.924108043399,0.985764290454,0.000000000000,0.961811071655,1.000000000000,0.333333333333
pb01_case_9db30ad2d171c901aa0cd3f9,calibration,modular,204,24,node_removal,0.280000,9,0,0.048630047446,0.973815008175,1,0.911581731917,0.075017860754,0.803921568627,0.757585492038,0.695609590123,0.779344320449,0.323474299049,0.954236048676,0.250000000000,24.000000000000,0.320000000000,0.918383498568,0.980437556358,0.000000000000,0.954236048676,1.000000000000,0.333333333333
pb01_case_c843cd6913fb34c7fce47d60,calibration,modular,204,24,edge_removal,0.160000,0 3 4 5 6 7 8 9 10 11 12 14 15 16 19 22 23,0,0.030846376694,0.989227614569,1,0.943915678738,0.325882828699,0.842867317737,0.693484578323,0.648741667265,0.726392040823,0.323474299049,0.975436363200,0.250000000000,24.000000000000,0.774193548387,0.987935647058,1.000000000000,0.521354346594,0.975436363200,0.333333333333,0.361702127660
pb01_case_5404ae5ed626623e31bf8d82,calibration,modular,204,24,edge_removal,0.280000,0 1 2 4 5 6 9 11 12 13 14 15 16 17 18 19 20 21 22 23,0,0.055583985127,0.965612494952,1,0.898938208860,0.279667756285,0.840154556852,0.722605929017,0.654531239011,0.754212468013,0.323474299049,0.957083459755,0.250000000000,24.000000000000,0.857142857143,0.995120414271,1.000000000000,0.462850098080,0.957083459755,0.333333333333,0.377358490566
pb01_case_088d5df0422c462196d0f950,calibration,modular,204,24,weight_degradation,0.160000,5 17 19 20 21 22 23,0,0.005991890234,0.999589200519,1,0.989105654121,0.300093780992,0.862711581527,0.717355539614,0.586853676550,0.752671985543,0.323474299049,0.991316799157,0.250000000000,24.000000000000,0.480000000000,0.959220030357,1.000000000000,0.998290126066,0.991316799157,1.000000000000,0.368421052632
pb01_case_3a4bc6e50988bead2964209a,calibration,modular,204,24,weight_degradation,0.280000,16 17 18 19 20 23,0,0.013414869381,0.997937313363,1,0.975609328398,0.294767248545,0.850833797845,0.709089682272,0.530460799867,0.747743880559,0.323474299049,0.985292121214,0.250000000000,24.000000000000,0.452830188679,0.952432147865,1.000000000000,0.997391808495,0.985292121214,1.000000000000,0.333333333333
pb01_case_ca1ac561669cd7c499d56c4d,calibration,modular,204,24,localized_state_shock,0.160000,8 12 13 14,0,0.003612719433,0.999850262489,1,0.993431419213,0.257309260632,0.812650648360,0.735449806880,0.668002388866,0.762171561789,0.323474299049,0.980396978201,0.250000000000,24.000000000000,0.387096774194,0.938713172692,0.993168172918,1.000000000000,0.980396978201,1.000000000000,0.363636363636
pb01_case_333ff356d7e3582b36f93f31,calibration,modular,204,24,localized_state_shock,0.280000,4 18 19 20,0,0.003458994549,0.999862770279,1,0.993710919001,0.436211329784,0.883483138239,0.818444111398,0.682627059564,0.844143993612,0.323474299049,0.980755675237,0.250000000000,24.000000000000,0.470588235294,0.956644365538,0.974108322429,1.000000000000,0.980755675237,1.000000000000,0.444444444444
pb01_case_e6049b84697e1166d89991fe,calibration,modular,205,24,node_removal,0.160000,7,0,0.023178229123,0.994345789231,1,0.957857765230,0.534935362974,0.910714285714,0.299463829205,0.024642964579,0.370539204625,0.083536825029,0.976015523476,0.231884057971,24.000000000000,0.300000000000,0.911526844121,0.991557900224,0.000000000000,0.976015523476,1.000000000000,0.333333333333
pb01_case_9f7e631a2d0a0f5eea085c11,calibration,modular,205,24,node_removal,0.280000,23,0,0.035683058557,0.986406221064,1,0.935121711714,0.328534398785,0.894736842105,0.552087647137,0.583939805484,0.497254458592,0.083536825029,0.964062478272,0.231884057971,24.000000000000,0.296296296296,0.911527242070,0.991888994466,0.000000000000,0.964062478272,1.000000000000,0.333333333333
pb01_case_d64984eff70f19e24487da35,calibration,modular,205,24,edge_removal,0.160000,1 3 5 7 8 10 11 14 15 16 17 18 20 22 23,0,0.029362406369,0.990540728618,1,0.946613806601,0.300083651153,0.872443434640,0.684100664019,0.360973351414,0.655169281849,0.083536825029,0.971984189303,0.231884057971,24.000000000000,0.727272727273,0.984532797508,1.000000000000,0.757700005772,0.971984189303,0.666666666667,0.326086956522
pb01_case_36e0673a14ea32a43a75e9dc,calibration,modular,205,24,edge_removal,0.280000,0 1 2 3 4 5 8 9 12 14 15 16 17 18 19 21 22 23,0,0.051997367325,0.971922226333,1,0.905459332136,0.164284626716,0.838032114906,0.675918201612,0.354038142979,0.644429878036,0.083536825029,0.955558978681,0.231884057971,24.000000000000,0.800000000000,0.989777538351,1.000000000000,0.548410137259,0.955558978681,0.333333333333,0.315789473684
pb01_case_deeb9b5f5a45c4368efca1bb,calibration,modular,205,24,weight_degradation,0.160000,16 17 18 19 20 21 22 23,0,0.006807469747,0.999487037017,1,0.987622782278,0.199922815302,0.917938058956,0.778429224768,0.830949700494,0.658457640232,0.083536825029,0.986410351059,0.231884057971,24.000000000000,0.436363636364,0.950874166426,1.000000000000,0.999226816110,0.986410351059,1.000000000000,0.470588235294
pb01_case_1586f54a82905da670e767bd,calibration,modular,205,24,weight_degradation,0.280000,15 16 17 18 19 21 22 23,0,0.012160722588,0.998366906546,1,0.977889595295,0.141106630455,0.899491878400,0.727265542476,0.734736684841,0.626828251101,0.083536825029,0.983660891317,0.231884057971,24.000000000000,0.406779661017,0.944399811564,1.000000000000,0.999719690211,0.983660891317,1.000000000000,0.400000000000
pb01_case_a215d555b9dd7380223daa5a,calibration,modular,205,24,localized_state_shock,0.160000,11 14 15 16,0,0.005905637649,0.999613973833,1,0.989262477002,0.235504135779,0.858701508621,0.784546803762,0.265086534082,0.763548078776,0.083536825029,0.984240686134,0.231884057971,24.000000000000,0.369230769231,0.933785454179,0.993086221709,1.000000000000,0.984240686134,1.000000000000,0.235294117647
pb01_case_23d039c19b3a60c5477daa02,calibration,modular,205,24,localized_state_shock,0.280000,8 9 10 11,0,0.013507362744,0.997987552266,1,0.975441158647,0.273840578514,0.837089490969,0.606401550908,0.059666706976,0.634042224818,0.083536825029,0.975555740314,0.231884057971,24.000000000000,0.369230769231,0.931778441407,0.978363229935,1.000000000000,0.975555740314,1.000000000000,0.222222222222
pb01_case_dfa357b5ca40bc1f6eca26ba,calibration,modular,206,24,node_removal,0.160000,14,0,0.045069952754,0.977456012338,1,0.918054631357,0.496918593868,0.952380952381,0.718639517641,0.202358363362,0.721086168785,0.237747097082,0.957455634317,0.253623188406,24.000000000000,0.363636363636,0.932840350354,0.979475600071,0.000000000000,0.957455634317,1.000000000000,0.333333333333
pb01_case_cdc6b06484b3f2673526a463,calibration,modular,206,24,node_removal,0.280000,3,0,0.046658499386,0.976112352664,1,0.915166364753,0.036473990094,0.740740740741,0.725781370573,0.150048087367,0.760166838839,0.237747097082,0.956333250183,0.253623188406,24.000000000000,0.307692307692,0.914507185702,0.987609009251,0.000000000000,0.956333250183,1.000000000000,0.250000000000
pb01_case_b6468a0b6037295dbc28315e,calibration,modular,206,24,edge_removal,0.160000,0 1 2 4 5 6 8 10 11 14 15 16 17 18 22,0,0.038784002982,0.983038737182,1,0.929483630941,0.370674755954,0.855862328313,0.753096431040,0.369980938991,0.748203894288,0.237747097082,0.966810023855,0.253623188406,24.000000000000,0.727272727273,0.986069883630,1.000000000000,0.442165244857,0.966810023855,0.333333333333,0.326086956522
pb01_case_46c946becfeee33cb6e348dc,calibration,modular,206,24,edge_removal,0.280000,2 3 4 5 6 8 9 10 11 12 13 14 15 16 17 18 19 20 21 23,0,0.054723739473,0.968756629868,1,0.900502291866,0.278377642303,0.827939825994,0.739426461276,0.405635372092,0.729872263747,0.237747097082,0.954816514347,0.253623188406,24.000000000000,0.857142857143,0.993856285616,1.000000000000,0.443130502666,0.954816514347,0.333333333333,0.338983050847
pb01_case_2012b8ea408beb2600f117fc,calibration,modular,206,24,weight_degradation,0.160000,4 10 16 17 18 20 21 22 23,0,0.006862200657,0.999460676434,1,0.987523271533,0.340195336715,0.876223356691,0.821613548874,0.734991787098,0.763486854450,0.237747097082,0.991036243745,0.253623188406,24.000000000000,0.585365853659,0.973806121612,1.000000000000,0.954720587343,0.991036243745,1.000000000000,0.473684210526
pb01_case_352e5f9405cbcae1f5b13908,calibration,modular,206,24,weight_degradation,0.280000,2 3 4 5 6 7,0,0.008490571414,0.999180906020,1,0.984562597430,0.358764632686,0.835166450962,0.719443300806,0.168399103021,0.752350263396,0.237747097082,0.991303451888,0.253623188406,24.000000000000,0.452830188679,0.952359710448,1.000000000000,0.996113660886,0.991303451888,1.000000000000,0.272727272727
pb01_case_95b4c82d6f5aee162f1bb47c,calibration,modular,206,24,localized_state_shock,0.160000,12 16 17 23,0,0.003036130854,0.999894713011,1,0.994479762083,0.407733101038,0.886117116092,0.711012614004,0.644725713616,0.671727230971,0.237747097082,0.984296342237,0.253623188406,24.000000000000,0.444444444444,0.952131720244,0.994418105766,1.000000000000,0.984296342237,1.000000000000,0.444444444444
pb01_case_1b760c2072f5275f0f8d0c49,calibration,modular,206,24,localized_state_shock,0.280000,16 17 18 20,0,0.010482356661,0.998741394246,1,0.980941169707,0.342912477338,0.885435992579,0.850170154751,0.890511807849,0.769980641513,0.237747097082,0.967585575565,0.253623188406,24.000000000000,0.421052631579,0.950181786061,0.970909790922,1.000000000000,0.967585575565,1.000000000000,0.571428571429
pb01_case_cf094fe3f02b8dc7716c8059,holdout,modular,301,24,node_removal,0.160000,2,0,0.047016226769,0.976528484407,1,0.914515951329,0.202958359229,0.745098039216,0.589197647113,0.033979736753,0.709314044170,0.136492172709,0.954128177159,0.235507246377,24.000000000000,0.320000000000,0.917007341848,0.983414736520,0.000000000000,0.954128177159,1.000000000000,0.333333333333
pb01_case_003744c78c67131bb77ed1de,holdout,modular,301,24,node_removal,0.280000,20,0,0.049280799508,0.973717596883,1,0.910398546348,0.010640149161,0.655172413793,0.643809988742,0.788536603308,0.652016409812,0.136492172709,0.952621373847,0.235507246377,24.000000000000,0.292682926829,0.911825169756,0.968547573141,0.000000000000,0.952621373847,1.000000000000,0.333333333333
pb01_case_682de38cabfaf7c5f31801f0,holdout,modular,301,24,edge_removal,0.160000,0 2 5 6 8 9 11 12 14 15 17 19 22,0,0.038392416283,0.984629928853,1,0.930195606758,0.171540851939,0.736274162536,0.576257714453,0.244654791009,0.680313837808,0.136492172709,0.969093725221,0.235507246377,24.000000000000,0.685714285714,0.979969581858,1.000000000000,0.707439825139,0.969093725221,0.333333333333,0.382352941176
pb01_case_0dabbf23cf4843ee3546af2b,holdout,modular,301,24,edge_removal,0.280000,0 1 2 3 4 6 8 9 10 11 13 14 15 16 17 18 19 20 21 22 23,0,0.046947207910,0.976513907346,1,0.914641440163,0.159025718429,0.717952565194,0.588148780479,0.346499937023,0.672615917742,0.136492172709,0.963451869957,0.235507246377,24.000000000000,0.888888888889,0.995246163806,1.000000000000,0.355355332572,0.963451869957,0.333333333333,0.381818181818
pb01_case_0a38d475ae95ee7ca5c2ed1f,holdout,modular,301,24,weight_degradation,0.160000,3 5 7 8 9 10 11 13 21,0,0.008069894833,0.999278184447,1,0.985327463939,0.277406256474,0.792264912008,0.556438519705,0.176353846886,0.676198133773,0.136492172709,0.990003481903,0.235507246377,24.000000000000,0.615384615385,0.974159581436,1.000000000000,0.934953505574,0.990003481903,1.000000000000,0.529411764706
pb01_case_ee6c36d4be8fb5c6d63ae2f5,holdout,modular,301,24,weight_degradation,0.280000,0 1 3 4 6 7 8,0,0.013423551421,0.997999643256,1,0.975593542870,0.212138861760,0.737455824407,0.624244684991,0.052565411088,0.742166435208,0.136492172709,0.987903007270,0.235507246377,24.000000000000,0.480000000000,0.957912489079,1.000000000000,0.981859180061,0.987903007270,1.000000000000,0.411764705882
pb01_case_05f76bdc7eb294737f99711b,holdout,modular,301,24,localized_state_shock,0.160000,0 1 4 5,0,0.005443253981,0.999674863128,1,0.990103174580,0.053126165320,0.662827549099,0.508996997862,0.027324824899,0.614593872360,0.136492172709,0.982801264263,0.235507246377,24.000000000000,0.363636363636,0.930610502802,0.995103409907,1.000000000000,0.982801264263,1.000000000000,0.363636363636
pb01_case_9e0e7d0f1994757072aaf765,holdout,modular,301,24,localized_state_shock,0.280000,0 1 2 6,0,0.011803944927,0.998481743566,1,0.978538281951,0.094126786824,0.684234334035,0.650341684252,0.033075693262,0.765314885176,0.136492172709,0.968668910209,0.235507246377,24.000000000000,0.352941176471,0.927457446261,0.977556980945,1.000000000000,0.968668910209,1.000000000000,0.333333333333
pb01_case_29c5dcc34dd0777623e8d17c,holdout,modular,302,24,node_removal,0.160000,23,0,0.011590336659,0.998564091213,1,0.978926660620,0.000000000000,0.594202898551,0.141359651109,0.163654596803,0.225141168583,0.193051941482,0.983767651758,0.250000000000,24.000000000000,0.258064516129,0.897281105326,0.986548043110,0.000000000000,0.983767651758,1.000000000000,0.500000000000
pb01_case_12c492512bd67b63d47f919c,holdout,modular,302,24,node_removal,0.280000,21,0,0.058133796587,0.964115794709,1,0.894302188024,0.009628147419,0.732142857143,0.853364273266,0.921122415419,0.815012232423,0.193051941482,0.944718946528,0.250000000000,24.000000000000,0.300000000000,0.916937015622,0.972860044093,0.000000000000,0.944718946528,1.000000000000,0.500000000000
pb01_case_0ee1a021387cb016201f4896,holdout,modular,302,24,edge_removal,0.160000,0 1 2 5 8 9 10 13 14 15 16 17 18 19 22 23,0,0.036083336584,0.986088227528,1,0.934393933484,0.448845927398,0.852375363402,0.690477732932,0.334287216209,0.747613186415,0.193051941482,0.966811754158,0.250000000000,24.000000000000,0.750000000000,0.987650771455,1.000000000000,0.755439957565,0.966811754158,0.666666666667,0.333333333333
pb01_case_bd70165edb28d1da4f700dc5,holdout,modular,302,24,edge_removal,0.280000,0 1 2 3 4 7 8 9 10 11 12 13 14 15 16 17 18 19 20 21 22,0,0.051470676810,0.973547536192,1,0.906416951255,0.370366066311,0.842209650010,0.677014784857,0.340013312846,0.734660415944,0.193051941482,0.958491292176,0.250000000000,24.000000000000,0.888888888889,0.995729193831,1.000000000000,0.461758347993,0.958491292176,0.333333333333,0.318181818182
pb01_case_f32d86366677d860a98f5ea6,holdout,modular,302,24,weight_degradation,0.160000,0 16 17 18 19 20 21 22,0,0.007809945547,0.999338647010,1,0.985800099005,0.408346482571,0.836398310205,0.799533082140,0.774866516191,0.790312926664,0.193051941482,0.983765265854,0.250000000000,24.000000000000,0.480000000000,0.961166237868,1.000000000000,0.978764589834,0.983765265854,1.000000000000,0.500000000000
pb01_case_51360afe5018e10844d133df,holdout,modular,302,24,weight_degradation,0.280000,0 16 17 18 19 20 21 22,0,0.013937135870,0.997891701681,1,0.974659752964,0.408346482571,0.836398310205,0.799533082140,0.774866516191,0.790312926664,0.193051941482,0.981107981405,0.250000000000,24.000000000000,0.480000000000,0.961166237868,1.000000000000,0.961462501670,0.981107981405,1.000000000000,0.500000000000
pb01_case_0cf671353c673332db095045,holdout,modular,302,24,localized_state_shock,0.160000,4 16 17 19,0,0.003418277638,0.999874574296,1,0.993784949749,0.462285443476,0.887815656566,0.709282490448,0.618125511116,0.717406896300,0.193051941482,0.980404294733,0.250000000000,24.000000000000,0.444444444444,0.953842552243,0.993089183218,1.000000000000,0.980404294733,1.000000000000,0.400000000000
pb01_case_b6ee63276617a86345c67221,holdout,modular,302,24,localized_state_shock,0.280000,0 1 2 5,0,0.003679882497,0.999856057842,1,0.993309304551,0.631812107225,0.931744186047,0.668865125950,0.120193186991,0.762315132530,0.193051941482,0.977296072276,0.250000000000,24.000000000000,0.452830188679,0.950801056563,0.981936934826,1.000000000000,0.977296072276,1.000000000000,0.333333333333
pb01_case_ad5afd90b605370b464fe2d3,holdout,modular,303,24,node_removal,0.160000,16,0,0.048199056311,0.975067133544,1,0.912365352163,0.218001285550,0.816326530612,0.702478153582,0.226499172915,0.843272050878,0.242097342461,0.955752618946,0.250000000000,24.000000000000,0.328767123288,0.921780637280,0.969912724751,0.000000000000,0.955752618946,1.000000000000,0.250000000000
pb01_case_8cce5521b1ec48d199006d7f,holdout,modular,303,24,node_removal,0.280000,1,0,0.050635765631,0.972224110469,1,0.907934971580,0.033422936478,0.769230769231,0.780759836081,0.583761664283,0.799735234989,0.242097342461,0.951900398096,0.250000000000,24.000000000000,0.315789473684,0.917628254899,0.974595799287,0.000000000000,0.951900398096,1.000000000000,0.500000000000
pb01_case_3119fdecc3f0f93388686eb5,holdout,modular,303,24,edge_removal,0.160000,4 6 8 10 11 12 14 15 16 17 19 20 21 22,0,0.043194407956,0.979221446828,1,0.921464712808,0.348019735107,0.839015365120,0.703202586939,0.529093797230,0.768836016242,0.242097342461,0.958767363979,0.250000000000,24.000000000000,0.705882352941,0.984376126952,1.000000000000,0.692585433346,0.958767363979,0.333333333333,0.304347826087
pb01_case_5a0a0fe358a42847ba164c55,holdout,modular,303,24,edge_removal,0.280000,0 1 2 3 4 5 6 7 8 9 10 11 12 13 14 16 17 20 23,0,0.053369068731,0.968658826740,1,0.902965329581,0.280298761182,0.821165558571,0.731121987877,0.591798332938,0.775088511271,0.242097342461,0.961866639548,0.250000000000,24.000000000000,0.827586206897,0.991998790120,1.000000000000,0.365965626288,0.961866639548,0.333333333333,0.351851851852
pb01_case_a4b3ab7835cb084fd30455ff,holdout,modular,303,24,weight_degradation,0.160000,0 1 2 3 4 5 6 15 20,0,0.007599039617,0.999348109101,1,0.986183564332,0.311011001504,0.835293105066,0.740550519318,0.547911507615,0.778937862389,0.242097342461,0.985867435844,0.250000000000,24.000000000000,0.545454545455,0.966580955036,1.000000000000,0.949364799962,0.985867435844,1.000000000000,0.473684210526
pb01_case_630ea011f408ab230379793c,holdout,modular,303,24,weight_degradation,0.280000,2 10 14 15 16 17 18 20 23,0,0.012578489610,0.998215079929,1,0.977130018890,0.401903978890,0.861546838998,0.728039034615,0.472116312236,0.813746457988,0.242097342461,0.981998109004,0.250000000000,24.000000000000,0.585365853659,0.972540869744,1.000000000000,0.903790866639,0.981998109004,1.000000000000,0.290322580645
pb01_case_06d98152d28faa38eea1eba5,holdout,modular,303,24,localized_state_shock,0.160000,0 1 2 4,0,0.004104149027,0.999809917494,1,0.992537910860,0.319838838215,0.819449971108,0.755781617584,0.577521344873,0.778965927851,0.242097342461,0.977588734839,0.250000000000,24.000000000000,0.413793103448,0.943402108341,0.993685443324,1.000000000000,0.977588734839,1.000000000000,0.500000000000
pb01_case_e892f0f2b65e98342a32ab13,holdout,modular,303,24,localized_state_shock,0.280000,16 17 18 23,0,0.006138166600,0.999579974725,1,0.988839697092,0.337631462678,0.814471243043,0.674858442218,0.246192958552,0.810835598322,0.242097342461,0.979141008038,0.250000000000,24.000000000000,0.413793103448,0.944613892712,0.978591375462,1.000000000000,0.979141008038,1.000000000000,0.266666666667
pb01_case_2fe2695e5065c7a87c319e3a,holdout,modular,304,24,node_removal,0.160000,9,0,0.059339686351,0.960975666110,1,0.892109661181,0.059992755926,0.787234042553,0.980063456652,1.000000000000,0.914803130854,0.264274749324,0.944416791411,0.271739130435,24.000000000000,0.338028169014,0.925174054490,0.973055772923,0.000000000000,0.944416791411,1.000000000000,0.500000000000
pb01_case_3679101f5ab291362854f45a,holdout,modular,304,24,node_removal,0.280000,10,0,0.053637782320,0.968006868436,1,0.902476759417,0.131243393479,0.804347826087,0.886561515925,0.929671066727,0.833882954107,0.264274749324,0.948185652106,0.271739130435,24.000000000000,0.342857142857,0.928532990388,0.961933064157,0.000000000000,0.948185652106,1.000000000000,1.000000000000
pb01_case_241ef78e9dee8645d6d2976e,holdout,modular,304,24,edge_removal,0.160000,0 4 5 6 7 8 9 10 11 13 15 20 21 22,0,0.040775948345,0.981526972955,1,0.925861912100,0.299833629186,0.818608308759,0.744268046509,0.524104529582,0.752501386298,0.264274749324,0.965226621548,0.271739130435,24.000000000000,0.705882352941,0.982623665351,1.000000000000,0.727483656585,0.965226621548,0.333333333333,0.358974358974
pb01_case_83bd472dc950af39ceeeaa1e,holdout,modular,304,24,edge_removal,0.280000,0 1 2 3 4 5 6 7 8 9 10 11 12 13 14 15 16 17 18 19 20 21 22,0,0.059976859375,0.961132168404,1,0.890951164772,0.252992036983,0.793492183303,0.743399076145,0.495706185456,0.753077663689,0.264274749324,0.955223540556,0.271739130435,24.000000000000,0.960000000000,0.998798261907,1.000000000000,0.578432018907,0.955223540556,0.333333333333,0.348484848485
pb01_case_b9f2f4d2f03afb31c4536e6d,holdout,modular,304,24,weight_degradation,0.160000,8 16 17 18 19 20 21 22 23,0,0.008661676566,0.999143510108,1,0.984251497153,0.317008501520,0.813222223563,0.735985731726,0.423177627377,0.753971200818,0.264274749324,0.984705574999,0.271739130435,24.000000000000,0.545454545455,0.967116116300,1.000000000000,0.998504753957,0.984705574999,1.000000000000,0.333333333333
pb01_case_1e4c2062d34a2e0b0a5955a3,holdout,modular,304,24,weight_degradation,0.280000,0 1 2 3 4 5 6,0,0.008397442327,0.999203870305,1,0.984731923041,0.267393696389,0.762641259402,0.725301264814,0.256218680638,0.766638797910,0.264274749324,0.985270032873,0.271739130435,24.000000000000,0.461538461538,0.952918591764,1.000000000000,0.992160267382,0.985270032873,1.000000000000,0.269230769231
pb01_case_04d2eb640a492d085bf809c0,holdout,modular,304,24,localized_state_shock,0.160000,0 1 2 3,0,0.004707670017,0.999747852091,1,0.991440599969,0.320164488517,0.767162698413,0.807211588434,0.298733123318,0.835617370193,0.264274749324,0.978798223582,0.271739130435,24.000000000000,0.406779661017,0.942741172740,0.993149486591,1.000000000000,0.978798223582,1.000000000000,0.285714285714
pb01_case_faca2d6e86af304735b260b2,holdout,modular,304,24,localized_state_shock,0.280000,8 9 10 11,0,0.004300425804,0.999789173492,1,0.992181043993,0.424614973796,0.873505223258,0.934089391501,0.929899812432,0.881141099311,0.264274749324,0.964631424141,0.271739130435,24.000000000000,0.444444444444,0.951576140895,0.974082147439,1.000000000000,0.964631424141,1.000000000000,0.571428571429
pb01_case_8e56e98a1587c0e1ed82c9e0,holdout,modular,305,24,node_removal,0.160000,10,0,0.035570143502,0.986439089530,1,0.935327011814,0.049040541483,0.773584905660,0.520762898149,0.174228608891,0.611381523948,0.244780731732,0.965019988922,0.257246376812,24.000000000000,0.311688311688,0.917418512610,0.993469734020,0.000000000000,0.965019988922,1.000000000000,0.333333333333
pb01_case_0aa017e38055145ac052649d,holdout,modular,305,24,node_removal,0.280000,14,0,0.032000861193,0.989072779884,1,0.941816616013,0.409420138162,0.872340425532,0.473003820062,0.181043297588,0.568080079986,0.244780731732,0.968200680922,0.257246376812,24.000000000000,0.338028169014,0.926820098857,0.989391470708,0.000000000000,0.968200680922,1.000000000000,0.333333333333
pb01_case_58de1a6536a6d4279b7afcc8,holdout,modular,305,24,edge_removal,0.160000,0 1 3 5 6 7 9 10 12 13 14 15 16 17,0,0.036541015298,0.985699639990,1,0.933561790367,0.452868679015,0.845343978983,0.666041528749,0.458439822804,0.731773047301,0.244780731732,0.970393038550,0.257246376812,24.000000000000,0.705882352941,0.980830299842,1.000000000000,0.617122723970,0.970393038550,0.333333333333,0.311111111111
pb01_case_24badfa2e32d46bacc662ecf,holdout,modular,305,24,edge_removal,0.280000,0 1 2 3 5 6 8 9 10 11 12 13 14 15 16 17 18 19 20 21 22 23,0,0.047959536636,0.975801896071,1,0.912800842480,0.456085547657,0.850430514356,0.677290044518,0.461742186450,0.746426317015,0.244780731732,0.959138849716,0.257246376812,24.000000000000,0.923076923077,0.996341528238,1.000000000000,0.528343424617,0.959138849716,0.333333333333,0.354838709677
pb01_case_98b66fc22d576da6dc73e8ee,holdout,modular,305,24,weight_degradation,0.160000,0 2 3 5 6 7 13,0,0.005432084638,0.999670649990,1,0.990123482476,0.592333031563,0.855603675306,0.744906932716,0.678414407369,0.781407094817,0.244780731732,0.986930939738,0.257246376812,24.000000000000,0.510638297872,0.960479121241,1.000000000000,0.968921351117,0.986930939738,1.000000000000,0.291666666667
pb01_case_121ba8e9bca20baba1414852,holdout,modular,305,24,weight_degradation,0.280000,1 2 4 5 6 7 8,0,0.012889444523,0.998139489015,1,0.976564646321,0.559694314478,0.863827339121,0.760185886917,0.722403210182,0.791416223718,0.244780731732,0.983369138113,0.257246376812,24.000000000000,0.500000000000,0.960225503788,1.000000000000,0.929553766909,0.983369138113,1.000000000000,0.304347826087
pb01_case_574390b1b426dd08d36c56ac,holdout,modular,305,24,localized_state_shock,0.160000,0 1 2 4,0,0.004783273410,0.999743597276,1,0.991303139254,0.259823903680,0.793475811844,0.732731603137,0.748067136872,0.761019301506,0.244780731732,0.974440231781,0.257246376812,24.000000000000,0.375000000000,0.935238771949,0.993598844419,1.000000000000,0.974440231781,1.000000000000,0.266666666667
pb01_case_d04f5e3315d64d8ec84e1e18,holdout,modular,305,24,localized_state_shock,0.280000,12 14 15 16,0,0.004605886973,0.999762902618,1,0.991625660049,0.452236727755,0.866240142836,0.687840639041,0.292914014888,0.774220376368,0.244780731732,0.985876992034,0.257246376812,24.000000000000,0.413793103448,0.946095547454,0.982171406502,1.000000000000,0.985876992034,1.000000000000,0.363636363636
pb01_case_7915676508d2f68964d00853,holdout,modular,306,24,node_removal,0.160000,4,0,0.037478115979,0.985166426404,1,0.931857970947,0.008136719020,0.683333333333,0.504961290372,0.040207865243,0.639824890232,0.127680748819,0.963376645758,0.228260869565,24.000000000000,0.285714285714,0.907280823064,0.983454035410,0.000000000000,0.963376645758,1.000000000000,0.500000000000
pb01_case_09e11c1dd87912d5c7112d5b,holdout,modular,306,24,node_removal,0.280000,8,0,0.051872571264,0.970630731045,1,0.905686234066,0.633570884937,0.976190476190,0.778484720931,0.669825214251,0.784400687296,0.127680748819,0.949088391032,0.228260869565,24.000000000000,0.363636363636,0.933998496126,0.965253932478,0.000000000000,0.949088391032,1.000000000000,0.333333333333
pb01_case_800a709a45e881b1cd3a5564,holdout,modular,306,24,edge_removal,0.160000,1 4 8 10 11 12 14 15 16 17 18 19 20 23,0,0.029179729752,0.990549165830,1,0.946945945906,0.273837034987,0.796743203630,0.708851456987,0.411354258843,0.780787726016,0.127680748819,0.974186409523,0.228260869565,24.000000000000,0.705882352941,0.984333538613,1.000000000000,0.546846552324,0.974186409523,0.666666666667,0.350000000000
pb01_case_5f3fbe643f187bc32935aa87,holdout,modular,306,24,edge_removal,0.280000,1 3 6 7 8 9 10 11 13 14 15 17 20 21 22 23,0,0.061293177420,0.958184116976,1,0.888557859236,0.245785188773,0.789199846465,0.734009566958,0.427332079265,0.799675905772,0.127680748819,0.949642345320,0.228260869565,24.000000000000,0.750000000000,0.987394766005,1.000000000000,0.224031710899,0.949642345320,0.000000000000,0.372093023256
pb01_case_bcb7375e84f63f9ac6d2f3d6,holdout,modular,306,24,weight_degradation,0.160000,8 10 11 12 13 14 15,0,0.008178811751,0.999252010260,1,0.985129433180,0.201080019637,0.798431811678,0.863409477616,0.873336347811,0.816601602813,0.127680748819,0.982886494400,0.228260869565,24.000000000000,0.452830188679,0.956222081986,1.000000000000,0.999443410552,0.982886494400,1.000000000000,0.333333333333
pb01_case_a754595c21d8d40eb59afa6c,holdout,modular,306,24,weight_degradation,0.280000,9 10 11 12 13 14 15,0,0.013733646599,0.997888516071,1,0.975029733457,0.121289697641,0.771613392003,0.887614943292,0.914794341591,0.830436529776,0.127680748819,0.981206390634,0.228260869565,24.000000000000,0.406779661017,0.948076299924,1.000000000000,0.998605761157,0.981206390634,1.000000000000,0.333333333333
pb01_case_bbd482ac81e622ce5a0e1921,holdout,modular,306,24,localized_state_shock,0.160000,8 16 17 18,0,0.003789261654,0.999839988527,1,0.993110433357,0.281601282317,0.811078894217,0.552654764040,0.231244510683,0.664368989933,0.127680748819,0.983648825553,0.228260869565,24.000000000000,0.428571428571,0.948245309532,0.993552544833,1.000000000000,0.983648825553,1.000000000000,0.285714285714
pb01_case_f15f542a3d8a60cc8e149249,holdout,modular,306,24,localized_state_shock,0.280000,1 8 16 23,0,0.002421568686,0.999935478135,1,0.995597147844,0.678887889481,0.947278911565,0.693249519963,0.249669655310,0.806497816038,0.127680748819,0.983776900703,0.228260869565,24.000000000000,0.510638297872,0.963243077486,0.974045949539,1.000000000000,0.983776900703,1.000000000000,0.444444444444
pb01_case_036e0eb7c9ffea666bcf0051,holdout,grid,301,25,node_removal,0.160000,2,0,0.054752918399,0.966538307462,1,0.900449239274,0.420283513204,0.812500000000,0.761533146987,0.667409914108,0.819840279953,0.292945449503,0.949620879510,0.146666666667,25.000000000000,0.280898876404,0.909441341756,0.980620993217,0.000000000000,0.949620879510,0.666666666667,0.500000000000
pb01_case_7d88041de94c13536bfd9a5e,holdout,grid,301,25,node_removal,0.280000,20,0,0.031120135842,0.989369732552,1,0.943417934833,0.032776368171,0.619047619048,0.405114044197,0.185549328058,0.497996229318,0.292945449503,0.970029301932,0.146666666667,25.000000000000,0.229357798165,0.885570581109,0.984050723208,0.000000000000,0.970029301932,1.000000000000,0.250000000000
pb01_case_d0c0a111bba2116cea22049c,holdout,grid,301,25,edge_removal,0.160000,0 1 2 4 5 6 7 9 12 13 14 19,0,0.046400089391,0.976253527005,1,0.915636201108,0.389445035072,0.792128722953,0.645691750323,0.501850308336,0.713233108842,0.292945449503,0.961934085088,0.146666666667,25.000000000000,0.581395348837,0.971471422757,1.000000000000,0.411379673395,0.961934085088,0.000000000000,0.333333333333
pb01_case_f99ad8fc261f2c7baf3c3a06,holdout,grid,301,25,edge_removal,0.280000,0 1 7 10 11 12 13 14 15 16 17 18 19 20 21 22 24,0,0.046656501895,0.975728933294,1,0.915169996554,0.348542730206,0.797991984507,0.660783159087,0.475715603316,0.719188670927,0.292945449503,0.960692040214,0.146666666667,25.000000000000,0.714285714286,0.985056706662,1.000000000000,0.000000000000,0.960692040214,0.000000000000,0.283333333333
pb01_case_0fac784ae26c48fd452168e9,holdout,grid,301,25,weight_degradation,0.160000,3 7 8 9 13,0,0.008050041176,0.999249164673,1,0.985363561498,0.416491298119,0.772172991401,0.736104380065,0.594792941860,0.801471119872,0.292945449503,0.988768677225,0.146666666667,25.000000000000,0.373134328358,0.940490661102,1.000000000000,0.979338702653,0.988768677225,1.000000000000,0.416666666667
pb01_case_3dfc02b82896ae2b2289cae1,holdout,grid,301,25,weight_degradation,0.280000,2 6 7 8 12,0,0.017355432971,0.996511339902,1,0.968444667326,0.612462530181,0.884988038278,0.857510200181,0.788572825160,0.888979003466,0.292945449503,0.984323242004,0.146666666667,25.000000000000,0.431034482759,0.955154268105,1.000000000000,0.952220810996,0.984323242004,1.000000000000,0.555555555556
pb01_case_2a5d457d7dea2c78c49b5d5c,holdout,grid,301,25,localized_state_shock,0.160000,0 5 6 10,0,0.000736938959,0.999993710097,1,0.998660110983,0.304633808645,0.794488552939,0.586935323552,0.405757588467,0.666207871456,0.292945449503,0.983206515931,0.146666666667,25.000000000000,0.347222222222,0.933071918751,0.994934958961,1.000000000000,0.983206515931,1.000000000000,0.307692307692
pb01_case_557f83a5e445882e6b5b73b6,holdout,grid,301,25,localized_state_shock,0.280000,1 5 6 7,0,0.001336750409,0.999979303707,1,0.997569544711,0.640897906642,0.901909507729,0.802317844697,0.670008538138,0.853176660960,0.292945449503,0.971850024142,0.146666666667,25.000000000000,0.409836065574,0.949502637709,0.971617991907,1.000000000000,0.971850024142,1.000000000000,0.444444444444
pb01_case_4e094ca8989f1ca3aa76d281,holdout,grid,302,25,node_removal,0.160000,24,0,0.036341062602,0.984823331415,1,0.933925340724,0.269680197571,0.743243243243,0.542490796939,0.376450537998,0.613613151225,0.301040523047,0.963663596169,0.150000000000,25.000000000000,0.252525252525,0.892570517827,0.990622850648,0.000000000000,0.963663596169,1.000000000000,0.333333333333
pb01_case_4a759622ea529983b8569aac,holdout,grid,302,25,node_removal,0.280000,22,0,0.036280648092,0.984843098071,1,0.934035185288,0.164806450750,0.753424657534,0.557845150487,0.406834720691,0.629568480186,0.301040523047,0.964646816549,0.150000000000,25.000000000000,0.255102040816,0.895804408703,0.976173605987,0.000000000000,0.964646816549,1.000000000000,0.333333333333
pb01_case_c81819a3122c373eb230d386,holdout,grid,302,25,edge_removal,0.160000,0 7 12 13 14 16 17 18 19 24,0,0.062832939443,0.954420064656,1,0.885758291921,0.546196499891,0.858497087198,0.759647634807,0.632027911767,0.799722826866,0.301040523047,0.943471486140,0.150000000000,25.000000000000,0.568181818182,0.969872120683,1.000000000000,0.246024694368,0.943471486140,0.000000000000,0.322580645161
pb01_case_245672b03baf648b4fec7d4f,holdout,grid,302,25,edge_removal,0.280000,0 1 2 3 5 6 7 8 9 11 12 13 14 16 17 19 22 24,0,0.062603225251,0.955560141895,1,0.886175954090,0.460877904074,0.836093877093,0.744348925651,0.596825908055,0.791260819396,0.301040523047,0.952435398952,0.150000000000,25.000000000000,0.781250000000,0.988212611467,1.000000000000,0.148740395591,0.952435398952,0.000000000000,0.300000000000
pb01_case_87a784ca438f724a0f913d87,holdout,grid,302,25,weight_degradation,0.160000,16 20 21 22 24,0,0.006824859177,0.999443514653,1,0.987591165132,0.438250517501,0.823161807440,0.632521614497,0.458643355670,0.705818666853,0.301040523047,0.982526703491,0.150000000000,25.000000000000,0.367647058824,0.934671440195,1.000000000000,0.971425816677,0.982526703491,1.000000000000,0.416666666667
pb01_case_482f108475ab0124e8c4e7c8,holdout,grid,302,25,weight_degradation,0.280000,11 15 20 21,0,0.007628931867,0.999312840489,1,0.986129214786,0.445039015310,0.846890547264,0.687798559351,0.562366401386,0.751477443960,0.301040523047,0.981884808533,0.150000000000,25.000000000000,0.373134328358,0.936823027876,1.000000000000,0.989500291176,0.981884808533,1.000000000000,0.444444444444
pb01_case_9439156ff52ee312711c8f7d,holdout,grid,302,25,localized_state_shock,0.160000,14 18 19 24,0,0.001590702801,0.999969626570,1,0.997107813089,0.319944226891,0.768319165030,0.746917685108,0.570651742929,0.791621026425,0.301040523047,0.975901244752,0.150000000000,25.000000000000,0.324675324675,0.921581485647,0.995045518157,1.000000000000,0.975901244752,1.000000000000,0.266666666667
pb01_case_ce1833edab644155eeebfb0d,holdout,grid,302,25,localized_state_shock,0.280000,0 5 6 10,0,0.003195549679,0.999877410178,1,0.994189909674,0.351578139661,0.805998212116,0.759958488912,0.656726051423,0.803790402026,0.301040523047,0.968367763886,0.150000000000,25.000000000000,0.347222222222,0.931193183469,0.980682775115,1.000000000000,0.968367763886,1.000000000000,0.363636363636
pb01_case_9af03b0a741e69653513ef3f,holdout,grid,303,25,node_removal,0.160000,17,0,0.061769818492,0.955563837775,1,0.887691239105,1.000000000000,1.000000000000,0.934782408217,0.862413866005,0.927796278408,0.290265877333,0.943065881484,0.150000000000,25.000000000000,0.324675324675,0.926638555317,0.981766832567,0.000000000000,0.943065881484,1.000000000000,0.500000000000
pb01_case_d912af3b5f96eef25c45b2ed,holdout,grid,303,25,node_removal,0.280000,1,0,0.043246270982,0.978694439760,1,0.921370416397,0.421165894013,0.838709677419,0.616481615415,0.456661132741,0.684586215073,0.290265877333,0.959629151192,0.150000000000,25.000000000000,0.287356321839,0.909493300686,0.981826751893,0.000000000000,0.959629151192,1.000000000000,0.250000000000
pb01_case_29620fddb3c6e4fc1a5bc8f4,holdout,grid,303,25,edge_removal,0.160000,6 7 8 9 11 13 14 17 18 19 21 22,0,0.040182718274,0.980768168351,1,0.926940512230,0.456450075484,0.851592931112,0.757859001486,0.646147320287,0.792440543497,0.290265877333,0.967934747506,0.150000000000,25.000000000000,0.641025641026,0.979769055361,1.000000000000,0.225427839287,0.967934747506,0.333333333333,0.342857142857
pb01_case_b384f6f934da9a4083e3220c,holdout,grid,303,25,edge_removal,0.280000,0 1 2 3 5 6 7 10 11 12 14 15 16 17 18 19 24,0,0.071232059107,0.943263801099,1,0.870487165259,0.419592457066,0.838809158023,0.686325810165,0.550645422075,0.733847829556,0.290265877333,0.942834015977,0.150000000000,25.000000000000,0.757575757576,0.988101571294,1.000000000000,0.140319768935,0.942834015977,0.000000000000,0.309090909091
pb01_case_b194956cd498a26c090e1a4e,holdout,grid,303,25,weight_degradation,0.160000,3 4 9,0,0.004708874011,0.999739419351,1,0.991438410889,0.187570943490,0.678232812112,0.503063367165,0.298854229204,0.600838686096,0.290265877333,0.991848653059,0.150000000000,25.000000000000,0.290697674419,0.909436392203,1.000000000000,0.991913552623,0.991848653059,1.000000000000,0.230769230769
pb01_case_79601ac0bfd0ed4ca5f06925,holdout,grid,303,25,weight_degradation,0.280000,11 12 14 16 17 18 22,0,0.015756295220,0.997028477817,1,0.971352190509,0.515485719005,0.890519551603,0.749878774509,0.678830285575,0.771997677263,0.290265877333,0.984200482624,0.150000000000,25.000000000000,0.471698113208,0.960859486989,1.000000000000,0.961025636714,0.984200482624,1.000000000000,0.411764705882
pb01_case_ad7a7b1d8f06cf99fb94cca8,holdout,grid,303,25,localized_state_shock,0.160000,3 4 9,0,0.001112836901,0.999985199808,1,0.997976660179,0.187570943490,0.678232812112,0.503063367165,0.298854229204,0.600838686096,0.290265877333,0.987214907682,0.150000000000,25.000000000000,0.290697674419,0.909436392203,0.997080550596,1.000000000000,0.987214907682,1.000000000000,0.230769230769
pb01_case_5588dff112f8887d53342bb0,holdout,grid,303,25,localized_state_shock,0.280000,0 19 23 24,0,0.001586209792,0.999969929922,1,0.997115982196,0.405323129885,0.828153294950,0.609902550602,0.409543072695,0.668739454235,0.290265877333,0.977013150748,0.150000000000,25.000000000000,0.367647058824,0.932998339120,0.980865221435,1.000000000000,0.977013150748,1.000000000000,0.222222222222
pb01_case_a940ebc386b90156f02c515a,holdout,grid,304,25,node_removal,0.160000,10,0,0.044376133531,0.978022494701,1,0.919316120852,0.507059652976,0.852459016393,0.571943164009,0.264366774172,0.654376503089,0.249191066752,0.957137395910,0.146666666667,25.000000000000,0.290697674419,0.910481848390,0.972683262286,0.000000000000,0.957137395910,1.000000000000,0.250000000000
pb01_case_108ea5a0add7b6e04c4a95a1,holdout,grid,304,25,node_removal,0.280000,11,0,0.046859884551,0.975018551068,1,0.914800209908,0.505618398148,0.912280701754,0.619206364645,0.428695217865,0.672426513122,0.249191066752,0.954189192279,0.146666666667,25.000000000000,0.304878048780,0.918867780205,0.981677030902,0.000000000000,0.954189192279,1.000000000000,0.333333333333
pb01_case_bba21757532bb4e54c82c6df,holdout,grid,304,25,edge_removal,0.160000,0 2 3 5 7 8 10 12 13 15 16 17 18 20 21,0,0.037548195163,0.983728502365,1,0.931730554249,0.286997302587,0.778951947871,0.637661560140,0.432723283268,0.696761327974,0.249191066752,0.965952011429,0.146666666667,25.000000000000,0.694444444444,0.983365923509,1.000000000000,0.409124596627,0.965952011429,0.333333333333,0.294117647059
pb01_case_d62f15e3bb6690a82b9bbcb8,holdout,grid,304,25,edge_removal,0.280000,0 3 4 5 8 9 10 11 12 14 15 16 17 18 19 23 24,0,0.058456949625,0.963834368527,1,0.893714637046,0.362748462313,0.813678919905,0.590482810348,0.382367422953,0.660543449941,0.249191066752,0.954177618315,0.146666666667,25.000000000000,0.757575757576,0.987863236041,1.000000000000,0.297887655012,0.954177618315,0.333333333333,0.283333333333
pb01_case_5657beac498366791496dc74,holdout,grid,304,25,weight_degradation,0.160000,16 20 21 22,0,0.006568415909,0.999493334897,1,0.988057425619,0.243871547384,0.719370273023,0.586234102339,0.477334622375,0.654494052769,0.249191066752,0.982782544519,0.146666666667,25.000000000000,0.324675324675,0.924994422170,1.000000000000,0.996535880657,0.982782544519,1.000000000000,0.363636363636
pb01_case_f4d2fa48fec30f3be6a357fa,holdout,grid,304,25,weight_degradation,0.280000,0 3 5 6 10,0,0.011027707518,0.998579430287,1,0.979949622694,0.399282492185,0.821289422150,0.569631418998,0.221635365525,0.646186617804,0.249191066752,0.982133420191,0.146666666667,25.000000000000,0.396825396825,0.940382890387,1.000000000000,0.963634037452,0.982133420191,1.000000000000,0.208333333333
pb01_case_0420c42700f9cbf682de28df,holdout,grid,304,25,localized_state_shock,0.160000,0 1 5,0,0.001628172292,0.999968803282,1,0.997039686741,0.184757222392,0.735083461693,0.560902172748,0.179799990815,0.639053958720,0.249191066752,0.979914581896,0.146666666667,25.000000000000,0.301204819277,0.912932695202,0.995514740036,1.000000000000,0.979914581896,1.000000000000,0.187500000000
pb01_case_db8da7b9466ca785c2df0849,holdout,grid,304,25,localized_state_shock,0.280000,4 6 8 9,0,0.001838592180,0.999960214683,1,0.996657105127,0.599307760939,0.925064439633,0.589533466142,0.280955507511,0.660735336922,0.249191066752,0.971211989084,0.146666666667,25.000000000000,0.409836065574,0.943926269689,0.982165596371,1.000000000000,0.971211989084,1.000000000000,0.235294117647
pb01_case_57355a69b18b541065800542,holdout,grid,305,25,node_removal,0.160000,11,0,0.054395692308,0.965363114683,1,0.901098741257,0.281683578099,0.947368421053,0.957470699534,0.994187940163,0.943296446310,0.262094015078,0.946003859223,0.146666666667,25.000000000000,0.304878048780,0.917926280504,0.962693038154,0.000000000000,0.946003859223,1.000000000000,0.333333333333
pb01_case_75dd4ef841c0073d389f7924,holdout,grid,305,25,node_removal,0.280000,15,0,0.038318391206,0.983141114849,1,0.930330197808,0.231804001031,0.794117647059,0.645463457043,0.571723160867,0.700085065508,0.262094015078,0.959112811169,0.146666666667,25.000000000000,0.268817204301,0.901360989112,0.987581115511,0.000000000000,0.959112811169,1.000000000000,0.200000000000
pb01_case_4d0e0a192fcaf32158b9fea6,holdout,grid,305,25,edge_removal,0.160000,1 2 3 4 9 10 11 16 17 18 24,0,0.033413279144,0.986922046801,1,0.939248583374,0.376029795573,0.831227998775,0.780313410286,0.623606435396,0.819483944366,0.262094015078,0.968081490982,0.146666666667,25.000000000000,0.625000000000,0.976440749595,1.000000000000,0.538652113609,0.968081490982,0.333333333333,0.289473684211
pb01_case_52c5779563a6f771e369a085,holdout,grid,305,25,edge_removal,0.280000,1 2 3 4 6 7 8 9 12 13 15 17 18 20 22 23 24,0,0.056403508151,0.964078100637,1,0.897448166998,0.338346911625,0.811330143648,0.768884360802,0.608924334616,0.808904828471,0.262094015078,0.951274444093,0.146666666667,25.000000000000,0.757575757576,0.986787025045,1.000000000000,0.000000000000,0.951274444093,0.000000000000,0.298245614035
pb01_case_5e776b2fc3203166d46e0c65,holdout,grid,305,25,weight_degradation,0.160000,1 5 6 7 11 16,0,0.007986746579,0.999231794616,1,0.985478642583,0.591125580168,0.921278211291,0.901580730048,0.810296169514,0.912731761030,0.262094015078,0.980622637982,0.146666666667,25.000000000000,0.454545454545,0.954135003435,1.000000000000,0.975149913291,0.980622637982,1.000000000000,0.260869565217
pb01_case_3e9e34618504923f44bdbc9d,holdout,grid,305,25,weight_degradation,0.280000,2 6 7 8 12,0,0.010658169428,0.998637207028,1,0.980621510130,0.467968325599,0.881800847458,0.842142614482,0.706255325849,0.862206337737,0.262094015078,0.979874053409,0.146666666667,25.000000000000,0.409836065574,0.946054606164,1.000000000000,0.971090089560,0.979874053409,1.000000000000,0.333333333333
pb01_case_ed28481393b6fbf216cc2a4a,holdout,grid,305,25,localized_state_shock,0.160000,0 5 6 10,0,0.000936095451,0.999989450451,1,0.998298008271,0.455465271776,0.854410454410,0.816152913772,0.711689914759,0.840586030478,0.262094015078,0.972560446815,0.146666666667,25.000000000000,0.378787878788,0.935839764861,0.995886529029,1.000000000000,0.972560446815,1.000000000000,0.222222222222
pb01_case_322ea17d72a5bc49021cb8f8,holdout,grid,305,25,localized_state_shock,0.280000,12 16 17 18,0,0.001597826315,0.999969264126,1,0.997094861245,0.525020799367,0.902577295586,0.877520929082,0.831852098536,0.887730965021,0.262094015078,0.974449452224,0.146666666667,25.000000000000,0.403225806452,0.945349162495,0.982591809597,1.000000000000,0.974449452224,1.000000000000,0.363636363636
pb01_case_bf2de15bfdb7b0a44e92a28d,holdout,grid,306,25,node_removal,0.160000,4,0,0.023299043487,0.993976500824,1,0.957638102751,0.283428374072,0.833333333333,0.275620399278,0.191226790863,0.357510239775,0.293523841622,0.974124905961,0.146666666667,25.000000000000,0.274725274725,0.909811383701,0.989406660162,0.000000000000,0.974124905961,1.000000000000,0.500000000000
pb01_case_51738a825eef6941d988506f,holdout,grid,306,25,node_removal,0.280000,8,0,0.058793889135,0.961619579198,1,0.893102019754,0.381182136610,0.808823529412,0.715839731243,0.491533422656,0.763709536662,0.293523841622,0.944409032538,0.146666666667,25.000000000000,0.268817204301,0.906529574042,0.961927361982,0.000000000000,0.944409032538,1.000000000000,0.250000000000
pb01_case_891bacbbbf50a65b4e41b381,holdout,grid,306,25,edge_removal,0.160000,0 1 4 5 6 9 11 13 16 17 18 19 21,0,0.037197054371,0.984335208288,1,0.932368992053,0.480622055494,0.837298680253,0.567268824302,0.419588655811,0.633004532838,0.293523841622,0.967962215580,0.146666666667,25.000000000000,0.675675675676,0.981468282082,1.000000000000,0.396037863926,0.967962215580,0.333333333333,0.309523809524
pb01_case_4cf8dbef6fc0c2ac115a6640,holdout,grid,306,25,edge_removal,0.280000,0 1 3 4 6 8 10 11 12 13 15 16 18 19 24,0,0.064339700222,0.956253172033,1,0.883018726870,0.516290945483,0.845203498925,0.550699507364,0.400910186225,0.615457205848,0.293523841622,0.946225638024,0.146666666667,25.000000000000,0.694444444444,0.982560864493,1.000000000000,0.178913287038,0.946225638024,0.000000000000,0.300000000000
pb01_case_3aef1a87ea21227bc4ea6bdb,holdout,grid,306,25,weight_degradation,0.160000,8 12 13 14 18,0,0.007074309354,0.999421528949,1,0.987137619357,0.510864406647,0.872735760971,0.634293421802,0.530985192283,0.679389582247,0.293523841622,0.981794987905,0.146666666667,25.000000000000,0.390625000000,0.945274800927,1.000000000000,0.984189698102,0.981794987905,1.000000000000,0.333333333333
pb01_case_5b9c26b5078671b68fb416c1,holdout,grid,306,25,weight_degradation,0.280000,6 10 11 12 16,0,0.013411825811,0.997921261256,1,0.975614862162,0.819945209480,0.932427887478,0.649663177370,0.531870138593,0.699562959124,0.293523841622,0.979813470586,0.146666666667,25.000000000000,0.438596491228,0.952256937983,1.000000000000,0.953211142894,0.979813470586,1.000000000000,0.333333333333
pb01_case_9465e45ea662c341fa9208af,holdout,grid,306,25,localized_state_shock,0.160000,14 18 19 21,0,0.001013333761,0.999988128178,1,0.998157574980,0.433444512792,0.843636933940,0.577464087242,0.388289788131,0.649423636900,0.293523841622,0.979164297190,0.146666666667,25.000000000000,0.362318840580,0.933079831112,0.994254732029,1.000000000000,0.979164297190,1.000000000000,0.333333333333
pb01_case_bf732460a22142e4f09b9391,holdout,grid,306,25,localized_state_shock,0.280000,10 19 23 24,0,0.001432019252,0.999976292786,1,0.997396328633,0.544115220030,0.845015490827,0.473626192624,0.250840480300,0.560310879422,0.293523841622,0.973040602081,0.146666666667,25.000000000000,0.373134328358,0.932680469793,0.985893305042,1.000000000000,0.973040602081,1.000000000000,0.285714285714
pb01_case_fdc40a03707d87a4353ff3c9,holdout,erdos_renyi,301,24,node_removal,0.160000,2,0,0.033660187327,0.988423904362,1,0.938799659406,0.078592595684,0.679245283019,0.329583320568,0.230368974799,0.395348373848,0.784803887238,0.967633554414,0.210144927536,24.000000000000,0.311688311688,0.916541775529,0.990899354616,0.000000000000,0.967633554414,1.000000000000,0.333333333333
pb01_case_5794df6a8b4a0f3856bc0839,holdout,erdos_renyi,301,24,node_removal,0.280000,20,0,0.046990093061,0.976891274824,1,0.914563467162,0.244027992265,0.782608695652,0.497984511337,0.516518676176,0.537529922557,0.784803887238,0.954708644553,0.210144927536,24.000000000000,0.342857142857,0.927164525769,0.972032403253,0.000000000000,0.954708644553,1.000000000000,0.333333333333
pb01_case_4bef8cc597e349e0d7695637,holdout,erdos_renyi,301,24,edge_removal,0.160000,0 2 3 4 5 7 10 12 13 15 17 18 19 20,0,0.037118202019,0.985058002118,1,0.932512359966,0.247589632288,0.781767109604,0.536848970174,0.523073765049,0.577192199879,0.784803887238,0.971991215612,0.210144927536,24.000000000000,0.705882352941,0.984134167291,1.000000000000,0.594126411609,0.971991215612,0.666666666667,0.400000000000
pb01_case_c96498f69d3857cd9c300c75,holdout,erdos_renyi,301,24,edge_removal,0.280000,0 1 2 4 5 6 7 9 10 12 13 15 17 18 19 20 21 22 23,0,0.053284394645,0.971215448636,1,0.903119282464,0.233315246880,0.771102317164,0.504479552440,0.476421626203,0.549597123679,0.784803887238,0.954414667405,0.210144927536,24.000000000000,0.827586206897,0.992028297239,1.000000000000,0.231103805358,0.954414667405,0.333333333333,0.387755102041
pb01_case_d518e8ba619f2318cb643389,holdout,erdos_renyi,301,24,weight_degradation,0.160000,0 3 7 8 9 18,0,0.006282575204,0.999572596284,1,0.988577135992,0.357597005996,0.808930194293,0.601665984189,0.524409890509,0.644498464807,0.784803887238,0.990376693133,0.210144927536,24.000000000000,0.545454545455,0.968886568760,1.000000000000,0.993708706683,0.990376693133,1.000000000000,0.400000000000
pb01_case_ce848b9bd78914cc72ae5afc,holdout,erdos_renyi,301,24,weight_degradation,0.280000,0 3 4 6 7 8 12 19 20,0,0.019574351703,0.995840792832,1,0.964410269632,0.209148962811,0.787335167563,0.481606493949,0.463155405388,0.526262621357,0.784803887238,0.986038297934,0.210144927536,24.000000000000,0.533333333333,0.966127615665,1.000000000000,0.966090809664,0.986038297934,1.000000000000,0.375000000000
pb01_case_ba2940c2a9459f79fcea4819,holdout,erdos_renyi,301,24,localized_state_shock,0.160000,4 5 6 10,0,0.000081878659,0.999999927592,1,0.999851129711,0.139662200704,0.752605030283,0.420697926040,0.418166717082,0.470068220697,0.784803887238,0.987426179504,0.210144927536,24.000000000000,0.428571428571,0.948267361456,0.994723718486,1.000000000000,0.987426179504,1.000000000000,0.400000000000
pb01_case_4a8930a14b2465bec0ac8bd1,holdout,erdos_renyi,301,24,localized_state_shock,0.280000,0 5 6 7,0,0.000183975814,0.999999634342,1,0.999665498521,0.258723235527,0.791686990161,0.551365729412,0.499944118444,0.595478669538,0.784803887238,0.980028858854,0.210144927536,24.000000000000,0.461538461538,0.954809909314,0.975870216516,1.000000000000,0.980028858854,1.000000000000,0.363636363636
pb01_case_ca45238f9f4ae843eac8252b,holdout,erdos_renyi,302,24,node_removal,0.160000,23,0,0.030761324366,0.989796584763,1,0.944070319335,0.212442331008,0.795918367347,0.448186874744,0.397929480730,0.495050432248,1.069722348803,0.969906343928,0.235507246377,24.000000000000,0.328767123288,0.924267602436,0.974853099163,0.000000000000,0.969906343928,1.000000000000,0.500000000000
pb01_case_7146e4aea0f25595d8a99709,holdout,erdos_renyi,302,24,node_removal,0.280000,21,0,0.066773960007,0.952458791816,1,0.878592799988,0.750822718040,0.906976744186,1.000000000000,0.747790932169,1.000000000000,1.069722348803,0.938612639484,0.235507246377,24.000000000000,0.358208955224,0.931101628840,0.968025877917,0.000000000000,0.938612639484,1.000000000000,0.333333333333
pb01_case_50b96bc0704ab0e440859ee4,holdout,erdos_renyi,302,24,edge_removal,0.160000,2 4 5 6 7 8 9 10 11 12 13 15 16 17 19 22 23,0,0.032175888251,0.988928673438,1,0.941498384998,0.459579142558,0.887144467407,0.691239685270,0.588813701137,0.713668339727,1.069722348803,0.972855239820,0.235507246377,24.000000000000,0.774193548387,0.988741523061,1.000000000000,0.489325913614,0.972855239820,1.000000000000,0.369565217391
pb01_case_90829e364fd239c4c4f69c4d,holdout,erdos_renyi,302,24,edge_removal,0.280000,0 1 2 3 4 5 6 7 8 10 11 12 13 14 15 18 19 21 22,0,0.057520955063,0.966141767381,1,0.895416445339,0.485347704552,0.886206152308,0.714161692875,0.593031549981,0.735939302063,1.069722348803,0.954540827323,0.235507246377,24.000000000000,0.827586206897,0.991895879593,1.000000000000,0.233825228611,0.954540827323,0.333333333333,0.351851851852
pb01_case_bd9b8dc67c6d9fe20bb1f429,holdout,erdos_renyi,302,24,weight_degradation,0.160000,1 19 20 21 22,0,0.006919309474,0.999465058594,1,0.987419437321,0.527144184289,0.892250754829,0.855921937757,0.750452041177,0.854901018511,1.069722348803,0.984239343162,0.235507246377,24.000000000000,0.500000000000,0.962218714998,1.000000000000,0.971278623471,0.984239343162,1.000000000000,0.357142857143
pb01_case_04d78ea974572cc928efaa44,holdout,erdos_renyi,302,24,weight_degradation,0.280000,1 19 20 21 22,0,0.012233471502,0.998328285528,1,0.977757324543,0.527144184289,0.892250754829,0.855921937757,0.750452041177,0.854901018511,1.069722348803,0.982372837688,0.235507246377,24.000000000000,0.500000000000,0.962218714998,1.000000000000,0.947376804718,0.982372837688,1.000000000000,0.357142857143
pb01_case_85cd43e021f448373bf7af43,holdout,erdos_renyi,302,24,localized_state_shock,0.160000,2 8 10 19,0,0.000013710261,0.999999997901,1,0.999975072252,0.760478829772,0.958035714286,0.893324673844,0.841181340036,0.881905649561,1.069722348803,0.979091700849,0.235507246377,24.000000000000,0.510638297872,0.963018846740,0.991974877646,1.000000000000,0.979091700849,1.000000000000,0.500000000000
pb01_case_3500f34241231d978986a4fc,holdout,erdos_renyi,302,24,localized_state_shock,0.280000,4 5 6 8,0,0.000021087421,0.999999995033,1,0.999961659234,0.548111291313,0.903827519380,0.697342960342,0.551640214853,0.720167850431,1.069722348803,0.982492139965,0.235507246377,24.000000000000,0.480000000000,0.957951222591,0.982624201717,1.000000000000,0.982492139965,1.000000000000,0.285714285714
pb01_case_4f7232749a0a4c60164665bc,holdout,erdos_renyi,303,24,node_removal,0.160000,16,0,0.045370527138,0.978666210223,1,0.917508132477,0.221022508657,0.764705882353,0.536735327781,0.373036484787,0.597722457698,0.638080138939,0.957502486734,0.199275362319,24.000000000000,0.320000000000,0.919520935813,0.972642614276,0.000000000000,0.957502486734,1.000000000000,0.333333333333
pb01_case_50ea036f38632263aa7ddbe1,holdout,erdos_renyi,303,24,node_removal,0.280000,1,0,0.062354823277,0.959500144887,1,0.886627594042,0.359705656022,0.829787234043,0.759693115267,0.579205353246,0.778038583432,0.638080138939,0.942302161385,0.199275362319,24.000000000000,0.338028169014,0.925201532211,0.968137128860,0.000000000000,0.942302161385,1.000000000000,0.250000000000
pb01_case_fdea8f80b16523c6b37b8024,holdout,erdos_renyi,303,24,edge_removal,0.160000,5 6 7 8 12 13 14 16 17 18 20 21 22,0,0.039115411850,0.983102507070,1,0.928881069363,0.360202025434,0.850487783172,0.645458300963,0.585704250095,0.673711025588,0.638080138939,0.965265648786,0.199275362319,24.000000000000,0.666666666667,0.982328427073,1.000000000000,0.473531027912,0.965265648786,0.666666666667,0.393939393939
pb01_case_cc558d976b80ba7176413249,holdout,erdos_renyi,303,24,edge_removal,0.280000,0 1 3 4 5 6 7 8 9 10 11 12 13 18 19 20 21 23,0,0.068378546076,0.950867326895,1,0.875675370771,0.275918088154,0.809682486917,0.588004062430,0.557979335810,0.621757715802,0.638080138939,0.950459529939,0.199275362319,24.000000000000,0.800000000000,0.990955002330,1.000000000000,0.224198179398,0.950459529939,0.333333333333,0.391304347826
pb01_case_430b5500c60b01ea9cb691e3,holdout,erdos_renyi,303,24,weight_degradation,0.160000,1 3 4 5 6,0,0.005851253254,0.999626869794,1,0.989361357719,0.202920995255,0.779987455975,0.576694634580,0.509382474434,0.609063554443,0.638080138939,0.987259088036,0.199275362319,24.000000000000,0.436363636364,0.951027564133,1.000000000000,0.997337938975,0.987259088036,1.000000000000,0.333333333333
pb01_case_43993c239c034130ada4d0ff,holdout,erdos_renyi,303,24,weight_degradation,0.280000,1 12 16 17 18 21 23,0,0.013700656275,0.997942822335,1,0.975089715863,0.270316880119,0.837084665311,0.592214570736,0.503415875079,0.624761682922,0.638080138939,0.983714805603,0.199275362319,24.000000000000,0.533333333333,0.968060680008,1.000000000000,0.973571528582,0.983714805603,1.000000000000,0.333333333333
pb01_case_523cf81cba9ca2ec2cd39cec,holdout,erdos_renyi,303,24,localized_state_shock,0.160000,1 3 4 5,0,0.000092855920,0.999999905456,1,0.999831171055,0.218681864820,0.776004728132,0.590895882309,0.521953164246,0.622150133882,0.638080138939,0.980097189052,0.199275362319,24.000000000000,0.413793103448,0.945769743463,0.993821620261,1.000000000000,0.980097189052,1.000000000000,0.333333333333
pb01_case_04e4f704365bdd4195c6e105,holdout,erdos_renyi,303,24,localized_state_shock,0.280000,1 7 17 23,0,0.000115741363,0.999999852919,1,0.999789561158,0.313305598307,0.860160166581,0.642075133916,0.560972272528,0.664538548169,0.638080138939,0.972726334247,0.199275362319,24.000000000000,0.452830188679,0.954773313905,0.979063276947,1.000000000000,0.972726334247,1.000000000000,0.333333333333
pb01_case_92c8fe282077e6f9ebb22a1c,holdout,erdos_renyi,304,24,node_removal,0.160000,9,0,0.027446100588,0.991776306557,1,0.950097998931,0.261182296989,0.860465116279,0.425978357045,0.382377986971,0.496566524411,1.548296841424,0.970586683455,0.286231884058,24.000000000000,0.358208955224,0.929838855515,0.991417625456,0.000000000000,0.970586683455,1.000000000000,0.333333333333
pb01_case_3f32ef0e36b820883ef7afe7,holdout,erdos_renyi,304,24,node_removal,0.280000,10,0,0.047621353947,0.975180918126,1,0.913415720097,0.369389198962,0.902439024390,0.752823427092,0.699366513077,0.793090527980,1.548296841424,0.955085291609,0.286231884058,24.000000000000,0.369230769231,0.935343468743,0.967739121570,0.000000000000,0.955085291609,1.000000000000,0.333333333333
pb01_case_333ea448640b66e26e8b6d6e,holdout,erdos_renyi,304,24,edge_removal,0.160000,0 2 3 4 5 9 11 12 13 14 15 18 19 20 23,0,0.041043923538,0.981452552504,1,0.925374684477,0.490518958153,0.917023415475,0.730983756345,0.685689015008,0.767874881820,1.548296841424,0.965648419297,0.286231884058,24.000000000000,0.727272727273,0.984265044338,1.000000000000,0.512950854193,0.965648419297,0.333333333333,0.394736842105
pb01_case_fea96e6c456a1e17d129f599,holdout,erdos_renyi,304,24,edge_removal,0.280000,0 2 3 4 5 6 7 9 10 11 12 14 15 16 17 18 19 20 21 22 23,0,0.052617490717,0.969398372189,1,0.904331835059,0.443413777743,0.911983179911,0.721557862380,0.690007069807,0.757416148306,1.548296841424,0.955669341316,0.286231884058,24.000000000000,0.888888888889,0.995138115160,1.000000000000,0.380757614887,0.955669341316,0.333333333333,0.381818181818
pb01_case_e4aabf90353471ce73e2d01b,holdout,erdos_renyi,304,24,weight_degradation,0.160000,0 6 7 11 14 19 20 21 23,0,0.007848362664,0.999297106142,1,0.985730249702,0.570352828656,0.941506570261,0.830773210582,0.814030954803,0.852241764899,1.548296841424,0.983585012505,0.286231884058,24.000000000000,0.615384615385,0.975970961997,1.000000000000,0.994747238075,0.983585012505,1.000000000000,0.391304347826
pb01_case_7a0eed2f2e76814780f61ba0,holdout,erdos_renyi,304,24,weight_degradation,0.280000,4 5 6 10 13 19 22,0,0.011116762091,0.998599699314,1,0.979787705290,0.397176491067,0.903207502731,0.721043940448,0.662656601855,0.759955927528,1.548296841424,0.983469528949,0.286231884058,24.000000000000,0.585365853659,0.971660967529,1.000000000000,0.991976698724,0.983469528949,1.000000000000,0.411764705882
pb01_case_017d8729c4a6c4c597ecd931,holdout,erdos_renyi,304,24,localized_state_shock,0.160000,0 1 6 7,0,0.000002797395,0.999999999911,1,0.999994913828,0.421972034431,0.931530808729,0.769886473946,0.782738856749,0.791593304849,1.548296841424,0.981325902120,0.286231884058,24.000000000000,0.470588235294,0.956527067412,0.993085643803,1.000000000000,0.981325902120,1.000000000000,0.400000000000
pb01_case_2b16fe810eb9b76826aea824,holdout,erdos_renyi,304,24,localized_state_shock,0.280000,0 1 8 9,0,0.000002004874,0.999999999954,1,0.999996354775,0.438905156827,0.910025426939,0.696434925199,0.667412043827,0.734895761657,1.548296841424,0.979786276564,0.286231884058,24.000000000000,0.489795918367,0.959126777538,0.980409389746,1.000000000000,0.979786276564,1.000000000000,0.363636363636
pb01_case_ecd2488638f5491623e8249a,holdout,erdos_renyi,305,24,node_removal,0.160000,10,0,0.036402026703,0.985613700032,1,0.933814496904,0.273818685547,0.808510638298,0.514887557113,0.468342266042,0.571280340115,1.204111135914,0.963810219815,0.224637681159,24.000000000000,0.338028169014,0.923529398413,0.993054986090,0.000000000000,0.963810219815,1.000000000000,0.333333333333
pb01_case_3b7933db9eefb76e91466e3e,holdout,erdos_renyi,305,24,node_removal,0.280000,14,0,0.051033531490,0.971653041563,1,0.907211760928,0.370453029603,0.844444444444,0.742528959774,0.684240748057,0.775110239245,1.204111135914,0.951349061540,0.224637681159,24.000000000000,0.347826086957,0.928149650401,0.978880031731,0.000000000000,0.951349061540,1.000000000000,0.333333333333
pb01_case_fb3320cc5dfbc47596a1598c,holdout,erdos_renyi,305,24,edge_removal,0.160000,0 4 6 7 8 9 10 12 13 15 16 17 22 23,0,0.039543352600,0.982578553902,1,0.928102995272,0.423818319078,0.840242684791,0.691924718248,0.680817857723,0.723945668330,1.204111135914,0.967339729512,0.224637681159,24.000000000000,0.705882352941,0.982801563792,1.000000000000,0.573358023104,0.967339729512,0.333333333333,0.341463414634
pb01_case_7a6b1fe479538b3bdcc90aca,holdout,erdos_renyi,305,24,edge_removal,0.280000,0 1 2 3 4 7 8 11 13 14 15 16 17 18 20 21 22 23,0,0.055882361332,0.965486445148,1,0.898395706670,0.400107742035,0.835578428118,0.675418825796,0.649301519096,0.711543056706,1.204111135914,0.957918297166,0.224637681159,24.000000000000,0.800000000000,0.990773342348,1.000000000000,0.262031904743,0.957918297166,0.333333333333,0.352941176471
pb01_case_195ed0db4483d002c77f6052,holdout,erdos_renyi,305,24,weight_degradation,0.160000,1 5 6 7 9 22,0,0.007456289055,0.999369964153,1,0.986443110810,0.455877071469,0.841047696154,0.780561349087,0.766262773008,0.802644257481,1.204111135914,0.985443078166,0.224637681159,24.000000000000,0.500000000000,0.961178260295,1.000000000000,0.986796736535,0.985443078166,1.000000000000,0.315789473684
pb01_case_58292c8394d196f03d58a0ff,holdout,erdos_renyi,305,24,weight_degradation,0.280000,4 5 6 7 8 9 16,0,0.014652558948,0.997571268439,1,0.973358983732,0.339724561519,0.817840326473,0.668998085532,0.658333105487,0.703540920821,1.204111135914,0.982491381196,0.224637681159,24.000000000000,0.510638297872,0.961034682888,1.000000000000,0.971326139395,0.982491381196,1.000000000000,0.318181818182
pb01_case_0a646534cb4a0e9ef51497c6,holdout,erdos_renyi,305,24,localized_state_shock,0.160000,0 3 4 5,0,0.000012469710,0.999999998239,1,0.999977327799,0.485441998871,0.836450025381,0.638461845758,0.569762309639,0.686030795235,1.204111135914,0.982440094622,0.224637681159,24.000000000000,0.461538461538,0.951772229672,0.994761273122,1.000000000000,0.982440094622,1.000000000000,0.285714285714
pb01_case_52783eb94f47cc03884af267,holdout,erdos_renyi,305,24,localized_state_shock,0.280000,7 15 16 17,0,0.000009318366,0.999999999017,1,0.999983057517,0.332018623980,0.818032140392,0.711294198954,0.715795886481,0.736138535902,1.204111135914,0.976969594554,0.224637681159,24.000000000000,0.461538461538,0.954769400437,0.982737917901,1.000000000000,0.976969594554,1.000000000000,0.400000000000
pb01_case_3d5643c8dc1b0b569101d4dc,holdout,erdos_renyi,306,24,node_removal,0.160000,4,0,0.041551208777,0.982362428821,1,0.924452347678,0.204061168213,0.792452830189,0.517855932188,0.303343828114,0.580239344257,0.943270449965,0.961501580509,0.210144927536,24.000000000000,0.311688311688,0.916370393459,0.981091977700,0.000000000000,0.961501580509,1.000000000000,0.333333333333
pb01_case_176c7de3e2a72e8382ce9a59,holdout,erdos_renyi,306,24,node_removal,0.280000,8,0,0.061185188483,0.960050021600,1,0.888754202759,0.537406439136,0.954545454545,0.810561942943,0.894296699938,0.798149307745,0.943270449965,0.942629181334,0.210144927536,24.000000000000,0.352941176471,0.931783110328,0.959033221329,0.000000000000,0.942629181334,1.000000000000,0.250000000000
pb01_case_b7d1b82594682bfe2fbb7e73,holdout,erdos_renyi,306,24,edge_removal,0.160000,2 3 4 6 7 8 9 10 13 14 15 16 17 18 19,0,0.043318173019,0.980405771226,1,0.921239685421,0.380670653822,0.891849345046,0.621058774982,0.583577548912,0.644513880603,0.943270449965,0.963451851554,0.210144927536,24.000000000000,0.685714285714,0.983378218917,1.000000000000,0.554720360767,0.963451851554,0.333333333333,0.357142857143
pb01_case_df739e05c8fa1c56b88b96d8,holdout,erdos_renyi,306,24,edge_removal,0.280000,0 1 2 5 6 8 9 10 11 12 13 14 15 16 17 19 20 21 23,0,0.065427938409,0.956612529194,1,0.881040111984,0.419278956981,0.894690372563,0.625063465797,0.586010872559,0.648180057653,0.943270449965,0.953812829191,0.210144927536,24.000000000000,0.827586206897,0.992181863349,1.000000000000,0.093411251749,0.953812829191,0.333333333333,0.380000000000
pb01_case_cf6f14324b4d8499b04d426f,holdout,erdos_renyi,306,24,weight_degradation,0.160000,0 3 5 7 8 12 13 14,0,0.008948408900,0.999123260159,1,0.983730165636,0.475853239265,0.935022085473,0.712091059267,0.737339361108,0.715940752698,0.943270449965,0.985693113264,0.210144927536,24.000000000000,0.558139534884,0.971489662898,1.000000000000,0.984887604607,0.985693113264,1.000000000000,0.320000000000
pb01_case_1ca93f71237d3d3e6ba5fdca,holdout,erdos_renyi,306,24,weight_degradation,0.280000,1 4 9 10 11 15,0,0.011855558325,0.998483475314,1,0.978444439410,0.346034929389,0.858296010419,0.537421202029,0.407171121413,0.585196965659,0.943270449965,0.985966292204,0.210144927536,24.000000000000,0.489795918367,0.958898937688,1.000000000000,0.936334138512,0.985966292204,1.000000000000,0.352941176471
pb01_case_0c5effc868481d8b359f5eda,holdout,erdos_renyi,306,24,localized_state_shock,0.160000,0 6 14 18,0,0.000011918690,0.999999998465,1,0.999978329654,0.506992443505,0.932446916077,0.739023518578,0.765835629648,0.736849895031,0.943270449965,0.982960740445,0.210144927536,24.000000000000,0.461538461538,0.956621861007,0.991927182849,1.000000000000,0.982960740445,1.000000000000,0.363636363636
pb01_case_2b3667036b64374b0f4f26e1,holdout,erdos_renyi,306,24,localized_state_shock,0.280000,1 11 22 23,0,0.000026013459,0.999999992599,1,0.999952702803,0.327489882892,0.854886363636,0.526072721374,0.471919145079,0.565437583103,0.943270449965,0.980706725416,0.210144927536,24.000000000000,0.421052631579,0.947240829008,0.984917569800,1.000000000000,0.980706725416,1.000000000000,0.363636363636
