condition,seed,refinement_level,setting_left,setting_right,G,expected_relation,holdout_edge
known_positive,3101,0,alpha,alpha,-1.74210500379e-18,0,False
known_positive,3101,0,alpha,beta,1.01398070732,1,True
known_positive,3101,0,alpha,gamma,0.0077605701334,0,False
known_positive,3101,0,alpha,delta,0.444963984569,0.45,False
known_positive,3101,0,alpha,epsilon,-0.00376029516513,0,False
known_positive,3101,0,alpha,zeta,-0.98950651958,-1,False
known_positive,3101,0,beta,alpha,-1.01398070732,-1,False
known_positive,3101,0,beta,beta,8.85881275523e-19,0,False
known_positive,3101,0,beta,gamma,1.00149461628,1,False
known_positive,3101,0,beta,delta,0.0257225364027,0,False
known_positive,3101,0,beta,epsilon,-0.00224475469737,0,False
known_positive,3101,0,beta,zeta,0.000268739246206,0,False
known_positive,3101,0,gamma,alpha,-0.0077605701334,0,False
known_positive,3101,0,gamma,beta,-1.00149461628,-1,False
known_positive,3101,0,gamma,gamma,0,0,False
known_positive,3101,0,gamma,delta,1.0041029587,1,True
known_positive,3101,0,gamma,epsilon,0.0178964829055,0,False
known_positive,3101,0,gamma,zeta,-0.350309357123,-0.35,False
known_positive,3101,0,delta,alpha,-0.444963984569,-0.45,False
known_positive,3101,0,delta,beta,-0.0257225364027,0,False
known_positive,3101,0,delta,gamma,-1.0041029587,-1,False
known_positive,3101,0,delta,delta,5.30586228665e-20,0,False
known_positive,3101,0,delta,epsilon,0.997515547925,1,False
known_positive,3101,0,delta,zeta,-0.00137390771255,0,False
known_positive,3101,0,epsilon,alpha,0.00376029516513,0,False
known_positive,3101,0,epsilon,beta,0.00224475469737,0,False
known_positive,3101,0,epsilon,gamma,-0.0178964829055,0,False
known_positive,3101,0,epsilon,delta,-0.997515547925,-1,False
known_positive,3101,0,epsilon,epsilon,8.47463512543e-19,0,False
known_positive,3101,0,epsilon,zeta,0.995864428951,1,True
known_positive,3101,0,zeta,alpha,0.98950651958,1,False
known_positive,3101,0,zeta,beta,-0.000268739246206,0,False
known_positive,3101,0,zeta,gamma,0.350309357123,0.35,False
known_positive,3101,0,zeta,delta,0.00137390771255,0,False
known_positive,3101,0,zeta,epsilon,-0.995864428951,-1,False
known_positive,3101,0,zeta,zeta,-8.50997415438e-19,0,False
known_positive,3101,1,alpha,alpha,0,0,False
known_positive,3101,1,alpha,beta,1.02095950446,1,True
known_positive,3101,1,alpha,gamma,0.0195926908442,0,False
known_positive,3101,1,alpha,delta,0.418424821143,0.45,False
known_positive,3101,1,alpha,epsilon,0.00927755323667,0,False
known_positive,3101,1,alpha,zeta,-0.993982013521,-1,False
known_positive,3101,1,beta,alpha,-1.02095950446,-1,False
known_positive,3101,1,beta,beta,-3.46091875856e-18,0,False
known_positive,3101,1,beta,gamma,0.968414036771,1,False
known_positive,3101,1,beta,delta,-0.00370211897293,0,False
known_positive,3101,1,beta,epsilon,0.0312327821698,0,False
known_positive,3101,1,beta,zeta,0.0224494234584,0,False
known_positive,3101,1,gamma,alpha,-0.0195926908442,0,False
known_positive,3101,1,gamma,beta,-0.968414036771,-1,False
known_positive,3101,1,gamma,gamma,-1.69871423296e-18,0,False
known_positive,3101,1,gamma,delta,1.00328863944,1,True
known_positive,3101,1,gamma,epsilon,0.00885350439974,0,False
known_positive,3101,1,gamma,zeta,-0.346414635028,-0.35,False
known_positive,3101,1,delta,alpha,-0.418424821143,-0.45,False
known_positive,3101,1,delta,beta,0.00370211897293,0,False
known_positive,3101,1,delta,gamma,-1.00328863944,-1,False
known_positive,3101,1,delta,delta,0,0,False
known_positive,3101,1,delta,epsilon,0.9761122424,1,False
known_positive,3101,1,delta,zeta,0.0155137163827,0,False
known_positive,3101,1,epsilon,alpha,-0.00927755323667,0,False
known_positive,3101,1,epsilon,beta,-0.0312327821698,0,False
known_positive,3101,1,epsilon,gamma,-0.00885350439974,0,False
known_positive,3101,1,epsilon,delta,-0.9761122424,-1,False
known_positive,3101,1,epsilon,epsilon,0,0,False
known_positive,3101,1,epsilon,zeta,1.002349786,1,True
known_positive,3101,1,zeta,alpha,0.993982013521,1,False
known_positive,3101,1,zeta,beta,-0.0224494234584,0,False
known_positive,3101,1,zeta,gamma,0.346414635028,0.35,False
known_positive,3101,1,zeta,delta,-0.0155137163827,0,False
known_positive,3101,1,zeta,epsilon,-1.002349786,-1,False
known_positive,3101,1,zeta,zeta,0,0,False
known_positive,3101,2,alpha,alpha,8.5889506582e-19,0,False
known_positive,3101,2,alpha,beta,1.00929675777,1,True
known_positive,3101,2,alpha,gamma,0.00348959898515,0,False
known_positive,3101,2,alpha,delta,0.456696919387,0.45,False
known_positive,3101,2,alpha,epsilon,0.0186642741672,0,False
known_positive,3101,2,alpha,zeta,-1.0037606007,-1,False
known_positive,3101,2,beta,alpha,-1.00929675777,-1,False
known_positive,3101,2,beta,beta,1.33383426485e-18,0,False
known_positive,3101,2,beta,gamma,1.00003506577,1,False
known_positive,3101,2,beta,delta,0.00650549109987,0,False
known_positive,3101,2,beta,epsilon,0.00489957937882,0,False
known_positive,3101,2,beta,zeta,-0.0118862270958,0,False
known_positive,3101,2,gamma,alpha,-0.00348959898515,0,False
known_positive,3101,2,gamma,beta,-1.00003506577,-1,False
known_positive,3101,2,gamma,gamma,0,0,False
known_positive,3101,2,gamma,delta,0.996413693849,1,True
known_positive,3101,2,gamma,epsilon,0.0270418088038,0,False
known_positive,3101,2,gamma,zeta,-0.319557015537,-0.35,False
known_positive,3101,2,delta,alpha,-0.456696919387,-0.45,False
known_positive,3101,2,delta,beta,-0.00650549109987,0,False
known_positive,3101,2,delta,gamma,-0.996413693849,-1,False
known_positive,3101,2,delta,delta,1.76776021793e-18,0,False
known_positive,3101,2,delta,epsilon,1.01023677389,1,False
known_positive,3101,2,delta,zeta,-0.030551926039,0,False
known_positive,3101,2,epsilon,alpha,-0.0186642741672,0,False
known_positive,3101,2,epsilon,beta,-0.00489957937882,0,False
known_positive,3101,2,epsilon,gamma,-0.0270418088038,0,False
known_positive,3101,2,epsilon,delta,-1.01023677389,-1,False
known_positive,3101,2,epsilon,epsilon,-1.71827004468e-18,0,False
known_positive,3101,2,epsilon,zeta,0.991102769697,1,True
known_positive,3101,2,zeta,alpha,1.0037606007,1,False
known_positive,3101,2,zeta,beta,0.0118862270958,0,False
known_positive,3101,2,zeta,gamma,0.319557015537,0.35,False
known_positive,3101,2,zeta,delta,0.030551926039,0,False
known_positive,3101,2,zeta,epsilon,-0.991102769697,-1,False
known_positive,3101,2,zeta,zeta,1.7347485204e-18,0,False
known_positive,3101,3,alpha,alpha,0,0,False
known_positive,3101,3,alpha,beta,1.01669787677,1,True
known_positive,3101,3,alpha,gamma,-0.0102338732722,0,False
known_positive,3101,3,alpha,delta,0.415629106987,0.45,False
known_positive,3101,3,alpha,epsilon,-0.0195084652652,0,False
known_positive,3101,3,alpha,zeta,-1.00072684545,-1,False
known_positive,3101,3,beta,alpha,-1.01669787677,-1,False
known_positive,3101,3,beta,beta,1.7289546526e-18,0,False
known_positive,3101,3,beta,gamma,0.984822637995,1,False
known_positive,3101,3,beta,delta,-0.0200634613299,0,False
known_positive,3101,3,beta,epsilon,-0.00393109610132,0,False
known_positive,3101,3,beta,zeta,0.00693841890652,0,False
known_positive,3101,3,gamma,alpha,0.0102338732722,0,False
known_positive,3101,3,gamma,beta,-0.984822637995,-1,False
known_positive,3101,3,gamma,gamma,-4.41200637633e-19,0,False
known_positive,3101,3,gamma,delta,0.999253896139,1,True
known_positive,3101,3,gamma,epsilon,-0.00420972111532,0,False
known_positive,3101,3,gamma,zeta,-0.334522953946,-0.35,False
known_positive,3101,3,delta,alpha,-0.415629106987,-0.45,False
known_positive,3101,3,delta,beta,0.0200634613299,0,False
known_positive,3101,3,delta,gamma,-0.999253896139,-1,False
known_positive,3101,3,delta,delta,-1.74317581262e-18,0,False
known_positive,3101,3,delta,epsilon,0.992912386473,1,False
known_positive,3101,3,delta,zeta,0.00785207325865,0,False
known_positive,3101,3,epsilon,alpha,0.0195084652652,0,False
known_positive,3101,3,epsilon,beta,0.00393109610132,0,False
known_positive,3101,3,epsilon,gamma,0.00420972111532,0,False
known_positive,3101,3,epsilon,delta,-0.992912386473,-1,False
known_positive,3101,3,epsilon,epsilon,1.72541038396e-18,0,False
known_positive,3101,3,epsilon,zeta,1.00216361487,1,True
known_positive,3101,3,zeta,alpha,1.00072684545,1,False
known_positive,3101,3,zeta,beta,-0.00693841890652,0,False
known_positive,3101,3,zeta,gamma,0.334522953946,0.35,False
known_positive,3101,3,zeta,delta,-0.00785207325865,0,False
known_positive,3101,3,zeta,epsilon,-1.00216361487,-1,False
known_positive,3101,3,zeta,zeta,-1.74319333974e-18,0,False
known_positive,3102,0,alpha,alpha,-1.32228236381e-18,0,False
known_positive,3102,0,alpha,beta,1.00720376109,1,True
known_positive,3102,0,alpha,gamma,-0.0114753371503,0,False
known_positive,3102,0,alpha,delta,0.425039686909,0.45,False
known_positive,3102,0,alpha,epsilon,-0.0226659481698,0,False
known_positive,3102,0,alpha,zeta,-0.99920723214,-1,False
known_positive,3102,0,beta,alpha,-1.00720376109,-1,False
known_positive,3102,0,beta,beta,-1.31227883803e-18,0,False
known_positive,3102,0,beta,gamma,1.00446002443,1,False
known_positive,3102,0,beta,delta,-0.000816466870916,0,False
known_positive,3102,0,beta,epsilon,-0.00637676690598,0,False
known_positive,3102,0,beta,zeta,-0.0131326808703,0,False
known_positive,3102,0,gamma,alpha,0.0114753371503,0,False
known_positive,3102,0,gamma,beta,-1.00446002443,-1,False
known_positive,3102,0,gamma,gamma,1.74931921534e-18,0,False
known_positive,3102,0,gamma,delta,0.972518144155,1,True
known_positive,3102,0,gamma,epsilon,-0.0151499703689,0,False
known_positive,3102,0,gamma,zeta,-0.319598720022,-0.35,False
known_positive,3102,0,delta,alpha,-0.425039686909,-0.45,False
known_positive,3102,0,delta,beta,0.000816466870916,0,False
known_positive,3102,0,delta,gamma,-0.972518144155,-1,False
known_positive,3102,0,delta,delta,3.51147536133e-18,0,False
known_positive,3102,0,delta,epsilon,0.978252091994,1,False
known_positive,3102,0,delta,zeta,0.0151516311709,0,False
known_positive,3102,0,epsilon,alpha,0.0226659481698,0,False
known_positive,3102,0,epsilon,beta,0.00637676690598,0,False
known_positive,3102,0,epsilon,gamma,0.0151499703689,0,False
known_positive,3102,0,epsilon,delta,-0.978252091994,-1,False
known_positive,3102,0,epsilon,epsilon,8.75908548144e-19,0,False
known_positive,3102,0,epsilon,zeta,0.972809417611,1,True
known_positive,3102,0,zeta,alpha,0.99920723214,1,False
known_positive,3102,0,zeta,beta,0.0131326808703,0,False
known_positive,3102,0,zeta,gamma,0.319598720022,0.35,False
known_positive,3102,0,zeta,delta,-0.0151516311709,0,False
known_positive,3102,0,zeta,epsilon,-0.972809417611,-1,False
known_positive,3102,0,zeta,zeta,-1.7399105314e-18,0,False
known_positive,3102,1,alpha,alpha,0,0,False
known_positive,3102,1,alpha,beta,0.991695416968,1,True
known_positive,3102,1,alpha,gamma,0.0044355545568,0,False
known_positive,3102,1,alpha,delta,0.474373346437,0.45,False
known_positive,3102,1,alpha,epsilon,-0.00794914574474,0,False
known_positive,3102,1,alpha,zeta,-0.976900185542,-1,False
known_positive,3102,1,beta,alpha,-0.991695416968,-1,False
known_positive,3102,1,beta,beta,0,0,False
known_positive,3102,1,beta,gamma,1.00422325904,1,False
known_positive,3102,1,beta,delta,-0.0179985039091,0,False
known_positive,3102,1,beta,epsilon,0.00414489628085,0,False
known_positive,3102,1,beta,zeta,-0.0163471353474,0,False
known_positive,3102,1,gamma,alpha,-0.0044355545568,0,False
known_positive,3102,1,gamma,beta,-1.00422325904,-1,False
known_positive,3102,1,gamma,gamma,1.73322297096e-18,0,False
known_positive,3102,1,gamma,delta,0.998819996744,1,True
known_positive,3102,1,gamma,epsilon,-0.00609165704705,0,False
known_positive,3102,1,gamma,zeta,-0.358910179683,-0.35,False
known_positive,3102,1,delta,alpha,-0.474373346437,-0.45,False
known_positive,3102,1,delta,beta,0.0179985039091,0,False
known_positive,3102,1,delta,gamma,-0.998819996744,-1,False
known_positive,3102,1,delta,delta,3.40604216222e-18,0,False
known_positive,3102,1,delta,epsilon,1.0043717108,1,False
known_positive,3102,1,delta,zeta,0.00698451184226,0,False
known_positive,3102,1,epsilon,alpha,0.00794914574474,0,False
known_positive,3102,1,epsilon,beta,-0.00414489628085,0,False
known_positive,3102,1,epsilon,gamma,0.00609165704705,0,False
known_positive,3102,1,epsilon,delta,-1.0043717108,-1,False
known_positive,3102,1,epsilon,epsilon,1.74164640784e-18,0,False
known_positive,3102,1,epsilon,zeta,0.997754082984,1,True
known_positive,3102,1,zeta,alpha,0.976900185542,1,False
known_positive,3102,1,zeta,beta,0.0163471353474,0,False
known_positive,3102,1,zeta,gamma,0.358910179683,0.35,False
known_positive,3102,1,zeta,delta,-0.00698451184226,0,False
known_positive,3102,1,zeta,epsilon,-0.997754082984,-1,False
known_positive,3102,1,zeta,zeta,1.70374554688e-18,0,False
known_positive,3102,2,alpha,alpha,0,0,False
known_positive,3102,2,alpha,beta,1.01167211126,1,True
known_positive,3102,2,alpha,gamma,-0.0306923081953,0,False
known_positive,3102,2,alpha,delta,0.455419898948,0.45,False
known_positive,3102,2,alpha,epsilon,-0.000749658557746,0,False
known_positive,3102,2,alpha,zeta,-1.01223247517,-1,False
known_positive,3102,2,beta,alpha,-1.01167211126,-1,False
known_positive,3102,2,beta,beta,-9.58808834416e-19,0,False
known_positive,3102,2,beta,gamma,0.996365237321,1,False
known_positive,3102,2,beta,delta,0.00685232310531,0,False
known_positive,3102,2,beta,epsilon,-0.0183725564404,0,False
known_positive,3102,2,beta,zeta,-0.000505666936714,0,False
known_positive,3102,2,gamma,alpha,0.0306923081953,0,False
known_positive,3102,2,gamma,beta,-0.996365237321,-1,False
known_positive,3102,2,gamma,gamma,1.28209567617e-18,0,False
known_positive,3102,2,gamma,delta,0.979678424425,1,True
known_positive,3102,2,gamma,epsilon,0.00241912901013,0,False
known_positive,3102,2,gamma,zeta,-0.338904467641,-0.35,False
known_positive,3102,2,delta,alpha,-0.455419898948,-0.45,False
known_positive,3102,2,delta,beta,-0.00685232310531,0,False
known_positive,3102,2,delta,gamma,-0.979678424425,-1,False
known_positive,3102,2,delta,delta,0,0,False
known_positive,3102,2,delta,epsilon,1.00092210277,1,False
known_positive,3102,2,delta,zeta,-0.0169718609143,0,False
known_positive,3102,2,epsilon,alpha,0.000749658557746,0,False
known_positive,3102,2,epsilon,beta,0.0183725564404,0,False
known_positive,3102,2,epsilon,gamma,-0.00241912901013,0,False
known_positive,3102,2,epsilon,delta,-1.00092210277,-1,False
known_positive,3102,2,epsilon,epsilon,0,0,False
known_positive,3102,2,epsilon,zeta,0.996455997024,1,True
known_positive,3102,2,zeta,alpha,1.01223247517,1,False
known_positive,3102,2,zeta,beta,0.000505666936714,0,False
known_positive,3102,2,zeta,gamma,0.338904467641,0.35,False
known_positive,3102,2,zeta,delta,0.0169718609143,0,False
known_positive,3102,2,zeta,epsilon,-0.996455997024,-1,False
known_positive,3102,2,zeta,zeta,-8.60929933337e-19,0,False
known_positive,3102,3,alpha,alpha,0,0,False
known_positive,3102,3,alpha,beta,1.00544146937,1,True
known_positive,3102,3,alpha,gamma,-0.00804175752158,0,False
known_positive,3102,3,alpha,delta,0.469150923241,0.45,False
known_positive,3102,3,alpha,epsilon,-0.0176936727771,0,False
known_positive,3102,3,alpha,zeta,-0.998094422685,-1,False
known_positive,3102,3,beta,alpha,-1.00544146937,-1,False
known_positive,3102,3,beta,beta,-6.66625437314e-20,0,False
known_positive,3102,3,beta,gamma,0.976692974684,1,False
known_positive,3102,3,beta,delta,0.0106696937648,0,False
known_positive,3102,3,beta,epsilon,0.0115375546228,0,False
known_positive,3102,3,beta,zeta,-0.0244560850074,0,False
known_positive,3102,3,gamma,alpha,0.00804175752158,0,False
known_positive,3102,3,gamma,beta,-0.976692974684,-1,False
known_positive,3102,3,gamma,gamma,0,0,False
known_positive,3102,3,gamma,delta,1.00087898581,1,True
known_positive,3102,3,gamma,epsilon,0.0115873357256,0,False
known_positive,3102,3,gamma,zeta,-0.350667993377,-0.35,False
known_positive,3102,3,delta,alpha,-0.469150923241,-0.45,False
known_positive,3102,3,delta,beta,-0.0106696937648,0,False
known_positive,3102,3,delta,gamma,-1.00087898581,-1,False
known_positive,3102,3,delta,delta,-8.66679176183e-19,0,False
known_positive,3102,3,delta,epsilon,0.992305639243,1,False
known_positive,3102,3,delta,zeta,0.00201014390693,0,False
known_positive,3102,3,epsilon,alpha,0.0176936727771,0,False
known_positive,3102,3,epsilon,beta,-0.0115375546228,0,False
known_positive,3102,3,epsilon,gamma,-0.0115873357256,0,False
known_positive,3102,3,epsilon,delta,-0.992305639243,-1,False
known_positive,3102,3,epsilon,epsilon,-8.86066368177e-19,0,False
known_positive,3102,3,epsilon,zeta,0.981235723932,1,True
known_positive,3102,3,zeta,alpha,0.998094422685,1,False
known_positive,3102,3,zeta,beta,0.0244560850074,0,False
known_positive,3102,3,zeta,gamma,0.350667993377,0.35,False
known_positive,3102,3,zeta,delta,-0.00201014390693,0,False
known_positive,3102,3,zeta,epsilon,-0.981235723932,-1,False
known_positive,3102,3,zeta,zeta,-1.63612510441e-18,0,False
known_positive,3103,0,alpha,alpha,-1.71270598063e-18,0,False
known_positive,3103,0,alpha,beta,1.00285220403,1,True
known_positive,3103,0,alpha,gamma,-0.0200198731034,0,False
known_positive,3103,0,alpha,delta,0.445775597187,0.45,False
known_positive,3103,0,alpha,epsilon,-0.0331431845717,0,False
known_positive,3103,0,alpha,zeta,-1.00326694773,-1,False
known_positive,3103,0,beta,alpha,-1.00285220403,-1,False
known_positive,3103,0,beta,beta,0,0,False
known_positive,3103,0,beta,gamma,1.01147345957,1,False
known_positive,3103,0,beta,delta,-0.00277449658736,0,False
known_positive,3103,0,beta,epsilon,0.00562764330777,0,False
known_positive,3103,0,beta,zeta,-0.00352312170251,0,False
known_positive,3103,0,gamma,alpha,0.0200198731034,0,False
known_positive,3103,0,gamma,beta,-1.01147345957,-1,False
known_positive,3103,0,gamma,gamma,-1.72540797074e-18,0,False
known_positive,3103,0,gamma,delta,0.994190789585,1,True
known_positive,3103,0,gamma,epsilon,-0.0173136827366,0,False
known_positive,3103,0,gamma,zeta,-0.351104408687,-0.35,False
known_positive,3103,0,delta,alpha,-0.445775597187,-0.45,False
known_positive,3103,0,delta,beta,0.00277449658736,0,False
known_positive,3103,0,delta,gamma,-0.994190789585,-1,False
known_positive,3103,0,delta,delta,0,0,False
known_positive,3103,0,delta,epsilon,1.0040291388,1,False
known_positive,3103,0,delta,zeta,-0.0231902946833,0,False
known_positive,3103,0,epsilon,alpha,0.0331431845717,0,False
known_positive,3103,0,epsilon,beta,-0.00562764330777,0,False
known_positive,3103,0,epsilon,gamma,0.0173136827366,0,False
known_positive,3103,0,epsilon,delta,-1.0040291388,-1,False
known_positive,3103,0,epsilon,epsilon,0,0,False
known_positive,3103,0,epsilon,zeta,1.02021879989,1,True
known_positive,3103,0,zeta,alpha,1.00326694773,1,False
known_positive,3103,0,zeta,beta,0.00352312170251,0,False
known_positive,3103,0,zeta,gamma,0.351104408687,0.35,False
known_positive,3103,0,zeta,delta,0.0231902946833,0,False
known_positive,3103,0,zeta,epsilon,-1.02021879989,-1,False
known_positive,3103,0,zeta,zeta,7.03605066961e-18,0,False
known_positive,3103,1,alpha,alpha,2.20556252549e-18,0,False
known_positive,3103,1,alpha,beta,0.995023241853,1,True
known_positive,3103,1,alpha,gamma,-0.0213148573169,0,False
known_positive,3103,1,alpha,delta,0.438145864493,0.45,False
known_positive,3103,1,alpha,epsilon,0.0101403185964,0,False
known_positive,3103,1,alpha,zeta,-1.00126807229,-1,False
known_positive,3103,1,beta,alpha,-0.995023241853,-1,False
known_positive,3103,1,beta,beta,3.1031190998e-19,0,False
known_positive,3103,1,beta,gamma,0.997851529983,1,False
known_positive,3103,1,beta,delta,0.0171507673521,0,False
known_positive,3103,1,beta,epsilon,-0.000314724500984,0,False
known_positive,3103,1,beta,zeta,-0.00467895793206,0,False
known_positive,3103,1,gamma,alpha,0.0213148573169,0,False
known_positive,3103,1,gamma,beta,-0.997851529983,-1,False
known_positive,3103,1,gamma,gamma,4.27951678162e-19,0,False
known_positive,3103,1,gamma,delta,1.0032008139,1,True
known_positive,3103,1,gamma,epsilon,0.0114841011615,0,False
known_positive,3103,1,gamma,zeta,-0.354718667518,-0.35,False
known_positive,3103,1,delta,alpha,-0.438145864493,-0.45,False
known_positive,3103,1,delta,beta,-0.0171507673521,0,False
known_positive,3103,1,delta,gamma,-1.0032008139,-1,False
known_positive,3103,1,delta,delta,2.77104011437e-19,0,False
known_positive,3103,1,delta,epsilon,0.983972971591,1,False
known_positive,3103,1,delta,zeta,0.027488742098,0,False
known_positive,3103,1,epsilon,alpha,-0.0101403185964,0,False
known_positive,3103,1,epsilon,beta,0.000314724500984,0,False
known_positive,3103,1,epsilon,gamma,-0.0114841011615,0,False
known_positive,3103,1,epsilon,delta,-0.983972971591,-1,False
known_positive,3103,1,epsilon,epsilon,6.46481357354e-19,0,False
known_positive,3103,1,epsilon,zeta,1.01003991731,1,True
known_positive,3103,1,zeta,alpha,1.00126807229,1,False
known_positive,3103,1,zeta,beta,0.00467895793206,0,False
known_positive,3103,1,zeta,gamma,0.354718667518,0.35,False
known_positive,3103,1,zeta,delta,-0.027488742098,0,False
known_positive,3103,1,zeta,epsilon,-1.01003991731,-1,False
known_positive,3103,1,zeta,zeta,-6.9662116355e-18,0,False
known_positive,3103,2,alpha,alpha,3.46842058279e-18,0,False
known_positive,3103,2,alpha,beta,1.00693489554,1,True
known_positive,3103,2,alpha,gamma,0.00396146778388,0,False
known_positive,3103,2,alpha,delta,0.454023889064,0.45,False
known_positive,3103,2,alpha,epsilon,0.0193008725202,0,False
known_positive,3103,2,alpha,zeta,-0.997155117477,-1,False
known_positive,3103,2,beta,alpha,-1.00693489554,-1,False
known_positive,3103,2,beta,beta,-4.3519983954e-19,0,False
known_positive,3103,2,beta,gamma,1.00278275005,1,False
known_positive,3103,2,beta,delta,0.0178623089426,0,False
known_positive,3103,2,beta,epsilon,0.0187114376713,0,False
known_positive,3103,2,beta,zeta,0.0105070887433,0,False
known_positive,3103,2,gamma,alpha,-0.00396146778388,0,False
known_positive,3103,2,gamma,beta,-1.00278275005,-1,False
known_positive,3103,2,gamma,gamma,8.71127747865e-19,0,False
known_positive,3103,2,gamma,delta,1.00849280526,1,True
known_positive,3103,2,gamma,epsilon,-0.00345060034274,0,False
known_positive,3103,2,gamma,zeta,-0.352829597396,-0.35,False
known_positive,3103,2,delta,alpha,-0.454023889064,-0.45,False
known_positive,3103,2,delta,beta,-0.0178623089426,0,False
known_positive,3103,2,delta,gamma,-1.00849280526,-1,False
known_positive,3103,2,delta,delta,0,0,False
known_positive,3103,2,delta,epsilon,1.00204721401,1,False
known_positive,3103,2,delta,zeta,0.0108157973899,0,False
known_positive,3103,2,epsilon,alpha,-0.0193008725202,0,False
known_positive,3103,2,epsilon,beta,-0.0187114376713,0,False
known_positive,3103,2,epsilon,gamma,0.00345060034274,0,False
known_positive,3103,2,epsilon,delta,-1.00204721401,-1,False
known_positive,3103,2,epsilon,epsilon,-1.70299922508e-18,0,False
known_positive,3103,2,epsilon,zeta,0.997091517517,1,True
known_positive,3103,2,zeta,alpha,0.997155117477,1,False
known_positive,3103,2,zeta,beta,-0.0105070887433,0,False
known_positive,3103,2,zeta,gamma,0.352829597396,0.35,False
known_positive,3103,2,zeta,delta,-0.0108157973899,0,False
known_positive,3103,2,zeta,epsilon,-0.997091517517,-1,False
known_positive,3103,2,zeta,zeta,2.12283936816e-18,0,False
known_positive,3103,3,alpha,alpha,0,0,False
known_positive,3103,3,alpha,beta,0.987363029115,1,True
known_positive,3103,3,alpha,gamma,0.00594159623817,0,False
known_positive,3103,3,alpha,delta,0.446841549709,0.45,False
known_positive,3103,3,alpha,epsilon,0.00253717438891,0,False
known_positive,3103,3,alpha,zeta,-0.990022686461,-1,False
known_positive,3103,3,beta,alpha,-0.987363029115,-1,False
known_positive,3103,3,beta,beta,0,0,False
known_positive,3103,3,beta,gamma,1.00378179341,1,False
known_positive,3103,3,beta,delta,0.017355984963,0,False
known_positive,3103,3,beta,epsilon,0.00877493753322,0,False
known_positive,3103,3,beta,zeta,-0.0197334281916,0,False
known_positive,3103,3,gamma,alpha,-0.00594159623817,0,False
known_positive,3103,3,gamma,beta,-1.00378179341,-1,False
known_positive,3103,3,gamma,gamma,0,0,False
known_positive,3103,3,gamma,delta,0.971468173223,1,True
known_positive,3103,3,gamma,epsilon,-0.0169668876491,0,False
known_positive,3103,3,gamma,zeta,-0.347439248496,-0.35,False
known_positive,3103,3,delta,alpha,-0.446841549709,-0.45,False
known_positive,3103,3,delta,beta,-0.017355984963,0,False
known_positive,3103,3,delta,gamma,-0.971468173223,-1,False
known_positive,3103,3,delta,delta,0,0,False
known_positive,3103,3,delta,epsilon,1.01517218711,1,False
known_positive,3103,3,delta,zeta,0.00363368161851,0,False
known_positive,3103,3,epsilon,alpha,-0.00253717438891,0,False
known_positive,3103,3,epsilon,beta,-0.00877493753322,0,False
known_positive,3103,3,epsilon,gamma,0.0169668876491,0,False
known_positive,3103,3,epsilon,delta,-1.01517218711,-1,False
known_positive,3103,3,epsilon,epsilon,-4.41673176475e-19,0,False
known_positive,3103,3,epsilon,zeta,1.00202897426,1,True
known_positive,3103,3,zeta,alpha,0.990022686461,1,False
known_positive,3103,3,zeta,beta,0.0197334281916,0,False
known_positive,3103,3,zeta,gamma,0.347439248496,0.35,False
known_positive,3103,3,zeta,delta,-0.00363368161851,0,False
known_positive,3103,3,zeta,epsilon,-1.00202897426,-1,False
known_positive,3103,3,zeta,zeta,3.52134208195e-18,0,False
semantic_permutation_control,3101,0,alpha,alpha,0,0,False
semantic_permutation_control,3101,0,alpha,beta,-0.327585172927,1,True
semantic_permutation_control,3101,0,alpha,gamma,-1.01017151097,0,False
semantic_permutation_control,3101,0,alpha,delta,0.00864749429038,0.45,False
semantic_permutation_control,3101,0,alpha,epsilon,-0.00739629451477,0,False
semantic_permutation_control,3101,0,alpha,zeta,1.00377507672,-1,False
semantic_permutation_control,3101,0,beta,alpha,0.327585172927,-1,False
semantic_permutation_control,3101,0,beta,beta,0,0,False
semantic_permutation_control,3101,0,beta,gamma,0.00754477783033,1,False
semantic_permutation_control,3101,0,beta,delta,-1.00083540571,0,False
semantic_permutation_control,3101,0,beta,epsilon,0.984347269447,0,False
semantic_permutation_control,3101,0,beta,zeta,-0.0256555865381,0,False
semantic_permutation_control,3101,0,gamma,alpha,1.01017151097,0,False
semantic_permutation_control,3101,0,gamma,beta,-0.00754477783033,-1,False
semantic_permutation_control,3101,0,gamma,gamma,-4.369846608e-19,0,False
semantic_permutation_control,3101,0,gamma,delta,-0.0173327347369,1,True
semantic_permutation_control,3101,0,gamma,epsilon,-1.00023581561,0,False
semantic_permutation_control,3101,0,gamma,zeta,0.00343420094696,-0.35,False
semantic_permutation_control,3101,0,delta,alpha,-0.00864749429038,-0.45,False
semantic_permutation_control,3101,0,delta,beta,1.00083540571,0,False
semantic_permutation_control,3101,0,delta,gamma,0.0173327347369,-1,False
semantic_permutation_control,3101,0,delta,delta,0,0,False
semantic_permutation_control,3101,0,delta,epsilon,-0.00933979870477,1,False
semantic_permutation_control,3101,0,delta,zeta,-0.989388793694,0,False
semantic_permutation_control,3101,0,epsilon,alpha,0.00739629451477,0,False
semantic_permutation_control,3101,0,epsilon,beta,-0.984347269447,0,False
semantic_permutation_control,3101,0,epsilon,gamma,1.00023581561,0,False
semantic_permutation_control,3101,0,epsilon,delta,0.00933979870477,-1,False
semantic_permutation_control,3101,0,epsilon,epsilon,1.69659948221e-18,0,False
semantic_permutation_control,3101,0,epsilon,zeta,0.418494386012,1,True
semantic_permutation_control,3101,0,zeta,alpha,-1.00377507672,1,False
semantic_permutation_control,3101,0,zeta,beta,0.0256555865381,0,False
semantic_permutation_control,3101,0,zeta,gamma,-0.00343420094696,0.35,False
semantic_permutation_control,3101,0,zeta,delta,0.989388793694,0,False
semantic_permutation_control,3101,0,zeta,epsilon,-0.418494386012,-1,False
semantic_permutation_control,3101,0,zeta,zeta,3.52305519529e-18,0,False
semantic_permutation_control,3101,1,alpha,alpha,3.54019772691e-18,0,False
semantic_permutation_control,3101,1,alpha,beta,-0.372706571317,1,True
semantic_permutation_control,3101,1,alpha,gamma,-0.998031377692,0,False
semantic_permutation_control,3101,1,alpha,delta,-0.00521440495923,0.45,False
semantic_permutation_control,3101,1,alpha,epsilon,0.00538014403606,0,False
semantic_permutation_control,3101,1,alpha,zeta,0.986770447812,-1,False
semantic_permutation_control,3101,1,beta,alpha,0.372706571317,-1,False
semantic_permutation_control,3101,1,beta,beta,-1.71166066773e-18,0,False
semantic_permutation_control,3101,1,beta,gamma,0.00840260960175,1,False
semantic_permutation_control,3101,1,beta,delta,-0.991660188825,0,False
semantic_permutation_control,3101,1,beta,epsilon,0.983031154459,0,False
semantic_permutation_control,3101,1,beta,zeta,-0.00295908529487,0,False
semantic_permutation_control,3101,1,gamma,alpha,0.998031377692,0,False
semantic_permutation_control,3101,1,gamma,beta,-0.00840260960175,-1,False
semantic_permutation_control,3101,1,gamma,gamma,4.38726663637e-19,0,False
semantic_permutation_control,3101,1,gamma,delta,-0.00628496523639,1,True
semantic_permutation_control,3101,1,gamma,epsilon,-0.989259714848,0,False
semantic_permutation_control,3101,1,gamma,zeta,-0.0121199658043,-0.35,False
semantic_permutation_control,3101,1,delta,alpha,0.00521440495923,-0.45,False
semantic_permutation_control,3101,1,delta,beta,0.991660188825,0,False
semantic_permutation_control,3101,1,delta,gamma,0.00628496523639,-1,False
semantic_permutation_control,3101,1,delta,delta,0,0,False
semantic_permutation_control,3101,1,delta,epsilon,0.00206624794491,1,False
semantic_permutation_control,3101,1,delta,zeta,-1.00394021533,0,False
semantic_permutation_control,3101,1,epsilon,alpha,-0.00538014403606,0,False
semantic_permutation_control,3101,1,epsilon,beta,-0.983031154459,0,False
semantic_permutation_control,3101,1,epsilon,gamma,0.989259714848,0,False
semantic_permutation_control,3101,1,epsilon,delta,-0.00206624794491,-1,False
semantic_permutation_control,3101,1,epsilon,epsilon,0,0,False
semantic_permutation_control,3101,1,epsilon,zeta,0.451182487235,1,True
semantic_permutation_control,3101,1,zeta,alpha,-0.986770447812,1,False
semantic_permutation_control,3101,1,zeta,beta,0.00295908529487,0,False
semantic_permutation_control,3101,1,zeta,gamma,0.0121199658043,0.35,False
semantic_permutation_control,3101,1,zeta,delta,1.00394021533,0,False
semantic_permutation_control,3101,1,zeta,epsilon,-0.451182487235,-1,False
semantic_permutation_control,3101,1,zeta,zeta,2.13869153998e-19,0,False
semantic_permutation_control,3101,2,alpha,alpha,0,0,False
semantic_permutation_control,3101,2,alpha,beta,-0.358741711783,1,True
semantic_permutation_control,3101,2,alpha,gamma,-1.0143454723,0,False
semantic_permutation_control,3101,2,alpha,delta,0.0298196140219,0.45,False
semantic_permutation_control,3101,2,alpha,epsilon,-0.018676992563,0,False
semantic_permutation_control,3101,2,alpha,zeta,0.99939260796,-1,False
semantic_permutation_control,3101,2,beta,alpha,0.358741711783,-1,False
semantic_permutation_control,3101,2,beta,beta,-1.69935075566e-18,0,False
semantic_permutation_control,3101,2,beta,gamma,0.000264083835055,1,False
semantic_permutation_control,3101,2,beta,delta,-0.99667641172,0,False
semantic_permutation_control,3101,2,beta,epsilon,1.00299696669,0,False
semantic_permutation_control,3101,2,beta,zeta,-0.0190890875609,0,False
semantic_permutation_control,3101,2,gamma,alpha,1.0143454723,0,False
semantic_permutation_control,3101,2,gamma,beta,-0.000264083835055,-1,False
semantic_permutation_control,3101,2,gamma,gamma,0,0,False
semantic_permutation_control,3101,2,gamma,delta,-0.00823336498565,1,True
semantic_permutation_control,3101,2,gamma,epsilon,-0.99486349862,0,False
semantic_permutation_control,3101,2,gamma,zeta,0.0139750920803,-0.35,False
semantic_permutation_control,3101,2,delta,alpha,-0.0298196140219,-0.45,False
semantic_permutation_control,3101,2,delta,beta,0.99667641172,0,False
semantic_permutation_control,3101,2,delta,gamma,0.00823336498565,-1,False
semantic_permutation_control,3101,2,delta,delta,0,0,False
semantic_permutation_control,3101,2,delta,epsilon,0.00164091093184,1,False
semantic_permutation_control,3101,2,delta,zeta,-0.988317137939,0,False
semantic_permutation_control,3101,2,epsilon,alpha,0.018676992563,0,False
semantic_permutation_control,3101,2,epsilon,beta,-1.00299696669,0,False
semantic_permutation_control,3101,2,epsilon,gamma,0.99486349862,0,False
semantic_permutation_control,3101,2,epsilon,delta,-0.00164091093184,-1,False
semantic_permutation_control,3101,2,epsilon,epsilon,0,0,False
semantic_permutation_control,3101,2,epsilon,zeta,0.410432192358,1,True
semantic_permutation_control,3101,2,zeta,alpha,-0.99939260796,1,False
semantic_permutation_control,3101,2,zeta,beta,0.0190890875609,0,False
semantic_permutation_control,3101,2,zeta,gamma,-0.0139750920803,0.35,False
semantic_permutation_control,3101,2,zeta,delta,0.988317137939,0,False
semantic_permutation_control,3101,2,zeta,epsilon,-0.410432192358,-1,False
semantic_permutation_control,3101,2,zeta,zeta,-8.64707638109e-19,0,False
semantic_permutation_control,3101,3,alpha,alpha,-5.54699792696e-19,0,False
semantic_permutation_control,3101,3,alpha,beta,-0.34551285014,1,True
semantic_permutation_control,3101,3,alpha,gamma,-0.973536335357,0,False
semantic_permutation_control,3101,3,alpha,delta,-0.00262285782117,0.45,False
semantic_permutation_control,3101,3,alpha,epsilon,-0.0160545018452,0,False
semantic_permutation_control,3101,3,alpha,zeta,0.990346810637,-1,False
semantic_permutation_control,3101,3,beta,alpha,0.34551285014,-1,False
semantic_permutation_control,3101,3,beta,beta,1.76550282134e-18,0,False
semantic_permutation_control,3101,3,beta,gamma,-0.00874819952674,1,False
semantic_permutation_control,3101,3,beta,delta,-1.00228650317,0,False
semantic_permutation_control,3101,3,beta,epsilon,1.00866874022,0,False
semantic_permutation_control,3101,3,beta,zeta,-0.00709246398479,0,False
semantic_permutation_control,3101,3,gamma,alpha,0.973536335357,0,False
semantic_permutation_control,3101,3,gamma,beta,0.00874819952674,-1,False
semantic_permutation_control,3101,3,gamma,gamma,-4.24287547448e-19,0,False
semantic_permutation_control,3101,3,gamma,delta,0.00117247745928,1,True
semantic_permutation_control,3101,3,gamma,epsilon,-1.0177065184,0,False
semantic_permutation_control,3101,3,gamma,zeta,0.0317507776392,-0.35,False
semantic_permutation_control,3101,3,delta,alpha,0.00262285782117,-0.45,False
semantic_permutation_control,3101,3,delta,beta,1.00228650317,0,False
semantic_permutation_control,3101,3,delta,gamma,-0.00117247745928,-1,False
semantic_permutation_control,3101,3,delta,delta,0,0,False
semantic_permutation_control,3101,3,delta,epsilon,-0.00339747132215,1,False
semantic_permutation_control,3101,3,delta,zeta,-1.01269569743,0,False
semantic_permutation_control,3101,3,epsilon,alpha,0.0160545018452,0,False
semantic_permutation_control,3101,3,epsilon,beta,-1.00866874022,0,False
semantic_permutation_control,3101,3,epsilon,gamma,1.0177065184,0,False
semantic_permutation_control,3101,3,epsilon,delta,0.00339747132215,-1,False
semantic_permutation_control,3101,3,epsilon,epsilon,-8.81288415174e-19,0,False
semantic_permutation_control,3101,3,epsilon,zeta,0.456650586071,1,True
semantic_permutation_control,3101,3,zeta,alpha,-0.990346810637,1,False
semantic_permutation_control,3101,3,zeta,beta,0.00709246398479,0,False
semantic_permutation_control,3101,3,zeta,gamma,-0.0317507776392,0.35,False
semantic_permutation_control,3101,3,zeta,delta,1.01269569743,0,False
semantic_permutation_control,3101,3,zeta,epsilon,-0.456650586071,-1,False
semantic_permutation_control,3101,3,zeta,zeta,3.38961939053e-18,0,False
semantic_permutation_control,3102,0,alpha,alpha,1.75433071077e-18,0,False
semantic_permutation_control,3102,0,alpha,beta,-0.350308893782,1,True
semantic_permutation_control,3102,0,alpha,gamma,-1.00971622976,0,False
semantic_permutation_control,3102,0,alpha,delta,-0.00986056199446,0.45,False
semantic_permutation_control,3102,0,alpha,epsilon,0.0177724785756,0,False
semantic_permutation_control,3102,0,alpha,zeta,0.977588509847,-1,False
semantic_permutation_control,3102,0,beta,alpha,0.350308893782,-1,False
semantic_permutation_control,3102,0,beta,beta,8.7962112413e-19,0,False
semantic_permutation_control,3102,0,beta,gamma,-0.00307546718138,1,False
semantic_permutation_control,3102,0,beta,delta,-0.999734717337,0,False
semantic_permutation_control,3102,0,beta,epsilon,1.00649227398,0,False
semantic_permutation_control,3102,0,beta,zeta,0.00318221454238,0,False
semantic_permutation_control,3102,0,gamma,alpha,1.00971622976,0,False
semantic_permutation_control,3102,0,gamma,beta,0.00307546718138,-1,False
semantic_permutation_control,3102,0,gamma,gamma,0,0,False
semantic_permutation_control,3102,0,gamma,delta,-0.0280385551929,1,True
semantic_permutation_control,3102,0,gamma,epsilon,-0.9763281928,0,False
semantic_permutation_control,3102,0,gamma,zeta,0.00548462157768,-0.35,False
semantic_permutation_control,3102,0,delta,alpha,0.00986056199446,-0.45,False
semantic_permutation_control,3102,0,delta,beta,0.999734717337,0,False
semantic_permutation_control,3102,0,delta,gamma,0.0280385551929,-1,False
semantic_permutation_control,3102,0,delta,delta,-8.76269066364e-19,0,False
semantic_permutation_control,3102,0,delta,epsilon,0.00609755817649,1,False
semantic_permutation_control,3102,0,delta,zeta,-0.981716447408,0,False
semantic_permutation_control,3102,0,epsilon,alpha,-0.0177724785756,0,False
semantic_permutation_control,3102,0,epsilon,beta,-1.00649227398,0,False
semantic_permutation_control,3102,0,epsilon,gamma,0.9763281928,0,False
semantic_permutation_control,3102,0,epsilon,delta,-0.00609755817649,-1,False
semantic_permutation_control,3102,0,epsilon,epsilon,0,0,False
semantic_permutation_control,3102,0,epsilon,zeta,0.462805601996,1,True
semantic_permutation_control,3102,0,zeta,alpha,-0.977588509847,1,False
semantic_permutation_control,3102,0,zeta,beta,-0.00318221454238,0,False
semantic_permutation_control,3102,0,zeta,gamma,-0.00548462157768,0.35,False
semantic_permutation_control,3102,0,zeta,delta,0.981716447408,0,False
semantic_permutation_control,3102,0,zeta,epsilon,-0.462805601996,-1,False
semantic_permutation_control,3102,0,zeta,zeta,0,0,False
semantic_permutation_control,3102,1,alpha,alpha,0,0,False
semantic_permutation_control,3102,1,alpha,beta,-0.328705705343,1,True
semantic_permutation_control,3102,1,alpha,gamma,-1.00300650074,0,False
semantic_permutation_control,3102,1,alpha,delta,0.00615379752715,0.45,False
semantic_permutation_control,3102,1,alpha,epsilon,-0.0103931702883,0,False
semantic_permutation_control,3102,1,alpha,zeta,0.993718926209,-1,False
semantic_permutation_control,3102,1,beta,alpha,0.328705705343,-1,False
semantic_permutation_control,3102,1,beta,beta,1.74269416453e-18,0,False
semantic_permutation_control,3102,1,beta,gamma,0.0044939806223,1,False
semantic_permutation_control,3102,1,beta,delta,-0.987714453783,0,False
semantic_permutation_control,3102,1,beta,epsilon,1.00080337618,0,False
semantic_permutation_control,3102,1,beta,zeta,-0.0469654792658,0,False
semantic_permutation_control,3102,1,gamma,alpha,1.00300650074,0,False
semantic_permutation_control,3102,1,gamma,beta,-0.0044939806223,-1,False
semantic_permutation_control,3102,1,gamma,gamma,8.65305655514e-19,0,False
semantic_permutation_control,3102,1,gamma,delta,-0.00760533809955,1,True
semantic_permutation_control,3102,1,gamma,epsilon,-1.01326867951,0,False
semantic_permutation_control,3102,1,gamma,zeta,0.00135954814343,-0.35,False
semantic_permutation_control,3102,1,delta,alpha,-0.00615379752715,-0.45,False
semantic_permutation_control,3102,1,delta,beta,0.987714453783,0,False
semantic_permutation_control,3102,1,delta,gamma,0.00760533809955,-1,False
semantic_permutation_control,3102,1,delta,delta,-1.72695436878e-18,0,False
semantic_permutation_control,3102,1,delta,epsilon,0.00565026816165,1,False
semantic_permutation_control,3102,1,delta,zeta,-1.00403613985,0,False
semantic_permutation_control,3102,1,epsilon,alpha,0.0103931702883,0,False
semantic_permutation_control,3102,1,epsilon,beta,-1.00080337618,0,False
semantic_permutation_control,3102,1,epsilon,gamma,1.01326867951,0,False
semantic_permutation_control,3102,1,epsilon,delta,-0.00565026816165,-1,False
semantic_permutation_control,3102,1,epsilon,epsilon,0,0,False
semantic_permutation_control,3102,1,epsilon,zeta,0.454365431465,1,True
semantic_permutation_control,3102,1,zeta,alpha,-0.993718926209,1,False
semantic_permutation_control,3102,1,zeta,beta,0.0469654792658,0,False
semantic_permutation_control,3102,1,zeta,gamma,-0.00135954814343,0.35,False
semantic_permutation_control,3102,1,zeta,delta,1.00403613985,0,False
semantic_permutation_control,3102,1,zeta,epsilon,-0.454365431465,-1,False
semantic_permutation_control,3102,1,zeta,zeta,0,0,False
semantic_permutation_control,3102,2,alpha,alpha,-1.65845161237e-19,0,False
semantic_permutation_control,3102,2,alpha,beta,-0.352652131709,1,True
semantic_permutation_control,3102,2,alpha,gamma,-1.01559183755,0,False
semantic_permutation_control,3102,2,alpha,delta,-0.00142441486945,0.45,False
semantic_permutation_control,3102,2,alpha,epsilon,0.00379262310901,0,False
semantic_permutation_control,3102,2,alpha,zeta,0.976924636714,-1,False
semantic_permutation_control,3102,2,beta,alpha,0.352652131709,-1,False
semantic_permutation_control,3102,2,beta,beta,0,0,False
semantic_permutation_control,3102,2,beta,gamma,0.0139415218596,1,False
semantic_permutation_control,3102,2,beta,delta,-1.0100493271,0,False
semantic_permutation_control,3102,2,beta,epsilon,0.990269697074,0,False
semantic_permutation_control,3102,2,beta,zeta,0.0169085860084,0,False
semantic_permutation_control,3102,2,gamma,alpha,1.01559183755,0,False
semantic_permutation_control,3102,2,gamma,beta,-0.0139415218596,-1,False
semantic_permutation_control,3102,2,gamma,gamma,1.7597535933e-18,0,False
semantic_permutation_control,3102,2,gamma,delta,-0.0105660465978,1,True
semantic_permutation_control,3102,2,gamma,epsilon,-0.986382797582,0,False
semantic_permutation_control,3102,2,gamma,zeta,0.00291120368691,-0.35,False
semantic_permutation_control,3102,2,delta,alpha,0.00142441486945,-0.45,False
semantic_permutation_control,3102,2,delta,beta,1.0100493271,0,False
semantic_permutation_control,3102,2,delta,gamma,0.0105660465978,-1,False
semantic_permutation_control,3102,2,delta,delta,0,0,False
semantic_permutation_control,3102,2,delta,epsilon,-0.0234104087864,1,False
semantic_permutation_control,3102,2,delta,zeta,-0.979055546121,0,False
semantic_permutation_control,3102,2,epsilon,alpha,-0.00379262310901,0,False
semantic_permutation_control,3102,2,epsilon,beta,-0.990269697074,0,False
semantic_permutation_control,3102,2,epsilon,gamma,0.986382797582,0,False
semantic_permutation_control,3102,2,epsilon,delta,0.0234104087864,-1,False
semantic_permutation_control,3102,2,epsilon,epsilon,0,0,False
semantic_permutation_control,3102,2,epsilon,zeta,0.45879322041,1,True
semantic_permutation_control,3102,2,zeta,alpha,-0.976924636714,1,False
semantic_permutation_control,3102,2,zeta,beta,-0.0169085860084,0,False
semantic_permutation_control,3102,2,zeta,gamma,-0.00291120368691,0.35,False
semantic_permutation_control,3102,2,zeta,delta,0.979055546121,0,False
semantic_permutation_control,3102,2,zeta,epsilon,-0.45879322041,-1,False
semantic_permutation_control,3102,2,zeta,zeta,0,0,False
semantic_permutation_control,3102,3,alpha,alpha,3.41522210208e-18,0,False
semantic_permutation_control,3102,3,alpha,beta,-0.34361397283,1,True
semantic_permutation_control,3102,3,alpha,gamma,-1.00131843642,0,False
semantic_permutation_control,3102,3,alpha,delta,0.0141470135605,0.45,False
semantic_permutation_control,3102,3,alpha,epsilon,-0.00339884218919,0,False
semantic_permutation_control,3102,3,alpha,zeta,1.00997864909,-1,False
semantic_permutation_control,3102,3,beta,alpha,0.34361397283,-1,False
semantic_permutation_control,3102,3,beta,beta,-8.54757418432e-19,0,False
semantic_permutation_control,3102,3,beta,gamma,0.0156068023226,1,False
semantic_permutation_control,3102,3,beta,delta,-0.986805360371,0,False
semantic_permutation_control,3102,3,beta,epsilon,1.0056688448,0,False
semantic_permutation_control,3102,3,beta,zeta,-0.0210699899493,0,False
semantic_permutation_control,3102,3,gamma,alpha,1.00131843642,0,False
semantic_permutation_control,3102,3,gamma,beta,-0.0156068023226,-1,False
semantic_permutation_control,3102,3,gamma,gamma,-1.31936891869e-18,0,False
semantic_permutation_control,3102,3,gamma,delta,-0.00951843902477,1,True
semantic_permutation_control,3102,3,gamma,epsilon,-1.00327179227,0,False
semantic_permutation_control,3102,3,gamma,zeta,0.00674424544784,-0.35,False
semantic_permutation_control,3102,3,delta,alpha,-0.0141470135605,-0.45,False
semantic_permutation_control,3102,3,delta,beta,0.986805360371,0,False
semantic_permutation_control,3102,3,delta,gamma,0.00951843902477,-1,False
semantic_permutation_control,3102,3,delta,delta,-6.40059879651e-19,0,False
semantic_permutation_control,3102,3,delta,epsilon,-0.000410620417387,1,False
semantic_permutation_control,3102,3,delta,zeta,-1.00550172321,0,False
semantic_permutation_control,3102,3,epsilon,alpha,0.00339884218919,0,False
semantic_permutation_control,3102,3,epsilon,beta,-1.0056688448,0,False
semantic_permutation_control,3102,3,epsilon,gamma,1.00327179227,0,False
semantic_permutation_control,3102,3,epsilon,delta,0.000410620417387,-1,False
semantic_permutation_control,3102,3,epsilon,epsilon,-2.54455839128e-18,0,False
semantic_permutation_control,3102,3,epsilon,zeta,0.436559048076,1,True
semantic_permutation_control,3102,3,zeta,alpha,-1.00997864909,1,False
semantic_permutation_control,3102,3,zeta,beta,0.0210699899493,0,False
semantic_permutation_control,3102,3,zeta,gamma,-0.00674424544784,0.35,False
semantic_permutation_control,3102,3,zeta,delta,1.00550172321,0,False
semantic_permutation_control,3102,3,zeta,epsilon,-0.436559048076,-1,False
semantic_permutation_control,3102,3,zeta,zeta,1.76131108566e-18,0,False
semantic_permutation_control,3103,0,alpha,alpha,3.32545333462e-19,0,False
semantic_permutation_control,3103,0,alpha,beta,-0.327175547657,1,True
semantic_permutation_control,3103,0,alpha,gamma,-1.01168080697,0,False
semantic_permutation_control,3103,0,alpha,delta,0.00381105108435,0.45,False
semantic_permutation_control,3103,0,alpha,epsilon,-0.0249009527997,0,False
semantic_permutation_control,3103,0,alpha,zeta,1.00166357925,-1,False
semantic_permutation_control,3103,0,beta,alpha,0.327175547657,-1,False
semantic_permutation_control,3103,0,beta,beta,-1.7325703327e-18,0,False
semantic_permutation_control,3103,0,beta,gamma,0.00394385352523,1,False
semantic_permutation_control,3103,0,beta,delta,-1.00279755666,0,False
semantic_permutation_control,3103,0,beta,epsilon,0.978780988871,0,False
semantic_permutation_control,3103,0,beta,zeta,-0.00225289790669,0,False
semantic_permutation_control,3103,0,gamma,alpha,1.01168080697,0,False
semantic_permutation_control,3103,0,gamma,beta,-0.00394385352523,-1,False
semantic_permutation_control,3103,0,gamma,gamma,-3.39733248183e-18,0,False
semantic_permutation_control,3103,0,gamma,delta,-0.00953749185138,1,True
semantic_permutation_control,3103,0,gamma,epsilon,-0.993959853102,0,False
semantic_permutation_control,3103,0,gamma,zeta,-0.0190110414434,-0.35,False
semantic_permutation_control,3103,0,delta,alpha,-0.00381105108435,-0.45,False
semantic_permutation_control,3103,0,delta,beta,1.00279755666,0,False
semantic_permutation_control,3103,0,delta,gamma,0.00953749185138,-1,False
semantic_permutation_control,3103,0,delta,delta,0,0,False
semantic_permutation_control,3103,0,delta,epsilon,-0.0141262246729,1,False
semantic_permutation_control,3103,0,delta,zeta,-1.0268404844,0,False
semantic_permutation_control,3103,0,epsilon,alpha,0.0249009527997,0,False
semantic_permutation_control,3103,0,epsilon,beta,-0.978780988871,0,False
semantic_permutation_control,3103,0,epsilon,gamma,0.993959853102,0,False
semantic_permutation_control,3103,0,epsilon,delta,0.0141262246729,-1,False
semantic_permutation_control,3103,0,epsilon,epsilon,8.60758683853e-19,0,False
semantic_permutation_control,3103,0,epsilon,zeta,0.442536658267,1,True
semantic_permutation_control,3103,0,zeta,alpha,-1.00166357925,1,False
semantic_permutation_control,3103,0,zeta,beta,0.00225289790669,0,False
semantic_permutation_control,3103,0,zeta,gamma,0.0190110414434,0.35,False
semantic_permutation_control,3103,0,zeta,delta,1.0268404844,0,False
semantic_permutation_control,3103,0,zeta,epsilon,-0.442536658267,-1,False
semantic_permutation_control,3103,0,zeta,zeta,-3.53069330465e-18,0,False
semantic_permutation_control,3103,1,alpha,alpha,2.91543663278e-19,0,False
semantic_permutation_control,3103,1,alpha,beta,-0.345451554404,1,True
semantic_permutation_control,3103,1,alpha,gamma,-0.991775147258,0,False
semantic_permutation_control,3103,1,alpha,delta,0.0155687463444,0.45,False
semantic_permutation_control,3103,1,alpha,epsilon,-0.0256436956614,0,False
semantic_permutation_control,3103,1,alpha,zeta,1.00319413722,-1,False
semantic_permutation_control,3103,1,beta,alpha,0.345451554404,-1,False
semantic_permutation_control,3103,1,beta,beta,-1.69686732557e-18,0,False
semantic_permutation_control,3103,1,beta,gamma,0.00630801247523,1,False
semantic_permutation_control,3103,1,beta,delta,-0.992566121429,0,False
semantic_permutation_control,3103,1,beta,epsilon,0.985073053403,0,False
semantic_permutation_control,3103,1,beta,zeta,0.00699684992362,0,False
semantic_permutation_control,3103,1,gamma,alpha,0.991775147258,0,False
semantic_permutation_control,3103,1,gamma,beta,-0.00630801247523,-1,False
semantic_permutation_control,3103,1,gamma,gamma,0,0,False
semantic_permutation_control,3103,1,gamma,delta,0.0141349581492,1,True
semantic_permutation_control,3103,1,gamma,epsilon,-1.01121858633,0,False
semantic_permutation_control,3103,1,gamma,zeta,0.0193132941117,-0.35,False
semantic_permutation_control,3103,1,delta,alpha,-0.0155687463444,-0.45,False
semantic_permutation_control,3103,1,delta,beta,0.992566121429,0,False
semantic_permutation_control,3103,1,delta,gamma,-0.0141349581492,-1,False
semantic_permutation_control,3103,1,delta,delta,1.80434743837e-18,0,False
semantic_permutation_control,3103,1,delta,epsilon,0.0096974752352,1,False
semantic_permutation_control,3103,1,delta,zeta,-1.01704521598,0,False
semantic_permutation_control,3103,1,epsilon,alpha,0.0256436956614,0,False
semantic_permutation_control,3103,1,epsilon,beta,-0.985073053403,0,False
semantic_permutation_control,3103,1,epsilon,gamma,1.01121858633,0,False
semantic_permutation_control,3103,1,epsilon,delta,-0.0096974752352,-1,False
semantic_permutation_control,3103,1,epsilon,epsilon,-8.76988404609e-19,0,False
semantic_permutation_control,3103,1,epsilon,zeta,0.481071184982,1,True
semantic_permutation_control,3103,1,zeta,alpha,-1.00319413722,1,False
semantic_permutation_control,3103,1,zeta,beta,-0.00699684992362,0,False
semantic_permutation_control,3103,1,zeta,gamma,-0.0193132941117,0.35,False
semantic_permutation_control,3103,1,zeta,delta,1.01704521598,0,False
semantic_permutation_control,3103,1,zeta,epsilon,-0.481071184982,-1,False
semantic_permutation_control,3103,1,zeta,zeta,-1.71200058945e-18,0,False
semantic_permutation_control,3103,2,alpha,alpha,3.45451623718e-18,0,False
semantic_permutation_control,3103,2,alpha,beta,-0.360855013546,1,True
semantic_permutation_control,3103,2,alpha,gamma,-1.01686390046,0,False
semantic_permutation_control,3103,2,alpha,delta,-0.000873022959403,0.45,False
semantic_permutation_control,3103,2,alpha,epsilon,0.00238700921444,0,False
semantic_permutation_control,3103,2,alpha,zeta,1.00459067767,-1,False
semantic_permutation_control,3103,2,beta,alpha,0.360855013546,-1,False
semantic_permutation_control,3103,2,beta,beta,0,0,False
semantic_permutation_control,3103,2,beta,gamma,-0.00180093809416,1,False
semantic_permutation_control,3103,2,beta,delta,-1.02956517458,0,False
semantic_permutation_control,3103,2,beta,epsilon,0.987361084873,0,False
semantic_permutation_control,3103,2,beta,zeta,-0.0190138605687,0,False
semantic_permutation_control,3103,2,gamma,alpha,1.01686390046,0,False
semantic_permutation_control,3103,2,gamma,beta,0.00180093809416,-1,False
semantic_permutation_control,3103,2,gamma,gamma,8.855653938e-19,0,False
semantic_permutation_control,3103,2,gamma,delta,-0.003669458149,1,True
semantic_permutation_control,3103,2,gamma,epsilon,-0.975425125626,0,False
semantic_permutation_control,3103,2,gamma,zeta,-0.0128724431498,-0.35,False
semantic_permutation_control,3103,2,delta,alpha,0.000873022959403,-0.45,False
semantic_permutation_control,3103,2,delta,beta,1.02956517458,0,False
semantic_permutation_control,3103,2,delta,gamma,0.003669458149,-1,False
semantic_permutation_control,3103,2,delta,delta,0,0,False
semantic_permutation_control,3103,2,delta,epsilon,0.00736847363572,1,False
semantic_permutation_control,3103,2,delta,zeta,-1.01321040218,0,False
semantic_permutation_control,3103,2,epsilon,alpha,-0.00238700921444,0,False
semantic_permutation_control,3103,2,epsilon,beta,-0.987361084873,0,False
semantic_permutation_control,3103,2,epsilon,gamma,0.975425125626,0,False
semantic_permutation_control,3103,2,epsilon,delta,-0.00736847363572,-1,False
semantic_permutation_control,3103,2,epsilon,epsilon,-8.86880764153e-19,0,False
semantic_permutation_control,3103,2,epsilon,zeta,0.465650061619,1,True
semantic_permutation_control,3103,2,zeta,alpha,-1.00459067767,1,False
semantic_permutation_control,3103,2,zeta,beta,0.0190138605687,0,False
semantic_permutation_control,3103,2,zeta,gamma,0.0128724431498,0.35,False
semantic_permutation_control,3103,2,zeta,delta,1.01321040218,0,False
semantic_permutation_control,3103,2,zeta,epsilon,-0.465650061619,-1,False
semantic_permutation_control,3103,2,zeta,zeta,4.33404429743e-19,0,False
semantic_permutation_control,3103,3,alpha,alpha,-4.25631860676e-19,0,False
semantic_permutation_control,3103,3,alpha,beta,-0.362145003081,1,True
semantic_permutation_control,3103,3,alpha,gamma,-1.01542637421,0,False
semantic_permutation_control,3103,3,alpha,delta,0.00895440878975,0.45,False
semantic_permutation_control,3103,3,alpha,epsilon,-0.00529943094363,0,False
semantic_permutation_control,3103,3,alpha,zeta,1.00020679287,-1,False
semantic_permutation_control,3103,3,beta,alpha,0.362145003081,-1,False
semantic_permutation_control,3103,3,beta,beta,8.83424058287e-19,0,False
semantic_permutation_control,3103,3,beta,gamma,-0.0092665509724,1,False
semantic_permutation_control,3103,3,beta,delta,-1.00265133008,0,False
semantic_permutation_control,3103,3,beta,epsilon,0.984813037725,0,False
semantic_permutation_control,3103,3,beta,zeta,0.00165323255724,0,False
semantic_permutation_control,3103,3,gamma,alpha,1.01542637421,0,False
semantic_permutation_control,3103,3,gamma,beta,0.0092665509724,-1,False
semantic_permutation_control,3103,3,gamma,gamma,1.73883199179e-18,0,False
semantic_permutation_control,3103,3,gamma,delta,-0.0067180079805,1,True
semantic_permutation_control,3103,3,gamma,epsilon,-0.99679758267,0,False
semantic_permutation_control,3103,3,gamma,zeta,0.0014237542077,-0.35,False
semantic_permutation_control,3103,3,delta,alpha,-0.00895440878975,-0.45,False
semantic_permutation_control,3103,3,delta,beta,1.00265133008,0,False
semantic_permutation_control,3103,3,delta,gamma,0.0067180079805,-1,False
semantic_permutation_control,3103,3,delta,delta,1.71428198961e-18,0,False
semantic_permutation_control,3103,3,delta,epsilon,0.0193489063202,1,False
semantic_permutation_control,3103,3,delta,zeta,-1.00694218808,0,False
semantic_permutation_control,3103,3,epsilon,alpha,0.00529943094363,0,False
semantic_permutation_control,3103,3,epsilon,beta,-0.984813037725,0,False
semantic_permutation_control,3103,3,epsilon,gamma,0.99679758267,0,False
semantic_permutation_control,3103,3,epsilon,delta,-0.0193489063202,-1,False
semantic_permutation_control,3103,3,epsilon,epsilon,0,0,False
semantic_permutation_control,3103,3,epsilon,zeta,0.446464023169,1,True
semantic_permutation_control,3103,3,zeta,alpha,-1.00020679287,1,False
semantic_permutation_control,3103,3,zeta,beta,-0.00165323255724,0,False
semantic_permutation_control,3103,3,zeta,gamma,-0.0014237542077,0.35,False
semantic_permutation_control,3103,3,zeta,delta,1.00694218808,0,False
semantic_permutation_control,3103,3,zeta,epsilon,-0.446464023169,-1,False
semantic_permutation_control,3103,3,zeta,zeta,8.82153632355e-19,0,False
topology_destroyed_control,3101,0,alpha,alpha,-2.11666987985e-19,0,False
topology_destroyed_control,3101,0,alpha,beta,0.0301392463644,1,True
topology_destroyed_control,3101,0,alpha,gamma,0.134320448977,0,False
topology_destroyed_control,3101,0,alpha,delta,-0.0895298408392,0.45,False
topology_destroyed_control,3101,0,alpha,epsilon,0.0260281117942,0,False
topology_destroyed_control,3101,0,alpha,zeta,-0.147338759712,-1,False
topology_destroyed_control,3101,0,beta,alpha,-0.0301392463644,-1,False
topology_destroyed_control,3101,0,beta,beta,0,0,False
topology_destroyed_control,3101,0,beta,gamma,0.137866549439,1,False
topology_destroyed_control,3101,0,beta,delta,-0.048629240277,0,False
topology_destroyed_control,3101,0,beta,epsilon,0.0237468999498,0,False
topology_destroyed_control,3101,0,beta,zeta,-0.173850304108,0,False
topology_destroyed_control,3101,0,gamma,alpha,-0.134320448977,0,False
topology_destroyed_control,3101,0,gamma,beta,-0.137866549439,-1,False
topology_destroyed_control,3101,0,gamma,gamma,-4.28825446823e-19,0,False
topology_destroyed_control,3101,0,gamma,delta,0.0329159120216,1,True
topology_destroyed_control,3101,0,gamma,epsilon,0.0408160579476,0,False
topology_destroyed_control,3101,0,gamma,zeta,-0.0719939111547,-0.35,False
topology_destroyed_control,3101,0,delta,alpha,0.0895298408392,-0.45,False
topology_destroyed_control,3101,0,delta,beta,0.048629240277,0,False
topology_destroyed_control,3101,0,delta,gamma,-0.0329159120216,-1,False
topology_destroyed_control,3101,0,delta,delta,0,0,False
topology_destroyed_control,3101,0,delta,epsilon,0.100587528456,1,False
topology_destroyed_control,3101,0,delta,zeta,0.0140061797822,0,False
topology_destroyed_control,3101,0,epsilon,alpha,-0.0260281117942,0,False
topology_destroyed_control,3101,0,epsilon,beta,-0.0237468999498,0,False
topology_destroyed_control,3101,0,epsilon,gamma,-0.0408160579476,0,False
topology_destroyed_control,3101,0,epsilon,delta,-0.100587528456,-1,False
topology_destroyed_control,3101,0,epsilon,epsilon,-2.21070657145e-19,0,False
topology_destroyed_control,3101,0,epsilon,zeta,-0.0678116932861,1,True
topology_destroyed_control,3101,0,zeta,alpha,0.147338759712,1,False
topology_destroyed_control,3101,0,zeta,beta,0.173850304108,0,False
topology_destroyed_control,3101,0,zeta,gamma,0.0719939111547,0.35,False
topology_destroyed_control,3101,0,zeta,delta,-0.0140061797822,0,False
topology_destroyed_control,3101,0,zeta,epsilon,0.0678116932861,-1,False
topology_destroyed_control,3101,0,zeta,zeta,-8.20555070728e-20,0,False
topology_destroyed_control,3101,1,alpha,alpha,4.34010462414e-19,0,False
topology_destroyed_control,3101,1,alpha,beta,0.173679320443,1,True
topology_destroyed_control,3101,1,alpha,gamma,-5.21700658434e-05,0,False
topology_destroyed_control,3101,1,alpha,delta,0.168280919764,0.45,False
topology_destroyed_control,3101,1,alpha,epsilon,0.165870455444,0,False
topology_destroyed_control,3101,1,alpha,zeta,0.06334644459,-1,False
topology_destroyed_control,3101,1,beta,alpha,-0.173679320443,-1,False
topology_destroyed_control,3101,1,beta,beta,2.12377137788e-19,0,False
topology_destroyed_control,3101,1,beta,gamma,0.16514485686,1,False
topology_destroyed_control,3101,1,beta,delta,0.00581323208626,0,False
topology_destroyed_control,3101,1,beta,epsilon,0.138351605687,0,False
topology_destroyed_control,3101,1,beta,zeta,-0.0973754879968,0,False
topology_destroyed_control,3101,1,gamma,alpha,5.21700658434e-05,0,False
topology_destroyed_control,3101,1,gamma,beta,-0.16514485686,-1,False
topology_destroyed_control,3101,1,gamma,gamma,-1.05933218994e-19,0,False
topology_destroyed_control,3101,1,gamma,delta,-0.00393670160291,1,True
topology_destroyed_control,3101,1,gamma,epsilon,-0.0243953628021,0,False
topology_destroyed_control,3101,1,gamma,zeta,-0.0781122841435,-0.35,False
topology_destroyed_control,3101,1,delta,alpha,-0.168280919764,-0.45,False
topology_destroyed_control,3101,1,delta,beta,-0.00581323208626,0,False
topology_destroyed_control,3101,1,delta,gamma,0.00393670160291,-1,False
topology_destroyed_control,3101,1,delta,delta,-4.37546877336e-19,0,False
topology_destroyed_control,3101,1,delta,epsilon,-0.0759836547462,1,False
topology_destroyed_control,3101,1,delta,zeta,-0.162840138157,0,False
topology_destroyed_control,3101,1,epsilon,alpha,-0.165870455444,0,False
topology_destroyed_control,3101,1,epsilon,beta,-0.138351605687,0,False
topology_destroyed_control,3101,1,epsilon,gamma,0.0243953628021,0,False
topology_destroyed_control,3101,1,epsilon,delta,0.0759836547462,-1,False
topology_destroyed_control,3101,1,epsilon,epsilon,1.10521152792e-19,0,False
topology_destroyed_control,3101,1,epsilon,zeta,0.139257923028,1,True
topology_destroyed_control,3101,1,zeta,alpha,-0.06334644459,1,False
topology_destroyed_control,3101,1,zeta,beta,0.0973754879968,0,False
topology_destroyed_control,3101,1,zeta,gamma,0.0781122841435,0.35,False
topology_destroyed_control,3101,1,zeta,delta,0.162840138157,0,False
topology_destroyed_control,3101,1,zeta,epsilon,-0.139257923028,-1,False
topology_destroyed_control,3101,1,zeta,zeta,-2.17034459956e-19,0,False
topology_destroyed_control,3101,2,alpha,alpha,-1.09708029417e-19,0,False
topology_destroyed_control,3101,2,alpha,beta,-0.0439322512454,1,True
topology_destroyed_control,3101,2,alpha,gamma,-0.0917976410835,0,False
topology_destroyed_control,3101,2,alpha,delta,0.0334019932998,0.45,False
topology_destroyed_control,3101,2,alpha,epsilon,0.0895770305324,0,False
topology_destroyed_control,3101,2,alpha,zeta,0.0343397979056,-1,False
topology_destroyed_control,3101,2,beta,alpha,0.0439322512454,-1,False
topology_destroyed_control,3101,2,beta,beta,2.11905733289e-19,0,False
topology_destroyed_control,3101,2,beta,gamma,-0.024096852351,1,False
topology_destroyed_control,3101,2,beta,delta,0.0139272792527,0,False
topology_destroyed_control,3101,2,beta,epsilon,-0.155007868162,0,False
topology_destroyed_control,3101,2,beta,zeta,-0.150459162129,0,False
topology_destroyed_control,3101,2,gamma,alpha,0.0917976410835,0,False
topology_destroyed_control,3101,2,gamma,beta,0.024096852351,-1,False
topology_destroyed_control,3101,2,gamma,gamma,-5.45106881981e-20,0,False
topology_destroyed_control,3101,2,gamma,delta,-0.0729598718387,1,True
topology_destroyed_control,3101,2,gamma,epsilon,0.0232383411077,0,False
topology_destroyed_control,3101,2,gamma,zeta,-0.0609796539911,-0.35,False
topology_destroyed_control,3101,2,delta,alpha,-0.0334019932998,-0.45,False
topology_destroyed_control,3101,2,delta,beta,-0.0139272792527,0,False
topology_destroyed_control,3101,2,delta,gamma,0.0729598718387,-1,False
topology_destroyed_control,3101,2,delta,delta,-8.31058186466e-20,0,False
topology_destroyed_control,3101,2,delta,epsilon,-0.0127093209209,1,False
topology_destroyed_control,3101,2,delta,zeta,-0.0284491164338,0,False
topology_destroyed_control,3101,2,epsilon,alpha,-0.0895770305324,0,False
topology_destroyed_control,3101,2,epsilon,beta,0.155007868162,0,False
topology_destroyed_control,3101,2,epsilon,gamma,-0.0232383411077,0,False
topology_destroyed_control,3101,2,epsilon,delta,0.0127093209209,-1,False
topology_destroyed_control,3101,2,epsilon,epsilon,-4.42260407139e-19,0,False
topology_destroyed_control,3101,2,epsilon,zeta,-0.12862385196,1,True
topology_destroyed_control,3101,2,zeta,alpha,-0.0343397979056,1,False
topology_destroyed_control,3101,2,zeta,beta,0.150459162129,0,False
topology_destroyed_control,3101,2,zeta,gamma,0.0609796539911,0.35,False
topology_destroyed_control,3101,2,zeta,delta,0.0284491164338,0,False
topology_destroyed_control,3101,2,zeta,epsilon,0.12862385196,-1,False
topology_destroyed_control,3101,2,zeta,zeta,0,0,False
topology_destroyed_control,3101,3,alpha,alpha,-2.16325386093e-19,0,False
topology_destroyed_control,3101,3,alpha,beta,-0.00346452549321,1,True
topology_destroyed_control,3101,3,alpha,gamma,0.0152378798144,0,False
topology_destroyed_control,3101,3,alpha,delta,0.122400460389,0.45,False
topology_destroyed_control,3101,3,alpha,epsilon,-0.118492525661,0,False
topology_destroyed_control,3101,3,alpha,zeta,0.100243124729,-1,False
topology_destroyed_control,3101,3,beta,alpha,0.00346452549321,-1,False
topology_destroyed_control,3101,3,beta,beta,4.65439260529e-20,0,False
topology_destroyed_control,3101,3,beta,gamma,0.0813536620122,1,False
topology_destroyed_control,3101,3,beta,delta,-0.129470279812,0,False
topology_destroyed_control,3101,3,beta,epsilon,0.114787489685,0,False
topology_destroyed_control,3101,3,beta,zeta,-0.0124566746238,0,False
topology_destroyed_control,3101,3,gamma,alpha,-0.0152378798144,0,False
topology_destroyed_control,3101,3,gamma,beta,-0.0813536620122,-1,False
topology_destroyed_control,3101,3,gamma,gamma,-1.0722662768e-19,0,False
topology_destroyed_control,3101,3,gamma,delta,0.0540299811979,1,True
topology_destroyed_control,3101,3,gamma,epsilon,-0.122188943294,0,False
topology_destroyed_control,3101,3,gamma,zeta,-0.150683836569,-0.35,False
topology_destroyed_control,3101,3,delta,alpha,-0.122400460389,-0.45,False
topology_destroyed_control,3101,3,delta,beta,0.129470279812,0,False
topology_destroyed_control,3101,3,delta,gamma,-0.0540299811979,-1,False
topology_destroyed_control,3101,3,delta,delta,-2.68997181971e-19,0,False
topology_destroyed_control,3101,3,delta,epsilon,0.0665743997434,1,False
topology_destroyed_control,3101,3,delta,zeta,-0.163751003115,0,False
topology_destroyed_control,3101,3,epsilon,alpha,0.118492525661,0,False
topology_destroyed_control,3101,3,epsilon,beta,-0.114787489685,0,False
topology_destroyed_control,3101,3,epsilon,gamma,0.122188943294,0,False
topology_destroyed_control,3101,3,epsilon,delta,-0.0665743997434,-1,False
topology_destroyed_control,3101,3,epsilon,epsilon,0,0,False
topology_destroyed_control,3101,3,epsilon,zeta,-0.0435838247004,1,True
topology_destroyed_control,3101,3,zeta,alpha,-0.100243124729,1,False
topology_destroyed_control,3101,3,zeta,beta,0.0124566746238,0,False
topology_destroyed_control,3101,3,zeta,gamma,0.150683836569,0.35,False
topology_destroyed_control,3101,3,zeta,delta,0.163751003115,0,False
topology_destroyed_control,3101,3,zeta,epsilon,0.0435838247004,-1,False
topology_destroyed_control,3101,3,zeta,zeta,-2.12289955051e-19,0,False
topology_destroyed_control,3102,0,alpha,alpha,2.13186355279e-19,0,False
topology_destroyed_control,3102,0,alpha,beta,0.0972911184127,1,True
topology_destroyed_control,3102,0,alpha,gamma,-0.126708422154,0,False
topology_destroyed_control,3102,0,alpha,delta,0.143961106577,0.45,False
topology_destroyed_control,3102,0,alpha,epsilon,0.0346095354708,0,False
topology_destroyed_control,3102,0,alpha,zeta,0.130423050581,-1,False
topology_destroyed_control,3102,0,beta,alpha,-0.0972911184127,-1,False
topology_destroyed_control,3102,0,beta,beta,-1.09980477438e-19,0,False
topology_destroyed_control,3102,0,beta,gamma,-0.148713450613,1,False
topology_destroyed_control,3102,0,beta,delta,-0.153336205276,0,False
topology_destroyed_control,3102,0,beta,epsilon,-0.123121624251,0,False
topology_destroyed_control,3102,0,beta,zeta,0.115308245594,0,False
topology_destroyed_control,3102,0,gamma,alpha,0.126708422154,0,False
topology_destroyed_control,3102,0,gamma,beta,0.148713450613,-1,False
topology_destroyed_control,3102,0,gamma,gamma,0,0,False
topology_destroyed_control,3102,0,gamma,delta,0.0404625840373,1,True
topology_destroyed_control,3102,0,gamma,epsilon,0.0619052414367,0,False
topology_destroyed_control,3102,0,gamma,zeta,0.148161338009,-0.35,False
topology_destroyed_control,3102,0,delta,alpha,-0.143961106577,-0.45,False
topology_destroyed_control,3102,0,delta,beta,0.153336205276,0,False
topology_destroyed_control,3102,0,delta,gamma,-0.0404625840373,-1,False
topology_destroyed_control,3102,0,delta,delta,2.18039159169e-19,0,False
topology_destroyed_control,3102,0,delta,epsilon,0.166883460538,1,False
topology_destroyed_control,3102,0,delta,zeta,0.146623778263,0,False
topology_destroyed_control,3102,0,epsilon,alpha,-0.0346095354708,0,False
topology_destroyed_control,3102,0,epsilon,beta,0.123121624251,0,False
topology_destroyed_control,3102,0,epsilon,gamma,-0.0619052414367,0,False
topology_destroyed_control,3102,0,epsilon,delta,-0.166883460538,-1,False
topology_destroyed_control,3102,0,epsilon,epsilon,2.20668615777e-19,0,False
topology_destroyed_control,3102,0,epsilon,zeta,0.0369398502649,1,True
topology_destroyed_control,3102,0,zeta,alpha,-0.130423050581,1,False
topology_destroyed_control,3102,0,zeta,beta,-0.115308245594,0,False
topology_destroyed_control,3102,0,zeta,gamma,-0.148161338009,0.35,False
topology_destroyed_control,3102,0,zeta,delta,-0.146623778263,0,False
topology_destroyed_control,3102,0,zeta,epsilon,-0.0369398502649,-1,False
topology_destroyed_control,3102,0,zeta,zeta,-4.43612191899e-19,0,False
topology_destroyed_control,3102,1,alpha,alpha,0,0,False
topology_destroyed_control,3102,1,alpha,beta,-0.150200258813,1,True
topology_destroyed_control,3102,1,alpha,gamma,0.00435015634217,0,False
topology_destroyed_control,3102,1,alpha,delta,-0.0389570966958,0.45,False
topology_destroyed_control,3102,1,alpha,epsilon,0.104422251884,0,False
topology_destroyed_control,3102,1,alpha,zeta,-0.136936591601,-1,False
topology_destroyed_control,3102,1,beta,alpha,0.150200258813,-1,False
topology_destroyed_control,3102,1,beta,beta,2.16455591621e-19,0,False
topology_destroyed_control,3102,1,beta,gamma,-0.0419050380073,1,False
topology_destroyed_control,3102,1,beta,delta,0.0102915162495,0,False
topology_destroyed_control,3102,1,beta,epsilon,-0.0595485241317,0,False
topology_destroyed_control,3102,1,beta,zeta,0.131548508776,0,False
topology_destroyed_control,3102,1,gamma,alpha,-0.00435015634217,0,False
topology_destroyed_control,3102,1,gamma,beta,0.0419050380073,-1,False
topology_destroyed_control,3102,1,gamma,gamma,-5.46952636409e-20,0,False
topology_destroyed_control,3102,1,gamma,delta,-0.00729295793497,1,True
topology_destroyed_control,3102,1,gamma,epsilon,0.153419730322,0,False
topology_destroyed_control,3102,1,gamma,zeta,0.0381459382757,-0.35,False
topology_destroyed_control,3102,1,delta,alpha,0.0389570966958,-0.45,False
topology_destroyed_control,3102,1,delta,beta,-0.0102915162495,0,False
topology_destroyed_control,3102,1,delta,gamma,0.00729295793497,-1,False
topology_destroyed_control,3102,1,delta,delta,2.16395772609e-19,0,False
topology_destroyed_control,3102,1,delta,epsilon,-0.155545788043,1,False
topology_destroyed_control,3102,1,delta,zeta,-0.169039119178,0,False
topology_destroyed_control,3102,1,epsilon,alpha,-0.104422251884,0,False
topology_destroyed_control,3102,1,epsilon,beta,0.0595485241317,0,False
topology_destroyed_control,3102,1,epsilon,gamma,-0.153419730322,0,False
topology_destroyed_control,3102,1,epsilon,delta,0.155545788043,-1,False
topology_destroyed_control,3102,1,epsilon,epsilon,0,0,False
topology_destroyed_control,3102,1,epsilon,zeta,0.136361296601,1,True
topology_destroyed_control,3102,1,zeta,alpha,0.136936591601,1,False
topology_destroyed_control,3102,1,zeta,beta,-0.131548508776,0,False
topology_destroyed_control,3102,1,zeta,gamma,-0.0381459382757,0.35,False
topology_destroyed_control,3102,1,zeta,delta,0.169039119178,0,False
topology_destroyed_control,3102,1,zeta,epsilon,-0.136361296601,-1,False
topology_destroyed_control,3102,1,zeta,zeta,-1.06415362859e-19,0,False
topology_destroyed_control,3102,2,alpha,alpha,1.06262910719e-19,0,False
topology_destroyed_control,3102,2,alpha,beta,0.181373232682,1,True
topology_destroyed_control,3102,2,alpha,gamma,-0.0970449634375,0,False
topology_destroyed_control,3102,2,alpha,delta,-0.0750756643316,0.45,False
topology_destroyed_control,3102,2,alpha,epsilon,-0.0477517125608,0,False
topology_destroyed_control,3102,2,alpha,zeta,0.00755023187148,-1,False
topology_destroyed_control,3102,2,beta,alpha,-0.181373232682,-1,False
topology_destroyed_control,3102,2,beta,beta,1.10465740333e-19,0,False
topology_destroyed_control,3102,2,beta,gamma,-0.0653447736656,1,False
topology_destroyed_control,3102,2,beta,delta,0.0869095850395,0,False
topology_destroyed_control,3102,2,beta,epsilon,-0.0687051572782,0,False
topology_destroyed_control,3102,2,beta,zeta,-0.107383906575,0,False
topology_destroyed_control,3102,2,gamma,alpha,0.0970449634375,0,False
topology_destroyed_control,3102,2,gamma,beta,0.0653447736656,-1,False
topology_destroyed_control,3102,2,gamma,gamma,2.69105719012e-19,0,False
topology_destroyed_control,3102,2,gamma,delta,0.0590800283697,1,True
topology_destroyed_control,3102,2,gamma,epsilon,-0.0622240284285,0,False
topology_destroyed_control,3102,2,gamma,zeta,0.0446278214842,-0.35,False
topology_destroyed_control,3102,2,delta,alpha,0.0750756643316,-0.45,False
topology_destroyed_control,3102,2,delta,beta,-0.0869095850395,0,False
topology_destroyed_control,3102,2,delta,gamma,-0.0590800283697,-1,False
topology_destroyed_control,3102,2,delta,delta,3.22771076072e-19,0,False
topology_destroyed_control,3102,2,delta,epsilon,-0.0903363927559,1,False
topology_destroyed_control,3102,2,delta,zeta,0.168468365551,0,False
topology_destroyed_control,3102,2,epsilon,alpha,0.0477517125608,0,False
topology_destroyed_control,3102,2,epsilon,beta,0.0687051572782,0,False
topology_destroyed_control,3102,2,epsilon,gamma,0.0622240284285,0,False
topology_destroyed_control,3102,2,epsilon,delta,0.0903363927559,-1,False
topology_destroyed_control,3102,2,epsilon,epsilon,0,0,False
topology_destroyed_control,3102,2,epsilon,zeta,0.10669375978,1,True
topology_destroyed_control,3102,2,zeta,alpha,-0.00755023187148,1,False
topology_destroyed_control,3102,2,zeta,beta,0.107383906575,0,False
topology_destroyed_control,3102,2,zeta,gamma,-0.0446278214842,0.35,False
topology_destroyed_control,3102,2,zeta,delta,-0.168468365551,0,False
topology_destroyed_control,3102,2,zeta,epsilon,-0.10669375978,-1,False
topology_destroyed_control,3102,2,zeta,zeta,0,0,False
topology_destroyed_control,3102,3,alpha,alpha,0,0,False
topology_destroyed_control,3102,3,alpha,beta,0.181392971107,1,True
topology_destroyed_control,3102,3,alpha,gamma,-0.0215872945438,0,False
topology_destroyed_control,3102,3,alpha,delta,-0.057930338175,0.45,False
topology_destroyed_control,3102,3,alpha,epsilon,-0.0287205714586,0,False
topology_destroyed_control,3102,3,alpha,zeta,0.112281598961,-1,False
topology_destroyed_control,3102,3,beta,alpha,-0.181392971107,-1,False
topology_destroyed_control,3102,3,beta,beta,3.18196813097e-19,0,False
topology_destroyed_control,3102,3,beta,gamma,0.160178183902,1,False
topology_destroyed_control,3102,3,beta,delta,-0.153138380221,0,False
topology_destroyed_control,3102,3,beta,epsilon,-0.140556423038,0,False
topology_destroyed_control,3102,3,beta,zeta,-0.173645874431,0,False
topology_destroyed_control,3102,3,gamma,alpha,0.0215872945438,0,False
topology_destroyed_control,3102,3,gamma,beta,-0.160178183902,-1,False
topology_destroyed_control,3102,3,gamma,gamma,1.06908442762e-19,0,False
topology_destroyed_control,3102,3,gamma,delta,-0.0794102511459,1,True
topology_destroyed_control,3102,3,gamma,epsilon,0.176975961813,0,False
topology_destroyed_control,3102,3,gamma,zeta,0.164736607252,-0.35,False
topology_destroyed_control,3102,3,delta,alpha,0.057930338175,-0.45,False
topology_destroyed_control,3102,3,delta,beta,0.153138380221,0,False
topology_destroyed_control,3102,3,delta,gamma,0.0794102511459,-1,False
topology_destroyed_control,3102,3,delta,delta,7.98428068422e-20,0,False
topology_destroyed_control,3102,3,delta,epsilon,-0.118071595763,1,False
topology_destroyed_control,3102,3,delta,zeta,-0.0527184865555,0,False
topology_destroyed_control,3102,3,epsilon,alpha,0.0287205714586,0,False
topology_destroyed_control,3102,3,epsilon,beta,0.140556423038,0,False
topology_destroyed_control,3102,3,epsilon,gamma,-0.176975961813,0,False
topology_destroyed_control,3102,3,epsilon,delta,0.118071595763,-1,False
topology_destroyed_control,3102,3,epsilon,epsilon,0,0,False
topology_destroyed_control,3102,3,epsilon,zeta,0.101156965784,1,True
topology_destroyed_control,3102,3,zeta,alpha,-0.112281598961,1,False
topology_destroyed_control,3102,3,zeta,beta,0.173645874431,0,False
topology_destroyed_control,3102,3,zeta,gamma,-0.164736607252,0.35,False
topology_destroyed_control,3102,3,zeta,delta,0.0527184865555,0,False
topology_destroyed_control,3102,3,zeta,epsilon,-0.101156965784,-1,False
topology_destroyed_control,3102,3,zeta,zeta,0,0,False
topology_destroyed_control,3103,0,alpha,alpha,1.10558753852e-19,0,False
topology_destroyed_control,3103,0,alpha,beta,-0.0535542587047,1,True
topology_destroyed_control,3103,0,alpha,gamma,0.076490846837,0,False
topology_destroyed_control,3103,0,alpha,delta,-0.0334381343992,0.45,False
topology_destroyed_control,3103,0,alpha,epsilon,-0.160499685406,0,False
topology_destroyed_control,3103,0,alpha,zeta,-0.0334668989627,-1,False
topology_destroyed_control,3103,0,beta,alpha,0.0535542587047,-1,False
topology_destroyed_control,3103,0,beta,beta,0,0,False
topology_destroyed_control,3103,0,beta,gamma,-0.0934914433115,1,False
topology_destroyed_control,3103,0,beta,delta,-0.00573891420023,0,False
topology_destroyed_control,3103,0,beta,epsilon,0.00548404990787,0,False
topology_destroyed_control,3103,0,beta,zeta,0.0658423094105,0,False
topology_destroyed_control,3103,0,gamma,alpha,-0.076490846837,0,False
topology_destroyed_control,3103,0,gamma,beta,0.0934914433115,-1,False
topology_destroyed_control,3103,0,gamma,gamma,1.0946099046e-19,0,False
topology_destroyed_control,3103,0,gamma,delta,0.107572414524,1,True
topology_destroyed_control,3103,0,gamma,epsilon,0.117136296438,0,False
topology_destroyed_control,3103,0,gamma,zeta,-0.0179478786721,-0.35,False
topology_destroyed_control,3103,0,delta,alpha,0.0334381343992,-0.45,False
topology_destroyed_control,3103,0,delta,beta,0.00573891420023,0,False
topology_destroyed_control,3103,0,delta,gamma,-0.107572414524,-1,False
topology_destroyed_control,3103,0,delta,delta,0,0,False
topology_destroyed_control,3103,0,delta,epsilon,-0.156048064444,1,False
topology_destroyed_control,3103,0,delta,zeta,0.0256772063964,0,False
topology_destroyed_control,3103,0,epsilon,alpha,0.160499685406,0,False
topology_destroyed_control,3103,0,epsilon,beta,-0.00548404990787,0,False
topology_destroyed_control,3103,0,epsilon,gamma,-0.117136296438,0,False
topology_destroyed_control,3103,0,epsilon,delta,0.156048064444,-1,False
topology_destroyed_control,3103,0,epsilon,epsilon,1.85525772837e-19,0,False
topology_destroyed_control,3103,0,epsilon,zeta,0.120590028871,1,True
topology_destroyed_control,3103,0,zeta,alpha,0.0334668989627,1,False
topology_destroyed_control,3103,0,zeta,beta,-0.0658423094105,0,False
topology_destroyed_control,3103,0,zeta,gamma,0.0179478786721,0.35,False
topology_destroyed_control,3103,0,zeta,delta,-0.0256772063964,0,False
topology_destroyed_control,3103,0,zeta,epsilon,-0.120590028871,-1,False
topology_destroyed_control,3103,0,zeta,zeta,0,0,False
topology_destroyed_control,3103,1,alpha,alpha,0,0,False
topology_destroyed_control,3103,1,alpha,beta,-0.00442364190092,1,True
topology_destroyed_control,3103,1,alpha,gamma,0.000808156228672,0,False
topology_destroyed_control,3103,1,alpha,delta,-0.0735623235193,0.45,False
topology_destroyed_control,3103,1,alpha,epsilon,0.0769576609323,0,False
topology_destroyed_control,3103,1,alpha,zeta,0.0423703713728,-1,False
topology_destroyed_control,3103,1,beta,alpha,0.00442364190092,-1,False
topology_destroyed_control,3103,1,beta,beta,5.50990923485e-20,0,False
topology_destroyed_control,3103,1,beta,gamma,-0.132321048203,1,False
topology_destroyed_control,3103,1,beta,delta,0.102426558232,0,False
topology_destroyed_control,3103,1,beta,epsilon,0.00214472271579,0,False
topology_destroyed_control,3103,1,beta,zeta,0.0320462557907,0,False
topology_destroyed_control,3103,1,gamma,alpha,-0.000808156228672,0,False
topology_destroyed_control,3103,1,gamma,beta,0.132321048203,-1,False
topology_destroyed_control,3103,1,gamma,gamma,-8.06405839059e-20,0,False
topology_destroyed_control,3103,1,gamma,delta,-0.16251555354,1,True
topology_destroyed_control,3103,1,gamma,epsilon,0.070147358772,0,False
topology_destroyed_control,3103,1,gamma,zeta,-0.173036748233,-0.35,False
topology_destroyed_control,3103,1,delta,alpha,0.0735623235193,-0.45,False
topology_destroyed_control,3103,1,delta,beta,-0.102426558232,0,False
topology_destroyed_control,3103,1,delta,gamma,0.16251555354,-1,False
topology_destroyed_control,3103,1,delta,delta,0,0,False
topology_destroyed_control,3103,1,delta,epsilon,0.0547826152469,1,False
topology_destroyed_control,3103,1,delta,zeta,-0.0887771932662,0,False
topology_destroyed_control,3103,1,epsilon,alpha,-0.0769576609323,0,False
topology_destroyed_control,3103,1,epsilon,beta,-0.00214472271579,0,False
topology_destroyed_control,3103,1,epsilon,gamma,-0.070147358772,0,False
topology_destroyed_control,3103,1,epsilon,delta,-0.0547826152469,-1,False
topology_destroyed_control,3103,1,epsilon,epsilon,8.26097996536e-20,0,False
topology_destroyed_control,3103,1,epsilon,zeta,-0.0703521295152,1,True
topology_destroyed_control,3103,1,zeta,alpha,-0.0423703713728,1,False
topology_destroyed_control,3103,1,zeta,beta,-0.0320462557907,0,False
topology_destroyed_control,3103,1,zeta,gamma,0.173036748233,0.35,False
topology_destroyed_control,3103,1,zeta,delta,0.0887771932662,0,False
topology_destroyed_control,3103,1,zeta,epsilon,0.0703521295152,-1,False
topology_destroyed_control,3103,1,zeta,zeta,0,0,False
topology_destroyed_control,3103,2,alpha,alpha,-1.08302803873e-19,0,False
topology_destroyed_control,3103,2,alpha,beta,-0.127108740356,1,True
topology_destroyed_control,3103,2,alpha,gamma,-0.112784179711,0,False
topology_destroyed_control,3103,2,alpha,delta,0.0820670060995,0.45,False
topology_destroyed_control,3103,2,alpha,epsilon,-0.0813118619489,0,False
topology_destroyed_control,3103,2,alpha,zeta,0.0678055569629,-1,False
topology_destroyed_control,3103,2,beta,alpha,0.127108740356,-1,False
topology_destroyed_control,3103,2,beta,beta,-8.62125833499e-19,0,False
topology_destroyed_control,3103,2,beta,gamma,-0.121816328427,1,False
topology_destroyed_control,3103,2,beta,delta,0.00599572093956,0,False
topology_destroyed_control,3103,2,beta,epsilon,0.10869174859,0,False
topology_destroyed_control,3103,2,beta,zeta,0.17414913247,0,False
topology_destroyed_control,3103,2,gamma,alpha,0.112784179711,0,False
topology_destroyed_control,3103,2,gamma,beta,0.121816328427,-1,False
topology_destroyed_control,3103,2,gamma,gamma,2.16945666211e-19,0,False
topology_destroyed_control,3103,2,gamma,delta,-0.140793333214,1,True
topology_destroyed_control,3103,2,gamma,epsilon,0.117515734973,0,False
topology_destroyed_control,3103,2,gamma,zeta,0.0160663079861,-0.35,False
topology_destroyed_control,3103,2,delta,alpha,-0.0820670060995,-0.45,False
topology_destroyed_control,3103,2,delta,beta,-0.00599572093956,0,False
topology_destroyed_control,3103,2,delta,gamma,0.140793333214,-1,False
topology_destroyed_control,3103,2,delta,delta,2.20367809906e-19,0,False
topology_destroyed_control,3103,2,delta,epsilon,-0.122094182637,1,False
topology_destroyed_control,3103,2,delta,zeta,0.0960220830008,0,False
topology_destroyed_control,3103,2,epsilon,alpha,0.0813118619489,0,False
topology_destroyed_control,3103,2,epsilon,beta,-0.10869174859,0,False
topology_destroyed_control,3103,2,epsilon,gamma,-0.117515734973,0,False
topology_destroyed_control,3103,2,epsilon,delta,0.122094182637,-1,False
topology_destroyed_control,3103,2,epsilon,epsilon,1.0896147348e-19,0,False
topology_destroyed_control,3103,2,epsilon,zeta,0.125601254673,1,True
topology_destroyed_control,3103,2,zeta,alpha,-0.0678055569629,1,False
topology_destroyed_control,3103,2,zeta,beta,-0.17414913247,0,False
topology_destroyed_control,3103,2,zeta,gamma,-0.0160663079861,0.35,False
topology_destroyed_control,3103,2,zeta,delta,-0.0960220830008,0,False
topology_destroyed_control,3103,2,zeta,epsilon,-0.125601254673,-1,False
topology_destroyed_control,3103,2,zeta,zeta,0,0,False
topology_destroyed_control,3103,3,alpha,alpha,0,0,False
topology_destroyed_control,3103,3,alpha,beta,0.127928614334,1,True
topology_destroyed_control,3103,3,alpha,gamma,0.0397442164255,0,False
topology_destroyed_control,3103,3,alpha,delta,-0.00821548566604,0.45,False
topology_destroyed_control,3103,3,alpha,epsilon,-0.00366177764087,0,False
topology_destroyed_control,3103,3,alpha,zeta,0.175039503031,-1,False
topology_destroyed_control,3103,3,beta,alpha,-0.127928614334,-1,False
topology_destroyed_control,3103,3,beta,beta,0,0,False
topology_destroyed_control,3103,3,beta,gamma,-0.040423657668,1,False
topology_destroyed_control,3103,3,beta,delta,-0.124265104734,0,False
topology_destroyed_control,3103,3,beta,epsilon,0.00722067518001,0,False
topology_destroyed_control,3103,3,beta,zeta,-0.0115380164781,0,False
topology_destroyed_control,3103,3,gamma,alpha,-0.0397442164255,0,False
topology_destroyed_control,3103,3,gamma,beta,0.040423657668,-1,False
topology_destroyed_control,3103,3,gamma,gamma,0,0,False
topology_destroyed_control,3103,3,gamma,delta,0.171324159248,1,True
topology_destroyed_control,3103,3,gamma,epsilon,-0.0382750405506,0,False
topology_destroyed_control,3103,3,gamma,zeta,-0.0957968506309,-0.35,False
topology_destroyed_control,3103,3,delta,alpha,0.00821548566604,-0.45,False
topology_destroyed_control,3103,3,delta,beta,0.124265104734,0,False
topology_destroyed_control,3103,3,delta,gamma,-0.171324159248,-1,False
topology_destroyed_control,3103,3,delta,delta,0,0,False
topology_destroyed_control,3103,3,delta,epsilon,0.127459494068,1,False
topology_destroyed_control,3103,3,delta,zeta,0.0761015772366,0,False
topology_destroyed_control,3103,3,epsilon,alpha,0.00366177764087,0,False
topology_destroyed_control,3103,3,epsilon,beta,-0.00722067518001,0,False
topology_destroyed_control,3103,3,epsilon,gamma,0.0382750405506,0,False
topology_destroyed_control,3103,3,epsilon,delta,-0.127459494068,-1,False
topology_destroyed_control,3103,3,epsilon,epsilon,0,0,False
topology_destroyed_control,3103,3,epsilon,zeta,0.0682582754313,1,True
topology_destroyed_control,3103,3,zeta,alpha,-0.175039503031,1,False
topology_destroyed_control,3103,3,zeta,beta,0.0115380164781,0,False
topology_destroyed_control,3103,3,zeta,gamma,0.0957968506309,0.35,False
topology_destroyed_control,3103,3,zeta,delta,-0.0761015772366,0,False
topology_destroyed_control,3103,3,zeta,epsilon,-0.0682582754313,-1,False
topology_destroyed_control,3103,3,zeta,zeta,-4.33157773912e-19,0,False
refinement_broken_control,3101,0,alpha,alpha,7.02682556178e-18,0,False
refinement_broken_control,3101,0,alpha,beta,0.920682503989,1,True
refinement_broken_control,3101,0,alpha,gamma,-0.000305434466246,0,False
refinement_broken_control,3101,0,alpha,delta,0.438125570643,0.45,False
refinement_broken_control,3101,0,alpha,epsilon,-0.0179876846224,0,False
refinement_broken_control,3101,0,alpha,zeta,-0.989927275165,-1,False
refinement_broken_control,3101,0,beta,alpha,-0.920682503989,-1,False
refinement_broken_control,3101,0,beta,beta,-6.4531557694e-18,0,False
refinement_broken_control,3101,0,beta,gamma,1.11574014185,1,False
refinement_broken_control,3101,0,beta,delta,-0.0101863915061,0,False
refinement_broken_control,3101,0,beta,epsilon,-0.0973674481122,0,False
refinement_broken_control,3101,0,beta,zeta,-0.10970046114,0,False
refinement_broken_control,3101,0,gamma,alpha,0.000305434466246,0,False
refinement_broken_control,3101,0,gamma,beta,-1.11574014185,-1,False
refinement_broken_control,3101,0,gamma,gamma,0,0,False
refinement_broken_control,3101,0,gamma,delta,0.991944212807,1,True
refinement_broken_control,3101,0,gamma,epsilon,-0.0124400354075,0,False
refinement_broken_control,3101,0,gamma,zeta,-0.375546981618,-0.35,False
refinement_broken_control,3101,0,delta,alpha,-0.438125570643,-0.45,False
refinement_broken_control,3101,0,delta,beta,0.0101863915061,0,False
refinement_broken_control,3101,0,delta,gamma,-0.991944212807,-1,False
refinement_broken_control,3101,0,delta,delta,0,0,False
refinement_broken_control,3101,0,delta,epsilon,0.984312821221,1,False
refinement_broken_control,3101,0,delta,zeta,-0.0438122509835,0,False
refinement_broken_control,3101,0,epsilon,alpha,0.0179876846224,0,False
refinement_broken_control,3101,0,epsilon,beta,0.0973674481122,0,False
refinement_broken_control,3101,0,epsilon,gamma,0.0124400354075,0,False
refinement_broken_control,3101,0,epsilon,delta,-0.984312821221,-1,False
refinement_broken_control,3101,0,epsilon,epsilon,0,0,False
refinement_broken_control,3101,0,epsilon,zeta,1.05784971566,1,True
refinement_broken_control,3101,0,zeta,alpha,0.989927275165,1,False
refinement_broken_control,3101,0,zeta,beta,0.10970046114,0,False
refinement_broken_control,3101,0,zeta,gamma,0.375546981618,0.35,False
refinement_broken_control,3101,0,zeta,delta,0.0438122509835,0,False
refinement_broken_control,3101,0,zeta,epsilon,-1.05784971566,-1,False
refinement_broken_control,3101,0,zeta,zeta,0,0,False
refinement_broken_control,3101,1,alpha,alpha,1.82342663279e-18,0,False
refinement_broken_control,3101,1,alpha,beta,-1.09682084922,1,True
refinement_broken_control,3101,1,alpha,gamma,-0.11609311381,0,False
refinement_broken_control,3101,1,alpha,delta,1.0544135181,0.45,False
refinement_broken_control,3101,1,alpha,epsilon,0.0617393600042,0,False
refinement_broken_control,3101,1,alpha,zeta,-0.376015804474,-1,False
refinement_broken_control,3101,1,beta,alpha,1.09682084922,-1,False
refinement_broken_control,3101,1,beta,beta,-1.0667422683e-17,0,False
refinement_broken_control,3101,1,beta,gamma,-0.0517407633928,1,False
refinement_broken_control,3101,1,beta,delta,-0.127997317425,0,False
refinement_broken_control,3101,1,beta,epsilon,-0.904009762597,0,False
refinement_broken_control,3101,1,beta,zeta,0.0145117762727,0,False
refinement_broken_control,3101,1,gamma,alpha,0.11609311381,0,False
refinement_broken_control,3101,1,gamma,beta,0.0517407633928,-1,False
refinement_broken_control,3101,1,gamma,gamma,-7.10430915727e-18,0,False
refinement_broken_control,3101,1,gamma,delta,-0.947335116385,1,True
refinement_broken_control,3101,1,gamma,epsilon,0.16597314784,0,False
refinement_broken_control,3101,1,gamma,zeta,0.94650690254,-0.35,False
refinement_broken_control,3101,1,delta,alpha,-1.0544135181,-0.45,False
refinement_broken_control,3101,1,delta,beta,0.127997317425,0,False
refinement_broken_control,3101,1,delta,gamma,0.947335116385,-1,False
refinement_broken_control,3101,1,delta,delta,-1.26331530772e-17,0,False
refinement_broken_control,3101,1,delta,epsilon,-0.448289470102,1,False
refinement_broken_control,3101,1,delta,zeta,-0.0201392963008,0,False
refinement_broken_control,3101,1,epsilon,alpha,-0.0617393600042,0,False
refinement_broken_control,3101,1,epsilon,beta,0.904009762597,0,False
refinement_broken_control,3101,1,epsilon,gamma,-0.16597314784,0,False
refinement_broken_control,3101,1,epsilon,delta,0.448289470102,-1,False
refinement_broken_control,3101,1,epsilon,epsilon,-7.54964048614e-18,0,False
refinement_broken_control,3101,1,epsilon,zeta,-0.948046741951,1,True
refinement_broken_control,3101,1,zeta,alpha,0.376015804474,1,False
refinement_broken_control,3101,1,zeta,beta,-0.0145117762727,0,False
refinement_broken_control,3101,1,zeta,gamma,-0.94650690254,0.35,False
refinement_broken_control,3101,1,zeta,delta,0.0201392963008,0,False
refinement_broken_control,3101,1,zeta,epsilon,0.948046741951,-1,False
refinement_broken_control,3101,1,zeta,zeta,-1.31456846902e-17,0,False
refinement_broken_control,3101,2,alpha,alpha,1.74964772483e-18,0,False
refinement_broken_control,3101,2,alpha,beta,0.000835223194239,1,True
refinement_broken_control,3101,2,alpha,gamma,0.109631253422,0,False
refinement_broken_control,3101,2,alpha,delta,-1.04489952634,0.45,False
refinement_broken_control,3101,2,alpha,epsilon,0.360259612997,0,False
refinement_broken_control,3101,2,alpha,zeta,1.04116284166,-1,False
refinement_broken_control,3101,2,beta,alpha,-0.000835223194239,-1,False
refinement_broken_control,3101,2,beta,beta,7.60972669832e-18,0,False
refinement_broken_control,3101,2,beta,gamma,0.00954506673215,1,False
refinement_broken_control,3101,2,beta,delta,1.08291253847,0,False
refinement_broken_control,3101,2,beta,epsilon,-0.961270696127,0,False
refinement_broken_control,3101,2,beta,zeta,-0.524725077442,0,False
refinement_broken_control,3101,2,gamma,alpha,-0.109631253422,0,False
refinement_broken_control,3101,2,gamma,beta,-0.00954506673215,-1,False
refinement_broken_control,3101,2,gamma,gamma,0,0,False
refinement_broken_control,3101,2,gamma,delta,-0.0271860090532,1,True
refinement_broken_control,3101,2,gamma,epsilon,0.994300794493,0,False
refinement_broken_control,3101,2,gamma,zeta,-1.05933826829,-0.35,False
refinement_broken_control,3101,2,delta,alpha,1.04489952634,-0.45,False
refinement_broken_control,3101,2,delta,beta,-1.08291253847,0,False
refinement_broken_control,3101,2,delta,gamma,0.0271860090532,-1,False
refinement_broken_control,3101,2,delta,delta,0,0,False
refinement_broken_control,3101,2,delta,epsilon,0.0230032674497,1,False
refinement_broken_control,3101,2,delta,zeta,-0.164155321837,0,False
refinement_broken_control,3101,2,epsilon,alpha,-0.360259612997,0,False
refinement_broken_control,3101,2,epsilon,beta,0.961270696127,0,False
refinement_broken_control,3101,2,epsilon,gamma,-0.994300794493,0,False
refinement_broken_control,3101,2,epsilon,delta,-0.0230032674497,-1,False
refinement_broken_control,3101,2,epsilon,epsilon,0,0,False
refinement_broken_control,3101,2,epsilon,zeta,0.134381867781,1,True
refinement_broken_control,3101,2,zeta,alpha,-1.04116284166,1,False
refinement_broken_control,3101,2,zeta,beta,0.524725077442,0,False
refinement_broken_control,3101,2,zeta,gamma,1.05933826829,0.35,False
refinement_broken_control,3101,2,zeta,delta,0.164155321837,0,False
refinement_broken_control,3101,2,zeta,epsilon,-0.134381867781,-1,False
refinement_broken_control,3101,2,zeta,zeta,1.41231074033e-17,0,False
refinement_broken_control,3101,3,alpha,alpha,3.55472674294e-18,0,False
refinement_broken_control,3101,3,alpha,beta,0.0303379291465,1,True
refinement_broken_control,3101,3,alpha,gamma,-1.05107836246,0,False
refinement_broken_control,3101,3,alpha,delta,-0.0813906603594,0.45,False
refinement_broken_control,3101,3,alpha,epsilon,0.0721096842996,0,False
refinement_broken_control,3101,3,alpha,zeta,0.917558468971,-1,False
refinement_broken_control,3101,3,beta,alpha,-0.0303379291465,-1,False
refinement_broken_control,3101,3,beta,beta,0,0,False
refinement_broken_control,3101,3,beta,gamma,0.0475621222941,1,False
refinement_broken_control,3101,3,beta,delta,1.04746166157,0,False
refinement_broken_control,3101,3,beta,epsilon,-1.00852438541,0,False
refinement_broken_control,3101,3,beta,zeta,0.0623616280998,0,False
refinement_broken_control,3101,3,gamma,alpha,1.05107836246,0,False
refinement_broken_control,3101,3,gamma,beta,-0.0475621222941,-1,False
refinement_broken_control,3101,3,gamma,gamma,-1.36630723741e-17,0,False
refinement_broken_control,3101,3,gamma,delta,-1.07223355773,1,True
refinement_broken_control,3101,3,gamma,epsilon,0.391784771648,0,False
refinement_broken_control,3101,3,gamma,zeta,0.0260445568979,-0.35,False
refinement_broken_control,3101,3,delta,alpha,0.0813906603594,-0.45,False
refinement_broken_control,3101,3,delta,beta,-1.04746166157,0,False
refinement_broken_control,3101,3,delta,gamma,1.07223355773,-1,False
refinement_broken_control,3101,3,delta,delta,0,0,False
refinement_broken_control,3101,3,delta,epsilon,-0.047959846588,1,False
refinement_broken_control,3101,3,delta,zeta,0.257705398426,0,False
refinement_broken_control,3101,3,epsilon,alpha,-0.0721096842996,0,False
refinement_broken_control,3101,3,epsilon,beta,1.00852438541,0,False
refinement_broken_control,3101,3,epsilon,gamma,-0.391784771648,0,False
refinement_broken_control,3101,3,epsilon,delta,0.047959846588,-1,False
refinement_broken_control,3101,3,epsilon,epsilon,-7.9509009637e-18,0,False
refinement_broken_control,3101,3,epsilon,zeta,-0.961301877633,1,True
refinement_broken_control,3101,3,zeta,alpha,-0.917558468971,1,False
refinement_broken_control,3101,3,zeta,beta,-0.0623616280998,0,False
refinement_broken_control,3101,3,zeta,gamma,-0.0260445568979,0.35,False
refinement_broken_control,3101,3,zeta,delta,-0.257705398426,0,False
refinement_broken_control,3101,3,zeta,epsilon,0.961301877633,-1,False
refinement_broken_control,3101,3,zeta,zeta,6.96278196652e-18,0,False
refinement_broken_control,3102,0,alpha,alpha,0,0,False
refinement_broken_control,3102,0,alpha,beta,1.01525579519,1,True
refinement_broken_control,3102,0,alpha,gamma,0.119882288539,0,False
refinement_broken_control,3102,0,alpha,delta,0.543633627503,0.45,False
refinement_broken_control,3102,0,alpha,epsilon,-0.00417876631288,0,False
refinement_broken_control,3102,0,alpha,zeta,-1.05377429112,-1,False
refinement_broken_control,3102,0,beta,alpha,-1.01525579519,-1,False
refinement_broken_control,3102,0,beta,beta,-1.45012773597e-17,0,False
refinement_broken_control,3102,0,beta,gamma,0.992889276364,1,False
refinement_broken_control,3102,0,beta,delta,-0.0230899845884,0,False
refinement_broken_control,3102,0,beta,epsilon,0.0797276319039,0,False
refinement_broken_control,3102,0,beta,zeta,-0.00417608262435,0,False
refinement_broken_control,3102,0,gamma,alpha,-0.119882288539,0,False
refinement_broken_control,3102,0,gamma,beta,-0.992889276364,-1,False
refinement_broken_control,3102,0,gamma,gamma,-1.33953690333e-17,0,False
refinement_broken_control,3102,0,gamma,delta,0.972324300413,1,True
refinement_broken_control,3102,0,gamma,epsilon,0.0139949320074,0,False
refinement_broken_control,3102,0,gamma,zeta,-0.482056203014,-0.35,False
refinement_broken_control,3102,0,delta,alpha,-0.543633627503,-0.45,False
refinement_broken_control,3102,0,delta,beta,0.0230899845884,0,False
refinement_broken_control,3102,0,delta,gamma,-0.972324300413,-1,False
refinement_broken_control,3102,0,delta,delta,7.47973898278e-18,0,False
refinement_broken_control,3102,0,delta,epsilon,0.978501489267,1,False
refinement_broken_control,3102,0,delta,zeta,0.160693250746,0,False
refinement_broken_control,3102,0,epsilon,alpha,0.00417876631288,0,False
refinement_broken_control,3102,0,epsilon,beta,-0.0797276319039,0,False
refinement_broken_control,3102,0,epsilon,gamma,-0.0139949320074,0,False
refinement_broken_control,3102,0,epsilon,delta,-0.978501489267,-1,False
refinement_broken_control,3102,0,epsilon,epsilon,0,0,False
refinement_broken_control,3102,0,epsilon,zeta,1.09319962928,1,True
refinement_broken_control,3102,0,zeta,alpha,1.05377429112,1,False
refinement_broken_control,3102,0,zeta,beta,0.00417608262435,0,False
refinement_broken_control,3102,0,zeta,gamma,0.482056203014,0.35,False
refinement_broken_control,3102,0,zeta,delta,-0.160693250746,0,False
refinement_broken_control,3102,0,zeta,epsilon,-1.09319962928,-1,False
refinement_broken_control,3102,0,zeta,zeta,0,0,False
refinement_broken_control,3102,1,alpha,alpha,-7.15534265585e-18,0,False
refinement_broken_control,3102,1,alpha,beta,-0.980940700363,1,True
refinement_broken_control,3102,1,alpha,gamma,-0.151609038594,0,False
refinement_broken_control,3102,1,alpha,delta,1.04739869186,0.45,False
refinement_broken_control,3102,1,alpha,epsilon,0.0830663630758,0,False
refinement_broken_control,3102,1,alpha,zeta,-0.28294056588,-1,False
refinement_broken_control,3102,1,beta,alpha,0.980940700363,-1,False
refinement_broken_control,3102,1,beta,beta,0,0,False
refinement_broken_control,3102,1,beta,gamma,0.0216933577822,1,False
refinement_broken_control,3102,1,beta,delta,0.0486075489004,0,False
refinement_broken_control,3102,1,beta,epsilon,-0.957744172604,0,False
refinement_broken_control,3102,1,beta,zeta,-0.0602650413025,0,False
refinement_broken_control,3102,1,gamma,alpha,0.151609038594,0,False
refinement_broken_control,3102,1,gamma,beta,-0.0216933577822,-1,False
refinement_broken_control,3102,1,gamma,gamma,6.32628549985e-18,0,False
refinement_broken_control,3102,1,gamma,delta,-0.951616499772,1,True
refinement_broken_control,3102,1,gamma,epsilon,0.0740639656098,0,False
refinement_broken_control,3102,1,gamma,zeta,1.01195962643,-0.35,False
refinement_broken_control,3102,1,delta,alpha,-1.04739869186,-0.45,False
refinement_broken_control,3102,1,delta,beta,-0.0486075489004,0,False
refinement_broken_control,3102,1,delta,gamma,0.951616499772,-1,False
refinement_broken_control,3102,1,delta,delta,0,0,False
refinement_broken_control,3102,1,delta,epsilon,-0.422066786532,1,False
refinement_broken_control,3102,1,delta,zeta,0.079418471878,0,False
refinement_broken_control,3102,1,epsilon,alpha,-0.0830663630758,0,False
refinement_broken_control,3102,1,epsilon,beta,0.957744172604,0,False
refinement_broken_control,3102,1,epsilon,gamma,-0.0740639656098,0,False
refinement_broken_control,3102,1,epsilon,delta,0.422066786532,-1,False
refinement_broken_control,3102,1,epsilon,epsilon,0,0,False
refinement_broken_control,3102,1,epsilon,zeta,-0.986632045898,1,True
refinement_broken_control,3102,1,zeta,alpha,0.28294056588,1,False
refinement_broken_control,3102,1,zeta,beta,0.0602650413025,0,False
refinement_broken_control,3102,1,zeta,gamma,-1.01195962643,0.35,False
refinement_broken_control,3102,1,zeta,delta,-0.079418471878,0,False
refinement_broken_control,3102,1,zeta,epsilon,0.986632045898,-1,False
refinement_broken_control,3102,1,zeta,zeta,-4.70723467751e-18,0,False
refinement_broken_control,3102,2,alpha,alpha,-6.75829086921e-18,0,False
refinement_broken_control,3102,2,alpha,beta,0.0299678448683,1,True
refinement_broken_control,3102,2,alpha,gamma,0.0909426009462,0,False
refinement_broken_control,3102,2,alpha,delta,-0.929693105407,0.45,False
refinement_broken_control,3102,2,alpha,epsilon,0.350763620723,0,False
refinement_broken_control,3102,2,alpha,zeta,1.04910214812,-1,False
refinement_broken_control,3102,2,beta,alpha,-0.0299678448683,-1,False
refinement_broken_control,3102,2,beta,beta,-3.25125916616e-18,0,False
refinement_broken_control,3102,2,beta,gamma,-0.0104108299535,1,False
refinement_broken_control,3102,2,beta,delta,1.0364767602,0,False
refinement_broken_control,3102,2,beta,epsilon,-0.985801648387,0,False
refinement_broken_control,3102,2,beta,zeta,-0.420415817772,0,False
refinement_broken_control,3102,2,gamma,alpha,-0.0909426009462,0,False
refinement_broken_control,3102,2,gamma,beta,0.0104108299535,-1,False
refinement_broken_control,3102,2,gamma,gamma,6.37406804709e-18,0,False
refinement_broken_control,3102,2,gamma,delta,-0.0675881376899,1,True
refinement_broken_control,3102,2,gamma,epsilon,1.01933151391,0,False
refinement_broken_control,3102,2,gamma,zeta,-1.01938151895,-0.35,False
refinement_broken_control,3102,2,delta,alpha,0.929693105407,-0.45,False
refinement_broken_control,3102,2,delta,beta,-1.0364767602,0,False
refinement_broken_control,3102,2,delta,gamma,0.0675881376899,-1,False
refinement_broken_control,3102,2,delta,delta,0,0,False
refinement_broken_control,3102,2,delta,epsilon,0.0442565199758,1,False
refinement_broken_control,3102,2,delta,zeta,0.0520611921831,0,False
refinement_broken_control,3102,2,epsilon,alpha,-0.350763620723,0,False
refinement_broken_control,3102,2,epsilon,beta,0.985801648387,0,False
refinement_broken_control,3102,2,epsilon,gamma,-1.01933151391,0,False
refinement_broken_control,3102,2,epsilon,delta,-0.0442565199758,-1,False
refinement_broken_control,3102,2,epsilon,epsilon,3.32651982785e-18,0,False
refinement_broken_control,3102,2,epsilon,zeta,0.0251386067343,1,True
refinement_broken_control,3102,2,zeta,alpha,-1.04910214812,1,False
refinement_broken_control,3102,2,zeta,beta,0.420415817772,0,False
refinement_broken_control,3102,2,zeta,gamma,1.01938151895,0.35,False
refinement_broken_control,3102,2,zeta,delta,-0.0520611921831,0,False
refinement_broken_control,3102,2,zeta,epsilon,-0.0251386067343,-1,False
refinement_broken_control,3102,2,zeta,zeta,0,0,False
refinement_broken_control,3102,3,alpha,alpha,-1.87298357918e-18,0,False
refinement_broken_control,3102,3,alpha,beta,-0.041117153755,1,True
refinement_broken_control,3102,3,alpha,gamma,-1.09228662763,0,False
refinement_broken_control,3102,3,alpha,delta,-0.00544697197341,0.45,False
refinement_broken_control,3102,3,alpha,epsilon,0.128980459042,0,False
refinement_broken_control,3102,3,alpha,zeta,1.00545030652,-1,False
refinement_broken_control,3102,3,beta,alpha,0.041117153755,-1,False
refinement_broken_control,3102,3,beta,beta,6.3452219314e-18,0,False
refinement_broken_control,3102,3,beta,gamma,0.0710072009637,1,False
refinement_broken_control,3102,3,beta,delta,0.96107921827,0,False
refinement_broken_control,3102,3,beta,epsilon,-1.004091187,0,False
refinement_broken_control,3102,3,beta,zeta,0.105138600913,0,False
refinement_broken_control,3102,3,gamma,alpha,1.09228662763,0,False
refinement_broken_control,3102,3,gamma,beta,-0.0710072009637,-1,False
refinement_broken_control,3102,3,gamma,gamma,3.46016473229e-18,0,False
refinement_broken_control,3102,3,gamma,delta,-0.98061148172,1,True
refinement_broken_control,3102,3,gamma,epsilon,0.293896379944,0,False
refinement_broken_control,3102,3,gamma,zeta,0.00874884272577,-0.35,False
refinement_broken_control,3102,3,delta,alpha,0.00544697197341,-0.45,False
refinement_broken_control,3102,3,delta,beta,-0.96107921827,0,False
refinement_broken_control,3102,3,delta,gamma,0.98061148172,-1,False
refinement_broken_control,3102,3,delta,delta,0,0,False
refinement_broken_control,3102,3,delta,epsilon,0.0541170491547,1,False
refinement_broken_control,3102,3,delta,zeta,0.394446179634,0,False
refinement_broken_control,3102,3,epsilon,alpha,-0.128980459042,0,False
refinement_broken_control,3102,3,epsilon,beta,1.004091187,0,False
refinement_broken_control,3102,3,epsilon,gamma,-0.293896379944,0,False
refinement_broken_control,3102,3,epsilon,delta,-0.0541170491547,-1,False
refinement_broken_control,3102,3,epsilon,epsilon,0,0,False
refinement_broken_control,3102,3,epsilon,zeta,-1.07097422405,1,True
refinement_broken_control,3102,3,zeta,alpha,-1.00545030652,1,False
refinement_broken_control,3102,3,zeta,beta,-0.105138600913,0,False
refinement_broken_control,3102,3,zeta,gamma,-0.00874884272577,0.35,False
refinement_broken_control,3102,3,zeta,delta,-0.394446179634,0,False
refinement_broken_control,3102,3,zeta,epsilon,1.07097422405,-1,False
refinement_broken_control,3102,3,zeta,zeta,3.40640163088e-18,0,False
refinement_broken_control,3103,0,alpha,alpha,6.79552727567e-18,0,False
refinement_broken_control,3103,0,alpha,beta,1.02685545266,1,True
refinement_broken_control,3103,0,alpha,gamma,0.0469493297182,0,False
refinement_broken_control,3103,0,alpha,delta,0.574314171101,0.45,False
refinement_broken_control,3103,0,alpha,epsilon,-0.0540260852541,0,False
refinement_broken_control,3103,0,alpha,zeta,-1.11378919298,-1,False
refinement_broken_control,3103,0,beta,alpha,-1.02685545266,-1,False
refinement_broken_control,3103,0,beta,beta,-3.77256522443e-18,0,False
refinement_broken_control,3103,0,beta,gamma,1.01411660806,1,False
refinement_broken_control,3103,0,beta,delta,0.181801349173,0,False
refinement_broken_control,3103,0,beta,epsilon,0.0448174616649,0,False
refinement_broken_control,3103,0,beta,zeta,-0.0579151309929,0,False
refinement_broken_control,3103,0,gamma,alpha,-0.0469493297182,0,False
refinement_broken_control,3103,0,gamma,beta,-1.01411660806,-1,False
refinement_broken_control,3103,0,gamma,gamma,1.48707991079e-17,0,False
refinement_broken_control,3103,0,gamma,delta,0.941508114691,1,True
refinement_broken_control,3103,0,gamma,epsilon,-0.0319208147257,0,False
refinement_broken_control,3103,0,gamma,zeta,-0.324409519321,-0.35,False
refinement_broken_control,3103,0,delta,alpha,-0.574314171101,-0.45,False
refinement_broken_control,3103,0,delta,beta,-0.181801349173,0,False
refinement_broken_control,3103,0,delta,gamma,-0.941508114691,-1,False
refinement_broken_control,3103,0,delta,delta,0,0,False
refinement_broken_control,3103,0,delta,epsilon,1.04926619615,1,False
refinement_broken_control,3103,0,delta,zeta,-0.0542947502825,0,False
refinement_broken_control,3103,0,epsilon,alpha,0.0540260852541,0,False
refinement_broken_control,3103,0,epsilon,beta,-0.0448174616649,0,False
refinement_broken_control,3103,0,epsilon,gamma,0.0319208147257,0,False
refinement_broken_control,3103,0,epsilon,delta,-1.04926619615,-1,False
refinement_broken_control,3103,0,epsilon,epsilon,0,0,False
refinement_broken_control,3103,0,epsilon,zeta,1.00850503213,1,True
refinement_broken_control,3103,0,zeta,alpha,1.11378919298,1,False
refinement_broken_control,3103,0,zeta,beta,0.0579151309929,0,False
refinement_broken_control,3103,0,zeta,gamma,0.324409519321,0.35,False
refinement_broken_control,3103,0,zeta,delta,0.0542947502825,0,False
refinement_broken_control,3103,0,zeta,epsilon,-1.00850503213,-1,False
refinement_broken_control,3103,0,zeta,zeta,0,0,False
refinement_broken_control,3103,1,alpha,alpha,0,0,False
refinement_broken_control,3103,1,alpha,beta,-1.00970645037,1,True
refinement_broken_control,3103,1,alpha,gamma,0.0439804365528,0,False
refinement_broken_control,3103,1,alpha,delta,0.978858821924,0.45,False
refinement_broken_control,3103,1,alpha,epsilon,0.00413956383262,0,False
refinement_broken_control,3103,1,alpha,zeta,-0.253197968468,-1,False
refinement_broken_control,3103,1,beta,alpha,1.00970645037,-1,False
refinement_broken_control,3103,1,beta,beta,0,0,False
refinement_broken_control,3103,1,beta,gamma,-0.0169071162756,1,False
refinement_broken_control,3103,1,beta,delta,0.106429486686,0,False
refinement_broken_control,3103,1,beta,epsilon,-0.905999517583,0,False
refinement_broken_control,3103,1,beta,zeta,-0.0615600350278,0,False
refinement_broken_control,3103,1,gamma,alpha,-0.0439804365528,0,False
refinement_broken_control,3103,1,gamma,beta,0.0169071162756,-1,False
refinement_broken_control,3103,1,gamma,gamma,0,0,False
refinement_broken_control,3103,1,gamma,delta,-1.06266051938,1,True
refinement_broken_control,3103,1,gamma,epsilon,0.0115441993722,0,False
refinement_broken_control,3103,1,gamma,zeta,0.972808773263,-0.35,False
refinement_broken_control,3103,1,delta,alpha,-0.978858821924,-0.45,False
refinement_broken_control,3103,1,delta,beta,-0.106429486686,0,False
refinement_broken_control,3103,1,delta,gamma,1.06266051938,-1,False
refinement_broken_control,3103,1,delta,delta,4.73814029119e-18,0,False
refinement_broken_control,3103,1,delta,epsilon,-0.50342025611,1,False
refinement_broken_control,3103,1,delta,zeta,0.00215290095117,0,False
refinement_broken_control,3103,1,epsilon,alpha,-0.00413956383262,0,False
refinement_broken_control,3103,1,epsilon,beta,0.905999517583,0,False
refinement_broken_control,3103,1,epsilon,gamma,-0.0115441993722,0,False
refinement_broken_control,3103,1,epsilon,delta,0.50342025611,-1,False
refinement_broken_control,3103,1,epsilon,epsilon,0,0,False
refinement_broken_control,3103,1,epsilon,zeta,-0.932755282003,1,True
refinement_broken_control,3103,1,zeta,alpha,0.253197968468,1,False
refinement_broken_control,3103,1,zeta,beta,0.0615600350278,0,False
refinement_broken_control,3103,1,zeta,gamma,-0.972808773263,0.35,False
refinement_broken_control,3103,1,zeta,delta,-0.00215290095117,0,False
refinement_broken_control,3103,1,zeta,epsilon,0.932755282003,-1,False
refinement_broken_control,3103,1,zeta,zeta,0,0,False
refinement_broken_control,3103,2,alpha,alpha,0,0,False
refinement_broken_control,3103,2,alpha,beta,-0.154190553927,1,True
refinement_broken_control,3103,2,alpha,gamma,-0.053037614037,0,False
refinement_broken_control,3103,2,alpha,delta,-1.05675927222,0.45,False
refinement_broken_control,3103,2,alpha,epsilon,0.300116804466,0,False
refinement_broken_control,3103,2,alpha,zeta,1.0007940064,-1,False
refinement_broken_control,3103,2,beta,alpha,0.154190553927,-1,False
refinement_broken_control,3103,2,beta,beta,0,0,False
refinement_broken_control,3103,2,beta,gamma,-0.106976319169,1,False
refinement_broken_control,3103,2,beta,delta,0.956509407491,0,False
refinement_broken_control,3103,2,beta,epsilon,-0.896576448698,0,False
refinement_broken_control,3103,2,beta,zeta,-0.400842503084,0,False
refinement_broken_control,3103,2,gamma,alpha,0.053037614037,0,False
refinement_broken_control,3103,2,gamma,beta,0.106976319169,-1,False
refinement_broken_control,3103,2,gamma,gamma,0,0,False
refinement_broken_control,3103,2,gamma,delta,0.0387639180951,1,True
refinement_broken_control,3103,2,gamma,epsilon,1.07392526698,0,False
refinement_broken_control,3103,2,gamma,zeta,-0.964274558567,-0.35,False
refinement_broken_control,3103,2,delta,alpha,1.05675927222,-0.45,False
refinement_broken_control,3103,2,delta,beta,-0.956509407491,0,False
refinement_broken_control,3103,2,delta,gamma,-0.0387639180951,-1,False
refinement_broken_control,3103,2,delta,delta,0,0,False
refinement_broken_control,3103,2,delta,epsilon,0.0526769240859,1,False
refinement_broken_control,3103,2,delta,zeta,0.0980601439425,0,False
refinement_broken_control,3103,2,epsilon,alpha,-0.300116804466,0,False
refinement_broken_control,3103,2,epsilon,beta,0.896576448698,0,False
refinement_broken_control,3103,2,epsilon,gamma,-1.07392526698,0,False
refinement_broken_control,3103,2,epsilon,delta,-0.0526769240859,-1,False
refinement_broken_control,3103,2,epsilon,epsilon,1.71038013323e-18,0,False
refinement_broken_control,3103,2,epsilon,zeta,-0.00596700065905,1,True
refinement_broken_control,3103,2,zeta,alpha,-1.0007940064,1,False
refinement_broken_control,3103,2,zeta,beta,0.400842503084,0,False
refinement_broken_control,3103,2,zeta,gamma,0.964274558567,0.35,False
refinement_broken_control,3103,2,zeta,delta,-0.0980601439425,0,False
refinement_broken_control,3103,2,zeta,epsilon,0.00596700065905,-1,False
refinement_broken_control,3103,2,zeta,zeta,5.54543650891e-18,0,False
refinement_broken_control,3103,3,alpha,alpha,3.56857351877e-18,0,False
refinement_broken_control,3103,3,alpha,beta,0.0880918660549,1,True
refinement_broken_control,3103,3,alpha,gamma,-1.06828035312,0,False
refinement_broken_control,3103,3,alpha,delta,0.00851552762764,0.45,False
refinement_broken_control,3103,3,alpha,epsilon,0.00860520611834,0,False
refinement_broken_control,3103,3,alpha,zeta,0.992980977507,-1,False
refinement_broken_control,3103,3,beta,alpha,-0.0880918660549,-1,False
refinement_broken_control,3103,3,beta,beta,0,0,False
refinement_broken_control,3103,3,beta,gamma,-0.0582959138934,1,False
refinement_broken_control,3103,3,beta,delta,1.00458261335,0,False
refinement_broken_control,3103,3,beta,epsilon,-1.06701066696,0,False
refinement_broken_control,3103,3,beta,zeta,-0.162780034587,0,False
refinement_broken_control,3103,3,gamma,alpha,1.06828035312,0,False
refinement_broken_control,3103,3,gamma,beta,0.0582959138934,-1,False
refinement_broken_control,3103,3,gamma,gamma,-3.23539582177e-18,0,False
refinement_broken_control,3103,3,gamma,delta,-0.986607639194,1,True
refinement_broken_control,3103,3,gamma,epsilon,0.488647980395,0,False
refinement_broken_control,3103,3,gamma,zeta,0.00113904773342,-0.35,False
refinement_broken_control,3103,3,delta,alpha,-0.00851552762764,-0.45,False
refinement_broken_control,3103,3,delta,beta,-1.00458261335,0,False
refinement_broken_control,3103,3,delta,gamma,0.986607639194,-1,False
refinement_broken_control,3103,3,delta,delta,0,0,False
refinement_broken_control,3103,3,delta,epsilon,0.0371699561146,1,False
refinement_broken_control,3103,3,delta,zeta,0.335077765027,0,False
refinement_broken_control,3103,3,epsilon,alpha,-0.00860520611834,0,False
refinement_broken_control,3103,3,epsilon,beta,1.06701066696,0,False
refinement_broken_control,3103,3,epsilon,gamma,-0.488647980395,0,False
refinement_broken_control,3103,3,epsilon,delta,-0.0371699561146,-1,False
refinement_broken_control,3103,3,epsilon,epsilon,-6.44032286541e-18,0,False
refinement_broken_control,3103,3,epsilon,zeta,-0.943913872928,1,True
refinement_broken_control,3103,3,zeta,alpha,-0.992980977507,1,False
refinement_broken_control,3103,3,zeta,beta,0.162780034587,0,False
refinement_broken_control,3103,3,zeta,gamma,-0.00113904773342,0.35,False
refinement_broken_control,3103,3,zeta,delta,-0.335077765027,0,False
refinement_broken_control,3103,3,zeta,epsilon,0.943913872928,-1,False
refinement_broken_control,3103,3,zeta,zeta,8.54353319312e-19,0,False
ambiguous_partial_preservation,3101,0,alpha,alpha,-3.42993060899e-18,0,False
ambiguous_partial_preservation,3101,0,alpha,beta,0.74670600347,1,True
ambiguous_partial_preservation,3101,0,alpha,gamma,0.631061496654,0,False
ambiguous_partial_preservation,3101,0,alpha,delta,0.41780882924,0.45,False
ambiguous_partial_preservation,3101,0,alpha,epsilon,-0.601176470597,0,False
ambiguous_partial_preservation,3101,0,alpha,zeta,-0.720043182562,-1,False
ambiguous_partial_preservation,3101,0,beta,alpha,-0.74670600347,-1,False
ambiguous_partial_preservation,3101,0,beta,beta,-2.38713162384e-17,0,False
ambiguous_partial_preservation,3101,0,beta,gamma,0.226705804927,1,False
ambiguous_partial_preservation,3101,0,beta,delta,0.587682449302,0,False
ambiguous_partial_preservation,3101,0,beta,epsilon,-0.21574056632,0,False
ambiguous_partial_preservation,3101,0,beta,zeta,-0.166819268365,0,False
ambiguous_partial_preservation,3101,0,gamma,alpha,-0.631061496654,0,False
ambiguous_partial_preservation,3101,0,gamma,beta,-0.226705804927,-1,False
ambiguous_partial_preservation,3101,0,gamma,gamma,-2.39399113069e-17,0,False
ambiguous_partial_preservation,3101,0,gamma,delta,0.735713413829,1,True
ambiguous_partial_preservation,3101,0,gamma,epsilon,-0.165663640743,0,False
ambiguous_partial_preservation,3101,0,gamma,zeta,-0.230214228087,-0.35,False
ambiguous_partial_preservation,3101,0,delta,alpha,-0.41780882924,-0.45,False
ambiguous_partial_preservation,3101,0,delta,beta,-0.587682449302,0,False
ambiguous_partial_preservation,3101,0,delta,gamma,-0.735713413829,-1,False
ambiguous_partial_preservation,3101,0,delta,delta,-3.37888502438e-18,0,False
ambiguous_partial_preservation,3101,0,delta,epsilon,0.73490665247,1,False
ambiguous_partial_preservation,3101,0,delta,zeta,0.592819275487,0,False
ambiguous_partial_preservation,3101,0,epsilon,alpha,0.601176470597,0,False
ambiguous_partial_preservation,3101,0,epsilon,beta,0.21574056632,0,False
ambiguous_partial_preservation,3101,0,epsilon,gamma,0.165663640743,0,False
ambiguous_partial_preservation,3101,0,epsilon,delta,-0.73490665247,-1,False
ambiguous_partial_preservation,3101,0,epsilon,epsilon,-2.48468317903e-17,0,False
ambiguous_partial_preservation,3101,0,epsilon,zeta,0.198470678801,1,True
ambiguous_partial_preservation,3101,0,zeta,alpha,0.720043182562,1,False
ambiguous_partial_preservation,3101,0,zeta,beta,0.166819268365,0,False
ambiguous_partial_preservation,3101,0,zeta,gamma,0.230214228087,0.35,False
ambiguous_partial_preservation,3101,0,zeta,delta,-0.592819275487,0,False
ambiguous_partial_preservation,3101,0,zeta,epsilon,-0.198470678801,-1,False
ambiguous_partial_preservation,3101,0,zeta,zeta,2.38376189946e-17,0,False
ambiguous_partial_preservation,3101,1,alpha,alpha,0,0,False
ambiguous_partial_preservation,3101,1,alpha,beta,0.691939494843,1,True
ambiguous_partial_preservation,3101,1,alpha,gamma,0.601615063026,0,False
ambiguous_partial_preservation,3101,1,alpha,delta,0.428988716208,0.45,False
ambiguous_partial_preservation,3101,1,alpha,epsilon,-0.586579356536,0,False
ambiguous_partial_preservation,3101,1,alpha,zeta,-0.7402239273,-1,False
ambiguous_partial_preservation,3101,1,beta,alpha,-0.691939494843,-1,False
ambiguous_partial_preservation,3101,1,beta,beta,2.50020884192e-17,0,False
ambiguous_partial_preservation,3101,1,beta,gamma,0.286557016428,1,False
ambiguous_partial_preservation,3101,1,beta,delta,0.627745834849,0,False
ambiguous_partial_preservation,3101,1,beta,epsilon,-0.200252668595,0,False
ambiguous_partial_preservation,3101,1,beta,zeta,-0.195003750064,0,False
ambiguous_partial_preservation,3101,1,gamma,alpha,-0.601615063026,0,False
ambiguous_partial_preservation,3101,1,gamma,beta,-0.286557016428,-1,False
ambiguous_partial_preservation,3101,1,gamma,gamma,2.36934837526e-17,0,False
ambiguous_partial_preservation,3101,1,gamma,delta,0.739335721521,1,True
ambiguous_partial_preservation,3101,1,gamma,epsilon,-0.0859219092852,0,False
ambiguous_partial_preservation,3101,1,gamma,zeta,-0.172337614209,-0.35,False
ambiguous_partial_preservation,3101,1,delta,alpha,-0.428988716208,-0.45,False
ambiguous_partial_preservation,3101,1,delta,beta,-0.627745834849,0,False
ambiguous_partial_preservation,3101,1,delta,gamma,-0.739335721521,-1,False
ambiguous_partial_preservation,3101,1,delta,delta,0,0,False
ambiguous_partial_preservation,3101,1,delta,epsilon,0.760318377963,1,False
ambiguous_partial_preservation,3101,1,delta,zeta,0.590606782174,0,False
ambiguous_partial_preservation,3101,1,epsilon,alpha,0.586579356536,0,False
ambiguous_partial_preservation,3101,1,epsilon,beta,0.200252668595,0,False
ambiguous_partial_preservation,3101,1,epsilon,gamma,0.0859219092852,0,False
ambiguous_partial_preservation,3101,1,epsilon,delta,-0.760318377963,-1,False
ambiguous_partial_preservation,3101,1,epsilon,epsilon,-2.29072991345e-17,0,False
ambiguous_partial_preservation,3101,1,epsilon,zeta,0.172906842623,1,True
ambiguous_partial_preservation,3101,1,zeta,alpha,0.7402239273,1,False
ambiguous_partial_preservation,3101,1,zeta,beta,0.195003750064,0,False
ambiguous_partial_preservation,3101,1,zeta,gamma,0.172337614209,0.35,False
ambiguous_partial_preservation,3101,1,zeta,delta,-0.590606782174,0,False
ambiguous_partial_preservation,3101,1,zeta,epsilon,-0.172906842623,-1,False
ambiguous_partial_preservation,3101,1,zeta,zeta,0,0,False
ambiguous_partial_preservation,3101,2,alpha,alpha,1.71457460197e-18,0,False
ambiguous_partial_preservation,3101,2,alpha,beta,0.741926839851,1,True
ambiguous_partial_preservation,3101,2,alpha,gamma,0.601398915906,0,False
ambiguous_partial_preservation,3101,2,alpha,delta,0.479311777591,0.45,False
ambiguous_partial_preservation,3101,2,alpha,epsilon,-0.613451250371,0,False
ambiguous_partial_preservation,3101,2,alpha,zeta,-0.742251419628,-1,False
ambiguous_partial_preservation,3101,2,beta,alpha,-0.741926839851,-1,False
ambiguous_partial_preservation,3101,2,beta,beta,0,0,False
ambiguous_partial_preservation,3101,2,beta,gamma,0.190137276998,1,False
ambiguous_partial_preservation,3101,2,beta,delta,0.577090015244,0,False
ambiguous_partial_preservation,3101,2,beta,epsilon,-0.104033795809,0,False
ambiguous_partial_preservation,3101,2,beta,zeta,-0.0825379274608,0,False
ambiguous_partial_preservation,3101,2,gamma,alpha,-0.601398915906,0,False
ambiguous_partial_preservation,3101,2,gamma,beta,-0.190137276998,-1,False
ambiguous_partial_preservation,3101,2,gamma,gamma,2.4669369334e-17,0,False
ambiguous_partial_preservation,3101,2,gamma,delta,0.718409326171,1,True
ambiguous_partial_preservation,3101,2,gamma,epsilon,-0.124980153046,0,False
ambiguous_partial_preservation,3101,2,gamma,zeta,-0.181504054489,-0.35,False
ambiguous_partial_preservation,3101,2,delta,alpha,-0.479311777591,-0.45,False
ambiguous_partial_preservation,3101,2,delta,beta,-0.577090015244,0,False
ambiguous_partial_preservation,3101,2,delta,gamma,-0.718409326171,-1,False
ambiguous_partial_preservation,3101,2,delta,delta,3.37244954392e-18,0,False
ambiguous_partial_preservation,3101,2,delta,epsilon,0.714504362426,1,False
ambiguous_partial_preservation,3101,2,delta,zeta,0.594050194684,0,False
ambiguous_partial_preservation,3101,2,epsilon,alpha,0.613451250371,0,False
ambiguous_partial_preservation,3101,2,epsilon,beta,0.104033795809,0,False
ambiguous_partial_preservation,3101,2,epsilon,gamma,0.124980153046,0,False
ambiguous_partial_preservation,3101,2,epsilon,delta,-0.714504362426,-1,False
ambiguous_partial_preservation,3101,2,epsilon,epsilon,0,0,False
ambiguous_partial_preservation,3101,2,epsilon,zeta,0.18871203247,1,True
ambiguous_partial_preservation,3101,2,zeta,alpha,0.742251419628,1,False
ambiguous_partial_preservation,3101,2,zeta,beta,0.0825379274608,0,False
ambiguous_partial_preservation,3101,2,zeta,gamma,0.181504054489,0.35,False
ambiguous_partial_preservation,3101,2,zeta,delta,-0.594050194684,0,False
ambiguous_partial_preservation,3101,2,zeta,epsilon,-0.18871203247,-1,False
ambiguous_partial_preservation,3101,2,zeta,zeta,0,0,False
ambiguous_partial_preservation,3101,3,alpha,alpha,0,0,False
ambiguous_partial_preservation,3101,3,alpha,beta,0.765978287621,1,True
ambiguous_partial_preservation,3101,3,alpha,gamma,0.651515681241,0,False
ambiguous_partial_preservation,3101,3,alpha,delta,0.465734258728,0.45,False
ambiguous_partial_preservation,3101,3,alpha,epsilon,-0.56966084127,0,False
ambiguous_partial_preservation,3101,3,alpha,zeta,-0.713732179935,-1,False
ambiguous_partial_preservation,3101,3,beta,alpha,-0.765978287621,-1,False
ambiguous_partial_preservation,3101,3,beta,beta,0,0,False
ambiguous_partial_preservation,3101,3,beta,gamma,0.146034891279,1,False
ambiguous_partial_preservation,3101,3,beta,delta,0.574724263844,0,False
ambiguous_partial_preservation,3101,3,beta,epsilon,-0.0657054719712,0,False
ambiguous_partial_preservation,3101,3,beta,zeta,-0.129409710695,0,False
ambiguous_partial_preservation,3101,3,gamma,alpha,-0.651515681241,0,False
ambiguous_partial_preservation,3101,3,gamma,beta,-0.146034891279,-1,False
ambiguous_partial_preservation,3101,3,gamma,gamma,-1.25295926161e-17,0,False
ambiguous_partial_preservation,3101,3,gamma,delta,0.74044665634,1,True
ambiguous_partial_preservation,3101,3,gamma,epsilon,-0.0925138542557,0,False
ambiguous_partial_preservation,3101,3,gamma,zeta,-0.218445184058,-0.35,False
ambiguous_partial_preservation,3101,3,delta,alpha,-0.465734258728,-0.45,False
ambiguous_partial_preservation,3101,3,delta,beta,-0.574724263844,0,False
ambiguous_partial_preservation,3101,3,delta,gamma,-0.74044665634,-1,False
ambiguous_partial_preservation,3101,3,delta,delta,-8.2829881455e-19,0,False
ambiguous_partial_preservation,3101,3,delta,epsilon,0.781642310697,1,False
ambiguous_partial_preservation,3101,3,delta,zeta,0.630500384159,0,False
ambiguous_partial_preservation,3101,3,epsilon,alpha,0.56966084127,0,False
ambiguous_partial_preservation,3101,3,epsilon,beta,0.0657054719712,0,False
ambiguous_partial_preservation,3101,3,epsilon,gamma,0.0925138542557,0,False
ambiguous_partial_preservation,3101,3,epsilon,delta,-0.781642310697,-1,False
ambiguous_partial_preservation,3101,3,epsilon,epsilon,2.37361775475e-17,0,False
ambiguous_partial_preservation,3101,3,epsilon,zeta,0.239426006283,1,True
ambiguous_partial_preservation,3101,3,zeta,alpha,0.713732179935,1,False
ambiguous_partial_preservation,3101,3,zeta,beta,0.129409710695,0,False
ambiguous_partial_preservation,3101,3,zeta,gamma,0.218445184058,0.35,False
ambiguous_partial_preservation,3101,3,zeta,delta,-0.630500384159,0,False
ambiguous_partial_preservation,3101,3,zeta,epsilon,-0.239426006283,-1,False
ambiguous_partial_preservation,3101,3,zeta,zeta,0,0,False
ambiguous_partial_preservation,3102,0,alpha,alpha,0,0,False
ambiguous_partial_preservation,3102,0,alpha,beta,0.746758291991,1,True
ambiguous_partial_preservation,3102,0,alpha,gamma,0.56621456391,0,False
ambiguous_partial_preservation,3102,0,alpha,delta,0.424515875713,0.45,False
ambiguous_partial_preservation,3102,0,alpha,epsilon,-0.618042825197,0,False
ambiguous_partial_preservation,3102,0,alpha,zeta,-0.797687643015,-1,False
ambiguous_partial_preservation,3102,0,beta,alpha,-0.746758291991,-1,False
ambiguous_partial_preservation,3102,0,beta,beta,-2.50527845885e-17,0,False
ambiguous_partial_preservation,3102,0,beta,gamma,0.193423690136,1,False
ambiguous_partial_preservation,3102,0,beta,delta,0.636227282906,0,False
ambiguous_partial_preservation,3102,0,beta,epsilon,-0.117719964126,0,False
ambiguous_partial_preservation,3102,0,beta,zeta,-0.125342348929,0,False
ambiguous_partial_preservation,3102,0,gamma,alpha,-0.56621456391,0,False
ambiguous_partial_preservation,3102,0,gamma,beta,-0.193423690136,-1,False
ambiguous_partial_preservation,3102,0,gamma,gamma,0,0,False
ambiguous_partial_preservation,3102,0,gamma,delta,0.743582201413,1,True
ambiguous_partial_preservation,3102,0,gamma,epsilon,-0.153780248582,0,False
ambiguous_partial_preservation,3102,0,gamma,zeta,-0.221085634586,-0.35,False
ambiguous_partial_preservation,3102,0,delta,alpha,-0.424515875713,-0.45,False
ambiguous_partial_preservation,3102,0,delta,beta,-0.636227282906,0,False
ambiguous_partial_preservation,3102,0,delta,gamma,-0.743582201413,-1,False
ambiguous_partial_preservation,3102,0,delta,delta,-3.36454436949e-18,0,False
ambiguous_partial_preservation,3102,0,delta,epsilon,0.726097115795,1,False
ambiguous_partial_preservation,3102,0,delta,zeta,0.596834196769,0,False
ambiguous_partial_preservation,3102,0,epsilon,alpha,0.618042825197,0,False
ambiguous_partial_preservation,3102,0,epsilon,beta,0.117719964126,0,False
ambiguous_partial_preservation,3102,0,epsilon,gamma,0.153780248582,0,False
ambiguous_partial_preservation,3102,0,epsilon,delta,-0.726097115795,-1,False
ambiguous_partial_preservation,3102,0,epsilon,epsilon,0,0,False
ambiguous_partial_preservation,3102,0,epsilon,zeta,0.201288944695,1,True
ambiguous_partial_preservation,3102,0,zeta,alpha,0.797687643015,1,False
ambiguous_partial_preservation,3102,0,zeta,beta,0.125342348929,0,False
ambiguous_partial_preservation,3102,0,zeta,gamma,0.221085634586,0.35,False
ambiguous_partial_preservation,3102,0,zeta,delta,-0.596834196769,0,False
ambiguous_partial_preservation,3102,0,zeta,epsilon,-0.201288944695,-1,False
ambiguous_partial_preservation,3102,0,zeta,zeta,0,0,False
ambiguous_partial_preservation,3102,1,alpha,alpha,-1.77707797093e-18,0,False
ambiguous_partial_preservation,3102,1,alpha,beta,0.754370731842,1,True
ambiguous_partial_preservation,3102,1,alpha,gamma,0.577938698588,0,False
ambiguous_partial_preservation,3102,1,alpha,delta,0.482094064838,0.45,False
ambiguous_partial_preservation,3102,1,alpha,epsilon,-0.635225880963,0,False
ambiguous_partial_preservation,3102,1,alpha,zeta,-0.776909917134,-1,False
ambiguous_partial_preservation,3102,1,beta,alpha,-0.754370731842,-1,False
ambiguous_partial_preservation,3102,1,beta,beta,-1.20128273094e-17,0,False
ambiguous_partial_preservation,3102,1,beta,gamma,0.184575293319,1,False
ambiguous_partial_preservation,3102,1,beta,delta,0.611969469972,0,False
ambiguous_partial_preservation,3102,1,beta,epsilon,-0.14311308799,0,False
ambiguous_partial_preservation,3102,1,beta,zeta,-0.145384652164,0,False
ambiguous_partial_preservation,3102,1,gamma,alpha,-0.577938698588,0,False
ambiguous_partial_preservation,3102,1,gamma,beta,-0.184575293319,-1,False
ambiguous_partial_preservation,3102,1,gamma,gamma,0,0,False
ambiguous_partial_preservation,3102,1,gamma,delta,0.705898423977,1,True
ambiguous_partial_preservation,3102,1,gamma,epsilon,-0.14343366507,0,False
ambiguous_partial_preservation,3102,1,gamma,zeta,-0.214387870206,-0.35,False
ambiguous_partial_preservation,3102,1,delta,alpha,-0.482094064838,-0.45,False
ambiguous_partial_preservation,3102,1,delta,beta,-0.611969469972,0,False
ambiguous_partial_preservation,3102,1,delta,gamma,-0.705898423977,-1,False
ambiguous_partial_preservation,3102,1,delta,delta,1.2457853238e-18,0,False
ambiguous_partial_preservation,3102,1,delta,epsilon,0.767517202837,1,False
ambiguous_partial_preservation,3102,1,delta,zeta,0.620651449558,0,False
ambiguous_partial_preservation,3102,1,epsilon,alpha,0.635225880963,0,False
ambiguous_partial_preservation,3102,1,epsilon,beta,0.14311308799,0,False
ambiguous_partial_preservation,3102,1,epsilon,gamma,0.14343366507,0,False
ambiguous_partial_preservation,3102,1,epsilon,delta,-0.767517202837,-1,False
ambiguous_partial_preservation,3102,1,epsilon,epsilon,0,0,False
ambiguous_partial_preservation,3102,1,epsilon,zeta,0.188231395304,1,True
ambiguous_partial_preservation,3102,1,zeta,alpha,0.776909917134,1,False
ambiguous_partial_preservation,3102,1,zeta,beta,0.145384652164,0,False
ambiguous_partial_preservation,3102,1,zeta,gamma,0.214387870206,0.35,False
ambiguous_partial_preservation,3102,1,zeta,delta,-0.620651449558,0,False
ambiguous_partial_preservation,3102,1,zeta,epsilon,-0.188231395304,-1,False
ambiguous_partial_preservation,3102,1,zeta,zeta,0,0,False
ambiguous_partial_preservation,3102,2,alpha,alpha,0,0,False
ambiguous_partial_preservation,3102,2,alpha,beta,0.69964107127,1,True
ambiguous_partial_preservation,3102,2,alpha,gamma,0.542358661612,0,False
ambiguous_partial_preservation,3102,2,alpha,delta,0.454548435978,0.45,False
ambiguous_partial_preservation,3102,2,alpha,epsilon,-0.60893008298,0,False
ambiguous_partial_preservation,3102,2,alpha,zeta,-0.721778249383,-1,False
ambiguous_partial_preservation,3102,2,beta,alpha,-0.69964107127,-1,False
ambiguous_partial_preservation,3102,2,beta,beta,4.65565322925e-17,0,False
ambiguous_partial_preservation,3102,2,beta,gamma,0.167335197664,1,False
ambiguous_partial_preservation,3102,2,beta,delta,0.593685638022,0,False
ambiguous_partial_preservation,3102,2,beta,epsilon,-0.128497441198,0,False
ambiguous_partial_preservation,3102,2,beta,zeta,-0.11851872684,0,False
ambiguous_partial_preservation,3102,2,gamma,alpha,-0.542358661612,0,False
ambiguous_partial_preservation,3102,2,gamma,beta,-0.167335197664,-1,False
ambiguous_partial_preservation,3102,2,gamma,gamma,-2.41689013519e-17,0,False
ambiguous_partial_preservation,3102,2,gamma,delta,0.744588316307,1,True
ambiguous_partial_preservation,3102,2,gamma,epsilon,-0.131972956337,0,False
ambiguous_partial_preservation,3102,2,gamma,zeta,-0.198654321727,-0.35,False
ambiguous_partial_preservation,3102,2,delta,alpha,-0.454548435978,-0.45,False
ambiguous_partial_preservation,3102,2,delta,beta,-0.593685638022,0,False
ambiguous_partial_preservation,3102,2,delta,gamma,-0.744588316307,-1,False
ambiguous_partial_preservation,3102,2,delta,delta,-3.33138123397e-18,0,False
ambiguous_partial_preservation,3102,2,delta,epsilon,0.698595686945,1,False
ambiguous_partial_preservation,3102,2,delta,zeta,0.544928387736,0,False
ambiguous_partial_preservation,3102,2,epsilon,alpha,0.60893008298,0,False
ambiguous_partial_preservation,3102,2,epsilon,beta,0.128497441198,0,False
ambiguous_partial_preservation,3102,2,epsilon,gamma,0.131972956337,0,False
ambiguous_partial_preservation,3102,2,epsilon,delta,-0.698595686945,-1,False
ambiguous_partial_preservation,3102,2,epsilon,epsilon,0,0,False
ambiguous_partial_preservation,3102,2,epsilon,zeta,0.175799788288,1,True
ambiguous_partial_preservation,3102,2,zeta,alpha,0.721778249383,1,False
ambiguous_partial_preservation,3102,2,zeta,beta,0.11851872684,0,False
ambiguous_partial_preservation,3102,2,zeta,gamma,0.198654321727,0.35,False
ambiguous_partial_preservation,3102,2,zeta,delta,-0.544928387736,0,False
ambiguous_partial_preservation,3102,2,zeta,epsilon,-0.175799788288,-1,False
ambiguous_partial_preservation,3102,2,zeta,zeta,2.34799985337e-17,0,False
ambiguous_partial_preservation,3102,3,alpha,alpha,2.59994709755e-18,0,False
ambiguous_partial_preservation,3102,3,alpha,beta,0.756243763269,1,True
ambiguous_partial_preservation,3102,3,alpha,gamma,0.584075360932,0,False
ambiguous_partial_preservation,3102,3,alpha,delta,0.486776851684,0.45,False
ambiguous_partial_preservation,3102,3,alpha,epsilon,-0.590105166879,0,False
ambiguous_partial_preservation,3102,3,alpha,zeta,-0.704507394109,-1,False
ambiguous_partial_preservation,3102,3,beta,alpha,-0.756243763269,-1,False
ambiguous_partial_preservation,3102,3,beta,beta,0,0,False
ambiguous_partial_preservation,3102,3,beta,gamma,0.148423352167,1,False
ambiguous_partial_preservation,3102,3,beta,delta,0.598694636481,0,False
ambiguous_partial_preservation,3102,3,beta,epsilon,-0.162773129952,0,False
ambiguous_partial_preservation,3102,3,beta,zeta,-0.135714116456,0,False
ambiguous_partial_preservation,3102,3,gamma,alpha,-0.584075360932,0,False
ambiguous_partial_preservation,3102,3,gamma,beta,-0.148423352167,-1,False
ambiguous_partial_preservation,3102,3,gamma,gamma,-2.31772475462e-17,0,False
ambiguous_partial_preservation,3102,3,gamma,delta,0.770261025054,1,True
ambiguous_partial_preservation,3102,3,gamma,epsilon,-0.198731510005,0,False
ambiguous_partial_preservation,3102,3,gamma,zeta,-0.2462366311,-0.35,False
ambiguous_partial_preservation,3102,3,delta,alpha,-0.486776851684,-0.45,False
ambiguous_partial_preservation,3102,3,delta,beta,-0.598694636481,0,False
ambiguous_partial_preservation,3102,3,delta,gamma,-0.770261025054,-1,False
ambiguous_partial_preservation,3102,3,delta,delta,1.65446547156e-18,0,False
ambiguous_partial_preservation,3102,3,delta,epsilon,0.74328168397,1,False
ambiguous_partial_preservation,3102,3,delta,zeta,0.592291066424,0,False
ambiguous_partial_preservation,3102,3,epsilon,alpha,0.590105166879,0,False
ambiguous_partial_preservation,3102,3,epsilon,beta,0.162773129952,0,False
ambiguous_partial_preservation,3102,3,epsilon,gamma,0.198731510005,0,False
ambiguous_partial_preservation,3102,3,epsilon,delta,-0.74328168397,-1,False
ambiguous_partial_preservation,3102,3,epsilon,epsilon,2.33061788669e-17,0,False
ambiguous_partial_preservation,3102,3,epsilon,zeta,0.191108123239,1,True
ambiguous_partial_preservation,3102,3,zeta,alpha,0.704507394109,1,False
ambiguous_partial_preservation,3102,3,zeta,beta,0.135714116456,0,False
ambiguous_partial_preservation,3102,3,zeta,gamma,0.2462366311,0.35,False
ambiguous_partial_preservation,3102,3,zeta,delta,-0.592291066424,0,False
ambiguous_partial_preservation,3102,3,zeta,epsilon,-0.191108123239,-1,False
ambiguous_partial_preservation,3102,3,zeta,zeta,2.51583837511e-17,0,False
ambiguous_partial_preservation,3103,0,alpha,alpha,0,0,False
ambiguous_partial_preservation,3103,0,alpha,beta,0.758495010309,1,True
ambiguous_partial_preservation,3103,0,alpha,gamma,0.622304556317,0,False
ambiguous_partial_preservation,3103,0,alpha,delta,0.396928569257,0.45,False
ambiguous_partial_preservation,3103,0,alpha,epsilon,-0.591321031022,0,False
ambiguous_partial_preservation,3103,0,alpha,zeta,-0.738206757533,-1,False
ambiguous_partial_preservation,3103,0,beta,alpha,-0.758495010309,-1,False
ambiguous_partial_preservation,3103,0,beta,beta,2.52315277558e-17,0,False
ambiguous_partial_preservation,3103,0,beta,gamma,0.136522569133,1,False
ambiguous_partial_preservation,3103,0,beta,delta,0.605408309785,0,False
ambiguous_partial_preservation,3103,0,beta,epsilon,-0.0737489482346,0,False
ambiguous_partial_preservation,3103,0,beta,zeta,-0.10359306356,0,False
ambiguous_partial_preservation,3103,0,gamma,alpha,-0.622304556317,0,False
ambiguous_partial_preservation,3103,0,gamma,beta,-0.136522569133,-1,False
ambiguous_partial_preservation,3103,0,gamma,gamma,-1.30422183283e-17,0,False
ambiguous_partial_preservation,3103,0,gamma,delta,0.765613034385,1,True
ambiguous_partial_preservation,3103,0,gamma,epsilon,-0.124634822231,0,False
ambiguous_partial_preservation,3103,0,gamma,zeta,-0.230226075933,-0.35,False
ambiguous_partial_preservation,3103,0,delta,alpha,-0.396928569257,-0.45,False
ambiguous_partial_preservation,3103,0,delta,beta,-0.605408309785,0,False
ambiguous_partial_preservation,3103,0,delta,gamma,-0.765613034385,-1,False
ambiguous_partial_preservation,3103,0,delta,delta,-3.47327797419e-18,0,False
ambiguous_partial_preservation,3103,0,delta,epsilon,0.777438554274,1,False
ambiguous_partial_preservation,3103,0,delta,zeta,0.638981588136,0,False
ambiguous_partial_preservation,3103,0,epsilon,alpha,0.591321031022,0,False
ambiguous_partial_preservation,3103,0,epsilon,beta,0.0737489482346,0,False
ambiguous_partial_preservation,3103,0,epsilon,gamma,0.124634822231,0,False
ambiguous_partial_preservation,3103,0,epsilon,delta,-0.777438554274,-1,False
ambiguous_partial_preservation,3103,0,epsilon,epsilon,-2.47059309899e-17,0,False
ambiguous_partial_preservation,3103,0,epsilon,zeta,0.224951903712,1,True
ambiguous_partial_preservation,3103,0,zeta,alpha,0.738206757533,1,False
ambiguous_partial_preservation,3103,0,zeta,beta,0.10359306356,0,False
ambiguous_partial_preservation,3103,0,zeta,gamma,0.230226075933,0.35,False
ambiguous_partial_preservation,3103,0,zeta,delta,-0.638981588136,0,False
ambiguous_partial_preservation,3103,0,zeta,epsilon,-0.224951903712,-1,False
ambiguous_partial_preservation,3103,0,zeta,zeta,2.33550298358e-17,0,False
ambiguous_partial_preservation,3103,1,alpha,alpha,0,0,False
ambiguous_partial_preservation,3103,1,alpha,beta,0.722091360458,1,True
ambiguous_partial_preservation,3103,1,alpha,gamma,0.577378990867,0,False
ambiguous_partial_preservation,3103,1,alpha,delta,0.432385073241,0.45,False
ambiguous_partial_preservation,3103,1,alpha,epsilon,-0.558680586701,0,False
ambiguous_partial_preservation,3103,1,alpha,zeta,-0.724842040685,-1,False
ambiguous_partial_preservation,3103,1,beta,alpha,-0.722091360458,-1,False
ambiguous_partial_preservation,3103,1,beta,beta,4.78315990342e-17,0,False
ambiguous_partial_preservation,3103,1,beta,gamma,0.189786807028,1,False
ambiguous_partial_preservation,3103,1,beta,delta,0.57949381662,0,False
ambiguous_partial_preservation,3103,1,beta,epsilon,-0.155629050153,0,False
ambiguous_partial_preservation,3103,1,beta,zeta,-0.112952568116,0,False
ambiguous_partial_preservation,3103,1,gamma,alpha,-0.577378990867,0,False
ambiguous_partial_preservation,3103,1,gamma,beta,-0.189786807028,-1,False
ambiguous_partial_preservation,3103,1,gamma,gamma,0,0,False
ambiguous_partial_preservation,3103,1,gamma,delta,0.749166223242,1,True
ambiguous_partial_preservation,3103,1,gamma,epsilon,-0.12179103864,0,False
ambiguous_partial_preservation,3103,1,gamma,zeta,-0.168710010955,-0.35,False
ambiguous_partial_preservation,3103,1,delta,alpha,-0.432385073241,-0.45,False
ambiguous_partial_preservation,3103,1,delta,beta,-0.57949381662,0,False
ambiguous_partial_preservation,3103,1,delta,gamma,-0.749166223242,-1,False
ambiguous_partial_preservation,3103,1,delta,delta,1.6538049094e-18,0,False
ambiguous_partial_preservation,3103,1,delta,epsilon,0.773991575699,1,False
ambiguous_partial_preservation,3103,1,delta,zeta,0.643780769987,0,False
ambiguous_partial_preservation,3103,1,epsilon,alpha,0.558680586701,0,False
ambiguous_partial_preservation,3103,1,epsilon,beta,0.155629050153,0,False
ambiguous_partial_preservation,3103,1,epsilon,gamma,0.12179103864,0,False
ambiguous_partial_preservation,3103,1,epsilon,delta,-0.773991575699,-1,False
ambiguous_partial_preservation,3103,1,epsilon,epsilon,0,0,False
ambiguous_partial_preservation,3103,1,epsilon,zeta,0.201531338605,1,True
ambiguous_partial_preservation,3103,1,zeta,alpha,0.724842040685,1,False
ambiguous_partial_preservation,3103,1,zeta,beta,0.112952568116,0,False
ambiguous_partial_preservation,3103,1,zeta,gamma,0.168710010955,0.35,False
ambiguous_partial_preservation,3103,1,zeta,delta,-0.643780769987,0,False
ambiguous_partial_preservation,3103,1,zeta,epsilon,-0.201531338605,-1,False
ambiguous_partial_preservation,3103,1,zeta,zeta,0,0,False
ambiguous_partial_preservation,3103,2,alpha,alpha,1.77118369458e-18,0,False
ambiguous_partial_preservation,3103,2,alpha,beta,0.766943733094,1,True
ambiguous_partial_preservation,3103,2,alpha,gamma,0.580951022641,0,False
ambiguous_partial_preservation,3103,2,alpha,delta,0.479042296898,0.45,False
ambiguous_partial_preservation,3103,2,alpha,epsilon,-0.612173827725,0,False
ambiguous_partial_preservation,3103,2,alpha,zeta,-0.756706013654,-1,False
ambiguous_partial_preservation,3103,2,beta,alpha,-0.766943733094,-1,False
ambiguous_partial_preservation,3103,2,beta,beta,0,0,False
ambiguous_partial_preservation,3103,2,beta,gamma,0.148852888998,1,False
ambiguous_partial_preservation,3103,2,beta,delta,0.605561550665,0,False
ambiguous_partial_preservation,3103,2,beta,epsilon,-0.072751486158,0,False
ambiguous_partial_preservation,3103,2,beta,zeta,-0.0725898283143,0,False
ambiguous_partial_preservation,3103,2,gamma,alpha,-0.580951022641,0,False
ambiguous_partial_preservation,3103,2,gamma,beta,-0.148852888998,-1,False
ambiguous_partial_preservation,3103,2,gamma,gamma,-2.28667318313e-17,0,False
ambiguous_partial_preservation,3103,2,gamma,delta,0.754050517287,1,True
ambiguous_partial_preservation,3103,2,gamma,epsilon,-0.0844222378024,0,False
ambiguous_partial_preservation,3103,2,gamma,zeta,-0.170206063652,-0.35,False
ambiguous_partial_preservation,3103,2,delta,alpha,-0.479042296898,-0.45,False
ambiguous_partial_preservation,3103,2,delta,beta,-0.605561550665,0,False
ambiguous_partial_preservation,3103,2,delta,gamma,-0.754050517287,-1,False
ambiguous_partial_preservation,3103,2,delta,delta,1.69985371259e-18,0,False
ambiguous_partial_preservation,3103,2,delta,epsilon,0.76041783845,1,False
ambiguous_partial_preservation,3103,2,delta,zeta,0.635846903263,0,False
ambiguous_partial_preservation,3103,2,epsilon,alpha,0.612173827725,0,False
ambiguous_partial_preservation,3103,2,epsilon,beta,0.072751486158,0,False
ambiguous_partial_preservation,3103,2,epsilon,gamma,0.0844222378024,0,False
ambiguous_partial_preservation,3103,2,epsilon,delta,-0.76041783845,-1,False
ambiguous_partial_preservation,3103,2,epsilon,epsilon,0,0,False
ambiguous_partial_preservation,3103,2,epsilon,zeta,0.18070679106,1,True
ambiguous_partial_preservation,3103,2,zeta,alpha,0.756706013654,1,False
ambiguous_partial_preservation,3103,2,zeta,beta,0.0725898283143,0,False
ambiguous_partial_preservation,3103,2,zeta,gamma,0.170206063652,0.35,False
ambiguous_partial_preservation,3103,2,zeta,delta,-0.635846903263,0,False
ambiguous_partial_preservation,3103,2,zeta,epsilon,-0.18070679106,-1,False
ambiguous_partial_preservation,3103,2,zeta,zeta,0,0,False
ambiguous_partial_preservation,3103,3,alpha,alpha,3.48474686828e-18,0,False
ambiguous_partial_preservation,3103,3,alpha,beta,0.736916470562,1,True
ambiguous_partial_preservation,3103,3,alpha,gamma,0.570222797748,0,False
ambiguous_partial_preservation,3103,3,alpha,delta,0.485206641255,0.45,False
ambiguous_partial_preservation,3103,3,alpha,epsilon,-0.625741565413,0,False
ambiguous_partial_preservation,3103,3,alpha,zeta,-0.745635260414,-1,False
ambiguous_partial_preservation,3103,3,beta,alpha,-0.736916470562,-1,False
ambiguous_partial_preservation,3103,3,beta,beta,1.19662706982e-17,0,False
ambiguous_partial_preservation,3103,3,beta,gamma,0.202437213676,1,False
ambiguous_partial_preservation,3103,3,beta,delta,0.561164966944,0,False
ambiguous_partial_preservation,3103,3,beta,epsilon,-0.133600494521,0,False
ambiguous_partial_preservation,3103,3,beta,zeta,-0.106141571795,0,False
ambiguous_partial_preservation,3103,3,gamma,alpha,-0.570222797748,0,False
ambiguous_partial_preservation,3103,3,gamma,beta,-0.202437213676,-1,False
ambiguous_partial_preservation,3103,3,gamma,gamma,0,0,False
ambiguous_partial_preservation,3103,3,gamma,delta,0.721721623834,1,True
ambiguous_partial_preservation,3103,3,gamma,epsilon,-0.119027380157,0,False
ambiguous_partial_preservation,3103,3,gamma,zeta,-0.196308305969,-0.35,False
ambiguous_partial_preservation,3103,3,delta,alpha,-0.485206641255,-0.45,False
ambiguous_partial_preservation,3103,3,delta,beta,-0.561164966944,0,False
ambiguous_partial_preservation,3103,3,delta,gamma,-0.721721623834,-1,False
ambiguous_partial_preservation,3103,3,delta,delta,0,0,False
ambiguous_partial_preservation,3103,3,delta,epsilon,0.750125776279,1,False
ambiguous_partial_preservation,3103,3,delta,zeta,0.603448571276,0,False
ambiguous_partial_preservation,3103,3,epsilon,alpha,0.625741565413,0,False
ambiguous_partial_preservation,3103,3,epsilon,beta,0.133600494521,0,False
ambiguous_partial_preservation,3103,3,epsilon,gamma,0.119027380157,0,False
ambiguous_partial_preservation,3103,3,epsilon,delta,-0.750125776279,-1,False
ambiguous_partial_preservation,3103,3,epsilon,epsilon,2.48587604783e-17,0,False
ambiguous_partial_preservation,3103,3,epsilon,zeta,0.192843269831,1,True
ambiguous_partial_preservation,3103,3,zeta,alpha,0.745635260414,1,False
ambiguous_partial_preservation,3103,3,zeta,beta,0.106141571795,0,False
ambiguous_partial_preservation,3103,3,zeta,gamma,0.196308305969,0.35,False
ambiguous_partial_preservation,3103,3,zeta,delta,-0.603448571276,0,False
ambiguous_partial_preservation,3103,3,zeta,epsilon,-0.192843269831,-1,False
ambiguous_partial_preservation,3103,3,zeta,zeta,2.47949577257e-17,0,False
