feature_id,haos_loss_score,max_abs_change,mean_abs_change,trajectory_total_variation
EFB1,1.0076649906973563,1.494,0.6045714285714286,3.0989999999999998
CYS3,0.4741277216563799,0.94,0.3538571428571429,3.909
YAR073W,0.5274494805045569,0.842,0.2732857142857143,1.899
HTA2,0.48017881750498637,0.706,0.38242857142857145,2.08
RPL23A,0.7410681006140771,1.063,0.4192857142857143,2.545
NRG2,0.8741874965832832,1.374,0.4242857142857143,3.6590000000000003
ALG14,0.2531937641390333,0.598,0.23700000000000002,1.88
HSP26,0.8060859374121172,1.072,0.5555714285714286,1.9529999999999998
PFF1,0.37386602455443835,0.471,0.28414285714285714,1.3519999999999999
CDC28,1.0238896011352163,1.349,0.6605714285714285,2.534
TOS1,0.5689178439016929,1.042,0.418,2.9730000000000003
UBS1,0.8458947265844424,1.127,0.4028571428571429,2.582
SSE2,1.7762528851938773,2.177,1.0565714285714287,4.244
PBN1,0.49902173365818947,0.654,0.3095714285714285,1.9749999999999999
SPB1,1.8256209325884303,2.756,0.7904285714285714,5.8629999999999995
YCR061W,0.7352332871690348,1.096,0.4855714285714286,2.0500000000000003
YDL026W,0.22364238505329434,1.593,0.6292105302887336,5.154999999999999
PUS9,1.4446765253372158,2.737,0.5125858093946564,5.485919448511333
YDL124W,2.3381915937914597,2.825,1.5110000000000003,5.260000000000001
CDC48,0.6253566123803808,0.826,0.3807142857142857,1.927
CDC53,0.5784860981920421,0.749,0.32428571428571434,1.84
FMP45,1.0088941838227579,1.374,0.5492857142857143,2.6830000000000007
FMP16,1.2170923478861768,1.844,0.8028571428571427,3.5270000000000006
IPT1,0.6860386286980091,0.858,0.37914285714285717,3.195
TPS2,4.031030170928976,4.829,2.3088571428571427,10.057999999999998
RAD55,0.9878339032886827,1.449,0.5057142857142857,3.391
SEC7,0.09463131030064295,0.875,0.17957142857142855,2.125
CCC2,0.5738704226686332,0.74,0.3248571428571428,2.0300000000000002
GLO2,1.0055937315047363,1.457,0.6957142857142857,2.778
GGA1,1.1850640297325166,1.538,0.7047142857142857,2.7790000000000004
RPS18A,0.5446978575410407,0.78,0.33885714285714286,2.039
PPN1,0.8060431874658256,0.948,0.546,1.849
TFB3,0.7234449333769367,1.063,0.39999999999999997,2.2619999999999996
VAB2,0.7138077313347468,0.878,0.3925714285714285,2.372
GCN4,0.7566915191825083,1.264,0.32328571428571434,3.246
GLC3,1.1341577634371325,2.062,0.8018571428571428,6.4239999999999995
GPA2,0.8118225849310798,1.19,0.4142857142857143,2.9890000000000003
CHO1,0.8326528158555362,1.409,0.6648571428571427,2.498
RPL23B,0.7317541825840421,1.115,0.41357142857142853,2.6170000000000004
HSP12,4.090547382094849,4.714,3.0580000000000003,8.189
MDJ1,0.866759483319379,1.124,0.5207142857142857,3.1490000000000005
YMR31,0.770673269457522,0.973,0.46642857142857136,2.7030000000000003
MPT5,0.6810988957674862,1.041,0.3321428571428572,2.11
ATG1,0.7484948221438373,1.04,0.4234285714285714,2.259
STR3,0.3932858267711117,1.606,0.5910000000000001,2.7210000000000005
UGA1,1.0089481657344872,1.339,0.6042857142857143,3.488
CLB6,0.6126608765856383,0.81,0.5272857142857144,2.2479999999999998
YGR111W,0.9193078239447164,1.202,0.5605714285714286,2.586
CIR1,0.3859968419223919,0.904,0.28985714285714287,2.027
RPL14B,0.692859852884629,1.15,0.35828571428571426,2.664
PRS3,0.7700230437051101,1.144,0.3565714285714286,2.461
CIC1,1.5242587215457932,2.222,0.6807142857142858,4.5649999999999995
RPL42B,0.6228576438569923,1.059,0.26285714285714284,2.22
IMP3,0.6971487575103334,1.175,0.30442857142857144,2.5260000000000002
FAF1,0.4090227888137978,0.706,0.29857142857142854,2.062
AYR1,0.5671447411369076,1.154,0.42200000000000004,2.5069999999999997
HYR1,0.4666968829714699,0.96,0.4208571428571429,1.704
ARG3,0.6289679521018267,1.106,0.5872857142857144,2.189
YJL188C,0.42340629903742233,0.874,0.21099999999999994,1.831
RPS22A,0.7054786917918058,1.094,0.3534285714285715,2.6060000000000003
PTK2,1.536377350958129,1.874,0.8227142857142857,3.789
RPA12,0.7493954041325286,1.144,0.3162857142857143,2.3449999999999998
HXT16,0.17725735181110508,0.87,0.26157142857142857,1.504
MDH1,0.5978216410735575,0.708,0.36100000000000004,2.118
YKL091C,2.051302932190347,2.756,1.0811428571428572,5.795999999999999
MBR1,1.4835910287891072,2.013,0.8048571428571428,4.3069999999999995
RPL17A,0.47519707579919657,0.685,0.35942857142857143,1.905
SPE1,0.6006371621475175,1.135,0.6001428571428572,1.695
PXA2,0.8272510459660006,1.29,0.44971428571428573,3.505
RPS21A,0.5752023950217987,0.857,0.3154285714285714,2.4319999999999995
TIF1,0.4609688304701908,0.695,0.27399999999999997,2.227
UBI4,0.7226116031469074,1.097,0.5187142857142858,2.131
RPL8B,1.0110067532703588,1.547,0.4921428571428571,3.36
FYV7,0.7889999666660461,1.101,0.37457142857142856,2.6549999999999994
UPS2,0.6067435955971627,0.914,0.3667142857142857,2.5420000000000003
DPH5,0.3855734563506181,0.738,0.27385714285714285,2.139
LCB5,0.8777128789600537,1.098,0.5432857142857143,2.387
RPS28B,0.45607527754419797,0.933,0.3078571428571429,2.657
DCS1,2.4491919428985622,2.916,1.4287142857142856,5.933
STE11,0.6917970218736624,0.897,0.41885714285714293,2.293
TSL1,2.892924732008804,3.368,1.8351428571428574,7.151999999999999
URA5,0.5096148198386974,0.692,0.3355714285714285,1.803
UBX4,0.5005929569990497,0.855,0.3395714285714285,2.45
DDR48,2.3204333422900283,3.077,1.7954285714285714,5.178999999999999
SPT21,0.3163238335177701,0.768,0.2885714285714286,1.7650000000000001
YMR181C,1.1381601252492444,1.579,0.7455714285714287,3.528
RTP1,0.7861655283722462,1.3,0.38657142857142857,2.9480000000000004
YKU70,0.4592845401438372,0.717,0.25871428571428573,1.7060000000000002
TDA1,1.7770207039178363,2.292,1.0435714285714286,6.8629999999999995
NOP2,1.0426415085427534,1.527,0.48371428571428565,3.301
RPC31,0.8507687934218829,1.171,0.4547142857142857,2.484
CUZ1,0.834294463180546,1.423,0.5745714285714286,3.4590000000000005
YNL247W,0.8518033719999447,1.226,0.39871428571428574,2.5429999999999997
NRD1,0.27473766459600324,0.529,0.2554285714285714,2.309
TEX1,0.6138204113027359,0.741,0.3668571428571429,2.175
URK1,0.4879405015765481,0.821,0.24800000000000003,2.03
RPL18A,0.6045665476380676,0.916,0.3901428571428571,2.4619999999999997
TRM11,0.8218712693105409,1.432,0.44542857142857134,3.4010000000000002
TMC1,1.367307855445432,1.688,0.8392857142857143,4.912
VHS3,0.6681027594598733,0.871,0.38399999999999995,2.55
NOB1,0.8636405847886607,1.343,0.4274285714285714,2.8530000000000006
ATG40,0.8553051024041547,1.185,0.4615714285714286,2.767
YPL142C,0.5932472607778867,0.871,0.3005714285714286,2.158
USV1,1.304706447416269,1.705,0.8017142857142858,5.629999999999999
RPL43A,0.5597259188699377,0.76,0.2982857142857143,1.636
RRP9,0.4735843032133277,0.731,0.2965714285714286,2.2369999999999997
RRP15,0.9681067987352727,1.529,0.42585714285714277,3.053
ASN1,1.1209557407434163,1.57,0.6788571428571429,3.633
GIP2,0.8692451908517491,1.238,0.5599999999999999,3.831
MST1,0.5077030954465044,0.791,0.2702857142857143,2.431
NOG1,1.441684044023872,2.2,0.6308571428571428,5.006000000000001
PAI3,0.7445766695345089,1.046,0.3894285714285714,2.177
YHR214C-B,0.2695472440255371,0.873,0.4295714285714286,2.004
ENA2,0.46662514279188005,0.772,0.24042857142857144,2.133
SNX4,0.42118543450457957,0.656,0.2454285714285714,1.827
MHP1,0.5229481033598938,0.713,0.2345714285714286,1.746
EFB1,0.9335040290322767,1.326,0.562,3.2010000000000005
HTA2,0.5304426928203592,0.783,0.42128571428571426,2.1750000000000003
RPL23A,0.56332317453575,0.795,0.31042857142857144,1.8980000000000001
NRG2,0.5217309481085111,0.909,0.26271428571428573,2.427
TOS1,0.6085960274017388,1.113,0.4215714285714286,3.217
UBS1,0.5293418155603962,0.741,0.23685714285714285,1.647
SSE2,1.5715238284774282,1.886,0.937857142857143,3.559
MTC4,0.12556977591365795,1.033,0.254,1.733
SPB1,1.301308963599899,1.927,0.5830000000000001,3.96
PDR3,1.1498589416370602,1.807,0.7055714285714284,3.522
ALK2,0.6641014443544927,1.058,0.3727142857142858,2.253
ECM33,0.908952651467376,1.436,0.45457142857142857,3.2030000000000003
UBC4,0.38132471061728956,1.294,0.36342857142857143,3.4810000000000003
RPS6B,0.8515695652753127,1.308,0.4739999999999999,3.069
CHA1,0.3774449914017749,1.128,0.47185714285714286,5.308999999999999
RSA4,0.5302180093592236,0.886,0.26603607277874,3.0734949810976406
NPC2,0.817808073607515,1.027,0.46214285714285713,2.3669999999999995
RPL35B,0.4656320833750764,0.709,0.23728571428571427,1.935
CRD1,0.48038884960317163,0.753,0.261,2.154
HMO1,0.5113504402377513,0.805,0.23514285714285718,3.1839999999999997
ATC1,1.0092293672514132,1.543,0.43971428571428567,3.254
DON1,0.8661764746864695,1.211,0.517,2.58
YPR1,1.31617258431955,1.704,0.8562857142857142,3.091
PHO92,0.8723408587986976,1.595,0.44,3.289
FIR1,0.3499027978179017,0.583,0.2834285714285714,1.524
KRE29,1.2335224183603655,1.559,0.6198571428571429,3.559
GLN3,0.471763970493111,0.688,0.2621428571428571,2.098
LCP5,0.949372349102767,1.63,0.4311428571428571,4.79
RPS26B,0.45794153827194817,0.663,0.3434285714285714,1.965
STE2,0.5980484972451365,0.762,0.37371428571428567,2.425
HXK1,1.9163255614848924,2.24,1.2105714285714286,5.3580000000000005
IRC7,0.4148624925545231,0.695,0.33628571428571424,1.841
YFR057W,0.19465339111182134,0.758,0.19528571428571428,2.501
PMC1,0.9080374104975213,1.217,0.5004285714285714,2.917
PAN2,0.6145254172499187,1.21,0.3325714285714286,2.48
USE1,0.763272155997337,1.172,0.38785714285714284,2.659
YGL102C,0.7627125985589365,1.085,0.3685714285714285,2.6759999999999997
IME4,0.77575392927077,1.172,0.3617142857142857,3.275
DSD1,0.503134903222211,0.742,0.3202857142857143,1.956
MTL1,1.0321286163357222,1.497,0.5377142857142857,2.8080000000000003
RPS25A,0.4092183928967164,0.705,0.2572857142857143,1.9040000000000001
MEP1,0.49497564861026166,0.65,0.30542857142857144,2.7969999999999997
PPT1,0.6561841243556099,0.954,0.3631428571428571,2.116
YGR127W,1.0211901346056416,1.596,0.49328571428571427,3.5460000000000003
RSM27,0.1993103908392141,0.586,0.2702857142857143,2.688
HSV2,0.5075166723809492,0.887,0.22714285714285712,2.25
RPS20,0.3291106614397641,0.914,0.24757142857142858,2.5510000000000006
AIM17,2.5546989533426347,3.595,1.3551428571428572,8.239
SSZ1,0.6148072762999892,1.021,0.3402857142857143,2.198
SSF1,1.5376590388458855,2.543,0.6774285714285714,5.970000000000001
DYS1,0.39858066126125496,0.587,0.2752857142857143,1.611
PEX18,0.7109215915732764,1.274,0.5078571428571429,2.424
ULP2,0.7103926779896201,1.004,0.3398571428571428,1.943
PRM2,0.691803677268585,0.964,0.36114285714285715,2.073
OM45,1.4056020914235507,1.937,0.8955714285714285,3.9219999999999997
PRE3,0.5339913014911768,1.371,0.3765714285714286,3.007
SAP185,0.5823662298653898,0.765,0.327,1.737
MEF2,0.3882892972508847,0.824,0.30042857142857143,2.942
IME2,1.2169650550771969,1.914,0.5601428571428572,5.427999999999999
PRM10,2.7621821073762027,4.016,1.419,7.7589999999999995
ACO2,0.8118332555762594,1.173,0.4992857142857142,3.3030000000000004
YAE1,0.1962886731548139,0.875,0.20028571428571426,2.5020000000000002
YJR071W,0.6612753633397812,0.976,0.39385714285714285,2.203
OPI3,0.3551543703261179,1.234,0.5672857142857143,2.29
AUR1,0.6185269194823574,0.885,0.3481428571428572,2.1690000000000005
CAP1,0.5605320616230752,0.884,0.348,1.808
MRT4,1.6968917127200087,2.48,0.7841428571428573,5.235
YPF1,0.48181714812329207,0.707,0.33499999999999996,2.336
MNN4,0.7879878779532157,1.217,0.45585714285714285,2.645
GPT2,0.40818664746003075,0.738,0.2234285714285714,2.52
MMP1,0.20654988639529007,0.826,0.3257142857142857,2.517
EMP46,0.6871554161184605,1.269,0.44871428571428573,2.945
SMC4,0.3837128009001748,0.687,0.34342857142857147,2.115
TFS1,0.9066737301836449,1.433,0.6144285714285714,3.108
SAM1,0.6485651895222091,1.418,0.47428571428571425,4.337
EMG1,0.5732250673106962,0.996,0.2637860937818175,2.352
DBP9,1.8958460734010272,2.936,0.8252857142857142,5.904000000000001
ARC18,0.45039476450196547,1.021,0.35928571428571426,2.4139999999999997
ELO3,1.5205839647203574,2.097,0.7194285714285715,4.236999999999999
TRM12,0.6035012267546502,1.015,0.3541428571428571,2.4039999999999995
YAP1,0.43336910895055525,0.791,0.3284285714285714,2.5860000000000003
YMR090W,1.948201302405272,3.03,1.5735714285714286,5.1049999999999995
AIP1,0.6501302307384156,0.896,0.3937142857142857,2.539
YMR196W,0.6295684158914765,1.31,0.37842857142857145,2.843
LCB1,0.2125043407848698,0.984,0.277,2.48
ADE4,0.4096995971101577,1.382,0.36985714285714283,3.2079999999999993
YME2,0.7295457425502796,1.032,0.44742857142857145,2.783
UBP15,0.627625184409019,1.048,0.3845714285714286,2.0380000000000003
AQR1,0.5591501508339527,0.702,0.3908571428571429,4.249
RPL9B,0.6088304522406902,1.134,0.45428571428571424,3.0909999999999997
RPL16B,0.4241175241694377,0.807,0.266,2.0250000000000004
IMP4,1.0115138714230412,1.62,0.4495714285714286,3.264
IST1,0.3374258597043725,0.665,0.2535714285714286,2.602
RPP2A,0.49649752887242354,0.737,0.3018571428571429,2.616
PFK27,0.6538742918839864,0.88,0.2954285714285714,2.0760000000000005
PET123,0.4484108363069294,0.673,0.30957142857142855,2.644
TMA16,0.7155432771591045,0.915,0.3787142857142857,1.967
SEC63,0.6791695012706883,1.01,0.3072857142857143,2.266
CIR2,0.3318054589141838,0.885,0.204,1.8070000000000002
CAM1,0.5355019216745227,0.7,0.3061428571428571,2.657
MNN9,0.5984895495254281,0.712,0.3765714285714286,1.6409999999999996
LEE1,1.2805439380888108,2.085,0.5589999999999999,4.052
NOP53,0.9848011173494015,1.539,0.4677142857142857,3.4320000000000004
PEP4,1.0482233961565517,1.612,0.690857142857143,3.009
HSP82,0.9171342568906364,1.049,0.7187142857142857,3.099
JID1,0.5437608913871945,0.793,0.2598571428571429,2.567
NCE102,1.628047395056316,2.005,0.917,4.234999999999999
NCA2,0.5681004388536612,0.882,0.3098571428571429,2.125
PES4,0.6650973110972351,1.041,0.2948571428571428,2.652
NSE1,0.12570393205652103,0.683,0.232,2.1290000000000004
PET309,0.3795528971754042,0.954,0.3078571428571429,2.5529999999999995
HHO1,0.7508488145975062,1.053,0.4747142857142857,2.1180000000000003
YPL150W,0.29429983561178724,0.881,0.24700000000000003,2.634
CDC60,0.6241784504773594,1.04,0.2634285714285714,2.1610000000000005
PUS1,0.8463919533310287,1.306,0.4515714285714285,2.656
YFL013W-A,0.790020781754324,2.007,0.6022939693330596,6.533057785331417
BIL1,0.5813556976192547,1.321,0.4274429522517992,3.7948668725536043
YAR066W,0.5263755552849942,0.893,0.32285714285714284,2.8049999999999997
YIL014C-A,0.9312068961124814,1.415,0.5205714285714287,4.624
ADE17,1.3715951753817306,2.0,0.601,7.744
RPL2A,1.1192002273366182,1.641,0.6125714285714287,3.272
RPC10,0.4798523385214343,0.696,0.27342857142857147,1.6109999999999998
SEC7,0.46602043419763994,0.721,0.2641428571428571,1.9569999999999999
YRF1-1,0.44334017484659094,0.851,0.3182857142857142,2.29
MIT1,0.6276524087644508,1.041,0.31614285714285717,2.186
YKL083W,1.0691277902686818,1.647,0.4647142857142857,3.3770000000000002
PTK2,1.0733043276833243,1.419,0.5248571428571429,2.9930000000000003
BUD14,0.424878452201075,0.553,0.22269706617037682,1.9999194485113325
CDC15,0.12367306371311772,1.008,0.18288099291929677,2.058005209373688
PDR3,0.31986556218504647,0.918,0.4344285714285715,2.665
ALK2,0.3948966956872153,1.176,0.28757142857142864,3.835
ECM33,1.026850248171325,1.557,0.4964285714285714,3.3859999999999997
RPL19A,0.7740193415209922,1.29,0.37485714285714283,2.952
RPS6B,0.9115140208317968,1.472,0.503,3.5650000000000004
CHA1,0.3006879727972596,0.97,0.4378571428571429,5.056
CPR4,0.20240161159849812,0.923,0.2664285714285714,2.3230000000000004
PHO11,1.0613181995858105,1.684,0.6495714285714286,3.1809999999999996
HTB2,0.3620150841379837,0.715,0.3251428571428571,2.2960000000000003
RPL32,0.6335019738636356,0.909,0.31228571428571433,2.039
TIP1,0.5825018701072702,1.138,0.4348571428571428,1.9549999999999998
CSH1,1.122754634370349,1.597,0.5225714285714286,3.972
PEX32,0.6232624803650271,1.023,0.2891428571428571,2.38
NPL4,0.421803746068475,0.801,0.2641428571428572,2.205
YPT10,0.48874980325322803,0.915,0.336,1.915
YBR266C,1.1584622266970541,1.831,0.5471428571428572,4.146999999999999
YCL053C,1.2754115322436383,1.909,0.5655714285714286,3.788
PRD1,0.3079830384354825,0.933,0.22071428571428572,1.8800000000000001
KRR1,1.5161843750170492,2.186,0.7261428571428571,4.702999999999999
MRX9,0.543488708031389,0.754,0.3414285714285715,2.299
BSC1,0.5639112766278532,2.026,0.5362241669157203,6.255861663179916
LYS21,0.28902545758774045,0.801,0.35014285714285714,2.495
DOA4,0.8701893057941287,1.289,0.43542857142857144,3.44
PPH3,0.6484885126843691,0.918,0.31957142857142856,2.0200000000000005
SED1,0.9777577218397722,1.438,0.9097142857142856,1.789
TRM82,1.1768986193255389,1.84,0.4902857142857142,3.636
STB3,0.6703214994956121,1.045,0.3301428571428571,2.304
HSP42,2.045626136165241,2.66,1.1962857142857144,6.227000000000001
CCC2,0.3261516845192076,0.742,0.24214285714285716,2.255
YDR271C,0.3281321666682845,0.633,0.233,2.399
GLO2,0.7919968532400208,1.33,0.5047142857142858,2.573
BCP1,0.6246646682176783,1.054,0.28414285714285714,2.4050000000000002
ESF1,0.6727864103512544,1.161,0.2754285714285714,2.565
YHP1,0.46318326180521097,0.676,0.3038571428571428,2.1239999999999997
TSA2,0.7866842553669833,1.72,0.6935714285714286,3.208
MFA1,0.3727576147255989,0.949,0.37957142857142856,1.8539999999999999
UBC8,0.8624329777615828,1.325,0.4332857142857142,2.8260000000000005
RPN3,0.5054493321806842,0.958,0.35428571428571437,2.595
GCD11,0.5675811476164775,0.923,0.25057142857142856,2.1740000000000004
SHO1,0.562078815508154,0.786,0.27557142857142863,1.8099999999999998
BUD27,0.542150630076648,0.928,0.2692857142857143,3.0140000000000002
PRE4,0.4655912544696707,0.913,0.2914285714285714,2.114
RPN12,0.3758492217884122,0.912,0.324,2.4819999999999998
YGL081W,0.9253477298720052,1.401,0.5942857142857143,2.783
TOS3,1.0236732402516278,1.55,0.4461428571428572,3.0509999999999997
CLB1,0.8703113052249178,1.317,0.49657142857142855,3.444
CLD1,0.8704435346399213,1.265,0.4874285714285714,3.004
HSE1,0.5252125742359903,0.766,0.32485714285714284,2.07
FSH1,0.7966039807770453,1.316,0.4961428571428571,3.285
SKG6,0.1352798752785149,1.593,0.2641214702108879,3.656137778718655
RPL2B,1.1029127624090491,1.744,0.5661428571428572,3.3209999999999997
IRR1,0.5570686897849846,0.775,0.33928571428571425,1.991
PRM5,0.36451453579326715,1.156,0.45599999999999996,2.9899999999999998
RPI1,0.36282776466944,0.709,0.3772857142857143,2.779
KGD1,0.5554708919071304,1.066,0.3932857142857143,2.1
GTT1,0.7898060985559481,1.624,0.708857142857143,3.3670000000000004
TRL1,0.5304788472505754,0.704,0.27885714285714286,2.045
SIP4,1.0937657331879906,1.857,0.5812857142857143,3.732
TOK1,0.46247333426451376,1.217,0.3398571428571428,2.831
PHS1,0.7713165898299663,1.111,0.3874285714285714,2.075
MNN11,0.45210582325117765,0.667,0.2751428571428572,1.692
RPS14B,0.597359838939536,0.897,0.26857142857142857,1.9369999999999998
CCT5,0.5426955172235779,0.953,0.3008571428571428,3.117
PRS1,0.6626399438918114,0.927,0.34257142857142864,2.116
ASH1,0.992083993340219,1.262,0.5094285714285715,2.708
HYM1,0.5288021989414365,0.843,0.2754285714285714,2.5869999999999997
TRM2,1.791365258411353,2.941,0.7427142857142858,5.780999999999999
YLL044W,0.9152728226371084,1.313,0.469,2.587
RPL10,0.48178910193927504,0.767,0.24100000000000002,1.7790000000000001
PUS5,0.6932966933525281,0.999,0.3395714285714286,2.48
YLR171W,0.3971438925448125,0.618,0.20357142857142857,2.39
CBF5,1.543539621042262,2.283,0.7400000000000001,4.8229999999999995
BOP2,1.5029360365204305,2.123,0.7288571428571429,4.734
CMG1,0.46444487619520775,1.049,0.35528571428571426,2.645
ADE13,0.6085316437037973,1.026,0.4637819588601624,3.849947424042272
NMD4,0.6589716423601741,0.861,0.31685714285714284,2.012
RPS22B,0.7718174260998236,1.17,0.39728571428571424,2.5469999999999997
PDS5,0.6386091803258984,1.036,0.3692857142857143,2.5250000000000004
CTF18,0.3353298147030602,0.691,0.2532857142857143,1.6219999999999999
HSC82,0.5197918357684328,0.929,0.4818571428571429,2.977
HAS1,1.1538743906417506,1.513,0.5757142857142857,3.0889999999999995
YNL058C,0.7527338113640447,1.026,0.4114285714285714,2.902
YNL060C,0.9075986706550968,1.294,0.42442857142857143,2.519
GCD10,0.8478760143103128,1.343,0.38499999999999995,2.878
YDJ1,0.6943463087238312,1.094,0.519,2.798
YNL150W,0.6507331690758604,0.911,0.31485714285714284,1.936
YGP1,1.779571660428156,2.778,1.4802857142857142,4.654999999999999
RPA49,1.5392439641491795,2.419,0.6777142857142856,5.351000000000001
FOL1,0.7124259294028135,1.01,0.3427142857142857,2.4099999999999997
RPC34,0.5127152419380712,0.695,0.287,1.651
NRM1,0.5478887062165823,0.848,0.27614285714285713,1.8319999999999999
TSR4,0.899418506153128,1.437,0.38757142857142857,3.1489999999999996
OPI10,0.5470678458154872,0.672,0.3048571428571429,1.9400000000000002
MCH4,0.6049513960600851,1.24,0.5111428571428571,2.306
RPS19A,0.6938071652254254,1.087,0.36714285714285716,2.491
HRP1,0.33697112726355505,0.885,0.31071428571428567,2.1470000000000002
RPL25,0.5702419483316237,0.895,0.30028571428571427,2.173
ETT1,0.6301523669491325,1.098,0.25014285714285717,2.374
THI80,0.5353429975308541,0.777,0.3267142857142857,1.8820000000000001
PNO1,0.9926249413836172,1.416,0.4445714285714285,2.961
PUS7,0.8340370592666556,1.244,0.37371428571428567,2.701
DGA1,0.7366785730855906,1.081,0.35671428571428565,2.292
EGD1,0.6998279652802455,0.982,0.39142857142857146,2.0
NOP4,1.1874318849286931,1.636,0.5947142857142858,3.396
RPL33A,0.6305628254235184,0.99,0.3087142857142857,2.3129999999999997
YPR044C,0.6563326925520386,0.893,0.32071428571428573,1.855
YPR142C,1.0313229931434185,1.526,0.4574285714285714,3.002
NOC4,0.7226785294624227,1.21,0.3327142857142857,2.7039999999999997
SAS3,0.6972919720975623,0.855,0.38742857142857146,1.63
FAS1,0.5532170099339434,0.774,0.31099999999999994,2.221
MIA40,0.298394453522297,0.728,0.3245714285714286,2.667
UTP20,0.6168014277509762,0.807,0.3137142857142857,2.0100000000000002
RRP12,1.1778775521434028,1.756,0.5605714285714286,3.4359999999999995
YAL004W,0.1106213387615621,0.777,0.2492857142857143,1.931
FUN12,0.9172945037742659,1.266,0.47600000000000003,2.4639999999999995
PHO11,0.8682073042653875,1.415,0.5671428571428572,2.6240000000000006
RPL32,0.5325119579815272,0.995,0.26528571428571424,2.06
CSH1,0.9902995422191349,1.349,0.47257142857142853,3.5949999999999998
YBR266C,0.9518503322633728,1.279,0.4609999999999999,2.7359999999999998
YCL053C,1.1319301856730923,1.371,0.5741428571428572,2.6260000000000003
KRR1,1.4902443977115858,2.01,0.713857142857143,4.0089999999999995
MAK16,1.2619799837161294,2.066,0.49785714285714283,4.210999999999999
YBL005W-A,0.31042875691328264,0.481,0.3087142857142857,1.3050000000000002
SFT2,0.2984083081952358,0.659,0.3098571428571429,1.583
RPG1,0.8464753533237573,1.335,0.36128571428571427,2.635
TEC1,0.791938624173974,1.003,0.5482857142857143,2.054
MIS1,1.1724498457577326,1.783,0.5272857142857142,3.762
POL30,0.9992884286110679,1.121,0.5415714285714286,2.837
SMP1,0.6539554609820569,1.098,0.3625086345434484,4.503057785331416
PAT1,0.6050925756335058,0.825,0.31285714285714283,2.357
PRM7,0.5725525757845262,0.852,0.4207142857142857,3.512
RRP8,1.509316963894207,2.304,0.6242857142857143,5.004999999999999
AFR1,2.0215931403264706,2.443,1.1045714285714285,6.308
UPS3,0.37280168115276346,2.072,0.3331572054996797,4.577889638710856
DON1,0.771358707395571,1.133,0.45071428571428573,2.299
BSC2,0.211647124965324,0.891,0.31857142857142856,2.723
MTH1,1.0359448358375634,1.813,0.6980000000000001,7.865
RNH202,0.7238345612782053,1.06,0.344,2.288
RMT2,0.7547885652337649,1.153,0.33657142857142863,2.484
SDC1,0.5133146920125231,0.825,0.23114285714285712,2.022
RPL27B,0.9410622610993457,1.504,0.48928571428571427,3.5319999999999996
EDC2,0.5438089677517403,0.747,0.31242857142857144,1.7120000000000002
PHM8,1.250283952349006,1.674,0.6105714285714285,3.3639999999999994
NSA2,0.8959796705072702,1.551,0.42685714285714293,3.5629999999999993
COM2,0.3763774875779301,0.832,0.339,3.1020000000000003
TUB2,0.4980907908127842,0.853,0.23242857142857143,2.25
SRM1,0.8697198936122316,1.207,0.4794285714285715,2.9090000000000003
LSG1,0.7737194592912534,1.231,0.386,2.7850000000000006
RPL28,0.944779141656403,1.45,0.4065714285714286,3.044
POP6,0.5567756248419499,0.904,0.23114285714285715,1.8399999999999999
RPS23A,0.6657866936364262,1.123,0.3188571428571429,2.4909999999999997
YGR122W,0.7730125734654082,1.144,0.344,2.436
ASN2,0.7551116927930471,1.17,0.3747142857142857,2.2439999999999998
UTP8,1.3832237692392235,2.307,0.5587142857142857,4.9559999999999995
RPS0A,1.001069094583644,1.578,0.4675714285714286,3.441
RRP3,1.0388317169458055,1.695,0.44000000000000006,3.8500000000000005
SPO16,0.40444594108636567,0.916,0.2835714285714286,2.179
CAP2,0.288181699098928,0.842,0.28528571428571425,1.963
RRT14,1.1574403753908746,1.82,0.47685714285714287,4.032
RPL16A,1.097421574309888,1.838,0.49557142857142855,3.959
NOP9,0.9009842528341117,1.273,0.4478571428571429,2.388
GSM1,0.7160854725230207,1.137,0.35628571428571426,3.156
YJL107C,2.077250494982545,3.309,0.9742857142857143,7.188000000000001
UTP10,0.6383255551238144,0.831,0.37942857142857145,2.3129999999999997
LIA1,0.9563148074911207,1.418,0.4861428571428572,2.891
NPA3,0.6880812925558508,1.241,0.26857142857142857,2.509
RPL14A,1.0073319954041324,1.718,0.42314285714285715,3.672
LAC1,0.4148922156414959,0.643,0.24699999999999997,2.08
CWP1,1.650507850583654,2.201,1.0559999999999998,4.208
CWP2,0.7112086297968855,1.115,0.3742857142857142,3.4619999999999997
UTP11,1.1778656819257973,1.936,0.49728571428571433,4.528999999999999
APE1,1.0627740167773176,1.816,0.6354285714285713,3.748
SDS22,0.9195560914110481,1.149,0.5117142857142857,2.566
MNN4,0.7994694055328693,1.04,0.48871428571428577,2.2110000000000003
YLL054C,0.5193320083733586,0.869,0.2905714285714286,2.432
MHT1,0.38230017714512043,1.133,0.36799999999999994,3.636
GAL2,0.6674780661271231,0.786,0.41557142857142854,4.01
EMP70,0.8972349645248239,1.284,0.4222857142857143,2.987
ALT1,0.6667924819070913,0.997,0.5652857142857143,1.8229999999999995
YLR177W,0.6082912798978223,0.816,0.3191428571428571,2.424
TOS4,0.9732128212088174,1.436,0.4992857142857142,3.5549999999999997
RPL37A,0.6990588450238028,1.103,0.31485714285714284,2.32
STP3,0.28884838527342005,0.571,0.25157142857142856,2.144
YML002W,0.6720865260709835,1.193,0.2871428571428572,2.536
GLO1,1.9128079315945818,2.863,1.0751428571428572,5.831999999999999
ISF1,0.7666823295948927,2.39,0.6148571428571429,6.318
ADH3,0.6614850855477669,0.984,0.3392857142857143,2.556
YTA12,0.45761451192255465,0.611,0.27357142857142863,2.221
UTP15,1.0353550655514878,1.808,0.3851428571428572,3.828
VTI1,0.6297289367560801,1.276,0.43028571428571427,2.507
CLN1,0.527451828521565,0.834,0.24685714285714283,2.235
YMR295C,0.48193892950641476,0.82,0.3101428571428571,2.799
PRC1,0.4751674488353384,0.833,0.3955714285714285,2.206
SCW10,0.8371516159315555,1.308,0.4352857142857142,3.564
SUN4,0.7941729578596917,1.107,0.4771428571428572,2.2289999999999996
RPL42A,0.7332135059983291,1.168,0.31585714285714284,2.5009999999999994
PDR17,0.32227105454821364,0.79,0.32457142857142857,2.037
YNL266W,0.34218595622793796,0.561,0.29242857142857137,2.503
LYP1,0.6487384213347279,1.004,0.301,2.6239999999999997
PRE6,0.28173599172627617,0.556,0.27599999999999997,2.2790000000000004
RPS15,0.6829342451959022,1.054,0.38100000000000006,2.568
VPS68,0.46768148169923945,0.743,0.3498571428571429,1.7790000000000001
CDC33,0.6984056751533301,1.134,0.3404285714285714,2.734
LPL1,0.4390652866283058,1.153,0.3492857142857143,2.8400000000000003
RPL3,1.1678835130427445,1.738,0.507142857142857,3.5330000000000004
ALG8,0.5904337352642399,0.783,0.2871428571428571,1.677
PNS1,2.034470186358298,2.467,1.1761428571428572,4.644000000000001
RPT4,0.24223856809079009,0.871,0.3284285714285714,2.62
RPN8,0.34493983430880204,1.07,0.3934285714285714,3.1210000000000004
GDS1,0.44611227238724405,0.674,0.24385714285714286,2.608
SUR1,0.9362542124875262,1.117,0.5414285714285715,4.7
PXA1,0.575758877476385,1.066,0.2315714285714286,2.5380000000000003
CIN2,0.5417574625385411,0.871,0.2805714285714286,1.9640000000000002
YPR150W,0.6020646996756731,0.888,0.27685714285714286,2.06
TPO3,1.004964104302907,1.193,0.6335714285714286,4.988
CUR1,1.3143716131575283,1.548,0.8447142857142856,3.8850000000000002
RPS11B,0.5689835644443335,0.826,0.285,2.099
DEG1,0.49377602128295645,0.681,0.23442857142857143,1.8350000000000004
CAK1,0.2911512559332259,0.773,0.254,2.4880000000000004
YLR031W,0.8108221510718412,1.189,0.5278571428571428,3.6140000000000003
PDC5,0.44488378238954457,0.61,0.32157142857142856,1.766
YLR177W,0.7831209488092368,1.054,0.45814285714285713,3.832
NEW1,0.8278582100444161,1.228,0.3925714285714285,2.451
SPC24,0.44502149886644427,0.856,0.30387152368037057,1.7239194485113323
PSP2,0.17860850085008687,1.144,0.2040143808232277,2.6110577853314156
YEL076W-C,0.9939786001125548,1.844,0.5680143808232277,7.926005209373688
QCR10,0.03843715223611331,3.0,0.45976595350783445,3.399941656567155
HXT6,0.6564624436925323,1.188,0.465,5.27
YML003W,0.35811340476389986,0.548,0.2572857142857143,2.345
GCR1,0.5912881657486028,0.909,0.3821428571428571,2.372
SRP72,0.5975192646170694,0.779,0.30628571428571433,1.617
ADE1,0.1915132794633113,1.019,0.25986323616662027,2.712947424042272
MAK16,1.0098183805182157,1.445,0.4682857142857143,2.9299999999999997
RPG1,0.7500282884894814,1.128,0.4032857142857143,2.385
TEC1,0.6277833869041128,0.955,0.4642857142857143,1.767
MIS1,1.0206382594981454,1.555,0.5045714285714286,3.379
POL30,0.9719062558860396,1.156,0.5421428571428571,2.854
SMP1,0.2997029962028461,1.487,0.41672863407110833,5.747889638710856
PAT1,0.44952964590408195,0.692,0.2532857142857143,1.9439999999999997
PEP1,0.20893114444946384,0.81,0.2107142857142857,2.103
UGA2,1.0713202047771517,1.434,0.6654285714285715,2.735
YBR089W,0.7547306726600989,0.955,0.42914285714285716,2.3320000000000003
PHO3,1.2855270789743602,1.645,0.7819999999999999,2.979
YPC1,1.8678378509511888,2.575,0.9905714285714285,6.1400000000000015
RPS9B,0.6996760262594907,1.075,0.39514285714285713,2.593
RPL21A,0.6534716379469432,1.056,0.32642857142857146,2.302
MED8,0.6842471059991904,0.959,0.3561428571428572,2.2670000000000003
YBR285W,1.4126509778839365,1.953,0.8382857142857143,4.175
YBR287W,0.5798503536772854,0.913,0.3528571428571428,3.251
YCLX07W,0.6459293567894709,1.172,0.28214285714285714,2.895
KIN82,0.6006946993411028,0.803,0.4005714285714285,1.9120000000000001
YDL050C,0.4705754596447794,0.736,0.26385714285714285,1.7960000000000003
LDB17,0.4596901532500728,0.673,0.2641428571428572,1.8720000000000003
NOP14,1.4570407488695356,2.396,0.6337142857142857,5.393999999999999
RPC53,1.0205911563135177,1.505,0.6522857142857142,4.202999999999999
YDL152W,0.6793448382646348,1.128,0.31642857142857145,2.698
YRB1,0.5241670686899952,0.723,0.342,2.288
GIS1,0.8862475825117013,1.492,0.3977142857142857,3.9530000000000003
TVP15,0.35559520798060684,0.695,0.2557142857142857,2.137
NUP42,0.3373547735357192,1.076,0.38100000000000006,2.467
CAB5,0.561876318439437,0.813,0.3077142857142857,1.8679999999999999
DPP1,0.7015866372794712,0.979,0.37700000000000006,1.911
ARO10,1.1040814865173854,1.643,0.6414285714285715,4.79
RPP2B,0.6945049923432252,1.057,0.4002857142857143,4.085
DIG2,0.5630572590788216,1.06,0.3113217870644543,2.7105050189023596
VPS52,0.4556435181010971,0.749,0.24642857142857144,2.5050000000000003
RIP1,0.7611232627791747,1.086,0.40228571428571425,2.5020000000000002
SNU13,0.4951240303120449,0.677,0.26657142857142857,1.967
MXR1,0.4319311959622867,0.788,0.37814285714285717,3.736
TPA1,0.6118480218796625,0.971,0.26871428571428574,2.057
JHD1,0.584868149382396,0.844,0.3047142857142857,2.1679999999999997
FTR1,0.431443620651885,0.8,0.3272857142857143,2.248
YFL040W,0.6127892559827897,0.943,0.2924285714285714,2.013
PMA1,0.6011235600105963,0.944,0.3267142857142857,2.491
MPO1,1.00650229119213,1.519,0.4467142857142857,3.278
PUF4,0.22048707720588834,0.523,0.24928571428571428,1.912
VPS73,1.044489845432975,1.4,0.6192857142857143,2.633
ARO8,0.24809800794575543,0.568,0.2745714285714285,1.668
YGR035C,0.6734144710872962,0.813,0.4498571428571428,3.242
NQM1,3.1866235720070586,4.576,2.495285714285714,7.2559999999999985
FHN1,0.5868321170732584,0.968,0.31557142857142856,2.384
PRE9,0.45329018324642023,0.828,0.33199999999999996,1.724
AMA1,0.9095586041326549,1.539,0.4555714285714285,3.1439999999999997
RPL8A,0.9876726392353574,1.375,0.5058571428571429,2.839
VMR1,0.5011295452746192,0.749,0.331,2.6020000000000003
NMD3,0.7918205852944536,1.418,0.35875035849302567,4.82149498109764
PIG2,1.8324415361419149,2.771,0.8777142857142858,7.749
DFG10,0.7062839184432911,1.033,0.36399999999999993,3.1009999999999995
NDC80,0.6233562596887801,0.965,0.3201428571428572,2.6670000000000003
ATG32,0.6566999360381718,0.983,0.4078571428571428,2.7270000000000003
RPL40A,0.5192627397227322,0.809,0.24685714285714286,1.727
YJL015C,0.7013555527224036,0.931,0.4011428571428572,1.9770000000000003
YJL016W,0.7718394804793429,1.03,0.4622857142857143,1.9950000000000003
NUC1,1.0361802993275577,1.424,0.48221466521038886,3.4020053129454455
PEX2,0.07420012304889567,1.384,0.2217860937818175,1.706
HXT8,0.6782139901403577,1.355,0.5401428571428571,4.271
MAK11,0.5734207802735996,0.944,0.24614285714285714,1.892
AAT1,0.31284800282363034,0.873,0.27285714285714285,3.5269999999999997
KTI12,0.5914021688804674,0.91,0.264,1.8730000000000002
YKL202W,0.9563303293980376,1.381,0.5485714285714286,3.1450000000000005
UBA1,0.376907076569887,0.997,0.2942857142857143,2.157
YKR075C,0.5128778648346058,1.555,0.5191428571428571,5.349
RPF2,1.4363575854314388,2.352,0.6062857142857144,5.367000000000001
NOC3,0.9647114327316308,1.738,0.3804285714285714,3.6910000000000003
SSK1,0.6182496851239624,1.095,0.2562857142857143,2.4330000000000003
GIS3,0.40935784749283677,0.774,0.23414285714285715,2.4939999999999998
PWP1,1.5612284843703566,2.578,0.6807142857142857,5.642
YLR198C,0.886857967790438,1.379,0.427,3.4979999999999998
ECI1,1.0050436354778913,1.472,0.472,2.9859999999999998
COQ11,0.6451948870217313,0.868,0.344,1.8290000000000002
RPS29A,0.5494213241226442,0.766,0.2795714285714286,2.2900000000000005
NDI1,0.4140020579745294,0.787,0.25689321563588285,2.3315050189023596
RSC9,0.6229778863144753,0.921,0.334,3.133
YML131W,2.197024118272446,3.113,1.3542857142857143,6.093
PSE1,0.5454321331909486,0.888,0.27271428571428574,2.261
YMR310C,0.5794751040263969,0.882,0.3,2.049
DIA1,1.0230918407555716,1.701,0.4404368264759166,4.161057785331416
TCB2,0.8383624826784706,1.088,0.4851428571428572,2.588
NOP13,1.127481619767698,1.792,0.5417142857142857,4.119
NPR1,0.6923081245152249,1.107,0.34685714285714286,2.7140000000000004
SOL1,0.6497125410443425,1.035,0.28614285714285714,2.207
LDS2,0.6616744188488645,1.052,0.3577142857142857,2.7430000000000003
YOL053C,0.9482050445420664,1.196,0.5734285714285715,2.109
RRP40,0.5224447992501311,0.837,0.31157142857142855,2.311
YOL150C,2.4294155003888,3.49,1.4185714285714286,6.4590000000000005
SKI7,0.5493872168468084,0.84,0.24085714285714283,2.2409999999999997
BUD21,0.8517695317134311,1.236,0.49871428571428567,2.475
YTM1,0.7778629392009782,1.361,0.3833217870644542,4.2914949810976415
PDE2,0.5730379082413359,0.882,0.2722857142857143,2.5210000000000004
MFM1,1.1574179210088,1.679,0.55,3.472000000000001
CWC27,0.6676688567906401,1.057,0.3405714285714286,2.626
RGL1,0.42530072447176503,0.538,0.23885714285714285,2.3209999999999997
MUK1,0.43783242971079295,0.756,0.21157142857142855,1.71
AIM44,0.6623539584806022,0.774,0.39328571428571435,1.99
CDC60,0.6810187657912921,1.092,0.2944285714285715,2.402
ATG29,0.7377831539578305,1.168,0.33999999999999997,2.718
CLN2,0.5016235174756928,0.737,0.29928571428571427,2.606
YPL260W,0.5592460768109636,1.074,0.21503607277873998,2.7715050189023596
TIF3,0.9150644973686648,1.532,0.4475714285714285,3.35
KTR4,0.91460721244191,1.326,0.5087142857142857,2.7
FUS1,0.674163575055786,1.073,0.34214285714285714,2.996
YGL036W,1.2800275327106276,1.919,0.5761789299215971,5.2325050189023585
PPZ1,0.7917061462582402,1.056,0.43400000000000005,1.913
FAS2,0.6439456628571351,0.957,0.3708571428571429,2.4909999999999997
HOS1,0.7114949766504783,1.019,0.3387142857142857,2.5799999999999996
RPL6A,0.7188257203672902,1.036,0.3432857142857143,2.106
SAM37,0.41011278470989687,0.64,0.2412857142857143,1.801
PRP16,0.6067195276281047,0.837,0.35600000000000004,2.3899999999999997
SDC25,0.14295423499261156,0.625,0.2602857142857143,0.9789999999999999
KEL3,0.6182022042840213,0.853,0.3594285714285714,1.9279999999999997
PBI1,0.49503882818045436,0.952,0.22635338743159084,2.633
RPA135,0.8203469501128144,1.246,0.4326391017173052,2.3989474240422726
YPR044C,0.5197860233749151,0.814,0.25763910171730514,1.624947424042272
SDS24,1.2264365678471207,1.732,0.6444285714285716,3.4619999999999997
UGA2,0.619661365656496,1.163,0.3209650237034146,2.989505018902359
YBR089W,0.4680814504158232,0.689,0.28360750135016854,2.9134949810976405
PHO3,0.7847840536633715,1.238,0.49446464420731134,4.35649498109764
YPC1,1.7563911321944086,2.458,0.9705714285714285,5.185
RPS9B,0.7334520676107399,1.102,0.40057142857142863,2.498
RPL21A,0.7457289077382271,1.147,0.39371428571428574,2.579
MED8,0.5142008554856731,0.638,0.2845714285714286,2.883
PAF1,0.34671089405584526,0.639,0.23714285714285713,2.816
YBR285W,0.8093185852915121,1.728,0.5487142857142857,3.8930000000000002
YBR287W,0.4325283655491872,0.633,0.28657142857142853,2.4379999999999997
RBG1,0.7097956028204692,1.049,0.3421428571428571,2.143
RPL19B,0.943801268717263,1.507,0.4177142857142857,3.1959999999999993
YBL029W,0.681845300496555,0.911,0.448,2.077
POL12,0.5730048172961729,0.895,0.25414285714285717,1.833
HHT1,0.5252569131939681,0.897,0.40028571428571436,2.327
GRX7,0.9450981624624857,1.3,0.5567142857142857,2.644
YMC2,1.22910464609443,1.972,0.5507142857142858,3.811
PHO88,0.7597533542801682,1.177,0.33828571428571425,2.4550000000000005
COS111,0.7895313112938227,1.277,0.40042857142857136,4.2139999999999995
VBA2,0.6783042692847127,1.028,0.3058571428571429,2.241
MAL33,0.6858164175566616,1.29,0.283,3.505
CIT2,1.116913335791868,1.621,0.5918571428571429,4.6930000000000005
YCR007C,0.648692650509163,0.997,0.3021428571428571,2.164
ADP1,0.5682066094809095,0.816,0.32157142857142856,2.104
YDL062W,1.2548337559330278,1.498,0.6347142857142857,3.151
BDF2,0.23549587916107845,0.816,0.3685714285714286,1.29
FAP7,0.4724315488160283,0.651,0.2868571428571429,1.631
RPL4B,0.8875921028617887,1.303,0.4614285714285714,2.667
RAV2,0.8706354346912384,1.235,0.4377142857142857,3.077
YDR396W,0.7010939621772397,1.035,0.3692857142857142,1.973
UTP5,0.8664326249503255,1.252,0.49628571428571433,3.418
IZH1,1.2683156048248405,1.735,0.7032857142857143,3.1880000000000006
PUF6,2.2592067306249177,3.553,0.9252857142857144,7.2540000000000004
UTR2,0.7589031812282142,1.092,0.6294285714285716,2.41
GDA1,0.7031009771508931,1.256,0.38357142857142856,2.717
PIC2,2.079620848781515,2.63,1.3317142857142859,7.494999999999999
HIS1,0.4922057063797541,0.844,0.24057142857142857,2.254
FCY2,1.0856177851785054,1.66,0.4764285714285714,3.883
GPP2,2.56288594142602,3.144,1.5425714285714285,5.953000000000001
ZNF1,0.4359274764366841,0.892,0.35314285714285715,2.614
SCW11,0.7680277846779731,1.182,0.457,3.0300000000000002
RPL30,0.6361650838203974,0.941,0.32028571428571423,2.0180000000000002
CDC20,0.27094252384939327,0.692,0.23360750135016856,2.4654949810976405
PRP43,0.6820948487058167,1.124,0.2904285714285715,2.3290000000000006
SCM4,1.1122415373243033,2.058,0.4262857142857142,4.640999999999999
YGR053C,0.9583178306715787,1.506,0.49500000000000005,3.7840000000000003
MUP1,0.29363039664486634,0.881,0.28114285714285714,3.3630000000000004
ENP2,1.6477819246678416,2.538,0.8004285714285714,5.592
YGR149W,1.076203410464554,1.405,0.5991428571428571,3.141
YGR237C,0.928035929113191,1.309,0.4768571428571428,2.945
YAP1802,0.6415518625084723,1.04,0.2445796836187737,2.430942214668584
MPC3,1.5295917026740682,2.13,0.7022939693330593,5.926942214668584
SDA1,1.3929203703488204,2.188,0.6772857142857143,4.606000000000001
EFM1,0.9538059513702459,1.511,0.4334285714285714,3.11
LRP1,0.591235919990742,0.903,0.32942857142857146,1.8630000000000002
RTC3,2.1900030755675814,3.114,1.1622857142857141,6.0009999999999994
GAR1,1.768912044077351,2.567,1.0275714285714286,5.224
GPP1,1.6080007228026358,2.092,0.8377142857142859,4.728
AIM20,0.7792821223854774,1.07,0.382865397904488,2.159057785331416
HCA4,0.9700056206811517,1.487,0.4354368264759166,3.1029422146685843
ALB1,1.2649322412433988,1.78,0.6684285714285715,4.130000000000001
URA2,0.4635664227593622,0.76,0.2472857142857143,1.834
YJL132W,0.648056134594637,1.113,0.2812857142857143,2.553
YJL218W,0.3976972978818587,0.78,0.2165714285714286,1.6340000000000001
MPP10,0.8693898876498465,1.349,0.4202857142857144,2.7159999999999997
YJR096W,1.5377461176244371,2.406,0.9954285714285714,4.703
PAN3,0.6614842493879429,1.103,0.3,2.17
MAE1,0.6903683600265782,1.046,0.3655714285714286,1.9230000000000003
SSH4,1.013690368327711,1.55,0.5207142857142858,3.4779999999999993
YPK1,0.5918610811059692,0.751,0.371,1.511
URA1,1.0139281411976127,1.475,0.5398571428571429,3.302
YLR108C,1.2008123136760884,1.757,0.636,5.428
CCW12,0.5839733249400987,0.864,0.34114285714285714,2.362
EXG1,0.8716445927875724,1.163,0.6708571428571428,3.6260000000000003
ACO1,0.39305205487021094,0.812,0.355,2.8720000000000003
ART10,0.6943092782834278,1.184,0.30957142857142855,2.9049999999999994
TSA1,0.575011420673477,0.931,0.2732857142857143,2.2630000000000003
CDC5,0.6462602012458569,0.875,0.4334285714285714,2.1630000000000003
HFD1,1.1586015278080524,1.548,0.6634285714285715,3.4739999999999998
GAS3,0.8648641682243273,2.084,0.5534285714285715,4.95
GUA1,1.290255600696591,1.767,0.6801428571428572,4.319999999999999
YPT53,0.5593402669835424,0.906,0.34228571428571425,2.306
YNL193W,0.6300468461190577,1.026,0.26657142857142857,2.072
ARG1,0.3615732026516809,0.823,0.31528571428571434,2.1319999999999997
FRE7,0.5989793886350278,0.954,0.3574285714285714,3.5370000000000004
ECM3,0.6218745323119478,0.958,0.40614285714285714,2.973
GAC1,0.5531388692470471,1.467,0.45928571428571424,4.051
RPS30B,0.5990163559539312,0.884,0.3241428571428571,1.818
MSB1,0.6725047993604609,0.964,0.37257142857142866,2.006
ALD4,1.3586320505768865,2.336,0.5961428571428572,5.393
DIM1,0.6112410268067181,0.947,0.3384285714285714,2.13
PBI1,0.7921241925591924,1.28,0.36657142857142855,2.975
SAM3,0.7132142477991443,1.536,0.44099999999999995,3.8910000000000005
GRS2,0.4117129746738265,0.634,0.2631428571428572,1.9609999999999999
YPR087W,0.6671097407988894,1.003,0.491,2.2469999999999994
ENO1,0.40478103928353376,0.828,0.27985714285714286,3.486
SOD2,0.45401985330165645,0.715,0.347,2.3209999999999997
CLU1,0.903127387920636,1.338,0.467,2.558
ECM16,0.9400855633115227,1.207,0.45942857142857146,2.6060000000000003
GPH1,0.41849922143435764,0.778,0.31235338743159086,2.033
RPL34A,0.6064121886284273,0.917,0.2982105302887338,2.1479474240422722
ADE17,0.8286132943003208,1.544,0.6869248160030194,5.981947424042272
PAI3,0.9738723755867356,1.445,0.5189248160030194,3.246
ESP1,0.5144217350166873,0.806,0.40557142857142864,1.9400000000000002
RPL13B,0.7486861276175028,1.158,0.3434285714285714,2.3689999999999998
FBP1,0.38384504776562967,0.922,0.21757142857142858,2.361
MTF2,0.3533963466283611,0.723,0.21014285714285716,2.022
RBG1,0.7133848157754142,1.172,0.35285714285714287,2.53
CDC19,0.44882817760726934,0.812,0.3538571428571428,2.4870000000000005
RPL19B,0.8299111103992354,1.347,0.4144285714285714,3.3389999999999995
YBL029W,0.6397438006780655,0.979,0.4232857142857143,2.465
POL12,0.6096861707271962,0.907,0.29542857142857143,2.145
HHT1,0.5903178493724865,0.897,0.45628571428571435,2.1060000000000003
GRX7,0.6816648674129785,0.95,0.37542857142857144,2.1759999999999997
YMC2,0.949449644920735,1.463,0.44885714285714284,2.8419999999999996
PHO88,0.617940543027013,0.904,0.32799999999999996,2.0780000000000003
COS111,0.5434194345430815,0.891,0.2864285714285714,2.762
CTP1,0.19950148943000395,0.772,0.29714285714285715,2.363
CIT2,0.7506292209348182,1.026,0.4404285714285714,2.476
FUN12,0.7436487596701106,1.158,0.4087142857142857,2.288
POP8,0.7690784354037508,1.137,0.3437142857142857,2.456
NCL1,0.790389870994188,1.155,0.35114285714285715,2.386
NTH2,0.4480767309453323,0.853,0.2522857142857143,1.922
COQ1,0.5169987367887525,1.513,0.45585714285714285,6.033999999999999
YBR090C,0.6865085674838578,0.919,0.36899999999999994,2.08
PHO5,1.0567215475895486,1.499,0.6978571428571428,2.6720000000000006
YBR099C,0.5346211820525513,1.005,0.1924285714285714,2.199
YBR184W,0.3118864969401306,1.003,0.2581428571428571,2.2709999999999995
YBR284W,0.5724230025393405,0.994,0.2218571428571429,2.2019999999999995
YCLX02C,1.5770139982097797,2.627,0.672,5.636
YCLX06C,0.5060803335410351,1.05,0.4145714285714286,2.4699999999999998
LHP1,0.6484317314060786,1.011,0.2967142857142857,2.332
PBP4,0.38823157026544475,1.06,0.3925714285714286,2.036
PSA1,1.048588450477511,1.716,0.4788571428571429,3.747
RPS29B,0.4959584004327195,0.753,0.23442857142857143,1.616
RPN5,0.4703800185758198,1.035,0.3881428571428572,2.8989999999999996
SAS10,1.4444900596110866,2.378,0.5901428571428572,5.231
NTH1,0.7424294514186269,1.04,0.3885714285714286,2.353
RLI1,1.0640538401129698,1.64,0.4668571428571428,3.435
MSH6,0.9234969021357122,1.264,0.47428571428571425,3.186
BMH2,0.4652758719348621,0.773,0.32799999999999996,1.734
ARX1,0.9368252291466383,1.318,0.44257142857142856,2.757
ZIP1,0.4927766085078128,0.855,0.21571428571428572,1.962
RGA2,0.7261379032575538,1.166,0.3232857142857143,2.685
EFT2,0.5412395103306937,0.853,0.3005714285714286,1.638
SAH1,0.7178638038741858,1.069,0.38985714285714296,2.2219999999999995
MAG1,0.7130312840160447,1.483,0.46142857142857147,3.6100000000000008
LSM5,0.7016702550386129,1.114,0.4151428571428572,2.186
SEC53,0.5442000900932833,0.848,0.2735714285714285,1.801
PDR1,0.43213506850422423,0.667,0.2745714285714286,1.9629999999999999
NSA1,0.8745443102764711,1.445,0.3957142857142858,3.1229999999999998
RPL26B,0.7004595295990168,1.16,0.30699999999999994,2.4379999999999997
YGR042W,1.2121412106167067,1.784,0.8974285714285714,2.755
RME1,0.369198480752477,0.564,0.24685714285714286,1.899
YGR130C,0.9044184986310806,1.287,0.459,3.2940000000000005
PHB1,0.5375713538287381,0.92,0.3642857142857143,2.0900000000000003
TPO2,0.7553240485641018,0.977,0.5058571428571429,4.12
YHB1,0.9188024399100528,2.048,0.7220000000000001,4.094
MUP3,0.6149224517786157,0.995,0.37714285714285717,2.2439999999999998
PCL5,0.7967811388121513,1.042,0.5847142857142857,2.1
LAM4,0.5788082318583085,0.96,0.24500000000000002,2.0460000000000003
DBP8,0.6711749886817671,0.969,0.3888571428571428,2.2199999999999998
ATG7,0.8562179866186758,1.376,0.4384285714285715,3.6549999999999994
NEO1,0.6102565416648403,1.062,0.248,2.2420000000000004
RPL34B,0.5703916212720777,0.885,0.28485714285714286,2.16
ASF1,0.8801931591321461,1.264,0.4842857142857143,3.077
YJL213W,0.7377963425422183,1.176,0.37514285714285717,2.672999999999999
REE1,0.4114191687640132,1.227,0.36928571428571433,3.894
HAP4,0.89332852379978,1.881,0.8624285714285714,7.414
LOS1,0.7147303906701592,0.975,0.3594285714285714,2.003
EMC3,0.16435026965345456,1.728,0.3112857142857143,2.228
DOA1,0.2702793576485507,0.504,0.26,1.6580000000000001
ECM4,0.5400320753378037,1.109,0.47828571428571426,2.031
MTD1,0.5301830287382138,1.291,0.37,3.5219999999999994
CMS1,1.257883527982918,2.069,0.5602857142857143,4.680000000000001
NYV1,0.47300985302031473,0.636,0.30757142857142855,1.524
NOP56,1.0270678421472912,1.615,0.4528571428571428,3.775
YLR287C,0.7376043548880334,1.262,0.3032857142857143,3.2850000000000006
GSP1,0.40285165978104714,0.556,0.2327142857142857,2.4050000000000002
REH1,0.2874083413861247,0.819,0.2554285714285714,1.9449999999999998
YML018C,0.6562386954827798,0.958,0.34957142857142853,2.465
PHO84,1.7593626323534224,2.663,0.7692857142857142,6.486
MSC1,2.8612063432822397,4.196,1.721142857142857,8.270999999999999
ERO1,0.5019918781678441,0.748,0.30428571428571427,1.693
PGM2,2.371092809751185,3.092,1.417714285714286,6.276000000000001
GAS1,1.3117208604703121,1.989,0.6868571428571428,5.3870000000000005
NIP1,0.9914806699232537,1.449,0.46385714285714286,3.0120000000000005
GLC8,0.17548664434390782,0.819,0.2571428571428571,2.237
YMR315W,1.3426106677253595,1.87,0.8504285714285713,3.9120000000000004
YNL174W,1.198163977238912,2.017,0.5061428571428571,4.645
RPS3,1.0190040999169443,1.559,0.4974285714285714,4.132
IPI3,1.6370976678688578,2.384,0.7752857142857142,4.879
GOR1,0.9715829916327205,1.598,0.6507142857142858,3.37
RRT8,0.5531726067192475,0.753,0.36957142857142855,1.9389999999999998
DCP1,0.6919423605747282,0.9,0.3582857142857142,2.4650000000000003
GRE2,3.3057840579152877,4.45,1.9924285714285712,8.083
MPC54,0.5832313376663917,1.034,0.28928571428571426,2.301
HRK1,0.6329806030175099,0.886,0.49100000000000005,2.541
RPS12,0.9923971593355791,1.479,0.4795714285714286,3.588
ALD6,1.2358479075319684,1.999,0.6892857142857143,6.034
PET20,0.7124222234068595,1.158,0.37957142857142856,2.7549999999999994
BEM4,0.39060138402383926,0.563,0.2864285714285714,2.327
SVS1,0.7155194799718916,1.044,0.43557142857142855,3.0389999999999997
SET6,0.8585009146419498,1.156,0.519,4.047
REV3,1.3265517747592108,4.278,0.7645714285714285,9.192999999999998
APM1,0.463607440594402,0.796,0.2392857142857143,1.832
KEL3,0.6721104508155242,0.94,0.42142857142857143,2.505
YPR172W,0.34391613565252976,0.767,0.2571428571428572,1.7810000000000001
YLR279W,1.0399231221304819,2.1,0.3554285714285714,4.49
RPL31B,0.5375586320470811,0.923,0.29442857142857143,2.173
YAR075W,0.7749150537181109,1.245,0.40614285714285714,2.8530000000000006
GIM5,0.5028261451994793,0.829,0.244,2.179
RPS17A,0.7594565485033216,1.141,0.37614285714285706,2.2199999999999998
RPS18B,0.746093048535487,1.109,0.3380000000000001,2.323
PTR2,0.41697158149205915,0.705,0.27314285714285713,2.288
UBI4,0.8393668310913427,1.041,0.5401428571428571,2.0669999999999997
EHT1,0.4186500984795988,0.711,0.279,1.667
RER1,0.1988590579327364,0.938,0.3000094692389262,3.0279999999999996
POP8,0.7119771268459848,1.083,0.3377142857142857,2.437
NCL1,0.7416995101899202,1.17,0.34471428571428575,2.5159999999999996
YBL112C,0.5876313978531068,1.066,0.4588571428571429,2.092
COQ1,0.16613955375836323,0.9,0.31279021390750744,3.347889638710856
PHO5,0.9099886891486981,1.607,0.6245714285714286,2.795
YBR184W,0.33217526210348264,1.054,0.24885714285714286,2.9139999999999997
BSD2,0.14644744568975557,0.79,0.18,1.274
YCLX02C,1.2779341540262104,1.956,0.6052857142857143,4.202999999999999
ABP1,0.2223620157297054,0.773,0.22228571428571428,2.107
YBL028C,1.4434492652850908,2.38,0.5558571428571428,4.886
HHF1,0.6396290224729884,0.975,0.5067142857142858,2.5290000000000004
YBR012W-A,0.40655068139369094,0.734,0.3827142857142857,2.34
FES1,0.33747047802100055,0.737,0.35085714285714287,2.0229999999999997
VID24,0.5454079062210222,1.158,0.4305714285714286,2.242
YSA1,0.2731390579843699,0.805,0.26771428571428574,2.363
LDH1,0.544727608065213,0.859,0.3335714285714286,2.2840000000000003
MAL31,0.6582707950387142,1.242,0.4108571428571429,5.039000000000001
PGK1,0.3032562121963617,0.705,0.2651428571428571,2.683
SYO1,1.781220041202856,2.974,0.7157142857142859,5.823
ENT1,0.22164679398846504,0.714,0.21014285714285716,2.176
NRP1,1.332277491674909,2.174,0.5824285714285714,5.3180000000000005
YDR015C,0.33911850827731227,1.593,0.49508130977286313,4.558
TMS1,0.4416358952111694,0.8,0.30957142857142855,1.634
YDR203W,0.5449463875832424,0.857,0.31057142857142855,2.127
SUR2,0.5715882946105472,0.805,0.327,2.7110000000000003
BFR2,1.4270144155670077,2.374,0.5958571428571429,5.11
CFT1,0.4357598109700067,1.201,0.2672857142857143,2.501
HNT2,0.5576703682524442,0.919,0.24857142857142858,1.957
YDR391C,1.5580963986879677,2.044,0.9188571428571429,4.308
SXM1,0.9259515788773083,1.484,0.4060000000000001,3.3320000000000007
NCB2,0.8151060366229679,1.267,0.4024285714285714,2.4499999999999997
HPT1,1.7639076077872071,2.89,0.7097142857142857,6.276
YDR491C,0.8789422558106462,1.292,0.42799999999999994,2.437
ITR1,0.5507323465927794,0.784,0.2698571428571429,2.644
CYC7,1.0355122357765116,1.456,0.5157142857142857,2.9699999999999998
YER0561C,0.639473345622826,1.009,0.33742857142857136,2.315
THO1,0.2133938352545972,0.7,0.27299999999999996,2.766
SPI1,2.3483829425423326,2.944,1.5422857142857143,5.13
YER156C,0.7506870166399502,1.205,0.3111428571428571,2.62
YER158C,0.4539560446608184,0.923,0.45185714285714285,2.189
ALK1,0.7756942605361592,1.151,0.39571428571428574,2.653
CGR1,1.471625363009203,2.569,0.6271428571428571,5.327999999999999
RPL24A,0.8346123805825086,1.333,0.3714285714285714,2.915
GPG1,0.7117624205721582,1.678,0.6711428571428572,3.081
RPS2,0.9776036556493497,1.415,0.468,3.1130000000000004
MET13,0.7808469238152322,1.409,0.32471428571428573,3.404000000000001
TAM41,0.8258991770129057,1.207,0.39971428571428574,2.518
UFD1,0.6922273485879327,1.131,0.4848571428571428,2.797
FMP48,3.8564126610688447,4.796,1.9674285714285715,10.023000000000001
BTN2,1.9092018116362106,2.44,1.2978571428571428,6.491
RPL24B,0.9160852112067266,1.386,0.44528571428571423,3.024
KEL2,0.511553966947107,0.905,0.2077142857142857,1.908
SOL4,1.6528267461120172,2.548,1.0214285714285716,4.976
YHL044W,0.7357341236634142,1.254,0.46342857142857147,2.2880000000000003
KSP1,0.5394094273749233,0.689,0.26528571428571424,1.5359999999999996
RPF1,0.786972695204922,1.343,0.3315714285714285,3.15
HXT4,0.8474134352542613,1.528,0.5714285714285714,6.3149999999999995
YHR177W,0.5777135941188488,1.101,0.2527142857142857,2.772
OYE2,0.4571265000830169,0.814,0.4677142857142857,1.3229999999999997
VHR1,1.2635562885425142,1.994,0.5294285714285715,4.572
SNX4,0.32203365605031864,0.465,0.253,1.5560000000000003
MTC1,0.48824822856485556,0.718,0.28528571428571425,2.8179999999999996
GCD14,0.4723480772403848,0.701,0.22957142857142857,1.897
AIM23,0.2716771220626898,0.564,0.29528571428571426,2.477
APL1,0.2866607665317415,0.68,0.2577142857142857,2.4970000000000003
JSN1,0.7135855022913418,1.113,0.35699999999999993,2.421
JJJ3,0.6626385222823961,1.156,0.3467142857142857,3.151
GPX1,0.8007276576424867,1.487,0.568,2.9720000000000004
YKL030W,1.4154324560396374,2.183,0.7540000000000001,4.101
TUL1,0.683722559747842,1.02,0.41514285714285715,2.1510000000000002
DGR2,0.7738233937504537,1.181,0.3991428571428572,2.587
YKL123W,0.5422854763366374,0.963,0.24971428571428572,2.228
PGM1,0.44665888959228184,0.827,0.2621428571428571,2.106
MYO3,0.5651527889141862,0.788,0.30214285714285716,1.798
SRP40,1.113518849616556,1.658,0.6100000000000001,3.2039999999999997
RPL40B,0.5872394948595976,0.933,0.25971428571428573,1.8940000000000001
RLP24,1.5122828264086972,2.342,0.66,4.781999999999999
BRE2,0.5924422701732104,0.96,0.25099999999999995,2.4330000000000003
MEU1,0.5391364298955045,0.847,0.263,1.814
REX3,0.5396483270745087,0.77,0.28985714285714287,2.4490000000000003
COQ9,0.5717836309518273,0.723,0.32871428571428574,1.5759999999999998
YLR297W,0.4144379014220483,0.604,0.3577142857142857,2.724
MET17,0.6978410247545013,1.454,0.6217142857142857,6.068
DUS3,0.7128935066042713,1.275,0.3234285714285714,3.258
MVP1,0.4821148488975805,0.728,0.37042857142857144,1.9629999999999999
HXT2,0.47403096747630635,2.16,0.5047142857142858,5.032
TRS130,0.4879167638568961,0.844,0.29,2.6409999999999996
RLP7,1.755331923000213,2.816,0.7015714285714285,5.654999999999999
RPS7B,0.8101068762801252,1.426,0.32399999999999995,3.2719999999999994
MIC27,0.4510939162782436,0.583,0.3767142857142858,1.7129999999999999
UBP10,0.7658600742754875,1.292,0.32357142857142857,2.8989999999999996
KAR1,0.8886107087336497,1.101,0.5288571428571428,1.9849999999999999
CHS1,0.6763000866762607,1.248,0.29957142857142866,2.806
SLZ1,0.5556392732061253,0.965,0.25385714285714284,2.3489999999999998
INP54,0.3611333224498049,0.492,0.30214285714285716,1.428
YOL153C,0.6840786439098017,1.0,0.44185714285714284,1.684
TMA46,0.6711856513011136,1.099,0.39499999999999996,3.588
SYC1,0.34226309480204087,0.554,0.23942857142857146,2.112
LAS17,0.3624219362255706,1.491,0.34685714285714286,3.427
RIM20,0.6409388947872606,0.881,0.3652857142857142,2.1069999999999998
RDL1,0.9513417417917346,1.233,0.5762857142857144,2.85
GDH1,0.4423803302006878,0.769,0.38600000000000007,1.619
RPL21B,0.7785622779230892,1.356,0.3037142857142857,3.68
RPS9A,0.7575186144595659,1.149,0.36371428571428577,2.434
DIP5,0.6085310245750701,1.515,0.5208571428571428,5.333
ACM1,0.7885547334511569,1.069,0.3742857142857142,2.464
SAM4,0.4633506461079246,0.72,0.24271428571428566,1.9360000000000002
TEF1,0.45744751950337503,0.679,0.2572857142857143,1.609
GDB1,0.4111661567624463,0.835,0.2725714285714286,2.5599999999999996
MAL12,0.5801418158026552,0.948,0.31114285714285705,2.564
ARN1,0.374859878023004,0.726,0.24142857142857138,2.6229999999999998
ERG11,0.9645571599313754,1.306,0.4918571428571429,2.7859999999999996
DNF3,0.240221104388274,0.777,0.3044285714285714,2.699
DDR48,2.20848296419851,3.137,1.802571428571429,5.204
YPR071W,0.5197594389194568,0.836,0.26671428571428574,1.9509999999999998
VHS1,1.067238789636165,1.575,0.6204285714285716,5.6290000000000004
ASC1,0.8699869185325966,1.218,0.5897142857142856,2.6289999999999996
GTO3,1.842102574638854,2.474,1.1405714285714286,4.874
YOL053C,1.054528639619129,1.667,0.6312857142857142,3.371
ECM29,0.35597899200488126,1.09,0.34400000000000003,2.867
EFM1,0.6729343652146621,0.99,0.37585714285714283,2.352
RPS16A,0.6723676110842755,1.066,0.3307142857142858,2.599
YLR446W,0.4680595497353305,0.719,0.2407142857142857,2.137
DBP10,0.9737100277918456,1.495,0.42771428571428566,3.346
YBL028C,1.3150168179096233,2.05,0.5382857142857143,4.236999999999999
HHF1,0.6824075243584213,1.033,0.5637142857142857,1.988
YBR012W-A,0.3537103711402726,0.748,0.40057142857142863,2.164
VID24,0.3817593896340369,0.862,0.3567142857142857,2.072
LDH1,0.322574550938885,0.78,0.25957142857142856,2.0629999999999997
MAL31,0.4344146192498639,0.822,0.34785714285714286,3.6830000000000003
PGK1,0.26624374399438416,0.87,0.24385714285714283,2.346
HMRA2,0.4350352569862056,0.612,0.28114285714285714,1.639
PNCA,0.36922100791560636,0.599,0.2681428571428571,2.536
BDH2,0.8671487706925287,1.447,0.3604285714285714,3.166
URA7,2.044092208530765,3.243,0.8764285714285714,6.483
GAL7,1.1904913175141123,1.924,0.5214285714285715,4.457
SCO2,0.563154943398305,0.874,0.30414285714285716,2.271
ETR1,0.4892155163733073,1.061,0.3898571428571428,2.267
CYC8,0.10815367580900602,1.322,0.3868571428571429,4.006
RAD16,0.7649610014741857,1.082,0.4231428571428571,2.2870000000000004
YBR116C,2.2716048372646562,2.935,1.266142857142857,5.837
TEF2,0.45243137805125233,0.83,0.2775714285714285,1.864
AME1,0.5594912684653199,0.885,0.26857142857142857,2.061
RER1,0.46913648390236606,1.906,0.4635714285714285,3.8989999999999996
ILV6,0.6277786765964745,0.877,0.379,2.539
YCR013C,0.3625088032570365,0.603,0.2632857142857143,2.736
RXT3,0.5422232712711601,0.77,0.253,1.912
RPL13A,0.6583652877513034,0.943,0.3577142857142857,2.104
UGA3,0.43903021040384566,0.66,0.2325714285714286,2.113
YDR018C,0.8761119966472799,1.189,0.4547142857142857,2.5490000000000004
TRM1,1.3686761803856708,2.144,0.6274285714285714,4.62
TCP1,0.5489405861334168,0.753,0.26342857142857146,2.351
YDR306C,0.8267452067677706,1.269,0.3980000000000001,2.7039999999999997
SSF2,1.3892055421725824,2.367,0.6065714285714285,5.760000000000001
RRP17,0.692242382750009,1.154,0.2885714285714286,2.3109999999999995
RPL37B,0.6207402260196396,0.831,0.3427142857142857,2.3909999999999996
SAM2,0.312101328722121,1.037,0.31835338743159086,3.508947424042272
GNP1,0.6325479724043341,0.887,0.3361428571428572,2.9059999999999997
RPL12A,0.8623219433124674,1.431,0.37157142857142855,2.979
VHR2,0.5828218441948464,0.871,0.35428571428571426,3.2590000000000003
RRT13,0.7332030793487971,1.199,0.32071428571428573,2.769
RNR1,1.3161949863636595,1.922,0.7178571428571429,4.941
RPS24A,0.7668206019045076,1.22,0.3485714285714286,2.7910000000000004
BUR6,0.5962744595109882,0.941,0.38785714285714284,2.388
PAB1,0.6777714993488422,1.024,0.33985714285714286,2.233
RPN11,0.278053583036291,0.766,0.24371428571428572,2.036
AGA2,1.0221475398720363,1.526,0.6281428571428572,2.782
YGL034C,0.45951528399071484,0.76,0.304,2.2199999999999998
YGL036W,1.57348653011537,2.145,0.7431428571428572,4.325
OCH1,0.2122199669404916,0.839,0.3032857142857143,2.604
CWC23,0.584450087237828,0.962,0.24499999999999997,2.507
PCL10,0.6233908283780545,0.873,0.30700000000000005,1.6540000000000004
"ADE5,7",0.4951862072564168,0.772,0.288,2.5580000000000007
SPR3,0.694186665421849,1.025,0.44742857142857145,2.288
ADE6,0.6977718405475877,1.201,0.38585714285714284,2.3320000000000003
VHT1,0.6417030200694884,1.006,0.33728571428571424,3.481
YGR067C,0.9467263602580744,1.814,0.42757142857142855,3.9859999999999998
CYS4,0.5962976435842898,0.946,0.29214285714285715,2.617
CHO2,0.4496080149981251,0.768,0.29842857142857143,2.847
RTS3,1.1104337813965064,2.003,0.4101428571428571,4.4590000000000005
MGA1,0.9279282065150859,1.514,0.6107142857142858,5.066
PUP2,0.23849127957922822,0.676,0.265,2.118
COQ6,0.5723853291282754,0.863,0.2817142857142857,2.227
YHR097C,1.0541585721277154,1.469,0.5630000000000001,3.2640000000000002
ERG9,0.5799910069918012,0.799,0.31142857142857144,2.1980000000000004
MDM31,0.6022239388119904,0.928,0.3377142857142857,2.655
UTP9,1.2344703799351942,2.115,0.5127142857142857,5.2700000000000005
AIM18,0.5408311488774754,0.807,0.2772857142857143,1.9300000000000002
PCI8,0.24002716132939084,0.856,0.22799224969501727,3.107919448511332
SPO22,0.15348400361818673,1.856,0.27556367826644584,3.8020520178562993
SUC2,0.6180347259079086,1.041,0.2964285714285714,2.8399999999999994
HXT12,1.2557953695897675,3.524,0.84,9.378
MHP1,0.9546254526789986,1.341,0.40800000000000003,2.794
RPS21B,0.5013251947921928,0.692,0.279,1.8659999999999999
TIF2,0.43753162063878337,0.722,0.25385714285714284,1.8279999999999998
MHO1,1.7526790374136618,2.423,0.9294285714285715,5.0649999999999995
VPS25,0.5771440343169624,0.827,0.2755714285714285,2.0709999999999997
YMR1,0.6615476012406938,1.222,0.23685714285714288,2.682
UGP1,1.8654420102082208,2.339,1.1501428571428571,4.535
PHD1,0.3098959750444149,1.127,0.3828571428571429,2.213
PRI2,0.26212941988410454,0.508,0.27342857142857147,1.478
OCT1,0.7244444762332457,1.3,0.33985714285714286,3.0320000000000005
YKR011C,2.0213920593114674,2.705,1.0322857142857143,6.186
ADE16,0.30368464290015396,0.7,0.2282857142857143,2.4059999999999997
YPS1,0.8447328082203832,1.341,0.40885714285714286,2.57
FRE1,1.4980312427998805,2.147,0.7737142857142857,5.237
CPR6,0.42427330418265985,0.72,0.3588571428571429,1.8739999999999997
UTP13,1.396629998741508,2.118,0.6268571428571429,4.555
ATG39,1.5127208220691177,2.15,0.9634285714285714,5.82
YML040W,0.2789523678331378,0.832,0.42114285714285715,1.938
CAT2,0.6406456878991209,0.963,0.37742857142857134,1.7209999999999996
BUD22,1.4215324389861421,2.393,0.591,5.866999999999999
REC114,0.7242973088684,1.104,0.3891428571428572,2.563
RIM11,0.5762930485064764,0.869,0.3064285714285714,2.148
YMR141C,0.46400006157945173,0.831,0.2214285714285714,2.159
NDE1,0.7132910345460493,1.044,0.3798571428571429,3.5829999999999997
YMR226C,0.2728946389630673,0.829,0.34294792186893214,2.6949942325248832
SIS1,0.7820433811620235,0.938,0.6141428571428572,2.714
IDP3,0.7483659998584666,1.223,0.29942857142857143,2.594
YNL011C,1.0132487016348715,1.572,0.4375714285714286,3.7620000000000005
YNL013C,0.7514034708894564,1.332,0.36371428571428577,3.4880000000000004
PBI2,0.5094601090029067,0.8,0.44399999999999995,1.161
RPL18B,0.790703593392399,1.173,0.4297142857142857,2.7689999999999997
YNL303W,0.7875769910844133,1.017,0.5575714285714285,1.8119999999999998
LYS9,0.3377384590137329,0.972,0.48300000000000004,2.6689999999999996
ESF2,0.8971131123071852,1.354,0.466,2.7520000000000002
FRE4,0.8245959620524251,1.461,0.307,3.2840000000000003
UTP23,1.3759819328146228,2.063,0.647,4.251
SLG1,0.35704047965715374,0.738,0.22114285714285717,2.2979999999999996
RPS7A,0.6672097258552903,0.925,0.3658571428571428,2.613
MPD1,0.7188509192102311,1.08,0.3527142857142857,2.434
YOR292C,0.7505931846261198,1.05,0.37400000000000005,2.503
RRS1,0.6660700492657295,0.931,0.4035714285714286,1.874
PHR1,0.3556960426188667,0.494,0.27614285714285713,1.474
ELP3,0.6086689539337552,0.897,0.313,2.194
RPS6A,0.9270859983536466,1.378,0.48857142857142855,2.8219999999999996
SEC62,0.6843780107793371,1.008,0.48271428571428565,2.259
RPO26,0.7979973662705806,1.087,0.3848571428571429,2.197
TMA17,0.5943643431206895,0.881,0.31500000000000006,1.9759999999999995
TRM3,0.5711517000966513,0.832,0.35385714285714276,1.5349999999999997
PPE1,0.8327517013213038,1.221,0.44842857142857145,2.6630000000000003
IPI1,0.5184889916570269,0.67,0.3395714285714285,2.5700000000000003
GCV2,0.3814953118644221,1.403,0.41257142857142864,3.104
RPL43B,0.7177483221176206,1.101,0.3597142857142857,2.3369999999999997
TIM10,0.7053570712018087,1.043,0.33728571428571424,2.009
YMR193C-A,0.5620893716707879,0.968,0.2601428571428571,2.029
ERO1,0.4885459993899676,0.757,0.26171428571428573,1.791
BDH2,0.5014672146597435,0.807,0.22421466521038896,2.0070053129454455
URA7,1.897600588097228,3.079,0.8025714285714285,6.099000000000001
GAL7,0.9372981302390514,1.567,0.4202857142857143,3.032
ETR1,0.35524478497638334,0.777,0.30514285714285716,1.674
YPK3,0.25844590241193927,0.664,0.2445714285714286,1.7899999999999998
YBR116C,1.2827143118496607,1.957,0.7695714285714285,4.146
TEF2,0.5196417404559859,1.012,0.2902857142857143,2.417
AME1,0.49262056059859605,0.733,0.2304285714285714,1.8199999999999998
ILV6,0.45710309112832287,0.739,0.3228571428571429,2.219
PNCA,0.3825231989393715,0.719,0.37214285714285716,2.8289999999999997
YBL053W,0.42170801281900727,0.607,0.3152857142857143,2.4429999999999996
SKT5,0.4527604093214706,0.712,0.327,2.825
HMT1,1.1134594241883637,1.647,0.5217142857142857,3.8110000000000004
TPS1,1.021651289507075,1.628,0.49028571428571427,5.823999999999999
AGP2,0.6224434536771402,1.041,0.3336391017173051,2.788
YBR225W,0.4758691385352063,0.812,0.23342857142857146,1.8670000000000002
YCL022C,0.4621217541637581,1.487,0.3307819588601623,2.879947424042272
KCC4,0.4589630055554761,0.867,0.2140676731458766,2.537947424042272
YCR029C,0.42951916927109823,1.487,0.3346391017173052,3.6300000000000003
LYS20,0.3285622355432988,0.489,0.25935338743159086,2.325947424042272
SWF1,0.6439733455204147,0.876,0.3498571428571428,3.189
YDR222W,0.3210132356458064,0.708,0.2774285714285714,1.588
UTP4,1.3635343638704487,2.098,0.6304285714285714,4.031
RPL12B,0.8469232867254166,1.358,0.37857142857142856,3.2510000000000003
EMI1,0.4876402971904566,0.762,0.292,3.4530000000000003
YDR514C,0.5178911208605582,0.707,0.3087142857142857,3.6129999999999995
EMI2,1.382813684555595,2.203,0.642,6.542
ICP55,0.6055073331154529,0.921,0.3241428571428572,2.442
UTP7,0.8147699509577484,1.185,0.49800000000000005,3.515
ILV1,0.7229787220321351,1.061,0.34600000000000003,2.2819999999999996
DMC1,0.5728868924963919,0.792,0.3147142857142858,3.4050000000000007
FAR7,0.4403946623553886,0.68,0.25200000000000006,2.431
UBP6,0.6528978835397998,0.946,0.35028571428571426,2.023
CMK1,0.6257839595639934,0.949,0.36685714285714294,2.6029999999999998
RPT6,0.5242409701242904,1.02,0.3457142857142857,2.184
ARO2,1.2226095066241767,1.837,0.6887142857142857,4.419
YGL242C,0.3181381870008695,0.845,0.2791428571428572,2.4459999999999997
YGR265W,0.5299697290748391,0.89,0.33685714285714285,2.242
MIP6,0.40141985711965605,0.915,0.3637142857142857,2.5780000000000003
YSC83,0.6012103867692059,0.979,0.28828571428571426,1.893
DED81,0.5579681463108839,0.862,0.3332857142857143,2.262
BAT1,0.6985914757765537,1.01,0.41185714285714287,2.135
YIL086C,0.13103690481307023,1.888,0.39728571428571424,2.338
AVT7,0.13698594378742476,0.778,0.21342857142857144,1.298
EGH1,0.6284313598314203,0.904,0.383,2.674
RPA34,1.3977860660779575,2.397,0.5455714285714286,4.744
YJL150W,0.6434586378843224,2.585,0.6386887786566265,6.9479999999999995
ESS1,0.3819080524781441,0.541,0.29442857142857143,2.354
BNA1,0.656583730812724,0.954,0.4635714285714285,2.4869999999999997
YJR124C,0.7357958080660029,1.101,0.3552857142857143,2.2929999999999997
NUP120,0.26801881440829495,0.767,0.275,2.6719999999999997
MRP8,1.3978784473472106,1.711,0.7668571428571428,3.4819999999999998
RPC25,0.6883916633877086,1.173,0.3147142857142858,2.773
MCR1,1.4594391334909065,2.088,0.954,4.557
PRY2,0.4890668460524438,0.768,0.3118571428571429,2.9570000000000003
SOF1,0.935410617955301,1.312,0.4904285714285715,3.141
YLR042C,1.8424419614166008,2.524,1.0452857142857144,6.189
PDC5,0.34616381576921756,0.667,0.288,2.826
ECM22,0.35284258551305747,0.759,0.222,2.147
RPS1B,0.7558728592817247,1.162,0.41557142857142854,3.91
HOF1,0.37700810191654877,0.571,0.23600825504734516,1.8830577853314157
MSN2,0.6889148697673403,1.076,0.3370000000000001,2.943
RPL15B,0.9412222390446592,1.409,0.48442857142857143,3.2430000000000003
STO1,0.8602588790563414,1.131,0.5095714285714286,2.932
RRB1,0.9606627341821361,1.57,0.39471428571428574,3.26
RNT1,1.0983999391027774,1.659,0.558,3.327
YHM2,0.5256061907056756,0.725,0.3592857142857143,2.036
ZRC1,0.25507436262013017,2.441,0.4359109399221542,5.35507478401355
SSN8,0.5364814000245011,0.859,0.25399999999999995,2.285
RPC19,0.8694561561135089,1.229,0.43342857142857155,2.604
NCS2,1.0551198698098299,1.618,0.5428571428571429,3.011
NMA111,0.6905988152285206,0.975,0.3527142857142857,2.219
SSB2,0.8772175466160507,1.347,0.458,2.893
YNL217W,0.6438008014913293,0.971,0.3427142857142857,2.057
EMW1,0.9158357002962586,1.404,0.4918571428571429,3.179
YNR068C,0.25271553809975855,0.928,0.18614285714285714,2.5690000000000004
REX4,0.8777483849080432,1.229,0.4604285714285714,2.335
ATG19,0.8911040822089829,1.346,0.5467142857142857,3.5080000000000005
PHM7,1.006848056114771,1.41,0.5578571428571429,3.651
ADH1,0.46280909313460294,0.753,0.3122857142857143,2.616
TIR2,0.21945001053434937,0.514,0.26028571428571434,2.532
ROD1,0.547350624579226,0.933,0.33985714285714286,2.946
LEU9,0.5897544539456114,1.123,0.35657142857142865,2.519
NOC2,1.7924017084990551,2.932,0.7630000000000001,6.003
PTP2,0.9512100871238405,1.417,0.43485714285714294,3.034
RPB10,0.6261515591506284,0.916,0.28628571428571437,2.043
MUM3,0.8529652620316277,1.15,0.40371428571428575,2.766
SNF8,0.5082672351586857,0.724,0.27914285714285714,2.138
LSP1,0.7279610703868338,0.876,0.46128571428571424,2.159
SSE1,0.19335401910808872,0.527,0.2672857142857143,2.5290000000000004
OXR1,0.7343620547615429,1.008,0.4054285714285714,2.1189999999999998
RPL7B,0.7072934188708578,1.026,0.41757142857142854,2.335
HAL1,0.6908493014832657,1.126,0.374,3.7039999999999993
SUT2,0.6516036549232384,0.824,0.4445714285714285,2.538
YPR015C,0.18558752875349546,1.174,0.26999999999999996,2.7859999999999996
ARR1,0.7688816121033415,0.989,0.37771428571428567,1.953
FMP16,2.6210880135786585,4.101,1.6431428571428572,9.375
YIL055C,1.8642389377312418,2.712,0.8,5.473000000000002
APJ1,0.5191202061456787,0.672,0.269865397904488,1.957057785331416
RIA1,0.4475783005496654,0.714,0.2374285714285714,1.739
RPL22B,0.69660555763468,1.207,0.3217142857142857,2.572
CIS3,0.6584468737272743,0.861,0.35365273834429173,3.7109999999999994
OXP1,0.4895481696680032,0.703,0.22637527910592256,1.767057785331416
RIX7,0.6690057145868151,0.946,0.29808956482020826,1.911057785331416
YMR294W-A,0.45776884997288514,0.848,0.2698571428571429,2.3289999999999997
HFA1,0.6414538459691306,1.02,0.30608130977286313,2.615138336820084
POL5,0.9722352457936487,1.661,0.46414285714285713,4.101999999999999
NOP16,0.5396798485309119,0.823,0.34942857142857137,2.325
YBL053W,0.6339889757390932,0.929,0.4062857142857143,2.8230000000000004
SKT5,0.8841357389677891,1.282,0.4797142857142858,3.4690000000000003
HMT1,1.3158910928182652,1.901,0.5942857142857142,3.909
TPS1,1.2866291912050238,1.513,0.6670813097728631,3.159
AGP2,0.771577067214688,1.29,0.4321428571428572,3.676
YBR225W,0.4456663316611179,0.779,0.3162857142857143,2.66
YCL022C,0.43041157576011285,1.094,0.2686527383442917,2.2399999999999998
KCC4,0.6339484250689358,0.988,0.29923242196306543,1.995057785331416
SLM5,0.399840883446876,1.0,0.28479559548714883,2.418
FUI1,0.8384755056131877,1.585,0.3847819588601623,3.674947424042272
SEC17,0.52885213234943,0.825,0.3152105302887337,1.7959999999999998
OLA1,0.492310339340843,0.752,0.29085714285714287,2.551
TKL2,1.196037087007177,1.94,0.6515714285714286,4.377
GRS1,0.7649339767652606,1.136,0.34771428571428575,2.2419999999999995
NGR1,0.6880513789226829,1.072,0.3292857142857143,2.342
YCR016W,1.061270317798946,1.589,0.5088571428571428,3.007
HSP30,0.40904719112961274,1.857,0.5355714285714286,5.479
RPL31A,0.6742167188461432,1.076,0.3077142857142858,2.148
MRK1,0.5427877426445793,0.881,0.23557142857142857,2.6040000000000005
RPP1A,0.8885145072592034,1.392,0.5004285714285713,3.2979999999999996
RPS16B,0.6999045369760465,1.152,0.30857142857142855,2.3649999999999998
PCL9,0.6040791411699131,0.858,0.44471428571428573,2.197
GCV1,0.5071440052158466,0.893,0.3441428571428572,3.3369999999999997
FAL1,0.8507683276974298,1.291,0.3971428571428572,2.5469999999999997
RPS11A,0.6876712443707519,1.174,0.28735338743159083,2.408947424042272
GCD6,0.5356855523397281,0.858,0.29857142857142854,3.011
YDR413C,0.6903295551959474,1.172,0.2997142857142857,2.8099999999999996
PLM2,1.0033839269291431,1.325,0.48914285714285716,3.788
PSP1,0.6856761681263724,1.0,0.32785714285714285,2.018
PAU2,1.4882201727652256,2.023,0.7291511121902025,4.026942214668584
ICL1,0.3335768712780941,0.539,0.24314285714285713,2.3560000000000003
RGI1,2.5594026699827848,3.471,1.414,10.312000000000001
ALD5,0.550626681945229,0.854,0.35628571428571426,1.942
PTP3,0.6646055106150535,0.848,0.3787142857142856,2.196
LOC1,0.9733250088698392,1.519,0.4517142857142857,3.6119999999999997
YPI1,0.5261735952237397,0.882,0.3121428571428571,1.772
PNC1,2.0975053232853833,2.605,1.1482857142857144,5.739
RPL1B,0.5712972981112405,0.854,0.29471428571428565,2.473
SAP4,1.260535139962779,1.783,0.57,4.267
YGR066C,2.170893802487539,3.428,0.9474285714285714,6.869999999999999
YGR160W,2.147437317228729,3.281,1.017714285714286,6.641
TIF4631,1.0100255571025927,1.572,0.5202857142857144,3.51
YGR250C,0.7101153643413913,1.048,0.4086527383442918,2.4819999999999998
ENO1,0.37643162210511016,0.594,0.26422416691572026,2.41
GND2,0.9215665355329576,1.641,0.560938452630006,3.5488616631799164
YHL050C,0.4362099940784472,0.805,0.3292857142857143,2.293
NEM1,0.9279141513525417,1.334,0.4332857142857143,2.872
RPL27A,0.6067977910841271,0.983,0.284,2.419
HXT1,1.7592857466586707,2.287,1.1211428571428572,6.731999999999999
HXT5,1.7030300644799614,2.339,0.9941428571428571,5.51
GRE3,2.422194107735139,3.482,1.401142857142857,7.4
EGD2,0.6568169165430572,0.899,0.4218571428571429,2.284
RIX1,0.9787011432753052,1.521,0.4739999999999999,3.1509999999999994
AIM46,0.520068140510669,0.71,0.30299999999999994,2.074
RNR3,1.2197140033461153,4.051,1.0949330710503646,10.121057785331416
SEC6,0.08464340265005221,0.971,0.1501214702108879,2.060137778718655
HOP1,0.7900896513871156,1.322,0.34286202197503923,3.0479369017231392
TMA22,0.5520861311402421,0.851,0.3044285714285714,2.87
ILV3,0.4755676261576487,0.846,0.29871428571428565,2.2920000000000003
ADO1,0.5746490862407356,0.865,0.35428571428571426,2.3
CPA2,0.4766198214919684,0.756,0.3068571428571429,2.896
YKL036C,0.45989474563028443,0.89,0.3164285714285714,2.511
YKL133C,1.0022163232263337,1.606,0.47314285714285714,3.93
UBP11,0.857741764320136,1.219,0.4908571428571428,2.7570000000000006
IZH3,0.6703124132064463,0.902,0.3682857142857143,3.3070000000000004
SNF7,0.25304551404987496,0.709,0.27985714285714286,3.209
AAT2,0.4032786190977107,0.742,0.28471428571428575,2.4720000000000004
RPL15A,0.9367234200249906,1.439,0.463,3.1529999999999996
YLR031W,0.6464160830666129,0.898,0.3554285714285715,1.6720000000000002
YLR217W,0.12432710489991174,0.831,0.19885714285714284,1.675
RSA3,1.2595380252650705,1.992,0.545,4.312
DUS4,0.6038130842708882,0.923,0.3195714285714285,2.2319999999999998
UTP21,0.9058798504484001,1.549,0.3497142857142857,3.131
INA1,1.3408368545200666,1.736,0.7658571428571429,3.6959999999999997
RRN11,0.9614021349297787,1.589,0.48257968361877374,4.249057785331416
YML053C,0.7613648068733869,0.933,0.42928571428571427,2.169
YMR144W,0.22271734958680348,0.999,0.19314285714285712,2.402
TIF34,0.6541044991289049,1.036,0.33985714285714286,2.468
RRP5,1.1558562916728272,1.926,0.4993217870644542,4.35449498109764
ASI3,0.5148803488571285,0.771,0.25585714285714284,1.9470000000000003
YNL010W,0.6750042997994792,0.941,0.40599999999999997,2.01
SPO1,1.0047725921157962,1.497,0.4714285714285715,3.913
NOP15,1.9650085747716708,3.23,0.8011428571428569,6.424
DBP2,0.5727889361683125,0.901,0.2712857142857143,1.8840000000000001
BRX1,1.862341646676384,2.944,0.7722857142857144,5.907
YOL079W,0.8523313453585103,1.069,0.45928571428571424,2.089
RRP6,0.8206474816537285,1.332,0.41671428571428576,3.6229999999999998
RKI1,1.224995559159738,1.937,0.5217142857142857,3.8720000000000003
RAS1,0.7134517471807039,1.225,0.3077142857142858,3.055
YOR199W,0.5284567194886665,0.701,0.3481428571428572,2.3099999999999996
RRP36,0.8286603001532252,1.188,0.376,2.8030000000000004
YOR289W,1.3051243813754907,2.227,0.8347142857142857,4.492
RPS10A,0.6840457716327267,0.981,0.3317142857142858,1.994
YDC1,0.3660977369898525,0.783,0.31685714285714284,1.9380000000000002
RTT10,0.9743082140155082,1.628,0.45442857142857135,3.252
PDH1,0.23290212559399193,0.621,0.25614285714285717,2.555
PUT2,0.8170817991611726,1.381,0.5395714285714286,3.71
YHK8,0.3461288416832095,0.733,0.2561428571428571,2.8529999999999998
SFB3,0.22611523988997467,0.718,0.23228571428571426,2.715
GND1,0.6917526231891094,0.995,0.4475714285714286,2.155
PLB2,0.5818503967742308,1.397,0.4025714285714286,3.41
ECM12,1.3008939954057372,1.955,0.7731428571428571,4.818999999999999
DOG1,0.22714546179725853,0.8,0.2662857142857143,2.863
KGD1,0.2898021523424598,1.215,0.35271428571428576,3.717
YMR173W-A,1.9956079598730456,2.715,1.3897142857142857,6.951999999999999
RPL36A,0.5848768904402228,0.887,0.3244285714285714,1.699
RPS10B,0.5962207014778573,0.98,0.38428571428571434,2.512
HOR7,1.092495030780281,1.743,0.7914285714285715,4.140000000000001
FUI1,1.017357986554885,1.642,0.5017142857142857,3.6209999999999996
FUR4,0.34989615677341557,0.728,0.28428571428571425,2.407
OLA1,0.5122596476092345,0.821,0.2932857142857143,2.893
LYS2,0.5012541943154811,0.855,0.278865397904488,1.8470577853314158
GRS1,0.7499969021317725,1.122,0.3605714285714286,2.3180000000000005
"DUR1,2",0.42832966682940465,1.322,0.39771428571428574,2.968
NGR1,0.478138487896707,0.67,0.2712857142857143,1.594
YCR016W,1.0321942504833417,1.435,0.4953670240585774,2.983138336820084
HSP30,0.4277472076325761,1.265,0.4077955954871489,4.319999999999999
YCR023C,0.21276652371599772,2.355,0.41500000000000004,5.529
SAS3,0.6994765475742715,0.955,0.3702857142857143,2.057
YBL062W,0.7218966847668995,1.036,0.4304285714285715,2.3600000000000003
RPL4A,0.9446472506865937,1.405,0.475,3.0339999999999994
PCS60,0.4185279124250187,0.773,0.25000000000000006,1.905
OM14,1.2297066952352331,1.899,0.7137142857142857,3.9370000000000003
RPS14A,0.6091497064890845,0.963,0.33885714285714286,2.5199999999999996
UBX3,0.4980061261242154,0.732,0.27671428571428575,1.7539999999999998
PMT1,0.41557318267527943,0.747,0.20942857142857144,2.2479999999999998
RPL35A,0.5851517056730913,0.963,0.2888571428571428,2.444
NUS1,0.4115713610502014,0.572,0.25085714285714283,1.404
MIX14,0.4161120272094627,1.028,0.3037142857142857,2.285
MRH1,0.5979085621238241,0.868,0.341,2.077
ENA2,0.5315445948624563,0.944,0.21657142857142858,2.273
YDR133C,0.440592519607191,0.803,0.29700000000000004,2.5250000000000004
CRF1,1.0045313533720526,1.621,0.46914285714285714,3.083
ASP1,0.5279540578562364,0.99,0.2872857142857143,2.334
YDR417C,0.6093386553269639,0.979,0.34057142857142864,2.8219999999999996
SNX41,0.8027697645075549,1.286,0.3862857142857143,2.817
GRX2,1.6270700142954548,1.987,0.9112857142857143,3.859
SLF1,0.5010263282017088,0.926,0.3615714285714286,2.965
GRH1,0.24067686070776212,0.819,0.26222416691572026,2.6041383368200837
DLD3,0.37377686969373436,0.98,0.36528571428571427,3.375
YER079W,2.1154092351833125,2.713,1.1072857142857144,5.843
SER3,0.8444388567149399,1.091,0.3975714285714286,2.381
FMP10,0.7425181028370471,1.096,0.4072857142857143,2.4630000000000005
YFH7,0.5002209999478265,0.766,0.26071428571428573,1.7440000000000002
MIC19,0.23567464090320833,0.644,0.216,2.031
IGD1,0.5366777627348847,1.028,0.4011428571428572,2.913
RIM8,0.5650478036834738,0.849,0.2772857142857143,1.742
PRM8,0.8941525068345526,1.34,0.42528571428571427,2.7880000000000003
OLE1,1.075917391526787,1.579,0.5925714285714286,4.155
RPL9A,0.664654757959163,1.071,0.38785714285714284,2.635
ROM1,0.8616675956567891,2.608,0.9118653979044881,9.840942214668583
YGR168C,0.43241439708233087,0.574,0.2407142857142857,1.458
MES1,0.9149372065013985,1.481,0.4174285714285714,2.96
YGR266W,0.510113134933739,0.672,0.2945714285714286,1.8599999999999999
EFG1,1.4731920226747433,2.265,0.6254285714285714,4.816
YHR022C,1.6206931673809717,2.001,0.8314285714285715,4.013
YHR112C,0.5513216263802735,1.047,0.4064285714285714,2.362
PPX1,0.36317017584177474,0.874,0.3157142857142857,3.024
RPS4B,0.6953249248476737,1.054,0.3811428571428571,2.503
CRG1,0.5258379717790899,0.814,0.3547142857142857,1.631
THS1,0.5914619231957225,0.876,0.29871428571428565,2.073
IRC8,0.3832283788006993,0.568,0.28271428571428564,1.371
IKS1,1.3203281324122198,1.801,0.6844285714285714,3.7459999999999996
DAS1,0.7714830080424325,1.061,0.3857142857142857,2.194
FBP26,0.7238036424034937,1.098,0.41585714285714287,2.2680000000000002
FAR1,0.6718414367689205,1.075,0.3424285714285714,2.4799999999999995
YJR026W,0.3577619695989484,0.807,0.42285714285714276,2.187
YJR028W,0.3537979537882112,0.834,0.40228571428571425,2.283
RPS5,0.7573793665600318,1.147,0.4414285714285714,3.0460000000000003
TMA19,0.5468723901187206,1.01,0.3138571428571429,2.117
LTV1,1.4829120190411789,2.304,0.6717142857142855,4.884
RPT1,0.2810072595924224,0.931,0.3348571428571429,2.556
YKL153W,0.5231176129297006,0.833,0.3007142857142857,2.498
DBP7,0.7689036293779254,1.22,0.36028571428571426,2.811
DRS1,1.1718112184242937,1.87,0.5419999999999999,3.9020000000000006
DIP2,0.9860535221768527,1.651,0.4518571428571429,3.926
YLR225C,1.2169705161878233,1.751,0.5625714285714286,3.703
RPL38,0.6162204730692952,0.867,0.3387142857142857,2.8749999999999996
TMA10,0.7008406561181184,0.977,0.40471428571428575,3.046
VPS36,0.6098391318249688,1.057,0.26285714285714284,2.535
ATG17,0.4432572501878055,0.623,0.2682857142857143,2.062
OGG1,0.5044615089524845,0.639,0.28914285714285715,2.1180000000000003
EIS1,0.7883374697928665,1.05,0.44442857142857145,2.323
RCH1,0.6524527293881365,1.094,0.2517142857142857,2.231
RPL20A,0.7560771368601881,1.255,0.3742857142857143,3.419
FAA4,0.7807887035842425,1.097,0.4074285714285715,2.773
GAD1,2.6769360342274644,3.758,1.8657142857142854,6.941000000000001
RCM1,0.7372404160831428,1.113,0.35700000000000004,2.6609999999999996
YNL114C,0.8118045980719117,1.356,0.3707142857142857,3.6590000000000003
YNL120C,0.6656739227074178,1.059,0.2988571428571429,2.298
ADE12,0.5333519726522984,0.792,0.3655714285714286,3.315000000000001
KRI1,1.3383460180266247,2.284,0.5984285714285714,4.959
ATG34,0.8820019434174138,1.881,0.46242857142857147,3.952
DUF1,0.4999430010051049,0.782,0.28757142857142853,1.586
HAL9,0.659539141042205,1.001,0.4042857142857143,1.9709999999999999
YOR019W,1.3315940054518203,2.022,0.6691428571428572,4.202
SFM1,0.6126466479126021,0.903,0.2872857142857143,1.9020000000000001
AZF1,0.43212114390461964,0.549,0.27585714285714286,2.053
RPT5,0.27981352903680806,0.842,0.26742857142857146,2.4869999999999997
RET1,0.7017671615774488,1.023,0.348,2.145
YOR309C,1.2127060322472054,2.08,0.4832857142857144,4.364
ULA1,0.5819459990868934,0.858,0.3038571428571429,1.912
TPK2,0.6438053596681962,1.079,0.39971428571428574,2.474
RPA135,0.9630112815034286,1.411,0.45785714285714285,3.006
RPL11A,0.6189740761315374,0.995,0.313,2.482
RPN7,0.3378902877267469,1.351,0.34242857142857147,3.172
RPC40,1.2059926258549878,1.914,0.5431428571428571,3.903
MRD1,0.8210888632433611,1.231,0.4357142857142858,2.547
PRM5,0.331728432412179,1.129,0.427,2.9930000000000003
TAO3,0.4007080684151182,0.502,0.31985714285714284,1.448
NRD1,0.3301512279031795,0.545,0.24599999999999997,1.7119999999999997
ALD3,2.444270015104153,4.132,1.5632857142857142,8.007
UBI4,0.6215393782154427,1.15,0.39642857142857135,2.232999999999999
YMR304C-A,0.6771508157073449,0.751,0.399,1.7109999999999999
DDR2,0.31348386561572933,0.876,0.3022857142857142,2.444
YPL197C,0.6548806619712431,0.949,0.31357142857142856,2.25
RPS19B,0.5446703579555621,0.808,0.294,2.0080000000000005
RPL4A,0.7595678714584315,1.028,0.41728571428571426,2.3080000000000003
OM14,0.6405001864585607,1.428,0.39714285714285713,2.932
RPS14A,0.5765689120701827,0.849,0.29757142857142854,1.824
YCRX16C,0.4352424157503598,0.629,0.2757142857142857,1.6109999999999998
UIP3,0.5759267330096243,0.81,0.31799999999999995,1.88
ZTA1,0.5807285228866957,1.148,0.38557142857142856,2.632
RPS11B,0.5354210238566051,0.804,0.30185714285714293,1.844
REG2,1.2930864346767554,2.141,0.6271428571428572,4.438000000000001
RFS1,1.1040955072850407,1.44,0.6615714285714286,3.077
MAK5,1.1088560846538171,1.817,0.4401428571428571,3.8469999999999995
PRP5,0.5370584878963269,0.883,0.24685714285714289,2.2849999999999997
ERT1,0.25930989415925004,0.656,0.2571428571428572,1.512
LSB5,0.4959852675227452,1.061,0.282,2.2750000000000004
ELO2,0.6761774719531749,0.973,0.3597142857142857,2.536
RBK1,0.6663681579086254,0.875,0.394,2.008
NHP10,0.5191735384823236,0.773,0.2991428571428571,1.765
GRX6,0.6853856165819041,1.044,0.3127142857142857,2.064
RTN2,2.046439124942349,3.088,1.297,6.232
YDR042C,0.5257425649257056,0.866,0.2215796836187737,2.299057785331416
HPR1,0.4904059205268718,1.948,0.30570653540930304,4.180552766429057
PEX7,0.5314391810893606,0.976,0.21542857142857144,2.097
YDR250C,0.21241353027827797,1.261,0.31542857142857145,2.661
CHL4,0.7073659178806857,1.126,0.3498571428571428,2.1999999999999997
UBX5,0.5785435347028243,0.84,0.30114285714285716,2.3449999999999998
IRC3,0.4774091430207016,0.82,0.22557142857142853,2.268
YDR426C,0.5654428309747943,0.866,0.24857142857142858,1.9320000000000002
CYM1,0.6131090114740766,2.222,0.6254741134462376,7.519
NPL3,0.368880568155331,0.696,0.3312857142857143,2.084
GPI17,0.16691807501276312,1.8,0.3315541765611146,4.532942214668584
PPZ2,1.0087214979281423,1.625,0.5092857142857142,3.692
SPS2,0.48873547620566504,0.812,0.31957142857142856,2.8609999999999998
HLR1,0.24564611932823638,1.082,0.28885714285714287,3.1000000000000005
RMD6,0.5735788453442506,0.897,0.3031428571428571,3.0780000000000007
MNN1,0.8364268271733223,1.329,0.4507142857142857,3.822
AIM10,0.5952680777519239,0.914,0.2925714285714286,1.916
MET6,1.1397756407915036,1.705,0.8725714285714287,7.571
TSC11,0.1375383879153268,0.768,0.2832857142857143,3.008
RAD51,0.38452952358764314,0.699,0.275,2.1839999999999997
PUG1,0.6315191803384294,1.126,0.3637142857142857,3.1530000000000005
PYC1,0.7712695333725007,1.21,0.348,2.483
MRH4,0.15060338138882717,0.661,0.24385714285714286,2.3689999999999998
AMS1,0.554887174389587,0.854,0.3337142857142857,1.6359999999999997
RCK1,1.240855561363921,2.134,0.6225714285714286,4.39
AIM14,0.6382615275209763,1.052,0.31342857142857145,2.265
PDE1,0.715671294027363,1.167,0.48114285714285715,2.337
RMR1,0.8396419759242001,1.357,0.4232857142857143,2.9170000000000003
FZF1,0.8307454153919632,1.612,0.288865397904488,3.5889422146685845
VEL1,0.6295155597900107,0.986,0.36671428571428566,2.986
SLX9,0.6449347606358757,1.05,0.27399999999999997,2.5300000000000002
RPL11B,0.5596557132732908,0.828,0.3212857142857143,2.81
ATF2,0.25250576820695575,0.669,0.23957142857142857,1.723
HGH1,0.9651742492587911,1.447,0.451,3.507
SCW4,0.4501842388291126,0.979,0.4278571428571429,3.9010000000000002
YGR283C,1.026673726943663,1.796,0.40028571428571436,3.774
THR1,0.5687111180426776,1.053,0.3615714285714286,1.9849999999999997
RRM3,0.8038899758786865,1.524,0.40657142857142853,3.903
YHR033W,1.7499455414651175,2.515,0.9595714285714284,5.363
IMD2,0.5689426082654947,0.886,0.25842857142857145,2.103
YIL001W,0.765481164597096,1.096,0.388,2.233
LYS12,0.6395692414720511,0.971,0.3982857142857143,3.0119999999999996
BMT5,0.6113444106149768,0.862,0.3335714285714286,1.981
CIS3,0.6694398017690408,1.154,0.3476432366389604,3.476
TPK1,1.3111738449345158,1.899,0.6802857142857143,3.9400000000000004
QCR8,0.776177793551709,1.13,0.4302857142857142,2.4979999999999998
SET2,0.21921118970213965,0.679,0.22671428571428573,2.327
GEA1,0.5381690705574778,0.806,0.28185714285714286,2.052
YET1,1.288476330913725,1.554,0.7720000000000001,2.9030000000000005
YNK1,0.8951468523314574,1.184,0.6248571428571429,2.106
YKL069W,0.49884677894959917,0.775,0.31714285714285717,1.9719999999999998
RPS27A,0.7019136544595695,1.26,0.28200000000000003,2.7630000000000003
YKL162C,0.8117381285969196,1.276,0.44600000000000006,2.775
BCH2,0.5946253588442694,1.032,0.27071428571428574,2.157
KNS1,0.7672848741010463,1.107,0.451,1.955
SPA2,0.7348218767623517,1.126,0.3654285714285714,4.145
POM33,1.3568580636247132,1.817,0.7737142857142857,3.827
PDC1,0.4179427016036291,0.716,0.3652857142857143,2.615
RPS0B,0.8686325299685769,1.298,0.45357142857142857,2.8600000000000003
OSW2,0.4876476922376645,0.895,0.3375714285714286,2.34
STM1,0.5689592002375217,0.833,0.29700000000000004,1.595
SGD1,0.7007025787687142,1.109,0.32714285714285724,2.821
RPP0,0.6531746280011854,1.005,0.33828571428571436,2.5409999999999995
IMD3,0.5429970177865427,0.886,0.2672857142857143,2.14
CAR2,0.5613425665649644,0.942,0.2855714285714286,2.509
DAK1,1.6507254537338194,2.495,1.2057142857142857,4.285
SUB1,0.8915455605762201,1.158,0.4177142857142857,2.271
ARA2,0.9496501415619845,1.264,0.5542857142857143,2.5239999999999996
TRM732,0.8877594335731969,1.497,0.38985714285714285,3.03
HHT2,0.3562702624524202,0.767,0.2988571428571429,2.186
ESBP6,0.4931919079497798,0.849,0.26942857142857146,2.391
JJJ1,0.5075835338767571,0.901,0.24,2.439
EGT2,1.2010458078662238,1.417,0.7181428571428572,3.011
PKH2,0.7627747890652912,1.039,0.40228571428571425,2.0989999999999998
YOR022C,0.6636359739181324,0.99,0.34142857142857136,2.1710000000000003
BUB3,0.5833994259286606,1.076,0.3367142857142857,3.2700000000000005
CIN5,1.7345743069547042,2.817,0.7707142857142858,7.254000000000001
GCY1,1.6733210683216146,2.348,1.0938571428571426,4.512999999999999
UBP2,0.4918942473389897,0.884,0.2925714285714286,1.821
ADE2,0.34319305409716705,1.047,0.2601428571428572,2.11
SPR2,0.5487663979320518,0.945,0.32542857142857146,2.678
RCN2,1.7760077635525906,2.394,0.9482857142857143,5.686999999999999
RPB8,0.908681427576897,1.318,0.45357142857142857,2.902
NOP58,1.1393423903928233,1.983,0.5202857142857142,4.381
RPL20B,0.762148370500727,1.31,0.3741428571428571,2.9439999999999995
YPL014W,0.24366849029153526,0.921,0.359,3.157
PGC1,0.6223347175542124,0.874,0.297,1.9260000000000002
PUS1,0.6039782839780853,0.948,0.31885714285714284,2.342
MCM4,0.29799918763565564,0.566,0.26799999999999996,1.566
CCL1,0.6692054834591648,1.015,0.296,2.015
CLB2,0.6526735377907497,0.955,0.4202857142857143,2.5089999999999995
HSP78,1.4785071706391277,1.966,0.9518571428571427,5.274
ZIP1,0.701194980005182,1.102,0.2998571428571429,2.2790000000000004
GUT2,1.0547667766486997,1.461,0.6601428571428573,3.0060000000000002
CMK2,0.8622703926261729,1.305,0.4737142857142857,3.2439999999999998
IRA2,0.5125547568734589,0.906,0.20714285714285713,1.9290000000000003
FCY22,0.48355659052120664,0.8,0.2691428571428572,2.0669999999999997
TPO4,0.7788553072026235,1.163,0.3955714285714286,3.949
YOR338W,0.39658882548168983,1.261,0.6005714285714286,2.75
NSR1,2.1271979376284595,3.136,0.9765714285714288,7.091
UIP3,0.8078259448623306,1.183,0.40614285714285714,2.559
PRM9,0.6679094914017847,1.064,0.26657142857142857,2.228
ZTA1,0.5941027414193119,1.077,0.39385714285714285,2.529
RPS11B,0.5828467005818372,0.893,0.33485714285714285,2.1929999999999996
REG2,1.1617251022086523,1.687,0.6398571428571429,3.4899999999999998
RFS1,0.9014240825794604,1.173,0.5505714285714285,2.455
MAK5,0.9750656919441579,1.65,0.37114285714285705,3.437
PRP5,0.5803607177229771,0.954,0.24871428571428567,2.108
HIS4,0.4549770985150704,0.858,0.19314285714285714,2.189
ELO2,0.6791718903817301,1.083,0.3592857142857143,2.4669999999999996
RBK1,0.651914229265709,0.801,0.39842857142857147,1.71
YAR043C,0.07038343827142879,3.807,0.5885714285714286,4.195
YAR047C,0.15646266082396443,1.716,0.4062857142857143,2.4240000000000004
SSA3,1.0556906892662699,1.506,0.5204285714285714,3.0629999999999997
YBL077W,0.726536434850447,1.277,0.28671428571428564,2.771
YRO2,0.30300049122899975,1.317,0.43314285714285716,2.952
YBR056W,1.483309555559111,1.769,0.8605714285714287,3.6109999999999998
YBR064W,0.5364327429822011,0.76,0.2871428571428571,2.325
TBS1,0.5070432986657851,0.847,0.23357142857142857,2.044
RPB5,0.8116044157884077,1.161,0.37499999999999994,2.274
AMN1,0.9572067213347708,1.215,0.5624285714285714,2.2790000000000004
ENP1,1.261698097596748,2.159,0.4862857142857142,4.339999999999999
ARO4,0.4702068360248671,1.072,0.3191428571428571,2.7010000000000005
GLK1,1.7363922917791328,2.036,0.9857142857142857,4.109
YCL042W,0.8894133464340719,1.408,0.42685714285714277,2.8949999999999996
SPS22,0.3988536309906856,0.695,0.20542857142857143,2.502
RSC6,0.6942182224271771,1.041,0.49157142857142855,2.364
NOP1,0.8243328908684063,1.274,0.38257142857142856,2.665
RPN4,1.5260008371793878,2.077,0.7460000000000001,4.924
GPD1,3.056100417024754,3.868,1.6315714285714285,8.518999999999998
DIA3,3.100310579855452,4.837,1.4268571428571428,9.446
NHP2,0.3510452645871391,0.856,0.21233616788768198,2.9164244674136914
UGA4,0.1467599677108964,1.675,0.42493428524194565,4.7639474240422715
SHR3,0.45392929901419765,3.26,0.7876391017173051,11.026947424042271
PRR2,0.9525228497628992,2.97,0.8420759281932219,11.378942214668585
RRI1,0.24868398920195978,1.385,0.2718620219750392,3.6038896387108563
TGL2,0.7971159790164664,1.275,0.38385714285714284,3.0829999999999997
RPS13,0.6852838290616698,1.1,0.36228571428571427,2.591
YDR154C,0.22806080381195074,0.797,0.26657142857142857,2.107
HOM2,0.3118501206338459,0.498,0.28471428571428575,1.8910000000000002
YDR262W,1.1313080695700148,1.527,0.6415714285714286,3.1799999999999997
DIN7,0.4773993481820211,0.894,0.226,2.434
HXT7,0.8566462418103297,1.701,0.6711428571428572,7.6530000000000005
SVF1,0.8913452575101157,1.239,0.3868571428571429,2.6450000000000005
ATP22,0.6696203159691326,1.018,0.31014285714285716,2.5149999999999997
DOT1,0.5240911335578757,0.784,0.30300000000000005,1.8550000000000002
FIT1,0.5084217003077659,0.791,0.29400000000000004,2.575
STL1,3.6213961674790793,5.105,1.6035714285714289,10.584000000000001
TIR1,0.3153795380934207,0.725,0.28414285714285714,2.3569999999999998
SSA4,2.0597712614009582,2.766,1.101142857142857,6.007
MET10,0.5694547636789118,0.992,0.41014285714285714,4.369
SMC2,0.5052919360270217,0.932,0.1962857142857143,2.1759999999999997
OSW7,0.5781260869546136,0.911,0.45557142857142857,2.804
RPL7A,0.6327011215943941,0.969,0.333,2.109
DBP3,1.9191427929574207,3.193,0.7431428571428572,6.6850000000000005
SPO74,0.4387362718509597,0.935,0.30428571428571427,2.025
CUL3,0.4979318989012146,0.778,0.2514285714285714,2.1530000000000005
NOP7,2.2648073826347304,3.525,1.0205714285714287,7.597999999999999
CRH1,0.2907730351309126,0.593,0.24214285714285716,1.924
ZUO1,1.3977105149172686,2.121,0.8174285714285715,5.321999999999999
YGR293C,0.3539839244391315,0.71,0.25708130977286314,1.9551383368200839
NEL1,0.4639216451152652,0.853,0.19357142857142853,2.178
BCD1,0.570027183515429,0.848,0.32242857142857145,1.673
NCP1,0.5749006635589677,0.807,0.3122857142857143,1.7540000000000002
ARO9,2.146508488929052,2.805,1.1557142857142857,6.958
SPS100,1.914891726452124,2.863,1.1301428571428571,5.430000000000001
FAA3,0.5018921894755455,0.788,0.38757142857142857,1.827
MOB1,0.7302277973719778,1.184,0.30414285714285716,2.7079999999999993
HPM1,0.7912764987860753,1.029,0.3969999999999999,1.9919999999999998
SMC3,0.5492574549050901,0.774,0.282,1.8459999999999999
ASG7,0.4603121205569428,0.733,0.2714285714285714,2.666
URB2,1.1588952426767276,1.659,0.5274285714285715,3.302
ANB1,0.4470001825940828,0.577,0.2635714285714285,1.7819999999999998
MGM101,0.512779730480739,0.868,0.30728571428571433,3.717
YKL071W,0.5626796748332242,0.85,0.32128571428571423,2.493
YKL077W,0.4103601646963752,0.532,0.28157142857142853,1.9420000000000002
SMY1,0.5242095151358699,1.281,0.3327142857142857,3.1249999999999996
TEF4,0.667354383885892,1.265,0.43499999999999994,3.223
EBP2,1.4915528833624934,2.38,0.6574285714285715,5.2010000000000005
GRC3,0.667662876779716,1.034,0.3305714285714286,2.052
ERG3,1.043335981184849,1.467,0.5475714285714286,2.8660000000000005
SHM2,0.9755888622677209,1.693,0.4298571428571429,4.328
FRS1,0.6370899295341803,0.984,0.31314285714285717,2.0740000000000003
YLR062C,0.5489219308684137,1.029,0.3301428571428571,2.4109999999999996
YLR152C,0.7320345550817762,1.039,0.4781428571428571,2.465
SSP120,0.7588082593820467,0.943,0.5048571428571428,1.576
YLR252W,2.0759020346987853,2.862,1.0471428571428572,5.894
NDL1,0.4124571375109403,0.497,0.24428571428571427,1.9359999999999997
GSY2,2.523623981261749,3.336,1.483285714285714,7.0569999999999995
RPL26A,0.612996988833827,0.993,0.28757142857142853,2.4939999999999998
ORM2,0.46160614861621974,0.558,0.24529396933305944,2.3310577853314163
YLR352W,0.7832985401554656,1.16,0.40214285714285714,2.759
YLR446W,0.765588865792275,1.127,0.33999999999999997,2.6229999999999993
RPL6B,0.6846113541804739,1.216,0.27385714285714285,3.497
RPM2,0.34892483409938546,0.86,0.26742857142857146,2.472
UTP14,1.342754898262063,2.158,0.5924285714285713,4.8629999999999995
STB2,0.6114271406263035,1.051,0.296,2.322
TMA23,0.848833277565852,1.274,0.47128571428571425,2.439
URA10,1.2111031781644999,1.737,0.724857142857143,3.4470000000000005
LAP2,0.9748514678816945,1.213,0.5582857142857143,2.9230000000000005
AAH1,1.2532062528050176,1.955,0.6622857142857141,4.006
MFA2,1.16105446969828,2.026,0.47628571428571426,4.3919999999999995
LSM7,0.5066481947466146,0.874,0.19700000000000004,2.036
SNZ2,0.3112358346285033,0.899,0.3031428571428571,1.9090000000000003
HRD1,0.8138240872365747,1.347,0.3501428571428571,2.789
SHR5,0.19428470061159284,0.642,0.20514285714285713,2.129
PEP12,1.27427586539936,1.808,0.6682857142857143,4.3229999999999995
BAG7,1.0633947661954615,1.539,0.509357522353246,3.560994687054554
IDH2,0.6286157457484124,1.036,0.4681428571428571,2.539
MCP1,0.7076840894266825,1.041,0.36314285714285716,2.221
RPL33B,0.6641823848496934,1.144,0.2852857142857143,2.487
SVL3,0.42506429702450554,0.888,0.355,3.704
NAN1,1.5017308679996098,2.345,0.7072857142857142,4.580000000000001
TBF1,0.20664206692191936,0.898,0.19057142857142859,1.9940000000000002
RPL1A,0.4925520274914368,0.913,0.3108571428571429,2.845
NEW1,1.0186667926275386,1.639,0.46242857142857147,3.286
HTS1,0.6171164988343771,0.901,0.32228571428571423,2.163
GLN1,0.8829471507883075,1.51,0.42742857142857144,2.8309999999999995
SCD6,0.46902616240229267,1.049,0.41742857142857137,1.981
HKR1,0.11362138156342243,0.989,0.19999999999999998,1.579
YDR509W,0.5276080580176874,0.657,0.28614285714285714,2.065
SPF1,0.5865073204238374,0.916,0.2937142857142857,1.8830000000000002
RPS21B,0.6706865876789236,0.969,0.3615714285714286,3.1889999999999996
MPP10,0.7738309388451682,1.263,0.3144285714285714,2.563
YOR062C,1.2210760687596454,1.633,0.6062857142857142,3.2780000000000005
UBP2,0.5008373457541809,0.868,0.3267142857142857,1.977
DCS2,1.8375346420970127,2.64,1.144857142857143,5.9670000000000005
YKU70,0.5462172809568825,0.949,0.291,2.252
ASI3,0.6112614170425681,0.846,0.2662857142857143,1.9389999999999998
POL1,0.45972776252221753,0.926,0.27214285714285713,2.463
RPA43,1.8449480726637875,3.101,0.7367142857142858,6.183
YOR342C,1.1179346130004253,1.764,0.4985714285714286,3.706
PDE2,0.614856190734241,0.854,0.2834285714285714,2.272
UTP25,0.6598990528252674,0.926,0.356,2.2750000000000004
NOP9,1.1181438520485525,1.648,0.5457142857142856,3.678
SSA3,1.3834268473483018,1.72,0.7364285714285714,3.5700000000000003
YBL077W,0.967998654373242,1.486,0.4318571428571429,3.1460000000000004
YRO2,0.28338223205047475,1.405,0.47185714285714286,3.089
YBR056W,1.5112531451017457,1.88,0.8798571428571428,4.152
YBR062C,0.25232760972988044,0.73,0.2604285714285714,2.0380000000000003
YSW1,0.4775579347091523,0.767,0.23399999999999999,2.15
TBS1,0.5512954783017843,0.804,0.27742857142857147,1.7819999999999998
RPB5,0.8920457962348738,1.324,0.40942857142857136,4.527
SLI15,0.42524011682187657,0.847,0.2444285714285714,1.915
AMN1,1.0512473569430878,1.489,0.5441428571428572,2.853
ENP1,1.1808782066519825,2.125,0.45528571428571424,4.555000000000001
ARO4,0.4998091762645479,1.099,0.34371428571428575,3.045
GLK1,1.7703982489264707,2.148,0.9854285714285714,4.534000000000001
YCL042W,0.84593044518138,1.145,0.45614285714285724,2.715
RSC6,0.7418595687702856,1.276,0.431,3.45
NOP1,0.9741370693865424,1.525,0.4872857142857142,3.4789999999999996
RPN4,1.3575173525436797,1.941,0.6691428571428572,4.957000000000001
GPD1,2.9428909290780885,3.474,1.6019999999999999,7.817
DIA3,2.9685530892015666,4.489,1.6051428571428572,10.571
PRX1,1.633853497474061,2.535,1.0782105302887337,7.606
PRS4,0.9127793848796883,1.735,0.36192481600301946,3.8519474240422724
RPS8A,0.7477722599177951,1.212,0.42521053028873373,3.412947424042272
FMP23,0.9127373616976421,1.647,0.5026391017173052,3.6270000000000002
YBR051W,0.6224330560566844,1.106,0.3013533874315909,2.85
YBR053C,1.155178581472047,1.769,0.6590676731458766,4.093
YBR139W,0.8279970933520473,1.361,0.5286391017173051,3.395
SUP45,0.5318629017647566,1.036,0.19221053028873372,2.4199474240422725
RTC2,0.8715351173941004,1.301,0.5147819588601623,3.161
YBR238C,1.0579310730550047,1.899,0.4624285714285715,4.182
THI2,0.21476720461601084,0.678,0.27571428571428575,2.6060000000000003
YBR242W,0.27757106126636805,1.299,0.3122857142857143,3.4689999999999994
FUS1,0.8929838820809566,1.177,0.4450000000000001,3.5530000000000004
GRX1,0.8359968663697259,1.52,0.5828571428571429,3.697
MATALPHA2,0.6927536112464631,0.951,0.38585714285714284,2.5970000000000004
RRT12,0.5308567840825456,1.006,0.35828571428571426,4.0040000000000004
MCD1,0.6123603132492478,1.047,0.3502241669157203,2.342
RPT2,0.21025544009522296,1.033,0.2251428571428571,2.2079999999999997
YDL009C,0.5858863746978767,0.909,0.2644285714285714,2.68
QRI1,0.08804774031442653,0.862,0.17485714285714285,1.8719999999999999
YDL109C,0.20484495070396563,1.0,0.33414285714285713,3.2359999999999998
YDL199C,1.3237291416020573,2.139,0.6162857142857143,4.981
TRM8,0.7435527927159349,1.244,0.35828571428571426,2.5319999999999996
NRG1,1.3005919571854927,2.291,0.5465714285714286,6.2989999999999995
RPC11,0.48963975385500597,0.882,0.2087142857142857,2.11
DET1,0.48965983142062686,0.801,0.30628571428571433,2.638
RUB1,0.39600552808064793,1.513,0.3897225407616308,3.7250577853314155
TAF12,0.38797871217818336,0.624,0.281,2.6559999999999997
YDR149C,0.5151158750905127,1.251,0.3538304216079026,4.8729422146685835
YDR249C,0.577237045851172,1.075,0.22271428571428567,2.7710000000000004
RMD5,0.49534710275414917,0.755,0.2722857142857143,1.8210000000000002
YAP6,0.3141218227460577,0.923,0.2467225407616309,2.262942214668584
GPI8,0.3824378409991844,0.569,0.24742857142857141,2.395
YDR341C,0.7520370889913608,1.106,0.36314285714285716,2.4010000000000002
RPN9,0.5598913311967165,0.985,0.3992857142857143,3.476
TIF35,1.0204720025677982,1.93,0.37414285714285717,4.036999999999999
PPM1,0.5491287476881085,0.867,0.3331428571428572,2.3840000000000003
SPS1,0.635401399200953,1.245,0.3940676731458766,4.781
CAB1,0.5658304978383608,0.95,0.24414285714285713,2.13
HSP31,1.8349244195592727,2.614,1.0420676731458764,5.638
NUG1,1.0123307745451795,1.706,0.4471428571428571,3.754
DOT6,0.3776925391054286,0.972,0.2967142857142857,2.74
YER188W,0.38356515446952455,0.594,0.23628571428571427,2.27
YRF1-2,0.4090382498581314,0.716,0.2901428571428571,2.4699999999999993
SPB4,0.7713049218619753,1.394,0.3077142857142857,2.7639999999999993
PES4,0.343344855143846,0.621,0.23485714285714285,2.7359999999999998
PTR3,0.702715136511255,1.029,0.42614285714285716,3.274
GEP7,0.4954330619595576,0.841,0.25399999999999995,2.278
PKP2,0.7686659569190223,1.197,0.45028571428571423,3.614
PEX14,0.42845312091177157,0.53,0.26985714285714285,3.6279999999999997
ARI1,1.3352581156378749,2.227,0.8771428571428572,4.481999999999999
ZIP2,0.6344943212640706,1.093,0.2742857142857143,2.731
MNT2,0.49079961163190244,0.677,0.3071428571428572,2.7070000000000003
YPS5,0.5757052619028405,0.8,0.36600000000000005,3.362
PIL1,1.0266148640093282,1.744,0.4082857142857142,3.5500000000000003
CTT1,3.137416593632762,4.484,1.8397142857142856,9.661
UTP22,0.5308879065184602,0.983,0.2601428571428571,2.824
RNR4,0.39976704202979646,0.522,0.34628571428571425,1.571
CWC22,0.21269762150821972,0.503,0.2537142857142857,2.65
PXR1,1.6955955665742535,2.762,0.804142857142857,5.368
PIH1,1.6050053292482782,2.521,0.8134285714285714,5.866
CIA2,0.42750333138121255,1.399,0.3177142857142857,3.5070000000000006
NDT80,0.7482002980688023,2.164,0.4272857142857143,4.658
ANS1,0.29662510083857174,0.777,0.273,2.843
FUR1,0.6516093731338287,0.959,0.31285714285714283,2.435
PHO12,0.9968059624714263,1.566,0.6008571428571429,4.422000000000001
RSM25,0.5291197777042617,1.187,0.3887142857142857,3.4710000000000005
FYV10,0.8404286074631844,1.195,0.4214285714285714,3.0789999999999997
SGA1,0.7953709754875117,1.213,0.4542857142857143,2.9320000000000004
XBP1,1.1227607515972073,1.746,0.631,4.328
SQT1,0.5730308760797675,1.044,0.2632857142857143,2.631
YIR014W,0.55969368843874,1.037,0.24757142857142855,2.2560000000000002
YIR020C,0.21665573453218165,0.753,0.25799999999999995,2.585
UTP18,1.2805611267121169,2.192,0.5927142857142857,4.842
FMP33,1.4851818117188034,2.365,0.8497142857142856,4.990000000000001
YJL163C,1.0368543998066424,1.877,0.38485714285714284,4.1209999999999996
CPR7,0.5538182066810815,1.11,0.18942857142857145,2.47
GEF1,0.33745530207379326,0.833,0.22328571428571428,2.4339999999999997
MNS1,0.30931325538432947,1.148,0.27299999999999996,2.9929999999999994
MET5,0.23734885474673073,1.106,0.2975714285714286,2.842
APE2,0.5501312613644966,1.022,0.35285714285714287,2.468
GCN3,0.5105674965147906,0.743,0.3191428571428571,2.8609999999999998
SSA2,0.15056627999024283,0.806,0.24485714285714286,2.3840000000000003
HSP104,1.6183031901642781,2.441,1.087142857142857,5.763
YLR049C,0.3530325324874487,0.589,0.28414285714285714,2.599
FCF2,1.031890387237914,1.912,0.4087142857142857,4.455
DPH6,0.5038068764855117,0.877,0.264,2.2149999999999994
YLR149C,1.9283964020867552,3.028,0.9940000000000001,5.8420000000000005
PCD1,0.5424776254677384,0.719,0.2892857142857143,3.1830000000000007
THI7,0.29776058978482334,0.683,0.2702857142857143,2.399
CSC1,0.413418666627812,1.233,0.416,4.0440000000000005
GPN3,0.4694944262895939,0.849,0.2091428571428571,2.4619999999999997
RPS25B,0.42947147869729474,0.606,0.2431428571428571,1.843
NUP2,0.7812090033275105,1.437,0.34600000000000003,3.3980000000000006
YLR339C,0.6026552818534544,1.063,0.32757142857142857,2.1460000000000004
GAS2,0.6977745690893448,1.245,0.5008571428571428,4.102
TSR2,1.1720485346305072,1.73,0.5072857142857143,3.6969999999999996
POB3,0.1829913033232117,0.865,0.2285714285714286,1.935
COG8,0.4179986592099898,1.22,0.2725714285714286,2.815
CPR3,0.5299603069934419,1.726,0.36257142857142854,4.13
DUS1,0.5083288462113837,0.837,0.24885714285714286,2.723
YET2,0.8397643136079013,1.498,0.36200000000000004,3.3489999999999993
ERB1,1.2397616235706685,2.121,0.5367142857142857,4.392
YIM1,0.7289176574486449,1.177,0.41500000000000004,2.4880000000000004
MRPS8,0.43557316450584266,0.825,0.2504285714285714,2.781
TIF11,0.5281185089346098,0.872,0.27342857142857147,2.032
YMR262W,0.5041600797710325,0.814,0.31957142857142856,4.048
CUE1,0.6218254695571405,1.012,0.35100000000000003,2.055
HHF2,0.59692568928262,1.039,0.4337142857142857,2.534
YNL034W,0.3706957231791511,0.819,0.31285714285714283,3.069
NCE103,1.1934084318811413,2.222,0.49514285714285716,4.909999999999999
SPC98,0.8046307296146884,1.162,0.4494285714285714,4.291
KRE33,1.5218081816794133,2.669,0.6285714285714284,5.473
YNL134C,0.674624975079391,1.195,0.49485714285714283,4.851
YNL226W,0.5476201313224829,1.006,0.404,4.175
YNL228W,0.633555785000084,1.124,0.27271428571428574,2.3780000000000006
ELA1,0.562671298513823,0.836,0.28285714285714286,2.181
CSL4,0.5621562770994587,0.915,0.24385714285714283,1.928
COS10,0.6271599968102711,0.97,0.36100000000000004,1.9229999999999998
SIN3,0.46357584593365553,1.037,0.282,3.3749999999999996
WRS1,0.8659621068977914,1.374,0.47585714285714287,2.931
YOL099C,0.603589216211659,0.893,0.34342857142857147,3.473
IZH4,0.42379188394486705,1.68,0.33414285714285713,4.011
AHC1,0.3475532802420833,0.566,0.2434285714285714,2.472
STI1,0.3282764781966671,0.836,0.28014285714285714,2.4319999999999995
CRS5,0.4048651735758946,0.604,0.23114285714285718,2.553
RIO1,0.7273332699636492,1.266,0.31714285714285717,2.8240000000000003
YOR121C,0.6303029212251432,1.04,0.5101428571428571,2.817
AIM41,0.38875401672051896,1.212,0.3764285714285714,2.6769999999999996
RFC1,0.5845098245960804,0.896,0.25985714285714284,2.737
STE13,0.5809998905595457,0.966,0.29728571428571426,2.8329999999999997
MCT1,0.6358691119453342,0.845,0.3504285714285715,1.8429999999999997
YOR225W,0.366023980069214,0.848,0.3258571428571428,3.18
SPS4,0.9363308586897625,1.657,0.625,3.7489999999999997
SFG1,1.7548395060999387,2.65,0.9171428571428571,5.17
FAA1,0.8373749028715562,1.298,0.458,2.9510000000000005
MRPS16,0.8657046905693178,1.344,0.4947142857142857,4.968
IRC15,0.2652162085819626,0.853,0.1817142857142857,2.2629999999999995
VTC3,0.7818209013467747,1.367,0.41200000000000003,4.047
YPL109C,0.45432948591382305,0.559,0.28185714285714286,2.091
CAR1,0.42186926779781997,0.579,0.2874285714285714,3.2460000000000004
TYW1,0.6876831346303519,1.141,0.32885714285714285,3.0960000000000005
NIP7,0.5453150797685891,1.086,0.32657142857142857,3.0410000000000004
CBP3,0.31477531315840707,1.766,0.39085714285714285,2.768
ATP20,0.6400716256399859,1.068,0.29300000000000004,2.7620000000000005
SDD4,0.6263653136175467,1.626,0.36742857142857144,3.675
ATH1,0.616919957365069,0.988,0.3082857142857143,2.274
YPR114W,0.4705691428452504,0.755,0.26457142857142857,2.526
RRG8,0.48459605725783955,0.799,0.2958571428571429,2.4480000000000004
AXL1,0.4156333331957489,0.528,0.24514285714285716,2.2520000000000002
CTR1,0.9126947962007196,1.526,0.4522857142857143,3.89
YDR095C,0.5406729105681957,1.083,0.38657142857142857,3.1759999999999997
YCF1,0.5840279806616289,1.055,0.3564285714285714,2.46
UTP10,1.2843112290401677,2.277,0.5311428571428572,4.6819999999999995
URA2,0.6480999484159717,0.952,0.3224285714285714,2.419
NOP12,1.1874756606799042,2.237,0.44242857142857145,4.744999999999999
ECM12,1.5928434524491937,2.413,0.8520000000000001,5.544
PCI8,0.584006307689217,0.852,0.37900000000000006,2.7430000000000003
CDC25,0.22901586954851166,2.8,0.5081428571428571,6.736
YLR419W,0.3726378383268157,2.608,0.5115714285714286,6.561
YBR286W-1150,0.4372653775703141,0.883,0.3202857142857143,2.8229999999999995
TCB1,0.33305560419485314,1.385,0.36271428571428566,3.156
PAC1,0.43705821418937796,1.582,0.274938452630006,3.775138336820084
ALA1,0.8591516835962705,1.343,0.423,3.8919999999999995
TEA1,0.5437492422278137,1.046,0.24297452540874592,3.1874949810976405
ROM1,0.40813697305362007,1.339,0.29007180806753174,3.5350053129454446
ADE1,0.582293337814619,0.971,0.308,3.196
YAR023C,0.4183503861454658,0.801,0.28971428571428565,2.6210000000000004
PRX1,1.71627200680437,2.577,1.0023533874315909,6.457
PRS4,0.9632509065512894,1.898,0.36263910171730523,4.292947424042272
YBL070C,0.42040181347645206,0.621,0.28892481600301945,1.6149474240422723
RPS8A,0.679491165223465,1.032,0.4192105302887338,3.0619474240422724
FMP23,0.9836397890132081,1.832,0.5842105302887337,3.912
YBR051W,0.5193994626449118,0.928,0.237496244574448,1.9480000000000002
YBR053C,1.0969333392797476,1.855,0.6562105302887337,3.703
YBR139W,0.797627692058908,1.284,0.5340676731458766,3.055
SUP45,0.6057121597956385,1.164,0.2480676731458766,2.8469474240422716
RTC2,0.8205554891130415,1.313,0.542496244574448,3.943
YBR232C,0.15965759921213774,1.2,0.3207142857142857,3.867
YBR238C,1.3016747530063386,2.368,0.49328571428571427,5.4719999999999995
YBR242W,0.3727606939772307,0.548,0.24015111219020227,1.8369422146685839
FUS1,0.7914589944524597,1.122,0.5005796836187736,4.924942214668585
BIK1,0.4449347182580653,1.337,0.5168571428571429,2.7159999999999997
GRX1,0.9991442585712071,1.386,0.6376527383442917,3.7628616631799163
RRP43,0.43462494584010564,1.473,0.3597142857142857,4.354
PHO87,0.48391887715866533,0.772,0.2043670240585774,2.627861663179916
YCR043C,0.556226958717192,2.2,0.5597142857142857,6.159000000000001
RRT12,0.4032205544048771,1.129,0.302938452630006,3.976
MCD1,0.6661846634812606,1.052,0.31050988120143463,2.138
ATG8,0.38839850392270664,1.868,0.3900771423848028,3.9930799933872394
ARA1,0.21844855072762914,1.107,0.21864857095623136,2.388079993387239
APD1,0.22355055743618907,0.953,0.26464857095623134,2.2750799933872385
GPX2,0.11497292411059434,0.743,0.2797142857142857,1.377
GID7,0.9089498105684403,1.698,0.3322857142857143,3.7510000000000003
YCL041C,0.8417267669467776,1.504,0.32685714285714285,3.205
THR4,0.8146382359201625,1.196,0.42014285714285704,2.5429999999999997
PWP2,0.6676002319682763,0.915,0.3511428571428571,2.934
PWP2,0.49674107266055506,0.724,0.24357142857142855,2.247
CDC7,0.6515194414217409,1.103,0.2572857142857143,2.4619999999999997
GPM2,1.28129808171919,1.963,0.8968571428571428,6.715
YDL023C,0.5463490926774098,2.13,0.6458571428571428,5.709
RRP42,0.6764685421974754,1.19,0.30014285714285716,2.664999999999999
IWR1,0.6355170833422243,0.945,0.3128571428571428,3.23
CYK3,0.48435130436440854,0.789,0.225,2.3830000000000005
GLE1,0.14215686087117285,3.385,0.5154018501793312,7.028942214668584
CWC2,0.6584493201644559,1.143,0.22973280145916863,2.307057785331416
YDL211C,0.16676512767771956,1.8,0.31054470732218836,4.266942214668584
NOP6,0.12837417185625166,1.215,0.2129732787507598,2.7269422146685844
GDH2,0.625962825318981,1.173,0.2993657774005913,4.006942214668584
UBC5,0.3926991679450136,1.276,0.33171428571428574,3.0040000000000004
AIM7,0.8645667641462856,1.238,0.43057142857142855,4.056
CPR1,0.40594150732691536,0.628,0.2815714285714286,1.7859999999999998
YDR157W,1.1657063693402068,1.572,0.8124285714285714,5.427
SAC3,2.3059531187502778,3.397,0.8997142857142857,7.102
EXG2,0.37355670991600437,0.585,0.24185714285714285,1.5639999999999998
YDR262W,0.33839422171091954,0.85,0.3201428571428571,2.0849999999999995
HXT6,1.3629307714673196,2.0,0.7168571428571429,6.946
HXT3,0.6580683566893127,1.205,0.5182857142857143,7.082
TRR1,1.4474090586367625,2.415,0.7112857142857143,9.188999999999998
RPS17B,0.20746824311180284,0.83,0.183,2.212
YDR537C,0.643173377297085,0.943,0.3554285714285714,2.8539999999999996
YDR541C,0.634232365919489,0.945,0.34,2.9690000000000003
YER010C,0.8080377955134168,1.306,0.3887860937818175,3.3010000000000006
PRE1,0.4289863912114168,0.72,0.2929289509246747,1.783
RPS8B,0.3542068627029412,0.736,0.26699999999999996,1.9529999999999998
KAP123,0.918566183456628,1.427,0.5081428571428571,3.258
HXT10,0.7891643930201921,1.237,0.36071428571428577,2.9170000000000007
IES1,1.605072831107717,2.669,0.6129999999999998,6.538000000000001
YFR031BC,0.8069377421892128,1.28,0.5057142857142857,4.854
PHO4,0.46658690439805295,0.751,0.2352857142857143,2.1950000000000003
PMR1,0.7252966353904081,1.243,0.30657142857142855,3.2700000000000005
ROK1,0.6699380865704897,0.989,0.34299999999999997,4.1
STF2,0.6857754463071729,2.091,0.6275714285714286,4.361000000000001
VAS1,1.062648762355699,1.911,0.4022857142857143,4.086
XKS1,0.3647400485035033,0.887,0.312,2.721
FYV8,0.44059338373670487,0.794,0.3212857142857143,2.1740000000000004
BIO2,0.39053713857771144,0.593,0.24771428571428572,2.206
MAL12,1.6949618537315554,2.882,0.6730813097728632,6.1811383368200845
MSC7,0.4076162479799528,0.486,0.2611428571428572,2.194
YHR045W,1.2774000986421636,2.086,0.5558571428571428,4.783
YHR130C,0.5136654701351697,0.94,0.23585714285714282,2.807
YHR138C,0.5512764250018222,2.104,0.5078571428571429,5.050000000000001
YHR140W,0.515000693512867,1.608,0.5678571428571428,3.315
YIA6,0.4192863422866671,0.693,0.26557142857142857,1.924
URM1,0.4625133125286867,0.652,0.26399999999999996,1.696
DOT5,0.9472955820382014,1.42,0.466,2.939
YIL012W,0.4507489480657627,0.784,0.1942857142857143,2.4320000000000004
SNL1,0.6846242883491446,1.167,0.33,2.8520000000000003
PFK26,0.3110220383009504,1.274,0.3722857142857143,2.713
COX5B,0.23951835476608394,0.969,0.28178195886016233,1.806
INA22,0.33769293867217476,0.458,0.25557142857142856,2.001
TAX4,1.2732111229533642,2.175,0.5438571428571428,4.71
EXO70,0.8234459762853366,1.515,0.3191428571428571,3.7289999999999996
RPL17B,0.2826409052886464,0.717,0.22985714285714284,1.7610000000000001
VPS55,0.827438107524215,1.223,0.384,2.6640000000000006
TAH11,1.4417735657737367,2.314,0.5688571428571428,4.825000000000001
ISY1,0.6750115807200174,1.16,0.27814285714285714,2.443
RAD7,0.6569347499084411,1.032,0.2861428571428571,2.2540000000000004
RPS4A,0.6112791578602921,0.917,0.3812857142857143,3.5110000000000006
HMS2,0.38239154339217035,0.531,0.2671428571428572,2.4690000000000003
DHR2,0.5891734854784693,0.75,0.3811428571428572,1.934
MRP49,0.7508454134156561,1.224,0.3282857142857143,2.9739999999999998
SNU114,0.47361207374758774,0.92,0.1597142857142857,1.9319999999999997
ZRT3,0.4603837144765347,0.706,0.25014285714285717,2.0820000000000003
RIX7,0.7866652789582,1.294,0.36514285714285716,2.9560000000000004
ENT4,0.62986201151551,0.912,0.31014285714285716,2.748
BMT6,0.5370368464456344,0.909,0.24242857142857144,2.249
PET309,1.4733364668717628,2.448,0.6277142857142858,5.226999999999999
ACS2,0.3760620217332974,0.845,0.24042857142857144,2.644
YEF3,0.2986954578742729,0.896,0.21371428571428575,2.8640000000000003
SYM1,0.5400967631999349,2.197,0.5827142857142859,4.815
YLR345W,0.47661082147602524,1.361,0.49728571428571433,3.8099999999999996
NIT3,0.6771566240862651,1.167,0.2938571428571429,3.0800000000000005
RPS1A,0.5638944362079079,0.785,0.33314285714285713,2.178
ECM7,0.6667149779705177,1.072,0.36814285714285716,2.98
VMA6,0.4831051953357136,0.788,0.2614285714285714,2.084
YML082W,0.47666403751532305,0.85,0.19757142857142856,2.008
STV1,1.2245298340994928,2.263,0.4538571428571428,4.713
AAC1,2.097265374532938,3.357,0.8298571428571427,7.183
FET3,0.3741457838070701,0.841,0.2982857142857143,2.797
YMR160W,1.2084684745464738,2.018,0.46165273834429177,4.26
ALD2,1.0113186316466714,3.998,1.1944285714285712,7.896
HOT1,0.9025945807521458,1.436,0.38999999999999996,3.1169999999999995
PRP24,0.666937653950483,1.236,0.2958571428571429,2.8509999999999995
FCP1,0.9328082886397409,1.8,0.3931428571428572,4.540000000000001
YNL144C,0.2943382174427014,1.636,0.36471428571428577,4.657000000000001
YNL234W,0.5512843202381819,1.566,0.5672857142857143,2.955
NAR1,0.2099166551387192,0.598,0.2521428571428571,1.6300000000000001
ATG2,2.1255067529094727,3.858,0.7694285714285715,8.377
CIT1,0.4992664134914442,1.972,0.5832857142857143,5.216
RCL1,0.4562498751450782,0.805,0.22942857142857145,2.187
YOL014W,0.18742487749099923,0.911,0.28314285714285714,2.199
CMK2,0.2232924162429179,0.678,0.27399999999999997,1.734
ZEO1,0.43843956018554386,2.053,0.465,4.24
MDY2,0.4921692724166682,0.69,0.30242857142857144,2.538
TOM6,0.4717606640127431,0.883,0.21814285714285717,2.1229999999999998
YOR135C,0.3082757252556927,1.098,0.3308571428571429,3.104
SIA1,0.42553178898498545,1.095,0.4042857142857143,2.081
ARP8,1.09327710351426,1.681,0.4334285714285714,3.5389999999999997
HER1,0.7659847027692808,1.355,0.319,3.271
KIN4,0.4374423863938438,0.763,0.22271428571428573,2.4779999999999998
SNC2,1.7045431957328154,2.677,0.7482857142857143,5.571000000000001
YOR331C,0.5374616496332478,0.862,0.24228571428571424,2.642
YPL025C,0.4402329379381711,0.705,0.20628571428571427,2.282
RNY1,0.5726666526423543,1.106,0.3525714285714286,3.9619999999999997
HHO1,0.8357689069021879,1.39,0.45928571428571424,4.702
RPL5,0.2839044000955059,0.738,0.17271428571428568,2.3130000000000006
BMS1,0.4054393932337407,0.589,0.28771428571428576,2.3659999999999997
GRE1,0.5835511321307467,0.929,0.27585714285714286,2.577
ALG5,0.6399210501779534,0.823,0.30385714285714277,2.783
TOR1,0.38759970371561003,0.564,0.21257142857142858,2.347
RSM26,0.5015668392961934,0.863,0.23600000000000002,2.801
MET14,0.540478931455564,1.63,0.4478571428571429,4.798
CKA2,0.7882582989629445,1.585,0.27478195886016227,3.709
RPO31,0.23300276338173456,0.893,0.16914285714285712,2.187
MCT1,0.9417175343380577,1.078,0.5731428571428572,3.633
YBR286W-200,0.3958866345607175,0.468,0.2621428571428571,1.619
YBR286W-500,2.0572288293001146,3.441,0.7715714285714287,7.4590000000000005
ERP4,0.5665246515032824,0.883,0.27142857142857146,2.219
RPA190,0.18828844994194768,0.909,0.16957142857142854,2.177
GDS1,0.23208177066368557,0.949,0.2304285714285714,2.09
RTT107,0.2183345349978327,0.771,0.33414285714285713,2.105
FLO1,0.47104919001614987,0.797,0.21457142857142858,2.539
YAR053W,0.6051745099496773,1.025,0.23328571428571426,2.2769999999999997
ATG8,0.4333835543067708,1.925,0.4870771423848028,4.0610799933872395
YBL086C,0.6203686739423265,1.222,0.26792481600301943,3.0389999999999997
PRP6,0.6659332872784806,1.322,0.2187819588601623,2.9309474240422726
ARA1,0.23985010053234956,0.993,0.2707914280990885,2.065079993387239
APD1,0.2038328499323295,0.857,0.24921999952765997,1.934079993387239
GPX2,0.23839164120224754,0.771,0.3485714285714286,1.6320000000000001
GID7,0.9682025446863661,1.773,0.38614285714285707,4.06
YCL041C,0.8596876718501243,1.65,0.3158571428571429,3.9650000000000003
POF1,0.4044084420803793,0.887,0.24671428571428572,2.1959999999999997
THR4,0.8358238786419308,1.264,0.42399999999999993,2.907
PWP2,0.6335001044644845,0.882,0.3252857142857143,2.859
PWP2,0.4496053824419416,0.638,0.22285714285714284,2.162
CDC7,0.6530091730552894,1.079,0.2887142857142857,2.745
GPM2,1.2762301966543705,1.674,0.7698571428571429,6.193
YDL023C,0.48095753969501165,1.493,0.3912857142857143,4.065
