pair_type,control_family,pair_index,left_observation_id,right_observation_id,component,normalized_value,robust_alt_value,normalization_reference,small_denominator_flag,artifact_flags,raw_values_json
target_target,target,0,obs_ed1f0ceddbbf708b259ea1a6,obs_c21d789f14a613fc6b0083e2,d_inv,0.3770421455678638,0.24913315178490292,"per-field abs diff divided by max(abs(left), abs(right), 1e-12)",False,,"{""shell_latency_span"": {""abs_diff"": 0.6000000000000001, ""default_normalized"": 0.20000000000000004, ""left"": 3.0, ""right"": 2.4, ""symmetric_denominator"": 5.4000000000010004, ""symmetric_relative"": 0.11111111111109054}, ""terminal_low_k_fraction"": {""abs_diff"": 0.12722777252600004, ""default_normalized"": 0.30333261945766266, ""left"": 0.419433204228, ""right"": 0.292205431702, ""symmetric_denominator"": 0.711638635931, ""symmetric_relative"": 0.1787814293690709}, ""transport_character_index"": {""abs_diff"": 0.12304273749799999, ""default_normalized"": 0.6277938172459286, ""left"": 0.072949535949, ""right"": 0.195992273447, ""symmetric_denominator"": 0.26894180939699996, ""symmetric_relative"": 0.4575069148745473}}"
target_target,target,0,obs_ed1f0ceddbbf708b259ea1a6,obs_c21d789f14a613fc6b0083e2,d_struct,0.33333333333333337,0.22222222222222224,edge Jaccard plus relative edge-count drift,False,,"{""edge_count"": {""left"": 9.0, ""right"": 9.0, ""symmetric_denominator"": 18.000000000001, ""symmetric_relative"": 0.0}, ""edge_set"": {""intersection"": 3, ""jaccard_distance"": 0.6666666666666667, ""left_count"": 6, ""right_count"": 6, ""union"": 9}, ""stable_edge_count"": {""left"": 3.0, ""right"": 3.0, ""symmetric_denominator"": 6.000000000001, ""symmetric_relative"": 0.0}}"
target_target,target,0,obs_ed1f0ceddbbf708b259ea1a6,obs_c21d789f14a613fc6b0083e2,d_spec,0.47727968175725527,0.32741279440304366,"per-field abs diff divided by max(abs(left), abs(right), 1e-12)",False,,"{""terminal_fluctuation_slope"": {""abs_diff"": 0.307668304815, ""default_normalized"": 0.6775279963443092, ""left"": 0.146435889366, ""right"": 0.454104194181, ""symmetric_denominator"": 0.600540083548, ""symmetric_relative"": 0.5123193492718936}, ""terminal_low_k_fraction"": {""abs_diff"": 0.12722777252600004, ""default_normalized"": 0.30333261945766266, ""left"": 0.419433204228, ""right"": 0.292205431702, ""symmetric_denominator"": 0.711638635931, ""symmetric_relative"": 0.1787814293690709}, ""terminal_low_k_power"": {""abs_diff"": 0.108466420531, ""default_normalized"": 0.4509784294697939, ""left"": 0.240513544425, ""right"": 0.132047123894, ""symmetric_denominator"": 0.37256066832, ""symmetric_relative"": 0.2911376045681665}}"
target_target,target,0,obs_ed1f0ceddbbf708b259ea1a6,obs_c21d789f14a613fc6b0083e2,d_causal,0.0,0.0,front depths use fixed scale 4.0; causal fields use relative numeric distance,False,,"{""acyclicity_score"": {""left"": 0.555555555556, ""right"": 0.555555555556, ""symmetric_denominator"": 1.111111111113, ""symmetric_relative"": 0.0}, ""front_far_depth"": {""abs_diff"": 0.0, ""left"": 3.0, ""right"": 3.0, ""scale"": 4.0}, ""front_near_depth"": {""abs_diff"": 0.0, ""left"": 2.0, ""right"": 2.0, ""scale"": 4.0}, ""mean_causal_depth"": {""left"": 1.714285714286, ""right"": 1.714285714286, ""symmetric_denominator"": 3.428571428573, ""symmetric_relative"": 0.0}, ""mismatch_rate"": {""left"": 0.035130761687, ""right"": 0.035130761687, ""symmetric_denominator"": 0.07026152337500001, ""symmetric_relative"": 0.0}, ""order_compatibility_score"": {""left"": 0.964869238313, ""right"": 0.964869238313, ""symmetric_denominator"": 1.929738476627, ""symmetric_relative"": 0.0}}"
target_target,target,0,obs_ed1f0ceddbbf708b259ea1a6,obs_c21d789f14a613fc6b0083e2,d_time,0.17819353741496596,0.2046958333333333,rank distance plus event-time abs diff divided by tau scale 4.2,False,heuristic_rank_interpolation_present,"{""left_time_key_count"": 7, ""rank_distance"": 0.14285714285714285, ""right_time_key_count"": 7, ""shared_time_keys"": [""dispersion_half"", ""front_far"", ""front_near"", ""low_k_half"", ""radius_half"", ""spectral_half"", ""width_half""], ""time_distance_values"": [0.06613761904761906, 0.39682547619047615, 0.28571428571428564, 0.0, 0.5846561904761903, 0.04761928571428573, 0.11375666666666662]}"
target_target,target,0,obs_ed1f0ceddbbf708b259ea1a6,obs_c21d789f14a613fc6b0083e2,d_addr,0.0,0.0,exact signature match else prefix/depth distance with minimum mismatch floor 0.25,False,,"{""depth_distance"": 0.0, ""left_address"": {""dominant_chain_prefix"": [""low_k_half"", ""dispersion_half""], ""front_depth_profile"": {""front_far_depth"": 3.0, ""front_near_depth"": 2.0}, ""monotonic_shell_ordering"": true, ""order_compatibility_band"": 0.95}, ""prefix_distance"": 0.0, ""right_address"": {""dominant_chain_prefix"": [""low_k_half"", ""dispersion_half""], ""front_depth_profile"": {""front_far_depth"": 3.0, ""front_near_depth"": 2.0}, ""monotonic_shell_ordering"": true, ""order_compatibility_band"": 0.95}, ""without_floor"": 0.0}"
target_target,target,1,obs_ea0aca853f3046642f451b7d,obs_8de73c59341ac382087fba03,d_inv,0.2668084637230561,0.17511020078160686,"per-field abs diff divided by max(abs(left), abs(right), 1e-12)",False,,"{""shell_latency_span"": {""abs_diff"": 0.0, ""default_normalized"": 0.0, ""left"": 3.0, ""right"": 3.0, ""symmetric_denominator"": 6.000000000001, ""symmetric_relative"": 0.0}, ""terminal_low_k_fraction"": {""abs_diff"": 0.10609028839100004, ""default_normalized"": 0.2410439918264427, ""left"": 0.440128325071, ""right"": 0.33403803668, ""symmetric_denominator"": 0.7741663617519999, ""symmetric_relative"": 0.1370381014113159}, ""transport_character_index"": {""abs_diff"": 0.09932477055300001, ""default_normalized"": 0.5593813993427257, ""left"": 0.078237033736, ""right"": 0.177561804289, ""symmetric_denominator"": 0.255798838026, ""symmetric_relative"": 0.38829250093350465}}"
target_target,target,1,obs_ea0aca853f3046642f451b7d,obs_8de73c59341ac382087fba03,d_struct,0.45454545454545453,0.30303030303030304,edge Jaccard plus relative edge-count drift,False,,"{""edge_count"": {""left"": 11.0, ""right"": 11.0, ""symmetric_denominator"": 22.000000000001, ""symmetric_relative"": 0.0}, ""edge_set"": {""intersection"": 1, ""jaccard_distance"": 0.9090909090909091, ""left_count"": 6, ""right_count"": 6, ""union"": 11}, ""stable_edge_count"": {""left"": 1.0, ""right"": 1.0, ""symmetric_denominator"": 2.000000000001, ""symmetric_relative"": 0.0}}"
target_target,target,1,obs_ea0aca853f3046642f451b7d,obs_8de73c59341ac382087fba03,d_spec,0.39431611175798237,0.29636687814975116,"per-field abs diff divided by max(abs(left), abs(right), 1e-12)",False,,"{""terminal_fluctuation_slope"": {""abs_diff"": 0.353389527627, ""default_normalized"": 0.8109294084762954, ""left"": 0.082393814219, ""right"": 0.435783341846, ""symmetric_denominator"": 0.5181771560659999, ""symmetric_relative"": 0.6819859260294928}, ""terminal_low_k_fraction"": {""abs_diff"": 0.10609028839100004, ""default_normalized"": 0.2410439918264427, ""left"": 0.440128325071, ""right"": 0.33403803668, ""symmetric_denominator"": 0.7741663617519999, ""symmetric_relative"": 0.1370381014113159}, ""terminal_low_k_power"": {""abs_diff"": 0.03617994613700001, ""default_normalized"": 0.13097493497120913, ""left"": 0.240055702653, ""right"": 0.27623564879, ""symmetric_denominator"": 0.516291351444, ""symmetric_relative"": 0.07007660700844474}}"
target_target,target,1,obs_ea0aca853f3046642f451b7d,obs_8de73c59341ac382087fba03,d_causal,0.0,0.0,front depths use fixed scale 4.0; causal fields use relative numeric distance,False,,"{""acyclicity_score"": {""left"": 0.454545454545, ""right"": 0.454545454545, ""symmetric_denominator"": 0.909090909091, ""symmetric_relative"": 0.0}, ""front_far_depth"": {""abs_diff"": 0.0, ""left"": 3.0, ""right"": 3.0, ""scale"": 4.0}, ""front_near_depth"": {""abs_diff"": 0.0, ""left"": 2.0, ""right"": 2.0, ""scale"": 4.0}, ""mean_causal_depth"": {""left"": 1.714285714286, ""right"": 1.714285714286, ""symmetric_denominator"": 3.428571428573, ""symmetric_relative"": 0.0}, ""mismatch_rate"": {""left"": 0.035886189834, ""right"": 0.035886189834, ""symmetric_denominator"": 0.071772379669, ""symmetric_relative"": 0.0}, ""order_compatibility_score"": {""left"": 0.964113810166, ""right"": 0.964113810166, ""symmetric_denominator"": 1.928227620333, ""symmetric_relative"": 0.0}}"
target_target,target,1,obs_ea0aca853f3046642f451b7d,obs_8de73c59341ac382087fba03,d_time,0.1577853231292517,0.1689814583333333,rank distance plus event-time abs diff divided by tau scale 4.2,False,heuristic_rank_interpolation_present,"{""left_time_key_count"": 7, ""rank_distance"": 0.14285714285714285, ""right_time_key_count"": 7, ""shared_time_keys"": [""dispersion_half"", ""front_far"", ""front_near"", ""low_k_half"", ""radius_half"", ""spectral_half"", ""width_half""], ""time_distance_values"": [0.05026452380952381, 0.3015873809523809, 0.28571428571428564, 0.0, 0.5291004761904762, 0.007936428571428584, 0.03439142857142857]}"
target_target,target,1,obs_ea0aca853f3046642f451b7d,obs_8de73c59341ac382087fba03,d_addr,0.0,0.0,exact signature match else prefix/depth distance with minimum mismatch floor 0.25,False,,"{""depth_distance"": 0.0, ""left_address"": {""dominant_chain_prefix"": [""low_k_half"", ""dispersion_half""], ""front_depth_profile"": {""front_far_depth"": 3.0, ""front_near_depth"": 2.0}, ""monotonic_shell_ordering"": true, ""order_compatibility_band"": 0.95}, ""prefix_distance"": 0.0, ""right_address"": {""dominant_chain_prefix"": [""low_k_half"", ""dispersion_half""], ""front_depth_profile"": {""front_far_depth"": 3.0, ""front_near_depth"": 2.0}, ""monotonic_shell_ordering"": true, ""order_compatibility_band"": 0.95}, ""without_floor"": 0.0}"
target_target,target,2,obs_8c347ec96417e5677cdb8ad0,obs_d6eeaa59b08b0f1c4897f8db,d_inv,0.2134558758081538,0.14147462629720495,"per-field abs diff divided by max(abs(left), abs(right), 1e-12)",False,,"{""shell_latency_span"": {""abs_diff"": 0.0, ""default_normalized"": 0.0, ""left"": 3.0, ""right"": 3.0, ""symmetric_denominator"": 6.000000000001, ""symmetric_relative"": 0.0}, ""terminal_low_k_fraction"": {""abs_diff"": 0.043824708637999976, ""default_normalized"": 0.09592245183474307, ""left"": 0.456876443416, ""right"": 0.413051734778, ""symmetric_denominator"": 0.869928178195, ""symmetric_relative"": 0.050377387164226774}, ""transport_character_index"": {""abs_diff"": 0.093503072051, ""default_normalized"": 0.5444451755897183, ""left"": 0.078237033736, ""right"": 0.171740105787, ""symmetric_denominator"": 0.249977139524, ""symmetric_relative"": 0.3740464917273881}}"
target_target,target,2,obs_8c347ec96417e5677cdb8ad0,obs_d6eeaa59b08b0f1c4897f8db,d_struct,0.33333333333333337,0.22222222222222224,edge Jaccard plus relative edge-count drift,False,,"{""edge_count"": {""left"": 9.0, ""right"": 9.0, ""symmetric_denominator"": 18.000000000001, ""symmetric_relative"": 0.0}, ""edge_set"": {""intersection"": 3, ""jaccard_distance"": 0.6666666666666667, ""left_count"": 6, ""right_count"": 6, ""union"": 9}, ""stable_edge_count"": {""left"": 3.0, ""right"": 3.0, ""symmetric_denominator"": 6.000000000001, ""symmetric_relative"": 0.0}}"
target_target,target,2,obs_8c347ec96417e5677cdb8ad0,obs_d6eeaa59b08b0f1c4897f8db,d_spec,0.431956626556699,0.3239902308623394,"per-field abs diff divided by max(abs(left), abs(right), 1e-12)",False,,"{""terminal_fluctuation_slope"": {""abs_diff"": 0.11609508002799998, ""default_normalized"": 0.8080008277540208, ""left"": 0.027586802515, ""right"": 0.143681882543, ""symmetric_denominator"": 0.171268685059, ""symmetric_relative"": 0.677853514131942}, ""terminal_low_k_fraction"": {""abs_diff"": 0.043824708637999976, ""default_normalized"": 0.09592245183474307, ""left"": 0.456876443416, ""right"": 0.413051734778, ""symmetric_denominator"": 0.869928178195, ""symmetric_relative"": 0.050377387164226774}, ""terminal_low_k_power"": {""abs_diff"": 0.15509835509699998, ""default_normalized"": 0.3919466000813329, ""left"": 0.240614619744, ""right"": 0.395712974841, ""symmetric_denominator"": 0.636327594586, ""symmetric_relative"": 0.2437397912908496}}"
target_target,target,2,obs_8c347ec96417e5677cdb8ad0,obs_d6eeaa59b08b0f1c4897f8db,d_causal,0.0,0.0,front depths use fixed scale 4.0; causal fields use relative numeric distance,False,,"{""acyclicity_score"": {""left"": 0.555555555556, ""right"": 0.555555555556, ""symmetric_denominator"": 1.111111111113, ""symmetric_relative"": 0.0}, ""front_far_depth"": {""abs_diff"": 0.0, ""left"": 3.0, ""right"": 3.0, ""scale"": 4.0}, ""front_near_depth"": {""abs_diff"": 0.0, ""left"": 2.0, ""right"": 2.0, ""scale"": 4.0}, ""mean_causal_depth"": {""left"": 1.714285714286, ""right"": 1.714285714286, ""symmetric_denominator"": 3.428571428573, ""symmetric_relative"": 0.0}, ""mismatch_rate"": {""left"": 0.036701388889, ""right"": 0.036701388889, ""symmetric_denominator"": 0.073402777779, ""symmetric_relative"": 0.0}, ""order_compatibility_score"": {""left"": 0.963298611111, ""right"": 0.963298611111, ""symmetric_denominator"": 1.9265972222230001, ""symmetric_relative"": 0.0}}"
target_target,target,2,obs_8c347ec96417e5677cdb8ad0,obs_d6eeaa59b08b0f1c4897f8db,d_time,0.1572184523809524,0.16798943452380952,rank distance plus event-time abs diff divided by tau scale 4.2,False,heuristic_rank_interpolation_present,"{""left_time_key_count"": 7, ""rank_distance"": 0.14285714285714285, ""right_time_key_count"": 7, ""shared_time_keys"": [""dispersion_half"", ""front_far"", ""front_near"", ""low_k_half"", ""radius_half"", ""spectral_half"", ""width_half""], ""time_distance_values"": [0.05026452380952381, 0.3015873809523809, 0.2539683333333333, 0.0, 0.5291004761904762, 0.007936428571428584, 0.05820119047619048]}"
target_target,target,2,obs_8c347ec96417e5677cdb8ad0,obs_d6eeaa59b08b0f1c4897f8db,d_addr,0.0,0.0,exact signature match else prefix/depth distance with minimum mismatch floor 0.25,False,,"{""depth_distance"": 0.0, ""left_address"": {""dominant_chain_prefix"": [""low_k_half"", ""dispersion_half""], ""front_depth_profile"": {""front_far_depth"": 3.0, ""front_near_depth"": 2.0}, ""monotonic_shell_ordering"": true, ""order_compatibility_band"": 0.95}, ""prefix_distance"": 0.0, ""right_address"": {""dominant_chain_prefix"": [""low_k_half"", ""dispersion_half""], ""front_depth_profile"": {""front_far_depth"": 3.0, ""front_near_depth"": 2.0}, ""monotonic_shell_ordering"": true, ""order_compatibility_band"": 0.95}, ""without_floor"": 0.0}"
target_control,periodic_diagonal_augmented_control,0,obs_c21d789f14a613fc6b0083e2,obs_afd8912a0e32fb71b5407b81,d_inv,0.3372410553516729,0.2119548256007464,"per-field abs diff divided by max(abs(left), abs(right), 1e-12)",False,,"{""shell_latency_span"": {""abs_diff"": 1.2, ""default_normalized"": 0.5, ""left"": 2.4, ""right"": 1.2, ""symmetric_denominator"": 3.6000000000009997, ""symmetric_relative"": 0.3333333333332408}, ""terminal_low_k_fraction"": {""abs_diff"": 0.16848359729400003, ""default_normalized"": 0.36572088044115963, ""left"": 0.292205431702, ""right"": 0.460689028996, ""symmetric_denominator"": 0.7528944606989999, ""symmetric_relative"": 0.22378116202047366}, ""transport_character_index"": {""abs_diff"": 0.03350749001300002, ""default_normalized"": 0.14600228561385908, ""left"": 0.195992273447, ""right"": 0.22949976346, ""symmetric_denominator"": 0.42549203690799997, ""symmetric_relative"": 0.07874998144852478}}"
target_control,periodic_diagonal_augmented_control,0,obs_c21d789f14a613fc6b0083e2,obs_afd8912a0e32fb71b5407b81,d_struct,0.0,0.0,edge Jaccard plus relative edge-count drift,False,,"{""edge_count"": {""left"": 9.0, ""right"": 9.0, ""symmetric_denominator"": 18.000000000001, ""symmetric_relative"": 0.0}, ""edge_set"": {""intersection"": 6, ""jaccard_distance"": 0.0, ""left_count"": 6, ""right_count"": 6, ""union"": 6}, ""stable_edge_count"": {""left"": 3.0, ""right"": 3.0, ""symmetric_denominator"": 6.000000000001, ""symmetric_relative"": 0.0}}"
target_control,periodic_diagonal_augmented_control,0,obs_c21d789f14a613fc6b0083e2,obs_afd8912a0e32fb71b5407b81,d_spec,0.23279508364559562,0.13897093830898502,"per-field abs diff divided by max(abs(left), abs(right), 1e-12)",False,,"{""terminal_fluctuation_slope"": {""abs_diff"": 0.015174392953999971, ""default_normalized"": 0.03233557500810211, ""left"": 0.454104194181, ""right"": 0.469278587135, ""symmetric_denominator"": 0.923382781317, ""symmetric_relative"": 0.016433480525115573}, ""terminal_low_k_fraction"": {""abs_diff"": 0.16848359729400003, ""default_normalized"": 0.36572088044115963, ""left"": 0.292205431702, ""right"": 0.460689028996, ""symmetric_denominator"": 0.7528944606989999, ""symmetric_relative"": 0.22378116202047366}, ""terminal_low_k_power"": {""abs_diff"": 0.05668027126299999, ""default_normalized"": 0.3003287954875251, ""left"": 0.132047123894, ""right"": 0.188727395157, ""symmetric_denominator"": 0.32077451905199994, ""symmetric_relative"": 0.1766981723813658}}"
target_control,periodic_diagonal_augmented_control,0,obs_c21d789f14a613fc6b0083e2,obs_afd8912a0e32fb71b5407b81,d_causal,0.17977763590786575,0.12410878281153132,front depths use fixed scale 4.0; causal fields use relative numeric distance,False,,"{""acyclicity_score"": {""left"": 0.555555555556, ""right"": 0.666666666667, ""symmetric_denominator"": 1.222222222224, ""symmetric_relative"": 0.09090909090886778}, ""front_far_depth"": {""abs_diff"": 1.0, ""left"": 3.0, ""right"": 4.0, ""scale"": 4.0}, ""front_near_depth"": {""abs_diff"": 1.0, ""left"": 2.0, ""right"": 3.0, ""scale"": 4.0}, ""mean_causal_depth"": {""left"": 1.714285714286, ""right"": 2.285714285714, ""symmetric_denominator"": 4.000000000001, ""symmetric_relative"": 0.1428571428569643}, ""mismatch_rate"": {""left"": 0.035130761687, ""right"": 0.035876332989, ""symmetric_denominator"": 0.071007094677, ""symmetric_relative"": 0.010499955045217387}, ""order_compatibility_score"": {""left"": 0.964869238313, ""right"": 0.964123667011, ""symmetric_denominator"": 1.9289929053250001, ""symmetric_relative"": 0.00038650805813840477}}"
target_control,periodic_diagonal_augmented_control,0,obs_c21d789f14a613fc6b0083e2,obs_afd8912a0e32fb71b5407b81,d_time,0.018140561224489794,0.03174598214285714,rank distance plus event-time abs diff divided by tau scale 4.2,False,heuristic_rank_interpolation_present,"{""left_time_key_count"": 7, ""rank_distance"": 0.0, ""right_time_key_count"": 7, ""shared_time_keys"": [""dispersion_half"", ""front_far"", ""front_near"", ""low_k_half"", ""radius_half"", ""spectral_half"", ""width_half""], ""time_distance_values"": [0.015872857142857143, 0.09523809523809522, 0.0, 0.0, 0.03174595238095239, 0.04761880952380951, 0.06349214285714286]}"
target_control,periodic_diagonal_augmented_control,0,obs_c21d789f14a613fc6b0083e2,obs_afd8912a0e32fb71b5407b81,d_addr,0.25,0.125,exact signature match else prefix/depth distance with minimum mismatch floor 0.25,False,address_floor_applied,"{""depth_distance"": 0.25, ""left_address"": {""dominant_chain_prefix"": [""low_k_half"", ""dispersion_half""], ""front_depth_profile"": {""front_far_depth"": 3.0, ""front_near_depth"": 2.0}, ""monotonic_shell_ordering"": true, ""order_compatibility_band"": 0.95}, ""prefix_distance"": 0.0, ""right_address"": {""dominant_chain_prefix"": [""low_k_half"", ""dispersion_half""], ""front_depth_profile"": {""front_far_depth"": 4.0, ""front_near_depth"": 3.0}, ""monotonic_shell_ordering"": true, ""order_compatibility_band"": 0.95}, ""without_floor"": 0.125}"
target_control,periodic_diagonal_augmented_control,1,obs_ed1f0ceddbbf708b259ea1a6,obs_46ade388243f3a4581ba4489,d_inv,0.07678802885549603,0.04126443548816284,"per-field abs diff divided by max(abs(left), abs(right), 1e-12)",False,,"{""shell_latency_span"": {""abs_diff"": 0.0, ""default_normalized"": 0.0, ""left"": 3.0, ""right"": 3.0, ""symmetric_denominator"": 6.000000000001, ""symmetric_relative"": 0.0}, ""terminal_low_k_fraction"": {""abs_diff"": 0.026800057905999985, ""default_normalized"": 0.06389589006270405, ""left"": 0.419433204228, ""right"": 0.392633146322, ""symmetric_denominator"": 0.8120663505510001, ""symmetric_relative"": 0.033002300720643966}, ""transport_character_index"": {""abs_diff"": 0.014569063393, ""default_normalized"": 0.16646819650378405, ""left"": 0.072949535949, ""right"": 0.087518599342, ""symmetric_denominator"": 0.16046813529200002, ""symmetric_relative"": 0.09079100574384456}}"
target_control,periodic_diagonal_augmented_control,1,obs_ed1f0ceddbbf708b259ea1a6,obs_46ade388243f3a4581ba4489,d_struct,0.4,0.26666666666666666,edge Jaccard plus relative edge-count drift,False,,"{""edge_count"": {""left"": 9.0, ""right"": 9.0, ""symmetric_denominator"": 18.000000000001, ""symmetric_relative"": 0.0}, ""edge_set"": {""intersection"": 2, ""jaccard_distance"": 0.8, ""left_count"": 6, ""right_count"": 6, ""union"": 10}, ""stable_edge_count"": {""left"": 3.0, ""right"": 3.0, ""symmetric_denominator"": 6.000000000001, ""symmetric_relative"": 0.0}}"
target_control,periodic_diagonal_augmented_control,1,obs_ed1f0ceddbbf708b259ea1a6,obs_46ade388243f3a4581ba4489,d_spec,0.1383355558182464,0.08060330086776046,"per-field abs diff divided by max(abs(left), abs(right), 1e-12)",False,,"{""terminal_fluctuation_slope"": {""abs_diff"": 0.072966442651, ""default_normalized"": 0.33256912987299664, ""left"": 0.146435889366, ""right"": 0.219402332017, ""symmetric_denominator"": 0.36583822138399996, ""symmetric_relative"": 0.19945002568337766}, ""terminal_low_k_fraction"": {""abs_diff"": 0.026800057905999985, ""default_normalized"": 0.06389589006270405, ""left"": 0.419433204228, ""right"": 0.392633146322, ""symmetric_denominator"": 0.8120663505510001, ""symmetric_relative"": 0.033002300720643966}, ""terminal_low_k_power"": {""abs_diff"": 0.004543766276999983, ""default_normalized"": 0.018541647519038494, ""left"": 0.240513544425, ""right"": 0.245057310702, ""symmetric_denominator"": 0.48557085512799997, ""symmetric_relative"": 0.009357576199259763}}"
target_control,periodic_diagonal_augmented_control,1,obs_ed1f0ceddbbf708b259ea1a6,obs_46ade388243f3a4581ba4489,d_causal,0.17977763590786575,0.12410878281153132,front depths use fixed scale 4.0; causal fields use relative numeric distance,False,,"{""acyclicity_score"": {""left"": 0.555555555556, ""right"": 0.666666666667, ""symmetric_denominator"": 1.222222222224, ""symmetric_relative"": 0.09090909090886778}, ""front_far_depth"": {""abs_diff"": 1.0, ""left"": 3.0, ""right"": 4.0, ""scale"": 4.0}, ""front_near_depth"": {""abs_diff"": 1.0, ""left"": 2.0, ""right"": 3.0, ""scale"": 4.0}, ""mean_causal_depth"": {""left"": 1.714285714286, ""right"": 2.285714285714, ""symmetric_denominator"": 4.000000000001, ""symmetric_relative"": 0.1428571428569643}, ""mismatch_rate"": {""left"": 0.035130761687, ""right"": 0.035876332989, ""symmetric_denominator"": 0.071007094677, ""symmetric_relative"": 0.010499955045217387}, ""order_compatibility_score"": {""left"": 0.964869238313, ""right"": 0.964123667011, ""symmetric_denominator"": 1.9289929053250001, ""symmetric_relative"": 0.00038650805813840477}}"
target_control,periodic_diagonal_augmented_control,1,obs_ed1f0ceddbbf708b259ea1a6,obs_46ade388243f3a4581ba4489,d_time,0.17063491496598637,0.15575395833333333,rank distance plus event-time abs diff divided by tau scale 4.2,False,heuristic_rank_interpolation_present,"{""left_time_key_count"": 7, ""rank_distance"": 0.19047619047619047, ""right_time_key_count"": 7, ""shared_time_keys"": [""dispersion_half"", ""front_far"", ""front_near"", ""low_k_half"", ""radius_half"", ""spectral_half"", ""width_half""], ""time_distance_values"": [0.007936428571428584, 0.047619047619047554, 0.0, 0.0, 0.4682540476190476, 0.26984119047619043, 0.2619047619047619]}"
target_control,periodic_diagonal_augmented_control,1,obs_ed1f0ceddbbf708b259ea1a6,obs_46ade388243f3a4581ba4489,d_addr,0.25,0.125,exact signature match else prefix/depth distance with minimum mismatch floor 0.25,False,address_floor_applied,"{""depth_distance"": 0.25, ""left_address"": {""dominant_chain_prefix"": [""low_k_half"", ""dispersion_half""], ""front_depth_profile"": {""front_far_depth"": 3.0, ""front_near_depth"": 2.0}, ""monotonic_shell_ordering"": true, ""order_compatibility_band"": 0.95}, ""prefix_distance"": 0.0, ""right_address"": {""dominant_chain_prefix"": [""low_k_half"", ""dispersion_half""], ""front_depth_profile"": {""front_far_depth"": 4.0, ""front_near_depth"": 3.0}, ""monotonic_shell_ordering"": true, ""order_compatibility_band"": 0.95}, ""without_floor"": 0.125}"
target_control,periodic_diagonal_augmented_control,2,obs_8de73c59341ac382087fba03,obs_4b958084812d6435763f9a05,d_inv,0.33297454377969765,0.20591599817174122,"per-field abs diff divided by max(abs(left), abs(right), 1e-12)",False,,"{""shell_latency_span"": {""abs_diff"": 1.2, ""default_normalized"": 0.39999999999999997, ""left"": 3.0, ""right"": 1.8, ""symmetric_denominator"": 4.800000000001, ""symmetric_relative"": 0.2499999999999479}, ""terminal_low_k_fraction"": {""abs_diff"": 0.259574492217, ""default_normalized"": 0.4372793355613958, ""left"": 0.33403803668, ""right"": 0.593612528897, ""symmetric_denominator"": 0.927650565578, ""symmetric_relative"": 0.27981925721703677}, ""transport_character_index"": {""abs_diff"": 0.03423588897499999, ""default_normalized"": 0.16164429577769715, ""left"": 0.177561804289, ""right"": 0.211797693264, ""symmetric_denominator"": 0.389359497554, ""symmetric_relative"": 0.08792873729823898}}"
target_control,periodic_diagonal_augmented_control,2,obs_8de73c59341ac382087fba03,obs_4b958084812d6435763f9a05,d_struct,0.25,0.16666666666666666,edge Jaccard plus relative edge-count drift,False,,"{""edge_count"": {""left"": 11.0, ""right"": 11.0, ""symmetric_denominator"": 22.000000000001, ""symmetric_relative"": 0.0}, ""edge_set"": {""intersection"": 4, ""jaccard_distance"": 0.5, ""left_count"": 6, ""right_count"": 6, ""union"": 8}, ""stable_edge_count"": {""left"": 1.0, ""right"": 1.0, ""symmetric_denominator"": 2.000000000001, ""symmetric_relative"": 0.0}}"
target_control,periodic_diagonal_augmented_control,2,obs_8de73c59341ac382087fba03,obs_4b958084812d6435763f9a05,d_spec,0.6642655747216146,0.5547993522418377,"per-field abs diff divided by max(abs(left), abs(right), 1e-12)",False,,"{""terminal_fluctuation_slope"": {""abs_diff"": 4.804706398928, ""default_normalized"": 1.0, ""left"": 0.435783341846, ""right"": -4.368923057082, ""symmetric_denominator"": 4.804706398929, ""symmetric_relative"": 0.9999999999997918}, ""terminal_low_k_fraction"": {""abs_diff"": 0.259574492217, ""default_normalized"": 0.4372793355613958, ""left"": 0.33403803668, ""right"": 0.593612528897, ""symmetric_denominator"": 0.927650565578, ""symmetric_relative"": 0.27981925721703677}, ""terminal_low_k_power"": {""abs_diff"": 0.15345370625500002, ""default_normalized"": 0.555517388603448, ""left"": 0.27623564879, ""right"": 0.122781942535, ""symmetric_denominator"": 0.399017591326, ""symmetric_relative"": 0.3845787995086846}}"
target_control,periodic_diagonal_augmented_control,2,obs_8de73c59341ac382087fba03,obs_4b958084812d6435763f9a05,d_causal,0.14345939810471708,0.10539718807036243,front depths use fixed scale 4.0; causal fields use relative numeric distance,False,,"{""acyclicity_score"": {""left"": 0.454545454545, ""right"": 0.272727272727, ""symmetric_denominator"": 0.727272727273, ""symmetric_relative"": 0.2499999999996563}, ""front_far_depth"": {""abs_diff"": 1.0, ""left"": 3.0, ""right"": 2.0, ""scale"": 4.0}, ""front_near_depth"": {""abs_diff"": 0.0, ""left"": 2.0, ""right"": 2.0, ""scale"": 4.0}, ""mean_causal_depth"": {""left"": 1.714285714286, ""right"": 1.571428571429, ""symmetric_denominator"": 3.2857142857159998, ""symmetric_relative"": 0.04347826086949906}, ""mismatch_rate"": {""left"": 0.035886189834, ""right"": 0.042589285714, ""symmetric_denominator"": 0.078475475549, ""symmetric_relative"": 0.08541644167310075}, ""order_compatibility_score"": {""left"": 0.964113810166, ""right"": 0.957410714286, ""symmetric_denominator"": 1.921524524453, ""symmetric_relative"": 0.0034884258799185107}}"
target_control,periodic_diagonal_augmented_control,2,obs_8de73c59341ac382087fba03,obs_4b958084812d6435763f9a05,d_time,0.03760396258503401,0.03009264880952381,rank distance plus event-time abs diff divided by tau scale 4.2,False,heuristic_rank_interpolation_present,"{""left_time_key_count"": 7, ""rank_distance"": 0.047619047619047616, ""right_time_key_count"": 7, ""shared_time_keys"": [""dispersion_half"", ""front_far"", ""front_near"", ""low_k_half"", ""radius_half"", ""spectral_half"", ""width_half""], ""time_distance_values"": [0.01587309523809523, 0.09523809523809526, 0.0, 0.0, 0.03174619047619046, 0.04761928571428568, 0.0026454761904762124]}"
target_control,periodic_diagonal_augmented_control,2,obs_8de73c59341ac382087fba03,obs_4b958084812d6435763f9a05,d_addr,0.25,0.0625,exact signature match else prefix/depth distance with minimum mismatch floor 0.25,False,address_floor_applied,"{""depth_distance"": 0.125, ""left_address"": {""dominant_chain_prefix"": [""low_k_half"", ""dispersion_half""], ""front_depth_profile"": {""front_far_depth"": 3.0, ""front_near_depth"": 2.0}, ""monotonic_shell_ordering"": true, ""order_compatibility_band"": 0.95}, ""prefix_distance"": 0.0, ""right_address"": {""dominant_chain_prefix"": [""low_k_half"", ""dispersion_half""], ""front_depth_profile"": {""front_far_depth"": 2.0, ""front_near_depth"": 2.0}, ""monotonic_shell_ordering"": true, ""order_compatibility_band"": 0.95}, ""without_floor"": 0.0625}"
target_control,periodic_diagonal_augmented_control,3,obs_ea0aca853f3046642f451b7d,obs_1163ec91dc845e4ed94d462a,d_inv,0.04201427710272975,0.021694443274773795,"per-field abs diff divided by max(abs(left), abs(right), 1e-12)",False,,"{""shell_latency_span"": {""abs_diff"": 0.0, ""default_normalized"": 0.0, ""left"": 3.0, ""right"": 3.0, ""symmetric_denominator"": 6.000000000001, ""symmetric_relative"": 0.0}, ""terminal_low_k_fraction"": {""abs_diff"": 0.025729803245000016, ""default_normalized"": 0.05845977588661073, ""left"": 0.440128325071, ""right"": 0.414398521826, ""symmetric_denominator"": 0.854526846898, ""symmetric_relative"": 0.030109999865307026}, ""transport_character_index"": {""abs_diff"": 0.005287497786999995, ""default_normalized"": 0.06758305542157851, ""left"": 0.078237033736, ""right"": 0.072949535949, ""symmetric_denominator"": 0.151186569686, ""symmetric_relative"": 0.03497332995901435}}"
target_control,periodic_diagonal_augmented_control,3,obs_ea0aca853f3046642f451b7d,obs_1163ec91dc845e4ed94d462a,d_struct,0.0,0.0,edge Jaccard plus relative edge-count drift,False,,"{""edge_count"": {""left"": 11.0, ""right"": 11.0, ""symmetric_denominator"": 22.000000000001, ""symmetric_relative"": 0.0}, ""edge_set"": {""intersection"": 6, ""jaccard_distance"": 0.0, ""left_count"": 6, ""right_count"": 6, ""union"": 6}, ""stable_edge_count"": {""left"": 1.0, ""right"": 1.0, ""symmetric_denominator"": 2.000000000001, ""symmetric_relative"": 0.0}}"
target_control,periodic_diagonal_augmented_control,3,obs_ea0aca853f3046642f451b7d,obs_1163ec91dc845e4ed94d462a,d_spec,0.18243177145415104,0.11645350319756732,"per-field abs diff divided by max(abs(left), abs(right), 1e-12)",False,,"{""terminal_fluctuation_slope"": {""abs_diff"": 0.075231374185, ""default_normalized"": 0.47728015393186285, ""left"": 0.082393814219, ""right"": 0.157625188404, ""symmetric_denominator"": 0.240019002624, ""symmetric_relative"": 0.3134392417372601}, ""terminal_low_k_fraction"": {""abs_diff"": 0.025729803245000016, ""default_normalized"": 0.05845977588661073, ""left"": 0.440128325071, ""right"": 0.414398521826, ""symmetric_denominator"": 0.854526846898, ""symmetric_relative"": 0.030109999865307026}, ""terminal_low_k_power"": {""abs_diff"": 0.0028063645780000146, ""default_normalized"": 0.011555384543979528, ""left"": 0.240055702653, ""right"": 0.242862067231, ""symmetric_denominator"": 0.482917769885, ""symmetric_relative"": 0.005811267990134864}}"
target_control,periodic_diagonal_augmented_control,3,obs_ea0aca853f3046642f451b7d,obs_1163ec91dc845e4ed94d462a,d_causal,0.14345939810471708,0.10539718807036243,front depths use fixed scale 4.0; causal fields use relative numeric distance,False,,"{""acyclicity_score"": {""left"": 0.454545454545, ""right"": 0.272727272727, ""symmetric_denominator"": 0.727272727273, ""symmetric_relative"": 0.2499999999996563}, ""front_far_depth"": {""abs_diff"": 1.0, ""left"": 3.0, ""right"": 2.0, ""scale"": 4.0}, ""front_near_depth"": {""abs_diff"": 0.0, ""left"": 2.0, ""right"": 2.0, ""scale"": 4.0}, ""mean_causal_depth"": {""left"": 1.714285714286, ""right"": 1.571428571429, ""symmetric_denominator"": 3.2857142857159998, ""symmetric_relative"": 0.04347826086949906}, ""mismatch_rate"": {""left"": 0.035886189834, ""right"": 0.042589285714, ""symmetric_denominator"": 0.078475475549, ""symmetric_relative"": 0.08541644167310075}, ""order_compatibility_score"": {""left"": 0.964113810166, ""right"": 0.957410714286, ""symmetric_denominator"": 1.921524524453, ""symmetric_relative"": 0.0034884258799185107}}"
target_control,periodic_diagonal_augmented_control,3,obs_ea0aca853f3046642f451b7d,obs_1163ec91dc845e4ed94d462a,d_time,0.009637193877551012,0.01686508928571427,rank distance plus event-time abs diff divided by tau scale 4.2,False,heuristic_rank_interpolation_present,"{""left_time_key_count"": 7, ""rank_distance"": 0.0, ""right_time_key_count"": 7, ""shared_time_keys"": [""dispersion_half"", ""front_far"", ""front_near"", ""low_k_half"", ""radius_half"", ""spectral_half"", ""width_half""], ""time_distance_values"": [0.007936428571428584, 0.047619047619047554, 0.0, 0.0, 0.03968261904761902, 0.015873095238095245, 0.023809523809523777]}"
target_control,periodic_diagonal_augmented_control,3,obs_ea0aca853f3046642f451b7d,obs_1163ec91dc845e4ed94d462a,d_addr,0.25,0.0625,exact signature match else prefix/depth distance with minimum mismatch floor 0.25,False,address_floor_applied,"{""depth_distance"": 0.125, ""left_address"": {""dominant_chain_prefix"": [""low_k_half"", ""dispersion_half""], ""front_depth_profile"": {""front_far_depth"": 3.0, ""front_near_depth"": 2.0}, ""monotonic_shell_ordering"": true, ""order_compatibility_band"": 0.95}, ""prefix_distance"": 0.0, ""right_address"": {""dominant_chain_prefix"": [""low_k_half"", ""dispersion_half""], ""front_depth_profile"": {""front_far_depth"": 2.0, ""front_near_depth"": 2.0}, ""monotonic_shell_ordering"": true, ""order_compatibility_band"": 0.95}, ""without_floor"": 0.0625}"
target_control,periodic_diagonal_augmented_control,4,obs_d6eeaa59b08b0f1c4897f8db,obs_86701919f4db014d1d236f54,d_inv,0.1789158165143011,0.11183232680929377,"per-field abs diff divided by max(abs(left), abs(right), 1e-12)",False,,"{""shell_latency_span"": {""abs_diff"": 0.0, ""default_normalized"": 0.0, ""left"": 3.0, ""right"": 3.0, ""symmetric_denominator"": 6.000000000001, ""symmetric_relative"": 0.0}, ""terminal_low_k_fraction"": {""abs_diff"": 0.185633359149, ""default_normalized"": 0.4494191490292882, ""left"": 0.413051734778, ""right"": 0.227418375629, ""symmetric_denominator"": 0.640470110408, ""symmetric_relative"": 0.2898392229900403}, ""transport_character_index"": {""abs_diff"": 0.016432821985000012, ""default_normalized"": 0.08732830051361513, ""left"": 0.171740105787, ""right"": 0.188172927772, ""symmetric_denominator"": 0.35991303356, ""symmetric_relative"": 0.045657757437841014}}"
target_control,periodic_diagonal_augmented_control,4,obs_d6eeaa59b08b0f1c4897f8db,obs_86701919f4db014d1d236f54,d_struct,0.5454545454545454,0.4222222222221789,edge Jaccard plus relative edge-count drift,False,,"{""edge_count"": {""left"": 9.0, ""right"": 11.0, ""symmetric_denominator"": 20.000000000001, ""symmetric_relative"": 0.09999999999999501}, ""edge_set"": {""intersection"": 3, ""jaccard_distance"": 0.6666666666666667, ""left_count"": 6, ""right_count"": 6, ""union"": 9}, ""stable_edge_count"": {""left"": 3.0, ""right"": 1.0, ""symmetric_denominator"": 4.000000000001, ""symmetric_relative"": 0.499999999999875}}"
target_control,periodic_diagonal_augmented_control,4,obs_d6eeaa59b08b0f1c4897f8db,obs_86701919f4db014d1d236f54,d_spec,0.6283434883162855,0.4785962253593843,"per-field abs diff divided by max(abs(left), abs(right), 1e-12)",False,,"{""terminal_fluctuation_slope"": {""abs_diff"": 0.72730134366, ""default_normalized"": 0.835034845424782, ""left"": 0.143681882543, ""right"": 0.870983226203, ""symmetric_denominator"": 1.014665108747, ""symmetric_relative"": 0.7167895470044666}, ""terminal_low_k_fraction"": {""abs_diff"": 0.185633359149, ""default_normalized"": 0.4494191490292882, ""left"": 0.413051734778, ""right"": 0.227418375629, ""symmetric_denominator"": 0.640470110408, ""symmetric_relative"": 0.2898392229900403}, ""terminal_low_k_power"": {""abs_diff"": 0.23765590175899998, ""default_normalized"": 0.6005764704947864, ""left"": 0.395712974841, ""right"": 0.158057073082, ""symmetric_denominator"": 0.553770047924, ""symmetric_relative"": 0.429159906083646}}"
target_control,periodic_diagonal_augmented_control,4,obs_d6eeaa59b08b0f1c4897f8db,obs_86701919f4db014d1d236f54,d_causal,0.037263872224944296,0.026912589112882305,front depths use fixed scale 4.0; causal fields use relative numeric distance,False,,"{""acyclicity_score"": {""left"": 0.555555555556, ""right"": 0.454545454545, ""symmetric_denominator"": 1.010101010102, ""symmetric_relative"": 0.100000000000792}, ""front_far_depth"": {""abs_diff"": 0.0, ""left"": 3.0, ""right"": 3.0, ""scale"": 4.0}, ""front_near_depth"": {""abs_diff"": 0.0, ""left"": 2.0, ""right"": 2.0, ""scale"": 4.0}, ""mean_causal_depth"": {""left"": 1.714285714286, ""right"": 1.714285714286, ""symmetric_denominator"": 3.428571428573, ""symmetric_relative"": 0.0}, ""mismatch_rate"": {""left"": 0.036701388889, ""right"": 0.032589285714, ""symmetric_denominator"": 0.06929067460400001, ""symmetric_relative"": 0.05934569404181578}, ""order_compatibility_score"": {""left"": 0.963298611111, ""right"": 0.967410714286, ""symmetric_denominator"": 1.930709325398, ""symmetric_relative"": 0.002129840634686071}}"
target_control,periodic_diagonal_augmented_control,4,obs_d6eeaa59b08b0f1c4897f8db,obs_86701919f4db014d1d236f54,d_time,0.034958418367346936,0.02546294642857143,rank distance plus event-time abs diff divided by tau scale 4.2,False,heuristic_rank_interpolation_present,"{""left_time_key_count"": 7, ""rank_distance"": 0.047619047619047616, ""right_time_key_count"": 7, ""shared_time_keys"": [""dispersion_half"", ""front_far"", ""front_near"", ""low_k_half"", ""radius_half"", ""spectral_half"", ""width_half""], ""time_distance_values"": [0.0, 0.0, 0.06349190476190478, 0.0, 0.0, 0.0, 0.09259261904761905]}"
target_control,periodic_diagonal_augmented_control,4,obs_d6eeaa59b08b0f1c4897f8db,obs_86701919f4db014d1d236f54,d_addr,0.0,0.0,exact signature match else prefix/depth distance with minimum mismatch floor 0.25,False,,"{""depth_distance"": 0.0, ""left_address"": {""dominant_chain_prefix"": [""low_k_half"", ""dispersion_half""], ""front_depth_profile"": {""front_far_depth"": 3.0, ""front_near_depth"": 2.0}, ""monotonic_shell_ordering"": true, ""order_compatibility_band"": 0.95}, ""prefix_distance"": 0.0, ""right_address"": {""dominant_chain_prefix"": [""low_k_half"", ""dispersion_half""], ""front_depth_profile"": {""front_far_depth"": 3.0, ""front_near_depth"": 2.0}, ""monotonic_shell_ordering"": true, ""order_compatibility_band"": 0.95}, ""without_floor"": 0.0}"
target_control,periodic_diagonal_augmented_control,5,obs_8c347ec96417e5677cdb8ad0,obs_624a249c44d428f10aa73463,d_inv,0.03370013733406297,0.017287464216923856,"per-field abs diff divided by max(abs(left), abs(right), 1e-12)",False,,"{""shell_latency_span"": {""abs_diff"": 0.0, ""default_normalized"": 0.0, ""left"": 3.0, ""right"": 3.0, ""symmetric_denominator"": 6.000000000001, ""symmetric_relative"": 0.0}, ""terminal_low_k_fraction"": {""abs_diff"": 0.023829473308000004, ""default_normalized"": 0.05215736913426841, ""left"": 0.456876443416, ""right"": 0.433046970108, ""symmetric_denominator"": 0.8899234135249999, ""symmetric_relative"": 0.026776993329809252}, ""transport_character_index"": {""abs_diff"": 0.0038291584959999903, ""default_normalized"": 0.048943042867920505, ""left"": 0.078237033736, ""right"": 0.07440787524, ""symmetric_denominator"": 0.152644908977, ""symmetric_relative"": 0.025085399320962314}}"
target_control,periodic_diagonal_augmented_control,5,obs_8c347ec96417e5677cdb8ad0,obs_624a249c44d428f10aa73463,d_struct,0.2121212121212121,0.19999999999995666,edge Jaccard plus relative edge-count drift,False,,"{""edge_count"": {""left"": 9.0, ""right"": 11.0, ""symmetric_denominator"": 20.000000000001, ""symmetric_relative"": 0.09999999999999501}, ""edge_set"": {""intersection"": 6, ""jaccard_distance"": 0.0, ""left_count"": 6, ""right_count"": 6, ""union"": 6}, ""stable_edge_count"": {""left"": 3.0, ""right"": 1.0, ""symmetric_denominator"": 4.000000000001, ""symmetric_relative"": 0.499999999999875}}"
target_control,periodic_diagonal_augmented_control,5,obs_8c347ec96417e5677cdb8ad0,obs_624a249c44d428f10aa73463,d_spec,0.26125373705514504,0.20003519708080233,"per-field abs diff divided by max(abs(left), abs(right), 1e-12)",False,,"{""terminal_fluctuation_slope"": {""abs_diff"": 0.07342808461799999, ""default_normalized"": 0.7269035951237743, ""left"": 0.027586802515, ""right"": 0.101014887133, ""symmetric_denominator"": 0.128601689649, ""symmetric_relative"": 0.5709729383681621}, ""terminal_low_k_fraction"": {""abs_diff"": 0.023829473308000004, ""default_normalized"": 0.05215736913426841, ""left"": 0.456876443416, ""right"": 0.433046970108, ""symmetric_denominator"": 0.8899234135249999, ""symmetric_relative"": 0.026776993329809252}, ""terminal_low_k_power"": {""abs_diff"": 0.001136288960999987, ""default_normalized"": 0.004700246907392435, ""left"": 0.240614619744, ""right"": 0.241750908705, ""symmetric_denominator"": 0.48236552844999997, ""symmetric_relative"": 0.002355659544435647}}"
target_control,periodic_diagonal_augmented_control,5,obs_8c347ec96417e5677cdb8ad0,obs_624a249c44d428f10aa73463,d_causal,0.037263872224944296,0.026912589112882305,front depths use fixed scale 4.0; causal fields use relative numeric distance,False,,"{""acyclicity_score"": {""left"": 0.555555555556, ""right"": 0.454545454545, ""symmetric_denominator"": 1.010101010102, ""symmetric_relative"": 0.100000000000792}, ""front_far_depth"": {""abs_diff"": 0.0, ""left"": 3.0, ""right"": 3.0, ""scale"": 4.0}, ""front_near_depth"": {""abs_diff"": 0.0, ""left"": 2.0, ""right"": 2.0, ""scale"": 4.0}, ""mean_causal_depth"": {""left"": 1.714285714286, ""right"": 1.714285714286, ""symmetric_denominator"": 3.428571428573, ""symmetric_relative"": 0.0}, ""mismatch_rate"": {""left"": 0.036701388889, ""right"": 0.032589285714, ""symmetric_denominator"": 0.06929067460400001, ""symmetric_relative"": 0.05934569404181578}, ""order_compatibility_score"": {""left"": 0.963298611111, ""right"": 0.967410714286, ""symmetric_denominator"": 1.930709325398, ""symmetric_relative"": 0.002129840634686071}}"
target_control,periodic_diagonal_augmented_control,5,obs_8c347ec96417e5677cdb8ad0,obs_624a249c44d428f10aa73463,d_time,0.009637193877551012,0.01686508928571427,rank distance plus event-time abs diff divided by tau scale 4.2,False,heuristic_rank_interpolation_present,"{""left_time_key_count"": 7, ""rank_distance"": 0.0, ""right_time_key_count"": 7, ""shared_time_keys"": [""dispersion_half"", ""front_far"", ""front_near"", ""low_k_half"", ""radius_half"", ""spectral_half"", ""width_half""], ""time_distance_values"": [0.007936428571428584, 0.047619047619047554, 0.0, 0.0, 0.03968261904761902, 0.015873095238095245, 0.023809523809523777]}"
target_control,periodic_diagonal_augmented_control,5,obs_8c347ec96417e5677cdb8ad0,obs_624a249c44d428f10aa73463,d_addr,0.0,0.0,exact signature match else prefix/depth distance with minimum mismatch floor 0.25,False,,"{""depth_distance"": 0.0, ""left_address"": {""dominant_chain_prefix"": [""low_k_half"", ""dispersion_half""], ""front_depth_profile"": {""front_far_depth"": 3.0, ""front_near_depth"": 2.0}, ""monotonic_shell_ordering"": true, ""order_compatibility_band"": 0.95}, ""prefix_distance"": 0.0, ""right_address"": {""dominant_chain_prefix"": [""low_k_half"", ""dispersion_half""], ""front_depth_profile"": {""front_far_depth"": 3.0, ""front_near_depth"": 2.0}, ""monotonic_shell_ordering"": true, ""order_compatibility_band"": 0.95}, ""without_floor"": 0.0}"
control_control,periodic_diagonal_augmented_control,0,obs_46ade388243f3a4581ba4489,obs_afd8912a0e32fb71b5407b81,d_inv,0.45546041364576634,0.3187298744023162,"per-field abs diff divided by max(abs(left), abs(right), 1e-12)",False,,"{""shell_latency_span"": {""abs_diff"": 1.8, ""default_normalized"": 0.6, ""left"": 3.0, ""right"": 1.2, ""symmetric_denominator"": 4.200000000001, ""symmetric_relative"": 0.4285714285713265}, ""terminal_low_k_fraction"": {""abs_diff"": 0.06805588267399998, ""default_normalized"": 0.1477262934225223, ""left"": 0.392633146322, ""right"": 0.460689028996, ""symmetric_denominator"": 0.853322175319, ""symmetric_relative"": 0.07975403035618808}, ""transport_character_index"": {""abs_diff"": 0.141981164118, ""default_normalized"": 0.6186549475147768, ""left"": 0.087518599342, ""right"": 0.22949976346, ""symmetric_denominator"": 0.317018362803, ""symmetric_relative"": 0.447864164279434}}"
control_control,periodic_diagonal_augmented_control,0,obs_46ade388243f3a4581ba4489,obs_afd8912a0e32fb71b5407b81,d_struct,0.33333333333333337,0.22222222222222224,edge Jaccard plus relative edge-count drift,False,,"{""edge_count"": {""left"": 9.0, ""right"": 9.0, ""symmetric_denominator"": 18.000000000001, ""symmetric_relative"": 0.0}, ""edge_set"": {""intersection"": 3, ""jaccard_distance"": 0.6666666666666667, ""left_count"": 6, ""right_count"": 6, ""union"": 9}, ""stable_edge_count"": {""left"": 3.0, ""right"": 3.0, ""symmetric_denominator"": 6.000000000001, ""symmetric_relative"": 0.0}}"
control_control,periodic_diagonal_augmented_control,0,obs_46ade388243f3a4581ba4489,obs_afd8912a0e32fb71b5407b81,d_spec,0.3033531500857901,0.1908146709666301,"per-field abs diff divided by max(abs(left), abs(right), 1e-12)",False,,"{""terminal_fluctuation_slope"": {""abs_diff"": 0.249876255118, ""default_normalized"": 0.5324689043314834, ""left"": 0.219402332017, ""right"": 0.469278587135, ""symmetric_denominator"": 0.688680919153, ""symmetric_relative"": 0.36283313239652354}, ""terminal_low_k_fraction"": {""abs_diff"": 0.06805588267399998, ""default_normalized"": 0.1477262934225223, ""left"": 0.392633146322, ""right"": 0.460689028996, ""symmetric_denominator"": 0.853322175319, ""symmetric_relative"": 0.07975403035618808}, ""terminal_low_k_power"": {""abs_diff"": 0.056329915545, ""default_normalized"": 0.2298642525033646, ""left"": 0.245057310702, ""right"": 0.188727395157, ""symmetric_denominator"": 0.43378470585999995, ""symmetric_relative"": 0.12985685014717868}}"
control_control,periodic_diagonal_augmented_control,0,obs_46ade388243f3a4581ba4489,obs_afd8912a0e32fb71b5407b81,d_causal,0.0,0.0,front depths use fixed scale 4.0; causal fields use relative numeric distance,False,,"{""acyclicity_score"": {""left"": 0.666666666667, ""right"": 0.666666666667, ""symmetric_denominator"": 1.3333333333350001, ""symmetric_relative"": 0.0}, ""front_far_depth"": {""abs_diff"": 0.0, ""left"": 4.0, ""right"": 4.0, ""scale"": 4.0}, ""front_near_depth"": {""abs_diff"": 0.0, ""left"": 3.0, ""right"": 3.0, ""scale"": 4.0}, ""mean_causal_depth"": {""left"": 2.285714285714, ""right"": 2.285714285714, ""symmetric_denominator"": 4.571428571429, ""symmetric_relative"": 0.0}, ""mismatch_rate"": {""left"": 0.035876332989, ""right"": 0.035876332989, ""symmetric_denominator"": 0.071752665979, ""symmetric_relative"": 0.0}, ""order_compatibility_score"": {""left"": 0.964123667011, ""right"": 0.964123667011, ""symmetric_denominator"": 1.9282473340230002, ""symmetric_relative"": 0.0}}"
control_control,periodic_diagonal_augmented_control,0,obs_46ade388243f3a4581ba4489,obs_afd8912a0e32fb71b5407b81,d_time,0.173091462585034,0.23148148809523808,rank distance plus event-time abs diff divided by tau scale 4.2,False,heuristic_rank_interpolation_present,"{""left_time_key_count"": 7, ""rank_distance"": 0.09523809523809523, ""right_time_key_count"": 7, ""shared_time_keys"": [""dispersion_half"", ""front_far"", ""front_near"", ""low_k_half"", ""radius_half"", ""spectral_half"", ""width_half""], ""time_distance_values"": [0.07407404761904761, 0.4444445238095238, 0.28571428571428564, 0.0, 0.14814809523809522, 0.36507928571428566, 0.43915357142857137]}"
control_control,periodic_diagonal_augmented_control,0,obs_46ade388243f3a4581ba4489,obs_afd8912a0e32fb71b5407b81,d_addr,0.0,0.0,exact signature match else prefix/depth distance with minimum mismatch floor 0.25,False,,"{""depth_distance"": 0.0, ""left_address"": {""dominant_chain_prefix"": [""low_k_half"", ""dispersion_half""], ""front_depth_profile"": {""front_far_depth"": 4.0, ""front_near_depth"": 3.0}, ""monotonic_shell_ordering"": true, ""order_compatibility_band"": 0.95}, ""prefix_distance"": 0.0, ""right_address"": {""dominant_chain_prefix"": [""low_k_half"", ""dispersion_half""], ""front_depth_profile"": {""front_far_depth"": 4.0, ""front_near_depth"": 3.0}, ""monotonic_shell_ordering"": true, ""order_compatibility_band"": 0.95}, ""without_floor"": 0.0}"
control_control,periodic_diagonal_augmented_control,1,obs_1163ec91dc845e4ed94d462a,obs_4b958084812d6435763f9a05,d_inv,0.45249125017578723,0.30513623936080214,"per-field abs diff divided by max(abs(left), abs(right), 1e-12)",False,,"{""shell_latency_span"": {""abs_diff"": 1.2, ""default_normalized"": 0.39999999999999997, ""left"": 3.0, ""right"": 1.8, ""symmetric_denominator"": 4.800000000001, ""symmetric_relative"": 0.2499999999999479}, ""terminal_low_k_fraction"": {""abs_diff"": 0.179214007071, ""default_normalized"": 0.30190401709343995, ""left"": 0.414398521826, ""right"": 0.593612528897, ""symmetric_denominator"": 1.008011050724, ""symmetric_relative"": 0.17778972456926956}, ""transport_character_index"": {""abs_diff"": 0.138848157315, ""default_normalized"": 0.6555697334339218, ""left"": 0.072949535949, ""right"": 0.211797693264, ""symmetric_denominator"": 0.284747229214, ""symmetric_relative"": 0.487618993513189}}"
control_control,periodic_diagonal_augmented_control,1,obs_1163ec91dc845e4ed94d462a,obs_4b958084812d6435763f9a05,d_struct,0.45454545454545453,0.30303030303030304,edge Jaccard plus relative edge-count drift,False,,"{""edge_count"": {""left"": 11.0, ""right"": 11.0, ""symmetric_denominator"": 22.000000000001, ""symmetric_relative"": 0.0}, ""edge_set"": {""intersection"": 1, ""jaccard_distance"": 0.9090909090909091, ""left_count"": 6, ""right_count"": 6, ""union"": 11}, ""stable_edge_count"": {""left"": 1.0, ""right"": 1.0, ""symmetric_denominator"": 2.000000000001, ""symmetric_relative"": 0.0}}"
control_control,periodic_diagonal_augmented_control,1,obs_1163ec91dc845e4ed94d462a,obs_4b958084812d6435763f9a05,d_spec,0.5987805212477543,0.5020656408407924,"per-field abs diff divided by max(abs(left), abs(right), 1e-12)",False,,"{""terminal_fluctuation_slope"": {""abs_diff"": 4.526548245486, ""default_normalized"": 1.0, ""left"": 0.157625188404, ""right"": -4.368923057082, ""symmetric_denominator"": 4.5265482454870005, ""symmetric_relative"": 0.9999999999997791}, ""terminal_low_k_fraction"": {""abs_diff"": 0.179214007071, ""default_normalized"": 0.30190401709343995, ""left"": 0.414398521826, ""right"": 0.593612528897, ""symmetric_denominator"": 1.008011050724, ""symmetric_relative"": 0.17778972456926956}, ""terminal_low_k_power"": {""abs_diff"": 0.12008012469600002, ""default_normalized"": 0.494437546649823, ""left"": 0.242862067231, ""right"": 0.122781942535, ""symmetric_denominator"": 0.36564400976699996, ""symmetric_relative"": 0.32840719795332873}}"
control_control,periodic_diagonal_augmented_control,1,obs_1163ec91dc845e4ed94d462a,obs_4b958084812d6435763f9a05,d_causal,0.0,0.0,front depths use fixed scale 4.0; causal fields use relative numeric distance,False,,"{""acyclicity_score"": {""left"": 0.272727272727, ""right"": 0.272727272727, ""symmetric_denominator"": 0.5454545454549999, ""symmetric_relative"": 0.0}, ""front_far_depth"": {""abs_diff"": 0.0, ""left"": 2.0, ""right"": 2.0, ""scale"": 4.0}, ""front_near_depth"": {""abs_diff"": 0.0, ""left"": 2.0, ""right"": 2.0, ""scale"": 4.0}, ""mean_causal_depth"": {""left"": 1.571428571429, ""right"": 1.571428571429, ""symmetric_denominator"": 3.142857142859, ""symmetric_relative"": 0.0}, ""mismatch_rate"": {""left"": 0.042589285714, ""right"": 0.042589285714, ""symmetric_denominator"": 0.08517857142900001, ""symmetric_relative"": 0.0}, ""order_compatibility_score"": {""left"": 0.957410714286, ""right"": 0.957410714286, ""symmetric_denominator"": 1.914821428573, ""symmetric_relative"": 0.0}}"
control_control,periodic_diagonal_augmented_control,1,obs_1163ec91dc845e4ed94d462a,obs_4b958084812d6435763f9a05,d_time,0.201247193877551,0.2093254464285714,rank distance plus event-time abs diff divided by tau scale 4.2,False,heuristic_rank_interpolation_present,"{""left_time_key_count"": 7, ""rank_distance"": 0.19047619047619047, ""right_time_key_count"": 7, ""shared_time_keys"": [""dispersion_half"", ""front_far"", ""front_near"", ""low_k_half"", ""radius_half"", ""spectral_half"", ""width_half""], ""time_distance_values"": [0.07407404761904762, 0.44444452380952376, 0.28571428571428564, 0.0, 0.6005292857142857, 0.0714288095238095, 0.007936428571428584]}"
control_control,periodic_diagonal_augmented_control,1,obs_1163ec91dc845e4ed94d462a,obs_4b958084812d6435763f9a05,d_addr,0.0,0.0,exact signature match else prefix/depth distance with minimum mismatch floor 0.25,False,,"{""depth_distance"": 0.0, ""left_address"": {""dominant_chain_prefix"": [""low_k_half"", ""dispersion_half""], ""front_depth_profile"": {""front_far_depth"": 2.0, ""front_near_depth"": 2.0}, ""monotonic_shell_ordering"": true, ""order_compatibility_band"": 0.95}, ""prefix_distance"": 0.0, ""right_address"": {""dominant_chain_prefix"": [""low_k_half"", ""dispersion_half""], ""front_depth_profile"": {""front_far_depth"": 2.0, ""front_near_depth"": 2.0}, ""monotonic_shell_ordering"": true, ""order_compatibility_band"": 0.95}, ""without_floor"": 0.0}"
control_control,periodic_diagonal_augmented_control,2,obs_624a249c44d428f10aa73463,obs_86701919f4db014d1d236f54,d_inv,0.3598061566064345,0.24819875718434203,"per-field abs diff divided by max(abs(left), abs(right), 1e-12)",False,,"{""shell_latency_span"": {""abs_diff"": 0.0, ""default_normalized"": 0.0, ""left"": 3.0, ""right"": 3.0, ""symmetric_denominator"": 6.000000000001, ""symmetric_relative"": 0.0}, ""terminal_low_k_fraction"": {""abs_diff"": 0.20562859447899998, ""default_normalized"": 0.47484131900915305, ""left"": 0.433046970108, ""right"": 0.227418375629, ""symmetric_denominator"": 0.660465345738, ""symmetric_relative"": 0.31133896094008057}, ""transport_character_index"": {""abs_diff"": 0.113765052532, ""default_normalized"": 0.6045771508101505, ""left"": 0.07440787524, ""right"": 0.188172927772, ""symmetric_denominator"": 0.262580803013, ""symmetric_relative"": 0.4332573106129455}}"
control_control,periodic_diagonal_augmented_control,2,obs_624a249c44d428f10aa73463,obs_86701919f4db014d1d236f54,d_struct,0.45454545454545453,0.30303030303030304,edge Jaccard plus relative edge-count drift,False,,"{""edge_count"": {""left"": 11.0, ""right"": 11.0, ""symmetric_denominator"": 22.000000000001, ""symmetric_relative"": 0.0}, ""edge_set"": {""intersection"": 1, ""jaccard_distance"": 0.9090909090909091, ""left_count"": 6, ""right_count"": 6, ""union"": 11}, ""stable_edge_count"": {""left"": 1.0, ""right"": 1.0, ""symmetric_denominator"": 2.000000000001, ""symmetric_relative"": 0.0}}"
control_control,periodic_diagonal_augmented_control,2,obs_624a249c44d428f10aa73463,obs_86701919f4db014d1d236f54,d_spec,0.5683539881707373,0.43760802497483664,"per-field abs diff divided by max(abs(left), abs(right), 1e-12)",False,,"{""terminal_fluctuation_slope"": {""abs_diff"": 0.76996833907, ""default_normalized"": 0.8840220062866555, ""left"": 0.101014887133, ""right"": 0.870983226203, ""symmetric_denominator"": 0.9719981133369999, ""symmetric_relative"": 0.7921500345577784}, ""terminal_low_k_fraction"": {""abs_diff"": 0.20562859447899998, ""default_normalized"": 0.47484131900915305, ""left"": 0.433046970108, ""right"": 0.227418375629, ""symmetric_denominator"": 0.660465345738, ""symmetric_relative"": 0.31133896094008057}, ""terminal_low_k_power"": {""abs_diff"": 0.08369383562299998, ""default_normalized"": 0.3461986392164034, ""left"": 0.241750908705, ""right"": 0.158057073082, ""symmetric_denominator"": 0.399807981788, ""symmetric_relative"": 0.20933507942665092}}"
control_control,periodic_diagonal_augmented_control,2,obs_624a249c44d428f10aa73463,obs_86701919f4db014d1d236f54,d_causal,0.0,0.0,front depths use fixed scale 4.0; causal fields use relative numeric distance,False,,"{""acyclicity_score"": {""left"": 0.454545454545, ""right"": 0.454545454545, ""symmetric_denominator"": 0.909090909091, ""symmetric_relative"": 0.0}, ""front_far_depth"": {""abs_diff"": 0.0, ""left"": 3.0, ""right"": 3.0, ""scale"": 4.0}, ""front_near_depth"": {""abs_diff"": 0.0, ""left"": 2.0, ""right"": 2.0, ""scale"": 4.0}, ""mean_causal_depth"": {""left"": 1.714285714286, ""right"": 1.714285714286, ""symmetric_denominator"": 3.428571428573, ""symmetric_relative"": 0.0}, ""mismatch_rate"": {""left"": 0.032589285714, ""right"": 0.032589285714, ""symmetric_denominator"": 0.065178571429, ""symmetric_relative"": 0.0}, ""order_compatibility_score"": {""left"": 0.967410714286, ""right"": 0.967410714286, ""symmetric_denominator"": 1.934821428573, ""symmetric_relative"": 0.0}}"
control_control,periodic_diagonal_augmented_control,2,obs_624a249c44d428f10aa73463,obs_86701919f4db014d1d236f54,d_time,0.16628872448979592,0.1838624107142857,rank distance plus event-time abs diff divided by tau scale 4.2,False,heuristic_rank_interpolation_present,"{""left_time_key_count"": 7, ""rank_distance"": 0.14285714285714285, ""right_time_key_count"": 7, ""shared_time_keys"": [""dispersion_half"", ""front_far"", ""front_near"", ""low_k_half"", ""radius_half"", ""spectral_half"", ""width_half""], ""time_distance_values"": [0.05820095238095239, 0.3492064285714285, 0.31746023809523805, 0.0, 0.5687830952380951, 0.02380952380952383, 0.010581904761904798]}"
control_control,periodic_diagonal_augmented_control,2,obs_624a249c44d428f10aa73463,obs_86701919f4db014d1d236f54,d_addr,0.0,0.0,exact signature match else prefix/depth distance with minimum mismatch floor 0.25,False,,"{""depth_distance"": 0.0, ""left_address"": {""dominant_chain_prefix"": [""low_k_half"", ""dispersion_half""], ""front_depth_profile"": {""front_far_depth"": 3.0, ""front_near_depth"": 2.0}, ""monotonic_shell_ordering"": true, ""order_compatibility_band"": 0.95}, ""prefix_distance"": 0.0, ""right_address"": {""dominant_chain_prefix"": [""low_k_half"", ""dispersion_half""], ""front_depth_profile"": {""front_far_depth"": 3.0, ""front_near_depth"": 2.0}, ""monotonic_shell_ordering"": true, ""order_compatibility_band"": 0.95}, ""without_floor"": 0.0}"
target_control,randomized_edge_control,0,obs_c21d789f14a613fc6b0083e2,obs_cd8cd88cb9618af0705bbf06,d_inv,0.0,0.0,"per-field abs diff divided by max(abs(left), abs(right), 1e-12)",False,,"{""shell_latency_span"": {""abs_diff"": 0.0, ""default_normalized"": 0.0, ""left"": 2.4, ""right"": 2.4, ""symmetric_denominator"": 4.800000000001, ""symmetric_relative"": 0.0}, ""terminal_low_k_fraction"": {""abs_diff"": 0.0, ""default_normalized"": 0.0, ""left"": 0.292205431702, ""right"": 0.292205431702, ""symmetric_denominator"": 0.5844108634049999, ""symmetric_relative"": 0.0}, ""transport_character_index"": {""abs_diff"": 0.0, ""default_normalized"": 0.0, ""left"": 0.195992273447, ""right"": 0.195992273447, ""symmetric_denominator"": 0.39198454689499995, ""symmetric_relative"": 0.0}}"
target_control,randomized_edge_control,0,obs_c21d789f14a613fc6b0083e2,obs_cd8cd88cb9618af0705bbf06,d_struct,0.4,0.26666666666666666,edge Jaccard plus relative edge-count drift,False,,"{""edge_count"": {""left"": 9.0, ""right"": 9.0, ""symmetric_denominator"": 18.000000000001, ""symmetric_relative"": 0.0}, ""edge_set"": {""intersection"": 2, ""jaccard_distance"": 0.8, ""left_count"": 6, ""right_count"": 6, ""union"": 10}, ""stable_edge_count"": {""left"": 3.0, ""right"": 3.0, ""symmetric_denominator"": 6.000000000001, ""symmetric_relative"": 0.0}}"
target_control,randomized_edge_control,0,obs_c21d789f14a613fc6b0083e2,obs_cd8cd88cb9618af0705bbf06,d_spec,0.0,0.0,"per-field abs diff divided by max(abs(left), abs(right), 1e-12)",False,,"{""terminal_fluctuation_slope"": {""abs_diff"": 0.0, ""default_normalized"": 0.0, ""left"": 0.454104194181, ""right"": 0.454104194181, ""symmetric_denominator"": 0.908208388363, ""symmetric_relative"": 0.0}, ""terminal_low_k_fraction"": {""abs_diff"": 0.0, ""default_normalized"": 0.0, ""left"": 0.292205431702, ""right"": 0.292205431702, ""symmetric_denominator"": 0.5844108634049999, ""symmetric_relative"": 0.0}, ""terminal_low_k_power"": {""abs_diff"": 0.0, ""default_normalized"": 0.0, ""left"": 0.132047123894, ""right"": 0.132047123894, ""symmetric_denominator"": 0.264094247789, ""symmetric_relative"": 0.0}}"
target_control,randomized_edge_control,0,obs_c21d789f14a613fc6b0083e2,obs_cd8cd88cb9618af0705bbf06,d_causal,0.0,0.0,front depths use fixed scale 4.0; causal fields use relative numeric distance,False,,"{""acyclicity_score"": {""left"": 0.555555555556, ""right"": 0.555555555556, ""symmetric_denominator"": 1.111111111113, ""symmetric_relative"": 0.0}, ""front_far_depth"": {""abs_diff"": 0.0, ""left"": 3.0, ""right"": 3.0, ""scale"": 4.0}, ""front_near_depth"": {""abs_diff"": 0.0, ""left"": 2.0, ""right"": 2.0, ""scale"": 4.0}, ""mean_causal_depth"": {""left"": 1.714285714286, ""right"": 1.714285714286, ""symmetric_denominator"": 3.428571428573, ""symmetric_relative"": 0.0}, ""mismatch_rate"": {""left"": 0.035130761687, ""right"": 0.035130761687, ""symmetric_denominator"": 0.07026152337500001, ""symmetric_relative"": 0.0}, ""order_compatibility_score"": {""left"": 0.964869238313, ""right"": 0.964869238313, ""symmetric_denominator"": 1.929738476627, ""symmetric_relative"": 0.0}}"
target_control,randomized_edge_control,0,obs_c21d789f14a613fc6b0083e2,obs_cd8cd88cb9618af0705bbf06,d_time,0.21428571428571427,0.05357142857142857,rank distance plus event-time abs diff divided by tau scale 4.2,False,heuristic_rank_interpolation_present,"{""left_time_key_count"": 7, ""rank_distance"": 0.42857142857142855, ""right_time_key_count"": 7, ""shared_time_keys"": [""dispersion_half"", ""front_far"", ""front_near"", ""low_k_half"", ""radius_half"", ""spectral_half"", ""width_half""], ""time_distance_values"": [0.0, 0.0, 0.0, 0.0, 0.0, 0.0, 0.0]}"
target_control,randomized_edge_control,0,obs_c21d789f14a613fc6b0083e2,obs_cd8cd88cb9618af0705bbf06,d_addr,0.41666666666666663,0.41666666666666663,exact signature match else prefix/depth distance with minimum mismatch floor 0.25,False,,"{""depth_distance"": 0.0, ""left_address"": {""dominant_chain_prefix"": [""low_k_half"", ""dispersion_half""], ""front_depth_profile"": {""front_far_depth"": 3.0, ""front_near_depth"": 2.0}, ""monotonic_shell_ordering"": true, ""order_compatibility_band"": 0.95}, ""prefix_distance"": 0.8333333333333333, ""right_address"": {""dominant_chain_prefix"": [""spectral_half"", ""width_half""], ""front_depth_profile"": {""front_far_depth"": 3.0, ""front_near_depth"": 2.0}, ""monotonic_shell_ordering"": true, ""order_compatibility_band"": 0.95}, ""without_floor"": 0.41666666666666663}"
target_control,randomized_edge_control,1,obs_ed1f0ceddbbf708b259ea1a6,obs_448f4e11eb5a27dd4f60b644,d_inv,0.0,0.0,"per-field abs diff divided by max(abs(left), abs(right), 1e-12)",False,,"{""shell_latency_span"": {""abs_diff"": 0.0, ""default_normalized"": 0.0, ""left"": 3.0, ""right"": 3.0, ""symmetric_denominator"": 6.000000000001, ""symmetric_relative"": 0.0}, ""terminal_low_k_fraction"": {""abs_diff"": 0.0, ""default_normalized"": 0.0, ""left"": 0.419433204228, ""right"": 0.419433204228, ""symmetric_denominator"": 0.838866408457, ""symmetric_relative"": 0.0}, ""transport_character_index"": {""abs_diff"": 0.0, ""default_normalized"": 0.0, ""left"": 0.072949535949, ""right"": 0.072949535949, ""symmetric_denominator"": 0.145899071899, ""symmetric_relative"": 0.0}}"
target_control,randomized_edge_control,1,obs_ed1f0ceddbbf708b259ea1a6,obs_448f4e11eb5a27dd4f60b644,d_struct,0.45454545454545453,0.30303030303030304,edge Jaccard plus relative edge-count drift,False,,"{""edge_count"": {""left"": 9.0, ""right"": 9.0, ""symmetric_denominator"": 18.000000000001, ""symmetric_relative"": 0.0}, ""edge_set"": {""intersection"": 1, ""jaccard_distance"": 0.9090909090909091, ""left_count"": 6, ""right_count"": 6, ""union"": 11}, ""stable_edge_count"": {""left"": 3.0, ""right"": 3.0, ""symmetric_denominator"": 6.000000000001, ""symmetric_relative"": 0.0}}"
target_control,randomized_edge_control,1,obs_ed1f0ceddbbf708b259ea1a6,obs_448f4e11eb5a27dd4f60b644,d_spec,0.0,0.0,"per-field abs diff divided by max(abs(left), abs(right), 1e-12)",False,,"{""terminal_fluctuation_slope"": {""abs_diff"": 0.0, ""default_normalized"": 0.0, ""left"": 0.146435889366, ""right"": 0.146435889366, ""symmetric_denominator"": 0.29287177873299997, ""symmetric_relative"": 0.0}, ""terminal_low_k_fraction"": {""abs_diff"": 0.0, ""default_normalized"": 0.0, ""left"": 0.419433204228, ""right"": 0.419433204228, ""symmetric_denominator"": 0.838866408457, ""symmetric_relative"": 0.0}, ""terminal_low_k_power"": {""abs_diff"": 0.0, ""default_normalized"": 0.0, ""left"": 0.240513544425, ""right"": 0.240513544425, ""symmetric_denominator"": 0.481027088851, ""symmetric_relative"": 0.0}}"
target_control,randomized_edge_control,1,obs_ed1f0ceddbbf708b259ea1a6,obs_448f4e11eb5a27dd4f60b644,d_causal,0.0,0.0,front depths use fixed scale 4.0; causal fields use relative numeric distance,False,,"{""acyclicity_score"": {""left"": 0.555555555556, ""right"": 0.555555555556, ""symmetric_denominator"": 1.111111111113, ""symmetric_relative"": 0.0}, ""front_far_depth"": {""abs_diff"": 0.0, ""left"": 3.0, ""right"": 3.0, ""scale"": 4.0}, ""front_near_depth"": {""abs_diff"": 0.0, ""left"": 2.0, ""right"": 2.0, ""scale"": 4.0}, ""mean_causal_depth"": {""left"": 1.714285714286, ""right"": 1.714285714286, ""symmetric_denominator"": 3.428571428573, ""symmetric_relative"": 0.0}, ""mismatch_rate"": {""left"": 0.035130761687, ""right"": 0.035130761687, ""symmetric_denominator"": 0.07026152337500001, ""symmetric_relative"": 0.0}, ""order_compatibility_score"": {""left"": 0.964869238313, ""right"": 0.964869238313, ""symmetric_denominator"": 1.929738476627, ""symmetric_relative"": 0.0}}"
target_control,randomized_edge_control,1,obs_ed1f0ceddbbf708b259ea1a6,obs_448f4e11eb5a27dd4f60b644,d_time,0.16666666666666666,0.041666666666666664,rank distance plus event-time abs diff divided by tau scale 4.2,False,heuristic_rank_interpolation_present,"{""left_time_key_count"": 7, ""rank_distance"": 0.3333333333333333, ""right_time_key_count"": 7, ""shared_time_keys"": [""dispersion_half"", ""front_far"", ""front_near"", ""low_k_half"", ""radius_half"", ""spectral_half"", ""width_half""], ""time_distance_values"": [0.0, 0.0, 0.0, 0.0, 0.0, 0.0, 0.0]}"
target_control,randomized_edge_control,1,obs_ed1f0ceddbbf708b259ea1a6,obs_448f4e11eb5a27dd4f60b644,d_addr,0.41666666666666663,0.41666666666666663,exact signature match else prefix/depth distance with minimum mismatch floor 0.25,False,,"{""depth_distance"": 0.0, ""left_address"": {""dominant_chain_prefix"": [""low_k_half"", ""dispersion_half""], ""front_depth_profile"": {""front_far_depth"": 3.0, ""front_near_depth"": 2.0}, ""monotonic_shell_ordering"": true, ""order_compatibility_band"": 0.95}, ""prefix_distance"": 0.8333333333333333, ""right_address"": {""dominant_chain_prefix"": [""spectral_half"", ""width_half""], ""front_depth_profile"": {""front_far_depth"": 3.0, ""front_near_depth"": 2.0}, ""monotonic_shell_ordering"": true, ""order_compatibility_band"": 0.95}, ""without_floor"": 0.41666666666666663}"
target_control,randomized_edge_control,2,obs_8de73c59341ac382087fba03,obs_fa7bd1db2d6a1d5f66733a16,d_inv,0.0,0.0,"per-field abs diff divided by max(abs(left), abs(right), 1e-12)",False,,"{""shell_latency_span"": {""abs_diff"": 0.0, ""default_normalized"": 0.0, ""left"": 3.0, ""right"": 3.0, ""symmetric_denominator"": 6.000000000001, ""symmetric_relative"": 0.0}, ""terminal_low_k_fraction"": {""abs_diff"": 0.0, ""default_normalized"": 0.0, ""left"": 0.33403803668, ""right"": 0.33403803668, ""symmetric_denominator"": 0.668076073361, ""symmetric_relative"": 0.0}, ""transport_character_index"": {""abs_diff"": 0.0, ""default_normalized"": 0.0, ""left"": 0.177561804289, ""right"": 0.177561804289, ""symmetric_denominator"": 0.355123608579, ""symmetric_relative"": 0.0}}"
target_control,randomized_edge_control,2,obs_8de73c59341ac382087fba03,obs_fa7bd1db2d6a1d5f66733a16,d_struct,0.45454545454545453,0.30303030303030304,edge Jaccard plus relative edge-count drift,False,,"{""edge_count"": {""left"": 11.0, ""right"": 11.0, ""symmetric_denominator"": 22.000000000001, ""symmetric_relative"": 0.0}, ""edge_set"": {""intersection"": 1, ""jaccard_distance"": 0.9090909090909091, ""left_count"": 6, ""right_count"": 6, ""union"": 11}, ""stable_edge_count"": {""left"": 1.0, ""right"": 1.0, ""symmetric_denominator"": 2.000000000001, ""symmetric_relative"": 0.0}}"
target_control,randomized_edge_control,2,obs_8de73c59341ac382087fba03,obs_fa7bd1db2d6a1d5f66733a16,d_spec,0.0,0.0,"per-field abs diff divided by max(abs(left), abs(right), 1e-12)",False,,"{""terminal_fluctuation_slope"": {""abs_diff"": 0.0, ""default_normalized"": 0.0, ""left"": 0.435783341846, ""right"": 0.435783341846, ""symmetric_denominator"": 0.8715666836929999, ""symmetric_relative"": 0.0}, ""terminal_low_k_fraction"": {""abs_diff"": 0.0, ""default_normalized"": 0.0, ""left"": 0.33403803668, ""right"": 0.33403803668, ""symmetric_denominator"": 0.668076073361, ""symmetric_relative"": 0.0}, ""terminal_low_k_power"": {""abs_diff"": 0.0, ""default_normalized"": 0.0, ""left"": 0.27623564879, ""right"": 0.27623564879, ""symmetric_denominator"": 0.552471297581, ""symmetric_relative"": 0.0}}"
target_control,randomized_edge_control,2,obs_8de73c59341ac382087fba03,obs_fa7bd1db2d6a1d5f66733a16,d_causal,0.0,0.0,front depths use fixed scale 4.0; causal fields use relative numeric distance,False,,"{""acyclicity_score"": {""left"": 0.454545454545, ""right"": 0.454545454545, ""symmetric_denominator"": 0.909090909091, ""symmetric_relative"": 0.0}, ""front_far_depth"": {""abs_diff"": 0.0, ""left"": 3.0, ""right"": 3.0, ""scale"": 4.0}, ""front_near_depth"": {""abs_diff"": 0.0, ""left"": 2.0, ""right"": 2.0, ""scale"": 4.0}, ""mean_causal_depth"": {""left"": 1.714285714286, ""right"": 1.714285714286, ""symmetric_denominator"": 3.428571428573, ""symmetric_relative"": 0.0}, ""mismatch_rate"": {""left"": 0.035886189834, ""right"": 0.035886189834, ""symmetric_denominator"": 0.071772379669, ""symmetric_relative"": 0.0}, ""order_compatibility_score"": {""left"": 0.964113810166, ""right"": 0.964113810166, ""symmetric_denominator"": 1.928227620333, ""symmetric_relative"": 0.0}}"
target_control,randomized_edge_control,2,obs_8de73c59341ac382087fba03,obs_fa7bd1db2d6a1d5f66733a16,d_time,0.23809523809523808,0.05952380952380952,rank distance plus event-time abs diff divided by tau scale 4.2,False,heuristic_rank_interpolation_present,"{""left_time_key_count"": 7, ""rank_distance"": 0.47619047619047616, ""right_time_key_count"": 7, ""shared_time_keys"": [""dispersion_half"", ""front_far"", ""front_near"", ""low_k_half"", ""radius_half"", ""spectral_half"", ""width_half""], ""time_distance_values"": [0.0, 0.0, 0.0, 0.0, 0.0, 0.0, 0.0]}"
target_control,randomized_edge_control,2,obs_8de73c59341ac382087fba03,obs_fa7bd1db2d6a1d5f66733a16,d_addr,0.41666666666666663,0.41666666666666663,exact signature match else prefix/depth distance with minimum mismatch floor 0.25,False,,"{""depth_distance"": 0.0, ""left_address"": {""dominant_chain_prefix"": [""low_k_half"", ""dispersion_half""], ""front_depth_profile"": {""front_far_depth"": 3.0, ""front_near_depth"": 2.0}, ""monotonic_shell_ordering"": true, ""order_compatibility_band"": 0.95}, ""prefix_distance"": 0.8333333333333333, ""right_address"": {""dominant_chain_prefix"": [""spectral_half"", ""width_half""], ""front_depth_profile"": {""front_far_depth"": 3.0, ""front_near_depth"": 2.0}, ""monotonic_shell_ordering"": true, ""order_compatibility_band"": 0.95}, ""without_floor"": 0.41666666666666663}"
target_control,randomized_edge_control,3,obs_ea0aca853f3046642f451b7d,obs_3f3cbf5fee77e89478120a3b,d_inv,0.0,0.0,"per-field abs diff divided by max(abs(left), abs(right), 1e-12)",False,,"{""shell_latency_span"": {""abs_diff"": 0.0, ""default_normalized"": 0.0, ""left"": 3.0, ""right"": 3.0, ""symmetric_denominator"": 6.000000000001, ""symmetric_relative"": 0.0}, ""terminal_low_k_fraction"": {""abs_diff"": 0.0, ""default_normalized"": 0.0, ""left"": 0.440128325071, ""right"": 0.440128325071, ""symmetric_denominator"": 0.880256650143, ""symmetric_relative"": 0.0}, ""transport_character_index"": {""abs_diff"": 0.0, ""default_normalized"": 0.0, ""left"": 0.078237033736, ""right"": 0.078237033736, ""symmetric_denominator"": 0.156474067473, ""symmetric_relative"": 0.0}}"
target_control,randomized_edge_control,3,obs_ea0aca853f3046642f451b7d,obs_3f3cbf5fee77e89478120a3b,d_struct,0.45454545454545453,0.30303030303030304,edge Jaccard plus relative edge-count drift,False,,"{""edge_count"": {""left"": 11.0, ""right"": 11.0, ""symmetric_denominator"": 22.000000000001, ""symmetric_relative"": 0.0}, ""edge_set"": {""intersection"": 1, ""jaccard_distance"": 0.9090909090909091, ""left_count"": 6, ""right_count"": 6, ""union"": 11}, ""stable_edge_count"": {""left"": 1.0, ""right"": 1.0, ""symmetric_denominator"": 2.000000000001, ""symmetric_relative"": 0.0}}"
target_control,randomized_edge_control,3,obs_ea0aca853f3046642f451b7d,obs_3f3cbf5fee77e89478120a3b,d_spec,0.0,0.0,"per-field abs diff divided by max(abs(left), abs(right), 1e-12)",False,,"{""terminal_fluctuation_slope"": {""abs_diff"": 0.0, ""default_normalized"": 0.0, ""left"": 0.082393814219, ""right"": 0.082393814219, ""symmetric_denominator"": 0.164787628439, ""symmetric_relative"": 0.0}, ""terminal_low_k_fraction"": {""abs_diff"": 0.0, ""default_normalized"": 0.0, ""left"": 0.440128325071, ""right"": 0.440128325071, ""symmetric_denominator"": 0.880256650143, ""symmetric_relative"": 0.0}, ""terminal_low_k_power"": {""abs_diff"": 0.0, ""default_normalized"": 0.0, ""left"": 0.240055702653, ""right"": 0.240055702653, ""symmetric_denominator"": 0.48011140530699997, ""symmetric_relative"": 0.0}}"
target_control,randomized_edge_control,3,obs_ea0aca853f3046642f451b7d,obs_3f3cbf5fee77e89478120a3b,d_causal,0.0,0.0,front depths use fixed scale 4.0; causal fields use relative numeric distance,False,,"{""acyclicity_score"": {""left"": 0.454545454545, ""right"": 0.454545454545, ""symmetric_denominator"": 0.909090909091, ""symmetric_relative"": 0.0}, ""front_far_depth"": {""abs_diff"": 0.0, ""left"": 3.0, ""right"": 3.0, ""scale"": 4.0}, ""front_near_depth"": {""abs_diff"": 0.0, ""left"": 2.0, ""right"": 2.0, ""scale"": 4.0}, ""mean_causal_depth"": {""left"": 1.714285714286, ""right"": 1.714285714286, ""symmetric_denominator"": 3.428571428573, ""symmetric_relative"": 0.0}, ""mismatch_rate"": {""left"": 0.035886189834, ""right"": 0.035886189834, ""symmetric_denominator"": 0.071772379669, ""symmetric_relative"": 0.0}, ""order_compatibility_score"": {""left"": 0.964113810166, ""right"": 0.964113810166, ""symmetric_denominator"": 1.928227620333, ""symmetric_relative"": 0.0}}"
target_control,randomized_edge_control,3,obs_ea0aca853f3046642f451b7d,obs_3f3cbf5fee77e89478120a3b,d_time,0.16666666666666666,0.041666666666666664,rank distance plus event-time abs diff divided by tau scale 4.2,False,heuristic_rank_interpolation_present,"{""left_time_key_count"": 7, ""rank_distance"": 0.3333333333333333, ""right_time_key_count"": 7, ""shared_time_keys"": [""dispersion_half"", ""front_far"", ""front_near"", ""low_k_half"", ""radius_half"", ""spectral_half"", ""width_half""], ""time_distance_values"": [0.0, 0.0, 0.0, 0.0, 0.0, 0.0, 0.0]}"
target_control,randomized_edge_control,3,obs_ea0aca853f3046642f451b7d,obs_3f3cbf5fee77e89478120a3b,d_addr,0.41666666666666663,0.41666666666666663,exact signature match else prefix/depth distance with minimum mismatch floor 0.25,False,,"{""depth_distance"": 0.0, ""left_address"": {""dominant_chain_prefix"": [""low_k_half"", ""dispersion_half""], ""front_depth_profile"": {""front_far_depth"": 3.0, ""front_near_depth"": 2.0}, ""monotonic_shell_ordering"": true, ""order_compatibility_band"": 0.95}, ""prefix_distance"": 0.8333333333333333, ""right_address"": {""dominant_chain_prefix"": [""spectral_half"", ""width_half""], ""front_depth_profile"": {""front_far_depth"": 3.0, ""front_near_depth"": 2.0}, ""monotonic_shell_ordering"": true, ""order_compatibility_band"": 0.95}, ""without_floor"": 0.41666666666666663}"
target_control,randomized_edge_control,4,obs_d6eeaa59b08b0f1c4897f8db,obs_ddbc298f7c4df1aede53d5d6,d_inv,0.0,0.0,"per-field abs diff divided by max(abs(left), abs(right), 1e-12)",False,,"{""shell_latency_span"": {""abs_diff"": 0.0, ""default_normalized"": 0.0, ""left"": 3.0, ""right"": 3.0, ""symmetric_denominator"": 6.000000000001, ""symmetric_relative"": 0.0}, ""terminal_low_k_fraction"": {""abs_diff"": 0.0, ""default_normalized"": 0.0, ""left"": 0.413051734778, ""right"": 0.413051734778, ""symmetric_denominator"": 0.826103469557, ""symmetric_relative"": 0.0}, ""transport_character_index"": {""abs_diff"": 0.0, ""default_normalized"": 0.0, ""left"": 0.171740105787, ""right"": 0.171740105787, ""symmetric_denominator"": 0.34348021157499997, ""symmetric_relative"": 0.0}}"
target_control,randomized_edge_control,4,obs_d6eeaa59b08b0f1c4897f8db,obs_ddbc298f7c4df1aede53d5d6,d_struct,0.4,0.26666666666666666,edge Jaccard plus relative edge-count drift,False,,"{""edge_count"": {""left"": 9.0, ""right"": 9.0, ""symmetric_denominator"": 18.000000000001, ""symmetric_relative"": 0.0}, ""edge_set"": {""intersection"": 2, ""jaccard_distance"": 0.8, ""left_count"": 6, ""right_count"": 6, ""union"": 10}, ""stable_edge_count"": {""left"": 3.0, ""right"": 3.0, ""symmetric_denominator"": 6.000000000001, ""symmetric_relative"": 0.0}}"
target_control,randomized_edge_control,4,obs_d6eeaa59b08b0f1c4897f8db,obs_ddbc298f7c4df1aede53d5d6,d_spec,0.0,0.0,"per-field abs diff divided by max(abs(left), abs(right), 1e-12)",False,,"{""terminal_fluctuation_slope"": {""abs_diff"": 0.0, ""default_normalized"": 0.0, ""left"": 0.143681882543, ""right"": 0.143681882543, ""symmetric_denominator"": 0.28736376508699996, ""symmetric_relative"": 0.0}, ""terminal_low_k_fraction"": {""abs_diff"": 0.0, ""default_normalized"": 0.0, ""left"": 0.413051734778, ""right"": 0.413051734778, ""symmetric_denominator"": 0.826103469557, ""symmetric_relative"": 0.0}, ""terminal_low_k_power"": {""abs_diff"": 0.0, ""default_normalized"": 0.0, ""left"": 0.395712974841, ""right"": 0.395712974841, ""symmetric_denominator"": 0.791425949683, ""symmetric_relative"": 0.0}}"
target_control,randomized_edge_control,4,obs_d6eeaa59b08b0f1c4897f8db,obs_ddbc298f7c4df1aede53d5d6,d_causal,0.0,0.0,front depths use fixed scale 4.0; causal fields use relative numeric distance,False,,"{""acyclicity_score"": {""left"": 0.555555555556, ""right"": 0.555555555556, ""symmetric_denominator"": 1.111111111113, ""symmetric_relative"": 0.0}, ""front_far_depth"": {""abs_diff"": 0.0, ""left"": 3.0, ""right"": 3.0, ""scale"": 4.0}, ""front_near_depth"": {""abs_diff"": 0.0, ""left"": 2.0, ""right"": 2.0, ""scale"": 4.0}, ""mean_causal_depth"": {""left"": 1.714285714286, ""right"": 1.714285714286, ""symmetric_denominator"": 3.428571428573, ""symmetric_relative"": 0.0}, ""mismatch_rate"": {""left"": 0.036701388889, ""right"": 0.036701388889, ""symmetric_denominator"": 0.073402777779, ""symmetric_relative"": 0.0}, ""order_compatibility_score"": {""left"": 0.963298611111, ""right"": 0.963298611111, ""symmetric_denominator"": 1.9265972222230001, ""symmetric_relative"": 0.0}}"
target_control,randomized_edge_control,4,obs_d6eeaa59b08b0f1c4897f8db,obs_ddbc298f7c4df1aede53d5d6,d_time,0.21428571428571427,0.05357142857142857,rank distance plus event-time abs diff divided by tau scale 4.2,False,heuristic_rank_interpolation_present,"{""left_time_key_count"": 7, ""rank_distance"": 0.42857142857142855, ""right_time_key_count"": 7, ""shared_time_keys"": [""dispersion_half"", ""front_far"", ""front_near"", ""low_k_half"", ""radius_half"", ""spectral_half"", ""width_half""], ""time_distance_values"": [0.0, 0.0, 0.0, 0.0, 0.0, 0.0, 0.0]}"
target_control,randomized_edge_control,4,obs_d6eeaa59b08b0f1c4897f8db,obs_ddbc298f7c4df1aede53d5d6,d_addr,0.41666666666666663,0.41666666666666663,exact signature match else prefix/depth distance with minimum mismatch floor 0.25,False,,"{""depth_distance"": 0.0, ""left_address"": {""dominant_chain_prefix"": [""low_k_half"", ""dispersion_half""], ""front_depth_profile"": {""front_far_depth"": 3.0, ""front_near_depth"": 2.0}, ""monotonic_shell_ordering"": true, ""order_compatibility_band"": 0.95}, ""prefix_distance"": 0.8333333333333333, ""right_address"": {""dominant_chain_prefix"": [""spectral_half"", ""width_half""], ""front_depth_profile"": {""front_far_depth"": 3.0, ""front_near_depth"": 2.0}, ""monotonic_shell_ordering"": true, ""order_compatibility_band"": 0.95}, ""without_floor"": 0.41666666666666663}"
target_control,randomized_edge_control,5,obs_8c347ec96417e5677cdb8ad0,obs_3f2760e857afefe81bf772fe,d_inv,0.0,0.0,"per-field abs diff divided by max(abs(left), abs(right), 1e-12)",False,,"{""shell_latency_span"": {""abs_diff"": 0.0, ""default_normalized"": 0.0, ""left"": 3.0, ""right"": 3.0, ""symmetric_denominator"": 6.000000000001, ""symmetric_relative"": 0.0}, ""terminal_low_k_fraction"": {""abs_diff"": 0.0, ""default_normalized"": 0.0, ""left"": 0.456876443416, ""right"": 0.456876443416, ""symmetric_denominator"": 0.9137528868329999, ""symmetric_relative"": 0.0}, ""transport_character_index"": {""abs_diff"": 0.0, ""default_normalized"": 0.0, ""left"": 0.078237033736, ""right"": 0.078237033736, ""symmetric_denominator"": 0.156474067473, ""symmetric_relative"": 0.0}}"
target_control,randomized_edge_control,5,obs_8c347ec96417e5677cdb8ad0,obs_3f2760e857afefe81bf772fe,d_struct,0.45454545454545453,0.30303030303030304,edge Jaccard plus relative edge-count drift,False,,"{""edge_count"": {""left"": 9.0, ""right"": 9.0, ""symmetric_denominator"": 18.000000000001, ""symmetric_relative"": 0.0}, ""edge_set"": {""intersection"": 1, ""jaccard_distance"": 0.9090909090909091, ""left_count"": 6, ""right_count"": 6, ""union"": 11}, ""stable_edge_count"": {""left"": 3.0, ""right"": 3.0, ""symmetric_denominator"": 6.000000000001, ""symmetric_relative"": 0.0}}"
target_control,randomized_edge_control,5,obs_8c347ec96417e5677cdb8ad0,obs_3f2760e857afefe81bf772fe,d_spec,0.0,0.0,"per-field abs diff divided by max(abs(left), abs(right), 1e-12)",False,,"{""terminal_fluctuation_slope"": {""abs_diff"": 0.0, ""default_normalized"": 0.0, ""left"": 0.027586802515, ""right"": 0.027586802515, ""symmetric_denominator"": 0.055173605031, ""symmetric_relative"": 0.0}, ""terminal_low_k_fraction"": {""abs_diff"": 0.0, ""default_normalized"": 0.0, ""left"": 0.456876443416, ""right"": 0.456876443416, ""symmetric_denominator"": 0.9137528868329999, ""symmetric_relative"": 0.0}, ""terminal_low_k_power"": {""abs_diff"": 0.0, ""default_normalized"": 0.0, ""left"": 0.240614619744, ""right"": 0.240614619744, ""symmetric_denominator"": 0.481229239489, ""symmetric_relative"": 0.0}}"
target_control,randomized_edge_control,5,obs_8c347ec96417e5677cdb8ad0,obs_3f2760e857afefe81bf772fe,d_causal,0.0,0.0,front depths use fixed scale 4.0; causal fields use relative numeric distance,False,,"{""acyclicity_score"": {""left"": 0.555555555556, ""right"": 0.555555555556, ""symmetric_denominator"": 1.111111111113, ""symmetric_relative"": 0.0}, ""front_far_depth"": {""abs_diff"": 0.0, ""left"": 3.0, ""right"": 3.0, ""scale"": 4.0}, ""front_near_depth"": {""abs_diff"": 0.0, ""left"": 2.0, ""right"": 2.0, ""scale"": 4.0}, ""mean_causal_depth"": {""left"": 1.714285714286, ""right"": 1.714285714286, ""symmetric_denominator"": 3.428571428573, ""symmetric_relative"": 0.0}, ""mismatch_rate"": {""left"": 0.036701388889, ""right"": 0.036701388889, ""symmetric_denominator"": 0.073402777779, ""symmetric_relative"": 0.0}, ""order_compatibility_score"": {""left"": 0.963298611111, ""right"": 0.963298611111, ""symmetric_denominator"": 1.9265972222230001, ""symmetric_relative"": 0.0}}"
target_control,randomized_edge_control,5,obs_8c347ec96417e5677cdb8ad0,obs_3f2760e857afefe81bf772fe,d_time,0.16666666666666666,0.041666666666666664,rank distance plus event-time abs diff divided by tau scale 4.2,False,heuristic_rank_interpolation_present,"{""left_time_key_count"": 7, ""rank_distance"": 0.3333333333333333, ""right_time_key_count"": 7, ""shared_time_keys"": [""dispersion_half"", ""front_far"", ""front_near"", ""low_k_half"", ""radius_half"", ""spectral_half"", ""width_half""], ""time_distance_values"": [0.0, 0.0, 0.0, 0.0, 0.0, 0.0, 0.0]}"
target_control,randomized_edge_control,5,obs_8c347ec96417e5677cdb8ad0,obs_3f2760e857afefe81bf772fe,d_addr,0.41666666666666663,0.41666666666666663,exact signature match else prefix/depth distance with minimum mismatch floor 0.25,False,,"{""depth_distance"": 0.0, ""left_address"": {""dominant_chain_prefix"": [""low_k_half"", ""dispersion_half""], ""front_depth_profile"": {""front_far_depth"": 3.0, ""front_near_depth"": 2.0}, ""monotonic_shell_ordering"": true, ""order_compatibility_band"": 0.95}, ""prefix_distance"": 0.8333333333333333, ""right_address"": {""dominant_chain_prefix"": [""spectral_half"", ""width_half""], ""front_depth_profile"": {""front_far_depth"": 3.0, ""front_near_depth"": 2.0}, ""monotonic_shell_ordering"": true, ""order_compatibility_band"": 0.95}, ""without_floor"": 0.41666666666666663}"
control_control,randomized_edge_control,0,obs_448f4e11eb5a27dd4f60b644,obs_cd8cd88cb9618af0705bbf06,d_inv,0.3770421455678638,0.24913315178490292,"per-field abs diff divided by max(abs(left), abs(right), 1e-12)",False,,"{""shell_latency_span"": {""abs_diff"": 0.6000000000000001, ""default_normalized"": 0.20000000000000004, ""left"": 3.0, ""right"": 2.4, ""symmetric_denominator"": 5.4000000000010004, ""symmetric_relative"": 0.11111111111109054}, ""terminal_low_k_fraction"": {""abs_diff"": 0.12722777252600004, ""default_normalized"": 0.30333261945766266, ""left"": 0.419433204228, ""right"": 0.292205431702, ""symmetric_denominator"": 0.711638635931, ""symmetric_relative"": 0.1787814293690709}, ""transport_character_index"": {""abs_diff"": 0.12304273749799999, ""default_normalized"": 0.6277938172459286, ""left"": 0.072949535949, ""right"": 0.195992273447, ""symmetric_denominator"": 0.26894180939699996, ""symmetric_relative"": 0.4575069148745473}}"
control_control,randomized_edge_control,0,obs_448f4e11eb5a27dd4f60b644,obs_cd8cd88cb9618af0705bbf06,d_struct,0.0,0.0,edge Jaccard plus relative edge-count drift,False,,"{""edge_count"": {""left"": 9.0, ""right"": 9.0, ""symmetric_denominator"": 18.000000000001, ""symmetric_relative"": 0.0}, ""edge_set"": {""intersection"": 6, ""jaccard_distance"": 0.0, ""left_count"": 6, ""right_count"": 6, ""union"": 6}, ""stable_edge_count"": {""left"": 3.0, ""right"": 3.0, ""symmetric_denominator"": 6.000000000001, ""symmetric_relative"": 0.0}}"
control_control,randomized_edge_control,0,obs_448f4e11eb5a27dd4f60b644,obs_cd8cd88cb9618af0705bbf06,d_spec,0.47727968175725527,0.32741279440304366,"per-field abs diff divided by max(abs(left), abs(right), 1e-12)",False,,"{""terminal_fluctuation_slope"": {""abs_diff"": 0.307668304815, ""default_normalized"": 0.6775279963443092, ""left"": 0.146435889366, ""right"": 0.454104194181, ""symmetric_denominator"": 0.600540083548, ""symmetric_relative"": 0.5123193492718936}, ""terminal_low_k_fraction"": {""abs_diff"": 0.12722777252600004, ""default_normalized"": 0.30333261945766266, ""left"": 0.419433204228, ""right"": 0.292205431702, ""symmetric_denominator"": 0.711638635931, ""symmetric_relative"": 0.1787814293690709}, ""terminal_low_k_power"": {""abs_diff"": 0.108466420531, ""default_normalized"": 0.4509784294697939, ""left"": 0.240513544425, ""right"": 0.132047123894, ""symmetric_denominator"": 0.37256066832, ""symmetric_relative"": 0.2911376045681665}}"
control_control,randomized_edge_control,0,obs_448f4e11eb5a27dd4f60b644,obs_cd8cd88cb9618af0705bbf06,d_causal,0.0,0.0,front depths use fixed scale 4.0; causal fields use relative numeric distance,False,,"{""acyclicity_score"": {""left"": 0.555555555556, ""right"": 0.555555555556, ""symmetric_denominator"": 1.111111111113, ""symmetric_relative"": 0.0}, ""front_far_depth"": {""abs_diff"": 0.0, ""left"": 3.0, ""right"": 3.0, ""scale"": 4.0}, ""front_near_depth"": {""abs_diff"": 0.0, ""left"": 2.0, ""right"": 2.0, ""scale"": 4.0}, ""mean_causal_depth"": {""left"": 1.714285714286, ""right"": 1.714285714286, ""symmetric_denominator"": 3.428571428573, ""symmetric_relative"": 0.0}, ""mismatch_rate"": {""left"": 0.035130761687, ""right"": 0.035130761687, ""symmetric_denominator"": 0.07026152337500001, ""symmetric_relative"": 0.0}, ""order_compatibility_score"": {""left"": 0.964869238313, ""right"": 0.964869238313, ""symmetric_denominator"": 1.929738476627, ""symmetric_relative"": 0.0}}"
control_control,randomized_edge_control,0,obs_448f4e11eb5a27dd4f60b644,obs_cd8cd88cb9618af0705bbf06,d_time,0.10676496598639454,0.18683869047619045,rank distance plus event-time abs diff divided by tau scale 4.2,False,heuristic_rank_interpolation_present,"{""left_time_key_count"": 7, ""rank_distance"": 0.0, ""right_time_key_count"": 7, ""shared_time_keys"": [""dispersion_half"", ""front_far"", ""front_near"", ""low_k_half"", ""radius_half"", ""spectral_half"", ""width_half""], ""time_distance_values"": [0.06613761904761906, 0.39682547619047615, 0.28571428571428564, 0.0, 0.5846561904761903, 0.04761928571428573, 0.11375666666666662]}"
control_control,randomized_edge_control,0,obs_448f4e11eb5a27dd4f60b644,obs_cd8cd88cb9618af0705bbf06,d_addr,0.0,0.0,exact signature match else prefix/depth distance with minimum mismatch floor 0.25,False,,"{""depth_distance"": 0.0, ""left_address"": {""dominant_chain_prefix"": [""spectral_half"", ""width_half""], ""front_depth_profile"": {""front_far_depth"": 3.0, ""front_near_depth"": 2.0}, ""monotonic_shell_ordering"": true, ""order_compatibility_band"": 0.95}, ""prefix_distance"": 0.0, ""right_address"": {""dominant_chain_prefix"": [""spectral_half"", ""width_half""], ""front_depth_profile"": {""front_far_depth"": 3.0, ""front_near_depth"": 2.0}, ""monotonic_shell_ordering"": true, ""order_compatibility_band"": 0.95}, ""without_floor"": 0.0}"
control_control,randomized_edge_control,1,obs_3f3cbf5fee77e89478120a3b,obs_fa7bd1db2d6a1d5f66733a16,d_inv,0.2668084637230561,0.17511020078160686,"per-field abs diff divided by max(abs(left), abs(right), 1e-12)",False,,"{""shell_latency_span"": {""abs_diff"": 0.0, ""default_normalized"": 0.0, ""left"": 3.0, ""right"": 3.0, ""symmetric_denominator"": 6.000000000001, ""symmetric_relative"": 0.0}, ""terminal_low_k_fraction"": {""abs_diff"": 0.10609028839100004, ""default_normalized"": 0.2410439918264427, ""left"": 0.440128325071, ""right"": 0.33403803668, ""symmetric_denominator"": 0.7741663617519999, ""symmetric_relative"": 0.1370381014113159}, ""transport_character_index"": {""abs_diff"": 0.09932477055300001, ""default_normalized"": 0.5593813993427257, ""left"": 0.078237033736, ""right"": 0.177561804289, ""symmetric_denominator"": 0.255798838026, ""symmetric_relative"": 0.38829250093350465}}"
control_control,randomized_edge_control,1,obs_3f3cbf5fee77e89478120a3b,obs_fa7bd1db2d6a1d5f66733a16,d_struct,0.0,0.0,edge Jaccard plus relative edge-count drift,False,,"{""edge_count"": {""left"": 11.0, ""right"": 11.0, ""symmetric_denominator"": 22.000000000001, ""symmetric_relative"": 0.0}, ""edge_set"": {""intersection"": 6, ""jaccard_distance"": 0.0, ""left_count"": 6, ""right_count"": 6, ""union"": 6}, ""stable_edge_count"": {""left"": 1.0, ""right"": 1.0, ""symmetric_denominator"": 2.000000000001, ""symmetric_relative"": 0.0}}"
control_control,randomized_edge_control,1,obs_3f3cbf5fee77e89478120a3b,obs_fa7bd1db2d6a1d5f66733a16,d_spec,0.39431611175798237,0.29636687814975116,"per-field abs diff divided by max(abs(left), abs(right), 1e-12)",False,,"{""terminal_fluctuation_slope"": {""abs_diff"": 0.353389527627, ""default_normalized"": 0.8109294084762954, ""left"": 0.082393814219, ""right"": 0.435783341846, ""symmetric_denominator"": 0.5181771560659999, ""symmetric_relative"": 0.6819859260294928}, ""terminal_low_k_fraction"": {""abs_diff"": 0.10609028839100004, ""default_normalized"": 0.2410439918264427, ""left"": 0.440128325071, ""right"": 0.33403803668, ""symmetric_denominator"": 0.7741663617519999, ""symmetric_relative"": 0.1370381014113159}, ""terminal_low_k_power"": {""abs_diff"": 0.03617994613700001, ""default_normalized"": 0.13097493497120913, ""left"": 0.240055702653, ""right"": 0.27623564879, ""symmetric_denominator"": 0.516291351444, ""symmetric_relative"": 0.07007660700844474}}"
control_control,randomized_edge_control,1,obs_3f3cbf5fee77e89478120a3b,obs_fa7bd1db2d6a1d5f66733a16,d_causal,0.0,0.0,front depths use fixed scale 4.0; causal fields use relative numeric distance,False,,"{""acyclicity_score"": {""left"": 0.454545454545, ""right"": 0.454545454545, ""symmetric_denominator"": 0.909090909091, ""symmetric_relative"": 0.0}, ""front_far_depth"": {""abs_diff"": 0.0, ""left"": 3.0, ""right"": 3.0, ""scale"": 4.0}, ""front_near_depth"": {""abs_diff"": 0.0, ""left"": 2.0, ""right"": 2.0, ""scale"": 4.0}, ""mean_causal_depth"": {""left"": 1.714285714286, ""right"": 1.714285714286, ""symmetric_denominator"": 3.428571428573, ""symmetric_relative"": 0.0}, ""mismatch_rate"": {""left"": 0.035886189834, ""right"": 0.035886189834, ""symmetric_denominator"": 0.071772379669, ""symmetric_relative"": 0.0}, ""order_compatibility_score"": {""left"": 0.964113810166, ""right"": 0.964113810166, ""symmetric_denominator"": 1.928227620333, ""symmetric_relative"": 0.0}}"
control_control,randomized_edge_control,1,obs_3f3cbf5fee77e89478120a3b,obs_fa7bd1db2d6a1d5f66733a16,d_time,0.08635675170068026,0.15112431547619046,rank distance plus event-time abs diff divided by tau scale 4.2,False,heuristic_rank_interpolation_present,"{""left_time_key_count"": 7, ""rank_distance"": 0.0, ""right_time_key_count"": 7, ""shared_time_keys"": [""dispersion_half"", ""front_far"", ""front_near"", ""low_k_half"", ""radius_half"", ""spectral_half"", ""width_half""], ""time_distance_values"": [0.05026452380952381, 0.3015873809523809, 0.28571428571428564, 0.0, 0.5291004761904762, 0.007936428571428584, 0.03439142857142857]}"
control_control,randomized_edge_control,1,obs_3f3cbf5fee77e89478120a3b,obs_fa7bd1db2d6a1d5f66733a16,d_addr,0.0,0.0,exact signature match else prefix/depth distance with minimum mismatch floor 0.25,False,,"{""depth_distance"": 0.0, ""left_address"": {""dominant_chain_prefix"": [""spectral_half"", ""width_half""], ""front_depth_profile"": {""front_far_depth"": 3.0, ""front_near_depth"": 2.0}, ""monotonic_shell_ordering"": true, ""order_compatibility_band"": 0.95}, ""prefix_distance"": 0.0, ""right_address"": {""dominant_chain_prefix"": [""spectral_half"", ""width_half""], ""front_depth_profile"": {""front_far_depth"": 3.0, ""front_near_depth"": 2.0}, ""monotonic_shell_ordering"": true, ""order_compatibility_band"": 0.95}, ""without_floor"": 0.0}"
control_control,randomized_edge_control,2,obs_3f2760e857afefe81bf772fe,obs_ddbc298f7c4df1aede53d5d6,d_inv,0.2134558758081538,0.14147462629720495,"per-field abs diff divided by max(abs(left), abs(right), 1e-12)",False,,"{""shell_latency_span"": {""abs_diff"": 0.0, ""default_normalized"": 0.0, ""left"": 3.0, ""right"": 3.0, ""symmetric_denominator"": 6.000000000001, ""symmetric_relative"": 0.0}, ""terminal_low_k_fraction"": {""abs_diff"": 0.043824708637999976, ""default_normalized"": 0.09592245183474307, ""left"": 0.456876443416, ""right"": 0.413051734778, ""symmetric_denominator"": 0.869928178195, ""symmetric_relative"": 0.050377387164226774}, ""transport_character_index"": {""abs_diff"": 0.093503072051, ""default_normalized"": 0.5444451755897183, ""left"": 0.078237033736, ""right"": 0.171740105787, ""symmetric_denominator"": 0.249977139524, ""symmetric_relative"": 0.3740464917273881}}"
control_control,randomized_edge_control,2,obs_3f2760e857afefe81bf772fe,obs_ddbc298f7c4df1aede53d5d6,d_struct,0.0,0.0,edge Jaccard plus relative edge-count drift,False,,"{""edge_count"": {""left"": 9.0, ""right"": 9.0, ""symmetric_denominator"": 18.000000000001, ""symmetric_relative"": 0.0}, ""edge_set"": {""intersection"": 6, ""jaccard_distance"": 0.0, ""left_count"": 6, ""right_count"": 6, ""union"": 6}, ""stable_edge_count"": {""left"": 3.0, ""right"": 3.0, ""symmetric_denominator"": 6.000000000001, ""symmetric_relative"": 0.0}}"
control_control,randomized_edge_control,2,obs_3f2760e857afefe81bf772fe,obs_ddbc298f7c4df1aede53d5d6,d_spec,0.431956626556699,0.3239902308623394,"per-field abs diff divided by max(abs(left), abs(right), 1e-12)",False,,"{""terminal_fluctuation_slope"": {""abs_diff"": 0.11609508002799998, ""default_normalized"": 0.8080008277540208, ""left"": 0.027586802515, ""right"": 0.143681882543, ""symmetric_denominator"": 0.171268685059, ""symmetric_relative"": 0.677853514131942}, ""terminal_low_k_fraction"": {""abs_diff"": 0.043824708637999976, ""default_normalized"": 0.09592245183474307, ""left"": 0.456876443416, ""right"": 0.413051734778, ""symmetric_denominator"": 0.869928178195, ""symmetric_relative"": 0.050377387164226774}, ""terminal_low_k_power"": {""abs_diff"": 0.15509835509699998, ""default_normalized"": 0.3919466000813329, ""left"": 0.240614619744, ""right"": 0.395712974841, ""symmetric_denominator"": 0.636327594586, ""symmetric_relative"": 0.2437397912908496}}"
control_control,randomized_edge_control,2,obs_3f2760e857afefe81bf772fe,obs_ddbc298f7c4df1aede53d5d6,d_causal,0.0,0.0,front depths use fixed scale 4.0; causal fields use relative numeric distance,False,,"{""acyclicity_score"": {""left"": 0.555555555556, ""right"": 0.555555555556, ""symmetric_denominator"": 1.111111111113, ""symmetric_relative"": 0.0}, ""front_far_depth"": {""abs_diff"": 0.0, ""left"": 3.0, ""right"": 3.0, ""scale"": 4.0}, ""front_near_depth"": {""abs_diff"": 0.0, ""left"": 2.0, ""right"": 2.0, ""scale"": 4.0}, ""mean_causal_depth"": {""left"": 1.714285714286, ""right"": 1.714285714286, ""symmetric_denominator"": 3.428571428573, ""symmetric_relative"": 0.0}, ""mismatch_rate"": {""left"": 0.036701388889, ""right"": 0.036701388889, ""symmetric_denominator"": 0.073402777779, ""symmetric_relative"": 0.0}, ""order_compatibility_score"": {""left"": 0.963298611111, ""right"": 0.963298611111, ""symmetric_denominator"": 1.9265972222230001, ""symmetric_relative"": 0.0}}"
control_control,randomized_edge_control,2,obs_3f2760e857afefe81bf772fe,obs_ddbc298f7c4df1aede53d5d6,d_time,0.08578988095238095,0.15013229166666667,rank distance plus event-time abs diff divided by tau scale 4.2,False,heuristic_rank_interpolation_present,"{""left_time_key_count"": 7, ""rank_distance"": 0.0, ""right_time_key_count"": 7, ""shared_time_keys"": [""dispersion_half"", ""front_far"", ""front_near"", ""low_k_half"", ""radius_half"", ""spectral_half"", ""width_half""], ""time_distance_values"": [0.05026452380952381, 0.3015873809523809, 0.2539683333333333, 0.0, 0.5291004761904762, 0.007936428571428584, 0.05820119047619048]}"
control_control,randomized_edge_control,2,obs_3f2760e857afefe81bf772fe,obs_ddbc298f7c4df1aede53d5d6,d_addr,0.0,0.0,exact signature match else prefix/depth distance with minimum mismatch floor 0.25,False,,"{""depth_distance"": 0.0, ""left_address"": {""dominant_chain_prefix"": [""spectral_half"", ""width_half""], ""front_depth_profile"": {""front_far_depth"": 3.0, ""front_near_depth"": 2.0}, ""monotonic_shell_ordering"": true, ""order_compatibility_band"": 0.95}, ""prefix_distance"": 0.0, ""right_address"": {""dominant_chain_prefix"": [""spectral_half"", ""width_half""], ""front_depth_profile"": {""front_far_depth"": 3.0, ""front_near_depth"": 2.0}, ""monotonic_shell_ordering"": true, ""order_compatibility_band"": 0.95}, ""without_floor"": 0.0}"
target_control,shuffled_structure_control,0,obs_c21d789f14a613fc6b0083e2,obs_e43b79a2ef68469ae989ae1e,d_inv,0.0,0.0,"per-field abs diff divided by max(abs(left), abs(right), 1e-12)",False,,"{""shell_latency_span"": {""abs_diff"": 0.0, ""default_normalized"": 0.0, ""left"": 2.4, ""right"": 2.4, ""symmetric_denominator"": 4.800000000001, ""symmetric_relative"": 0.0}, ""terminal_low_k_fraction"": {""abs_diff"": 0.0, ""default_normalized"": 0.0, ""left"": 0.292205431702, ""right"": 0.292205431702, ""symmetric_denominator"": 0.5844108634049999, ""symmetric_relative"": 0.0}, ""transport_character_index"": {""abs_diff"": 0.0, ""default_normalized"": 0.0, ""left"": 0.195992273447, ""right"": 0.195992273447, ""symmetric_denominator"": 0.39198454689499995, ""symmetric_relative"": 0.0}}"
target_control,shuffled_structure_control,0,obs_c21d789f14a613fc6b0083e2,obs_e43b79a2ef68469ae989ae1e,d_struct,0.4,0.26666666666666666,edge Jaccard plus relative edge-count drift,False,,"{""edge_count"": {""left"": 9.0, ""right"": 9.0, ""symmetric_denominator"": 18.000000000001, ""symmetric_relative"": 0.0}, ""edge_set"": {""intersection"": 2, ""jaccard_distance"": 0.8, ""left_count"": 6, ""right_count"": 6, ""union"": 10}, ""stable_edge_count"": {""left"": 3.0, ""right"": 3.0, ""symmetric_denominator"": 6.000000000001, ""symmetric_relative"": 0.0}}"
target_control,shuffled_structure_control,0,obs_c21d789f14a613fc6b0083e2,obs_e43b79a2ef68469ae989ae1e,d_spec,0.0,0.0,"per-field abs diff divided by max(abs(left), abs(right), 1e-12)",False,,"{""terminal_fluctuation_slope"": {""abs_diff"": 0.0, ""default_normalized"": 0.0, ""left"": 0.454104194181, ""right"": 0.454104194181, ""symmetric_denominator"": 0.908208388363, ""symmetric_relative"": 0.0}, ""terminal_low_k_fraction"": {""abs_diff"": 0.0, ""default_normalized"": 0.0, ""left"": 0.292205431702, ""right"": 0.292205431702, ""symmetric_denominator"": 0.5844108634049999, ""symmetric_relative"": 0.0}, ""terminal_low_k_power"": {""abs_diff"": 0.0, ""default_normalized"": 0.0, ""left"": 0.132047123894, ""right"": 0.132047123894, ""symmetric_denominator"": 0.264094247789, ""symmetric_relative"": 0.0}}"
target_control,shuffled_structure_control,0,obs_c21d789f14a613fc6b0083e2,obs_e43b79a2ef68469ae989ae1e,d_causal,0.0,0.0,front depths use fixed scale 4.0; causal fields use relative numeric distance,False,,"{""acyclicity_score"": {""left"": 0.555555555556, ""right"": 0.555555555556, ""symmetric_denominator"": 1.111111111113, ""symmetric_relative"": 0.0}, ""front_far_depth"": {""abs_diff"": 0.0, ""left"": 3.0, ""right"": 3.0, ""scale"": 4.0}, ""front_near_depth"": {""abs_diff"": 0.0, ""left"": 2.0, ""right"": 2.0, ""scale"": 4.0}, ""mean_causal_depth"": {""left"": 1.714285714286, ""right"": 1.714285714286, ""symmetric_denominator"": 3.428571428573, ""symmetric_relative"": 0.0}, ""mismatch_rate"": {""left"": 0.035130761687, ""right"": 0.035130761687, ""symmetric_denominator"": 0.07026152337500001, ""symmetric_relative"": 0.0}, ""order_compatibility_score"": {""left"": 0.964869238313, ""right"": 0.964869238313, ""symmetric_denominator"": 1.929738476627, ""symmetric_relative"": 0.0}}"
target_control,shuffled_structure_control,0,obs_c21d789f14a613fc6b0083e2,obs_e43b79a2ef68469ae989ae1e,d_time,0.21428571428571427,0.05357142857142857,rank distance plus event-time abs diff divided by tau scale 4.2,False,heuristic_rank_interpolation_present,"{""left_time_key_count"": 7, ""rank_distance"": 0.42857142857142855, ""right_time_key_count"": 7, ""shared_time_keys"": [""dispersion_half"", ""front_far"", ""front_near"", ""low_k_half"", ""radius_half"", ""spectral_half"", ""width_half""], ""time_distance_values"": [0.0, 0.0, 0.0, 0.0, 0.0, 0.0, 0.0]}"
target_control,shuffled_structure_control,0,obs_c21d789f14a613fc6b0083e2,obs_e43b79a2ef68469ae989ae1e,d_addr,0.3333333333333333,0.3333333333333333,exact signature match else prefix/depth distance with minimum mismatch floor 0.25,False,,"{""depth_distance"": 0.0, ""left_address"": {""dominant_chain_prefix"": [""low_k_half"", ""dispersion_half""], ""front_depth_profile"": {""front_far_depth"": 3.0, ""front_near_depth"": 2.0}, ""monotonic_shell_ordering"": true, ""order_compatibility_band"": 0.95}, ""prefix_distance"": 0.6666666666666666, ""right_address"": {""dominant_chain_prefix"": [""dispersion_half"", ""front_far""], ""front_depth_profile"": {""front_far_depth"": 3.0, ""front_near_depth"": 2.0}, ""monotonic_shell_ordering"": true, ""order_compatibility_band"": 0.95}, ""without_floor"": 0.3333333333333333}"
target_control,shuffled_structure_control,1,obs_ed1f0ceddbbf708b259ea1a6,obs_c887eb3bf0ab4011d4084e3a,d_inv,0.0,0.0,"per-field abs diff divided by max(abs(left), abs(right), 1e-12)",False,,"{""shell_latency_span"": {""abs_diff"": 0.0, ""default_normalized"": 0.0, ""left"": 3.0, ""right"": 3.0, ""symmetric_denominator"": 6.000000000001, ""symmetric_relative"": 0.0}, ""terminal_low_k_fraction"": {""abs_diff"": 0.0, ""default_normalized"": 0.0, ""left"": 0.419433204228, ""right"": 0.419433204228, ""symmetric_denominator"": 0.838866408457, ""symmetric_relative"": 0.0}, ""transport_character_index"": {""abs_diff"": 0.0, ""default_normalized"": 0.0, ""left"": 0.072949535949, ""right"": 0.072949535949, ""symmetric_denominator"": 0.145899071899, ""symmetric_relative"": 0.0}}"
target_control,shuffled_structure_control,1,obs_ed1f0ceddbbf708b259ea1a6,obs_c887eb3bf0ab4011d4084e3a,d_struct,0.45454545454545453,0.30303030303030304,edge Jaccard plus relative edge-count drift,False,,"{""edge_count"": {""left"": 9.0, ""right"": 9.0, ""symmetric_denominator"": 18.000000000001, ""symmetric_relative"": 0.0}, ""edge_set"": {""intersection"": 1, ""jaccard_distance"": 0.9090909090909091, ""left_count"": 6, ""right_count"": 6, ""union"": 11}, ""stable_edge_count"": {""left"": 3.0, ""right"": 3.0, ""symmetric_denominator"": 6.000000000001, ""symmetric_relative"": 0.0}}"
target_control,shuffled_structure_control,1,obs_ed1f0ceddbbf708b259ea1a6,obs_c887eb3bf0ab4011d4084e3a,d_spec,0.0,0.0,"per-field abs diff divided by max(abs(left), abs(right), 1e-12)",False,,"{""terminal_fluctuation_slope"": {""abs_diff"": 0.0, ""default_normalized"": 0.0, ""left"": 0.146435889366, ""right"": 0.146435889366, ""symmetric_denominator"": 0.29287177873299997, ""symmetric_relative"": 0.0}, ""terminal_low_k_fraction"": {""abs_diff"": 0.0, ""default_normalized"": 0.0, ""left"": 0.419433204228, ""right"": 0.419433204228, ""symmetric_denominator"": 0.838866408457, ""symmetric_relative"": 0.0}, ""terminal_low_k_power"": {""abs_diff"": 0.0, ""default_normalized"": 0.0, ""left"": 0.240513544425, ""right"": 0.240513544425, ""symmetric_denominator"": 0.481027088851, ""symmetric_relative"": 0.0}}"
target_control,shuffled_structure_control,1,obs_ed1f0ceddbbf708b259ea1a6,obs_c887eb3bf0ab4011d4084e3a,d_causal,0.0,0.0,front depths use fixed scale 4.0; causal fields use relative numeric distance,False,,"{""acyclicity_score"": {""left"": 0.555555555556, ""right"": 0.555555555556, ""symmetric_denominator"": 1.111111111113, ""symmetric_relative"": 0.0}, ""front_far_depth"": {""abs_diff"": 0.0, ""left"": 3.0, ""right"": 3.0, ""scale"": 4.0}, ""front_near_depth"": {""abs_diff"": 0.0, ""left"": 2.0, ""right"": 2.0, ""scale"": 4.0}, ""mean_causal_depth"": {""left"": 1.714285714286, ""right"": 1.714285714286, ""symmetric_denominator"": 3.428571428573, ""symmetric_relative"": 0.0}, ""mismatch_rate"": {""left"": 0.035130761687, ""right"": 0.035130761687, ""symmetric_denominator"": 0.07026152337500001, ""symmetric_relative"": 0.0}, ""order_compatibility_score"": {""left"": 0.964869238313, ""right"": 0.964869238313, ""symmetric_denominator"": 1.929738476627, ""symmetric_relative"": 0.0}}"
target_control,shuffled_structure_control,1,obs_ed1f0ceddbbf708b259ea1a6,obs_c887eb3bf0ab4011d4084e3a,d_time,0.21428571428571427,0.05357142857142857,rank distance plus event-time abs diff divided by tau scale 4.2,False,heuristic_rank_interpolation_present,"{""left_time_key_count"": 7, ""rank_distance"": 0.42857142857142855, ""right_time_key_count"": 7, ""shared_time_keys"": [""dispersion_half"", ""front_far"", ""front_near"", ""low_k_half"", ""radius_half"", ""spectral_half"", ""width_half""], ""time_distance_values"": [0.0, 0.0, 0.0, 0.0, 0.0, 0.0, 0.0]}"
target_control,shuffled_structure_control,1,obs_ed1f0ceddbbf708b259ea1a6,obs_c887eb3bf0ab4011d4084e3a,d_addr,0.3333333333333333,0.3333333333333333,exact signature match else prefix/depth distance with minimum mismatch floor 0.25,False,,"{""depth_distance"": 0.0, ""left_address"": {""dominant_chain_prefix"": [""low_k_half"", ""dispersion_half""], ""front_depth_profile"": {""front_far_depth"": 3.0, ""front_near_depth"": 2.0}, ""monotonic_shell_ordering"": true, ""order_compatibility_band"": 0.95}, ""prefix_distance"": 0.6666666666666666, ""right_address"": {""dominant_chain_prefix"": [""dispersion_half"", ""front_far""], ""front_depth_profile"": {""front_far_depth"": 3.0, ""front_near_depth"": 2.0}, ""monotonic_shell_ordering"": true, ""order_compatibility_band"": 0.95}, ""without_floor"": 0.3333333333333333}"
target_control,shuffled_structure_control,2,obs_8de73c59341ac382087fba03,obs_57e35110e54898bdbe032c98,d_inv,0.0,0.0,"per-field abs diff divided by max(abs(left), abs(right), 1e-12)",False,,"{""shell_latency_span"": {""abs_diff"": 0.0, ""default_normalized"": 0.0, ""left"": 3.0, ""right"": 3.0, ""symmetric_denominator"": 6.000000000001, ""symmetric_relative"": 0.0}, ""terminal_low_k_fraction"": {""abs_diff"": 0.0, ""default_normalized"": 0.0, ""left"": 0.33403803668, ""right"": 0.33403803668, ""symmetric_denominator"": 0.668076073361, ""symmetric_relative"": 0.0}, ""transport_character_index"": {""abs_diff"": 0.0, ""default_normalized"": 0.0, ""left"": 0.177561804289, ""right"": 0.177561804289, ""symmetric_denominator"": 0.355123608579, ""symmetric_relative"": 0.0}}"
target_control,shuffled_structure_control,2,obs_8de73c59341ac382087fba03,obs_57e35110e54898bdbe032c98,d_struct,0.45454545454545453,0.30303030303030304,edge Jaccard plus relative edge-count drift,False,,"{""edge_count"": {""left"": 11.0, ""right"": 11.0, ""symmetric_denominator"": 22.000000000001, ""symmetric_relative"": 0.0}, ""edge_set"": {""intersection"": 1, ""jaccard_distance"": 0.9090909090909091, ""left_count"": 6, ""right_count"": 6, ""union"": 11}, ""stable_edge_count"": {""left"": 1.0, ""right"": 1.0, ""symmetric_denominator"": 2.000000000001, ""symmetric_relative"": 0.0}}"
target_control,shuffled_structure_control,2,obs_8de73c59341ac382087fba03,obs_57e35110e54898bdbe032c98,d_spec,0.0,0.0,"per-field abs diff divided by max(abs(left), abs(right), 1e-12)",False,,"{""terminal_fluctuation_slope"": {""abs_diff"": 0.0, ""default_normalized"": 0.0, ""left"": 0.435783341846, ""right"": 0.435783341846, ""symmetric_denominator"": 0.8715666836929999, ""symmetric_relative"": 0.0}, ""terminal_low_k_fraction"": {""abs_diff"": 0.0, ""default_normalized"": 0.0, ""left"": 0.33403803668, ""right"": 0.33403803668, ""symmetric_denominator"": 0.668076073361, ""symmetric_relative"": 0.0}, ""terminal_low_k_power"": {""abs_diff"": 0.0, ""default_normalized"": 0.0, ""left"": 0.27623564879, ""right"": 0.27623564879, ""symmetric_denominator"": 0.552471297581, ""symmetric_relative"": 0.0}}"
target_control,shuffled_structure_control,2,obs_8de73c59341ac382087fba03,obs_57e35110e54898bdbe032c98,d_causal,0.0,0.0,front depths use fixed scale 4.0; causal fields use relative numeric distance,False,,"{""acyclicity_score"": {""left"": 0.454545454545, ""right"": 0.454545454545, ""symmetric_denominator"": 0.909090909091, ""symmetric_relative"": 0.0}, ""front_far_depth"": {""abs_diff"": 0.0, ""left"": 3.0, ""right"": 3.0, ""scale"": 4.0}, ""front_near_depth"": {""abs_diff"": 0.0, ""left"": 2.0, ""right"": 2.0, ""scale"": 4.0}, ""mean_causal_depth"": {""left"": 1.714285714286, ""right"": 1.714285714286, ""symmetric_denominator"": 3.428571428573, ""symmetric_relative"": 0.0}, ""mismatch_rate"": {""left"": 0.035886189834, ""right"": 0.035886189834, ""symmetric_denominator"": 0.071772379669, ""symmetric_relative"": 0.0}, ""order_compatibility_score"": {""left"": 0.964113810166, ""right"": 0.964113810166, ""symmetric_denominator"": 1.928227620333, ""symmetric_relative"": 0.0}}"
target_control,shuffled_structure_control,2,obs_8de73c59341ac382087fba03,obs_57e35110e54898bdbe032c98,d_time,0.19047619047619047,0.047619047619047616,rank distance plus event-time abs diff divided by tau scale 4.2,False,heuristic_rank_interpolation_present,"{""left_time_key_count"": 7, ""rank_distance"": 0.38095238095238093, ""right_time_key_count"": 7, ""shared_time_keys"": [""dispersion_half"", ""front_far"", ""front_near"", ""low_k_half"", ""radius_half"", ""spectral_half"", ""width_half""], ""time_distance_values"": [0.0, 0.0, 0.0, 0.0, 0.0, 0.0, 0.0]}"
target_control,shuffled_structure_control,2,obs_8de73c59341ac382087fba03,obs_57e35110e54898bdbe032c98,d_addr,0.3333333333333333,0.3333333333333333,exact signature match else prefix/depth distance with minimum mismatch floor 0.25,False,,"{""depth_distance"": 0.0, ""left_address"": {""dominant_chain_prefix"": [""low_k_half"", ""dispersion_half""], ""front_depth_profile"": {""front_far_depth"": 3.0, ""front_near_depth"": 2.0}, ""monotonic_shell_ordering"": true, ""order_compatibility_band"": 0.95}, ""prefix_distance"": 0.6666666666666666, ""right_address"": {""dominant_chain_prefix"": [""dispersion_half"", ""front_far""], ""front_depth_profile"": {""front_far_depth"": 3.0, ""front_near_depth"": 2.0}, ""monotonic_shell_ordering"": true, ""order_compatibility_band"": 0.95}, ""without_floor"": 0.3333333333333333}"
target_control,shuffled_structure_control,3,obs_ea0aca853f3046642f451b7d,obs_2d439625692f7d83d54dd8c5,d_inv,0.0,0.0,"per-field abs diff divided by max(abs(left), abs(right), 1e-12)",False,,"{""shell_latency_span"": {""abs_diff"": 0.0, ""default_normalized"": 0.0, ""left"": 3.0, ""right"": 3.0, ""symmetric_denominator"": 6.000000000001, ""symmetric_relative"": 0.0}, ""terminal_low_k_fraction"": {""abs_diff"": 0.0, ""default_normalized"": 0.0, ""left"": 0.440128325071, ""right"": 0.440128325071, ""symmetric_denominator"": 0.880256650143, ""symmetric_relative"": 0.0}, ""transport_character_index"": {""abs_diff"": 0.0, ""default_normalized"": 0.0, ""left"": 0.078237033736, ""right"": 0.078237033736, ""symmetric_denominator"": 0.156474067473, ""symmetric_relative"": 0.0}}"
target_control,shuffled_structure_control,3,obs_ea0aca853f3046642f451b7d,obs_2d439625692f7d83d54dd8c5,d_struct,0.45454545454545453,0.30303030303030304,edge Jaccard plus relative edge-count drift,False,,"{""edge_count"": {""left"": 11.0, ""right"": 11.0, ""symmetric_denominator"": 22.000000000001, ""symmetric_relative"": 0.0}, ""edge_set"": {""intersection"": 1, ""jaccard_distance"": 0.9090909090909091, ""left_count"": 6, ""right_count"": 6, ""union"": 11}, ""stable_edge_count"": {""left"": 1.0, ""right"": 1.0, ""symmetric_denominator"": 2.000000000001, ""symmetric_relative"": 0.0}}"
target_control,shuffled_structure_control,3,obs_ea0aca853f3046642f451b7d,obs_2d439625692f7d83d54dd8c5,d_spec,0.0,0.0,"per-field abs diff divided by max(abs(left), abs(right), 1e-12)",False,,"{""terminal_fluctuation_slope"": {""abs_diff"": 0.0, ""default_normalized"": 0.0, ""left"": 0.082393814219, ""right"": 0.082393814219, ""symmetric_denominator"": 0.164787628439, ""symmetric_relative"": 0.0}, ""terminal_low_k_fraction"": {""abs_diff"": 0.0, ""default_normalized"": 0.0, ""left"": 0.440128325071, ""right"": 0.440128325071, ""symmetric_denominator"": 0.880256650143, ""symmetric_relative"": 0.0}, ""terminal_low_k_power"": {""abs_diff"": 0.0, ""default_normalized"": 0.0, ""left"": 0.240055702653, ""right"": 0.240055702653, ""symmetric_denominator"": 0.48011140530699997, ""symmetric_relative"": 0.0}}"
target_control,shuffled_structure_control,3,obs_ea0aca853f3046642f451b7d,obs_2d439625692f7d83d54dd8c5,d_causal,0.0,0.0,front depths use fixed scale 4.0; causal fields use relative numeric distance,False,,"{""acyclicity_score"": {""left"": 0.454545454545, ""right"": 0.454545454545, ""symmetric_denominator"": 0.909090909091, ""symmetric_relative"": 0.0}, ""front_far_depth"": {""abs_diff"": 0.0, ""left"": 3.0, ""right"": 3.0, ""scale"": 4.0}, ""front_near_depth"": {""abs_diff"": 0.0, ""left"": 2.0, ""right"": 2.0, ""scale"": 4.0}, ""mean_causal_depth"": {""left"": 1.714285714286, ""right"": 1.714285714286, ""symmetric_denominator"": 3.428571428573, ""symmetric_relative"": 0.0}, ""mismatch_rate"": {""left"": 0.035886189834, ""right"": 0.035886189834, ""symmetric_denominator"": 0.071772379669, ""symmetric_relative"": 0.0}, ""order_compatibility_score"": {""left"": 0.964113810166, ""right"": 0.964113810166, ""symmetric_denominator"": 1.928227620333, ""symmetric_relative"": 0.0}}"
target_control,shuffled_structure_control,3,obs_ea0aca853f3046642f451b7d,obs_2d439625692f7d83d54dd8c5,d_time,0.21428571428571427,0.05357142857142857,rank distance plus event-time abs diff divided by tau scale 4.2,False,heuristic_rank_interpolation_present,"{""left_time_key_count"": 7, ""rank_distance"": 0.42857142857142855, ""right_time_key_count"": 7, ""shared_time_keys"": [""dispersion_half"", ""front_far"", ""front_near"", ""low_k_half"", ""radius_half"", ""spectral_half"", ""width_half""], ""time_distance_values"": [0.0, 0.0, 0.0, 0.0, 0.0, 0.0, 0.0]}"
target_control,shuffled_structure_control,3,obs_ea0aca853f3046642f451b7d,obs_2d439625692f7d83d54dd8c5,d_addr,0.3333333333333333,0.3333333333333333,exact signature match else prefix/depth distance with minimum mismatch floor 0.25,False,,"{""depth_distance"": 0.0, ""left_address"": {""dominant_chain_prefix"": [""low_k_half"", ""dispersion_half""], ""front_depth_profile"": {""front_far_depth"": 3.0, ""front_near_depth"": 2.0}, ""monotonic_shell_ordering"": true, ""order_compatibility_band"": 0.95}, ""prefix_distance"": 0.6666666666666666, ""right_address"": {""dominant_chain_prefix"": [""dispersion_half"", ""front_far""], ""front_depth_profile"": {""front_far_depth"": 3.0, ""front_near_depth"": 2.0}, ""monotonic_shell_ordering"": true, ""order_compatibility_band"": 0.95}, ""without_floor"": 0.3333333333333333}"
target_control,shuffled_structure_control,4,obs_d6eeaa59b08b0f1c4897f8db,obs_ee93d740f305035b42ac22c5,d_inv,0.0,0.0,"per-field abs diff divided by max(abs(left), abs(right), 1e-12)",False,,"{""shell_latency_span"": {""abs_diff"": 0.0, ""default_normalized"": 0.0, ""left"": 3.0, ""right"": 3.0, ""symmetric_denominator"": 6.000000000001, ""symmetric_relative"": 0.0}, ""terminal_low_k_fraction"": {""abs_diff"": 0.0, ""default_normalized"": 0.0, ""left"": 0.413051734778, ""right"": 0.413051734778, ""symmetric_denominator"": 0.826103469557, ""symmetric_relative"": 0.0}, ""transport_character_index"": {""abs_diff"": 0.0, ""default_normalized"": 0.0, ""left"": 0.171740105787, ""right"": 0.171740105787, ""symmetric_denominator"": 0.34348021157499997, ""symmetric_relative"": 0.0}}"
target_control,shuffled_structure_control,4,obs_d6eeaa59b08b0f1c4897f8db,obs_ee93d740f305035b42ac22c5,d_struct,0.4,0.26666666666666666,edge Jaccard plus relative edge-count drift,False,,"{""edge_count"": {""left"": 9.0, ""right"": 9.0, ""symmetric_denominator"": 18.000000000001, ""symmetric_relative"": 0.0}, ""edge_set"": {""intersection"": 2, ""jaccard_distance"": 0.8, ""left_count"": 6, ""right_count"": 6, ""union"": 10}, ""stable_edge_count"": {""left"": 3.0, ""right"": 3.0, ""symmetric_denominator"": 6.000000000001, ""symmetric_relative"": 0.0}}"
target_control,shuffled_structure_control,4,obs_d6eeaa59b08b0f1c4897f8db,obs_ee93d740f305035b42ac22c5,d_spec,0.0,0.0,"per-field abs diff divided by max(abs(left), abs(right), 1e-12)",False,,"{""terminal_fluctuation_slope"": {""abs_diff"": 0.0, ""default_normalized"": 0.0, ""left"": 0.143681882543, ""right"": 0.143681882543, ""symmetric_denominator"": 0.28736376508699996, ""symmetric_relative"": 0.0}, ""terminal_low_k_fraction"": {""abs_diff"": 0.0, ""default_normalized"": 0.0, ""left"": 0.413051734778, ""right"": 0.413051734778, ""symmetric_denominator"": 0.826103469557, ""symmetric_relative"": 0.0}, ""terminal_low_k_power"": {""abs_diff"": 0.0, ""default_normalized"": 0.0, ""left"": 0.395712974841, ""right"": 0.395712974841, ""symmetric_denominator"": 0.791425949683, ""symmetric_relative"": 0.0}}"
target_control,shuffled_structure_control,4,obs_d6eeaa59b08b0f1c4897f8db,obs_ee93d740f305035b42ac22c5,d_causal,0.0,0.0,front depths use fixed scale 4.0; causal fields use relative numeric distance,False,,"{""acyclicity_score"": {""left"": 0.555555555556, ""right"": 0.555555555556, ""symmetric_denominator"": 1.111111111113, ""symmetric_relative"": 0.0}, ""front_far_depth"": {""abs_diff"": 0.0, ""left"": 3.0, ""right"": 3.0, ""scale"": 4.0}, ""front_near_depth"": {""abs_diff"": 0.0, ""left"": 2.0, ""right"": 2.0, ""scale"": 4.0}, ""mean_causal_depth"": {""left"": 1.714285714286, ""right"": 1.714285714286, ""symmetric_denominator"": 3.428571428573, ""symmetric_relative"": 0.0}, ""mismatch_rate"": {""left"": 0.036701388889, ""right"": 0.036701388889, ""symmetric_denominator"": 0.073402777779, ""symmetric_relative"": 0.0}, ""order_compatibility_score"": {""left"": 0.963298611111, ""right"": 0.963298611111, ""symmetric_denominator"": 1.9265972222230001, ""symmetric_relative"": 0.0}}"
target_control,shuffled_structure_control,4,obs_d6eeaa59b08b0f1c4897f8db,obs_ee93d740f305035b42ac22c5,d_time,0.21428571428571427,0.05357142857142857,rank distance plus event-time abs diff divided by tau scale 4.2,False,heuristic_rank_interpolation_present,"{""left_time_key_count"": 7, ""rank_distance"": 0.42857142857142855, ""right_time_key_count"": 7, ""shared_time_keys"": [""dispersion_half"", ""front_far"", ""front_near"", ""low_k_half"", ""radius_half"", ""spectral_half"", ""width_half""], ""time_distance_values"": [0.0, 0.0, 0.0, 0.0, 0.0, 0.0, 0.0]}"
target_control,shuffled_structure_control,4,obs_d6eeaa59b08b0f1c4897f8db,obs_ee93d740f305035b42ac22c5,d_addr,0.3333333333333333,0.3333333333333333,exact signature match else prefix/depth distance with minimum mismatch floor 0.25,False,,"{""depth_distance"": 0.0, ""left_address"": {""dominant_chain_prefix"": [""low_k_half"", ""dispersion_half""], ""front_depth_profile"": {""front_far_depth"": 3.0, ""front_near_depth"": 2.0}, ""monotonic_shell_ordering"": true, ""order_compatibility_band"": 0.95}, ""prefix_distance"": 0.6666666666666666, ""right_address"": {""dominant_chain_prefix"": [""dispersion_half"", ""front_far""], ""front_depth_profile"": {""front_far_depth"": 3.0, ""front_near_depth"": 2.0}, ""monotonic_shell_ordering"": true, ""order_compatibility_band"": 0.95}, ""without_floor"": 0.3333333333333333}"
target_control,shuffled_structure_control,5,obs_8c347ec96417e5677cdb8ad0,obs_590502ed80ee4f9526a00243,d_inv,0.0,0.0,"per-field abs diff divided by max(abs(left), abs(right), 1e-12)",False,,"{""shell_latency_span"": {""abs_diff"": 0.0, ""default_normalized"": 0.0, ""left"": 3.0, ""right"": 3.0, ""symmetric_denominator"": 6.000000000001, ""symmetric_relative"": 0.0}, ""terminal_low_k_fraction"": {""abs_diff"": 0.0, ""default_normalized"": 0.0, ""left"": 0.456876443416, ""right"": 0.456876443416, ""symmetric_denominator"": 0.9137528868329999, ""symmetric_relative"": 0.0}, ""transport_character_index"": {""abs_diff"": 0.0, ""default_normalized"": 0.0, ""left"": 0.078237033736, ""right"": 0.078237033736, ""symmetric_denominator"": 0.156474067473, ""symmetric_relative"": 0.0}}"
target_control,shuffled_structure_control,5,obs_8c347ec96417e5677cdb8ad0,obs_590502ed80ee4f9526a00243,d_struct,0.45454545454545453,0.30303030303030304,edge Jaccard plus relative edge-count drift,False,,"{""edge_count"": {""left"": 9.0, ""right"": 9.0, ""symmetric_denominator"": 18.000000000001, ""symmetric_relative"": 0.0}, ""edge_set"": {""intersection"": 1, ""jaccard_distance"": 0.9090909090909091, ""left_count"": 6, ""right_count"": 6, ""union"": 11}, ""stable_edge_count"": {""left"": 3.0, ""right"": 3.0, ""symmetric_denominator"": 6.000000000001, ""symmetric_relative"": 0.0}}"
target_control,shuffled_structure_control,5,obs_8c347ec96417e5677cdb8ad0,obs_590502ed80ee4f9526a00243,d_spec,0.0,0.0,"per-field abs diff divided by max(abs(left), abs(right), 1e-12)",False,,"{""terminal_fluctuation_slope"": {""abs_diff"": 0.0, ""default_normalized"": 0.0, ""left"": 0.027586802515, ""right"": 0.027586802515, ""symmetric_denominator"": 0.055173605031, ""symmetric_relative"": 0.0}, ""terminal_low_k_fraction"": {""abs_diff"": 0.0, ""default_normalized"": 0.0, ""left"": 0.456876443416, ""right"": 0.456876443416, ""symmetric_denominator"": 0.9137528868329999, ""symmetric_relative"": 0.0}, ""terminal_low_k_power"": {""abs_diff"": 0.0, ""default_normalized"": 0.0, ""left"": 0.240614619744, ""right"": 0.240614619744, ""symmetric_denominator"": 0.481229239489, ""symmetric_relative"": 0.0}}"
target_control,shuffled_structure_control,5,obs_8c347ec96417e5677cdb8ad0,obs_590502ed80ee4f9526a00243,d_causal,0.0,0.0,front depths use fixed scale 4.0; causal fields use relative numeric distance,False,,"{""acyclicity_score"": {""left"": 0.555555555556, ""right"": 0.555555555556, ""symmetric_denominator"": 1.111111111113, ""symmetric_relative"": 0.0}, ""front_far_depth"": {""abs_diff"": 0.0, ""left"": 3.0, ""right"": 3.0, ""scale"": 4.0}, ""front_near_depth"": {""abs_diff"": 0.0, ""left"": 2.0, ""right"": 2.0, ""scale"": 4.0}, ""mean_causal_depth"": {""left"": 1.714285714286, ""right"": 1.714285714286, ""symmetric_denominator"": 3.428571428573, ""symmetric_relative"": 0.0}, ""mismatch_rate"": {""left"": 0.036701388889, ""right"": 0.036701388889, ""symmetric_denominator"": 0.073402777779, ""symmetric_relative"": 0.0}, ""order_compatibility_score"": {""left"": 0.963298611111, ""right"": 0.963298611111, ""symmetric_denominator"": 1.9265972222230001, ""symmetric_relative"": 0.0}}"
target_control,shuffled_structure_control,5,obs_8c347ec96417e5677cdb8ad0,obs_590502ed80ee4f9526a00243,d_time,0.21428571428571427,0.05357142857142857,rank distance plus event-time abs diff divided by tau scale 4.2,False,heuristic_rank_interpolation_present,"{""left_time_key_count"": 7, ""rank_distance"": 0.42857142857142855, ""right_time_key_count"": 7, ""shared_time_keys"": [""dispersion_half"", ""front_far"", ""front_near"", ""low_k_half"", ""radius_half"", ""spectral_half"", ""width_half""], ""time_distance_values"": [0.0, 0.0, 0.0, 0.0, 0.0, 0.0, 0.0]}"
target_control,shuffled_structure_control,5,obs_8c347ec96417e5677cdb8ad0,obs_590502ed80ee4f9526a00243,d_addr,0.3333333333333333,0.3333333333333333,exact signature match else prefix/depth distance with minimum mismatch floor 0.25,False,,"{""depth_distance"": 0.0, ""left_address"": {""dominant_chain_prefix"": [""low_k_half"", ""dispersion_half""], ""front_depth_profile"": {""front_far_depth"": 3.0, ""front_near_depth"": 2.0}, ""monotonic_shell_ordering"": true, ""order_compatibility_band"": 0.95}, ""prefix_distance"": 0.6666666666666666, ""right_address"": {""dominant_chain_prefix"": [""dispersion_half"", ""front_far""], ""front_depth_profile"": {""front_far_depth"": 3.0, ""front_near_depth"": 2.0}, ""monotonic_shell_ordering"": true, ""order_compatibility_band"": 0.95}, ""without_floor"": 0.3333333333333333}"
control_control,shuffled_structure_control,0,obs_c887eb3bf0ab4011d4084e3a,obs_e43b79a2ef68469ae989ae1e,d_inv,0.3770421455678638,0.24913315178490292,"per-field abs diff divided by max(abs(left), abs(right), 1e-12)",False,,"{""shell_latency_span"": {""abs_diff"": 0.6000000000000001, ""default_normalized"": 0.20000000000000004, ""left"": 3.0, ""right"": 2.4, ""symmetric_denominator"": 5.4000000000010004, ""symmetric_relative"": 0.11111111111109054}, ""terminal_low_k_fraction"": {""abs_diff"": 0.12722777252600004, ""default_normalized"": 0.30333261945766266, ""left"": 0.419433204228, ""right"": 0.292205431702, ""symmetric_denominator"": 0.711638635931, ""symmetric_relative"": 0.1787814293690709}, ""transport_character_index"": {""abs_diff"": 0.12304273749799999, ""default_normalized"": 0.6277938172459286, ""left"": 0.072949535949, ""right"": 0.195992273447, ""symmetric_denominator"": 0.26894180939699996, ""symmetric_relative"": 0.4575069148745473}}"
control_control,shuffled_structure_control,0,obs_c887eb3bf0ab4011d4084e3a,obs_e43b79a2ef68469ae989ae1e,d_struct,0.0,0.0,edge Jaccard plus relative edge-count drift,False,,"{""edge_count"": {""left"": 9.0, ""right"": 9.0, ""symmetric_denominator"": 18.000000000001, ""symmetric_relative"": 0.0}, ""edge_set"": {""intersection"": 6, ""jaccard_distance"": 0.0, ""left_count"": 6, ""right_count"": 6, ""union"": 6}, ""stable_edge_count"": {""left"": 3.0, ""right"": 3.0, ""symmetric_denominator"": 6.000000000001, ""symmetric_relative"": 0.0}}"
control_control,shuffled_structure_control,0,obs_c887eb3bf0ab4011d4084e3a,obs_e43b79a2ef68469ae989ae1e,d_spec,0.47727968175725527,0.32741279440304366,"per-field abs diff divided by max(abs(left), abs(right), 1e-12)",False,,"{""terminal_fluctuation_slope"": {""abs_diff"": 0.307668304815, ""default_normalized"": 0.6775279963443092, ""left"": 0.146435889366, ""right"": 0.454104194181, ""symmetric_denominator"": 0.600540083548, ""symmetric_relative"": 0.5123193492718936}, ""terminal_low_k_fraction"": {""abs_diff"": 0.12722777252600004, ""default_normalized"": 0.30333261945766266, ""left"": 0.419433204228, ""right"": 0.292205431702, ""symmetric_denominator"": 0.711638635931, ""symmetric_relative"": 0.1787814293690709}, ""terminal_low_k_power"": {""abs_diff"": 0.108466420531, ""default_normalized"": 0.4509784294697939, ""left"": 0.240513544425, ""right"": 0.132047123894, ""symmetric_denominator"": 0.37256066832, ""symmetric_relative"": 0.2911376045681665}}"
control_control,shuffled_structure_control,0,obs_c887eb3bf0ab4011d4084e3a,obs_e43b79a2ef68469ae989ae1e,d_causal,0.0,0.0,front depths use fixed scale 4.0; causal fields use relative numeric distance,False,,"{""acyclicity_score"": {""left"": 0.555555555556, ""right"": 0.555555555556, ""symmetric_denominator"": 1.111111111113, ""symmetric_relative"": 0.0}, ""front_far_depth"": {""abs_diff"": 0.0, ""left"": 3.0, ""right"": 3.0, ""scale"": 4.0}, ""front_near_depth"": {""abs_diff"": 0.0, ""left"": 2.0, ""right"": 2.0, ""scale"": 4.0}, ""mean_causal_depth"": {""left"": 1.714285714286, ""right"": 1.714285714286, ""symmetric_denominator"": 3.428571428573, ""symmetric_relative"": 0.0}, ""mismatch_rate"": {""left"": 0.035130761687, ""right"": 0.035130761687, ""symmetric_denominator"": 0.07026152337500001, ""symmetric_relative"": 0.0}, ""order_compatibility_score"": {""left"": 0.964869238313, ""right"": 0.964869238313, ""symmetric_denominator"": 1.929738476627, ""symmetric_relative"": 0.0}}"
control_control,shuffled_structure_control,0,obs_c887eb3bf0ab4011d4084e3a,obs_e43b79a2ef68469ae989ae1e,d_time,0.10676496598639454,0.18683869047619045,rank distance plus event-time abs diff divided by tau scale 4.2,False,heuristic_rank_interpolation_present,"{""left_time_key_count"": 7, ""rank_distance"": 0.0, ""right_time_key_count"": 7, ""shared_time_keys"": [""dispersion_half"", ""front_far"", ""front_near"", ""low_k_half"", ""radius_half"", ""spectral_half"", ""width_half""], ""time_distance_values"": [0.06613761904761906, 0.39682547619047615, 0.28571428571428564, 0.0, 0.5846561904761903, 0.04761928571428573, 0.11375666666666662]}"
control_control,shuffled_structure_control,0,obs_c887eb3bf0ab4011d4084e3a,obs_e43b79a2ef68469ae989ae1e,d_addr,0.0,0.0,exact signature match else prefix/depth distance with minimum mismatch floor 0.25,False,,"{""depth_distance"": 0.0, ""left_address"": {""dominant_chain_prefix"": [""dispersion_half"", ""front_far""], ""front_depth_profile"": {""front_far_depth"": 3.0, ""front_near_depth"": 2.0}, ""monotonic_shell_ordering"": true, ""order_compatibility_band"": 0.95}, ""prefix_distance"": 0.0, ""right_address"": {""dominant_chain_prefix"": [""dispersion_half"", ""front_far""], ""front_depth_profile"": {""front_far_depth"": 3.0, ""front_near_depth"": 2.0}, ""monotonic_shell_ordering"": true, ""order_compatibility_band"": 0.95}, ""without_floor"": 0.0}"
control_control,shuffled_structure_control,1,obs_2d439625692f7d83d54dd8c5,obs_57e35110e54898bdbe032c98,d_inv,0.2668084637230561,0.17511020078160686,"per-field abs diff divided by max(abs(left), abs(right), 1e-12)",False,,"{""shell_latency_span"": {""abs_diff"": 0.0, ""default_normalized"": 0.0, ""left"": 3.0, ""right"": 3.0, ""symmetric_denominator"": 6.000000000001, ""symmetric_relative"": 0.0}, ""terminal_low_k_fraction"": {""abs_diff"": 0.10609028839100004, ""default_normalized"": 0.2410439918264427, ""left"": 0.440128325071, ""right"": 0.33403803668, ""symmetric_denominator"": 0.7741663617519999, ""symmetric_relative"": 0.1370381014113159}, ""transport_character_index"": {""abs_diff"": 0.09932477055300001, ""default_normalized"": 0.5593813993427257, ""left"": 0.078237033736, ""right"": 0.177561804289, ""symmetric_denominator"": 0.255798838026, ""symmetric_relative"": 0.38829250093350465}}"
control_control,shuffled_structure_control,1,obs_2d439625692f7d83d54dd8c5,obs_57e35110e54898bdbe032c98,d_struct,0.0,0.0,edge Jaccard plus relative edge-count drift,False,,"{""edge_count"": {""left"": 11.0, ""right"": 11.0, ""symmetric_denominator"": 22.000000000001, ""symmetric_relative"": 0.0}, ""edge_set"": {""intersection"": 6, ""jaccard_distance"": 0.0, ""left_count"": 6, ""right_count"": 6, ""union"": 6}, ""stable_edge_count"": {""left"": 1.0, ""right"": 1.0, ""symmetric_denominator"": 2.000000000001, ""symmetric_relative"": 0.0}}"
control_control,shuffled_structure_control,1,obs_2d439625692f7d83d54dd8c5,obs_57e35110e54898bdbe032c98,d_spec,0.39431611175798237,0.29636687814975116,"per-field abs diff divided by max(abs(left), abs(right), 1e-12)",False,,"{""terminal_fluctuation_slope"": {""abs_diff"": 0.353389527627, ""default_normalized"": 0.8109294084762954, ""left"": 0.082393814219, ""right"": 0.435783341846, ""symmetric_denominator"": 0.5181771560659999, ""symmetric_relative"": 0.6819859260294928}, ""terminal_low_k_fraction"": {""abs_diff"": 0.10609028839100004, ""default_normalized"": 0.2410439918264427, ""left"": 0.440128325071, ""right"": 0.33403803668, ""symmetric_denominator"": 0.7741663617519999, ""symmetric_relative"": 0.1370381014113159}, ""terminal_low_k_power"": {""abs_diff"": 0.03617994613700001, ""default_normalized"": 0.13097493497120913, ""left"": 0.240055702653, ""right"": 0.27623564879, ""symmetric_denominator"": 0.516291351444, ""symmetric_relative"": 0.07007660700844474}}"
control_control,shuffled_structure_control,1,obs_2d439625692f7d83d54dd8c5,obs_57e35110e54898bdbe032c98,d_causal,0.0,0.0,front depths use fixed scale 4.0; causal fields use relative numeric distance,False,,"{""acyclicity_score"": {""left"": 0.454545454545, ""right"": 0.454545454545, ""symmetric_denominator"": 0.909090909091, ""symmetric_relative"": 0.0}, ""front_far_depth"": {""abs_diff"": 0.0, ""left"": 3.0, ""right"": 3.0, ""scale"": 4.0}, ""front_near_depth"": {""abs_diff"": 0.0, ""left"": 2.0, ""right"": 2.0, ""scale"": 4.0}, ""mean_causal_depth"": {""left"": 1.714285714286, ""right"": 1.714285714286, ""symmetric_denominator"": 3.428571428573, ""symmetric_relative"": 0.0}, ""mismatch_rate"": {""left"": 0.035886189834, ""right"": 0.035886189834, ""symmetric_denominator"": 0.071772379669, ""symmetric_relative"": 0.0}, ""order_compatibility_score"": {""left"": 0.964113810166, ""right"": 0.964113810166, ""symmetric_denominator"": 1.928227620333, ""symmetric_relative"": 0.0}}"
control_control,shuffled_structure_control,1,obs_2d439625692f7d83d54dd8c5,obs_57e35110e54898bdbe032c98,d_time,0.08635675170068026,0.15112431547619046,rank distance plus event-time abs diff divided by tau scale 4.2,False,heuristic_rank_interpolation_present,"{""left_time_key_count"": 7, ""rank_distance"": 0.0, ""right_time_key_count"": 7, ""shared_time_keys"": [""dispersion_half"", ""front_far"", ""front_near"", ""low_k_half"", ""radius_half"", ""spectral_half"", ""width_half""], ""time_distance_values"": [0.05026452380952381, 0.3015873809523809, 0.28571428571428564, 0.0, 0.5291004761904762, 0.007936428571428584, 0.03439142857142857]}"
control_control,shuffled_structure_control,1,obs_2d439625692f7d83d54dd8c5,obs_57e35110e54898bdbe032c98,d_addr,0.0,0.0,exact signature match else prefix/depth distance with minimum mismatch floor 0.25,False,,"{""depth_distance"": 0.0, ""left_address"": {""dominant_chain_prefix"": [""dispersion_half"", ""front_far""], ""front_depth_profile"": {""front_far_depth"": 3.0, ""front_near_depth"": 2.0}, ""monotonic_shell_ordering"": true, ""order_compatibility_band"": 0.95}, ""prefix_distance"": 0.0, ""right_address"": {""dominant_chain_prefix"": [""dispersion_half"", ""front_far""], ""front_depth_profile"": {""front_far_depth"": 3.0, ""front_near_depth"": 2.0}, ""monotonic_shell_ordering"": true, ""order_compatibility_band"": 0.95}, ""without_floor"": 0.0}"
control_control,shuffled_structure_control,2,obs_590502ed80ee4f9526a00243,obs_ee93d740f305035b42ac22c5,d_inv,0.2134558758081538,0.14147462629720495,"per-field abs diff divided by max(abs(left), abs(right), 1e-12)",False,,"{""shell_latency_span"": {""abs_diff"": 0.0, ""default_normalized"": 0.0, ""left"": 3.0, ""right"": 3.0, ""symmetric_denominator"": 6.000000000001, ""symmetric_relative"": 0.0}, ""terminal_low_k_fraction"": {""abs_diff"": 0.043824708637999976, ""default_normalized"": 0.09592245183474307, ""left"": 0.456876443416, ""right"": 0.413051734778, ""symmetric_denominator"": 0.869928178195, ""symmetric_relative"": 0.050377387164226774}, ""transport_character_index"": {""abs_diff"": 0.093503072051, ""default_normalized"": 0.5444451755897183, ""left"": 0.078237033736, ""right"": 0.171740105787, ""symmetric_denominator"": 0.249977139524, ""symmetric_relative"": 0.3740464917273881}}"
control_control,shuffled_structure_control,2,obs_590502ed80ee4f9526a00243,obs_ee93d740f305035b42ac22c5,d_struct,0.0,0.0,edge Jaccard plus relative edge-count drift,False,,"{""edge_count"": {""left"": 9.0, ""right"": 9.0, ""symmetric_denominator"": 18.000000000001, ""symmetric_relative"": 0.0}, ""edge_set"": {""intersection"": 6, ""jaccard_distance"": 0.0, ""left_count"": 6, ""right_count"": 6, ""union"": 6}, ""stable_edge_count"": {""left"": 3.0, ""right"": 3.0, ""symmetric_denominator"": 6.000000000001, ""symmetric_relative"": 0.0}}"
control_control,shuffled_structure_control,2,obs_590502ed80ee4f9526a00243,obs_ee93d740f305035b42ac22c5,d_spec,0.431956626556699,0.3239902308623394,"per-field abs diff divided by max(abs(left), abs(right), 1e-12)",False,,"{""terminal_fluctuation_slope"": {""abs_diff"": 0.11609508002799998, ""default_normalized"": 0.8080008277540208, ""left"": 0.027586802515, ""right"": 0.143681882543, ""symmetric_denominator"": 0.171268685059, ""symmetric_relative"": 0.677853514131942}, ""terminal_low_k_fraction"": {""abs_diff"": 0.043824708637999976, ""default_normalized"": 0.09592245183474307, ""left"": 0.456876443416, ""right"": 0.413051734778, ""symmetric_denominator"": 0.869928178195, ""symmetric_relative"": 0.050377387164226774}, ""terminal_low_k_power"": {""abs_diff"": 0.15509835509699998, ""default_normalized"": 0.3919466000813329, ""left"": 0.240614619744, ""right"": 0.395712974841, ""symmetric_denominator"": 0.636327594586, ""symmetric_relative"": 0.2437397912908496}}"
control_control,shuffled_structure_control,2,obs_590502ed80ee4f9526a00243,obs_ee93d740f305035b42ac22c5,d_causal,0.0,0.0,front depths use fixed scale 4.0; causal fields use relative numeric distance,False,,"{""acyclicity_score"": {""left"": 0.555555555556, ""right"": 0.555555555556, ""symmetric_denominator"": 1.111111111113, ""symmetric_relative"": 0.0}, ""front_far_depth"": {""abs_diff"": 0.0, ""left"": 3.0, ""right"": 3.0, ""scale"": 4.0}, ""front_near_depth"": {""abs_diff"": 0.0, ""left"": 2.0, ""right"": 2.0, ""scale"": 4.0}, ""mean_causal_depth"": {""left"": 1.714285714286, ""right"": 1.714285714286, ""symmetric_denominator"": 3.428571428573, ""symmetric_relative"": 0.0}, ""mismatch_rate"": {""left"": 0.036701388889, ""right"": 0.036701388889, ""symmetric_denominator"": 0.073402777779, ""symmetric_relative"": 0.0}, ""order_compatibility_score"": {""left"": 0.963298611111, ""right"": 0.963298611111, ""symmetric_denominator"": 1.9265972222230001, ""symmetric_relative"": 0.0}}"
control_control,shuffled_structure_control,2,obs_590502ed80ee4f9526a00243,obs_ee93d740f305035b42ac22c5,d_time,0.08578988095238095,0.15013229166666667,rank distance plus event-time abs diff divided by tau scale 4.2,False,heuristic_rank_interpolation_present,"{""left_time_key_count"": 7, ""rank_distance"": 0.0, ""right_time_key_count"": 7, ""shared_time_keys"": [""dispersion_half"", ""front_far"", ""front_near"", ""low_k_half"", ""radius_half"", ""spectral_half"", ""width_half""], ""time_distance_values"": [0.05026452380952381, 0.3015873809523809, 0.2539683333333333, 0.0, 0.5291004761904762, 0.007936428571428584, 0.05820119047619048]}"
control_control,shuffled_structure_control,2,obs_590502ed80ee4f9526a00243,obs_ee93d740f305035b42ac22c5,d_addr,0.0,0.0,exact signature match else prefix/depth distance with minimum mismatch floor 0.25,False,,"{""depth_distance"": 0.0, ""left_address"": {""dominant_chain_prefix"": [""dispersion_half"", ""front_far""], ""front_depth_profile"": {""front_far_depth"": 3.0, ""front_near_depth"": 2.0}, ""monotonic_shell_ordering"": true, ""order_compatibility_band"": 0.95}, ""prefix_distance"": 0.0, ""right_address"": {""dominant_chain_prefix"": [""dispersion_half"", ""front_far""], ""front_depth_profile"": {""front_far_depth"": 3.0, ""front_near_depth"": 2.0}, ""monotonic_shell_ordering"": true, ""order_compatibility_band"": 0.95}, ""without_floor"": 0.0}"
