{
  "statement": "There exists a bounded kernel-width regime in which transport becomes low-distortion, neighborhoods become persistent, and recoverability improves simultaneously.",
  "primary_metrics": [
    "distortion_score",
    "neighborhood_retention",
    "recoverability_score"
  ],
  "graph_kinds": [
    "clustered",
    "random"
  ],
  "coarse_reference": {
    "graph_kind": "clustered",
    "seed": 17,
    "coarse_kernel_widths": [
      0.05,
      0.07,
      0.09,
      0.11,
      0.13,
      0.15,
      0.18,
      0.22,
      0.27,
      0.33
    ],
    "coarse_onset": 0.13,
    "refined_kernel_widths": [
      0.08,
      0.085,
      0.09,
      0.095,
      0.1,
      0.105,
      0.11,
      0.115,
      0.12,
      0.125,
      0.13,
      0.135,
      0.14,
      0.145,
      0.15,
      0.155,
      0.16,
      0.165,
      0.17,
      0.175,
      0.18
    ]
  },
  "graph_panels": {
    "clustered": {
      "graph_kind": "clustered",
      "seeds": [
        11,
        17,
        23,
        31,
        43
      ],
      "onset_values": [
        0.17,
        0.115,
        0.18,
        0.12
      ],
      "onset_detected_count": 4,
      "onset_missing_seeds": [
        43
      ],
      "onset_mean": 0.14625,
      "onset_std": 0.02902,
      "onset_interval": [
        0.115,
        0.18
      ],
      "kernel_widths": [
        0.08,
        0.085,
        0.09,
        0.095,
        0.1,
        0.105,
        0.11,
        0.115,
        0.12,
        0.125,
        0.13,
        0.135,
        0.14,
        0.145,
        0.15,
        0.155,
        0.16,
        0.165,
        0.17,
        0.175,
        0.18
      ],
      "mean_curves": {
        "distortion_score": [
          0.493324,
          0.489789,
          0.472553,
          0.456561,
          0.445477,
          0.44832,
          0.424168,
          0.435001,
          0.46222,
          0.438945,
          0.443732,
          0.440745,
          0.445534,
          0.45162,
          0.442301,
          0.440293,
          0.436721,
          0.429106,
          0.420409,
          0.407814,
          0.39251
        ],
        "neighborhood_retention": [
          0.417604,
          0.429014,
          0.444003,
          0.457663,
          0.470742,
          0.481716,
          0.493067,
          0.504125,
          0.512516,
          0.518355,
          0.522234,
          0.531663,
          0.537013,
          0.542769,
          0.549285,
          0.557041,
          0.562467,
          0.569298,
          0.57729,
          0.584255,
          0.591823
        ],
        "recoverability_score": [
          0.701802,
          0.716572,
          0.732769,
          0.746278,
          0.759985,
          0.771179,
          0.781093,
          0.789868,
          0.751831,
          0.757531,
          0.762652,
          0.768327,
          0.773423,
          0.776033,
          0.779563,
          0.784738,
          0.788514,
          0.796798,
          0.805546,
          0.812739,
          0.823296
        ]
      },
      "std_curves": {
        "distortion_score": [
          0.037002,
          0.03927,
          0.032539,
          0.04834,
          0.057548,
          0.051379,
          0.072282,
          0.055549,
          0.090772,
          0.074559,
          0.085,
          0.084007,
          0.088343,
          0.086887,
          0.076887,
          0.07411,
          0.071423,
          0.060834,
          0.060026,
          0.069968,
          0.068324
        ],
        "neighborhood_retention": [
          0.026326,
          0.02602,
          0.030078,
          0.035247,
          0.041721,
          0.048952,
          0.053405,
          0.060004,
          0.06643,
          0.070282,
          0.072522,
          0.076616,
          0.078898,
          0.082765,
          0.087447,
          0.090277,
          0.093779,
          0.096745,
          0.100824,
          0.099693,
          0.100805
        ],
        "recoverability_score": [
          0.084617,
          0.083168,
          0.084109,
          0.086124,
          0.09104,
          0.097535,
          0.100909,
          0.106757,
          0.110053,
          0.114525,
          0.118356,
          0.121449,
          0.1253,
          0.126927,
          0.128963,
          0.130951,
          0.131819,
          0.12986,
          0.127269,
          0.125276,
          0.121781
        ]
      },
      "mean_coupled_progress": [
        0.0,
        0.032587,
        0.083298,
        0.172126,
        0.205879,
        0.218572,
        0.32761,
        0.273275,
        0.222243,
        0.310851,
        0.279728,
        0.370926,
        0.344001,
        0.290935,
        0.338902,
        0.344681,
        0.338162,
        0.398812,
        0.477683,
        0.568847,
        0.753884
      ],
      "seed_curves": [
        {
          "seed": 11,
          "onset_kernel_width": 0.17,
          "coupled_progress": [
            0.0,
            0.043015,
            0.122682,
            0.153993,
            0.176631,
            0.183445,
            0.148125,
            0.197491,
            0.0,
            0.141014,
            0.154468,
            0.238909,
            0.17996,
            0.0,
            0.0,
            0.201212,
            0.163819,
            0.481469,
            0.667206,
            0.840189,
            1.0
          ]
        },
        {
          "seed": 17,
          "onset_kernel_width": 0.115,
          "coupled_progress": [
            0.0,
            0.0,
            0.081444,
            0.117148,
            0.209495,
            0.275537,
            0.416787,
            0.50969,
            0.579975,
            0.650323,
            0.666783,
            0.717887,
            0.754951,
            0.784079,
            0.814591,
            0.839837,
            0.860965,
            0.851414,
            0.806213,
            0.765276,
            0.769422
          ]
        },
        {
          "seed": 23,
          "onset_kernel_width": 0.18,
          "coupled_progress": [
            0.0,
            0.0,
            0.039364,
            0.087214,
            0.009798,
            0.109178,
            0.179862,
            0.179867,
            0.0,
            0.217304,
            0.0,
            0.265474,
            0.12891,
            0.0,
            0.229877,
            0.0,
            0.0,
            0.0075,
            0.178991,
            0.315268,
            1.0
          ]
        },
        {
          "seed": 31,
          "onset_kernel_width": 0.12,
          "coupled_progress": [
            0.0,
            0.033757,
            0.126829,
            0.205105,
            0.282345,
            0.352558,
            0.40752,
            0.479327,
            0.531239,
            0.545612,
            0.577389,
            0.632361,
            0.656184,
            0.670597,
            0.65004,
            0.682357,
            0.666026,
            0.653675,
            0.736005,
            0.923504,
            1.0
          ]
        },
        {
          "seed": 43,
          "onset_kernel_width": null,
          "coupled_progress": [
            0.0,
            0.086161,
            0.046171,
            0.297172,
            0.351126,
            0.172141,
            0.485758,
            0.0,
            0.0,
            0.0,
            0.0,
            0.0,
            0.0,
            0.0,
            0.0,
            0.0,
            0.0,
            0.0,
            0.0,
            0.0,
            0.0
          ]
        }
      ]
    },
    "random": {
      "graph_kind": "random",
      "seeds": [
        11,
        17,
        23,
        31,
        43
      ],
      "onset_values": [
        0.13,
        0.12,
        0.145,
        0.125,
        0.12
      ],
      "onset_detected_count": 5,