{
  "experiment": "DK_3D_spectrum_structure",
  "timestamp": "20260310_180433",
  "config": {
    "epsilon": 0.2,
    "n_side": 6,
    "modes": 60
  },
  "summary": {
    "eigenvalues": [
      -1.3659516538934744,
      -1.3659516538934675,
      -1.3659516538934644,
      -1.365951653893464,
      -1.3659516538934613,
      -1.3659516538934573,
      -1.3659516538934553,
      -1.3659516538934553,
      -1.365951653893454,
      -1.3625132858401303,
      -0.9747083359701584,
      -0.9658736772410577,
      -0.9658736772410577,
      -0.9658736772410546,
      -0.965873677241051,
      -0.9658736772410506,
      -0.9658736772410493,
      -0.9658736772410488,
      -0.9658736772410483,
      -0.9658736772410481,
      -0.9658736772410474,
      -0.9658736772410464,
      -0.9658736772410452,
      -0.9658736772410407,
      -0.9658736772410405,
      -0.9658736772410396,
      -9.35546076758104e-17,
      -8.428625596623478e-17,
      -7.426649553805785e-18,
      -1.6416591400654066e-19,
      2.740569153317545e-18,
      3.495561152189501e-18,
      8.712448986427374e-17,
      8.864818575724252e-17,
      0.9652188480330459,
      0.9658736772410235,
      0.9658736772410378,
      0.9658736772410405,
      0.9658736772410426,
      0.9658736772410429,
      0.9658736772410458,
      0.9658736772410486,
      0.9658736772410489,
      0.9658736772410493,
      0.9658736772410498,
      0.96587367724105,
      0.9658736772410506,
      0.9658736772410512,
      0.9658736772410514,
      0.9658736772410522,
      1.3659516538934562,
      1.3659516538934584,
      1.365951653893461,
      1.365951653893464,
      1.3659516538934644,
      1.3659516538934655,
      1.365951653893468,
      1.3659516538934688,
      1.36595165389347,
      1.3659516538934717
    ],
    "ipr": [
      0.0011623816732025272,
      0.0010997104680345424,
      0.0012576809985540352,
      0.0010880906351475677,
      0.0012385617276142482,
      0.0011563843862996193,
      0.001193389886238996,
      0.0011958370689509545,
      0.001255833360825032,
      0.0012934428719109463,
      0.0011269595098936996,
      0.0011342077217633168,
      0.0011527656124937574,
      0.0010687580707197672,
      0.0010450495596532178,
      0.0010406204507818547,
      0.0009765505931853481,
      0.0009990515036559298,
      0.0010053178259453452,
      0.0009492350523510874,
      0.001009213697160724,
      0.0011423625347915499,
      0.0011240701702809257,
      0.001166328604523784,
      0.001305137261593127,
      0.0010348042968619845,
      0.0008118891268053583,
      0.0008527077547674907,
      0.0011157961308181689,
      0.0008413429029142014,
      0.0013009485765127613,
      0.0009409284855408362,
      0.0007834479788717381,
      0.0008188676396719644,
      0.001257282501128338,
      0.001211475767438696,
      0.0012910660971416868,
      0.001194761401433543,
      0.0010424836238108446,
      0.00110165218914793,
      0.0011266251302051679,
      0.0010540457292637902,
      0.0010133835032784344,
      0.0011201566645188527,
      0.0009624249077553362,
      0.001027253854000932,
      0.0011124921606698768,
      0.000978187988828343,
      0.0011568815691312025,
      0.0010887899099468825,
      0.0011800968836855744,
      0.0013590597070712279,
      0.0012933715308026336,
      0.001159715584797608,
      0.001164670184648992,
      0.001221421363203504,
      0.0011674216508908376,
      0.0011338197191999597,
      0.0011437774449513404,
      0.0012190596983927598
    ],
    "pairing_error": 0.00047470873890286214,
    "lowest_abs_eigenvalue": 1.6416591400654066e-19,
    "mean_ipr": 0.001107817515061345,
    "max_ipr": 0.0013590597070712279,
    "degeneracy_summary": [
      {
        "abs_eigenvalue": 4.5930060629610106e-17,
        "degeneracy": 8
      },
      {
        "abs_eigenvalue": 0.9652188480330459,
        "degeneracy": 1
      },
      {
        "abs_eigenvalue": 0.9658736772410471,
        "degeneracy": 30
      },
      {
        "abs_eigenvalue": 0.9747083359701584,
        "degeneracy": 1
      },
      {
        "abs_eigenvalue": 1.3625132858401303,
        "degeneracy": 1
      },
      {
        "abs_eigenvalue": 1.365951653893463,
        "degeneracy": 19
      }
    ],
    "sector_weights": [
      {
        "omega0_fraction": 0.12753479992692265,
        "omega1_fraction": 0.4031306166477254,
        "omega2_fraction": 0.3724652000730776,
        "omega3_fraction": 0.09686938335227434
      },
      {
        "omega0_fraction": 0.08373889748817541,
        "omega1_fraction": 0.3702807999849211,
        "omega2_fraction": 0.4162611025118246,
        "omega3_fraction": 0.12971920001507894
      },
      {
        "omega0_fraction": 0.06573162475968956,
        "omega1_fraction": 0.36622850483395314,
        "omega2_fraction": 0.43426837524031064,
        "omega3_fraction": 0.13377149516604658
      },
      {
        "omega0_fraction": 0.10679957148852884,
        "omega1_fraction": 0.3704615711129294,
        "omega2_fraction": 0.3932004285114712,
        "omega3_fraction": 0.12953842888707065
      },
      {
        "omega0_fraction": 0.07097822524748207,
        "omega1_fraction": 0.3753437069125887,
        "omega2_fraction": 0.42902177475251774,
        "omega3_fraction": 0.12465629308741134
      },
      {
        "omega0_fraction": 0.08117365235981944,
        "omega1_fraction": 0.3186412479876953,
        "omega2_fraction": 0.4188263476401808,
        "omega3_fraction": 0.1813587520123045
      },
      {
        "omega0_fraction": 0.06833156138749967,
        "omega1_fraction": 0.32933121457226017,
        "omega2_fraction": 0.43166843861249987,
        "omega3_fraction": 0.1706687854277403
      },
      {
        "omega0_fraction": 0.06535400894850121,
        "omega1_fraction": 0.33062625738599905,
        "omega2_fraction": 0.4346459910514982,
        "omega3_fraction": 0.16937374261400154
      },
      {
        "omega0_fraction": 0.06015125965260534,
        "omega1_fraction": 0.3330323969129211,
        "omega2_fraction": 0.43984874034739413,
        "omega3_fraction": 0.16696760308707953
      },
      {
        "omega0_fraction": 0.09717144091236031,
        "omega1_fraction": 0.3807809649058965,
        "omega2_fraction": 0.4030487708899785,
        "omega3_fraction": 0.11899882329176473
      },
      {
        "omega0_fraction": 0.1467997708821532,
        "omega1_fraction": 0.43717397468809993,
        "omega2_fraction": 0.3517258313627876,
        "omega3_fraction": 0.06430042306695923
      },
      {
        "omega0_fraction": 0.13106577583372298,
        "omega1_fraction": 0.43657494589001483,
        "omega2_fraction": 0.36893422416627847,
        "omega3_fraction": 0.06342505410998364
      },
      {
        "omega0_fraction": 0.1966975094335293,
        "omega1_fraction": 0.3776377245255351,
        "omega2_fraction": 0.3033024905664711,
        "omega3_fraction": 0.12236227547446457
      },
      {
        "omega0_fraction": 0.21085791547347163,
        "omega1_fraction": 0.3797911645874158,
        "omega2_fraction": 0.2891420845265285,
        "omega3_fraction": 0.12020883541258394
      },
      {
        "omega0_fraction": 0.11019378456622413,
        "omega1_fraction": 0.427854378624068,
        "omega2_fraction": 0.3898062154337756,
        "omega3_fraction": 0.07214562137593215
      },
      {
        "omega0_fraction": 0.09364966002242965,
        "omega1_fraction": 0.32643008201222423,
        "omega2_fraction": 0.4063503399775705,
        "omega3_fraction": 0.17356991798777566
      },
      {
        "omega0_fraction": 0.128650903090805,
        "omega1_fraction": 0.3498559753006509,
        "omega2_fraction": 0.3713490969091955,
        "omega3_fraction": 0.15014402469934865
      },
      {
        "omega0_fraction": 0.11757709926361175,
        "omega1_fraction": 0.34260182172948217,
        "omega2_fraction": 0.3824229007363888,