{
  "experiment": "stage9b_DK_3D_packet_dynamics",
  "config": {
    "n_side": 6,
    "epsilon": 0.2,
    "sigma_3d": 0.12,
    "kick_cycles": 1.0,
    "t_final_3d": 0.35
  },
  "pairing_summary": {
    "pairing_error": 0.001844148823058369,
    "lowest_abs_eigenvalue": 1.6416591400651471e-19,
    "eigenvalues": [
      -1.663719541198564,
      -1.365951653893668,
      -1.3659516538935212,
      -1.3659516538934484,
      -1.3659516538933647,
      -1.3624561879116222,
      -0.9747058627535565,
      -0.9658736772410527,
      -0.9658736772410479,
      -0.9658736772410477,
      -0.9658736772410446,
      -0.9658736772410441,
      -9.355460767581034e-17,
      -8.428625596623439e-17,
      -7.426649553805612e-18,
      -1.6416591400651471e-19,
      2.7405691533174577e-18,
      3.495561152189531e-18,
      8.71244898642738e-17,
      8.864818575724222e-17,
      0.9652409862863548,
      0.9658736772410328,
      0.9658736772410452,
      0.9658736772410488,
      0.9658736772410517,
      0.9658736772410541,
      1.3659516538934044,
      1.3659516538934882,
      1.3659516538935248,
      1.3659516538938752,
      1.3774777213678033,
      1.6660579418464128
    ]
  },
  "variants": [
    {
      "label": "omega1_packet",
      "active_grades": [
        1
      ],
      "dt": 0.104628154199338,
      "steps": 4,
      "times": [
        0.0,
        0.104628154199338,
        0.209256308398676,
        0.313884462598014,
        0.418512616797352
      ],
      "centers": [
        [
          0.25,
          0.5,
          0.5
        ],
        [
          0.25,
          0.5,
          0.5
        ],
        [
          0.25,
          0.5,
          0.5
        ],
        [
          0.25,
          0.5,
          0.5
        ],
        [
          0.25,
          0.5,
          0.5
        ]
      ],
      "widths": [
        0.1459423610846088,
        0.14810187803187924,
        0.1542369673275052,
        0.1634648405757314,
        0.17468218195084428
      ],
      "norms": [
        0.9999999999999998,
        0.9999999999999998,
        1.0000000000000002,
        0.9999999999999997,
        1.0000000000000002
      ],
      "energies": [
        0.0,
        7.37257477290143e-18,
        -2.3418766925686896e-17,
        -5.0306980803327406e-17,
        6.245004513516506e-17
      ],
      "anisotropies": [
        1.0839440835246947,
        1.07709624125905,
        1.0596782166932508,
        1.0384469056935444,
        1.026952111066061
      ],
      "grade_weights": [
        [
          0.0,
          1.0,
          0.0,
          0.0
        ],
        [
          0.009640273890698573,
          0.9706935028924752,
          0.019666223216826043,
          1.535437830158814e-35
        ],
        [
          0.03704967952300163,
          0.8873955836513274,
          0.07555473682567086,
          3.5499479100890433e-34
        ],
        [
          0.07797549590050235,
          0.7631056478993528,
          0.1589188562001449,
          2.2475516172576556e-33
        ],
        [
          0.12620900539579782,
          0.6167879944318745,
          0.25700300017232763,
          7.574169480022143e-33
        ]
      ],
      "summary": {
        "center_x_shift": 0.0,
        "width_change": 0.02873982086623547,
        "relative_norm_change": 4.440892098500627e-16,
        "relative_energy_drift": 6.245004513516506e-05,
        "max_anisotropy": 1.0839440835246947,
        "omega1_mean_weight": 0.8475965457750061,
        "low_mode_participation_proxy": 0.897771436717006
      }
    },
    {
      "label": "mixed_packet",
      "active_grades": [
        0,
        1,
        2,
        3
      ],
      "dt": 0.104628154199338,
      "steps": 4,
      "times": [
        0.0,
        0.104628154199338,
        0.209256308398676,
        0.313884462598014,
        0.418512616797352
      ],
      "centers": [
        [
          0.25,
          0.5,
          0.5
        ],
        [
          0.25,
          0.5,
          0.5
        ],
        [
          0.25,
          0.5,
          0.5
        ],
        [
          0.25,
          0.5,
          0.5
        ],
        [
          0.25,
          0.5,
          0.5
        ]
      ],
      "widths": [
        0.14696934862594793,
        0.1492778776045189,
        0.15552179253483064,
        0.16481584757715176,
        0.17606518471829505
      ],
      "norms": [
        1.0,
        1.0000000000000002,
        1.0000000000000002,
        1.0,
        1.0
      ],
      "energies": [
        6.192962809237201e-16,
        4.421376459395887e-16,
        4.255493527005605e-16,
        4.334911336140168e-16,
        4.369605805659704e-16
      ],
      "anisotropies": [
        1.0000000000000155,
        1.0031099296159747,
        1.0147172972467744,
        1.0330608209458596,
        1.0498962852110703
      ],
      "grade_weights": [
        [
          0.12648118700988925,
          0.3765180205858655,
          0.3735179500471081,
          0.12348284235713719
        ],
        [
          0.14864479995698496,
          0.3976410819218393,
          0.35136655107412773,
          0.10234756704704817
        ],
        [
          0.16722847810092126,
          0.4154330059989105,
          0.3327912464945665,
          0.08454726940560177
        ],
        [
          0.17953806164573896,
          0.42739041787715465,
          0.3204833934324202,
          0.07258812704468613
        ],
        [
          0.18400783700712467,
          0.43202338562769405,
          0.3160082181314377,
          0.06796055923374351
        ]
      ],
      "summary": {
        "center_x_shift": 0.0,
        "width_change": 0.029095836092347116,
        "relative_norm_change": 0.0,
        "relative_energy_drift": -0.0001823357003577497,
        "max_anisotropy": 1.0498962852110703,
        "omega1_mean_weight": 0.4098011824022928,
        "low_mode_participation_proxy": 0.5709812551464246
      }
    }
  ],
  "observation": "the validated 3D Dirac-Kaehler operator supports coherent graded packet propagation with stable norm, mild anisotropy, and controlled grade redistribution",
  "conclusion": "the 3D DK sector behaves as a coherent first-order propagator on the frozen cochain architecture",
  "plots": [
    "plots/DK_3D_packet_position.png",
    "plots/DK_3D_packet_width.png",
    "plots/DK_3D_packet_norm.png",
    "plots/DK_3D_packet_grade_weights.png",
    "plots/DK_3D_packet_anisotropy.png"
  ]
}