{
  "config": {
    "epsilon": 0.2,
    "sizes": [
      12,
      16
    ],
    "restricted_modes": 6,
    "harmonic_tol": 1e-08,
    "eig_tol": 1e-08,
    "penalty": 10.0,
    "pair_samples": 8000,
    "bins": 24
  },
  "metrics": {
    "12": {
      "radii": [
        0.058925565098878974,
        0.09403547006626617,
        0.1264161729663214,
        0.16442965253426636,
        0.20247738121599484,
        0.2413361484527312,
        0.2698098058564732,
        0.30428753950449666,
        0.34476644206210827,
        0.38310522889869925,
        0.4168946465766604,
        0.4507895247298259,
        0.4905302842678085,
        0.5252752128345569,
        0.5571675735862928,
        0.5931971921951318,
        0.6312988943162593,
        0.666758984027733,
        0.697264551463876,
        0.7291260986793052,
        0.7742764591760738,
        0.8194269840987861,
        0.8660254037844386
      ],
      "correlation": [
        1.0,
        -0.270040113522017,
        -0.9566833018417767,
        -0.11046395735206634,
        -0.78170956566021,
        -0.968642278808545,
        0.3707228325990906,
        0.006303131702859959,
        -0.13136170192897736,
        0.06391129595955324,
        -0.05643702886993984,
        0.24694807062658214,
        -0.004753792243758278,
        0.027560140020857195,
        0.37462035832248913,
        -0.5032777560993411,
        0.29787248974513475,
        -0.38494220696603704,
        -0.3462776862065937,
        -0.40426217429012645,
        -1.4577214823311062,
        -0.19133688374626942,
        -0.9030277530435027
      ],
      "correlation_length": 0.09403547006626617,
      "direction_power": {
        "x": 9.843258241743376e-05,
        "y": 8.55661471152773e-05,
        "z": 0.0003947049741709937,
        "anisotropy_ratio": 4.612863702268085
      },
      "curl_orientation": {
        "xy": 0.004594048660143386,
        "xz": 0.00801396466390344,
        "yz": 0.006190154999210394
      },
      "ipr": 0.0005305782358050693,
      "divergence_norm": 1.467845465133985e-16,
      "curl_norm": 0.5131641502408926
    },
    "16": {
      "radii": [
        0.04942440987439945,
        0.08841426044609747,
        0.12634545992345947,
        0.1623364720320438,
        0.19588304119518282,
        0.23229121794676125,
        0.2690709036068994,
        0.306002831393433,
        0.34167771829369864,
        0.37713583915014254,
        0.4125925897722041,
        0.44994414833102386,
        0.48613263335749196,
        0.5208818605722823,
        0.5574691997236974,
        0.5922422188541006,
        0.6292071669871127,
        0.663193401909355,
        0.6959679982379526,
        0.7290731568927397,
        0.761881063215199,
        0.7959164290558056,
        0.8359357260201831
      ],
      "correlation": [
        1.0,
        0.23732319059492643,
        0.8834396814790165,
        0.2994629487494336,
        0.15944742748048635,
        0.1942353336302621,
        0.020483073414960546,
        0.11097926415501913,
        -0.0028272235035456134,
        -0.028292638102705565,
        -0.11990996788157236,
        0.006525732267307462,
        -0.12917386703543815,
        -0.07145378762510758,
        -0.02180426146269171,
        0.07468709604026767,
        0.017738731145911388,
        0.00531557618703501,
        0.25131041215577576,
        0.16015480132964613,
        0.04720716235093182,
        0.5647741776662251,
        0.449872687894028
      ],
      "correlation_length": 0.08841426044609747,
      "direction_power": {
        "x": 8.70944948700056e-05,
        "y": 8.431495368413545e-05,
        "z": 7.27311764458594e-05,
        "anisotropy_ratio": 1.197485028099857
      },
      "curl_orientation": {
        "xy": 0.0033041696344215696,
        "xz": 0.002964879605784043,
        "yz": 0.003343672812518041
      },
      "ipr": 0.00011605302021122613,
      "divergence_norm": 1.8627262799480022e-16,
      "curl_norm": 0.3882801088607865
    }
  },
  "observation": "the lowest restricted transverse mode shows extended two-point correlations while directional anisotropy remains modest across the tested sizes",
  "conclusion": "the correlation length remains of the same order, from 0.094 at n=12 to 0.088 at n=16, while the anisotropy ratio stays moderate at 1.197 for the largest size, consistent with an extended continuum-like branch in the tested range",
  "plots": [
    "plots/transverse_correlation_decay.png",
    "plots/transverse_anisotropy.png",
    "plots/divergence_curl_phase_correlations.png"
  ]
}