{
  "experiment": "stage9b_DK_2D_packet_dynamics",
  "config": {
    "n_side": 16,
    "epsilon": 0.2,
    "sigma_2d": 0.08,
    "kick_cycles": 1.0,
    "t_final_2d": 0.6
  },
  "pairing_summary": {
    "pairing_error": 0.007254854493312271,
    "lowest_abs_eigenvalue": 1.5021245690774403e-18,
    "eigenvalues": [
      -1.0954946572314457,
      -1.0857475417062892,
      -1.0771199642717908,
      -0.8549006677125479,
      -0.8549006677111747,
      -0.8354258508997436,
      -0.7616388308880475,
      -0.7616388308880467,
      -0.7475235991867616,
      -0.5491109959506257,
      -0.5491109959506226,
      -0.5491109959506199,
      -0.5330886562425179,
      -0.3892210480907119,
      -0.3882801088607872,
      -0.38828010886078557,
      -0.38828010886078246,
      -0.3882801088607312,
      -3.50028812498452e-18,
      -1.6093299612577022e-18,
      1.5021245690774403e-18,
      3.945067026164692e-18,
      0.38828010886078373,
      0.38828010886078446,
      0.3882801088607868,
      0.38828010886078934,
      0.40240126321674785,
      0.5449361813268303,
      0.549110995950624,
      0.5491109959506264,
      0.5491109959506479,
      0.7495015177791248,
      0.7616388308880456,
      0.7616388308880474,
      0.8549006677114536,
      0.8549006677118851,
      0.876560360348708,
      1.0771199642718574,
      1.1041967499246583,
      1.1057281997746156
    ]
  },
  "variants": [
    {
      "label": "omega0_packet",
      "active_grades": [
        0
      ],
      "dt": 0.1250841335444852,
      "steps": 5,
      "times": [
        0.0,
        0.1250841335444852,
        0.2501682670889704,
        0.37525240063345555,
        0.5003365341779408,
        0.625420667722426
      ],
      "centers": [
        [
          0.25,
          0.5
        ],
        [
          0.25,
          0.5
        ],
        [
          0.25,
          0.5
        ],
        [
          0.25,
          0.5
        ],
        [
          0.25,
          0.5
        ],
        [
          0.25,
          0.5
        ]
      ],
      "widths": [
        0.07999975444872252,
        0.08068406199233329,
        0.08268881089394241,
        0.08588159500598769,
        0.0900757477602474,
        0.0950645152119296
      ],
      "norms": [
        0.9999999999999999,
        0.9999999999999998,
        0.9999999999999998,
        0.9999999999999996,
        0.9999999999999997,
        0.9999999999999991
      ],
      "energies": [
        0.0,
        3.931916186968087e-18,
        7.38883055736269e-18,
        -6.046924842374772e-18,
        2.5715635360986693e-17,
        -9.112090221413061e-18
      ],
      "anisotropies": [
        1.0000000000000002,
        1.0006004417362093,
        1.0021483539418408,
        1.004009987412611,
        1.005449757309391,
        1.005872431048564
      ],
      "grade_weights": [
        [
          1.0,
          0.0,
          0.0
        ],
        [
          0.9893084214076743,
          0.01069157859232577,
          5.9245546410399e-36
        ],
        [
          0.9580526109498834,
          0.04194738905011662,
          7.332203122226591e-35
        ],
        [
          0.9086038649090605,
          0.09139613509093937,
          4.916300129073052e-34
        ],
        [
          0.8446403445373494,
          0.15535965546265057,
          2.0567754550600206e-33
        ],
        [
          0.7707727209073062,
          0.22922727909269391,
          6.163959517580743e-33
        ]
      ],
      "summary": {
        "center_x_shift": 0.0,
        "width_change": 0.015064760763207077,
        "relative_norm_change": -7.771561172376097e-16,
        "relative_energy_drift": -9.112090221413062e-06,
        "max_anisotropy": 1.005872431048564
      }
    },
    {
      "label": "omega1_packet",
      "active_grades": [
        1
      ],
      "dt": 0.1250841335444852,
      "steps": 5,
      "times": [
        0.0,
        0.1250841335444852,
        0.2501682670889704,
        0.37525240063345555,
        0.5003365341779408,
        0.625420667722426
      ],
      "centers": [
        [
          0.25,
          0.5
        ],
        [
          0.25,
          0.5
        ],
        [
          0.25,
          0.5
        ],
        [
          0.25,
          0.5
        ],
        [
          0.25,
          0.5
        ],
        [
          0.25,
          0.5
        ]
      ],
      "widths": [
        0.0800000000000466,
        0.08068430558156225,
        0.08268904895204797,
        0.08588182487913056,
        0.09007596792800303,
        0.09506472518352875
      ],
      "norms": [
        1.0,
        1.0000000000000002,
        1.0000000000000004,
        1.0000000000000004,
        1.0000000000000002,
        1.0000000000000004
      ],
      "energies": [
        0.0,
        -5.468021191000136e-18,
        -6.825391488975152e-18,
        -8.036648603548802e-18,
        -3.1021734660241496e-17,
        -7.497258022737263e-17
      ],
      "anisotropies": [
        1.0000000000000002,
        1.0006004383471372,
        1.0021483424101238,
        1.0040099675053733,
        1.0054497328248,
        1.005872407583381
      ],
      "grade_weights": [
        [
          0.0,
          1.0,
          0.0
        ],
        [
          0.005345770505726576,
          0.9893084401470318,
          0.00534578934724174
        ],
        [
          0.02097362427400719,
          0.958052680610468,
          0.02097369511552478
        ],
        [
          0.045697926654468105,
          0.9086040031595479,
          0.04569807018598396
        ],
        [
          0.07767961568446262,
          0.8446405490908789,
          0.07767983522465842
        ],
        [
          0.11461337495643607,
          0.7707729692702895,
          0.1146136557732743
        ]
      ],
      "summary": {
        "center_x_shift": 0.0,
        "width_change": 0.015064725183482147,
        "relative_norm_change": 4.440892098500626e-16,
        "relative_energy_drift": -7.497258022737263e-05,
        "max_anisotropy": 1.005872407583381
      }
    },
    {
      "label": "mixed_packet",
      "active_grades": [
        0,
        1,
        2
      ],
      "dt": 0.1250841335444852,
      "steps": 5,
      "times": [
        0.0,
        0.1250841335444852,
        0.2501682670889704,
        0.37525240063345555,
        0.5003365341779408,
        0.625420667722426
      ],
      "centers": [
        [
          0.25,
          0.5
        ],
        [
          0.25,
          0.5
        ],
        [
          0.25,
          0.5
        ],
        [
          0.25,
          0.5
        ],
        [
          0.25,
          0.5
        ],
        [
          0.25,
          0.5
        ]
      ],
      "widths": [
        0.07999999999999999,
        0.08068430449249328,
        0.08268904684432879,
        0.085881821873473,
        0.09007596416579375,
        0.09506472079993766
      ],
      "norms": [
        0.9999999999999999,
        1.0000000000000002,
        1.0000000000000002,
        1.0,
        1.0,
        1.0000000000000002
      ],
      "energies": [
        -1.1762902048475629e-17,
        -3.7736800107836775e-17,
        -1.7271001794515184e-17,
        -4.6383524191645487e-17,
        -2.9802007216195303e-17,
        2.927345865710862e-18
      ],
      "anisotropies": [
        1.0,
        1.000600492374838,
        1.0021484446586741,
        1.004010108266871,
        1.005449901159284,
        1.005872593533003
      ],