{
  "experiment": "DH_flux_response_test",
  "timestamp": "20260310_172754",
  "config": {
    "epsilon": 0.2,
    "two_d_n": 6,
    "flux_quanta": [
      0,
      1,
      2,
      3
    ],
    "spectral_flow_modes": 12,
    "prototype": "full chiral 4-spinor lift"
  },
  "flux_cases": [
    {
      "flux_quanta": 0,
      "plaquette_angle": 0.0,
      "eigenvalues": [
        -1.3572808388819781,
        -1.207489017880341,
        -1.197020456457315,
        -0.9786508208542999,
        -0.9658736772420415,
        -0.9658736772404737,
        -0.865978648227087,
        -0.8636373467894748,
        -0.7070686054338374,
        -0.7070686054338335,
        -0.7054316854287402,
        -0.4999730056663771,
        -0.4930424019600295,
        -1.0688423957188287e-16,
        -1.0688423957188287e-16,
        1.0688423957188282e-16,
        1.0688423957188292e-16,
        0.49933660454719975,
        0.49997300566637976,
        0.7034052267523532,
        0.7070686054338261,
        0.7070686054338324,
        0.8632957974701443,
        0.8659786482270863,
        0.9548551158073676,
        0.965873677239165,
        0.9658736772429576,
        1.1910369433800048,
        1.197020456457319,
        1.361166429359877
      ],
      "positive_branch": [
        0.49933660454719975,
        0.49997300566637976,
        0.7034052267523532,
        0.7070686054338261,
        0.7070686054338324,
        0.8632957974701443,
        0.8659786482270863,
        0.9548551158073676,
        0.965873677239165,
        0.9658736772429576,
        1.1910369433800048,
        1.197020456457319
      ]
    },
    {
      "flux_quanta": 1,
      "plaquette_angle": 0.17453292519943295,
      "eigenvalues": [
        -1.0677955385984599,
        -0.9847819534145625,
        -0.984781953414556,
        -0.8942795128471162,
        -0.894279512847112,
        -0.7941799597791883,
        -0.7941799597791845,
        -0.6990769224991376,
        -0.6990769224991373,
        -0.5601123975934996,
        -0.5601123975934983,
        -0.517479178474457,
        -0.5174791784744557,
        -0.003144253241700392,
        -0.0031442532417003716,
        0.0031442532417003772,
        0.0031442532417003915,
        0.5174791784744556,
        0.5174791784744562,
        0.5601123975934981,
        0.560112397593501,
        0.6990769224991359,
        0.699076922499136,
        0.7941799597791858,
        0.7941799597791952,
        0.8942795128471149,
        0.8942795128471195,
        0.9847819534145614,
        0.9847819534145621,
        1.067795538598457
      ],
      "positive_branch": [
        0.0031442532417003772,
        0.0031442532417003915,
        0.5174791784744556,
        0.5174791784744562,
        0.5601123975934981,
        0.560112397593501,
        0.6990769224991359,
        0.699076922499136,
        0.7941799597791858,
        0.7941799597791952,
        0.8942795128471149,
        0.8942795128471195
      ]
    },
    {
      "flux_quanta": 2,
      "plaquette_angle": 0.3490658503988659,
      "eigenvalues": [
        -1.0293974915033175,
        -1.0293974915033173,
        -1.029397491503311,
        -0.8387982386858053,
        -0.8387982386858042,
        -0.8387982386858021,
        -0.8387982386858017,
        -0.6826335038119657,
        -0.6826335038119633,
        -0.6826335038119592,
        -0.6826335038119584,
        -0.036390967461359676,
        -0.03639096746135957,
        -0.03639096746135954,
        -0.03639096746135941,
        0.03639096746135943,
        0.036390967461359496,
        0.036390967461359544,
        0.03639096746135964,
        0.6826335038119609,
        0.6826335038119616,
        0.6826335038119631,
        0.6826335038119666,
        0.8387982386858026,
        0.8387982386858026,
        0.8387982386858059,
        0.8387982386858064,
        1.0293974915033124,
        1.029397491503318,
        1.0293974915033184
      ],
      "positive_branch": [
        0.03639096746135943,
        0.036390967461359496,
        0.036390967461359544,
        0.03639096746135964,
        0.6826335038119609,
        0.6826335038119616,
        0.6826335038119631,
        0.6826335038119666,
        0.8387982386858026,
        0.8387982386858026,
        0.8387982386858059,
        0.8387982386858064
      ]
    },
    {
      "flux_quanta": 3,
      "plaquette_angle": 0.5235987755982988,
      "eigenvalues": [
        -1.0848366850178797,
        -1.084836685017878,
        -1.0848366850178763,
        -1.0848366850178748,
        -0.8309529810203876,
        -0.8309529810203853,
        -0.830952981020382,
        -0.8309529810203801,
        -0.8309529810203772,
        -0.09197973018675275,
        -0.09197973018675266,
        -0.09197973018675257,
        -0.0919797301867525,
        -0.09197973018675246,
        -0.09197973018675233,
        0.0919797301867524,
        0.09197973018675244,
        0.09197973018675257,
        0.09197973018675273,
        0.09197973018675275,
        0.09197973018675293,
        0.8309529810203777,
        0.8309529810203805,
        0.8309529810203824,
        0.830952981020383,
        0.8309529810203865,
        1.0848366850178726,
        1.084836685017875,
        1.0848366850178752,
        1.0848366850178768
      ],
      "positive_branch": [
        0.0919797301867524,
        0.09197973018675244,
        0.09197973018675257,
        0.09197973018675273,
        0.09197973018675275,
        0.09197973018675293,
        0.8309529810203777,
        0.8309529810203805,
        0.8309529810203824,
        0.830952981020383,
        0.8309529810203865,
        1.0848366850178726
      ]
    }
  ],
  "observation": "the low positive DH branch shifts smoothly as torus flux is increased in the 2D prototype",
  "conclusion": "the prototype has smooth 2D background-flux spectral flow, but it remains rejected overall because the square-root criterion against the scalar operator failed",
  "plots": [
    "plots/20260310_172754_DH_flux_spectral_flow.png"
  ],
  "result_path": "/Volumes/Samsung T5/2026/HAOS/HAOS DOCS/HAOS-IIP/data/20260310_172754_DH_flux_response_test.json"
}