{
  "experiment": "DK_square_test",
  "timestamp": "20260310_175001",
  "config": {
    "epsilon": 0.2,
    "cochain_sizes": [
      8,
      12,
      16
    ],
    "square_modes": 40
  },
  "systems": {
    "2d_periodic_n8": {
      "square_relative_residual": 0.0,
      "eigenvalue_mean_relative_error": 0.0047771215731295035,
      "block0_relative_error": 0.0,
      "block1_relative_error": 0.0,
      "block2_relative_error": 0.0,
      "hodge_eigenvalues": [
        -6.540395792162305e-17,
        -2.3535248975560538e-17,
        1.4931408005906974e-16,
        1.1968766098770797e-15,
        0.5633453116137089,
        0.5633453116137124,
        0.5633453116137129,
        0.5633453116137145,
        0.5633453116137158,
        0.5633453116137159,
        0.5633453116137163,
        0.5633453116137168,
        0.5633453116137171,
        0.5633453116137177,
        0.563345311613718,
        0.563345311613718,
        0.563345311613718,
        0.563345311613719,
        0.5633453116137191,
        0.5633453116137225,
        1.126690623227422,
        1.1266906232274254,
        1.1266906232274287,
        1.126690623227429,
        1.1266906232274296,
        1.12669062322743,
        1.1266906232274307,
        1.1266906232274314,
        1.1266906232274316,
        1.1266906232274323,
        1.1266906232274339,
        1.1266906232274345,
        1.1266906232274359,
        1.126690623227436,
        1.1266906232274365,
        1.1266906232274376,
        1.9233812032108393,
        1.9233812032108422,
        1.9233812032108442,
        1.9233812032108464
      ],
      "dk_square_eigenvalues": [
        -3.32576180506831e-16,
        -4.5773849216573193e-17,
        1.2358642460500484e-15,
        1.731764250311046e-15,
        0.5633453116137114,
        0.5633453116137122,
        0.5633453116137142,
        0.5633453116137147,
        0.5633453116137147,
        0.5633453116137153,
        0.5633453116137155,
        0.5633453116137159,
        0.563345311613716,
        0.5633453116137165,
        0.5633453116137166,
        0.5633453116137168,
        0.5633453116137173,
        0.5633453116137178,
        0.5633453116137185,
        0.5633453116137186,
        1.1266906232274236,
        1.1266906232274276,
        1.1266906232274283,
        1.12669062322743,
        1.1266906232274314,
        1.126690623227432,
        1.1266906232274325,
        1.1266906232274327,
        1.126690623227433,
        1.1266906232274339,
        1.126690623227434,
        1.1266906232274343,
        1.1266906232274347,
        1.1266906232274356,
        1.1266906232274359,
        1.1266906232274403,
        1.9233812032108344,
        1.9233812032108377,
        1.9233812032108388,
        1.9233812032108388
      ]
    },
    "2d_periodic_n12": {
      "square_relative_residual": 0.0,
      "eigenvalue_mean_relative_error": 0.009922258025585587,
      "block0_relative_error": 0.0,
      "block1_relative_error": 0.0,
      "block2_relative_error": 0.0,
      "hodge_eigenvalues": [
        -6.797863765408173e-16,
        -5.789316412406307e-16,
        2.6932787131898694e-16,
        9.008603543224008e-16,
        0.263337445092453,
        0.2633374450924539,
        0.2633374450924549,
        0.263337445092455,
        0.263337445092455,
        0.26333744509245516,
        0.2633374450924554,
        0.2633374450924554,
        0.2633374450924556,
        0.26333744509245605,
        0.26333744509245616,
        0.2633374450924565,
        0.26333744509245655,
        0.2633374450924567,
        0.263337445092457,
        0.2633374450924577,
        0.5266748901849062,
        0.5266748901849103,
        0.5266748901849111,
        0.5266748901849112,
        0.5266748901849116,
        0.5266748901849118,
        0.5266748901849122,
        0.5266748901849122,
        0.5266748901849138,
        0.526674890184914,
        0.526674890184914,
        0.5266748901849143,
        0.5266748901849143,
        0.5266748901849151,
        0.5266748901849161,
        0.5266748901849162,
        0.9827887246204156,
        0.9827887246204221,
        0.9827887246204245,
        0.9827887246204248
      ],
      "dk_square_eigenvalues": [
        -1.9366988518416714e-15,
        -1.2400195092883042e-15,
        -6.479804689008479e-16,
        -2.3273417234246435e-16,
        0.26333744509245144,
        0.26333744509245294,
        0.2633374450924554,
        0.2633374450924556,
        0.2633374450924556,
        0.263337445092456,
        0.26333744509245616,
        0.2633374450924563,
        0.2633374450924565,
        0.26333744509245693,
        0.2633374450924571,
        0.26333744509245754,
        0.2633374450924577,
        0.263337445092458,
        0.26333744509245866,
        0.26333744509245866,
        0.5266748901849058,
        0.5266748901849074,
        0.5266748901849075,
        0.5266748901849094,
        0.5266748901849102,
        0.5266748901849104,
        0.5266748901849116,
        0.5266748901849116,
        0.5266748901849132,
        0.5266748901849143,
        0.5266748901849143,
        0.5266748901849146,
        0.5266748901849148,
        0.5266748901849161,
        0.5266748901849161,
        0.5266748901849162,
        0.982788724620421,
        0.9827887246204211,
        0.9827887246204219,
        0.9827887246204221
      ]
    },
    "2d_periodic_n16": {
      "square_relative_residual": 0.0,
      "eigenvalue_mean_relative_error": 0.009278401699638488,
      "block0_relative_error": 0.0,
      "block1_relative_error": 0.0,
      "block2_relative_error": 0.0,
      "hodge_eigenvalues": [
        -1.4331121753183096e-15,
        -2.745449541556538e-16,
        7.393569464721722e-16,
        9.044818274791419e-16,
        0.15076144293693933,
        0.15076144293694008,
        0.1507614429369409,
        0.1507614429369412,
        0.15076144293694133,
        0.15076144293694163,
        0.15076144293694171,
        0.15076144293694171,
        0.1507614429369418,
        0.15076144293694219,
        0.1507614429369438,
        0.15076144293694427,
        0.15076144293694427,
        0.15076144293694482,
        0.3015228858738803,
        0.30152288587388343,
        0.3015228858738856,
        0.30152288587388576,
        0.30152288587388615,
        0.30152288587388637,
        0.30152288587388687,
        0.30152288587388953,
        0.30152288587389015,
        0.3015228858738908,
        0.3015228858738911,
        0.30152288587389114,
        0.30152288587389126,
        0.5800937087164996,
        0.580093708716504,
        0.580093708716505,
        0.5800937087165053,
        0.5800937087165062,
        0.5800937087165076,
        0.5800937087165097,
        0.5800937087165097,
        0.5800937087165107
      ],
      "dk_square_eigenvalues": [
        -1.9659838245795617e-15,
        -1.34207489754417e-15,
        -7.12859788600816e-16,
        1.5632241796104694e-15,
        0.1507614429369398,
        0.15076144293694052,
        0.15076144293694083,
        0.15076144293694155,
        0.15076144293694185,
        0.15076144293694224,
        0.1507614429369427,
        0.15076144293694319,
        0.1507614429369433,
        0.15076144293694405,
        0.15076144293694424,
        0.1507614429369446,
        0.15076144293694488,
        0.15076144293694593,
        0.3015228858738789,
        0.30152288587388465,
        0.30152288587388576,
        0.3015228858738862,
        0.30152288587388687,
        0.3015228858738875,
        0.30152288587388754,
        0.3015228858738876,
        0.30152288587388854,
        0.30152288587388915,
        0.30152288587388953,
        0.3015228858738902,
        0.3015228858738903,
        0.5800937087165009,
        0.5800937087165027,
        0.5800937087165047,
        0.5800937087165061,
        0.5800937087165073,
        0.5800937087165077,
        0.5800937087165092,
        0.5800937087165106,
        0.580093708716511
      ]
    }
  },