{
  "experiment": "DH_spectrum_structure",
  "timestamp": "20260310_173100",
  "config": {
    "epsilon": 0.2,
    "two_d_n": 6,
    "three_d_n": 8,
    "modes": 50,
    "prototype": "full chiral 4-spinor lift"
  },
  "systems": {
    "2d_periodic_n6": {
      "eigenvalues": [
        -1.4545779206248597,
        -1.3659516538934713,
        -1.3659516538934686,
        -1.3659516538934686,
        -1.3574005640002353,
        -1.2072842183856864,
        -1.1970204564573201,
        -1.19702045645732,
        -1.1970204564573197,
        -0.9786827200060203,
        -0.9658736772410517,
        -0.9658736772410502,
        -0.9658736772410496,
        -0.9658736772410493,
        -0.9658736772410483,
        -0.8659786482270866,
        -0.8637254046665085,
        -0.7070686054338373,
        -0.7070686054338349,
        -0.7070686054338348,
        -0.7054354466400029,
        -0.4999730056663784,
        -0.4929982078247857,
        -1.0688423957188294e-16,
        -1.0688423957188271e-16,
        1.0688423957188278e-16,
        1.0688423957188287e-16,
        0.4993392399571506,
        0.499973005666385,
        0.7033618677674252,
        0.7070686054338279,
        0.7070686054338289,
        0.7070686054338298,
        0.8634442668718533,
        0.8659786482270819,
        0.9549132091228822,
        0.9658736772410462,
        0.9658736772410469,
        0.9658736772410498,
        0.965873677241052,
        0.965873677241057,
        1.190975575356435,
        1.1970204564573157,
        1.1970204564573184,
        1.1970204564573208,
        1.361342272958817,
        1.3659516538934455,
        1.365951653893464,
        1.3659516538934646,
        1.453213257630311
      ],
      "ipr": [
        0.011817421982039363,
        0.011453455749279008,
        0.01632890630525387,
        0.010417047676941236,
        0.015129242507168537,
        0.009043096448655441,
        0.00817260837424822,
        0.010732419010379404,
        0.011099057572329643,
        0.015702286978070676,
        0.011626508849167815,
        0.014140358554703407,
        0.011081385446873662,
        0.013509897507055472,
        0.01188865881950704,
        0.007134359430406722,
        0.012049879684939745,
        0.011267113639011521,
        0.013494277395113555,
        0.01295140320040158,
        0.010785944695864334,
        0.011464749344252343,
        0.008673100669784915,
        0.014281342876991449,
        0.014281342876991447,
        0.01428134287699146,
        0.01428134287699145,
        0.008017357579878707,
        0.009470147967820662,
        0.009544502798686152,
        0.012467191986417122,
        0.010019804463372367,
        0.009946575514913151,
        0.013713425024355092,
        0.007906540864762668,
        0.012202059228646554,
        0.012279596148868293,
        0.015198410045435012,
        0.010616710802829627,
        0.01210562147566287,
        0.010500641613645983,
        0.011802332926361549,
        0.01047704177675181,
        0.012225500987799147,
        0.012947509893098117,
        0.010440187480973534,
        0.008069893765495084,
        0.010717639548322595,
        0.008729641080961097,
        0.019592619912973848
      ],
      "pairing_error": 0.012809042764963308,
      "lowest_abs_eigenvalue": 1.0688423957188271e-16,
      "mean_ipr": 0.011721590084748887,
      "max_ipr": 0.019592619912973848,
      "degeneracy_summary": [
        {
          "abs_eigenvalue": 1.0688423957188271e-16,
          "degeneracy": 4
        },
        {
          "abs_eigenvalue": 0.4929982078247857,
          "degeneracy": 1
        },
        {
          "abs_eigenvalue": 0.4993392399571506,
          "degeneracy": 1
        },
        {
          "abs_eigenvalue": 0.4999730056663784,
          "degeneracy": 2
        },
        {
          "abs_eigenvalue": 0.7033618677674252,
          "degeneracy": 1
        },
        {
          "abs_eigenvalue": 0.7054354466400029,
          "degeneracy": 1
        },
        {
          "abs_eigenvalue": 0.7070686054338279,
          "degeneracy": 6
        },
        {
          "abs_eigenvalue": 0.8634442668718533,
          "degeneracy": 1
        },
        {
          "abs_eigenvalue": 0.8637254046665085,
          "degeneracy": 1
        },
        {
          "abs_eigenvalue": 0.8659786482270819,
          "degeneracy": 2
        },
        {
          "abs_eigenvalue": 0.9549132091228822,
          "degeneracy": 1
        },
        {
          "abs_eigenvalue": 0.9658736772410462,
          "degeneracy": 10
        }
      ]
    },
    "3d_periodic_n8": {
      "eigenvalues": [
        -0.5744563022935797,
        -0.5744563022931313,
        -0.5744563022927962,
        -0.5744563022923888,
        -0.5744563022910315,
        -0.5022437337789825,
        -0.21256332795580643,
        -0.1900756032222872,
        -0.1900756032221333,
        -0.19007560322211722,
        -0.19007560322208106,
        -0.1900756032220762,
        -0.19007560322206976,
        -0.19007560322206368,
        -0.19007560322205624,
        -0.19007560322204742,
        -0.19007560322203404,
        -0.19007560322190767,
        -0.0693931634367333,
        -2.891968131268209e-16,
        -2.7457240712415985e-16,
        -1.575545141345873e-16,
        -1.317432819739069e-16,
        -1.0915987027599628e-16,
        -3.995067141516473e-17,
        -3.9640878770828397e-17,
        -1.1256756299292005e-17,
        1.1735834578551978e-17,
        4.10854457012638e-17,
        5.62531876374054e-17,
        1.676067551586402e-16,
        1.7554127228297108e-16,
        1.8931660675853115e-16,
        2.077133767819597e-16,
        6.871064039290118e-16,
        0.17478971666447304,
        0.19007560322192832,
        0.19007560322201672,
        0.19007560322204844,
        0.19007560322205505,
        0.19007560322206196,
        0.19007560322206588,
        0.19007560322207578,
        0.19007560322208147,
        0.19007560322208644,
        0.1900756032220871,
        0.190075603222272,
        0.5744563022924208,
        0.5744563022928943,
        0.5744563022930204
      ],
      "ipr": [
        0.0009525137759788406,
        0.0009079931177245459,
        0.0009679302806034016,
        0.0010059023416528349,
        0.0010113543068186637,
        0.0012160106187255706,
        0.0008848748083287634,
        0.0009389985200818141,
        0.0008573071159340495,
        0.0008551211886876419,
        0.0008363593702752863,
        0.0009213057082279411,
        0.0009405919567554206,
        0.000996879895524032,
        0.0008763523440707971,
        0.0008631391518882973,
        0.0008502925327125946,
        0.0009407449591844001,
        0.0026759255472412406,
        0.001009293596597968,
        0.0009844762345859169,
        0.0008924997476635144,
        0.0008701146660969988,
        0.001091451666792243,
        0.0018126849701426604,
        0.0010143615235973593,
        0.0015856594529669167,
        0.0016143103253478547,
        0.001054900382029462,
        0.0013751097528028797,
        0.0010496777588061253,
        0.0009082771693659614,
        0.0009487919173129603,
        0.0008181656643039811,
        0.0012695983784561172,
        0.0010453625363797798,
        0.000925179846280668,
        0.0008532604887634191,
        0.0009107709032170581,
        0.0008773121423707032,
        0.0008845180823044823,
        0.0009526755307365305,
        0.0010033712891867508,
        0.0009395685433258282,
        0.0008816247109477754,
        0.0009475367933532532,
        0.0009686997405923214,
        0.000955403465164174,
        0.0009702690178827628,
        0.0009386165011975499
      ],
      "pairing_error": 0.38438069907011674,
      "lowest_abs_eigenvalue": 1.1256756299292005e-17,
      "mean_ipr": 0.0010370628067797622,
      "max_ipr": 0.0026759255472412406,
      "degeneracy_summary": [
        {
          "abs_eigenvalue": 1.1256756299292005e-17,