{
  "experiment": "stage9b_DK_holonomy_packet_response",
  "config": {
    "n_side": 16,
    "epsilon": 0.2,
    "sigma_2d": 0.08,
    "kick_cycles": 1.0,
    "t_final_2d": 0.6,
    "holonomy_phases": [
      0.0,
      0.2617993877991494,
      0.5235987755982988,
      0.7853981633974483
    ]
  },
  "cases": [
    {
      "phase": 0.0,
      "dt": 0.1250841335444852,
      "steps": 5,
      "times": [
        0.0,
        0.1250841335444852,
        0.2501682670889704,
        0.37525240063345555,
        0.5003365341779408,
        0.625420667722426
      ],
      "centers": [
        [
          0.25,
          0.5
        ],
        [
          0.25,
          0.5
        ],
        [
          0.25,
          0.5
        ],
        [
          0.25,
          0.5
        ],
        [
          0.25,
          0.5
        ],
        [
          0.25,
          0.5
        ]
      ],
      "widths": [
        0.07999999999999999,
        0.08068430449249328,
        0.08268904684432879,
        0.085881821873473,
        0.09007596416579375,
        0.09506472079993766
      ],
      "norms": [
        0.9999999999999999,
        1.0000000000000002,
        1.0000000000000002,
        1.0,
        1.0,
        1.0000000000000002
      ],
      "energies": [
        -1.1762902048475629e-17,
        -3.7736800107836775e-17,
        -1.7271001794515184e-17,
        -4.6383524191645487e-17,
        -2.9802007216195303e-17,
        2.927345865710862e-18
      ],
      "grade_weights": [
        [
          0.2500000949078177,
          0.4999999999999819,
          0.24999990509220021
        ],
        [
          0.2730567104272242,
          0.49999999158816955,
          0.22694329798460625
        ],
        [
          0.29445097706132434,
          0.49999998549506997,
          0.20554903744360573
        ],
        [
          0.3126855624702519,
          0.4999999833852443,
          0.18731445414450368
        ],
        [
          0.32657292388316633,
          0.49999998580372823,
          0.17342709031310533
        ],
        [
          0.33534258901049885,
          0.4999999920324661,
          0.16465741895703495
        ]
      ],
      "summary": {
        "center_x_shift": 0.0,
        "width_change": 0.015064720799937675,
        "relative_norm_change": 3.33066907387547e-16,
        "omega1_mean_weight": 0.49999998971744336
      }
    },
    {
      "phase": 0.2617993877991494,
      "dt": 0.12508347360762395,
      "steps": 5,
      "times": [
        0.0,
        0.12508347360762395,
        0.2501669472152479,
        0.37525042082287186,
        0.5003338944304958,
        0.6254173680381198
      ],
      "centers": [
        [
          0.25,
          0.5
        ],
        [
          0.24999999916485427,
          0.5
        ],
        [
          0.2499999980055665,
          0.5
        ],
        [
          0.24999999652802907,
          0.5
        ],
        [
          0.2499999947357041,
          0.5
        ],
        [
          0.2499999926303902,
          0.5
        ]
      ],
      "widths": [
        0.07999999999999999,
        0.08068427483479153,
        0.08268897502032932,
        0.08588169908288,
        0.09007578558755454,
        0.09506448501410716
      ],
      "norms": [
        0.9999999999999999,
        1.0,
        1.0,
        0.9999999999999999,
        0.9999999999999998,
        0.9999999999999997
      ],
      "energies": [
        -5.774118019390633e-07,
        -5.774118019023989e-07,
        -5.774118018850551e-07,
        -5.774118019394905e-07,
        -5.77411801954195e-07,
        -5.774118019154077e-07
      ],
      "grade_weights": [
        [
          0.2500000949078177,
          0.4999999999999819,
          0.24999990509220021
        ],
        [
          0.2730567246066462,
          0.499999991588161,
          0.2269432838051928
        ],
        [
          0.29445110586849216,
          0.4999999854950035,
          0.20554890863650427
        ],
        [
          0.3126859694093872,
          0.4999999833850592,
          0.18731404720555364
        ],
        [
          0.3265738313824989,
          0.499999985803386,
          0.17342618281411504
        ],
        [
          0.3353442650514885,
          0.499999992031985,
          0.16465574291652652
        ]
      ],
      "summary": {
        "center_x_shift": -7.369609811291866e-09,
        "width_change": 0.015064485014107176,
        "relative_norm_change": -2.2204460492503136e-16,
        "omega1_mean_weight": 0.4999999897172627
      }
    },
    {
      "phase": 0.5235987755982988,
      "dt": 0.1250857380962577,
      "steps": 5,
      "times": [
        0.0,
        0.1250857380962577,
        0.2501714761925154,
        0.3752572142887731,
        0.5003429523850308,
        0.6254286904812885
      ],
      "centers": [
        [
          0.25,
          0.5
        ],
        [
          0.24999999834319864,
          0.5
        ],
        [
          0.24999999590820687,
          0.5
        ],
        [
          0.24999999271123063,
          0.5
        ],
        [
          0.24999998877058438,
          0.5
        ],
        [
          0.24999998411376545,
          0.5
        ]
      ],
      "widths": [
        0.07999999999999999,
        0.08068427952516068,
        0.08268903045939656,
        0.08588184326718669,
        0.09007604529510847,
        0.09506487551851284
      ],
      "norms": [
        0.9999999999999999,
        1.0000000000000002,
        1.0,
        0.9999999999999999,
        1.0,
        1.0000000000000002
      ],
      "energies": [
        -1.5754000515679475e-06,
        -1.575400051573187e-06,
        -1.57540005152175e-06,
        -1.5754000514766776e-06,
        -1.575400051462129e-06,
        -1.5754000514695964e-06
      ],
      "grade_weights": [
        [
          0.2500000949078177,
          0.4999999999999819,
          0.24999990509220021
        ],
        [
          0.27305725664105684,
          0.49999999158797925,
          0.22694275177096396
        ],
        [
          0.2944521624734243,
          0.49999998549474145,
          0.20554785203183415
        ],
        [
          0.3126874989358453,
          0.4999999833848918,
          0.187312517679263
        ],
        [
          0.3265757661454971,
          0.4999999858034804,
          0.17342424805102266
        ],
        [
          0.335346549670805,
          0.49999999203241935,
          0.1646534582967756
        ]
      ],
      "summary": {
        "center_x_shift": -1.5886234550066547e-08,
        "width_change": 0.015064875518512849,
        "relative_norm_change": 3.33066907387547e-16,
        "omega1_mean_weight": 0.49999998971724896
      }
    },
    {
      "phase": 0.7853981633974483,
      "dt": 0.12509080047395837,
      "steps": 5,
      "times": [
        0.0,
        0.12509080047395837,
        0.25018160094791675,
        0.3752724014218751,
        0.5003632018958335,
        0.6254540023697919
      ],
      "centers": [
        [
          0.25,
          0.5
        ],
        [
          0.24999999759095592,
          0.5
        ],
        [
          0.24999999385063187,
          0.5
        ],
        [
          0.24999998880927055,
          0.5
        ],
        [
          0.24999998251042332,
          0.5
        ],
        [
          0.24999997502945193,
          0.5
        ]
      ],
      "widths": [
        0.07999999999999999,
        0.08068431854557966,
        0.08268921055000134,
        0.0858822470839411,
        0.09007672969807408,
        0.09506587160099575
      ],
      "norms": [
        0.9999999999999999,
        1.0,
        1.0,
        0.9999999999999999,
        1.0,
        1.0
      ],