{
  "experiment": "DK_flux_response_test",
  "timestamp": "20260310_175351",
  "config": {
    "epsilon": 0.2,
    "n_side": 12,
    "cycle_phases": [
      0.0,
      0.2617993877991494,
      0.5235987755982988,
      0.7853981633974483
    ],
    "spectral_flow_modes": 12
  },
  "flux_cases": [
    {
      "cycle_phase_x": 0.0,
      "cycle_phase_y": 0.0,
      "square_relative_residual": 0.0,
      "positive_branch": [
        0.513164150240891,
        0.5131641502408915,
        0.5131641502408921,
        0.5131641502408921,
        0.5131641502408925,
        0.5131641502408925,
        0.5131641502408926,
        0.5131641502408935,
        0.725723700994334,
        0.7257237009943343,
        0.7257237009943345,
        0.7257237009943346
      ],
      "omega1_fraction_mean": 0.49999999999999994
    },
    {
      "cycle_phase_x": 0.2617993877991494,
      "cycle_phase_y": 0.0,
      "square_relative_residual": 0.0,
      "positive_branch": [
        0.021627625973756205,
        0.021627625973756257,
        0.49224293705047883,
        0.4922429370504798,
        0.5136197029882295,
        0.5136197029882306,
        0.5136197029882306,
        0.5136197029882309,
        0.5340243020292211,
        0.5340243020292217,
        0.7110840696911569,
        0.7110840696911572
      ],
      "omega1_fraction_mean": 0.4999999999999997
    },
    {
      "cycle_phase_x": 0.5235987755982988,
      "cycle_phase_y": 0.0,
      "square_relative_residual": 0.0,
      "positive_branch": [
        0.043252678476303805,
        0.043252678476303805,
        0.47126315187313433,
        0.4712631518731352,
        0.514983727206823,
        0.5149837272068232,
        0.5149837272068236,
        0.5149837272068238,
        0.5548209102660119,
        0.5548209102660135,
        0.6967254864046941,
        0.6967254864046947
      ],
      "omega1_fraction_mean": 0.500000000000001
    },
    {
      "cycle_phase_x": 0.7853981633974483,
      "cycle_phase_y": 0.0,
      "square_relative_residual": 0.0,
      "positive_branch": [
        0.06487258434265232,
        0.06487258434265275,
        0.4502272910934886,
        0.45022729109348875,
        0.5172483903230157,
        0.5172483903230163,
        0.5172483903230163,
        0.5172483903230178,
        0.5755515003628563,
        0.5755515003628581,
        0.6826727317960181,
        0.6826727317960181
      ],
      "omega1_fraction_mean": 0.5000000000000001
    }
  ],
  "observation": "the low Dirac-Kaehler branch shifts smoothly under flat torus-cycle holonomy while the graded square residual remains at numerical precision",
  "conclusion": "the Stage 6 2D Dirac-Kaehler lift preserves its square identity under mild background cycle holonomy and shows stable spectral flow",
  "plots": [
    "plots/20260310_175351_DK_flux_spectral_flow.png",
    "plots/20260310_175351_DK_flux_square_residual.png"
  ],
  "result_path": "/Volumes/Samsung T5/2026/HAOS/HAOS DOCS/HAOS-IIP/data/20260310_175351_DK_flux_response_test.json"
}