{
  "experiment": "DH_square_root_test",
  "timestamp": "20260310_172136",
  "config": {
    "epsilon": 0.2,
    "two_d_n": 6,
    "three_d_n": 8,
    "modes": 48,
    "prototype": "full chiral 4-spinor lift"
  },
  "systems": {
    "2d_periodic_n6": {
      "l0_eigenvalues": [
        -2.3549351685290594e-16,
        0.9329119603871474,
        0.9329119603871479,
        0.932911960387148,
        0.9329119603871482,
        1.8658239207742924,
        1.8658239207742935,
        1.8658239207742953,
        1.8658239207742964,
        2.7987358811614396,
        2.798735881161441,
        2.798735881161443,
        2.7987358811614436,
        3.731647841548585,
        3.7316478415485888,
        3.731647841548589,
        3.731647841548589,
        3.7316478415485896,
        3.7316478415485896,
        3.7316478415485896,
        3.7316478415485896,
        3.73164784154859,
        3.7316478415485905,
        4.664559801935735,
        4.664559801935736,
        4.664559801935741,
        4.664559801935745,
        5.597471762322884,
        5.597471762322885,
        5.597471762322892,
        5.5974717623228925,
        6.530383722710029,
        6.530383722710036,
        6.530383722710039
      ],
      "qhq_eigenvalues": [
        2.843274444238815e-15,
        3.2799577255649106e-15,
        0.249973006395074,
        0.24997300639507442,
        0.4999460127901391,
        0.49994601279014,
        0.49994601279014284,
        0.4999460127901468,
        0.7499190191852165,
        0.7499190191852196,
        0.9329119603871471,
        0.9329119603871474,
        0.9329119603871477,
        0.9329119603871479,
        0.9329119603871479,
        0.932911960387148,
        0.9329119603871481,
        0.9329119603871491,
        1.432857973177292,
        1.4328579731772928,
        1.4328579731772928,
        1.4328579731772975,
        1.8658239207742944,
        1.8658239207742948,
        1.8658239207742993,
        1.8658239207743004,
        2.115796927169367,
        2.1157969271693675,
        2.115796927169368,
        2.1157969271693715,
        2.798735881161441,
        2.7987358811614422,
        2.7987358811614422,
        2.7987358811614422,
        2.7987358811614422,
        2.7987358811614422,
        2.7987358811614427,
        2.798735881161447,
        3.298681893951586,
        3.298681893951586,
        3.2986818939515863,
        3.2986818939515867,
        3.481674835153508,
        3.4816748351535267,
        3.731647841548588,
        3.7316478415485905,
        3.731647841548595,
        3.731647841548595,
        5.347498755927814,
        5.34749875592782,
        5.347498755927831,
        5.347498755927833,
        5.597471762322886,
        5.59747176232289,
        5.597471762322895,
        5.597471762322901,
        6.963349670307043,
        6.963349670307045,
        6.963349670307056,
        6.963349670307059,
        7.463295683097154,
        7.463295683097185,
        7.896261630694179,
        7.896261630694186,
        7.896261630694202,
        7.896261630694203,
        9.762085551468438,
        9.762085551468443
      ],
      "target_repeated_l0": [
        -2.3549351685290594e-16,
        -2.3549351685290594e-16,
        0.9329119603871474,
        0.9329119603871474,
        0.9329119603871479,
        0.9329119603871479,
        0.932911960387148,
        0.932911960387148,
        0.9329119603871482,
        0.9329119603871482,
        1.8658239207742924,
        1.8658239207742924,
        1.8658239207742935,
        1.8658239207742935,
        1.8658239207742953,
        1.8658239207742953,
        1.8658239207742964,
        1.8658239207742964,
        2.7987358811614396,
        2.7987358811614396,
        2.798735881161441,
        2.798735881161441,
        2.798735881161443,
        2.798735881161443,
        2.7987358811614436,
        2.7987358811614436,
        3.731647841548585,
        3.731647841548585,
        3.7316478415485888,
        3.7316478415485888,
        3.731647841548589,
        3.731647841548589,
        3.731647841548589,
        3.731647841548589,
        3.7316478415485896,
        3.7316478415485896,
        3.7316478415485896,
        3.7316478415485896,
        3.7316478415485896,
        3.7316478415485896,
        3.7316478415485896,
        3.7316478415485896,
        3.73164784154859,
        3.73164784154859,
        3.7316478415485905,
        3.7316478415485905,
        4.664559801935735,
        4.664559801935735,
        4.664559801935736,
        4.664559801935736,
        4.664559801935741,
        4.664559801935741,
        4.664559801935745,
        4.664559801935745,
        5.597471762322884,
        5.597471762322884,
        5.597471762322885,
        5.597471762322885,
        5.597471762322892,
        5.597471762322892,
        5.5974717623228925,
        5.5974717623228925,
        6.530383722710029,
        6.530383722710029,
        6.530383722710036,
        6.530383722710036,
        6.530383722710039,
        6.530383722710039
      ],
      "mean_relative_error": 0.306508508083544,
      "max_relative_error": 0.7320508075688748,
      "eigenvalue_correlation": 0.9431133151166899,
      "operator_relative_frobenius_error": 0.5477225575051661
    },
    "3d_periodic_n8": {
      "l0_eigenvalues": [
        -1.9990921954864315e-17,
        0.5633453116137145,
        0.5633453116137167,
        0.563345311613719,
        0.5633453116137203,
        0.5633453116137206,
        0.563345311613723,
        1.1266906232274263,
        1.126690623227429,
        1.1266906232274303,
        1.1266906232274312,
        1.1266906232274316,
        1.1266906232274336,
        1.126690623227434,
        1.126690623227434,
        1.1266906232274347,
        1.1266906232274367,
        1.1266906232274376,
        1.1266906232274385,
        1.6900359348411467,
        1.6900359348411491,
        1.6900359348411518,
        1.6900359348411524,
        1.6900359348411562,
        1.6900359348411564,
        1.6900359348411573,
        1.69003593484116,
        1.923381203210849,
        1.9233812032108493,
        1.9233812032108533,
        1.923381203210859,
        1.9233812032108597,
        1.9233812032108695,
        2.486726514824548,
        2.4867265148245514,
        2.486726514824557,
        2.4867265148245696,
        2.48672651482457,
        2.486726514824572,
        2.486726514824573,
        2.486726514824573,
        2.486726514824576,
        2.486726514824576,
        2.4867265148245767,
        2.48672651482459,
        3.0500718264382707,
        3.0500718264382716,
        3.0500718264382756
      ],