{
  "config": {
    "epsilon": 0.2,
    "sizes": [
      12,
      16,
      20
    ],
    "variants": [
      "baseline",
      "puncture",
      "line_defect",
      "flux_tube"
    ],
    "restricted_modes": 20,
    "harmonic_tol": 1e-08,
    "eig_tol": 1e-08,
    "penalty": 10.0,
    "flux_tube_phase": 1.5707963267948966
  },
  "continuum_q2": [
    1.0,
    1.0,
    1.0,
    1.0,
    1.0,
    1.0,
    1.0,
    1.0,
    1.0,
    1.0,
    1.0,
    1.0,
    2.0,
    2.0,
    2.0,
    2.0,
    2.0,
    2.0,
    2.0,
    2.0
  ],
  "metrics": {
    "baseline_n12": {
      "variant": "baseline",
      "n_side": 12,
      "scaled_spectrum": [
        37.92059209331384,
        37.92059209331382,
        37.920592093313815,
        37.920592093313836,
        37.92059209331384,
        37.92059209331382,
        37.920592093313765,
        37.92059209331383,
        37.92059209331383,
        75.84118418662767,
        75.84118418662767,
        75.84118418662763,
        75.84118418662763,
        75.84118418662769,
        75.84118418662763,
        75.84118418662761,
        75.84118418662763,
        113.76177627994144,
        113.76177627994157,
        113.76177627994146
      ],
      "continuum_scale": 45.67707683967347,
      "relative_error_first10": 0.21886792452830192,
      "spacing_error_first10": 0.0,
      "divergence_norm_first": 1.6194927045721301e-16,
      "curl_norm_first": 0.513164150240893,
      "ipr_first": 0.00034971176469269984
    },
    "puncture_n12": {
      "variant": "puncture",
      "n_side": 12,
      "scaled_spectrum": [
        34.21934044508712,
        34.21934044508714,
        34.219340445087155,
        37.6286743852637,
        37.628674385263714,
        37.62867438526367,
        37.95792574258201,
        37.957925742582,
        37.957925742582,
        39.06220395513981,
        39.06220395513979,
        39.062203955139815,
        64.85859463505362,
        64.85859463505366,
        64.8585946350536,
        74.75593236066176,
        74.75593236066173,
        74.7559323606618,
        75.45314692747138,
        75.45314692747128
      ],
      "continuum_scale": 36.047822347008996,
      "relative_error_first10": 0.05263201042421286,
      "spacing_error_first10": 0.0,
      "divergence_norm_first": 2.559076660114119e-16,
      "curl_norm_first": 0.48747749552819175,
      "ipr_first": 0.0004279635444451449
    },
    "line_defect_n12": {
      "variant": "line_defect",
      "n_side": 12,
      "scaled_spectrum": [
        36.30058676766231,
        36.300586767662345,
        36.81546510370161,
        36.81546510370161,
        36.815465103701634,
        36.81546510370168,
        37.82024068215205,
        37.92059209331386,
        37.920592093313815,
        37.9205920933139,
        37.9205920933138,
        38.89107761258926,
        69.61668744833725,
        69.61668744833737,
        69.6166874483373,
        72.69842924171913,
        72.69842924171908,
        75.61748634308566,
        75.61748634308569,
        75.84118418662764
      ],
      "continuum_scale": 36.611429000468775,
      "relative_error_first10": 0.017956496149545767,
      "spacing_error_first10": 0.0,
      "divergence_norm_first": 1.4012015404958005e-16,
      "curl_norm_first": 0.5020830689325883,
      "ipr_first": 0.0008329870065157018
    },
    "flux_tube_n12": {
      "variant": "flux_tube",
      "n_side": 12,
      "scaled_spectrum": [
        34.3686161706344,
        37.92059209331394,
        37.92059209331381,
        37.920592093313836,
        37.920592093313786,
        37.9205920933138,
        37.94203492216119,
        37.94203492216119,
        39.812545151276765,
        70.79238969948392,
        71.57530004991305,
        71.575300049913,
        75.84118418662769,
        75.84118418662764,
        75.8411841866276,
        75.84118418662773,
        78.19354078524556,
        78.19354078524559,
        78.39825469150541,
        108.1511422798287
      ],
      "continuum_scale": 41.95940027292692,
      "relative_error_first10": 0.15920008345113773,
      "spacing_error_first10": 0.0,
      "divergence_norm_first": 1.7318646878624055e-16,
      "curl_norm_first": 0.4885396049752833,
      "ipr_first": 0.00046187149191704555
    },
    "baseline_n16": {
      "variant": "baseline",
      "n_side": 16,
      "scaled_spectrum": [
        38.59492939185761,
        38.59492939185776,
        38.59492939185775,
        38.59492939185759,
        38.59492939185774,
        38.59492939185763,
        38.59492939185772,
        38.59492939185769,
        38.59492939185777,
        77.18985878371532,
        77.18985878371538,
        77.18985878371544,
        77.18985878371538,
        77.18985878371544,
        77.18985878371542,
        77.18985878371541,
        77.18985878371545,
        115.784788175573,
        115.78478817557291,
        115.78478817557328
      ],
      "continuum_scale": 46.48934676746496,
      "relative_error_first10": 0.21886792452830184,
      "spacing_error_first10": 0.0,
      "divergence_norm_first": 1.5035029058637923e-16,
      "curl_norm_first": 0.3882801088607865,
      "ipr_first": 0.00015936128238580716
    },
    "puncture_n16": {
      "variant": "puncture",
      "n_side": 16,
      "scaled_spectrum": [
        36.89676751711749,
        36.89676751711747,
        36.8967675171174,
        38.52523172199421,
        38.52523172199423,
        38.52523172199423,
        38.60443467450325,
        38.60443467450325,
        38.604434674503295,
        39.126886908786,
        39.126886908786005,
        39.126886908786034,
        70.84243943005526,
        70.8424394300553,
        70.84243943005526,
        76.92291002900657,
        76.92291002900645,
        76.9229100290064,
        77.08871644910812,
        77.088716449108
      ],
      "continuum_scale": 37.60015738677286,
      "relative_error_first10": 0.025066262098015157,
      "spacing_error_first10": 0.0,
      "divergence_norm_first": 2.3284577860062795e-16,
      "curl_norm_first": 0.37964193408228797,
      "ipr_first": 0.00017873993098812806
    },
    "line_defect_n16": {
      "variant": "line_defect",
      "n_side": 16,
      "scaled_spectrum": [
        37.646877103787695,
        37.64687710378766,
        38.02673287924753,
        38.02673287924754,
        38.026732879247554,
        38.56273935782086,
        38.59492939185765,
        38.594929391857704,
        38.59492939185773,
        39.16688423594408,
        73.81732067729482,
        73.8173206772951,
        75.30337440181759,
        75.30337440181754,
        77.12164684657574,
        77.12164684657564,
        77.18985878371552,
        77.18985878371532,
        77.76181362780187,
        77.76181362780181
      ],
      "continuum_scale": 40.00067683202018,
      "relative_error_first10": 0.04279528513338228,
      "spacing_error_first10": 0.0,
      "divergence_norm_first": 1.2876492958133756e-16,
      "curl_norm_first": 0.38348156890086726,
      "ipr_first": 0.00037719565189182734
    },
    "flux_tube_n16": {
      "variant": "flux_tube",
      "n_side": 16,
      "scaled_spectrum": [
        36.03242687843307,
        38.594929391857846,
        38.59492939185763,
        38.59492939185769,
        38.594929391857725,
        38.59492939185768,
        38.60717002471586,
        38.60717002471576,
        40.115632750439474,
        73.49977423863078,
        74.09324607067003,
        74.09324607067006,
        77.18985878371545,
        77.18985878371537,
        77.18985878371537,
        77.18985878371535,
        79.07210436109918,
        79.07210436109911,
        79.2672117008091,
        111.64270195297352
      ],
      "continuum_scale": 42.81023700089201,
      "relative_error_first10": 0.16268217250636327,
      "spacing_error_first10": 0.0,
      "divergence_norm_first": 1.6999583901558172e-16,
      "curl_norm_first": 0.3751688519771852,
      "ipr_first": 0.000187125736001381
    },