{
  "experiment": "stage9b_DK_first_vs_second_order",
  "config": {
    "n_side": 16,
    "epsilon": 0.2,
    "sigma_2d": 0.08,
    "kick_cycles": 1.0,
    "t_final_2d": 0.6,
    "dt": 0.1250841335444852
  },
  "summary": {
    "max_center_difference": 0.0,
    "max_width_difference": 5.608245829893943e-05,
    "max_norm_difference": 0.0005298415593268935,
    "max_grade_weight_difference": 0.00020461669253502013,
    "max_first_order_energy_drift": 3.462062214316986e-05,
    "max_second_order_energy_drift": 9.753859947969023e-06
  },
  "first_order": {
    "times": [
      0.0,
      0.1250841335444852,
      0.2501682670889704,
      0.37525240063345555,
      0.5003365341779408,
      0.625420667722426
    ],
    "centers": [
      [
        0.25,
        0.5
      ],
      [
        0.25,
        0.5
      ],
      [
        0.25,
        0.5
      ],
      [
        0.25,
        0.5
      ],
      [
        0.25,
        0.5
      ],
      [
        0.25,
        0.5
      ]
    ],
    "widths": [
      0.07999999999999999,
      0.08068430449249328,
      0.08268904684432879,
      0.085881821873473,
      0.09007596416579375,
      0.09506472079993766
    ],
    "norms": [
      0.9999999999999999,
      1.0000000000000002,
      1.0000000000000002,
      1.0,
      1.0,
      1.0000000000000002
    ],
    "energies": [
      -1.1762902048475629e-17,
      -3.7736800107836775e-17,
      -1.7271001794515184e-17,
      -4.6383524191645487e-17,
      -2.9802007216195303e-17,
      2.927345865710862e-18
    ],
    "anisotropies": [
      1.0,
      1.000600492374838,
      1.0021484446586741,
      1.004010108266871,
      1.005449901159284,
      1.005872593533003
    ],
    "grade_weights": [
      [
        0.2500000949078177,
        0.4999999999999819,
        0.24999990509220021
      ],
      [
        0.2730567104272242,
        0.49999999158816955,
        0.22694329798460625
      ],
      [
        0.29445097706132434,
        0.49999998549506997,
        0.20554903744360573
      ],
      [
        0.3126855624702519,
        0.4999999833852443,
        0.18731445414450368
      ],
      [
        0.32657292388316633,
        0.49999998580372823,
        0.17342709031310533
      ],
      [
        0.33534258901049885,
        0.4999999920324661,
        0.16465741895703495
      ]
    ],
    "energy0": -1.1762902048475629e-17
  },
  "second_order": {
    "times": [
      0.0,
      0.1250841335444852,
      0.2501682670889704,
      0.37525240063345555,
      0.5003365341779408,
      0.625420667722426
    ],
    "centers": [
      [
        0.25,
        0.5
      ],
      [
        0.25,
        0.5
      ],
      [
        0.25,
        0.5
      ],
      [
        0.25,
        0.5
      ],
      [
        0.25,
        0.5
      ],
      [
        0.25,
        0.5
      ]
    ],
    "widths": [
      0.07999999999999999,
      0.08068782841125494,
      0.08270227635535764,
      0.08590872977752073,
      0.0901178809030806,
      0.0951208032582366
    ],
    "norms": [
      0.9999999999999999,
      1.0000262780044706,
      1.0001023262993762,
      1.000220151240671,
      1.000367586266981,
      1.0005298415593271
    ],
    "energies": [
      0.689991363658992,
      0.6899917316845383,
      0.6899927800648251,
      0.6899943511862747,
      0.6899962121700987,
      0.6899980937381185
    ],
    "anisotropies": [
      1.0,
      1.0005888655529338,
      1.0021024360833968,
      1.003909168859715,
      1.0052781883258648,
      1.0056207318457708
    ],
    "grade_weights": [
      [
        0.2500000949078177,
        0.4999999999999819,
        0.24999990509220021
      ],
      [
        0.27315935222350024,
        0.499999991444062,
        0.22684065633243788
      ],
      [
        0.2946287837141508,
        0.49999998529211076,
        0.20537123099373839
      ],
      [
        0.31289017916278694,
        0.4999999832550609,
        0.18710983758215208
      ],
      [
        0.32674647534954676,
        0.49999998586307104,
        0.17325353878738226
      ],
      [
        0.33543074307958864,
        0.49999999232555936,
        0.1645692645948519
      ]
    ]
  },
  "observation": "first-order DK propagation and the induced second-order Hodge evolution remain closely matched at the packet level over the tested time window, while each evolution preserves its own conserved quantity with small drift",
  "conclusion": "the first-order DK dynamics is consistent with its validated squared Hodge dynamics in the tested 2D packet regime",
  "plots": [
    "plots/DK_first_vs_second_order_comparison.png"
  ]
}