{
  "experiment": "DK_3D_square_test",
  "timestamp": "20260310_180419",
  "config": {
    "epsilon": 0.2,
    "cochain_sizes": [
      4,
      6,
      8
    ],
    "square_modes": 40
  },
  "systems": {
    "3d_periodic_n4": {
      "square_relative_residual": 1.3876013576651828e-16,
      "eigenvalue_mean_relative_error": 0.05389978690372732,
      "block0_relative_error": 0.0,
      "block1_relative_error": 1.602264034751767e-16,
      "block2_relative_error": 1.602264034751767e-16,
      "block3_relative_error": 0.0,
      "hodge_eigenvalues": [
        -7.42802418992797e-15,
        -5.420315340059341e-15,
        -4.149264322723919e-15,
        -9.241440636005873e-16,
        1.1221055658546123e-15,
        2.916131271484469e-15,
        4.552718316962287e-15,
        4.63344280389648e-15,
        1.7106906546148386,
        1.710690654614842,
        1.7106906546148444,
        1.7106906546148448,
        1.7106906546148455,
        1.7106906546148466,
        1.7106906546148481,
        1.7106906546148484,
        1.7106906546148486,
        1.7106906546148495,
        1.71069065461485,
        1.710690654614851,
        1.7106906546148546,
        3.4213813092296856,
        3.421381309229688,
        3.4213813092296883,
        3.42138130922969,
        3.4213813092296945,
        3.4213813092296994,
        3.4213813092297003,
        3.421381309229701,
        3.4213813092297016,
        3.421381309229704,
        3.4213813092297065,
        3.421381309229708,
        3.4213813092297145,
        5.132071963844528,
        5.132071963844529,
        5.13207196384453,
        5.132071963844534,
        5.132071963844534,
        5.132071963844536
      ],
      "dk_square_eigenvalues": [
        -3.041075877262443e-15,
        -3.0409075682377284e-16,
        -2.864226846603607e-16,
        5.729614359551032e-17,
        4.130952559587794e-16,
        7.517518649547804e-16,
        1.1856419988812823e-15,
        3.661448818073097e-15,
        1.7106906546148377,
        1.7106906546148404,
        1.710690654614842,
        1.7106906546148437,
        1.7106906546148453,
        1.7106906546148455,
        1.7106906546148457,
        1.7106906546148464,
        1.7106906546148484,
        1.7106906546148513,
        1.710690654614852,
        1.7106906546148528,
        1.710690654614858,
        3.421381309229688,
        3.4213813092296887,
        3.4213813092296896,
        3.42138130922969,
        3.421381309229694,
        3.4213813092296945,
        3.4213813092296945,
        3.421381309229696,
        3.4213813092296963,
        3.4213813092297007,
        3.4213813092297025,
        3.4213813092297127,
        3.4213813092297185,
        5.132071963844526,
        5.132071963844533,
        5.132071963844535,
        5.132071963844535,
        5.132071963844536,
        5.132071963844536
      ]
    },
    "3d_periodic_n6": {
      "square_relative_residual": 0.0,
      "eigenvalue_mean_relative_error": 0.05754940482580375,
      "block0_relative_error": 0.0,
      "block1_relative_error": 0.0,
      "block2_relative_error": 0.0,
      "block3_relative_error": 0.0,
      "hodge_eigenvalues": [
        -3.042780954976119e-15,
        -1.580237924166198e-15,
        -1.1834546901877373e-15,
        -1.1786584140343418e-15,
        -1.0071584949491629e-15,
        -6.827292811260477e-16,
        3.6266934706808475e-16,
        1.14881306301275e-15,
        0.932911960387139,
        0.9329119603871394,
        0.932911960387141,
        0.9329119603871411,
        0.9329119603871415,
        0.9329119603871415,
        0.9329119603871419,
        0.9329119603871419,
        0.9329119603871423,
        0.9329119603871429,
        0.9329119603871441,
        0.9329119603871443,
        0.9329119603871454,
        0.932911960387147,
        0.9329119603871475,
        0.9329119603871475,
        0.9329119603871482,
        1.8658239207742688,
        1.8658239207742764,
        1.8658239207742788,
        1.8658239207742813,
        1.8658239207742822,
        1.8658239207742826,
        1.8658239207742846,
        1.8658239207742848,
        1.8658239207742855,
        1.8658239207742897,
        1.86582392077429,
        1.86582392077429,
        1.8658239207742948,
        1.8658239207742975,
        1.8658239207743001
      ],
      "dk_square_eigenvalues": [
        -1.699963594942118e-15,
        -1.3262547181062703e-15,
        -1.2378942363111226e-15,
        1.2456051152485029e-16,
        4.067271013129815e-16,
        9.6343808261031e-16,
        1.3312307953259003e-15,
        2.185501547301156e-15,
        0.9329119603871376,
        0.932911960387139,
        0.9329119603871404,
        0.9329119603871405,
        0.9329119603871405,
        0.9329119603871421,
        0.9329119603871427,
        0.9329119603871427,
        0.9329119603871431,
        0.9329119603871439,
        0.9329119603871443,
        0.9329119603871449,
        0.932911960387145,
        0.9329119603871456,
        0.932911960387146,
        0.9329119603871476,
        0.9329119603871479,
        0.9329119603871483,
        0.9329119603871497,
        0.9329119603871519,
        1.8658239207742744,
        1.8658239207742753,
        1.8658239207742775,
        1.8658239207742795,
        1.8658239207742808,
        1.8658239207742835,
        1.8658239207742855,
        1.8658239207742868,
        1.8658239207742873,
        1.8658239207742875,
        1.8658239207742904,
        1.8658239207742915
      ]
    },
    "3d_periodic_n8": {
      "square_relative_residual": 0.0,
      "eigenvalue_mean_relative_error": 0.05377827025816799,
      "block0_relative_error": 0.0,
      "block1_relative_error": 0.0,
      "block2_relative_error": 0.0,
      "block3_relative_error": 0.0,
      "hodge_eigenvalues": [
        -2.9667994569726837e-15,
        -2.947170340687767e-15,
        -2.0928554356824943e-15,
        -1.8592869805733465e-15,
        2.963900122702674e-16,
        4.688053088911124e-16,
        6.015419000917926e-16,
        2.9631751816361175e-15,
        0.5633453116137118,
        0.5633453116137143,
        0.5633453116137147,
        0.5633453116137148,
        0.563345311613717,
        0.5633453116137181,
        0.5633453116137181,
        0.5633453116137184,
        0.5633453116137186,
        0.5633453116137195,
        0.5633453116137196,
        0.5633453116137229,
        1.1266906232274274,
        1.1266906232274296,
        1.1266906232274299,
        1.126690623227432,
        1.1266906232274325,
        1.126690623227433,
        1.1266906232274372,
        1.1266906232274376,
        1.126690623227438,
        1.1266906232274394,
        1.1266906232274403,
        1.69003593484113,
        1.6900359348411451,
        1.6900359348411473,
        1.6900359348411482,
        1.6900359348411513,
        1.690035934841155,
        1.690035934841156,
        1.6900359348411569,
        1.6900359348411582
      ],