{
  "experiment": "stage8_dispersion_refinement",
  "config": {
    "sizes": [
      16,
      20,
      24
    ],
    "epsilon": 0.2,
    "restricted_modes": 24
  },
  "cases": [
    {
      "n_side": 16,
      "lambdas": [
        0.1507614429369441,
        0.15076144293694407,
        0.1507614429369441,
        0.1507614429369441,
        0.15076144293694413,
        0.1507614429369441,
        0.1507614429369441,
        0.1507614429369441,
        0.1507614429369441,
        0.1507614429369441,
        0.3015228858738883,
        0.3015228858738882,
        0.3015228858738882,
        0.3015228858738882,
        0.3015228858738882,
        0.3015228858738882,
        0.3015228858738882,
        0.30152288587388826,
        0.3015228858738881,
        0.45228432881083236,
        0.4522843288108323,
        0.45228432881083225,
        0.45228432881083236,
        0.45228432881083225
      ],
      "q2": [
        1.0,
        1.0,
        1.0,
        1.0,
        1.0,
        1.0,
        1.0,
        1.0,
        1.0,
        1.0,
        1.0,
        1.0,
        2.0,
        2.0,
        2.0,
        2.0,
        2.0,
        2.0,
        2.0,
        2.0,
        2.0,
        2.0,
        2.0,
        2.0
      ],
      "k": [
        6.283185307179586,
        6.283185307179586,
        6.283185307179586,
        6.283185307179586,
        6.283185307179586,
        6.283185307179586,
        6.283185307179586,
        6.283185307179586,
        6.283185307179586,
        6.283185307179586,
        6.283185307179586,
        6.283185307179586,
        8.885765876316732,
        8.885765876316732,
        8.885765876316732,
        8.885765876316732,
        8.885765876316732,
        8.885765876316732,
        8.885765876316732,
        8.885765876316732,
        8.885765876316732,
        8.885765876316732,
        8.885765876316732,
        8.885765876316732
      ],
      "divergence_norms": [
        1.1623508412165206e-16,
        1.2443180018368442e-16,
        1.8036115768150013e-16,
        1.4676715127200142e-16,
        1.852157773832283e-16,
        1.2774376734557907e-16,
        2.6772166303113e-16,
        1.0962754912789345e-16,
        1.329952034878692e-16,
        2.2666504143172076e-16,
        1.4512869153458331e-16,
        1.5670994951795877e-16,
        1.3600865062335884e-16,
        1.3698280676780026e-16,
        1.2804215294696653e-16,
        1.466641516106819e-16,
        2.1744418332899881e-16,
        1.469954624102414e-16,
        1.5851443911072457e-16,
        1.5944450694689773e-16,
        1.6419254241689818e-16,
        1.9310818006054286e-16,
        1.3541455462002805e-16,
        1.489383802315559e-16
      ],
      "curl_norms": [
        0.38828010886078634,
        0.38828010886078634,
        0.38828010886078634,
        0.3882801088607864,
        0.3882801088607864,
        0.3882801088607864,
        0.3882801088607864,
        0.38828010886078634,
        0.38828010886078634,
        0.38828010886078634,
        0.549110995950626,
        0.5491109959506258,
        0.5491109959506258,
        0.5491109959506258,
        0.5491109959506258,
        0.5491109959506258,
        0.5491109959506258,
        0.5491109959506258,
        0.5491109959506258,
        0.6725208761152566,
        0.6725208761152566,
        0.6725208761152566,
        0.6725208761152567,
        0.6725208761152566
      ],
      "iprs": [
        0.00015825553757312707,
        0.0002579169286660271,
        0.00018997703626620562,
        0.00017279778070982256,
        0.00023469651876983425,
        0.0002027701365409287,
        0.00021686471001590224,
        0.0003040254968332532,
        0.00023424380498450427,
        0.00017358756978539324,
        0.0002185864227444907,
        0.0002482702081009274,
        0.0002304105567702586,
        0.00020090695061140095,
        0.00023863414941369633,
        0.0002514356556140236,
        0.00019439246578068872,
        0.0003036149830709056,
        0.0002248231747989419,
        0.00020881004131008754,
        0.00021989350970469688,
        0.0002377961517559642,
        0.00021276924057882145,
        0.0002356580039771266
      ],
      "fit": {
        "c_eff": 0.004773539951874358,
        "m_eff": -0.012563453578078579,
        "r2": 0.6716417910447761
      },
      "anisotropy": 0.26172051682066805,
      "residuals": [
        -0.025126907156157507,
        -0.025126907156157535,
        -0.025126907156157507,
        -0.025126907156157507,
        -0.02512690715615748,
        -0.025126907156157507,
        -0.025126907156157507,
        -0.025126907156157507,
        -0.025126907156157507,
        -0.025126907156157507,
        0.1256345357807867,
        0.1256345357807866,
        -0.0628172678903936,
        -0.0628172678903936,
        -0.0628172678903936,
        -0.0628172678903936,
        -0.0628172678903936,
        -0.06281726789039355,
        -0.06281726789039371,
        0.08794417504655055,
        0.0879441750465505,
        0.08794417504655044,
        0.08794417504655055,
        0.08794417504655044
      ],
      "n2_lambda1": 38.59492939185769
    },
    {
      "n_side": 20,
      "lambdas": [
        0.09727708174139929,
        0.09727708174139933,
        0.09727708174139932,
        0.09727708174139932,
        0.09727708174139928,
        0.0972770817413993,
        0.0972770817413993,
        0.09727708174139935,
        0.09727708174139932,
        0.09727708174139932,
        0.19455416348279864,
        0.19455416348279864,
        0.1945541634827986,
        0.19455416348279866,
        0.19455416348279866,
        0.1945541634827986,
        0.1945541634827986,
        0.19455416348279864,
        0.1945541634827986,
        0.2918312452241979,
        0.291831245224198,
        0.2918312452241979,
        0.29183124522419795,
        0.29183124522419795
      ],
      "q2": [
        1.0,
        1.0,
        1.0,
        1.0,
        1.0,
        1.0,
        1.0,
        1.0,
        1.0,
        1.0,
        1.0,
        1.0,
        2.0,
        2.0,
        2.0,
        2.0,
        2.0,
        2.0,
        2.0,
        2.0,
        2.0,
        2.0,
        2.0,
        2.0
      ],
      "k": [
        6.283185307179586,
        6.283185307179586,
        6.283185307179586,
        6.283185307179586,
        6.283185307179586,
        6.283185307179586,
        6.283185307179586,
        6.283185307179586,
        6.283185307179586,
        6.283185307179586,
        6.283185307179586,
        6.283185307179586,
        8.885765876316732,
        8.885765876316732,
        8.885765876316732,
        8.885765876316732,
        8.885765876316732,
        8.885765876316732,
        8.885765876316732,
        8.885765876316732,
        8.885765876316732,
        8.885765876316732,
        8.885765876316732,
        8.885765876316732
      ],
      "divergence_norms": [
        1.5871941595010208e-16,
        1.4046807963552195e-16,
        1.3663620413823134e-16,
        1.1811740339618758e-16,
        1.5206529822273938e-16,
        1.9578176102536858e-16,
        1.2304903250879247e-16,
        1.3292365481676485e-16,
        1.8418801749350815e-16,
        1.8243745073410085e-16,
        1.5164218959626765e-16,
        2.0010676347417454e-16,
        1.6440607124530742e-16,
        1.5871376320038683e-16,
        1.8217525429349696e-16,
        1.456261949609541e-16,
        1.4737439985057095e-16,
        1.661182703215653e-16,
        1.35367390584529e-16,
        1.4637991723300213e-16,
        1.8327428165964138e-16,
        1.644319554791156e-16,
        1.302383033900153e-16,
        1.2823908965339365e-16
      ],