{
  "experiment": "stage8_gauss_law_test",
  "config": {
    "sizes": [
      12,
      16,
      20
    ],
    "epsilon": 0.2,
    "source_strength": 1.0,
    "flux_radii": 12
  },
  "cases": [
    {
      "n_side": 12,
      "slope": 0.9999999999999998,
      "correlation": 1.0,
      "l2_residual": 6.6728630646362345e-15,
      "linf_residual": 6.615042714985808e-15,
      "max_signed_flux_mismatch": 0.00869815948667596
    },
    {
      "n_side": 16,
      "slope": 0.9999999999999998,
      "correlation": 1.0,
      "l2_residual": 2.7153446055382552e-15,
      "linf_residual": 2.177457433111263e-15,
      "max_signed_flux_mismatch": 0.004886387799068137
    },
    {
      "n_side": 20,
      "slope": 0.9999999999999998,
      "correlation": 1.0,
      "l2_residual": 4.1405891931273024e-15,
      "linf_residual": 3.854311618131656e-15,
      "max_signed_flux_mismatch": 0.0031283229587871775
    }
  ],
  "largest_n": 20,
  "integrated_flux": {
    "12": {
      "radius": [
        0.08333333333333333,
        0.11666666666666667,
        0.15,
        0.18333333333333335,
        0.21666666666666667,
        0.25,
        0.2833333333333333,
        0.31666666666666665,
        0.35,
        0.3833333333333333,
        0.41666666666666663,
        0.45
      ],
      "enclosed_source": [
        0.9976851851851851,
        0.995949074074074,
        0.9843749999999999,
        0.9809027777777777,
        0.9531249999999999,
        0.9299768518518516,
        0.9010416666666665,
        0.8547453703703702,
        0.8234953703703702,
        0.7471064814814813,
        0.7175925925925923,
        0.6001157407407406
      ],
      "boundary_flux": [
        -1.006383344671861,
        -1.0046320975523633,
        -0.9929571167557062,
        -0.9894546225167091,
        -0.9614346686047327,
        -0.938084707011418,
        -0.9088972550197754,
        -0.8621973318331475,
        -0.8306748836821719,
        -0.7536200104242322,
        -0.7238488093927578,
        -0.6053477543066865
      ],
      "signed_mismatch": [
        -0.00869815948667596,
        -0.008683023478289309,
        -0.008582116755706304,
        -0.008551844738931447,
        -0.008309668604732812,
        -0.008107855159566357,
        -0.007855588353108844,
        -0.007451961462777268,
        -0.007179513311801666,
        -0.0065135289427509235,
        -0.006256216800165415,
        -0.005232013565945937
      ],
      "max_signed_mismatch": 0.00869815948667596
    },
    "16": {
      "radius": [
        0.0625,
        0.09772727272727272,
        0.13295454545454544,
        0.16818181818181818,
        0.2034090909090909,
        0.23863636363636362,
        0.27386363636363636,
        0.3090909090909091,
        0.3443181818181818,
        0.3795454545454545,
        0.41477272727272724,
        0.45
      ],
      "enclosed_source": [
        0.998291015625,
        0.995361328125,
        0.991943359375,
        0.980224609375,
        0.964111328125,
        0.938720703125,
        0.910888671875,
        0.881591796875,
        0.819580078125,
        0.774169921875,
        0.697998046875,
        0.621337890625
      ],
      "boundary_flux": [
        -1.0031774034240681,
        -1.000233375827812,
        -0.9967986769655134,
        -0.9850225665804901,
        -0.9688304148010859,
        -0.9433155089668706,
        -0.9153472468024422,
        -0.8859069708398872,
        -0.8235917200524815,
        -0.7779592923105215,
        -0.7014145748078771,
        -0.6243791860391917
      ],
      "signed_mismatch": [
        -0.004886387799068137,
        -0.00487204770281191,
        -0.004855317590513386,
        -0.004797957205490144,
        -0.004719086676085893,
        -0.004594805841870553,
        -0.0044585749274421715,
        -0.004315173964887231,
        -0.004011641927481491,
        -0.003789370435521522,
        -0.003416527932877056,
        -0.003041295414191736
      ],
      "max_signed_mismatch": 0.004886387799068137
    },
    "20": {
      "radius": [
        0.05,
        0.08636363636363636,
        0.12272727272727274,
        0.15909090909090912,
        0.1954545454545455,
        0.23181818181818187,
        0.2681818181818182,
        0.30454545454545456,
        0.34090909090909094,
        0.3772727272727273,
        0.4136363636363637,
        0.45
      ],
      "enclosed_source": [
        0.9994999999999999,
        0.9976249999999999,
        0.9898749999999998,
        0.9816249999999995,
        0.9686249999999996,
        0.9453749999999995,
        0.9226249999999996,
        0.8813749999999994,
        0.8303749999999996,
        0.7761249999999993,
        0.7033749999999995,
        0.6198749999999997
      ],
      "boundary_flux": [
        -1.0026283229587871,
        -1.0007474544189703,
        -0.992973197787726,
        -0.9846973762125292,
        -0.9716566876697923,
        -0.9483339177760561,
        -0.9255127128262682,
        -0.884133604950282,
        -0.8329739806672417,
        -0.7785541842485151,
        -0.705576484903589,
        -0.6218151392637138
      ],
      "signed_mismatch": [
        -0.0031283229587871775,
        -0.0031224544189704107,
        -0.0030981977877261313,
        -0.0030723762125296483,
        -0.003031687669792671,
        -0.002958917776056613,
        -0.0028877128262686513,
        -0.0027586049502826837,
        -0.002598980667242068,
        -0.002429184248515792,
        -0.0022014849035895123,
        -0.001940139263714058
      ],
      "max_signed_mismatch": 0.0031283229587871775
    }
  },
  "observation": "the induced edge field satisfies a local divergence constraint that matches the inserted scalar source to numerical precision on the tested periodic complexes",
  "conclusion": "the Gauss-law diagnostic is consistent with a discrete divergence constraint of the form d0* A = c rho with c near unity and small integrated flux mismatch",
  "plots": [
    "plots/gauss_residual_map.png",
    "plots/gauss_correlation.png",
    "plots/gauss_integrated_flux.png"
  ]
}