{
  "experiment": "stage9_scalar_packet_dynamics",
  "config": {
    "sizes": [
      16,
      20,
      24
    ],
    "epsilon": 0.2,
    "sigma": 0.08,
    "kick_axis": 0,
    "kick_strength_scalar": 1.0,
    "t_final": 0.45,
    "dt_safety": 0.45
  },
  "cases": [
    {
      "n_side": 16,
      "dt": 0.2631854641944561,
      "steps": 2,
      "times": [
        0.0,
        0.2631854641944561,
        0.5263709283889122
      ],
      "centers": [
        [
          0.25,
          0.5,
          0.5
        ],
        [
          0.27903996580680923,
          0.5,
          0.5
        ],
        [
          0.3019656105087045,
          0.5,
          0.5
        ]
      ],
      "widths": [
        0.09797928897365939,
        0.09762195242797926,
        0.09897430016728935
      ],
      "norms": [
        1.0000000000000002,
        1.006161047171374,
        1.0218906484965542
      ],
      "energies": [
        0.9204248395767043,
        0.9207622353854416,
        0.9215603771412978
      ],
      "anisotropies": [
        1.0000000000000033,
        1.140451342491608,
        1.4434476492928008
      ],
      "summary": {
        "center_x_shift": 0.05196561050870452,
        "width_change": 0.0009950111936299633,
        "relative_norm_change": 0.021890648496553974,
        "relative_energy_drift": 0.0012337102561418563,
        "max_anisotropy": 1.4434476492928008
      }
    },
    {
      "n_side": 20,
      "dt": 0.26268086372525534,
      "steps": 2,
      "times": [
        0.0,
        0.26268086372525534,
        0.5253617274505107
      ],
      "centers": [
        [
          0.25,
          0.5,
          0.5
        ],
        [
          0.2785675680100921,
          0.5,
          0.5
        ],
        [
          0.30006324048317357,
          0.5,
          0.5
        ]
      ],
      "widths": [
        0.09797958965863574,
        0.09712990116694628,
        0.09721876786318709
      ],
      "norms": [
        1.0,
        1.015534625698465,
        1.0570544534455157
      ],
      "energies": [
        0.7773790982250145,
        0.7776947112042701,
        0.778510476376907
      ],
      "anisotropies": [
        1.0000000000000029,
        1.1354304743812176,
        1.4011019236647304
      ],
      "summary": {
        "center_x_shift": 0.050063240483173566,
        "width_change": -0.0007608217954486463,
        "relative_norm_change": 0.05705445344551574,
        "relative_energy_drift": 0.0014553750602193047,
        "max_anisotropy": 1.4011019236647304
      }
    },
    {
      "n_side": 24,
      "dt": 0.2627704795120492,
      "steps": 2,
      "times": [
        0.0,
        0.2627704795120492,
        0.5255409590240984
      ],
      "centers": [
        [
          0.25,
          0.5,
          0.5
        ],
        [
          0.2783355497451043,
          0.5,
          0.5
        ],
        [
          0.2990313187937865,
          0.5,
          0.5
        ]
      ],
      "widths": [
        0.09797958971132598,
        0.0968404846864063,
        0.09623468583913833
      ],
      "norms": [
        1.0,
        1.0209302535007911,
        1.0778252949773122
      ],
      "energies": [
        0.6958532705730657,
        0.6960640959000562,
        0.6966333050954374
      ],
      "anisotropies": [
        1.0000000000000004,
        1.1329448052828104,
        1.378263599314735
      ],
      "summary": {
        "center_x_shift": 0.04903131879378653,
        "width_change": -0.0017449038721876475,
        "relative_norm_change": 0.07782529497731216,
        "relative_energy_drift": 0.0011209755782700416,
        "max_anisotropy": 1.378263599314735
      }
    }
  ],
  "observation": "the scalar packet evolves smoothly on the frozen kernel Laplacian with controlled spreading and small energy drift across the tested lattice sizes",
  "conclusion": "the scalar sector supports coherent second-order packet propagation on the validated architecture",
  "plots": [
    "plots/scalar_packet_position.png",
    "plots/scalar_packet_width.png",
    "plots/scalar_packet_energy.png"
  ]
}