{
  "experiment": "stage8_dispersion_test",
  "config": {
    "sizes": [
      12,
      16,
      20
    ],
    "epsilon": 0.2,
    "restricted_modes": 30
  },
  "cases": [
    {
      "n_side": 12,
      "lambdas": [
        0.2633374450924571,
        0.26333744509245716,
        0.26333744509245705,
        0.26333744509245693,
        0.26333744509245705,
        0.26333744509245705,
        0.2633374450924571,
        0.26333744509245705,
        0.26333744509245705,
        0.263337445092457,
        0.26333744509245705,
        0.26333744509245705,
        0.5266748901849141,
        0.5266748901849141,
        0.5266748901849141,
        0.5266748901849141,
        0.5266748901849141,
        0.5266748901849142,
        0.5266748901849143,
        0.5266748901849141,
        0.5266748901849142,
        0.5266748901849142,
        0.5266748901849141,
        0.7900123352773711,
        0.7900123352773714,
        0.7900123352773711,
        0.7900123352773712,
        0.7900123352773714,
        0.7900123352773711,
        0.7900123352773712
      ],
      "q2": [
        1.0,
        1.0,
        1.0,
        1.0,
        1.0,
        1.0,
        1.0,
        1.0,
        1.0,
        1.0,
        1.0,
        1.0,
        2.0,
        2.0,
        2.0,
        2.0,
        2.0,
        2.0,
        2.0,
        2.0,
        2.0,
        2.0,
        2.0,
        2.0,
        2.0,
        2.0,
        2.0,
        2.0,
        2.0,
        2.0
      ],
      "k": [
        6.283185307179586,
        6.283185307179586,
        6.283185307179586,
        6.283185307179586,
        6.283185307179586,
        6.283185307179586,
        6.283185307179586,
        6.283185307179586,
        6.283185307179586,
        6.283185307179586,
        6.283185307179586,
        6.283185307179586,
        8.885765876316732,
        8.885765876316732,
        8.885765876316732,
        8.885765876316732,
        8.885765876316732,
        8.885765876316732,
        8.885765876316732,
        8.885765876316732,
        8.885765876316732,
        8.885765876316732,
        8.885765876316732,
        8.885765876316732,
        8.885765876316732,
        8.885765876316732,
        8.885765876316732,
        8.885765876316732,
        8.885765876316732,
        8.885765876316732
      ],
      "divergence_norms": [
        1.1649142802562972e-16,
        1.8922780701180837e-16,
        2.0687651434431342e-16,
        1.2242284753498357e-16,
        1.3724468112476045e-16,
        1.500814596516359e-16,
        1.7710786251189706e-16,
        1.2516088115412082e-16,
        1.1013718927725169e-16,
        1.1686809565161667e-16,
        1.1897340813120285e-16,
        1.953764499819359e-16,
        1.3184199703565764e-16,
        2.2504979963503953e-16,
        1.0511581700455037e-16,
        1.6269862656525353e-16,
        1.5540759494509043e-16,
        1.385542144627925e-16,
        1.6814649451986967e-16,
        2.554847005177065e-16,
        1.591712141810245e-16,
        1.4532878800271604e-16,
        1.6030418734882432e-16,
        1.4930374651885816e-16,
        2.172573689338343e-16,
        1.9977390859383537e-16,
        1.7002764489967447e-16,
        1.4611561845574125e-16,
        1.4094025507061033e-16,
        1.4815914595032679e-16
      ],
      "curl_norms": [
        0.5131641502408922,
        0.5131641502408922,
        0.5131641502408923,
        0.5131641502408922,
        0.5131641502408922,
        0.5131641502408922,
        0.5131641502408923,
        0.5131641502408922,
        0.5131641502408923,
        0.5131641502408922,
        0.5131641502408922,
        0.5131641502408922,
        0.7257237009943344,
        0.7257237009943344,
        0.7257237009943344,
        0.7257237009943344,
        0.7257237009943344,
        0.7257237009943344,
        0.7257237009943344,
        0.7257237009943344,
        0.7257237009943344,
        0.7257237009943344,
        0.7257237009943344,
        0.8888263808401341,
        0.8888263808401342,
        0.8888263808401341,
        0.8888263808401341,
        0.8888263808401342,
        0.8888263808401341,
        0.8888263808401342
      ],
      "iprs": [
        0.00048286851478696844,
        0.0004337883797126059,
        0.0003907894179086163,
        0.0005001274822931842,
        0.0004685123155953998,
        0.0005083524096372494,
        0.00043111775646722985,
        0.0004169414344034198,
        0.0003917116572048305,
        0.0006821338580117474,
        0.0006994970556046092,
        0.0004683708214713111,
        0.0005444984077648226,
        0.0005437006410905626,
        0.0005305268664317047,
        0.0004983620398054493,
        0.0004591685683645989,
        0.0004647982412023146,
        0.00055685117260788,
        0.0005378093380012608,
        0.0005166944661717495,
        0.0005180315722538117,
        0.0004641582319663077,
        0.0004206797718447892,
        0.0005656559157060946,
        0.0004930207596162406,
        0.00046028314838676395,
        0.0004734215735341241,
        0.0005495035283550636,
        0.00042934743722913225
      ],
      "fit": {
        "c_eff": 0.009264465845179473,
        "m_eff": -0.10240900642484455,
        "r2": 0.764525993883792
      },
      "anisotropy": 0.10203446962083873,
      "residuals": [
        1.6653345369377348e-16,
        2.220446049250313e-16,
        1.1102230246251565e-16,
        0.0,
        1.1102230246251565e-16,
        1.1102230246251565e-16,
        1.6653345369377348e-16,
        1.1102230246251565e-16,
        1.1102230246251565e-16,
        5.551115123125783e-17,
        1.1102230246251565e-16,
        1.1102230246251565e-16,
        -0.1024090064248443,
        -0.1024090064248443,
        -0.1024090064248443,
        -0.1024090064248443,
        -0.1024090064248443,
        -0.10240900642484418,
        -0.10240900642484407,
        -0.1024090064248443,
        -0.10240900642484418,
        -0.10240900642484418,
        -0.1024090064248443,
        0.16092843866761275,
        0.16092843866761297,
        0.16092843866761275,
        0.16092843866761286,
        0.16092843866761297,
        0.16092843866761275,
        0.16092843866761286
      ]
    },
    {
      "n_side": 16,
      "lambdas": [
        0.15076144293694416,
        0.15076144293694413,
        0.15076144293694413,
        0.15076144293694405,
        0.15076144293694416,
        0.1507614429369441,
        0.1507614429369441,
        0.15076144293694413,
        0.1507614429369441,
        0.15076144293694416,
        0.15076144293694416,
        0.30152288587388826,
        0.3015228858738882,
        0.30152288587388826,
        0.3015228858738882,
        0.3015228858738883,
        0.3015228858738882,
        0.3015228858738882,
        0.3015228858738882,
        0.3015228858738882,
        0.3015228858738882,
        0.45228432881083236,
        0.45228432881083236,
        0.4522843288108323,
        0.45228432881083236,
        0.45228432881083225,
        0.45228432881083236,
        0.45228432881083236,
        0.45228432881083236,
        0.45228432881083225
      ],
      "q2": [
        1.0,
        1.0,
        1.0,
        1.0,
        1.0,
        1.0,
        1.0,
        1.0,
        1.0,
        1.0,
        1.0,
        1.0,
        2.0,
        2.0,
        2.0,
        2.0,
        2.0,
        2.0,
        2.0,
        2.0,
        2.0,
        2.0,
        2.0,
        2.0,
        2.0,
        2.0,
        2.0,
        2.0,
        2.0,
        2.0
      ],