{
  "experiment": "stage8_charge_insertion",
  "config": {
    "n_side": 16,
    "epsilon": 0.2,
    "source_strength": 1.0,
    "radial_bins": 18
  },
  "source_index": 2184,
  "conservation_residual": 2.724415767461611e-15,
  "radial_profile": {
    "radius": [
      0.03125,
      0.08313983302083043,
      0.12345585965311782,
      0.16310519357723957,
      0.2108731154371917,
      0.2613492061603918,
      0.3085166403496632,
      0.35386475764136954,
      0.39940486751406457,
      0.44714626865227725,
      0.4950248276595556,
      0.5412005958369148,
      0.5885619837565362,
      0.6358466377733112,
      0.6804376611823674,
      0.7266820382741459,
      0.7780100618674124,
      0.8193782045440509
    ],
    "mean_field_magnitude": [
      0.16744156953703251,
      0.023746470766427746,
      0.012577765402800922,
      0.006158807755723037,
      0.0031666311351561853,
      0.0021005810202836864,
      0.0015462833218186005,
      0.0010907129892643425,
      0.0007425881022254507,
      0.0005518380478131079,
      0.0003813541639069486,
      0.00031335720536203847,
      0.0002483325498264333,
      0.00017681864242960878,
      0.00014455840470133305,
      0.00011190529622313301,
      8.81661647029126e-05,
      5.45190295604092e-05
    ]
  },
  "flux_balance": {
    "radius": [
      0.0625,
      0.09772727272727272,
      0.13295454545454544,
      0.16818181818181818,
      0.2034090909090909,
      0.23863636363636362,
      0.27386363636363636,
      0.3090909090909091,
      0.3443181818181818,
      0.3795454545454545,
      0.41477272727272724,
      0.45
    ],
    "enclosed_source": [
      0.998291015625,
      0.995361328125,
      0.991943359375,
      0.980224609375,
      0.964111328125,
      0.938720703125,
      0.910888671875,
      0.881591796875,
      0.819580078125,
      0.774169921875,
      0.697998046875,
      0.621337890625
    ],
    "boundary_flux": [
      -1.0031774034240681,
      -1.000233375827812,
      -0.9967986769655134,
      -0.9850225665804901,
      -0.9688304148010859,
      -0.9433155089668706,
      -0.9153472468024422,
      -0.8859069708398872,
      -0.8235917200524815,
      -0.7779592923105215,
      -0.7014145748078771,
      -0.6243791860391917
    ],
    "absolute_balance_error": [
      2.0014684190490684,
      1.995594703952812,
      1.9887420363405135,
      1.9652471759554901,
      1.932941742926086,
      1.8820362120918706,
      1.8262359186774422,
      1.7674987677148872,
      1.6431717981774816,
      1.5521292141855216,
      1.399412621682877,
      1.2457170766641918
    ],
    "max_balance_error": 2.0014684190490684
  },
  "divergence_summary": {
    "max_abs_divergence": 0.9997558593749998,
    "mean_abs_divergence": 0.0004881620407104491
  },
  "observation": "the scalar source produces a smooth induced edge field with a stable flux-balance profile on the periodic cochain architecture",
  "conclusion": "the charge-insertion diagnostic shows structured scalar-to-edge response and exact discrete divergence accounting on the tested architecture",
  "plots": [
    "plots/charge_radial_decay.png",
    "plots/charge_flux_balance.png",
    "plots/charge_divergence_map.png"
  ]
}