{
  "experiment": "DK_spectrum_structure",
  "timestamp": "20260310_175158",
  "config": {
    "epsilon": 0.2,
    "n_side": 12,
    "modes": 60
  },
  "summary": {
    "eigenvalues": [
      -1.116300214867357,
      -1.1163002148673549,
      -1.116300214867349,
      -1.1163002148673482,
      -1.1163002148673395,
      -0.9913570116867291,
      -0.9913570116867261,
      -0.9913570116867216,
      -0.9913570116867213,
      -0.9913570116867209,
      -0.9913570116867209,
      -0.985738091246461,
      -0.7287025018741787,
      -0.725723700994332,
      -0.7257237009943317,
      -0.7257237009943316,
      -0.7257237009943314,
      -0.7257237009943308,
      -0.7257237009943307,
      -0.7257237009943257,
      -0.5415470557740927,
      -0.5131641502408929,
      -0.5131641502408926,
      -0.5131641502408923,
      -0.5131641502408922,
      -0.5131641502408913,
      -0.5131641502408909,
      -0.5131641502408869,
      -1.338973226422382e-17,
      -1.0891210768352695e-17,
      1.3824759306152843e-17,
      1.4674887758289156e-17,
      0.49726454946494064,
      0.5131641502408872,
      0.5131641502408891,
      0.5131641502408892,
      0.5131641502408919,
      0.5131641502408925,
      0.5131641502408928,
      0.5131641502408937,
      0.7045846362356681,
      0.7257237009943289,
      0.7257237009943318,
      0.7257237009943341,
      0.7257237009943343,
      0.7257237009943346,
      0.7257237009943367,
      0.7257237009943378,
      0.9913570116867158,
      0.9913570116867164,
      0.9913570116867184,
      0.9913570116867193,
      0.9913570116867236,
      0.991357011686725,
      1.0152989084247293,
      1.1163002148673402,
      1.1163002148673418,
      1.1163002148673435,
      1.1163002148673493,
      1.116300214867355
    ],
    "ipr": [
      0.0043859519509568175,
      0.004543743929702389,
      0.0046355221011712714,
      0.0035668096841887896,
      0.003963645835222306,
      0.0036452039222595683,
      0.004098060868979664,
      0.0037832288344462157,
      0.002714607447730254,
      0.0037822906751272724,
      0.0033042467821511774,
      0.004342313260992221,
      0.00476294587075842,
      0.004066594454139473,
      0.004693724572103786,
      0.004746792914131823,
      0.004606617773028703,
      0.004284977038002869,
      0.0038735443965933515,
      0.003174367739601694,
      0.004758534046264018,
      0.003041008302290744,
      0.0031926075377163225,
      0.0029727857521469705,
      0.0031738318423713253,
      0.0036884543921434877,
      0.0026729795960161572,
      0.003532436640169579,
      0.0028281119366600363,
      0.003494524825105863,
      0.0025995194208250218,
      0.002730626889954999,
      0.004755139124854303,
      0.00415452760406466,
      0.0030052053174015924,
      0.0029609833441581555,
      0.003702840461525591,
      0.0032162511892568748,
      0.002934506005538962,
      0.0029348815295099934,
      0.004747972330480227,
      0.0034541285619516795,
      0.0028370385655442495,
      0.004477705429873052,
      0.0034022211449663458,
      0.003127606799344388,
      0.0026795921432104125,
      0.0033508891092106966,
      0.0035263869054452004,
      0.0036546582973043503,
      0.003159663340758629,
      0.0034179323641264476,
      0.0034985865237665654,
      0.0035931932209603726,
      0.004762767931476589,
      0.0042321622414466424,
      0.004374041007566081,
      0.004068285743624467,
      0.004312734786622883,
      0.0041739220182326
    ],
    "pairing_error": 0.0053799832255337215,
    "lowest_abs_eigenvalue": 1.0891210768352695e-17,
    "mean_ipr": 0.00370294057125291,
    "max_ipr": 0.00476294587075842,
    "degeneracy_summary": [
      {
        "abs_eigenvalue": 1.3195147524254628e-17,
        "degeneracy": 4
      },
      {
        "abs_eigenvalue": 0.49726454946494064,
        "degeneracy": 1
      },
      {
        "abs_eigenvalue": 0.5131641502408911,
        "degeneracy": 14
      },
      {
        "abs_eigenvalue": 0.5415470557740927,
        "degeneracy": 1
      },
      {
        "abs_eigenvalue": 0.7045846362356681,
        "degeneracy": 1
      },
      {
        "abs_eigenvalue": 0.7257237009943323,
        "degeneracy": 14
      },
      {
        "abs_eigenvalue": 0.7287025018741787,
        "degeneracy": 1
      },
      {
        "abs_eigenvalue": 0.985738091246461,
        "degeneracy": 1
      },
      {
        "abs_eigenvalue": 0.9913570116867215,
        "degeneracy": 12
      },
      {
        "abs_eigenvalue": 1.0152989084247293,
        "degeneracy": 1
      },
      {
        "abs_eigenvalue": 1.1163002148673478,
        "degeneracy": 10
      }
    ],
    "sector_weights": [
      {
        "omega0_fraction": 0.33757070814047874,
        "omega1_fraction": 0.5000000000000029,
        "omega2_fraction": 0.16242929185951843
      },
      {
        "omega0_fraction": 0.3582227056318449,
        "omega1_fraction": 0.500000000000002,
        "omega2_fraction": 0.14177729436815315
      },
      {
        "omega0_fraction": 0.3140974070967762,
        "omega1_fraction": 0.5000000000000003,
        "omega2_fraction": 0.18590259290322333
      },
      {
        "omega0_fraction": 0.291781804458961,
        "omega1_fraction": 0.49999999999999956,
        "omega2_fraction": 0.20821819554103949
      },
      {
        "omega0_fraction": 0.2591888396771245,
        "omega1_fraction": 0.49999999999999545,
        "omega2_fraction": 0.24081116032288005
      },
      {
        "omega0_fraction": 0.274129697651701,
        "omega1_fraction": 0.5000000000000008,
        "omega2_fraction": 0.22587030234829822
      },
      {
        "omega0_fraction": 0.29737451485586125,
        "omega1_fraction": 0.49999999999999933,
        "omega2_fraction": 0.20262548514413947
      },
      {
        "omega0_fraction": 0.32927561728798305,
        "omega1_fraction": 0.4999999999999983,
        "omega2_fraction": 0.17072438271201867
      },
      {
        "omega0_fraction": 0.3362430274471763,
        "omega1_fraction": 0.4999999999999991,
        "omega2_fraction": 0.16375697255282465
      },
      {
        "omega0_fraction": 0.34303178500868386,
        "omega1_fraction": 0.4999999999999973,
        "omega2_fraction": 0.15696821499131883
      },
      {
        "omega0_fraction": 0.3764419077456139,
        "omega1_fraction": 0.4999999999999989,
        "omega2_fraction": 0.12355809225438719
      },
      {
        "omega0_fraction": 0.28204481364017175,
        "omega1_fraction": 0.4967052682265664,
        "omega2_fraction": 0.2212499181332619
      },
      {
        "omega0_fraction": 0.3181755149901427,
        "omega1_fraction": 0.5018010842658296,
        "omega2_fraction": 0.18002340074402767
      },
      {
        "omega0_fraction": 0.2925489081203798,
        "omega1_fraction": 0.4999999999999997,
        "omega2_fraction": 0.2074510918796206
      },
      {
        "omega0_fraction": 0.34899301026355917,
        "omega1_fraction": 0.49999999999999944,
        "omega2_fraction": 0.15100698973644142
      },
      {
        "omega0_fraction": 0.3331521243634332,
        "omega1_fraction": 0.49999999999999944,
        "omega2_fraction": 0.16684787563656742
      },
      {
        "omega0_fraction": 0.3161895492131347,
        "omega1_fraction": 0.4999999999999992,
        "omega2_fraction": 0.18381045078686598
      },
      {
        "omega0_fraction": 0.2966490222704365,
        "omega1_fraction": 0.49999999999999895,
        "omega2_fraction": 0.2033509777295646
      },
      {
        "omega0_fraction": 0.3141057232908874,
        "omega1_fraction": 0.49999999999999906,
        "omega2_fraction": 0.1858942767091137
      },
      {
        "omega0_fraction": 0.32425036121361905,
        "omega1_fraction": 0.49999999999999967,
        "omega2_fraction": 0.17574963878638133
      },
      {
        "omega0_fraction": 0.37537356851702747,
        "omega1_fraction": 0.5146264490812017,