sample,sample_role,model_family,data_kind,k_index,k_reduced,conduction_energy_ev,valence_energy_ev,reference_conduction_energy_ev,reference_valence_energy_ev,conduction_error_ev,valence_error_ev,band_gap_ev,gap_relative_error,conduction_edge_k,valence_edge_k,direct_gap_score,curvature_score,band_shape_score,gap_score,band_order_score,symmetry_score,semiconductor_reference_score,status
toy_direct_gap_reference,reference,declared_two_band_reference,aggregate,,,,,,,,,1.2,0,0,0,1,1,1,1,1,1,1,REFERENCE_TOY_BAND_REPRODUCED
toy_direct_gap_reference,reference,declared_two_band_reference,band_point,0,-1,1.56,-1.32,1.56,-1.32,0,0,,,,,,,,,,,,BAND_POINT_RECORDED
toy_direct_gap_reference,reference,declared_two_band_reference,band_point,1,-0.975,1.55852032019,-1.31889024014,1.55852032019,-1.31889024014,0,0,,,,,,,,,,,,BAND_POINT_RECORDED
toy_direct_gap_reference,reference,declared_two_band_reference,band_point,2,-0.95,1.55409040349,-1.31556780261,1.55409040349,-1.31556780261,0,0,,,,,,,,,,,,BAND_POINT_RECORDED
toy_direct_gap_reference,reference,declared_two_band_reference,band_point,3,-0.925,1.54673756179,-1.31005317134,1.54673756179,-1.31005317134,0,0,,,,,,,,,,,,BAND_POINT_RECORDED
toy_direct_gap_reference,reference,declared_two_band_reference,band_point,4,-0.9,1.53650712782,-1.30238034587,1.53650712782,-1.30238034587,0,0,,,,,,,,,,,,BAND_POINT_RECORDED
toy_direct_gap_reference,reference,declared_two_band_reference,band_point,5,-0.875,1.52346217561,-1.2925966317,1.52346217561,-1.2925966317,0,0,,,,,,,,,,,,BAND_POINT_RECORDED
toy_direct_gap_reference,reference,declared_two_band_reference,band_point,6,-0.85,1.50768313161,-1.28076234871,1.50768313161,-1.28076234871,0,0,,,,,,,,,,,,BAND_POINT_RECORDED
toy_direct_gap_reference,reference,declared_two_band_reference,band_point,7,-0.825,1.48926727889,-1.26695045917,1.48926727889,-1.26695045917,0,0,,,,,,,,,,,,BAND_POINT_RECORDED
toy_direct_gap_reference,reference,declared_two_band_reference,band_point,8,-0.8,1.4683281573,-1.25124611797,1.4683281573,-1.25124611797,0,0,,,,,,,,,,,,BAND_POINT_RECORDED
toy_direct_gap_reference,reference,declared_two_band_reference,band_point,9,-0.775,1.44499486349,-1.23374614762,1.44499486349,-1.23374614762,0,0,,,,,,,,,,,,BAND_POINT_RECORDED
toy_direct_gap_reference,reference,declared_two_band_reference,band_point,10,-0.75,1.41941125497,-1.21455844123,1.41941125497,-1.21455844123,0,0,,,,,,,,,,,,BAND_POINT_RECORDED
toy_direct_gap_reference,reference,declared_two_band_reference,band_point,11,-0.725,1.3917350632,-1.1938012974,1.3917350632,-1.1938012974,0,0,,,,,,,,,,,,BAND_POINT_RECORDED
toy_direct_gap_reference,reference,declared_two_band_reference,band_point,12,-0.7,1.3621369211,-1.17160269083,1.3621369211,-1.17160269083,0,0,,,,,,,,,,,,BAND_POINT_RECORDED
toy_direct_gap_reference,reference,declared_two_band_reference,band_point,13,-0.675,1.33079931106,-1.1480994833,1.33079931106,-1.1480994833,0,0,,,,,,,,,,,,BAND_POINT_RECORDED
toy_direct_gap_reference,reference,declared_two_band_reference,band_point,14,-0.65,1.29791543987,-1.12343657991,1.29791543987,-1.12343657991,0,0,,,,,,,,,,,,BAND_POINT_RECORDED
toy_direct_gap_reference,reference,declared_two_band_reference,band_point,15,-0.625,1.26368804754,-1.09776603565,1.26368804754,-1.09776603565,0,0,,,,,,,,,,,,BAND_POINT_RECORDED
toy_direct_gap_reference,reference,declared_two_band_reference,band_point,16,-0.6,1.2283281573,-1.07124611797,1.2283281573,-1.07124611797,0,0,,,,,,,,,,,,BAND_POINT_RECORDED
toy_direct_gap_reference,reference,declared_two_band_reference,band_point,17,-0.575,1.19205377465,-1.04404033099,1.19205377465,-1.04404033099,0,0,,,,,,,,,,,,BAND_POINT_RECORDED
toy_direct_gap_reference,reference,declared_two_band_reference,band_point,18,-0.55,1.15508854322,-1.01631640741,1.15508854322,-1.01631640741,0,0,,,,,,,,,,,,BAND_POINT_RECORDED
toy_direct_gap_reference,reference,declared_two_band_reference,band_point,19,-0.525,1.11766036595,-0.988245274462,1.11766036595,-0.988245274462,0,0,,,,,,,,,,,,BAND_POINT_RECORDED
toy_direct_gap_reference,reference,declared_two_band_reference,band_point,20,-0.5,1.08,-0.96,1.08,-0.96,0,0,,,,,,,,,,,,BAND_POINT_RECORDED
toy_direct_gap_reference,reference,declared_two_band_reference,band_point,21,-0.475,1.04233963405,-0.931754725538,1.04233963405,-0.931754725538,0,0,,,,,,,,,,,,BAND_POINT_RECORDED
toy_direct_gap_reference,reference,declared_two_band_reference,band_point,22,-0.45,1.00491145678,-0.903683592586,1.00491145678,-0.903683592586,0,0,,,,,,,,,,,,BAND_POINT_RECORDED
toy_direct_gap_reference,reference,declared_two_band_reference,band_point,23,-0.425,0.967946225349,-0.875959669012,0.967946225349,-0.875959669012,0,0,,,,,,,,,,,,BAND_POINT_RECORDED
toy_direct_gap_reference,reference,declared_two_band_reference,band_point,24,-0.4,0.9316718427,-0.848753882025,0.9316718427,-0.848753882025,0,0,,,,,,,,,,,,BAND_POINT_RECORDED
toy_direct_gap_reference,reference,declared_two_band_reference,band_point,25,-0.375,0.896311952465,-0.822233964349,0.896311952465,-0.822233964349,0,0,,,,,,,,,,,,BAND_POINT_RECORDED
toy_direct_gap_reference,reference,declared_two_band_reference,band_point,26,-0.35,0.862084560125,-0.796563420094,0.862084560125,-0.796563420094,0,0,,,,,,,,,,,,BAND_POINT_RECORDED
toy_direct_gap_reference,reference,declared_two_band_reference,band_point,27,-0.325,0.829200688936,-0.771900516702,0.829200688936,-0.771900516702,0,0,,,,,,,,,,,,BAND_POINT_RECORDED
toy_direct_gap_reference,reference,declared_two_band_reference,band_point,28,-0.3,0.7978630789,-0.748397309175,0.7978630789,-0.748397309175,0,0,,,,,,,,,,,,BAND_POINT_RECORDED
toy_direct_gap_reference,reference,declared_two_band_reference,band_point,29,-0.275,0.768264936802,-0.726198702601,0.768264936802,-0.726198702601,0,0,,,,,,,,,,,,BAND_POINT_RECORDED
toy_direct_gap_reference,reference,declared_two_band_reference,band_point,30,-0.25,0.74058874503,-0.705441558773,0.74058874503,-0.705441558773,0,0,,,,,,,,,,,,BAND_POINT_RECORDED
toy_direct_gap_reference,reference,declared_two_band_reference,band_point,31,-0.225,0.715005136512,-0.686253852384,0.715005136512,-0.686253852384,0,0,,,,,,,,,,,,BAND_POINT_RECORDED
toy_direct_gap_reference,reference,declared_two_band_reference,band_point,32,-0.2,0.6916718427,-0.668753882025,0.6916718427,-0.668753882025,0,0,,,,,,,,,,,,BAND_POINT_RECORDED
toy_direct_gap_reference,reference,declared_two_band_reference,band_point,33,-0.175,0.67073272111,-0.653049540833,0.67073272111,-0.653049540833,0,0,,,,,,,,,,,,BAND_POINT_RECORDED
toy_direct_gap_reference,reference,declared_two_band_reference,band_point,34,-0.15,0.65231686839,-0.639237651292,0.65231686839,-0.639237651292,0,0,,,,,,,,,,,,BAND_POINT_RECORDED
toy_direct_gap_reference,reference,declared_two_band_reference,band_point,35,-0.125,0.636537824395,-0.627403368296,0.636537824395,-0.627403368296,0,0,,,,,,,,,,,,BAND_POINT_RECORDED
toy_direct_gap_reference,reference,declared_two_band_reference,band_point,36,-0.1,0.623492872178,-0.617619654134,0.623492872178,-0.617619654134,0,0,,,,,,,,,,,,BAND_POINT_RECORDED
toy_direct_gap_reference,reference,declared_two_band_reference,band_point,37,-0.075,0.613262438209,-0.609946828657,0.613262438209,-0.609946828657,0,0,,,,,,,,,,,,BAND_POINT_RECORDED
toy_direct_gap_reference,reference,declared_two_band_reference,band_point,38,-0.05,0.605909596514,-0.604432197386,0.605909596514,-0.604432197386,0,0,,,,,,,,,,,,BAND_POINT_RECORDED
toy_direct_gap_reference,reference,declared_two_band_reference,band_point,39,-0.025,0.601479679808,-0.601109759856,0.601479679808,-0.601109759856,0,0,,,,,,,,,,,,BAND_POINT_RECORDED
toy_direct_gap_reference,reference,declared_two_band_reference,band_point,40,0,0.6,-0.6,0.6,-0.6,0,0,,,,,,,,,,,,BAND_POINT_RECORDED
toy_direct_gap_reference,reference,declared_two_band_reference,band_point,41,0.025,0.601479679808,-0.601109759856,0.601479679808,-0.601109759856,0,0,,,,,,,,,,,,BAND_POINT_RECORDED
toy_direct_gap_reference,reference,declared_two_band_reference,band_point,42,0.05,0.605909596514,-0.604432197386,0.605909596514,-0.604432197386,0,0,,,,,,,,,,,,BAND_POINT_RECORDED
toy_direct_gap_reference,reference,declared_two_band_reference,band_point,43,0.075,0.613262438209,-0.609946828657,0.613262438209,-0.609946828657,0,0,,,,,,,,,,,,BAND_POINT_RECORDED
toy_direct_gap_reference,reference,declared_two_band_reference,band_point,44,0.1,0.623492872178,-0.617619654134,0.623492872178,-0.617619654134,0,0,,,,,,,,,,,,BAND_POINT_RECORDED
toy_direct_gap_reference,reference,declared_two_band_reference,band_point,45,0.125,0.636537824395,-0.627403368296,0.636537824395,-0.627403368296,0,0,,,,,,,,,,,,BAND_POINT_RECORDED
toy_direct_gap_reference,reference,declared_two_band_reference,band_point,46,0.15,0.65231686839,-0.639237651292,0.65231686839,-0.639237651292,0,0,,,,,,,,,,,,BAND_POINT_RECORDED
toy_direct_gap_reference,reference,declared_two_band_reference,band_point,47,0.175,0.67073272111,-0.653049540833,0.67073272111,-0.653049540833,0,0,,,,,,,,,,,,BAND_POINT_RECORDED
toy_direct_gap_reference,reference,declared_two_band_reference,band_point,48,0.2,0.6916718427,-0.668753882025,0.6916718427,-0.668753882025,0,0,,,,,,,,,,,,BAND_POINT_RECORDED
toy_direct_gap_reference,reference,declared_two_band_reference,band_point,49,0.225,0.715005136512,-0.686253852384,0.715005136512,-0.686253852384,0,0,,,,,,,,,,,,BAND_POINT_RECORDED
toy_direct_gap_reference,reference,declared_two_band_reference,band_point,50,0.25,0.74058874503,-0.705441558773,0.74058874503,-0.705441558773,0,0,,,,,,,,,,,,BAND_POINT_RECORDED
toy_direct_gap_reference,reference,declared_two_band_reference,band_point,51,0.275,0.768264936802,-0.726198702601,0.768264936802,-0.726198702601,0,0,,,,,,,,,,,,BAND_POINT_RECORDED
toy_direct_gap_reference,reference,declared_two_band_reference,band_point,52,0.3,0.7978630789,-0.748397309175,0.7978630789,-0.748397309175,0,0,,,,,,,,,,,,BAND_POINT_RECORDED
toy_direct_gap_reference,reference,declared_two_band_reference,band_point,53,0.325,0.829200688936,-0.771900516702,0.829200688936,-0.771900516702,0,0,,,,,,,,,,,,BAND_POINT_RECORDED
toy_direct_gap_reference,reference,declared_two_band_reference,band_point,54,0.35,0.862084560125,-0.796563420094,0.862084560125,-0.796563420094,0,0,,,,,,,,,,,,BAND_POINT_RECORDED
toy_direct_gap_reference,reference,declared_two_band_reference,band_point,55,0.375,0.896311952465,-0.822233964349,0.896311952465,-0.822233964349,0,0,,,,,,,,,,,,BAND_POINT_RECORDED
toy_direct_gap_reference,reference,declared_two_band_reference,band_point,56,0.4,0.9316718427,-0.848753882025,0.9316718427,-0.848753882025,0,0,,,,,,,,,,,,BAND_POINT_RECORDED
toy_direct_gap_reference,reference,declared_two_band_reference,band_point,57,0.425,0.967946225349,-0.875959669012,0.967946225349,-0.875959669012,0,0,,,,,,,,,,,,BAND_POINT_RECORDED
toy_direct_gap_reference,reference,declared_two_band_reference,band_point,58,0.45,1.00491145678,-0.903683592586,1.00491145678,-0.903683592586,0,0,,,,,,,,,,,,BAND_POINT_RECORDED
toy_direct_gap_reference,reference,declared_two_band_reference,band_point,59,0.475,1.04233963405,-0.931754725538,1.04233963405,-0.931754725538,0,0,,,,,,,,,,,,BAND_POINT_RECORDED
toy_direct_gap_reference,reference,declared_two_band_reference,band_point,60,0.5,1.08,-0.96,1.08,-0.96,0,0,,,,,,,,,,,,BAND_POINT_RECORDED
toy_direct_gap_reference,reference,declared_two_band_reference,band_point,61,0.525,1.11766036595,-0.988245274462,1.11766036595,-0.988245274462,0,0,,,,,,,,,,,,BAND_POINT_RECORDED
toy_direct_gap_reference,reference,declared_two_band_reference,band_point,62,0.55,1.15508854322,-1.01631640741,1.15508854322,-1.01631640741,0,0,,,,,,,,,,,,BAND_POINT_RECORDED
toy_direct_gap_reference,reference,declared_two_band_reference,band_point,63,0.575,1.19205377465,-1.04404033099,1.19205377465,-1.04404033099,0,0,,,,,,,,,,,,BAND_POINT_RECORDED
toy_direct_gap_reference,reference,declared_two_band_reference,band_point,64,0.6,1.2283281573,-1.07124611797,1.2283281573,-1.07124611797,0,0,,,,,,,,,,,,BAND_POINT_RECORDED
toy_direct_gap_reference,reference,declared_two_band_reference,band_point,65,0.625,1.26368804754,-1.09776603565,1.26368804754,-1.09776603565,0,0,,,,,,,,,,,,BAND_POINT_RECORDED
toy_direct_gap_reference,reference,declared_two_band_reference,band_point,66,0.65,1.29791543987,-1.12343657991,1.29791543987,-1.12343657991,0,0,,,,,,,,,,,,BAND_POINT_RECORDED
toy_direct_gap_reference,reference,declared_two_band_reference,band_point,67,0.675,1.33079931106,-1.1480994833,1.33079931106,-1.1480994833,0,0,,,,,,,,,,,,BAND_POINT_RECORDED
toy_direct_gap_reference,reference,declared_two_band_reference,band_point,68,0.7,1.3621369211,-1.17160269083,1.3621369211,-1.17160269083,0,0,,,,,,,,,,,,BAND_POINT_RECORDED
toy_direct_gap_reference,reference,declared_two_band_reference,band_point,69,0.725,1.3917350632,-1.1938012974,1.3917350632,-1.1938012974,0,0,,,,,,,,,,,,BAND_POINT_RECORDED
toy_direct_gap_reference,reference,declared_two_band_reference,band_point,70,0.75,1.41941125497,-1.21455844123,1.41941125497,-1.21455844123,0,0,,,,,,,,,,,,BAND_POINT_RECORDED
toy_direct_gap_reference,reference,declared_two_band_reference,band_point,71,0.775,1.44499486349,-1.23374614762,1.44499486349,-1.23374614762,0,0,,,,,,,,,,,,BAND_POINT_RECORDED
toy_direct_gap_reference,reference,declared_two_band_reference,band_point,72,0.8,1.4683281573,-1.25124611797,1.4683281573,-1.25124611797,0,0,,,,,,,,,,,,BAND_POINT_RECORDED
toy_direct_gap_reference,reference,declared_two_band_reference,band_point,73,0.825,1.48926727889,-1.26695045917,1.48926727889,-1.26695045917,0,0,,,,,,,,,,,,BAND_POINT_RECORDED
toy_direct_gap_reference,reference,declared_two_band_reference,band_point,74,0.85,1.50768313161,-1.28076234871,1.50768313161,-1.28076234871,0,0,,,,,,,,,,,,BAND_POINT_RECORDED
toy_direct_gap_reference,reference,declared_two_band_reference,band_point,75,0.875,1.52346217561,-1.2925966317,1.52346217561,-1.2925966317,0,0,,,,,,,,,,,,BAND_POINT_RECORDED
toy_direct_gap_reference,reference,declared_two_band_reference,band_point,76,0.9,1.53650712782,-1.30238034587,1.53650712782,-1.30238034587,0,0,,,,,,,,,,,,BAND_POINT_RECORDED
toy_direct_gap_reference,reference,declared_two_band_reference,band_point,77,0.925,1.54673756179,-1.31005317134,1.54673756179,-1.31005317134,0,0,,,,,,,,,,,,BAND_POINT_RECORDED
toy_direct_gap_reference,reference,declared_two_band_reference,band_point,78,0.95,1.55409040349,-1.31556780261,1.55409040349,-1.31556780261,0,0,,,,,,,,,,,,BAND_POINT_RECORDED
toy_direct_gap_reference,reference,declared_two_band_reference,band_point,79,0.975,1.55852032019,-1.31889024014,1.55852032019,-1.31889024014,0,0,,,,,,,,,,,,BAND_POINT_RECORDED
toy_direct_gap_reference,reference,declared_two_band_reference,band_point,80,1,1.56,-1.32,1.56,-1.32,0,0,,,,,,,,,,,,BAND_POINT_RECORDED
scaled_gap_control,negative_control,gap_scale_control,aggregate,,,,,,,,,0.864,0.28,0,0,1,1,0,0,1,1,0,CONTROL_REJECTED
scaled_gap_control,negative_control,gap_scale_control,band_point,0,-1,1.392,-1.152,1.56,-1.32,-0.168,0.168,,,,,,,,,,,,BAND_POINT_RECORDED
scaled_gap_control,negative_control,gap_scale_control,band_point,1,-0.975,1.39052032019,-1.15089024014,1.55852032019,-1.31889024014,-0.168,0.168,,,,,,,,,,,,BAND_POINT_RECORDED
scaled_gap_control,negative_control,gap_scale_control,band_point,2,-0.95,1.38609040349,-1.14756780261,1.55409040349,-1.31556780261,-0.168,0.168,,,,,,,,,,,,BAND_POINT_RECORDED
scaled_gap_control,negative_control,gap_scale_control,band_point,3,-0.925,1.37873756179,-1.14205317134,1.54673756179,-1.31005317134,-0.168,0.168,,,,,,,,,,,,BAND_POINT_RECORDED
scaled_gap_control,negative_control,gap_scale_control,band_point,4,-0.9,1.36850712782,-1.13438034587,1.53650712782,-1.30238034587,-0.168,0.168,,,,,,,,,,,,BAND_POINT_RECORDED
scaled_gap_control,negative_control,gap_scale_control,band_point,5,-0.875,1.35546217561,-1.1245966317,1.52346217561,-1.2925966317,-0.168,0.168,,,,,,,,,,,,BAND_POINT_RECORDED
scaled_gap_control,negative_control,gap_scale_control,band_point,6,-0.85,1.33968313161,-1.11276234871,1.50768313161,-1.28076234871,-0.168,0.168,,,,,,,,,,,,BAND_POINT_RECORDED
scaled_gap_control,negative_control,gap_scale_control,band_point,7,-0.825,1.32126727889,-1.09895045917,1.48926727889,-1.26695045917,-0.168,0.168,,,,,,,,,,,,BAND_POINT_RECORDED
scaled_gap_control,negative_control,gap_scale_control,band_point,8,-0.8,1.3003281573,-1.08324611797,1.4683281573,-1.25124611797,-0.168,0.168,,,,,,,,,,,,BAND_POINT_RECORDED
scaled_gap_control,negative_control,gap_scale_control,band_point,9,-0.775,1.27699486349,-1.06574614762,1.44499486349,-1.23374614762,-0.168,0.168,,,,,,,,,,,,BAND_POINT_RECORDED
scaled_gap_control,negative_control,gap_scale_control,band_point,10,-0.75,1.25141125497,-1.04655844123,1.41941125497,-1.21455844123,-0.168,0.168,,,,,,,,,,,,BAND_POINT_RECORDED
scaled_gap_control,negative_control,gap_scale_control,band_point,11,-0.725,1.2237350632,-1.0258012974,1.3917350632,-1.1938012974,-0.168,0.168,,,,,,,,,,,,BAND_POINT_RECORDED
scaled_gap_control,negative_control,gap_scale_control,band_point,12,-0.7,1.1941369211,-1.00360269083,1.3621369211,-1.17160269083,-0.168,0.168,,,,,,,,,,,,BAND_POINT_RECORDED
scaled_gap_control,negative_control,gap_scale_control,band_point,13,-0.675,1.16279931106,-0.980099483298,1.33079931106,-1.1480994833,-0.168,0.168,,,,,,,,,,,,BAND_POINT_RECORDED
scaled_gap_control,negative_control,gap_scale_control,band_point,14,-0.65,1.12991543987,-0.955436579906,1.29791543987,-1.12343657991,-0.168,0.168,,,,,,,,,,,,BAND_POINT_RECORDED
scaled_gap_control,negative_control,gap_scale_control,band_point,15,-0.625,1.09568804754,-0.929766035651,1.26368804754,-1.09776603565,-0.168,0.168,,,,,,,,,,,,BAND_POINT_RECORDED
scaled_gap_control,negative_control,gap_scale_control,band_point,16,-0.6,1.0603281573,-0.903246117975,1.2283281573,-1.07124611797,-0.168,0.168,,,,,,,,,,,,BAND_POINT_RECORDED
scaled_gap_control,negative_control,gap_scale_control,band_point,17,-0.575,1.02405377465,-0.876040330988,1.19205377465,-1.04404033099,-0.168,0.168,,,,,,,,,,,,BAND_POINT_RECORDED
scaled_gap_control,negative_control,gap_scale_control,band_point,18,-0.55,0.987088543219,-0.848316407414,1.15508854322,-1.01631640741,-0.168,0.168,,,,,,,,,,,,BAND_POINT_RECORDED
scaled_gap_control,negative_control,gap_scale_control,band_point,19,-0.525,0.949660365949,-0.820245274462,1.11766036595,-0.988245274462,-0.168,0.168,,,,,,,,,,,,BAND_POINT_RECORDED
scaled_gap_control,negative_control,gap_scale_control,band_point,20,-0.5,0.912,-0.792,1.08,-0.96,-0.168,0.168,,,,,,,,,,,,BAND_POINT_RECORDED
scaled_gap_control,negative_control,gap_scale_control,band_point,21,-0.475,0.874339634051,-0.763754725538,1.04233963405,-0.931754725538,-0.168,0.168,,,,,,,,,,,,BAND_POINT_RECORDED
scaled_gap_control,negative_control,gap_scale_control,band_point,22,-0.45,0.836911456781,-0.735683592586,1.00491145678,-0.903683592586,-0.168,0.168,,,,,,,,,,,,BAND_POINT_RECORDED
scaled_gap_control,negative_control,gap_scale_control,band_point,23,-0.425,0.799946225349,-0.707959669012,0.967946225349,-0.875959669012,-0.168,0.168,,,,,,,,,,,,BAND_POINT_RECORDED
scaled_gap_control,negative_control,gap_scale_control,band_point,24,-0.4,0.7636718427,-0.680753882025,0.9316718427,-0.848753882025,-0.168,0.168,,,,,,,,,,,,BAND_POINT_RECORDED
scaled_gap_control,negative_control,gap_scale_control,band_point,25,-0.375,0.728311952465,-0.654233964349,0.896311952465,-0.822233964349,-0.168,0.168,,,,,,,,,,,,BAND_POINT_RECORDED
scaled_gap_control,negative_control,gap_scale_control,band_point,26,-0.35,0.694084560125,-0.628563420094,0.862084560125,-0.796563420094,-0.168,0.168,,,,,,,,,,,,BAND_POINT_RECORDED
scaled_gap_control,negative_control,gap_scale_control,band_point,27,-0.325,0.661200688936,-0.603900516702,0.829200688936,-0.771900516702,-0.168,0.168,,,,,,,,,,,,BAND_POINT_RECORDED
scaled_gap_control,negative_control,gap_scale_control,band_point,28,-0.3,0.6298630789,-0.580397309175,0.7978630789,-0.748397309175,-0.168,0.168,,,,,,,,,,,,BAND_POINT_RECORDED
scaled_gap_control,negative_control,gap_scale_control,band_point,29,-0.275,0.600264936802,-0.558198702601,0.768264936802,-0.726198702601,-0.168,0.168,,,,,,,,,,,,BAND_POINT_RECORDED
scaled_gap_control,negative_control,gap_scale_control,band_point,30,-0.25,0.57258874503,-0.537441558773,0.74058874503,-0.705441558773,-0.168,0.168,,,,,,,,,,,,BAND_POINT_RECORDED
scaled_gap_control,negative_control,gap_scale_control,band_point,31,-0.225,0.547005136512,-0.518253852384,0.715005136512,-0.686253852384,-0.168,0.168,,,,,,,,,,,,BAND_POINT_RECORDED
scaled_gap_control,negative_control,gap_scale_control,band_point,32,-0.2,0.5236718427,-0.500753882025,0.6916718427,-0.668753882025,-0.168,0.168,,,,,,,,,,,,BAND_POINT_RECORDED
scaled_gap_control,negative_control,gap_scale_control,band_point,33,-0.175,0.50273272111,-0.485049540833,0.67073272111,-0.653049540833,-0.168,0.168,,,,,,,,,,,,BAND_POINT_RECORDED
scaled_gap_control,negative_control,gap_scale_control,band_point,34,-0.15,0.48431686839,-0.471237651292,0.65231686839,-0.639237651292,-0.168,0.168,,,,,,,,,,,,BAND_POINT_RECORDED
scaled_gap_control,negative_control,gap_scale_control,band_point,35,-0.125,0.468537824395,-0.459403368296,0.636537824395,-0.627403368296,-0.168,0.168,,,,,,,,,,,,BAND_POINT_RECORDED
scaled_gap_control,negative_control,gap_scale_control,band_point,36,-0.1,0.455492872178,-0.449619654134,0.623492872178,-0.617619654134,-0.168,0.168,,,,,,,,,,,,BAND_POINT_RECORDED
scaled_gap_control,negative_control,gap_scale_control,band_point,37,-0.075,0.445262438209,-0.441946828657,0.613262438209,-0.609946828657,-0.168,0.168,,,,,,,,,,,,BAND_POINT_RECORDED
scaled_gap_control,negative_control,gap_scale_control,band_point,38,-0.05,0.437909596514,-0.436432197386,0.605909596514,-0.604432197386,-0.168,0.168,,,,,,,,,,,,BAND_POINT_RECORDED
scaled_gap_control,negative_control,gap_scale_control,band_point,39,-0.025,0.433479679808,-0.433109759856,0.601479679808,-0.601109759856,-0.168,0.168,,,,,,,,,,,,BAND_POINT_RECORDED
scaled_gap_control,negative_control,gap_scale_control,band_point,40,0,0.432,-0.432,0.6,-0.6,-0.168,0.168,,,,,,,,,,,,BAND_POINT_RECORDED
scaled_gap_control,negative_control,gap_scale_control,band_point,41,0.025,0.433479679808,-0.433109759856,0.601479679808,-0.601109759856,-0.168,0.168,,,,,,,,,,,,BAND_POINT_RECORDED
scaled_gap_control,negative_control,gap_scale_control,band_point,42,0.05,0.437909596514,-0.436432197386,0.605909596514,-0.604432197386,-0.168,0.168,,,,,,,,,,,,BAND_POINT_RECORDED
scaled_gap_control,negative_control,gap_scale_control,band_point,43,0.075,0.445262438209,-0.441946828657,0.613262438209,-0.609946828657,-0.168,0.168,,,,,,,,,,,,BAND_POINT_RECORDED
scaled_gap_control,negative_control,gap_scale_control,band_point,44,0.1,0.455492872178,-0.449619654134,0.623492872178,-0.617619654134,-0.168,0.168,,,,,,,,,,,,BAND_POINT_RECORDED
scaled_gap_control,negative_control,gap_scale_control,band_point,45,0.125,0.468537824395,-0.459403368296,0.636537824395,-0.627403368296,-0.168,0.168,,,,,,,,,,,,BAND_POINT_RECORDED
scaled_gap_control,negative_control,gap_scale_control,band_point,46,0.15,0.48431686839,-0.471237651292,0.65231686839,-0.639237651292,-0.168,0.168,,,,,,,,,,,,BAND_POINT_RECORDED
scaled_gap_control,negative_control,gap_scale_control,band_point,47,0.175,0.50273272111,-0.485049540833,0.67073272111,-0.653049540833,-0.168,0.168,,,,,,,,,,,,BAND_POINT_RECORDED
scaled_gap_control,negative_control,gap_scale_control,band_point,48,0.2,0.5236718427,-0.500753882025,0.6916718427,-0.668753882025,-0.168,0.168,,,,,,,,,,,,BAND_POINT_RECORDED
scaled_gap_control,negative_control,gap_scale_control,band_point,49,0.225,0.547005136512,-0.518253852384,0.715005136512,-0.686253852384,-0.168,0.168,,,,,,,,,,,,BAND_POINT_RECORDED
scaled_gap_control,negative_control,gap_scale_control,band_point,50,0.25,0.57258874503,-0.537441558773,0.74058874503,-0.705441558773,-0.168,0.168,,,,,,,,,,,,BAND_POINT_RECORDED
scaled_gap_control,negative_control,gap_scale_control,band_point,51,0.275,0.600264936802,-0.558198702601,0.768264936802,-0.726198702601,-0.168,0.168,,,,,,,,,,,,BAND_POINT_RECORDED
scaled_gap_control,negative_control,gap_scale_control,band_point,52,0.3,0.6298630789,-0.580397309175,0.7978630789,-0.748397309175,-0.168,0.168,,,,,,,,,,,,BAND_POINT_RECORDED
scaled_gap_control,negative_control,gap_scale_control,band_point,53,0.325,0.661200688936,-0.603900516702,0.829200688936,-0.771900516702,-0.168,0.168,,,,,,,,,,,,BAND_POINT_RECORDED
scaled_gap_control,negative_control,gap_scale_control,band_point,54,0.35,0.694084560125,-0.628563420094,0.862084560125,-0.796563420094,-0.168,0.168,,,,,,,,,,,,BAND_POINT_RECORDED
scaled_gap_control,negative_control,gap_scale_control,band_point,55,0.375,0.728311952465,-0.654233964349,0.896311952465,-0.822233964349,-0.168,0.168,,,,,,,,,,,,BAND_POINT_RECORDED
scaled_gap_control,negative_control,gap_scale_control,band_point,56,0.4,0.7636718427,-0.680753882025,0.9316718427,-0.848753882025,-0.168,0.168,,,,,,,,,,,,BAND_POINT_RECORDED
scaled_gap_control,negative_control,gap_scale_control,band_point,57,0.425,0.799946225349,-0.707959669012,0.967946225349,-0.875959669012,-0.168,0.168,,,,,,,,,,,,BAND_POINT_RECORDED
scaled_gap_control,negative_control,gap_scale_control,band_point,58,0.45,0.836911456781,-0.735683592586,1.00491145678,-0.903683592586,-0.168,0.168,,,,,,,,,,,,BAND_POINT_RECORDED
scaled_gap_control,negative_control,gap_scale_control,band_point,59,0.475,0.874339634051,-0.763754725538,1.04233963405,-0.931754725538,-0.168,0.168,,,,,,,,,,,,BAND_POINT_RECORDED
scaled_gap_control,negative_control,gap_scale_control,band_point,60,0.5,0.912,-0.792,1.08,-0.96,-0.168,0.168,,,,,,,,,,,,BAND_POINT_RECORDED
scaled_gap_control,negative_control,gap_scale_control,band_point,61,0.525,0.949660365949,-0.820245274462,1.11766036595,-0.988245274462,-0.168,0.168,,,,,,,,,,,,BAND_POINT_RECORDED
scaled_gap_control,negative_control,gap_scale_control,band_point,62,0.55,0.987088543219,-0.848316407414,1.15508854322,-1.01631640741,-0.168,0.168,,,,,,,,,,,,BAND_POINT_RECORDED
scaled_gap_control,negative_control,gap_scale_control,band_point,63,0.575,1.02405377465,-0.876040330988,1.19205377465,-1.04404033099,-0.168,0.168,,,,,,,,,,,,BAND_POINT_RECORDED
scaled_gap_control,negative_control,gap_scale_control,band_point,64,0.6,1.0603281573,-0.903246117975,1.2283281573,-1.07124611797,-0.168,0.168,,,,,,,,,,,,BAND_POINT_RECORDED
scaled_gap_control,negative_control,gap_scale_control,band_point,65,0.625,1.09568804754,-0.929766035651,1.26368804754,-1.09776603565,-0.168,0.168,,,,,,,,,,,,BAND_POINT_RECORDED
scaled_gap_control,negative_control,gap_scale_control,band_point,66,0.65,1.12991543987,-0.955436579906,1.29791543987,-1.12343657991,-0.168,0.168,,,,,,,,,,,,BAND_POINT_RECORDED
scaled_gap_control,negative_control,gap_scale_control,band_point,67,0.675,1.16279931106,-0.980099483298,1.33079931106,-1.1480994833,-0.168,0.168,,,,,,,,,,,,BAND_POINT_RECORDED
scaled_gap_control,negative_control,gap_scale_control,band_point,68,0.7,1.1941369211,-1.00360269083,1.3621369211,-1.17160269083,-0.168,0.168,,,,,,,,,,,,BAND_POINT_RECORDED
scaled_gap_control,negative_control,gap_scale_control,band_point,69,0.725,1.2237350632,-1.0258012974,1.3917350632,-1.1938012974,-0.168,0.168,,,,,,,,,,,,BAND_POINT_RECORDED
scaled_gap_control,negative_control,gap_scale_control,band_point,70,0.75,1.25141125497,-1.04655844123,1.41941125497,-1.21455844123,-0.168,0.168,,,,,,,,,,,,BAND_POINT_RECORDED
scaled_gap_control,negative_control,gap_scale_control,band_point,71,0.775,1.27699486349,-1.06574614762,1.44499486349,-1.23374614762,-0.168,0.168,,,,,,,,,,,,BAND_POINT_RECORDED
scaled_gap_control,negative_control,gap_scale_control,band_point,72,0.8,1.3003281573,-1.08324611797,1.4683281573,-1.25124611797,-0.168,0.168,,,,,,,,,,,,BAND_POINT_RECORDED
scaled_gap_control,negative_control,gap_scale_control,band_point,73,0.825,1.32126727889,-1.09895045917,1.48926727889,-1.26695045917,-0.168,0.168,,,,,,,,,,,,BAND_POINT_RECORDED
scaled_gap_control,negative_control,gap_scale_control,band_point,74,0.85,1.33968313161,-1.11276234871,1.50768313161,-1.28076234871,-0.168,0.168,,,,,,,,,,,,BAND_POINT_RECORDED
scaled_gap_control,negative_control,gap_scale_control,band_point,75,0.875,1.35546217561,-1.1245966317,1.52346217561,-1.2925966317,-0.168,0.168,,,,,,,,,,,,BAND_POINT_RECORDED
scaled_gap_control,negative_control,gap_scale_control,band_point,76,0.9,1.36850712782,-1.13438034587,1.53650712782,-1.30238034587,-0.168,0.168,,,,,,,,,,,,BAND_POINT_RECORDED
scaled_gap_control,negative_control,gap_scale_control,band_point,77,0.925,1.37873756179,-1.14205317134,1.54673756179,-1.31005317134,-0.168,0.168,,,,,,,,,,,,BAND_POINT_RECORDED
scaled_gap_control,negative_control,gap_scale_control,band_point,78,0.95,1.38609040349,-1.14756780261,1.55409040349,-1.31556780261,-0.168,0.168,,,,,,,,,,,,BAND_POINT_RECORDED
scaled_gap_control,negative_control,gap_scale_control,band_point,79,0.975,1.39052032019,-1.15089024014,1.55852032019,-1.31889024014,-0.168,0.168,,,,,,,,,,,,BAND_POINT_RECORDED
scaled_gap_control,negative_control,gap_scale_control,band_point,80,1,1.392,-1.152,1.56,-1.32,-0.168,0.168,,,,,,,,,,,,BAND_POINT_RECORDED
metallic_overlap_control,negative_control,gap_destroying_control,aggregate,,,,,,,,,-0.16,1.13333333333,0,0,1,1,0,0,0.814814814815,1,0,CONTROL_REJECTED
metallic_overlap_control,negative_control,gap_destroying_control,band_point,0,-1,0.88,-0.64,1.56,-1.32,-0.68,0.68,,,,,,,,,,,,BAND_POINT_RECORDED
metallic_overlap_control,negative_control,gap_destroying_control,band_point,1,-0.975,0.878520320192,-0.638890240144,1.55852032019,-1.31889024014,-0.68,0.68,,,,,,,,,,,,BAND_POINT_RECORDED
metallic_overlap_control,negative_control,gap_destroying_control,band_point,2,-0.95,0.874090403486,-0.635567802614,1.55409040349,-1.31556780261,-0.68,0.68,,,,,,,,,,,,BAND_POINT_RECORDED
metallic_overlap_control,negative_control,gap_destroying_control,band_point,3,-0.925,0.866737561791,-0.630053171343,1.54673756179,-1.31005317134,-0.68,0.68,,,,,,,,,,,,BAND_POINT_RECORDED
metallic_overlap_control,negative_control,gap_destroying_control,band_point,4,-0.9,0.856507127822,-0.622380345866,1.53650712782,-1.30238034587,-0.68,0.68,,,,,,,,,,,,BAND_POINT_RECORDED
metallic_overlap_control,negative_control,gap_destroying_control,band_point,5,-0.875,0.843462175605,-0.612596631704,1.52346217561,-1.2925966317,-0.68,0.68,,,,,,,,,,,,BAND_POINT_RECORDED
metallic_overlap_control,negative_control,gap_destroying_control,band_point,6,-0.85,0.82768313161,-0.600762348708,1.50768313161,-1.28076234871,-0.68,0.68,,,,,,,,,,,,BAND_POINT_RECORDED
metallic_overlap_control,negative_control,gap_destroying_control,band_point,7,-0.825,0.80926727889,-0.586950459167,1.48926727889,-1.26695045917,-0.68,0.68,,,,,,,,,,,,BAND_POINT_RECORDED
metallic_overlap_control,negative_control,gap_destroying_control,band_point,8,-0.8,0.7883281573,-0.571246117975,1.4683281573,-1.25124611797,-0.68,0.68,,,,,,,,,,,,BAND_POINT_RECORDED
metallic_overlap_control,negative_control,gap_destroying_control,band_point,9,-0.775,0.764994863488,-0.553746147616,1.44499486349,-1.23374614762,-0.68,0.68,,,,,,,,,,,,BAND_POINT_RECORDED
metallic_overlap_control,negative_control,gap_destroying_control,band_point,10,-0.75,0.73941125497,-0.534558441227,1.41941125497,-1.21455844123,-0.68,0.68,,,,,,,,,,,,BAND_POINT_RECORDED
metallic_overlap_control,negative_control,gap_destroying_control,band_point,11,-0.725,0.711735063198,-0.513801297399,1.3917350632,-1.1938012974,-0.68,0.68,,,,,,,,,,,,BAND_POINT_RECORDED
metallic_overlap_control,negative_control,gap_destroying_control,band_point,12,-0.7,0.6821369211,-0.491602690825,1.3621369211,-1.17160269083,-0.68,0.68,,,,,,,,,,,,BAND_POINT_RECORDED
metallic_overlap_control,negative_control,gap_destroying_control,band_point,13,-0.675,0.650799311064,-0.468099483298,1.33079931106,-1.1480994833,-0.68,0.68,,,,,,,,,,,,BAND_POINT_RECORDED
metallic_overlap_control,negative_control,gap_destroying_control,band_point,14,-0.65,0.617915439875,-0.443436579906,1.29791543987,-1.12343657991,-0.68,0.68,,,,,,,,,,,,BAND_POINT_RECORDED
metallic_overlap_control,negative_control,gap_destroying_control,band_point,15,-0.625,0.583688047535,-0.417766035651,1.26368804754,-1.09776603565,-0.68,0.68,,,,,,,,,,,,BAND_POINT_RECORDED
metallic_overlap_control,negative_control,gap_destroying_control,band_point,16,-0.6,0.5483281573,-0.391246117975,1.2283281573,-1.07124611797,-0.68,0.68,,,,,,,,,,,,BAND_POINT_RECORDED
metallic_overlap_control,negative_control,gap_destroying_control,band_point,17,-0.575,0.512053774651,-0.364040330988,1.19205377465,-1.04404033099,-0.68,0.68,,,,,,,,,,,,BAND_POINT_RECORDED
metallic_overlap_control,negative_control,gap_destroying_control,band_point,18,-0.55,0.475088543219,-0.336316407414,1.15508854322,-1.01631640741,-0.68,0.68,,,,,,,,,,,,BAND_POINT_RECORDED
metallic_overlap_control,negative_control,gap_destroying_control,band_point,19,-0.525,0.437660365949,-0.308245274462,1.11766036595,-0.988245274462,-0.68,0.68,,,,,,,,,,,,BAND_POINT_RECORDED
metallic_overlap_control,negative_control,gap_destroying_control,band_point,20,-0.5,0.4,-0.28,1.08,-0.96,-0.68,0.68,,,,,,,,,,,,BAND_POINT_RECORDED
metallic_overlap_control,negative_control,gap_destroying_control,band_point,21,-0.475,0.362339634051,-0.251754725538,1.04233963405,-0.931754725538,-0.68,0.68,,,,,,,,,,,,BAND_POINT_RECORDED
metallic_overlap_control,negative_control,gap_destroying_control,band_point,22,-0.45,0.324911456781,-0.223683592586,1.00491145678,-0.903683592586,-0.68,0.68,,,,,,,,,,,,BAND_POINT_RECORDED
metallic_overlap_control,negative_control,gap_destroying_control,band_point,23,-0.425,0.287946225349,-0.195959669012,0.967946225349,-0.875959669012,-0.68,0.68,,,,,,,,,,,,BAND_POINT_RECORDED
metallic_overlap_control,negative_control,gap_destroying_control,band_point,24,-0.4,0.2516718427,-0.168753882025,0.9316718427,-0.848753882025,-0.68,0.68,,,,,,,,,,,,BAND_POINT_RECORDED
metallic_overlap_control,negative_control,gap_destroying_control,band_point,25,-0.375,0.216311952465,-0.142233964349,0.896311952465,-0.822233964349,-0.68,0.68,,,,,,,,,,,,BAND_POINT_RECORDED
metallic_overlap_control,negative_control,gap_destroying_control,band_point,26,-0.35,0.182084560125,-0.116563420094,0.862084560125,-0.796563420094,-0.68,0.68,,,,,,,,,,,,BAND_POINT_RECORDED
metallic_overlap_control,negative_control,gap_destroying_control,band_point,27,-0.325,0.149200688936,-0.0919005167023,0.829200688936,-0.771900516702,-0.68,0.68,,,,,,,,,,,,BAND_POINT_RECORDED
metallic_overlap_control,negative_control,gap_destroying_control,band_point,28,-0.3,0.1178630789,-0.0683973091747,0.7978630789,-0.748397309175,-0.68,0.68,,,,,,,,,,,,BAND_POINT_RECORDED
metallic_overlap_control,negative_control,gap_destroying_control,band_point,29,-0.275,0.0882649368015,-0.0461987026011,0.768264936802,-0.726198702601,-0.68,0.68,,,,,,,,,,,,BAND_POINT_RECORDED
metallic_overlap_control,negative_control,gap_destroying_control,band_point,30,-0.25,0.0605887450305,-0.0254415587728,0.74058874503,-0.705441558773,-0.68,0.68,,,,,,,,,,,,BAND_POINT_RECORDED
metallic_overlap_control,negative_control,gap_destroying_control,band_point,31,-0.225,0.035005136512,-0.00625385238399,0.715005136512,-0.686253852384,-0.68,0.68,,,,,,,,,,,,BAND_POINT_RECORDED
metallic_overlap_control,negative_control,gap_destroying_control,band_point,32,-0.2,0.0116718427,0.011246117975,0.6916718427,-0.668753882025,-0.68,0.68,,,,,,,,,,,,BAND_POINT_RECORDED
metallic_overlap_control,negative_control,gap_destroying_control,band_point,33,-0.175,-0.00926727888996,0.0269504591675,0.67073272111,-0.653049540833,-0.68,0.68,,,,,,,,,,,,BAND_POINT_RECORDED
metallic_overlap_control,negative_control,gap_destroying_control,band_point,34,-0.15,-0.0276831316104,0.0407623487078,0.65231686839,-0.639237651292,-0.68,0.68,,,,,,,,,,,,BAND_POINT_RECORDED
metallic_overlap_control,negative_control,gap_destroying_control,band_point,35,-0.125,-0.0434621756054,0.0525966317041,0.636537824395,-0.627403368296,-0.68,0.68,,,,,,,,,,,,BAND_POINT_RECORDED
metallic_overlap_control,negative_control,gap_destroying_control,band_point,36,-0.1,-0.0565071278217,0.0623803458663,0.623492872178,-0.617619654134,-0.68,0.68,,,,,,,,,,,,BAND_POINT_RECORDED
metallic_overlap_control,negative_control,gap_destroying_control,band_point,37,-0.075,-0.0667375617909,0.0700531713432,0.613262438209,-0.609946828657,-0.68,0.68,,,,,,,,,,,,BAND_POINT_RECORDED
metallic_overlap_control,negative_control,gap_destroying_control,band_point,38,-0.05,-0.0740904034857,0.0755678026142,0.605909596514,-0.604432197386,-0.68,0.68,,,,,,,,,,,,BAND_POINT_RECORDED
metallic_overlap_control,negative_control,gap_destroying_control,band_point,39,-0.025,-0.0785203201919,0.0788902401439,0.601479679808,-0.601109759856,-0.68,0.68,,,,,,,,,,,,BAND_POINT_RECORDED
metallic_overlap_control,negative_control,gap_destroying_control,band_point,40,0,-0.08,0.08,0.6,-0.6,-0.68,0.68,,,,,,,,,,,,BAND_POINT_RECORDED
metallic_overlap_control,negative_control,gap_destroying_control,band_point,41,0.025,-0.0785203201919,0.0788902401439,0.601479679808,-0.601109759856,-0.68,0.68,,,,,,,,,,,,BAND_POINT_RECORDED
metallic_overlap_control,negative_control,gap_destroying_control,band_point,42,0.05,-0.0740904034857,0.0755678026142,0.605909596514,-0.604432197386,-0.68,0.68,,,,,,,,,,,,BAND_POINT_RECORDED
metallic_overlap_control,negative_control,gap_destroying_control,band_point,43,0.075,-0.0667375617909,0.0700531713432,0.613262438209,-0.609946828657,-0.68,0.68,,,,,,,,,,,,BAND_POINT_RECORDED
metallic_overlap_control,negative_control,gap_destroying_control,band_point,44,0.1,-0.0565071278217,0.0623803458663,0.623492872178,-0.617619654134,-0.68,0.68,,,,,,,,,,,,BAND_POINT_RECORDED
metallic_overlap_control,negative_control,gap_destroying_control,band_point,45,0.125,-0.0434621756054,0.0525966317041,0.636537824395,-0.627403368296,-0.68,0.68,,,,,,,,,,,,BAND_POINT_RECORDED
metallic_overlap_control,negative_control,gap_destroying_control,band_point,46,0.15,-0.0276831316104,0.0407623487078,0.65231686839,-0.639237651292,-0.68,0.68,,,,,,,,,,,,BAND_POINT_RECORDED
metallic_overlap_control,negative_control,gap_destroying_control,band_point,47,0.175,-0.00926727888996,0.0269504591675,0.67073272111,-0.653049540833,-0.68,0.68,,,,,,,,,,,,BAND_POINT_RECORDED
metallic_overlap_control,negative_control,gap_destroying_control,band_point,48,0.2,0.0116718427,0.011246117975,0.6916718427,-0.668753882025,-0.68,0.68,,,,,,,,,,,,BAND_POINT_RECORDED
metallic_overlap_control,negative_control,gap_destroying_control,band_point,49,0.225,0.035005136512,-0.00625385238399,0.715005136512,-0.686253852384,-0.68,0.68,,,,,,,,,,,,BAND_POINT_RECORDED
metallic_overlap_control,negative_control,gap_destroying_control,band_point,50,0.25,0.0605887450305,-0.0254415587728,0.74058874503,-0.705441558773,-0.68,0.68,,,,,,,,,,,,BAND_POINT_RECORDED
metallic_overlap_control,negative_control,gap_destroying_control,band_point,51,0.275,0.0882649368015,-0.0461987026011,0.768264936802,-0.726198702601,-0.68,0.68,,,,,,,,,,,,BAND_POINT_RECORDED
metallic_overlap_control,negative_control,gap_destroying_control,band_point,52,0.3,0.1178630789,-0.0683973091747,0.7978630789,-0.748397309175,-0.68,0.68,,,,,,,,,,,,BAND_POINT_RECORDED
metallic_overlap_control,negative_control,gap_destroying_control,band_point,53,0.325,0.149200688936,-0.0919005167023,0.829200688936,-0.771900516702,-0.68,0.68,,,,,,,,,,,,BAND_POINT_RECORDED
metallic_overlap_control,negative_control,gap_destroying_control,band_point,54,0.35,0.182084560125,-0.116563420094,0.862084560125,-0.796563420094,-0.68,0.68,,,,,,,,,,,,BAND_POINT_RECORDED
metallic_overlap_control,negative_control,gap_destroying_control,band_point,55,0.375,0.216311952465,-0.142233964349,0.896311952465,-0.822233964349,-0.68,0.68,,,,,,,,,,,,BAND_POINT_RECORDED
metallic_overlap_control,negative_control,gap_destroying_control,band_point,56,0.4,0.2516718427,-0.168753882025,0.9316718427,-0.848753882025,-0.68,0.68,,,,,,,,,,,,BAND_POINT_RECORDED
metallic_overlap_control,negative_control,gap_destroying_control,band_point,57,0.425,0.287946225349,-0.195959669012,0.967946225349,-0.875959669012,-0.68,0.68,,,,,,,,,,,,BAND_POINT_RECORDED
metallic_overlap_control,negative_control,gap_destroying_control,band_point,58,0.45,0.324911456781,-0.223683592586,1.00491145678,-0.903683592586,-0.68,0.68,,,,,,,,,,,,BAND_POINT_RECORDED
metallic_overlap_control,negative_control,gap_destroying_control,band_point,59,0.475,0.362339634051,-0.251754725538,1.04233963405,-0.931754725538,-0.68,0.68,,,,,,,,,,,,BAND_POINT_RECORDED
metallic_overlap_control,negative_control,gap_destroying_control,band_point,60,0.5,0.4,-0.28,1.08,-0.96,-0.68,0.68,,,,,,,,,,,,BAND_POINT_RECORDED
metallic_overlap_control,negative_control,gap_destroying_control,band_point,61,0.525,0.437660365949,-0.308245274462,1.11766036595,-0.988245274462,-0.68,0.68,,,,,,,,,,,,BAND_POINT_RECORDED
metallic_overlap_control,negative_control,gap_destroying_control,band_point,62,0.55,0.475088543219,-0.336316407414,1.15508854322,-1.01631640741,-0.68,0.68,,,,,,,,,,,,BAND_POINT_RECORDED
metallic_overlap_control,negative_control,gap_destroying_control,band_point,63,0.575,0.512053774651,-0.364040330988,1.19205377465,-1.04404033099,-0.68,0.68,,,,,,,,,,,,BAND_POINT_RECORDED
metallic_overlap_control,negative_control,gap_destroying_control,band_point,64,0.6,0.5483281573,-0.391246117975,1.2283281573,-1.07124611797,-0.68,0.68,,,,,,,,,,,,BAND_POINT_RECORDED
metallic_overlap_control,negative_control,gap_destroying_control,band_point,65,0.625,0.583688047535,-0.417766035651,1.26368804754,-1.09776603565,-0.68,0.68,,,,,,,,,,,,BAND_POINT_RECORDED
metallic_overlap_control,negative_control,gap_destroying_control,band_point,66,0.65,0.617915439875,-0.443436579906,1.29791543987,-1.12343657991,-0.68,0.68,,,,,,,,,,,,BAND_POINT_RECORDED
metallic_overlap_control,negative_control,gap_destroying_control,band_point,67,0.675,0.650799311064,-0.468099483298,1.33079931106,-1.1480994833,-0.68,0.68,,,,,,,,,,,,BAND_POINT_RECORDED
metallic_overlap_control,negative_control,gap_destroying_control,band_point,68,0.7,0.6821369211,-0.491602690825,1.3621369211,-1.17160269083,-0.68,0.68,,,,,,,,,,,,BAND_POINT_RECORDED
metallic_overlap_control,negative_control,gap_destroying_control,band_point,69,0.725,0.711735063198,-0.513801297399,1.3917350632,-1.1938012974,-0.68,0.68,,,,,,,,,,,,BAND_POINT_RECORDED
metallic_overlap_control,negative_control,gap_destroying_control,band_point,70,0.75,0.73941125497,-0.534558441227,1.41941125497,-1.21455844123,-0.68,0.68,,,,,,,,,,,,BAND_POINT_RECORDED
metallic_overlap_control,negative_control,gap_destroying_control,band_point,71,0.775,0.764994863488,-0.553746147616,1.44499486349,-1.23374614762,-0.68,0.68,,,,,,,,,,,,BAND_POINT_RECORDED
metallic_overlap_control,negative_control,gap_destroying_control,band_point,72,0.8,0.7883281573,-0.571246117975,1.4683281573,-1.25124611797,-0.68,0.68,,,,,,,,,,,,BAND_POINT_RECORDED
metallic_overlap_control,negative_control,gap_destroying_control,band_point,73,0.825,0.80926727889,-0.586950459167,1.48926727889,-1.26695045917,-0.68,0.68,,,,,,,,,,,,BAND_POINT_RECORDED
metallic_overlap_control,negative_control,gap_destroying_control,band_point,74,0.85,0.82768313161,-0.600762348708,1.50768313161,-1.28076234871,-0.68,0.68,,,,,,,,,,,,BAND_POINT_RECORDED
metallic_overlap_control,negative_control,gap_destroying_control,band_point,75,0.875,0.843462175605,-0.612596631704,1.52346217561,-1.2925966317,-0.68,0.68,,,,,,,,,,,,BAND_POINT_RECORDED
metallic_overlap_control,negative_control,gap_destroying_control,band_point,76,0.9,0.856507127822,-0.622380345866,1.53650712782,-1.30238034587,-0.68,0.68,,,,,,,,,,,,BAND_POINT_RECORDED
metallic_overlap_control,negative_control,gap_destroying_control,band_point,77,0.925,0.866737561791,-0.630053171343,1.54673756179,-1.31005317134,-0.68,0.68,,,,,,,,,,,,BAND_POINT_RECORDED
metallic_overlap_control,negative_control,gap_destroying_control,band_point,78,0.95,0.874090403486,-0.635567802614,1.55409040349,-1.31556780261,-0.68,0.68,,,,,,,,,,,,BAND_POINT_RECORDED
metallic_overlap_control,negative_control,gap_destroying_control,band_point,79,0.975,0.878520320192,-0.638890240144,1.55852032019,-1.31889024014,-0.68,0.68,,,,,,,,,,,,BAND_POINT_RECORDED
metallic_overlap_control,negative_control,gap_destroying_control,band_point,80,1,0.88,-0.64,1.56,-1.32,-0.68,0.68,,,,,,,,,,,,BAND_POINT_RECORDED
indirect_gap_control,negative_control,directness_destroying_control,aggregate,,,,,,,,,1.2,0,0.35,0,0,1,0,1,1,0,0,CONTROL_REJECTED
indirect_gap_control,negative_control,directness_destroying_control,band_point,0,-1,1.29791543987,-1.32,1.56,-1.32,-0.262084560125,0,,,,,,,,,,,,BAND_POINT_RECORDED
indirect_gap_control,negative_control,directness_destroying_control,band_point,1,-0.975,1.33079931106,-1.31889024014,1.55852032019,-1.31889024014,-0.227721009128,0,,,,,,,,,,,,BAND_POINT_RECORDED
indirect_gap_control,negative_control,directness_destroying_control,band_point,2,-0.95,1.3621369211,-1.31556780261,1.55409040349,-1.31556780261,-0.191953482385,0,,,,,,,,,,,,BAND_POINT_RECORDED
indirect_gap_control,negative_control,directness_destroying_control,band_point,3,-0.925,1.3917350632,-1.31005317134,1.54673756179,-1.31005317134,-0.155002498592,0,,,,,,,,,,,,BAND_POINT_RECORDED
indirect_gap_control,negative_control,directness_destroying_control,band_point,4,-0.9,1.41941125497,-1.30238034587,1.53650712782,-1.30238034587,-0.117095872852,0,,,,,,,,,,,,BAND_POINT_RECORDED
indirect_gap_control,negative_control,directness_destroying_control,band_point,5,-0.875,1.44499486349,-1.2925966317,1.52346217561,-1.2925966317,-0.0784673121174,0,,,,,,,,,,,,BAND_POINT_RECORDED
indirect_gap_control,negative_control,directness_destroying_control,band_point,6,-0.85,1.4683281573,-1.28076234871,1.50768313161,-1.28076234871,-0.0393549743104,0,,,,,,,,,,,,BAND_POINT_RECORDED
indirect_gap_control,negative_control,directness_destroying_control,band_point,7,-0.825,1.48926727889,-1.26695045917,1.48926727889,-1.26695045917,0,0,,,,,,,,,,,,BAND_POINT_RECORDED
indirect_gap_control,negative_control,directness_destroying_control,band_point,8,-0.8,1.50768313161,-1.25124611797,1.4683281573,-1.25124611797,0.0393549743104,0,,,,,,,,,,,,BAND_POINT_RECORDED
indirect_gap_control,negative_control,directness_destroying_control,band_point,9,-0.775,1.52346217561,-1.23374614762,1.44499486349,-1.23374614762,0.0784673121174,0,,,,,,,,,,,,BAND_POINT_RECORDED
indirect_gap_control,negative_control,directness_destroying_control,band_point,10,-0.75,1.53650712782,-1.21455844123,1.41941125497,-1.21455844123,0.117095872852,0,,,,,,,,,,,,BAND_POINT_RECORDED
indirect_gap_control,negative_control,directness_destroying_control,band_point,11,-0.725,1.54673756179,-1.1938012974,1.3917350632,-1.1938012974,0.155002498592,0,,,,,,,,,,,,BAND_POINT_RECORDED
indirect_gap_control,negative_control,directness_destroying_control,band_point,12,-0.7,1.55409040349,-1.17160269083,1.3621369211,-1.17160269083,0.191953482385,0,,,,,,,,,,,,BAND_POINT_RECORDED
indirect_gap_control,negative_control,directness_destroying_control,band_point,13,-0.675,1.55852032019,-1.1480994833,1.33079931106,-1.1480994833,0.227721009128,0,,,,,,,,,,,,BAND_POINT_RECORDED
indirect_gap_control,negative_control,directness_destroying_control,band_point,14,-0.65,1.56,-1.12343657991,1.29791543987,-1.12343657991,0.262084560125,0,,,,,,,,,,,,BAND_POINT_RECORDED
indirect_gap_control,negative_control,directness_destroying_control,band_point,15,-0.625,1.55852032019,-1.09776603565,1.26368804754,-1.09776603565,0.294832272657,0,,,,,,,,,,,,BAND_POINT_RECORDED
indirect_gap_control,negative_control,directness_destroying_control,band_point,16,-0.6,1.55409040349,-1.07124611797,1.2283281573,-1.07124611797,0.325762246186,0,,,,,,,,,,,,BAND_POINT_RECORDED
indirect_gap_control,negative_control,directness_destroying_control,band_point,17,-0.575,1.54673756179,-1.04404033099,1.19205377465,-1.04404033099,0.35468378714,0,,,,,,,,,,,,BAND_POINT_RECORDED
indirect_gap_control,negative_control,directness_destroying_control,band_point,18,-0.55,1.53650712782,-1.01631640741,1.15508854322,-1.01631640741,0.381418584602,0,,,,,,,,,,,,BAND_POINT_RECORDED
indirect_gap_control,negative_control,directness_destroying_control,band_point,19,-0.525,1.52346217561,-0.988245274462,1.11766036595,-0.988245274462,0.405801809656,0,,,,,,,,,,,,BAND_POINT_RECORDED
indirect_gap_control,negative_control,directness_destroying_control,band_point,20,-0.5,1.50768313161,-0.96,1.08,-0.96,0.42768313161,0,,,,,,,,,,,,BAND_POINT_RECORDED
indirect_gap_control,negative_control,directness_destroying_control,band_point,21,-0.475,1.48926727889,-0.931754725538,1.04233963405,-0.931754725538,0.446927644839,0,,,,,,,,,,,,BAND_POINT_RECORDED
indirect_gap_control,negative_control,directness_destroying_control,band_point,22,-0.45,1.4683281573,-0.903683592586,1.00491145678,-0.903683592586,0.463416700519,0,,,,,,,,,,,,BAND_POINT_RECORDED
indirect_gap_control,negative_control,directness_destroying_control,band_point,23,-0.425,1.44499486349,-0.875959669012,0.967946225349,-0.875959669012,0.477048638139,0,,,,,,,,,,,,BAND_POINT_RECORDED
indirect_gap_control,negative_control,directness_destroying_control,band_point,24,-0.4,1.41941125497,-0.848753882025,0.9316718427,-0.848753882025,0.48773941227,0,,,,,,,,,,,,BAND_POINT_RECORDED
indirect_gap_control,negative_control,directness_destroying_control,band_point,25,-0.375,1.3917350632,-0.822233964349,0.896311952465,-0.822233964349,0.495423110734,0,,,,,,,,,,,,BAND_POINT_RECORDED
indirect_gap_control,negative_control,directness_destroying_control,band_point,26,-0.35,1.3621369211,-0.796563420094,0.862084560125,-0.796563420094,0.500052360975,0,,,,,,,,,,,,BAND_POINT_RECORDED
indirect_gap_control,negative_control,directness_destroying_control,band_point,27,-0.325,1.33079931106,-0.771900516702,0.829200688936,-0.771900516702,0.501598622127,0,,,,,,,,,,,,BAND_POINT_RECORDED
indirect_gap_control,negative_control,directness_destroying_control,band_point,28,-0.3,1.29791543987,-0.748397309175,0.7978630789,-0.748397309175,0.500052360975,0,,,,,,,,,,,,BAND_POINT_RECORDED
indirect_gap_control,negative_control,directness_destroying_control,band_point,29,-0.275,1.26368804754,-0.726198702601,0.768264936802,-0.726198702601,0.495423110734,0,,,,,,,,,,,,BAND_POINT_RECORDED
indirect_gap_control,negative_control,directness_destroying_control,band_point,30,-0.25,1.2283281573,-0.705441558773,0.74058874503,-0.705441558773,0.48773941227,0,,,,,,,,,,,,BAND_POINT_RECORDED
indirect_gap_control,negative_control,directness_destroying_control,band_point,31,-0.225,1.19205377465,-0.686253852384,0.715005136512,-0.686253852384,0.477048638139,0,,,,,,,,,,,,BAND_POINT_RECORDED
indirect_gap_control,negative_control,directness_destroying_control,band_point,32,-0.2,1.15508854322,-0.668753882025,0.6916718427,-0.668753882025,0.463416700519,0,,,,,,,,,,,,BAND_POINT_RECORDED
indirect_gap_control,negative_control,directness_destroying_control,band_point,33,-0.175,1.11766036595,-0.653049540833,0.67073272111,-0.653049540833,0.446927644839,0,,,,,,,,,,,,BAND_POINT_RECORDED
indirect_gap_control,negative_control,directness_destroying_control,band_point,34,-0.15,1.08,-0.639237651292,0.65231686839,-0.639237651292,0.42768313161,0,,,,,,,,,,,,BAND_POINT_RECORDED
indirect_gap_control,negative_control,directness_destroying_control,band_point,35,-0.125,1.04233963405,-0.627403368296,0.636537824395,-0.627403368296,0.405801809656,0,,,,,,,,,,,,BAND_POINT_RECORDED
indirect_gap_control,negative_control,directness_destroying_control,band_point,36,-0.1,1.00491145678,-0.617619654134,0.623492872178,-0.617619654134,0.381418584602,0,,,,,,,,,,,,BAND_POINT_RECORDED
indirect_gap_control,negative_control,directness_destroying_control,band_point,37,-0.075,0.967946225349,-0.609946828657,0.613262438209,-0.609946828657,0.35468378714,0,,,,,,,,,,,,BAND_POINT_RECORDED
indirect_gap_control,negative_control,directness_destroying_control,band_point,38,-0.05,0.9316718427,-0.604432197386,0.605909596514,-0.604432197386,0.325762246186,0,,,,,,,,,,,,BAND_POINT_RECORDED
indirect_gap_control,negative_control,directness_destroying_control,band_point,39,-0.025,0.896311952465,-0.601109759856,0.601479679808,-0.601109759856,0.294832272657,0,,,,,,,,,,,,BAND_POINT_RECORDED
indirect_gap_control,negative_control,directness_destroying_control,band_point,40,0,0.862084560125,-0.6,0.6,-0.6,0.262084560125,0,,,,,,,,,,,,BAND_POINT_RECORDED
indirect_gap_control,negative_control,directness_destroying_control,band_point,41,0.025,0.829200688936,-0.601109759856,0.601479679808,-0.601109759856,0.227721009128,0,,,,,,,,,,,,BAND_POINT_RECORDED
indirect_gap_control,negative_control,directness_destroying_control,band_point,42,0.05,0.7978630789,-0.604432197386,0.605909596514,-0.604432197386,0.191953482385,0,,,,,,,,,,,,BAND_POINT_RECORDED
indirect_gap_control,negative_control,directness_destroying_control,band_point,43,0.075,0.768264936802,-0.609946828657,0.613262438209,-0.609946828657,0.155002498592,0,,,,,,,,,,,,BAND_POINT_RECORDED
indirect_gap_control,negative_control,directness_destroying_control,band_point,44,0.1,0.74058874503,-0.617619654134,0.623492872178,-0.617619654134,0.117095872852,0,,,,,,,,,,,,BAND_POINT_RECORDED
indirect_gap_control,negative_control,directness_destroying_control,band_point,45,0.125,0.715005136512,-0.627403368296,0.636537824395,-0.627403368296,0.0784673121174,0,,,,,,,,,,,,BAND_POINT_RECORDED
indirect_gap_control,negative_control,directness_destroying_control,band_point,46,0.15,0.6916718427,-0.639237651292,0.65231686839,-0.639237651292,0.0393549743104,0,,,,,,,,,,,,BAND_POINT_RECORDED
indirect_gap_control,negative_control,directness_destroying_control,band_point,47,0.175,0.67073272111,-0.653049540833,0.67073272111,-0.653049540833,0,0,,,,,,,,,,,,BAND_POINT_RECORDED
indirect_gap_control,negative_control,directness_destroying_control,band_point,48,0.2,0.65231686839,-0.668753882025,0.6916718427,-0.668753882025,-0.0393549743104,0,,,,,,,,,,,,BAND_POINT_RECORDED
indirect_gap_control,negative_control,directness_destroying_control,band_point,49,0.225,0.636537824395,-0.686253852384,0.715005136512,-0.686253852384,-0.0784673121174,0,,,,,,,,,,,,BAND_POINT_RECORDED
indirect_gap_control,negative_control,directness_destroying_control,band_point,50,0.25,0.623492872178,-0.705441558773,0.74058874503,-0.705441558773,-0.117095872852,0,,,,,,,,,,,,BAND_POINT_RECORDED
indirect_gap_control,negative_control,directness_destroying_control,band_point,51,0.275,0.613262438209,-0.726198702601,0.768264936802,-0.726198702601,-0.155002498592,0,,,,,,,,,,,,BAND_POINT_RECORDED
indirect_gap_control,negative_control,directness_destroying_control,band_point,52,0.3,0.605909596514,-0.748397309175,0.7978630789,-0.748397309175,-0.191953482385,0,,,,,,,,,,,,BAND_POINT_RECORDED
indirect_gap_control,negative_control,directness_destroying_control,band_point,53,0.325,0.601479679808,-0.771900516702,0.829200688936,-0.771900516702,-0.227721009128,0,,,,,,,,,,,,BAND_POINT_RECORDED
indirect_gap_control,negative_control,directness_destroying_control,band_point,54,0.35,0.6,-0.796563420094,0.862084560125,-0.796563420094,-0.262084560125,0,,,,,,,,,,,,BAND_POINT_RECORDED
indirect_gap_control,negative_control,directness_destroying_control,band_point,55,0.375,0.601479679808,-0.822233964349,0.896311952465,-0.822233964349,-0.294832272657,0,,,,,,,,,,,,BAND_POINT_RECORDED
indirect_gap_control,negative_control,directness_destroying_control,band_point,56,0.4,0.605909596514,-0.848753882025,0.9316718427,-0.848753882025,-0.325762246186,0,,,,,,,,,,,,BAND_POINT_RECORDED
indirect_gap_control,negative_control,directness_destroying_control,band_point,57,0.425,0.613262438209,-0.875959669012,0.967946225349,-0.875959669012,-0.35468378714,0,,,,,,,,,,,,BAND_POINT_RECORDED
indirect_gap_control,negative_control,directness_destroying_control,band_point,58,0.45,0.623492872178,-0.903683592586,1.00491145678,-0.903683592586,-0.381418584602,0,,,,,,,,,,,,BAND_POINT_RECORDED
indirect_gap_control,negative_control,directness_destroying_control,band_point,59,0.475,0.636537824395,-0.931754725538,1.04233963405,-0.931754725538,-0.405801809656,0,,,,,,,,,,,,BAND_POINT_RECORDED
indirect_gap_control,negative_control,directness_destroying_control,band_point,60,0.5,0.65231686839,-0.96,1.08,-0.96,-0.42768313161,0,,,,,,,,,,,,BAND_POINT_RECORDED
indirect_gap_control,negative_control,directness_destroying_control,band_point,61,0.525,0.67073272111,-0.988245274462,1.11766036595,-0.988245274462,-0.446927644839,0,,,,,,,,,,,,BAND_POINT_RECORDED
indirect_gap_control,negative_control,directness_destroying_control,band_point,62,0.55,0.6916718427,-1.01631640741,1.15508854322,-1.01631640741,-0.463416700519,0,,,,,,,,,,,,BAND_POINT_RECORDED
indirect_gap_control,negative_control,directness_destroying_control,band_point,63,0.575,0.715005136512,-1.04404033099,1.19205377465,-1.04404033099,-0.477048638139,0,,,,,,,,,,,,BAND_POINT_RECORDED
indirect_gap_control,negative_control,directness_destroying_control,band_point,64,0.6,0.74058874503,-1.07124611797,1.2283281573,-1.07124611797,-0.48773941227,0,,,,,,,,,,,,BAND_POINT_RECORDED
indirect_gap_control,negative_control,directness_destroying_control,band_point,65,0.625,0.768264936802,-1.09776603565,1.26368804754,-1.09776603565,-0.495423110734,0,,,,,,,,,,,,BAND_POINT_RECORDED
indirect_gap_control,negative_control,directness_destroying_control,band_point,66,0.65,0.7978630789,-1.12343657991,1.29791543987,-1.12343657991,-0.500052360975,0,,,,,,,,,,,,BAND_POINT_RECORDED
indirect_gap_control,negative_control,directness_destroying_control,band_point,67,0.675,0.829200688936,-1.1480994833,1.33079931106,-1.1480994833,-0.501598622127,0,,,,,,,,,,,,BAND_POINT_RECORDED
indirect_gap_control,negative_control,directness_destroying_control,band_point,68,0.7,0.862084560125,-1.17160269083,1.3621369211,-1.17160269083,-0.500052360975,0,,,,,,,,,,,,BAND_POINT_RECORDED
indirect_gap_control,negative_control,directness_destroying_control,band_point,69,0.725,0.896311952465,-1.1938012974,1.3917350632,-1.1938012974,-0.495423110734,0,,,,,,,,,,,,BAND_POINT_RECORDED
indirect_gap_control,negative_control,directness_destroying_control,band_point,70,0.75,0.9316718427,-1.21455844123,1.41941125497,-1.21455844123,-0.48773941227,0,,,,,,,,,,,,BAND_POINT_RECORDED
indirect_gap_control,negative_control,directness_destroying_control,band_point,71,0.775,0.967946225349,-1.23374614762,1.44499486349,-1.23374614762,-0.477048638139,0,,,,,,,,,,,,BAND_POINT_RECORDED
indirect_gap_control,negative_control,directness_destroying_control,band_point,72,0.8,1.00491145678,-1.25124611797,1.4683281573,-1.25124611797,-0.463416700519,0,,,,,,,,,,,,BAND_POINT_RECORDED
indirect_gap_control,negative_control,directness_destroying_control,band_point,73,0.825,1.04233963405,-1.26695045917,1.48926727889,-1.26695045917,-0.446927644839,0,,,,,,,,,,,,BAND_POINT_RECORDED
indirect_gap_control,negative_control,directness_destroying_control,band_point,74,0.85,1.08,-1.28076234871,1.50768313161,-1.28076234871,-0.42768313161,0,,,,,,,,,,,,BAND_POINT_RECORDED
indirect_gap_control,negative_control,directness_destroying_control,band_point,75,0.875,1.11766036595,-1.2925966317,1.52346217561,-1.2925966317,-0.405801809656,0,,,,,,,,,,,,BAND_POINT_RECORDED
indirect_gap_control,negative_control,directness_destroying_control,band_point,76,0.9,1.15508854322,-1.30238034587,1.53650712782,-1.30238034587,-0.381418584602,0,,,,,,,,,,,,BAND_POINT_RECORDED
indirect_gap_control,negative_control,directness_destroying_control,band_point,77,0.925,1.19205377465,-1.31005317134,1.54673756179,-1.31005317134,-0.35468378714,0,,,,,,,,,,,,BAND_POINT_RECORDED
indirect_gap_control,negative_control,directness_destroying_control,band_point,78,0.95,1.2283281573,-1.31556780261,1.55409040349,-1.31556780261,-0.325762246186,0,,,,,,,,,,,,BAND_POINT_RECORDED
indirect_gap_control,negative_control,directness_destroying_control,band_point,79,0.975,1.26368804754,-1.31889024014,1.55852032019,-1.31889024014,-0.294832272657,0,,,,,,,,,,,,BAND_POINT_RECORDED
indirect_gap_control,negative_control,directness_destroying_control,band_point,80,1,1.29791543987,-1.32,1.56,-1.32,-0.262084560125,0,,,,,,,,,,,,BAND_POINT_RECORDED
wrong_curvature_control,negative_control,curvature_destroying_control,aggregate,,,,,,,,,1.2,0,0,0,1,0,0,1,1,1,0,CONTROL_REJECTED
wrong_curvature_control,negative_control,curvature_destroying_control,band_point,0,-1,0.936,-1.788,1.56,-1.32,-0.624,-0.468,,,,,,,,,,,,BAND_POINT_RECORDED
wrong_curvature_control,negative_control,curvature_destroying_control,band_point,1,-0.975,0.935482112067,-1.78616889624,1.55852032019,-1.31889024014,-0.623038208125,-0.467278656094,,,,,,,,,,,,BAND_POINT_RECORDED
wrong_curvature_control,negative_control,curvature_destroying_control,band_point,2,-0.95,0.93393164122,-1.78068687431,1.55409040349,-1.31556780261,-0.620158762266,-0.465119071699,,,,,,,,,,,,BAND_POINT_RECORDED
wrong_curvature_control,negative_control,curvature_destroying_control,band_point,3,-0.925,0.931358146627,-1.77158773272,1.54673756179,-1.31005317134,-0.615379415164,-0.461534561373,,,,,,,,,,,,BAND_POINT_RECORDED
wrong_curvature_control,negative_control,curvature_destroying_control,band_point,4,-0.9,0.927777494738,-1.75892757068,1.53650712782,-1.30238034587,-0.608729633084,-0.456547224813,,,,,,,,,,,,BAND_POINT_RECORDED
wrong_curvature_control,negative_control,curvature_destroying_control,band_point,5,-0.875,0.923211761462,-1.74278444231,1.52346217561,-1.2925966317,-0.600250414144,-0.450187810608,,,,,,,,,,,,BAND_POINT_RECORDED
wrong_curvature_control,negative_control,curvature_destroying_control,band_point,6,-0.85,0.917689096064,-1.72325787537,1.50768313161,-1.28076234871,-0.589994035547,-0.44249552666,,,,,,,,,,,,BAND_POINT_RECORDED
wrong_curvature_control,negative_control,curvature_destroying_control,band_point,7,-0.825,0.911243547611,-1.70046825763,1.48926727889,-1.26695045917,-0.578023731278,-0.433517798459,,,,,,,,,,,,BAND_POINT_RECORDED
wrong_curvature_control,negative_control,curvature_destroying_control,band_point,8,-0.8,0.903914855055,-1.67455609466,1.4683281573,-1.25124611797,-0.564413302245,-0.423309976684,,,,,,,,,,,,BAND_POINT_RECORDED
wrong_curvature_control,negative_control,curvature_destroying_control,band_point,9,-0.775,0.895748202221,-1.64568114357,1.44499486349,-1.23374614762,-0.549246661267,-0.41193499595,,,,,,,,,,,,BAND_POINT_RECORDED
wrong_curvature_control,negative_control,curvature_destroying_control,band_point,10,-0.75,0.886793939239,-1.61402142802,1.41941125497,-1.21455844123,-0.53261731573,-0.399462986798,,,,,,,,,,,,BAND_POINT_RECORDED
wrong_curvature_control,negative_control,curvature_destroying_control,band_point,11,-0.725,0.877107272119,-1.57977214071,1.3917350632,-1.1938012974,-0.514627791079,-0.385970843309,,,,,,,,,,,,BAND_POINT_RECORDED
wrong_curvature_control,negative_control,curvature_destroying_control,band_point,12,-0.7,0.866747922385,-1.54314443986,1.3621369211,-1.17160269083,-0.495388998715,-0.371541749036,,,,,,,,,,,,BAND_POINT_RECORDED
wrong_curvature_control,negative_control,curvature_destroying_control,band_point,13,-0.675,0.855779758872,-1.50436414744,1.33079931106,-1.1480994833,-0.475019552191,-0.356264664144,,,,,,,,,,,,BAND_POINT_RECORDED
wrong_curvature_control,negative_control,curvature_destroying_control,band_point,14,-0.65,0.844270403956,-1.46367035685,1.29791543987,-1.12343657991,-0.453645035919,-0.340233776939,,,,,,,,,,,,BAND_POINT_RECORDED
wrong_curvature_control,negative_control,curvature_destroying_control,band_point,15,-0.625,0.832290816637,-1.42131395882,1.26368804754,-1.09776603565,-0.431397230898,-0.323547923173,,,,,,,,,,,,BAND_POINT_RECORDED
wrong_curvature_control,negative_control,curvature_destroying_control,band_point,16,-0.6,0.819914855055,-1.37755609466,1.2283281573,-1.07124611797,-0.408413302245,-0.306309976684,,,,,,,,,,,,BAND_POINT_RECORDED
wrong_curvature_control,negative_control,curvature_destroying_control,band_point,17,-0.575,0.807218821128,-1.33266654613,1.19205377465,-1.04404033099,-0.384834953523,-0.288626215142,,,,,,,,,,,,BAND_POINT_RECORDED
wrong_curvature_control,negative_control,curvature_destroying_control,band_point,18,-0.55,0.794280990127,-1.28692207223,1.15508854322,-1.01631640741,-0.360807553093,-0.270605664819,,,,,,,,,,,,BAND_POINT_RECORDED
wrong_curvature_control,negative_control,curvature_destroying_control,band_point,19,-0.525,0.781181128082,-1.24060470286,1.11766036595,-0.988245274462,-0.336479237867,-0.2523594284,,,,,,,,,,,,BAND_POINT_RECORDED
wrong_curvature_control,negative_control,curvature_destroying_control,band_point,20,-0.5,0.768,-1.194,1.08,-0.96,-0.312,-0.234,,,,,,,,,,,,BAND_POINT_RECORDED
wrong_curvature_control,negative_control,curvature_destroying_control,band_point,21,-0.475,0.754818871918,-1.14739529714,1.04233963405,-0.931754725538,-0.287520762133,-0.2156405716,,,,,,,,,,,,BAND_POINT_RECORDED
wrong_curvature_control,negative_control,curvature_destroying_control,band_point,22,-0.45,0.741719009873,-1.10107792777,1.00491145678,-0.903683592586,-0.263192446907,-0.197394335181,,,,,,,,,,,,BAND_POINT_RECORDED
wrong_curvature_control,negative_control,curvature_destroying_control,band_point,23,-0.425,0.728781178872,-1.05533345387,0.967946225349,-0.875959669012,-0.239165046477,-0.179373784858,,,,,,,,,,,,BAND_POINT_RECORDED
wrong_curvature_control,negative_control,curvature_destroying_control,band_point,24,-0.4,0.716085144945,-1.01044390534,0.9316718427,-0.848753882025,-0.215586697755,-0.161690023316,,,,,,,,,,,,BAND_POINT_RECORDED
wrong_curvature_control,negative_control,curvature_destroying_control,band_point,25,-0.375,0.703709183363,-0.966686041175,0.896311952465,-0.822233964349,-0.192602769102,-0.144452076827,,,,,,,,,,,,BAND_POINT_RECORDED
wrong_curvature_control,negative_control,curvature_destroying_control,band_point,26,-0.35,0.691729596044,-0.924329643155,0.862084560125,-0.796563420094,-0.170354964081,-0.127766223061,,,,,,,,,,,,BAND_POINT_RECORDED
wrong_curvature_control,negative_control,curvature_destroying_control,band_point,27,-0.325,0.680220241128,-0.883635852559,0.829200688936,-0.771900516702,-0.148980447809,-0.111735335856,,,,,,,,,,,,BAND_POINT_RECORDED
wrong_curvature_control,negative_control,curvature_destroying_control,band_point,28,-0.3,0.669252077615,-0.844855560138,0.7978630789,-0.748397309175,-0.128611001285,-0.0964582509636,,,,,,,,,,,,BAND_POINT_RECORDED
wrong_curvature_control,negative_control,curvature_destroying_control,band_point,29,-0.275,0.658892727881,-0.808227859292,0.768264936802,-0.726198702601,-0.109372208921,-0.0820291566907,,,,,,,,,,,,BAND_POINT_RECORDED
wrong_curvature_control,negative_control,curvature_destroying_control,band_point,30,-0.25,0.649206060761,-0.773978571975,0.74058874503,-0.705441558773,-0.0913826842698,-0.0685370132023,,,,,,,,,,,,BAND_POINT_RECORDED
wrong_curvature_control,negative_control,curvature_destroying_control,band_point,31,-0.225,0.640251797779,-0.742318856434,0.715005136512,-0.686253852384,-0.0747533387328,-0.0560650040496,,,,,,,,,,,,BAND_POINT_RECORDED
wrong_curvature_control,negative_control,curvature_destroying_control,band_point,32,-0.2,0.632085144945,-0.713443905341,0.6916718427,-0.668753882025,-0.059586697755,-0.0446900233163,,,,,,,,,,,,BAND_POINT_RECORDED
wrong_curvature_control,negative_control,curvature_destroying_control,band_point,33,-0.175,0.624756452389,-0.687531742374,0.67073272111,-0.653049540833,-0.0459762687215,-0.0344822015411,,,,,,,,,,,,BAND_POINT_RECORDED
wrong_curvature_control,negative_control,curvature_destroying_control,band_point,34,-0.15,0.618310903936,-0.664742124632,0.65231686839,-0.639237651292,-0.0340059644532,-0.0255044733399,,,,,,,,,,,,BAND_POINT_RECORDED
wrong_curvature_control,negative_control,curvature_destroying_control,band_point,35,-0.125,0.612788238538,-0.645215557688,0.636537824395,-0.627403368296,-0.0237495858565,-0.0178121893924,,,,,,,,,,,,BAND_POINT_RECORDED
wrong_curvature_control,negative_control,curvature_destroying_control,band_point,36,-0.1,0.608222505262,-0.629072429321,0.623492872178,-0.617619654134,-0.0152703669159,-0.0114527751869,,,,,,,,,,,,BAND_POINT_RECORDED
wrong_curvature_control,negative_control,curvature_destroying_control,band_point,37,-0.075,0.604641853373,-0.616412267284,0.613262438209,-0.609946828657,-0.00862058483592,-0.00646543862694,,,,,,,,,,,,BAND_POINT_RECORDED
wrong_curvature_control,negative_control,curvature_destroying_control,band_point,38,-0.05,0.60206835878,-0.607313125686,0.605909596514,-0.604432197386,-0.00384123773432,-0.00288092830074,,,,,,,,,,,,BAND_POINT_RECORDED
wrong_curvature_control,negative_control,curvature_destroying_control,band_point,39,-0.025,0.600517887933,-0.601831103763,0.601479679808,-0.601109759856,-0.000961791875264,-0.000721343906448,,,,,,,,,,,,BAND_POINT_RECORDED
wrong_curvature_control,negative_control,curvature_destroying_control,band_point,40,0,0.6,-0.6,0.6,-0.6,0,0,,,,,,,,,,,,BAND_POINT_RECORDED
wrong_curvature_control,negative_control,curvature_destroying_control,band_point,41,0.025,0.600517887933,-0.601831103763,0.601479679808,-0.601109759856,-0.000961791875264,-0.000721343906448,,,,,,,,,,,,BAND_POINT_RECORDED
wrong_curvature_control,negative_control,curvature_destroying_control,band_point,42,0.05,0.60206835878,-0.607313125686,0.605909596514,-0.604432197386,-0.00384123773432,-0.00288092830074,,,,,,,,,,,,BAND_POINT_RECORDED
wrong_curvature_control,negative_control,curvature_destroying_control,band_point,43,0.075,0.604641853373,-0.616412267284,0.613262438209,-0.609946828657,-0.00862058483592,-0.00646543862694,,,,,,,,,,,,BAND_POINT_RECORDED
wrong_curvature_control,negative_control,curvature_destroying_control,band_point,44,0.1,0.608222505262,-0.629072429321,0.623492872178,-0.617619654134,-0.0152703669159,-0.0114527751869,,,,,,,,,,,,BAND_POINT_RECORDED
wrong_curvature_control,negative_control,curvature_destroying_control,band_point,45,0.125,0.612788238538,-0.645215557688,0.636537824395,-0.627403368296,-0.0237495858565,-0.0178121893924,,,,,,,,,,,,BAND_POINT_RECORDED
wrong_curvature_control,negative_control,curvature_destroying_control,band_point,46,0.15,0.618310903936,-0.664742124632,0.65231686839,-0.639237651292,-0.0340059644532,-0.0255044733399,,,,,,,,,,,,BAND_POINT_RECORDED
wrong_curvature_control,negative_control,curvature_destroying_control,band_point,47,0.175,0.624756452389,-0.687531742374,0.67073272111,-0.653049540833,-0.0459762687215,-0.0344822015411,,,,,,,,,,,,BAND_POINT_RECORDED
wrong_curvature_control,negative_control,curvature_destroying_control,band_point,48,0.2,0.632085144945,-0.713443905341,0.6916718427,-0.668753882025,-0.059586697755,-0.0446900233163,,,,,,,,,,,,BAND_POINT_RECORDED
wrong_curvature_control,negative_control,curvature_destroying_control,band_point,49,0.225,0.640251797779,-0.742318856434,0.715005136512,-0.686253852384,-0.0747533387328,-0.0560650040496,,,,,,,,,,,,BAND_POINT_RECORDED
wrong_curvature_control,negative_control,curvature_destroying_control,band_point,50,0.25,0.649206060761,-0.773978571975,0.74058874503,-0.705441558773,-0.0913826842698,-0.0685370132023,,,,,,,,,,,,BAND_POINT_RECORDED
wrong_curvature_control,negative_control,curvature_destroying_control,band_point,51,0.275,0.658892727881,-0.808227859292,0.768264936802,-0.726198702601,-0.109372208921,-0.0820291566907,,,,,,,,,,,,BAND_POINT_RECORDED
wrong_curvature_control,negative_control,curvature_destroying_control,band_point,52,0.3,0.669252077615,-0.844855560138,0.7978630789,-0.748397309175,-0.128611001285,-0.0964582509636,,,,,,,,,,,,BAND_POINT_RECORDED
wrong_curvature_control,negative_control,curvature_destroying_control,band_point,53,0.325,0.680220241128,-0.883635852559,0.829200688936,-0.771900516702,-0.148980447809,-0.111735335856,,,,,,,,,,,,BAND_POINT_RECORDED
wrong_curvature_control,negative_control,curvature_destroying_control,band_point,54,0.35,0.691729596044,-0.924329643155,0.862084560125,-0.796563420094,-0.170354964081,-0.127766223061,,,,,,,,,,,,BAND_POINT_RECORDED
wrong_curvature_control,negative_control,curvature_destroying_control,band_point,55,0.375,0.703709183363,-0.966686041175,0.896311952465,-0.822233964349,-0.192602769102,-0.144452076827,,,,,,,,,,,,BAND_POINT_RECORDED
wrong_curvature_control,negative_control,curvature_destroying_control,band_point,56,0.4,0.716085144945,-1.01044390534,0.9316718427,-0.848753882025,-0.215586697755,-0.161690023316,,,,,,,,,,,,BAND_POINT_RECORDED
wrong_curvature_control,negative_control,curvature_destroying_control,band_point,57,0.425,0.728781178872,-1.05533345387,0.967946225349,-0.875959669012,-0.239165046477,-0.179373784858,,,,,,,,,,,,BAND_POINT_RECORDED
wrong_curvature_control,negative_control,curvature_destroying_control,band_point,58,0.45,0.741719009873,-1.10107792777,1.00491145678,-0.903683592586,-0.263192446907,-0.197394335181,,,,,,,,,,,,BAND_POINT_RECORDED
wrong_curvature_control,negative_control,curvature_destroying_control,band_point,59,0.475,0.754818871918,-1.14739529714,1.04233963405,-0.931754725538,-0.287520762133,-0.2156405716,,,,,,,,,,,,BAND_POINT_RECORDED
wrong_curvature_control,negative_control,curvature_destroying_control,band_point,60,0.5,0.768,-1.194,1.08,-0.96,-0.312,-0.234,,,,,,,,,,,,BAND_POINT_RECORDED
wrong_curvature_control,negative_control,curvature_destroying_control,band_point,61,0.525,0.781181128082,-1.24060470286,1.11766036595,-0.988245274462,-0.336479237867,-0.2523594284,,,,,,,,,,,,BAND_POINT_RECORDED
wrong_curvature_control,negative_control,curvature_destroying_control,band_point,62,0.55,0.794280990127,-1.28692207223,1.15508854322,-1.01631640741,-0.360807553093,-0.270605664819,,,,,,,,,,,,BAND_POINT_RECORDED
wrong_curvature_control,negative_control,curvature_destroying_control,band_point,63,0.575,0.807218821128,-1.33266654613,1.19205377465,-1.04404033099,-0.384834953523,-0.288626215142,,,,,,,,,,,,BAND_POINT_RECORDED
wrong_curvature_control,negative_control,curvature_destroying_control,band_point,64,0.6,0.819914855055,-1.37755609466,1.2283281573,-1.07124611797,-0.408413302245,-0.306309976684,,,,,,,,,,,,BAND_POINT_RECORDED
wrong_curvature_control,negative_control,curvature_destroying_control,band_point,65,0.625,0.832290816637,-1.42131395882,1.26368804754,-1.09776603565,-0.431397230898,-0.323547923173,,,,,,,,,,,,BAND_POINT_RECORDED
wrong_curvature_control,negative_control,curvature_destroying_control,band_point,66,0.65,0.844270403956,-1.46367035685,1.29791543987,-1.12343657991,-0.453645035919,-0.340233776939,,,,,,,,,,,,BAND_POINT_RECORDED
wrong_curvature_control,negative_control,curvature_destroying_control,band_point,67,0.675,0.855779758872,-1.50436414744,1.33079931106,-1.1480994833,-0.475019552191,-0.356264664144,,,,,,,,,,,,BAND_POINT_RECORDED
wrong_curvature_control,negative_control,curvature_destroying_control,band_point,68,0.7,0.866747922385,-1.54314443986,1.3621369211,-1.17160269083,-0.495388998715,-0.371541749036,,,,,,,,,,,,BAND_POINT_RECORDED
wrong_curvature_control,negative_control,curvature_destroying_control,band_point,69,0.725,0.877107272119,-1.57977214071,1.3917350632,-1.1938012974,-0.514627791079,-0.385970843309,,,,,,,,,,,,BAND_POINT_RECORDED
wrong_curvature_control,negative_control,curvature_destroying_control,band_point,70,0.75,0.886793939239,-1.61402142802,1.41941125497,-1.21455844123,-0.53261731573,-0.399462986798,,,,,,,,,,,,BAND_POINT_RECORDED
wrong_curvature_control,negative_control,curvature_destroying_control,band_point,71,0.775,0.895748202221,-1.64568114357,1.44499486349,-1.23374614762,-0.549246661267,-0.41193499595,,,,,,,,,,,,BAND_POINT_RECORDED
wrong_curvature_control,negative_control,curvature_destroying_control,band_point,72,0.8,0.903914855055,-1.67455609466,1.4683281573,-1.25124611797,-0.564413302245,-0.423309976684,,,,,,,,,,,,BAND_POINT_RECORDED
wrong_curvature_control,negative_control,curvature_destroying_control,band_point,73,0.825,0.911243547611,-1.70046825763,1.48926727889,-1.26695045917,-0.578023731278,-0.433517798459,,,,,,,,,,,,BAND_POINT_RECORDED
wrong_curvature_control,negative_control,curvature_destroying_control,band_point,74,0.85,0.917689096064,-1.72325787537,1.50768313161,-1.28076234871,-0.589994035547,-0.44249552666,,,,,,,,,,,,BAND_POINT_RECORDED
wrong_curvature_control,negative_control,curvature_destroying_control,band_point,75,0.875,0.923211761462,-1.74278444231,1.52346217561,-1.2925966317,-0.600250414144,-0.450187810608,,,,,,,,,,,,BAND_POINT_RECORDED
wrong_curvature_control,negative_control,curvature_destroying_control,band_point,76,0.9,0.927777494738,-1.75892757068,1.53650712782,-1.30238034587,-0.608729633084,-0.456547224813,,,,,,,,,,,,BAND_POINT_RECORDED
wrong_curvature_control,negative_control,curvature_destroying_control,band_point,77,0.925,0.931358146627,-1.77158773272,1.54673756179,-1.31005317134,-0.615379415164,-0.461534561373,,,,,,,,,,,,BAND_POINT_RECORDED
wrong_curvature_control,negative_control,curvature_destroying_control,band_point,78,0.95,0.93393164122,-1.78068687431,1.55409040349,-1.31556780261,-0.620158762266,-0.465119071699,,,,,,,,,,,,BAND_POINT_RECORDED
wrong_curvature_control,negative_control,curvature_destroying_control,band_point,79,0.975,0.935482112067,-1.78616889624,1.55852032019,-1.31889024014,-0.623038208125,-0.467278656094,,,,,,,,,,,,BAND_POINT_RECORDED
wrong_curvature_control,negative_control,curvature_destroying_control,band_point,80,1,0.936,-1.788,1.56,-1.32,-0.624,-0.468,,,,,,,,,,,,BAND_POINT_RECORDED
flat_band_control,negative_control,dispersion_destroying_control,aggregate,,,,,,,,,1.2,0,-1,-1,0,0,0,1,1,1,0,CONTROL_REJECTED
flat_band_control,negative_control,dispersion_destroying_control,band_point,0,-1,0.6,-0.6,1.56,-1.32,-0.96,0.72,,,,,,,,,,,,BAND_POINT_RECORDED
flat_band_control,negative_control,dispersion_destroying_control,band_point,1,-0.975,0.6,-0.6,1.55852032019,-1.31889024014,-0.958520320192,0.718890240144,,,,,,,,,,,,BAND_POINT_RECORDED
flat_band_control,negative_control,dispersion_destroying_control,band_point,2,-0.95,0.6,-0.6,1.55409040349,-1.31556780261,-0.954090403486,0.715567802614,,,,,,,,,,,,BAND_POINT_RECORDED
flat_band_control,negative_control,dispersion_destroying_control,band_point,3,-0.925,0.6,-0.6,1.54673756179,-1.31005317134,-0.946737561791,0.710053171343,,,,,,,,,,,,BAND_POINT_RECORDED
flat_band_control,negative_control,dispersion_destroying_control,band_point,4,-0.9,0.6,-0.6,1.53650712782,-1.30238034587,-0.936507127822,0.702380345866,,,,,,,,,,,,BAND_POINT_RECORDED
flat_band_control,negative_control,dispersion_destroying_control,band_point,5,-0.875,0.6,-0.6,1.52346217561,-1.2925966317,-0.923462175605,0.692596631704,,,,,,,,,,,,BAND_POINT_RECORDED
flat_band_control,negative_control,dispersion_destroying_control,band_point,6,-0.85,0.6,-0.6,1.50768313161,-1.28076234871,-0.90768313161,0.680762348708,,,,,,,,,,,,BAND_POINT_RECORDED
flat_band_control,negative_control,dispersion_destroying_control,band_point,7,-0.825,0.6,-0.6,1.48926727889,-1.26695045917,-0.88926727889,0.666950459167,,,,,,,,,,,,BAND_POINT_RECORDED
flat_band_control,negative_control,dispersion_destroying_control,band_point,8,-0.8,0.6,-0.6,1.4683281573,-1.25124611797,-0.8683281573,0.651246117975,,,,,,,,,,,,BAND_POINT_RECORDED
flat_band_control,negative_control,dispersion_destroying_control,band_point,9,-0.775,0.6,-0.6,1.44499486349,-1.23374614762,-0.844994863488,0.633746147616,,,,,,,,,,,,BAND_POINT_RECORDED
flat_band_control,negative_control,dispersion_destroying_control,band_point,10,-0.75,0.6,-0.6,1.41941125497,-1.21455844123,-0.81941125497,0.614558441227,,,,,,,,,,,,BAND_POINT_RECORDED
flat_band_control,negative_control,dispersion_destroying_control,band_point,11,-0.725,0.6,-0.6,1.3917350632,-1.1938012974,-0.791735063198,0.593801297399,,,,,,,,,,,,BAND_POINT_RECORDED
flat_band_control,negative_control,dispersion_destroying_control,band_point,12,-0.7,0.6,-0.6,1.3621369211,-1.17160269083,-0.7621369211,0.571602690825,,,,,,,,,,,,BAND_POINT_RECORDED
flat_band_control,negative_control,dispersion_destroying_control,band_point,13,-0.675,0.6,-0.6,1.33079931106,-1.1480994833,-0.730799311064,0.548099483298,,,,,,,,,,,,BAND_POINT_RECORDED
flat_band_control,negative_control,dispersion_destroying_control,band_point,14,-0.65,0.6,-0.6,1.29791543987,-1.12343657991,-0.697915439875,0.523436579906,,,,,,,,,,,,BAND_POINT_RECORDED
flat_band_control,negative_control,dispersion_destroying_control,band_point,15,-0.625,0.6,-0.6,1.26368804754,-1.09776603565,-0.663688047535,0.497766035651,,,,,,,,,,,,BAND_POINT_RECORDED
flat_band_control,negative_control,dispersion_destroying_control,band_point,16,-0.6,0.6,-0.6,1.2283281573,-1.07124611797,-0.6283281573,0.471246117975,,,,,,,,,,,,BAND_POINT_RECORDED
flat_band_control,negative_control,dispersion_destroying_control,band_point,17,-0.575,0.6,-0.6,1.19205377465,-1.04404033099,-0.592053774651,0.444040330988,,,,,,,,,,,,BAND_POINT_RECORDED
flat_band_control,negative_control,dispersion_destroying_control,band_point,18,-0.55,0.6,-0.6,1.15508854322,-1.01631640741,-0.555088543219,0.416316407414,,,,,,,,,,,,BAND_POINT_RECORDED
flat_band_control,negative_control,dispersion_destroying_control,band_point,19,-0.525,0.6,-0.6,1.11766036595,-0.988245274462,-0.517660365949,0.388245274462,,,,,,,,,,,,BAND_POINT_RECORDED
flat_band_control,negative_control,dispersion_destroying_control,band_point,20,-0.5,0.6,-0.6,1.08,-0.96,-0.48,0.36,,,,,,,,,,,,BAND_POINT_RECORDED
flat_band_control,negative_control,dispersion_destroying_control,band_point,21,-0.475,0.6,-0.6,1.04233963405,-0.931754725538,-0.442339634051,0.331754725538,,,,,,,,,,,,BAND_POINT_RECORDED
flat_band_control,negative_control,dispersion_destroying_control,band_point,22,-0.45,0.6,-0.6,1.00491145678,-0.903683592586,-0.404911456781,0.303683592586,,,,,,,,,,,,BAND_POINT_RECORDED
flat_band_control,negative_control,dispersion_destroying_control,band_point,23,-0.425,0.6,-0.6,0.967946225349,-0.875959669012,-0.367946225349,0.275959669012,,,,,,,,,,,,BAND_POINT_RECORDED
flat_band_control,negative_control,dispersion_destroying_control,band_point,24,-0.4,0.6,-0.6,0.9316718427,-0.848753882025,-0.3316718427,0.248753882025,,,,,,,,,,,,BAND_POINT_RECORDED
flat_band_control,negative_control,dispersion_destroying_control,band_point,25,-0.375,0.6,-0.6,0.896311952465,-0.822233964349,-0.296311952465,0.222233964349,,,,,,,,,,,,BAND_POINT_RECORDED
flat_band_control,negative_control,dispersion_destroying_control,band_point,26,-0.35,0.6,-0.6,0.862084560125,-0.796563420094,-0.262084560125,0.196563420094,,,,,,,,,,,,BAND_POINT_RECORDED
flat_band_control,negative_control,dispersion_destroying_control,band_point,27,-0.325,0.6,-0.6,0.829200688936,-0.771900516702,-0.229200688936,0.171900516702,,,,,,,,,,,,BAND_POINT_RECORDED
flat_band_control,negative_control,dispersion_destroying_control,band_point,28,-0.3,0.6,-0.6,0.7978630789,-0.748397309175,-0.1978630789,0.148397309175,,,,,,,,,,,,BAND_POINT_RECORDED
flat_band_control,negative_control,dispersion_destroying_control,band_point,29,-0.275,0.6,-0.6,0.768264936802,-0.726198702601,-0.168264936802,0.126198702601,,,,,,,,,,,,BAND_POINT_RECORDED
flat_band_control,negative_control,dispersion_destroying_control,band_point,30,-0.25,0.6,-0.6,0.74058874503,-0.705441558773,-0.14058874503,0.105441558773,,,,,,,,,,,,BAND_POINT_RECORDED
flat_band_control,negative_control,dispersion_destroying_control,band_point,31,-0.225,0.6,-0.6,0.715005136512,-0.686253852384,-0.115005136512,0.086253852384,,,,,,,,,,,,BAND_POINT_RECORDED
flat_band_control,negative_control,dispersion_destroying_control,band_point,32,-0.2,0.6,-0.6,0.6916718427,-0.668753882025,-0.0916718427,0.068753882025,,,,,,,,,,,,BAND_POINT_RECORDED
flat_band_control,negative_control,dispersion_destroying_control,band_point,33,-0.175,0.6,-0.6,0.67073272111,-0.653049540833,-0.07073272111,0.0530495408325,,,,,,,,,,,,BAND_POINT_RECORDED
flat_band_control,negative_control,dispersion_destroying_control,band_point,34,-0.15,0.6,-0.6,0.65231686839,-0.639237651292,-0.0523168683896,0.0392376512922,,,,,,,,,,,,BAND_POINT_RECORDED
flat_band_control,negative_control,dispersion_destroying_control,band_point,35,-0.125,0.6,-0.6,0.636537824395,-0.627403368296,-0.0365378243946,0.0274033682959,,,,,,,,,,,,BAND_POINT_RECORDED
flat_band_control,negative_control,dispersion_destroying_control,band_point,36,-0.1,0.6,-0.6,0.623492872178,-0.617619654134,-0.0234928721783,0.0176196541337,,,,,,,,,,,,BAND_POINT_RECORDED
flat_band_control,negative_control,dispersion_destroying_control,band_point,37,-0.075,0.6,-0.6,0.613262438209,-0.609946828657,-0.0132624382091,0.00994682865684,,,,,,,,,,,,BAND_POINT_RECORDED
flat_band_control,negative_control,dispersion_destroying_control,band_point,38,-0.05,0.6,-0.6,0.605909596514,-0.604432197386,-0.00590959651433,0.00443219738575,,,,,,,,,,,,BAND_POINT_RECORDED
flat_band_control,negative_control,dispersion_destroying_control,band_point,39,-0.025,0.6,-0.6,0.601479679808,-0.601109759856,-0.0014796798081,0.00110975985607,,,,,,,,,,,,BAND_POINT_RECORDED
flat_band_control,negative_control,dispersion_destroying_control,band_point,40,0,0.6,-0.6,0.6,-0.6,0,0,,,,,,,,,,,,BAND_POINT_RECORDED
flat_band_control,negative_control,dispersion_destroying_control,band_point,41,0.025,0.6,-0.6,0.601479679808,-0.601109759856,-0.0014796798081,0.00110975985607,,,,,,,,,,,,BAND_POINT_RECORDED
flat_band_control,negative_control,dispersion_destroying_control,band_point,42,0.05,0.6,-0.6,0.605909596514,-0.604432197386,-0.00590959651433,0.00443219738575,,,,,,,,,,,,BAND_POINT_RECORDED
flat_band_control,negative_control,dispersion_destroying_control,band_point,43,0.075,0.6,-0.6,0.613262438209,-0.609946828657,-0.0132624382091,0.00994682865684,,,,,,,,,,,,BAND_POINT_RECORDED
flat_band_control,negative_control,dispersion_destroying_control,band_point,44,0.1,0.6,-0.6,0.623492872178,-0.617619654134,-0.0234928721783,0.0176196541337,,,,,,,,,,,,BAND_POINT_RECORDED
flat_band_control,negative_control,dispersion_destroying_control,band_point,45,0.125,0.6,-0.6,0.636537824395,-0.627403368296,-0.0365378243946,0.0274033682959,,,,,,,,,,,,BAND_POINT_RECORDED
flat_band_control,negative_control,dispersion_destroying_control,band_point,46,0.15,0.6,-0.6,0.65231686839,-0.639237651292,-0.0523168683896,0.0392376512922,,,,,,,,,,,,BAND_POINT_RECORDED
flat_band_control,negative_control,dispersion_destroying_control,band_point,47,0.175,0.6,-0.6,0.67073272111,-0.653049540833,-0.07073272111,0.0530495408325,,,,,,,,,,,,BAND_POINT_RECORDED
flat_band_control,negative_control,dispersion_destroying_control,band_point,48,0.2,0.6,-0.6,0.6916718427,-0.668753882025,-0.0916718427,0.068753882025,,,,,,,,,,,,BAND_POINT_RECORDED
flat_band_control,negative_control,dispersion_destroying_control,band_point,49,0.225,0.6,-0.6,0.715005136512,-0.686253852384,-0.115005136512,0.086253852384,,,,,,,,,,,,BAND_POINT_RECORDED
flat_band_control,negative_control,dispersion_destroying_control,band_point,50,0.25,0.6,-0.6,0.74058874503,-0.705441558773,-0.14058874503,0.105441558773,,,,,,,,,,,,BAND_POINT_RECORDED
flat_band_control,negative_control,dispersion_destroying_control,band_point,51,0.275,0.6,-0.6,0.768264936802,-0.726198702601,-0.168264936802,0.126198702601,,,,,,,,,,,,BAND_POINT_RECORDED
flat_band_control,negative_control,dispersion_destroying_control,band_point,52,0.3,0.6,-0.6,0.7978630789,-0.748397309175,-0.1978630789,0.148397309175,,,,,,,,,,,,BAND_POINT_RECORDED
flat_band_control,negative_control,dispersion_destroying_control,band_point,53,0.325,0.6,-0.6,0.829200688936,-0.771900516702,-0.229200688936,0.171900516702,,,,,,,,,,,,BAND_POINT_RECORDED
flat_band_control,negative_control,dispersion_destroying_control,band_point,54,0.35,0.6,-0.6,0.862084560125,-0.796563420094,-0.262084560125,0.196563420094,,,,,,,,,,,,BAND_POINT_RECORDED
flat_band_control,negative_control,dispersion_destroying_control,band_point,55,0.375,0.6,-0.6,0.896311952465,-0.822233964349,-0.296311952465,0.222233964349,,,,,,,,,,,,BAND_POINT_RECORDED
flat_band_control,negative_control,dispersion_destroying_control,band_point,56,0.4,0.6,-0.6,0.9316718427,-0.848753882025,-0.3316718427,0.248753882025,,,,,,,,,,,,BAND_POINT_RECORDED
flat_band_control,negative_control,dispersion_destroying_control,band_point,57,0.425,0.6,-0.6,0.967946225349,-0.875959669012,-0.367946225349,0.275959669012,,,,,,,,,,,,BAND_POINT_RECORDED
flat_band_control,negative_control,dispersion_destroying_control,band_point,58,0.45,0.6,-0.6,1.00491145678,-0.903683592586,-0.404911456781,0.303683592586,,,,,,,,,,,,BAND_POINT_RECORDED
flat_band_control,negative_control,dispersion_destroying_control,band_point,59,0.475,0.6,-0.6,1.04233963405,-0.931754725538,-0.442339634051,0.331754725538,,,,,,,,,,,,BAND_POINT_RECORDED
flat_band_control,negative_control,dispersion_destroying_control,band_point,60,0.5,0.6,-0.6,1.08,-0.96,-0.48,0.36,,,,,,,,,,,,BAND_POINT_RECORDED
flat_band_control,negative_control,dispersion_destroying_control,band_point,61,0.525,0.6,-0.6,1.11766036595,-0.988245274462,-0.517660365949,0.388245274462,,,,,,,,,,,,BAND_POINT_RECORDED
flat_band_control,negative_control,dispersion_destroying_control,band_point,62,0.55,0.6,-0.6,1.15508854322,-1.01631640741,-0.555088543219,0.416316407414,,,,,,,,,,,,BAND_POINT_RECORDED
flat_band_control,negative_control,dispersion_destroying_control,band_point,63,0.575,0.6,-0.6,1.19205377465,-1.04404033099,-0.592053774651,0.444040330988,,,,,,,,,,,,BAND_POINT_RECORDED
flat_band_control,negative_control,dispersion_destroying_control,band_point,64,0.6,0.6,-0.6,1.2283281573,-1.07124611797,-0.6283281573,0.471246117975,,,,,,,,,,,,BAND_POINT_RECORDED
flat_band_control,negative_control,dispersion_destroying_control,band_point,65,0.625,0.6,-0.6,1.26368804754,-1.09776603565,-0.663688047535,0.497766035651,,,,,,,,,,,,BAND_POINT_RECORDED
flat_band_control,negative_control,dispersion_destroying_control,band_point,66,0.65,0.6,-0.6,1.29791543987,-1.12343657991,-0.697915439875,0.523436579906,,,,,,,,,,,,BAND_POINT_RECORDED
flat_band_control,negative_control,dispersion_destroying_control,band_point,67,0.675,0.6,-0.6,1.33079931106,-1.1480994833,-0.730799311064,0.548099483298,,,,,,,,,,,,BAND_POINT_RECORDED
flat_band_control,negative_control,dispersion_destroying_control,band_point,68,0.7,0.6,-0.6,1.3621369211,-1.17160269083,-0.7621369211,0.571602690825,,,,,,,,,,,,BAND_POINT_RECORDED
flat_band_control,negative_control,dispersion_destroying_control,band_point,69,0.725,0.6,-0.6,1.3917350632,-1.1938012974,-0.791735063198,0.593801297399,,,,,,,,,,,,BAND_POINT_RECORDED
flat_band_control,negative_control,dispersion_destroying_control,band_point,70,0.75,0.6,-0.6,1.41941125497,-1.21455844123,-0.81941125497,0.614558441227,,,,,,,,,,,,BAND_POINT_RECORDED
flat_band_control,negative_control,dispersion_destroying_control,band_point,71,0.775,0.6,-0.6,1.44499486349,-1.23374614762,-0.844994863488,0.633746147616,,,,,,,,,,,,BAND_POINT_RECORDED
flat_band_control,negative_control,dispersion_destroying_control,band_point,72,0.8,0.6,-0.6,1.4683281573,-1.25124611797,-0.8683281573,0.651246117975,,,,,,,,,,,,BAND_POINT_RECORDED
flat_band_control,negative_control,dispersion_destroying_control,band_point,73,0.825,0.6,-0.6,1.48926727889,-1.26695045917,-0.88926727889,0.666950459167,,,,,,,,,,,,BAND_POINT_RECORDED
flat_band_control,negative_control,dispersion_destroying_control,band_point,74,0.85,0.6,-0.6,1.50768313161,-1.28076234871,-0.90768313161,0.680762348708,,,,,,,,,,,,BAND_POINT_RECORDED
flat_band_control,negative_control,dispersion_destroying_control,band_point,75,0.875,0.6,-0.6,1.52346217561,-1.2925966317,-0.923462175605,0.692596631704,,,,,,,,,,,,BAND_POINT_RECORDED
flat_band_control,negative_control,dispersion_destroying_control,band_point,76,0.9,0.6,-0.6,1.53650712782,-1.30238034587,-0.936507127822,0.702380345866,,,,,,,,,,,,BAND_POINT_RECORDED
flat_band_control,negative_control,dispersion_destroying_control,band_point,77,0.925,0.6,-0.6,1.54673756179,-1.31005317134,-0.946737561791,0.710053171343,,,,,,,,,,,,BAND_POINT_RECORDED
flat_band_control,negative_control,dispersion_destroying_control,band_point,78,0.95,0.6,-0.6,1.55409040349,-1.31556780261,-0.954090403486,0.715567802614,,,,,,,,,,,,BAND_POINT_RECORDED
flat_band_control,negative_control,dispersion_destroying_control,band_point,79,0.975,0.6,-0.6,1.55852032019,-1.31889024014,-0.958520320192,0.718890240144,,,,,,,,,,,,BAND_POINT_RECORDED
flat_band_control,negative_control,dispersion_destroying_control,band_point,80,1,0.6,-0.6,1.56,-1.32,-0.96,0.72,,,,,,,,,,,,BAND_POINT_RECORDED
band_label_swap_control,negative_control,identity_destroying_control,aggregate,,,,,,,,,-2.88,3.4,-1,-1,0,0,0,0,0,1,0,CONTROL_REJECTED
band_label_swap_control,negative_control,identity_destroying_control,band_point,0,-1,-1.32,1.56,1.56,-1.32,-2.88,2.88,,,,,,,,,,,,BAND_POINT_RECORDED
band_label_swap_control,negative_control,identity_destroying_control,band_point,1,-0.975,-1.31889024014,1.55852032019,1.55852032019,-1.31889024014,-2.87741056034,2.87741056034,,,,,,,,,,,,BAND_POINT_RECORDED
band_label_swap_control,negative_control,identity_destroying_control,band_point,2,-0.95,-1.31556780261,1.55409040349,1.55409040349,-1.31556780261,-2.8696582061,2.8696582061,,,,,,,,,,,,BAND_POINT_RECORDED
band_label_swap_control,negative_control,identity_destroying_control,band_point,3,-0.925,-1.31005317134,1.54673756179,1.54673756179,-1.31005317134,-2.85679073313,2.85679073313,,,,,,,,,,,,BAND_POINT_RECORDED
band_label_swap_control,negative_control,identity_destroying_control,band_point,4,-0.9,-1.30238034587,1.53650712782,1.53650712782,-1.30238034587,-2.83888747369,2.83888747369,,,,,,,,,,,,BAND_POINT_RECORDED
band_label_swap_control,negative_control,identity_destroying_control,band_point,5,-0.875,-1.2925966317,1.52346217561,1.52346217561,-1.2925966317,-2.81605880731,2.81605880731,,,,,,,,,,,,BAND_POINT_RECORDED
band_label_swap_control,negative_control,identity_destroying_control,band_point,6,-0.85,-1.28076234871,1.50768313161,1.50768313161,-1.28076234871,-2.78844548032,2.78844548032,,,,,,,,,,,,BAND_POINT_RECORDED
band_label_swap_control,negative_control,identity_destroying_control,band_point,7,-0.825,-1.26695045917,1.48926727889,1.48926727889,-1.26695045917,-2.75621773806,2.75621773806,,,,,,,,,,,,BAND_POINT_RECORDED
band_label_swap_control,negative_control,identity_destroying_control,band_point,8,-0.8,-1.25124611797,1.4683281573,1.4683281573,-1.25124611797,-2.71957427527,2.71957427527,,,,,,,,,,,,BAND_POINT_RECORDED
band_label_swap_control,negative_control,identity_destroying_control,band_point,9,-0.775,-1.23374614762,1.44499486349,1.44499486349,-1.23374614762,-2.6787410111,2.6787410111,,,,,,,,,,,,BAND_POINT_RECORDED
band_label_swap_control,negative_control,identity_destroying_control,band_point,10,-0.75,-1.21455844123,1.41941125497,1.41941125497,-1.21455844123,-2.6339696962,2.6339696962,,,,,,,,,,,,BAND_POINT_RECORDED
band_label_swap_control,negative_control,identity_destroying_control,band_point,11,-0.725,-1.1938012974,1.3917350632,1.3917350632,-1.1938012974,-2.5855363606,2.5855363606,,,,,,,,,,,,BAND_POINT_RECORDED
band_label_swap_control,negative_control,identity_destroying_control,band_point,12,-0.7,-1.17160269083,1.3621369211,1.3621369211,-1.17160269083,-2.53373961193,2.53373961193,,,,,,,,,,,,BAND_POINT_RECORDED
band_label_swap_control,negative_control,identity_destroying_control,band_point,13,-0.675,-1.1480994833,1.33079931106,1.33079931106,-1.1480994833,-2.47889879436,2.47889879436,,,,,,,,,,,,BAND_POINT_RECORDED
band_label_swap_control,negative_control,identity_destroying_control,band_point,14,-0.65,-1.12343657991,1.29791543987,1.29791543987,-1.12343657991,-2.42135201978,2.42135201978,,,,,,,,,,,,BAND_POINT_RECORDED
band_label_swap_control,negative_control,identity_destroying_control,band_point,15,-0.625,-1.09776603565,1.26368804754,1.26368804754,-1.09776603565,-2.36145408319,2.36145408319,,,,,,,,,,,,BAND_POINT_RECORDED
band_label_swap_control,negative_control,identity_destroying_control,band_point,16,-0.6,-1.07124611797,1.2283281573,1.2283281573,-1.07124611797,-2.29957427527,2.29957427527,,,,,,,,,,,,BAND_POINT_RECORDED
band_label_swap_control,negative_control,identity_destroying_control,band_point,17,-0.575,-1.04404033099,1.19205377465,1.19205377465,-1.04404033099,-2.23609410564,2.23609410564,,,,,,,,,,,,BAND_POINT_RECORDED
band_label_swap_control,negative_control,identity_destroying_control,band_point,18,-0.55,-1.01631640741,1.15508854322,1.15508854322,-1.01631640741,-2.17140495063,2.17140495063,,,,,,,,,,,,BAND_POINT_RECORDED
band_label_swap_control,negative_control,identity_destroying_control,band_point,19,-0.525,-0.988245274462,1.11766036595,1.11766036595,-0.988245274462,-2.10590564041,2.10590564041,,,,,,,,,,,,BAND_POINT_RECORDED
band_label_swap_control,negative_control,identity_destroying_control,band_point,20,-0.5,-0.96,1.08,1.08,-0.96,-2.04,2.04,,,,,,,,,,,,BAND_POINT_RECORDED
band_label_swap_control,negative_control,identity_destroying_control,band_point,21,-0.475,-0.931754725538,1.04233963405,1.04233963405,-0.931754725538,-1.97409435959,1.97409435959,,,,,,,,,,,,BAND_POINT_RECORDED
band_label_swap_control,negative_control,identity_destroying_control,band_point,22,-0.45,-0.903683592586,1.00491145678,1.00491145678,-0.903683592586,-1.90859504937,1.90859504937,,,,,,,,,,,,BAND_POINT_RECORDED
band_label_swap_control,negative_control,identity_destroying_control,band_point,23,-0.425,-0.875959669012,0.967946225349,0.967946225349,-0.875959669012,-1.84390589436,1.84390589436,,,,,,,,,,,,BAND_POINT_RECORDED
band_label_swap_control,negative_control,identity_destroying_control,band_point,24,-0.4,-0.848753882025,0.9316718427,0.9316718427,-0.848753882025,-1.78042572473,1.78042572473,,,,,,,,,,,,BAND_POINT_RECORDED
band_label_swap_control,negative_control,identity_destroying_control,band_point,25,-0.375,-0.822233964349,0.896311952465,0.896311952465,-0.822233964349,-1.71854591681,1.71854591681,,,,,,,,,,,,BAND_POINT_RECORDED
band_label_swap_control,negative_control,identity_destroying_control,band_point,26,-0.35,-0.796563420094,0.862084560125,0.862084560125,-0.796563420094,-1.65864798022,1.65864798022,,,,,,,,,,,,BAND_POINT_RECORDED
band_label_swap_control,negative_control,identity_destroying_control,band_point,27,-0.325,-0.771900516702,0.829200688936,0.829200688936,-0.771900516702,-1.60110120564,1.60110120564,,,,,,,,,,,,BAND_POINT_RECORDED
band_label_swap_control,negative_control,identity_destroying_control,band_point,28,-0.3,-0.748397309175,0.7978630789,0.7978630789,-0.748397309175,-1.54626038807,1.54626038807,,,,,,,,,,,,BAND_POINT_RECORDED
band_label_swap_control,negative_control,identity_destroying_control,band_point,29,-0.275,-0.726198702601,0.768264936802,0.768264936802,-0.726198702601,-1.4944636394,1.4944636394,,,,,,,,,,,,BAND_POINT_RECORDED
band_label_swap_control,negative_control,identity_destroying_control,band_point,30,-0.25,-0.705441558773,0.74058874503,0.74058874503,-0.705441558773,-1.4460303038,1.4460303038,,,,,,,,,,,,BAND_POINT_RECORDED
band_label_swap_control,negative_control,identity_destroying_control,band_point,31,-0.225,-0.686253852384,0.715005136512,0.715005136512,-0.686253852384,-1.4012589889,1.4012589889,,,,,,,,,,,,BAND_POINT_RECORDED
band_label_swap_control,negative_control,identity_destroying_control,band_point,32,-0.2,-0.668753882025,0.6916718427,0.6916718427,-0.668753882025,-1.36042572473,1.36042572473,,,,,,,,,,,,BAND_POINT_RECORDED
band_label_swap_control,negative_control,identity_destroying_control,band_point,33,-0.175,-0.653049540833,0.67073272111,0.67073272111,-0.653049540833,-1.32378226194,1.32378226194,,,,,,,,,,,,BAND_POINT_RECORDED
band_label_swap_control,negative_control,identity_destroying_control,band_point,34,-0.15,-0.639237651292,0.65231686839,0.65231686839,-0.639237651292,-1.29155451968,1.29155451968,,,,,,,,,,,,BAND_POINT_RECORDED
band_label_swap_control,negative_control,identity_destroying_control,band_point,35,-0.125,-0.627403368296,0.636537824395,0.636537824395,-0.627403368296,-1.26394119269,1.26394119269,,,,,,,,,,,,BAND_POINT_RECORDED
band_label_swap_control,negative_control,identity_destroying_control,band_point,36,-0.1,-0.617619654134,0.623492872178,0.623492872178,-0.617619654134,-1.24111252631,1.24111252631,,,,,,,,,,,,BAND_POINT_RECORDED
band_label_swap_control,negative_control,identity_destroying_control,band_point,37,-0.075,-0.609946828657,0.613262438209,0.613262438209,-0.609946828657,-1.22320926687,1.22320926687,,,,,,,,,,,,BAND_POINT_RECORDED
band_label_swap_control,negative_control,identity_destroying_control,band_point,38,-0.05,-0.604432197386,0.605909596514,0.605909596514,-0.604432197386,-1.2103417939,1.2103417939,,,,,,,,,,,,BAND_POINT_RECORDED
band_label_swap_control,negative_control,identity_destroying_control,band_point,39,-0.025,-0.601109759856,0.601479679808,0.601479679808,-0.601109759856,-1.20258943966,1.20258943966,,,,,,,,,,,,BAND_POINT_RECORDED
band_label_swap_control,negative_control,identity_destroying_control,band_point,40,0,-0.6,0.6,0.6,-0.6,-1.2,1.2,,,,,,,,,,,,BAND_POINT_RECORDED
band_label_swap_control,negative_control,identity_destroying_control,band_point,41,0.025,-0.601109759856,0.601479679808,0.601479679808,-0.601109759856,-1.20258943966,1.20258943966,,,,,,,,,,,,BAND_POINT_RECORDED
band_label_swap_control,negative_control,identity_destroying_control,band_point,42,0.05,-0.604432197386,0.605909596514,0.605909596514,-0.604432197386,-1.2103417939,1.2103417939,,,,,,,,,,,,BAND_POINT_RECORDED
band_label_swap_control,negative_control,identity_destroying_control,band_point,43,0.075,-0.609946828657,0.613262438209,0.613262438209,-0.609946828657,-1.22320926687,1.22320926687,,,,,,,,,,,,BAND_POINT_RECORDED
band_label_swap_control,negative_control,identity_destroying_control,band_point,44,0.1,-0.617619654134,0.623492872178,0.623492872178,-0.617619654134,-1.24111252631,1.24111252631,,,,,,,,,,,,BAND_POINT_RECORDED
band_label_swap_control,negative_control,identity_destroying_control,band_point,45,0.125,-0.627403368296,0.636537824395,0.636537824395,-0.627403368296,-1.26394119269,1.26394119269,,,,,,,,,,,,BAND_POINT_RECORDED
band_label_swap_control,negative_control,identity_destroying_control,band_point,46,0.15,-0.639237651292,0.65231686839,0.65231686839,-0.639237651292,-1.29155451968,1.29155451968,,,,,,,,,,,,BAND_POINT_RECORDED
band_label_swap_control,negative_control,identity_destroying_control,band_point,47,0.175,-0.653049540833,0.67073272111,0.67073272111,-0.653049540833,-1.32378226194,1.32378226194,,,,,,,,,,,,BAND_POINT_RECORDED
band_label_swap_control,negative_control,identity_destroying_control,band_point,48,0.2,-0.668753882025,0.6916718427,0.6916718427,-0.668753882025,-1.36042572473,1.36042572473,,,,,,,,,,,,BAND_POINT_RECORDED
band_label_swap_control,negative_control,identity_destroying_control,band_point,49,0.225,-0.686253852384,0.715005136512,0.715005136512,-0.686253852384,-1.4012589889,1.4012589889,,,,,,,,,,,,BAND_POINT_RECORDED
band_label_swap_control,negative_control,identity_destroying_control,band_point,50,0.25,-0.705441558773,0.74058874503,0.74058874503,-0.705441558773,-1.4460303038,1.4460303038,,,,,,,,,,,,BAND_POINT_RECORDED
band_label_swap_control,negative_control,identity_destroying_control,band_point,51,0.275,-0.726198702601,0.768264936802,0.768264936802,-0.726198702601,-1.4944636394,1.4944636394,,,,,,,,,,,,BAND_POINT_RECORDED
band_label_swap_control,negative_control,identity_destroying_control,band_point,52,0.3,-0.748397309175,0.7978630789,0.7978630789,-0.748397309175,-1.54626038807,1.54626038807,,,,,,,,,,,,BAND_POINT_RECORDED
band_label_swap_control,negative_control,identity_destroying_control,band_point,53,0.325,-0.771900516702,0.829200688936,0.829200688936,-0.771900516702,-1.60110120564,1.60110120564,,,,,,,,,,,,BAND_POINT_RECORDED
band_label_swap_control,negative_control,identity_destroying_control,band_point,54,0.35,-0.796563420094,0.862084560125,0.862084560125,-0.796563420094,-1.65864798022,1.65864798022,,,,,,,,,,,,BAND_POINT_RECORDED
band_label_swap_control,negative_control,identity_destroying_control,band_point,55,0.375,-0.822233964349,0.896311952465,0.896311952465,-0.822233964349,-1.71854591681,1.71854591681,,,,,,,,,,,,BAND_POINT_RECORDED
band_label_swap_control,negative_control,identity_destroying_control,band_point,56,0.4,-0.848753882025,0.9316718427,0.9316718427,-0.848753882025,-1.78042572473,1.78042572473,,,,,,,,,,,,BAND_POINT_RECORDED
band_label_swap_control,negative_control,identity_destroying_control,band_point,57,0.425,-0.875959669012,0.967946225349,0.967946225349,-0.875959669012,-1.84390589436,1.84390589436,,,,,,,,,,,,BAND_POINT_RECORDED
band_label_swap_control,negative_control,identity_destroying_control,band_point,58,0.45,-0.903683592586,1.00491145678,1.00491145678,-0.903683592586,-1.90859504937,1.90859504937,,,,,,,,,,,,BAND_POINT_RECORDED
band_label_swap_control,negative_control,identity_destroying_control,band_point,59,0.475,-0.931754725538,1.04233963405,1.04233963405,-0.931754725538,-1.97409435959,1.97409435959,,,,,,,,,,,,BAND_POINT_RECORDED
band_label_swap_control,negative_control,identity_destroying_control,band_point,60,0.5,-0.96,1.08,1.08,-0.96,-2.04,2.04,,,,,,,,,,,,BAND_POINT_RECORDED
band_label_swap_control,negative_control,identity_destroying_control,band_point,61,0.525,-0.988245274462,1.11766036595,1.11766036595,-0.988245274462,-2.10590564041,2.10590564041,,,,,,,,,,,,BAND_POINT_RECORDED
band_label_swap_control,negative_control,identity_destroying_control,band_point,62,0.55,-1.01631640741,1.15508854322,1.15508854322,-1.01631640741,-2.17140495063,2.17140495063,,,,,,,,,,,,BAND_POINT_RECORDED
band_label_swap_control,negative_control,identity_destroying_control,band_point,63,0.575,-1.04404033099,1.19205377465,1.19205377465,-1.04404033099,-2.23609410564,2.23609410564,,,,,,,,,,,,BAND_POINT_RECORDED
band_label_swap_control,negative_control,identity_destroying_control,band_point,64,0.6,-1.07124611797,1.2283281573,1.2283281573,-1.07124611797,-2.29957427527,2.29957427527,,,,,,,,,,,,BAND_POINT_RECORDED
band_label_swap_control,negative_control,identity_destroying_control,band_point,65,0.625,-1.09776603565,1.26368804754,1.26368804754,-1.09776603565,-2.36145408319,2.36145408319,,,,,,,,,,,,BAND_POINT_RECORDED
band_label_swap_control,negative_control,identity_destroying_control,band_point,66,0.65,-1.12343657991,1.29791543987,1.29791543987,-1.12343657991,-2.42135201978,2.42135201978,,,,,,,,,,,,BAND_POINT_RECORDED
band_label_swap_control,negative_control,identity_destroying_control,band_point,67,0.675,-1.1480994833,1.33079931106,1.33079931106,-1.1480994833,-2.47889879436,2.47889879436,,,,,,,,,,,,BAND_POINT_RECORDED
band_label_swap_control,negative_control,identity_destroying_control,band_point,68,0.7,-1.17160269083,1.3621369211,1.3621369211,-1.17160269083,-2.53373961193,2.53373961193,,,,,,,,,,,,BAND_POINT_RECORDED
band_label_swap_control,negative_control,identity_destroying_control,band_point,69,0.725,-1.1938012974,1.3917350632,1.3917350632,-1.1938012974,-2.5855363606,2.5855363606,,,,,,,,,,,,BAND_POINT_RECORDED
band_label_swap_control,negative_control,identity_destroying_control,band_point,70,0.75,-1.21455844123,1.41941125497,1.41941125497,-1.21455844123,-2.6339696962,2.6339696962,,,,,,,,,,,,BAND_POINT_RECORDED
band_label_swap_control,negative_control,identity_destroying_control,band_point,71,0.775,-1.23374614762,1.44499486349,1.44499486349,-1.23374614762,-2.6787410111,2.6787410111,,,,,,,,,,,,BAND_POINT_RECORDED
band_label_swap_control,negative_control,identity_destroying_control,band_point,72,0.8,-1.25124611797,1.4683281573,1.4683281573,-1.25124611797,-2.71957427527,2.71957427527,,,,,,,,,,,,BAND_POINT_RECORDED
band_label_swap_control,negative_control,identity_destroying_control,band_point,73,0.825,-1.26695045917,1.48926727889,1.48926727889,-1.26695045917,-2.75621773806,2.75621773806,,,,,,,,,,,,BAND_POINT_RECORDED
band_label_swap_control,negative_control,identity_destroying_control,band_point,74,0.85,-1.28076234871,1.50768313161,1.50768313161,-1.28076234871,-2.78844548032,2.78844548032,,,,,,,,,,,,BAND_POINT_RECORDED
band_label_swap_control,negative_control,identity_destroying_control,band_point,75,0.875,-1.2925966317,1.52346217561,1.52346217561,-1.2925966317,-2.81605880731,2.81605880731,,,,,,,,,,,,BAND_POINT_RECORDED
band_label_swap_control,negative_control,identity_destroying_control,band_point,76,0.9,-1.30238034587,1.53650712782,1.53650712782,-1.30238034587,-2.83888747369,2.83888747369,,,,,,,,,,,,BAND_POINT_RECORDED
band_label_swap_control,negative_control,identity_destroying_control,band_point,77,0.925,-1.31005317134,1.54673756179,1.54673756179,-1.31005317134,-2.85679073313,2.85679073313,,,,,,,,,,,,BAND_POINT_RECORDED
band_label_swap_control,negative_control,identity_destroying_control,band_point,78,0.95,-1.31556780261,1.55409040349,1.55409040349,-1.31556780261,-2.8696582061,2.8696582061,,,,,,,,,,,,BAND_POINT_RECORDED
band_label_swap_control,negative_control,identity_destroying_control,band_point,79,0.975,-1.31889024014,1.55852032019,1.55852032019,-1.31889024014,-2.87741056034,2.87741056034,,,,,,,,,,,,BAND_POINT_RECORDED
band_label_swap_control,negative_control,identity_destroying_control,band_point,80,1,-1.32,1.56,1.56,-1.32,-2.88,2.88,,,,,,,,,,,,BAND_POINT_RECORDED
k_order_shuffle_control,negative_control,k_order_destroying_control,aggregate,,,,,,,,,1.2,0,-0.5,-0.5,0,0,0,1,1,0.308641975309,0,CONTROL_REJECTED
k_order_shuffle_control,negative_control,k_order_destroying_control,band_point,0,-1,1.56,-1.32,1.56,-1.32,0,0,,,,,,,,,,,,BAND_POINT_RECORDED
k_order_shuffle_control,negative_control,k_order_destroying_control,band_point,1,-0.975,1.55409040349,-1.31556780261,1.55852032019,-1.31889024014,-0.00442991670624,0.00332243752968,,,,,,,,,,,,BAND_POINT_RECORDED
k_order_shuffle_control,negative_control,k_order_destroying_control,band_point,2,-0.95,1.53650712782,-1.30238034587,1.55409040349,-1.31556780261,-0.017583275664,0.013187456748,,,,,,,,,,,,BAND_POINT_RECORDED
k_order_shuffle_control,negative_control,k_order_destroying_control,band_point,3,-0.925,1.50768313161,-1.28076234871,1.54673756179,-1.31005317134,-0.0390544301805,0.0292908226354,,,,,,,,,,,,BAND_POINT_RECORDED
k_order_shuffle_control,negative_control,k_order_destroying_control,band_point,4,-0.9,1.4683281573,-1.25124611797,1.53650712782,-1.30238034587,-0.0681789705217,0.0511342278913,,,,,,,,,,,,BAND_POINT_RECORDED
k_order_shuffle_control,negative_control,k_order_destroying_control,band_point,5,-0.875,1.41941125497,-1.21455844123,1.52346217561,-1.2925966317,-0.104050920636,0.0780381904769,,,,,,,,,,,,BAND_POINT_RECORDED
k_order_shuffle_control,negative_control,k_order_destroying_control,band_point,6,-0.85,1.3621369211,-1.17160269083,1.50768313161,-1.28076234871,-0.14554621051,0.109159657883,,,,,,,,,,,,BAND_POINT_RECORDED
k_order_shuffle_control,negative_control,k_order_destroying_control,band_point,7,-0.825,1.29791543987,-1.12343657991,1.48926727889,-1.26695045917,-0.191351839015,0.143513879261,,,,,,,,,,,,BAND_POINT_RECORDED
k_order_shuffle_control,negative_control,k_order_destroying_control,band_point,8,-0.8,1.2283281573,-1.07124611797,1.4683281573,-1.25124611797,-0.24,0.18,,,,,,,,,,,,BAND_POINT_RECORDED
k_order_shuffle_control,negative_control,k_order_destroying_control,band_point,9,-0.775,1.15508854322,-1.01631640741,1.44499486349,-1.23374614762,-0.289906320269,0.217429740202,,,,,,,,,,,,BAND_POINT_RECORDED
k_order_shuffle_control,negative_control,k_order_destroying_control,band_point,10,-0.75,1.08,-0.96,1.41941125497,-1.21455844123,-0.33941125497,0.254558441227,,,,,,,,,,,,BAND_POINT_RECORDED
k_order_shuffle_control,negative_control,k_order_destroying_control,band_point,11,-0.725,1.00491145678,-0.903683592586,1.3917350632,-1.1938012974,-0.386823606418,0.290117704813,,,,,,,,,,,,BAND_POINT_RECORDED
k_order_shuffle_control,negative_control,k_order_destroying_control,band_point,12,-0.7,0.9316718427,-0.848753882025,1.3621369211,-1.17160269083,-0.4304650784,0.3228488088,,,,,,,,,,,,BAND_POINT_RECORDED
k_order_shuffle_control,negative_control,k_order_destroying_control,band_point,13,-0.675,0.862084560125,-0.796563420094,1.33079931106,-1.1480994833,-0.468714750939,0.351536063204,,,,,,,,,,,,BAND_POINT_RECORDED
k_order_shuffle_control,negative_control,k_order_destroying_control,band_point,14,-0.65,0.7978630789,-0.748397309175,1.29791543987,-1.12343657991,-0.500052360975,0.375039270732,,,,,,,,,,,,BAND_POINT_RECORDED
k_order_shuffle_control,negative_control,k_order_destroying_control,band_point,15,-0.625,0.74058874503,-0.705441558773,1.26368804754,-1.09776603565,-0.523099302505,0.392324476879,,,,,,,,,,,,BAND_POINT_RECORDED
k_order_shuffle_control,negative_control,k_order_destroying_control,band_point,16,-0.6,0.6916718427,-0.668753882025,1.2283281573,-1.07124611797,-0.5366563146,0.40249223595,,,,,,,,,,,,BAND_POINT_RECORDED
k_order_shuffle_control,negative_control,k_order_destroying_control,band_point,17,-0.575,0.65231686839,-0.639237651292,1.19205377465,-1.04404033099,-0.539736906261,0.404802679696,,,,,,,,,,,,BAND_POINT_RECORDED
k_order_shuffle_control,negative_control,k_order_destroying_control,band_point,18,-0.55,0.623492872178,-0.617619654134,1.15508854322,-1.01631640741,-0.531595671041,0.398696753281,,,,,,,,,,,,BAND_POINT_RECORDED
k_order_shuffle_control,negative_control,k_order_destroying_control,band_point,19,-0.525,0.605909596514,-0.604432197386,1.11766036595,-0.988245274462,-0.511750769435,0.383813077076,,,,,,,,,,,,BAND_POINT_RECORDED
k_order_shuffle_control,negative_control,k_order_destroying_control,band_point,20,-0.5,0.6,-0.6,1.08,-0.96,-0.48,0.36,,,,,,,,,,,,BAND_POINT_RECORDED
k_order_shuffle_control,negative_control,k_order_destroying_control,band_point,21,-0.475,0.605909596514,-0.604432197386,1.04233963405,-0.931754725538,-0.436430037536,0.327322528152,,,,,,,,,,,,BAND_POINT_RECORDED
k_order_shuffle_control,negative_control,k_order_destroying_control,band_point,22,-0.45,0.623492872178,-0.617619654134,1.00491145678,-0.903683592586,-0.381418584602,0.286063938452,,,,,,,,,,,,BAND_POINT_RECORDED
k_order_shuffle_control,negative_control,k_order_destroying_control,band_point,23,-0.425,0.65231686839,-0.639237651292,0.967946225349,-0.875959669012,-0.31562935696,0.23672201772,,,,,,,,,,,,BAND_POINT_RECORDED
k_order_shuffle_control,negative_control,k_order_destroying_control,band_point,24,-0.4,0.6916718427,-0.668753882025,0.9316718427,-0.848753882025,-0.24,0.18,,,,,,,,,,,,BAND_POINT_RECORDED
k_order_shuffle_control,negative_control,k_order_destroying_control,band_point,25,-0.375,0.74058874503,-0.705441558773,0.896311952465,-0.822233964349,-0.155723207434,0.116792405576,,,,,,,,,,,,BAND_POINT_RECORDED
k_order_shuffle_control,negative_control,k_order_destroying_control,band_point,26,-0.35,0.7978630789,-0.748397309175,0.862084560125,-0.796563420094,-0.0642214812254,0.0481661109191,,,,,,,,,,,,BAND_POINT_RECORDED
k_order_shuffle_control,negative_control,k_order_destroying_control,band_point,27,-0.325,0.862084560125,-0.796563420094,0.829200688936,-0.771900516702,0.0328838711887,-0.0246629033915,,,,,,,,,,,,BAND_POINT_RECORDED
k_order_shuffle_control,negative_control,k_order_destroying_control,band_point,28,-0.3,0.9316718427,-0.848753882025,0.7978630789,-0.748397309175,0.1338087638,-0.10035657285,,,,,,,,,,,,BAND_POINT_RECORDED
k_order_shuffle_control,negative_control,k_order_destroying_control,band_point,29,-0.275,1.00491145678,-0.903683592586,0.768264936802,-0.726198702601,0.236646519979,-0.177484889984,,,,,,,,,,,,BAND_POINT_RECORDED
k_order_shuffle_control,negative_control,k_order_destroying_control,band_point,30,-0.25,1.08,-0.96,0.74058874503,-0.705441558773,0.33941125497,-0.254558441227,,,,,,,,,,,,BAND_POINT_RECORDED
k_order_shuffle_control,negative_control,k_order_destroying_control,band_point,31,-0.225,1.15508854322,-1.01631640741,0.715005136512,-0.686253852384,0.440083406707,-0.33006255503,,,,,,,,,,,,BAND_POINT_RECORDED
k_order_shuffle_control,negative_control,k_order_destroying_control,band_point,32,-0.2,1.2283281573,-1.07124611797,0.6916718427,-0.668753882025,0.5366563146,-0.40249223595,,,,,,,,,,,,BAND_POINT_RECORDED
k_order_shuffle_control,negative_control,k_order_destroying_control,band_point,33,-0.175,1.29791543987,-1.12343657991,0.67073272111,-0.653049540833,0.627182718765,-0.470387039074,,,,,,,,,,,,BAND_POINT_RECORDED
k_order_shuffle_control,negative_control,k_order_destroying_control,band_point,34,-0.15,1.3621369211,-1.17160269083,0.65231686839,-0.639237651292,0.709820052711,-0.532365039533,,,,,,,,,,,,BAND_POINT_RECORDED
k_order_shuffle_control,negative_control,k_order_destroying_control,band_point,35,-0.125,1.41941125497,-1.21455844123,0.636537824395,-0.627403368296,0.782873430575,-0.587155072931,,,,,,,,,,,,BAND_POINT_RECORDED
k_order_shuffle_control,negative_control,k_order_destroying_control,band_point,36,-0.1,1.4683281573,-1.25124611797,0.623492872178,-0.617619654134,0.844835285122,-0.633626463841,,,,,,,,,,,,BAND_POINT_RECORDED
k_order_shuffle_control,negative_control,k_order_destroying_control,band_point,37,-0.075,1.50768313161,-1.28076234871,0.613262438209,-0.609946828657,0.894420693401,-0.670815520051,,,,,,,,,,,,BAND_POINT_RECORDED
k_order_shuffle_control,negative_control,k_order_destroying_control,band_point,38,-0.05,1.53650712782,-1.30238034587,0.605909596514,-0.604432197386,0.930597531307,-0.697948148481,,,,,,,,,,,,BAND_POINT_RECORDED
k_order_shuffle_control,negative_control,k_order_destroying_control,band_point,39,-0.025,1.55409040349,-1.31556780261,0.601479679808,-0.601109759856,0.952610723678,-0.714458042758,,,,,,,,,,,,BAND_POINT_RECORDED
k_order_shuffle_control,negative_control,k_order_destroying_control,band_point,40,0,1.56,-1.32,0.6,-0.6,0.96,-0.72,,,,,,,,,,,,BAND_POINT_RECORDED
k_order_shuffle_control,negative_control,k_order_destroying_control,band_point,41,0.025,1.55852032019,-1.31889024014,0.601479679808,-0.601109759856,0.957040640384,-0.717780480288,,,,,,,,,,,,BAND_POINT_RECORDED
k_order_shuffle_control,negative_control,k_order_destroying_control,band_point,42,0.05,1.54673756179,-1.31005317134,0.605909596514,-0.604432197386,0.940827965277,-0.705620973957,,,,,,,,,,,,BAND_POINT_RECORDED
k_order_shuffle_control,negative_control,k_order_destroying_control,band_point,43,0.075,1.52346217561,-1.2925966317,0.613262438209,-0.609946828657,0.910199737396,-0.682649803047,,,,,,,,,,,,BAND_POINT_RECORDED
k_order_shuffle_control,negative_control,k_order_destroying_control,band_point,44,0.1,1.48926727889,-1.26695045917,0.623492872178,-0.617619654134,0.865774406712,-0.649330805034,,,,,,,,,,,,BAND_POINT_RECORDED
k_order_shuffle_control,negative_control,k_order_destroying_control,band_point,45,0.125,1.44499486349,-1.23374614762,0.636537824395,-0.627403368296,0.808457039093,-0.60634277932,,,,,,,,,,,,BAND_POINT_RECORDED
k_order_shuffle_control,negative_control,k_order_destroying_control,band_point,46,0.15,1.3917350632,-1.1938012974,0.65231686839,-0.639237651292,0.739418194809,-0.554563646107,,,,,,,,,,,,BAND_POINT_RECORDED
k_order_shuffle_control,negative_control,k_order_destroying_control,band_point,47,0.175,1.33079931106,-1.1480994833,0.67073272111,-0.653049540833,0.660066589954,-0.495049942465,,,,,,,,,,,,BAND_POINT_RECORDED
k_order_shuffle_control,negative_control,k_order_destroying_control,band_point,48,0.2,1.26368804754,-1.09776603565,0.6916718427,-0.668753882025,0.572016204835,-0.429012153626,,,,,,,,,,,,BAND_POINT_RECORDED
k_order_shuffle_control,negative_control,k_order_destroying_control,band_point,49,0.225,1.19205377465,-1.04404033099,0.715005136512,-0.686253852384,0.477048638139,-0.357786478604,,,,,,,,,,,,BAND_POINT_RECORDED
k_order_shuffle_control,negative_control,k_order_destroying_control,band_point,50,0.25,1.11766036595,-0.988245274462,0.74058874503,-0.705441558773,0.377071620919,-0.282803715689,,,,,,,,,,,,BAND_POINT_RECORDED
k_order_shuffle_control,negative_control,k_order_destroying_control,band_point,51,0.275,1.04233963405,-0.931754725538,0.768264936802,-0.726198702601,0.274074697249,-0.205556022937,,,,,,,,,,,,BAND_POINT_RECORDED
k_order_shuffle_control,negative_control,k_order_destroying_control,band_point,52,0.3,0.967946225349,-0.875959669012,0.7978630789,-0.748397309175,0.17008314645,-0.127562359837,,,,,,,,,,,,BAND_POINT_RECORDED
k_order_shuffle_control,negative_control,k_order_destroying_control,band_point,53,0.325,0.896311952465,-0.822233964349,0.829200688936,-0.771900516702,0.0671112635284,-0.0503334476463,,,,,,,,,,,,BAND_POINT_RECORDED
k_order_shuffle_control,negative_control,k_order_destroying_control,band_point,54,0.35,0.829200688936,-0.771900516702,0.862084560125,-0.796563420094,-0.0328838711887,0.0246629033915,,,,,,,,,,,,BAND_POINT_RECORDED
k_order_shuffle_control,negative_control,k_order_destroying_control,band_point,55,0.375,0.768264936802,-0.726198702601,0.896311952465,-0.822233964349,-0.128047015663,0.0960352617474,,,,,,,,,,,,BAND_POINT_RECORDED
k_order_shuffle_control,negative_control,k_order_destroying_control,band_point,56,0.4,0.715005136512,-0.686253852384,0.9316718427,-0.848753882025,-0.216666706188,0.162500029641,,,,,,,,,,,,BAND_POINT_RECORDED
k_order_shuffle_control,negative_control,k_order_destroying_control,band_point,57,0.425,0.67073272111,-0.653049540833,0.967946225349,-0.875959669012,-0.297213504239,0.222910128179,,,,,,,,,,,,BAND_POINT_RECORDED
k_order_shuffle_control,negative_control,k_order_destroying_control,band_point,58,0.45,0.636537824395,-0.627403368296,1.00491145678,-0.903683592586,-0.368373632386,0.27628022429,,,,,,,,,,,,BAND_POINT_RECORDED
k_order_shuffle_control,negative_control,k_order_destroying_control,band_point,59,0.475,0.613262438209,-0.609946828657,1.04233963405,-0.931754725538,-0.429077195842,0.321807896881,,,,,,,,,,,,BAND_POINT_RECORDED
k_order_shuffle_control,negative_control,k_order_destroying_control,band_point,60,0.5,0.601479679808,-0.601109759856,1.08,-0.96,-0.478520320192,0.358890240144,,,,,,,,,,,,BAND_POINT_RECORDED
k_order_shuffle_control,negative_control,k_order_destroying_control,band_point,61,0.525,0.601479679808,-0.601109759856,1.11766036595,-0.988245274462,-0.516180686141,0.387135514606,,,,,,,,,,,,BAND_POINT_RECORDED
k_order_shuffle_control,negative_control,k_order_destroying_control,band_point,62,0.55,0.613262438209,-0.609946828657,1.15508854322,-1.01631640741,-0.54182610501,0.406369578758,,,,,,,,,,,,BAND_POINT_RECORDED
k_order_shuffle_control,negative_control,k_order_destroying_control,band_point,63,0.575,0.636537824395,-0.627403368296,1.19205377465,-1.04404033099,-0.555515950256,0.416636962692,,,,,,,,,,,,BAND_POINT_RECORDED
k_order_shuffle_control,negative_control,k_order_destroying_control,band_point,64,0.6,0.67073272111,-0.653049540833,1.2283281573,-1.07124611797,-0.55759543619,0.418196577142,,,,,,,,,,,,BAND_POINT_RECORDED
k_order_shuffle_control,negative_control,k_order_destroying_control,band_point,65,0.625,0.715005136512,-0.686253852384,1.26368804754,-1.09776603565,-0.548682911023,0.411512183267,,,,,,,,,,,,BAND_POINT_RECORDED
k_order_shuffle_control,negative_control,k_order_destroying_control,band_point,66,0.65,0.768264936802,-0.726198702601,1.29791543987,-1.12343657991,-0.529650503073,0.397237877305,,,,,,,,,,,,BAND_POINT_RECORDED
k_order_shuffle_control,negative_control,k_order_destroying_control,band_point,67,0.675,0.829200688936,-0.771900516702,1.33079931106,-1.1480994833,-0.501598622127,0.376198966595,,,,,,,,,,,,BAND_POINT_RECORDED
k_order_shuffle_control,negative_control,k_order_destroying_control,band_point,68,0.7,0.896311952465,-0.822233964349,1.3621369211,-1.17160269083,-0.465824968636,0.349368726477,,,,,,,,,,,,BAND_POINT_RECORDED
k_order_shuffle_control,negative_control,k_order_destroying_control,band_point,69,0.725,0.967946225349,-0.875959669012,1.3917350632,-1.1938012974,-0.423788837849,0.317841628387,,,,,,,,,,,,BAND_POINT_RECORDED
k_order_shuffle_control,negative_control,k_order_destroying_control,band_point,70,0.75,1.04233963405,-0.931754725538,1.41941125497,-1.21455844123,-0.377071620919,0.282803715689,,,,,,,,,,,,BAND_POINT_RECORDED
k_order_shuffle_control,negative_control,k_order_destroying_control,band_point,71,0.775,1.11766036595,-0.988245274462,1.44499486349,-1.23374614762,-0.327334497539,0.245500873154,,,,,,,,,,,,BAND_POINT_RECORDED
k_order_shuffle_control,negative_control,k_order_destroying_control,band_point,72,0.8,1.19205377465,-1.04404033099,1.4683281573,-1.25124611797,-0.276274382649,0.207205786987,,,,,,,,,,,,BAND_POINT_RECORDED
k_order_shuffle_control,negative_control,k_order_destroying_control,band_point,73,0.825,1.26368804754,-1.09776603565,1.48926727889,-1.26695045917,-0.225579231355,0.169184423516,,,,,,,,,,,,BAND_POINT_RECORDED
k_order_shuffle_control,negative_control,k_order_destroying_control,band_point,74,0.85,1.33079931106,-1.1480994833,1.50768313161,-1.28076234871,-0.176883820547,0.13266286541,,,,,,,,,,,,BAND_POINT_RECORDED
k_order_shuffle_control,negative_control,k_order_destroying_control,band_point,75,0.875,1.3917350632,-1.1938012974,1.52346217561,-1.2925966317,-0.131727112407,0.0987953343052,,,,,,,,,,,,BAND_POINT_RECORDED
k_order_shuffle_control,negative_control,k_order_destroying_control,band_point,76,0.9,1.44499486349,-1.23374614762,1.53650712782,-1.30238034587,-0.0915122643337,0.0686341982502,,,,,,,,,,,,BAND_POINT_RECORDED
k_order_shuffle_control,negative_control,k_order_destroying_control,band_point,77,0.925,1.48926727889,-1.26695045917,1.54673756179,-1.31005317134,-0.0574702829009,0.0431027121757,,,,,,,,,,,,BAND_POINT_RECORDED
k_order_shuffle_control,negative_control,k_order_destroying_control,band_point,78,0.95,1.52346217561,-1.2925966317,1.55409040349,-1.31556780261,-0.0306282278802,0.0229711709102,,,,,,,,,,,,BAND_POINT_RECORDED
k_order_shuffle_control,negative_control,k_order_destroying_control,band_point,79,0.975,1.54673756179,-1.31005317134,1.55852032019,-1.31889024014,-0.011782758401,0.00883706880076,,,,,,,,,,,,BAND_POINT_RECORDED
k_order_shuffle_control,negative_control,k_order_destroying_control,band_point,80,1,1.55852032019,-1.31889024014,1.56,-1.32,-0.0014796798081,0.00110975985607,,,,,,,,,,,,BAND_POINT_RECORDED
