{
  "phase": 5,
  "phase_name": "phase5-readout",
  "input_mode": "frozen_sector",
  "control_class": "stable_frozen_sector",
  "sector_identifier": "phaseIV_stable_smeared_sector",
  "histogram": {
    "bin_edges": [
      0.0,
      0.1,
      0.2,
      0.3,
      0.4,
      0.5,
      0.6,
      0.7,
      0.8,
      0.9,
      1.0
    ],
    "bin_centers": [
      0.05,
      0.15,
      0.25,
      0.35,
      0.45,
      0.55,
      0.65,
      0.75,
      0.85,
      0.95
    ],
    "bin_counts": [
      0,
      0,
      0,
      5,
      96,
      130,
      261,
      233,
      176,
      123
    ],
    "normalized_frequency": [
      0.0,
      0.0,
      0.0,
      0.004883,
      0.09375,
      0.126953,
      0.254883,
      0.227539,
      0.171875,
      0.120117
    ],
    "cumulative_distribution": [
      0.0,
      0.0,
      0.0,
      0.004883,
      0.098633,
      0.225586,
      0.480469,
      0.708008,
      0.879883,
      1.0
    ],
    "summary_statistics": {
      "mean": 0.71327,
      "variance": 0.02064,
      "min": 0.365148,
      "max": 1.0,
      "nonzero_recovery_fraction": 1.0
    },
    "trial_count": 1024
  },
  "artifacts": {
    "stamped_json": "phase5-readout/runs/20260321_152311_phase5_recovery_histogram.json",
    "latest_json": "phase5-readout/runs/phase5_recovery_histogram_latest.json"
  }
}